ISO-10303-21;
HEADER;
/* Generated by software containing ST-Developer
 * from STEP Tools, Inc. (www.steptools.com) 
 */

FILE_DESCRIPTION(
/* description */ (''),
/* implementation_level */ '2;1');

FILE_NAME(
/* name */ 'counterweight-enclosure-steel_v1.0.step',
/* time_stamp */ '2026-08-29T10:50:22-05:00',
/* author */ (''),
/* organization */ (''),
/* preprocessor_version */ 'ST-DEVELOPER v20.1',
/* originating_system */ 'Autodesk Translation Framework v15.8.0.0',
/* authorisation */ '');

FILE_SCHEMA (('AUTOMOTIVE_DESIGN { 1 0 10303 214 3 1 1 }'));
ENDSEC;

DATA;
#10=MECHANICAL_DESIGN_GEOMETRIC_PRESENTATION_REPRESENTATION('',(#13),#5330);
#11=SHAPE_REPRESENTATION_RELATIONSHIP('SRR','None',#5337,#12);
#12=ADVANCED_BREP_SHAPE_REPRESENTATION('',(#14),#5329);
#13=STYLED_ITEM('',(#5346),#14);
#14=MANIFOLD_SOLID_BREP('Body1',#3112);
#15=SPHERICAL_SURFACE('',#3166,3.);
#16=SPHERICAL_SURFACE('',#3170,3.00000000000001);
#17=SPHERICAL_SURFACE('',#3174,3.00000000000001);
#18=SPHERICAL_SURFACE('',#3179,3.);
#19=SPHERICAL_SURFACE('',#3183,3.);
#20=SPHERICAL_SURFACE('',#3188,3.);
#21=B_SPLINE_CURVE_WITH_KNOTS('',3,(#4437,#4438,#4439,#4440,#4441,#4442,
#4443,#4444,#4445,#4446,#4447,#4448,#4449,#4450),.UNSPECIFIED.,.F.,.F.,
(4,2,2,2,2,2,4),(0.859489967054118,0.964350928529349,1.0754893550101,1.29776620797159,
1.52004306093308,1.63118148741383,1.73604244888906),.UNSPECIFIED.);
#22=B_SPLINE_CURVE_WITH_KNOTS('',3,(#4478,#4479,#4480,#4481,#4482,#4483,
#4484,#4485,#4486,#4487,#4488,#4489,#4490,#4491),.UNSPECIFIED.,.F.,.F.,
(4,2,2,2,2,2,4),(0.859489967054119,0.964350928529351,1.0754893550101,1.29776620797159,
1.52004306093308,1.63118148741383,1.73604244888906),.UNSPECIFIED.);
#23=B_SPLINE_CURVE_WITH_KNOTS('',3,(#4555,#4556,#4557,#4558,#4559,#4560,
#4561,#4562),.UNSPECIFIED.,.F.,.F.,(4,2,2,4),(0.859489967054119,0.964350928529351,
1.0754893550101,1.29776620797159),.UNSPECIFIED.);
#24=B_SPLINE_CURVE_WITH_KNOTS('',3,(#4568,#4569,#4570,#4571,#4572,#4573,
#4574,#4575),.UNSPECIFIED.,.F.,.F.,(4,2,2,4),(1.29776620797159,1.52004306093308,
1.63118148741383,1.73604244888906),.UNSPECIFIED.);
#25=B_SPLINE_CURVE_WITH_KNOTS('',3,(#4577,#4578,#4579,#4580,#4581,#4582,
#4583,#4584),.UNSPECIFIED.,.F.,.F.,(4,2,2,4),(0.859489967054119,0.964350928529351,
1.0754893550101,1.29776620797159),.UNSPECIFIED.);
#26=B_SPLINE_CURVE_WITH_KNOTS('',3,(#4587,#4588,#4589,#4590,#4591,#4592,
#4593,#4594),.UNSPECIFIED.,.F.,.F.,(4,2,2,4),(1.29776620797159,1.52004306093308,
1.63118148741383,1.73604244888906),.UNSPECIFIED.);
#27=B_SPLINE_CURVE_WITH_KNOTS('',3,(#4614,#4615,#4616,#4617,#4618,#4619,
#4620,#4621,#4622,#4623,#4624,#4625,#4626,#4627),.UNSPECIFIED.,.F.,.F.,
(4,2,2,2,2,2,4),(0.859489967054119,0.964350928529351,1.0754893550101,1.29776620797159,
1.52004306093308,1.63118148741383,1.73604244888906),.UNSPECIFIED.);
#28=B_SPLINE_CURVE_WITH_KNOTS('',3,(#4633,#4634,#4635,#4636,#4637,#4638,
#4639,#4640,#4641,#4642,#4643,#4644,#4645,#4646),.UNSPECIFIED.,.F.,.F.,
(4,2,2,2,2,2,4),(0.859489967054118,0.96435092852935,1.0754893550101,1.29776620797159,
1.52004306093308,1.63118148741383,1.73604244888906),.UNSPECIFIED.);
#29=B_SPLINE_CURVE_WITH_KNOTS('',3,(#4682,#4683,#4684,#4685,#4686,#4687,
#4688,#4689),.UNSPECIFIED.,.F.,.F.,(4,2,2,4),(0.85948996705412,0.964350928529351,
1.0754893550101,1.29776620797159),.UNSPECIFIED.);
#30=B_SPLINE_CURVE_WITH_KNOTS('',3,(#4697,#4698,#4699,#4700,#4701,#4702,
#4703,#4704),.UNSPECIFIED.,.F.,.F.,(4,2,2,4),(1.29776620797159,1.52004306093308,
1.63118148741383,1.73604244888906),.UNSPECIFIED.);
#31=B_SPLINE_CURVE_WITH_KNOTS('',3,(#4726,#4727,#4728,#4729,#4730,#4731,
#4732,#4733),.UNSPECIFIED.,.F.,.F.,(4,2,2,4),(0.859489967054118,0.96435092852935,
1.0754893550101,1.29776620797159),.UNSPECIFIED.);
#32=B_SPLINE_CURVE_WITH_KNOTS('',3,(#4741,#4742,#4743,#4744,#4745,#4746,
#4747,#4748),.UNSPECIFIED.,.F.,.F.,(4,2,2,4),(1.29776620797159,1.52004306093308,
1.63118148741383,1.73604244888906),.UNSPECIFIED.);
#33=ELLIPSE('',#3151,3.08103221094348,3.);
#34=ELLIPSE('',#3153,3.08103221094348,3.);
#35=ELLIPSE('',#3155,3.24717660087718,3.);
#36=ELLIPSE('',#3157,3.24717660087706,3.);
#37=ELLIPSE('',#3159,3.01741031448825,3.);
#38=ELLIPSE('',#3161,3.01741031448823,3.);
#39=ELLIPSE('',#3163,3.24717660087717,3.);
#40=ELLIPSE('',#3165,3.24717660087717,3.);
#41=ELLIPSE('',#3195,3.24717660087718,3.);
#42=ELLIPSE('',#3200,3.24717660087718,3.);
#43=ELLIPSE('',#3202,3.24717660087717,3.);
#44=ELLIPSE('',#3207,3.24717660087718,3.);
#45=ELLIPSE('',#3210,3.01741031448823,3.);
#46=ELLIPSE('',#3212,3.01741031448826,3.);
#47=ELLIPSE('',#3214,3.24717660087706,3.);
#48=ELLIPSE('',#3216,3.24717660087718,3.);
#49=ELLIPSE('',#3218,3.08103221094348,3.);
#50=ELLIPSE('',#3220,3.08103221094348,3.);
#51=CYLINDRICAL_SURFACE('',#3150,3.);
#52=CYLINDRICAL_SURFACE('',#3152,3.);
#53=CYLINDRICAL_SURFACE('',#3154,3.);
#54=CYLINDRICAL_SURFACE('',#3156,3.);
#55=CYLINDRICAL_SURFACE('',#3158,3.);
#56=CYLINDRICAL_SURFACE('',#3160,3.);
#57=CYLINDRICAL_SURFACE('',#3162,3.);
#58=CYLINDRICAL_SURFACE('',#3164,3.);
#59=CYLINDRICAL_SURFACE('',#3178,3.);
#60=CYLINDRICAL_SURFACE('',#3187,3.);
#61=CYLINDRICAL_SURFACE('',#3192,3.);
#62=CYLINDRICAL_SURFACE('',#3193,3.);
#63=CYLINDRICAL_SURFACE('',#3194,3.);
#64=CYLINDRICAL_SURFACE('',#3196,3.);
#65=CYLINDRICAL_SURFACE('',#3197,3.);
#66=CYLINDRICAL_SURFACE('',#3198,3.);
#67=CYLINDRICAL_SURFACE('',#3199,3.);
#68=CYLINDRICAL_SURFACE('',#3201,3.);
#69=CYLINDRICAL_SURFACE('',#3203,3.);
#70=CYLINDRICAL_SURFACE('',#3204,3.);
#71=CYLINDRICAL_SURFACE('',#3206,3.);
#72=CYLINDRICAL_SURFACE('',#3208,3.);
#73=CYLINDRICAL_SURFACE('',#3209,3.);
#74=CYLINDRICAL_SURFACE('',#3211,3.);
#75=CYLINDRICAL_SURFACE('',#3213,3.);
#76=CYLINDRICAL_SURFACE('',#3215,3.);
#77=CYLINDRICAL_SURFACE('',#3217,3.);
#78=CYLINDRICAL_SURFACE('',#3219,3.);
#79=CYLINDRICAL_SURFACE('',#3221,3.);
#80=CYLINDRICAL_SURFACE('',#3250,2.15);
#81=CYLINDRICAL_SURFACE('',#3261,1.1);
#82=CYLINDRICAL_SURFACE('',#3262,1.1);
#83=CYLINDRICAL_SURFACE('',#3287,1.55);
#84=CYLINDRICAL_SURFACE('',#3289,1.55);
#85=CYLINDRICAL_SURFACE('',#3298,2.15);
#86=CYLINDRICAL_SURFACE('',#3301,2.15);
#87=CYLINDRICAL_SURFACE('',#3303,2.15);
#88=CYLINDRICAL_SURFACE('',#3306,4.);
#89=CYLINDRICAL_SURFACE('',#3309,4.);
#90=CYLINDRICAL_SURFACE('',#3327,1.1);
#91=CYLINDRICAL_SURFACE('',#3329,1.1);
#92=CYLINDRICAL_SURFACE('',#3331,1.1);
#93=CYLINDRICAL_SURFACE('',#3334,1.1);
#94=CYLINDRICAL_SURFACE('',#3349,0.75);
#95=CYLINDRICAL_SURFACE('',#3351,0.75);
#96=CYLINDRICAL_SURFACE('',#3353,0.75);
#97=CYLINDRICAL_SURFACE('',#3355,0.75);
#98=CYLINDRICAL_SURFACE('',#3367,2.1);
#99=CYLINDRICAL_SURFACE('',#3369,2.1);
#100=CYLINDRICAL_SURFACE('',#3371,2.1);
#101=CYLINDRICAL_SURFACE('',#3373,2.1);
#102=CYLINDRICAL_SURFACE('',#3378,2.5);
#103=CYLINDRICAL_SURFACE('',#3383,2.5);
#104=CYLINDRICAL_SURFACE('',#3397,1.55);
#105=CYLINDRICAL_SURFACE('',#3399,1.55);
#106=CYLINDRICAL_SURFACE('',#3407,3.);
#107=CYLINDRICAL_SURFACE('',#3410,3.);
#108=CYLINDRICAL_SURFACE('',#3412,3.);
#109=CYLINDRICAL_SURFACE('',#3415,3.);
#110=FACE_BOUND('',#424,.T.);
#111=FACE_BOUND('',#482,.T.);
#112=FACE_BOUND('',#488,.T.);
#113=FACE_BOUND('',#502,.T.);
#114=FACE_BOUND('',#504,.T.);
#115=FACE_BOUND('',#510,.T.);
#116=FACE_BOUND('',#512,.T.);
#117=FACE_BOUND('',#535,.T.);
#118=FACE_BOUND('',#537,.T.);
#119=FACE_BOUND('',#543,.T.);
#120=FACE_BOUND('',#545,.T.);
#121=FACE_BOUND('',#567,.T.);
#122=FACE_BOUND('',#571,.T.);
#123=FACE_BOUND('',#581,.T.);
#124=FACE_BOUND('',#584,.T.);
#125=FACE_BOUND('',#588,.T.);
#126=FACE_BOUND('',#589,.T.);
#127=FACE_BOUND('',#590,.T.);
#128=FACE_BOUND('',#600,.T.);
#129=FACE_BOUND('',#604,.T.);
#130=FACE_BOUND('',#610,.T.);
#131=(
BOUNDED_CURVE()
B_SPLINE_CURVE(2,(#4371,#4372,#4373),.UNSPECIFIED.,.F.,.F.)
B_SPLINE_CURVE_WITH_KNOTS((3,3),(0.155551701596378,0.343924807584495),
 .UNSPECIFIED.)
CURVE()
GEOMETRIC_REPRESENTATION_ITEM()
RATIONAL_B_SPLINE_CURVE((1.4724409448819,1.73210595052012,1.92783505154642))
REPRESENTATION_ITEM('')
);
#132=(
BOUNDED_CURVE()
B_SPLINE_CURVE(2,(#4388,#4389,#4390),.UNSPECIFIED.,.F.,.F.)
B_SPLINE_CURVE_WITH_KNOTS((3,3),(1.49727045636769,1.68564356234149),
 .UNSPECIFIED.)
CURVE()
GEOMETRIC_REPRESENTATION_ITEM()
RATIONAL_B_SPLINE_CURVE((1.92783505154639,1.73210595053498,1.47244094492138))
REPRESENTATION_ITEM('')
);
#133=CONICAL_SURFACE('',#3135,3.75,0.785398163397447);
#134=CONICAL_SURFACE('',#3139,3.75,0.785398163397448);
#135=CONICAL_SURFACE('',#3222,5.,0.785398163397448);
#136=CONICAL_SURFACE('',#3232,5.,0.785398163397447);
#137=CONICAL_SURFACE('',#3241,5.,0.785398163397449);
#138=CONICAL_SURFACE('',#3307,5.,0.785398163397448);
#139=CIRCLE('',#3128,2.15);
#140=CIRCLE('',#3129,2.15);
#141=CIRCLE('',#3133,3.);
#142=CIRCLE('',#3134,3.);
#143=CIRCLE('',#3136,4.5);
#144=CIRCLE('',#3137,3.);
#145=CIRCLE('',#3140,3.);
#146=CIRCLE('',#3141,4.5);
#147=CIRCLE('',#3143,2.15);
#148=CIRCLE('',#3144,2.15);
#149=CIRCLE('',#3145,1.1);
#150=CIRCLE('',#3148,3.);
#151=CIRCLE('',#3149,3.);
#152=CIRCLE('',#3167,3.00000000000001);
#153=CIRCLE('',#3168,3.);
#154=CIRCLE('',#3169,3.);
#155=CIRCLE('',#3171,3.);
#156=CIRCLE('',#3172,3.00000000000001);
#157=CIRCLE('',#3173,3.);
#158=CIRCLE('',#3175,3.);
#159=CIRCLE('',#3176,3.00000000000001);
#160=CIRCLE('',#3177,3.);
#161=CIRCLE('',#3180,3.);
#162=CIRCLE('',#3181,3.);
#163=CIRCLE('',#3182,3.);
#164=CIRCLE('',#3184,3.00000000000001);
#165=CIRCLE('',#3185,3.);
#166=CIRCLE('',#3186,3.);
#167=CIRCLE('',#3189,3.);
#168=CIRCLE('',#3190,3.);
#169=CIRCLE('',#3191,2.99999999999999);
#170=CIRCLE('',#3205,3.);
#171=CIRCLE('',#3223,4.);
#172=CIRCLE('',#3224,6.);
#173=CIRCLE('',#3225,6.);
#174=CIRCLE('',#3228,6.);
#175=CIRCLE('',#3233,6.);
#176=CIRCLE('',#3234,4.);
#177=CIRCLE('',#3235,6.);
#178=CIRCLE('',#3242,6.);
#179=CIRCLE('',#3243,4.);
#180=CIRCLE('',#3244,6.);
#181=CIRCLE('',#3251,2.15);
#182=CIRCLE('',#3252,2.15);
#183=CIRCLE('',#3254,1.1);
#184=CIRCLE('',#3260,1.1);
#185=CIRCLE('',#3263,1.1);
#186=CIRCLE('',#3268,2.15);
#187=CIRCLE('',#3276,1.55);
#188=CIRCLE('',#3278,1.55);
#189=CIRCLE('',#3284,1.55);
#190=CIRCLE('',#3286,1.55);
#191=CIRCLE('',#3288,1.55);
#192=CIRCLE('',#3290,1.55);
#193=CIRCLE('',#3296,6.);
#194=CIRCLE('',#3299,2.15);
#195=CIRCLE('',#3302,2.15);
#196=CIRCLE('',#3304,2.15);
#197=CIRCLE('',#3308,4.);
#198=CIRCLE('',#3316,1.1);
#199=CIRCLE('',#3318,1.1);
#200=CIRCLE('',#3324,1.1);
#201=CIRCLE('',#3326,1.1);
#202=CIRCLE('',#3328,1.1);
#203=CIRCLE('',#3330,1.1);
#204=CIRCLE('',#3332,1.1);
#205=CIRCLE('',#3335,1.1);
#206=CIRCLE('',#3338,0.75);
#207=CIRCLE('',#3339,0.75);
#208=CIRCLE('',#3340,0.75);
#209=CIRCLE('',#3341,0.75);
#210=CIRCLE('',#3343,0.75);
#211=CIRCLE('',#3344,0.75);
#212=CIRCLE('',#3345,0.75);
#213=CIRCLE('',#3346,0.75);
#214=CIRCLE('',#3360,2.1);
#215=CIRCLE('',#3361,2.1);
#216=CIRCLE('',#3365,2.1);
#217=CIRCLE('',#3366,2.1);
#218=CIRCLE('',#3368,2.1);
#219=CIRCLE('',#3370,2.1);
#220=CIRCLE('',#3372,2.1);
#221=CIRCLE('',#3374,2.1);
#222=CIRCLE('',#3379,2.5);
#223=CIRCLE('',#3380,2.5);
#224=CIRCLE('',#3382,1.55);
#225=CIRCLE('',#3384,2.5);
#226=CIRCLE('',#3385,2.5);
#227=CIRCLE('',#3387,1.55);
#228=CIRCLE('',#3391,3.);
#229=CIRCLE('',#3392,3.);
#230=CIRCLE('',#3393,3.);
#231=CIRCLE('',#3394,3.);
#232=CIRCLE('',#3408,3.);
#233=CIRCLE('',#3411,3.);
#234=CIRCLE('',#3413,3.);
#235=CIRCLE('',#3416,3.);
#236=FACE_OUTER_BOUND('',#415,.T.);
#237=FACE_OUTER_BOUND('',#416,.T.);
#238=FACE_OUTER_BOUND('',#417,.T.);
#239=FACE_OUTER_BOUND('',#418,.T.);
#240=FACE_OUTER_BOUND('',#419,.T.);
#241=FACE_OUTER_BOUND('',#420,.T.);
#242=FACE_OUTER_BOUND('',#421,.T.);
#243=FACE_OUTER_BOUND('',#422,.T.);
#244=FACE_OUTER_BOUND('',#423,.T.);
#245=FACE_OUTER_BOUND('',#425,.T.);
#246=FACE_OUTER_BOUND('',#426,.T.);
#247=FACE_OUTER_BOUND('',#427,.T.);
#248=FACE_OUTER_BOUND('',#428,.T.);
#249=FACE_OUTER_BOUND('',#429,.T.);
#250=FACE_OUTER_BOUND('',#430,.T.);
#251=FACE_OUTER_BOUND('',#431,.T.);
#252=FACE_OUTER_BOUND('',#432,.T.);
#253=FACE_OUTER_BOUND('',#433,.T.);
#254=FACE_OUTER_BOUND('',#434,.T.);
#255=FACE_OUTER_BOUND('',#435,.T.);
#256=FACE_OUTER_BOUND('',#436,.T.);
#257=FACE_OUTER_BOUND('',#437,.T.);
#258=FACE_OUTER_BOUND('',#438,.T.);
#259=FACE_OUTER_BOUND('',#439,.T.);
#260=FACE_OUTER_BOUND('',#440,.T.);
#261=FACE_OUTER_BOUND('',#441,.T.);
#262=FACE_OUTER_BOUND('',#442,.T.);
#263=FACE_OUTER_BOUND('',#443,.T.);
#264=FACE_OUTER_BOUND('',#444,.T.);
#265=FACE_OUTER_BOUND('',#445,.T.);
#266=FACE_OUTER_BOUND('',#446,.T.);
#267=FACE_OUTER_BOUND('',#447,.T.);
#268=FACE_OUTER_BOUND('',#448,.T.);
#269=FACE_OUTER_BOUND('',#449,.T.);
#270=FACE_OUTER_BOUND('',#450,.T.);
#271=FACE_OUTER_BOUND('',#451,.T.);
#272=FACE_OUTER_BOUND('',#452,.T.);
#273=FACE_OUTER_BOUND('',#453,.T.);
#274=FACE_OUTER_BOUND('',#454,.T.);
#275=FACE_OUTER_BOUND('',#455,.T.);
#276=FACE_OUTER_BOUND('',#456,.T.);
#277=FACE_OUTER_BOUND('',#457,.T.);
#278=FACE_OUTER_BOUND('',#458,.T.);
#279=FACE_OUTER_BOUND('',#459,.T.);
#280=FACE_OUTER_BOUND('',#460,.T.);
#281=FACE_OUTER_BOUND('',#461,.T.);
#282=FACE_OUTER_BOUND('',#462,.T.);
#283=FACE_OUTER_BOUND('',#463,.T.);
#284=FACE_OUTER_BOUND('',#464,.T.);
#285=FACE_OUTER_BOUND('',#465,.T.);
#286=FACE_OUTER_BOUND('',#466,.T.);
#287=FACE_OUTER_BOUND('',#467,.T.);
#288=FACE_OUTER_BOUND('',#468,.T.);
#289=FACE_OUTER_BOUND('',#469,.T.);
#290=FACE_OUTER_BOUND('',#470,.T.);
#291=FACE_OUTER_BOUND('',#471,.T.);
#292=FACE_OUTER_BOUND('',#472,.T.);
#293=FACE_OUTER_BOUND('',#473,.T.);
#294=FACE_OUTER_BOUND('',#474,.T.);
#295=FACE_OUTER_BOUND('',#475,.T.);
#296=FACE_OUTER_BOUND('',#476,.T.);
#297=FACE_OUTER_BOUND('',#477,.T.);
#298=FACE_OUTER_BOUND('',#478,.T.);
#299=FACE_OUTER_BOUND('',#479,.T.);
#300=FACE_OUTER_BOUND('',#480,.T.);
#301=FACE_OUTER_BOUND('',#481,.T.);
#302=FACE_OUTER_BOUND('',#483,.T.);
#303=FACE_OUTER_BOUND('',#484,.T.);
#304=FACE_OUTER_BOUND('',#485,.T.);
#305=FACE_OUTER_BOUND('',#486,.T.);
#306=FACE_OUTER_BOUND('',#487,.T.);
#307=FACE_OUTER_BOUND('',#489,.T.);
#308=FACE_OUTER_BOUND('',#490,.T.);
#309=FACE_OUTER_BOUND('',#491,.T.);
#310=FACE_OUTER_BOUND('',#492,.T.);
#311=FACE_OUTER_BOUND('',#493,.T.);
#312=FACE_OUTER_BOUND('',#494,.T.);
#313=FACE_OUTER_BOUND('',#495,.T.);
#314=FACE_OUTER_BOUND('',#496,.T.);
#315=FACE_OUTER_BOUND('',#497,.T.);
#316=FACE_OUTER_BOUND('',#498,.T.);
#317=FACE_OUTER_BOUND('',#499,.T.);
#318=FACE_OUTER_BOUND('',#500,.T.);
#319=FACE_OUTER_BOUND('',#501,.T.);
#320=FACE_OUTER_BOUND('',#503,.T.);
#321=FACE_OUTER_BOUND('',#505,.T.);
#322=FACE_OUTER_BOUND('',#506,.T.);
#323=FACE_OUTER_BOUND('',#507,.T.);
#324=FACE_OUTER_BOUND('',#508,.T.);
#325=FACE_OUTER_BOUND('',#509,.T.);
#326=FACE_OUTER_BOUND('',#511,.T.);
#327=FACE_OUTER_BOUND('',#513,.T.);
#328=FACE_OUTER_BOUND('',#514,.T.);
#329=FACE_OUTER_BOUND('',#515,.T.);
#330=FACE_OUTER_BOUND('',#516,.T.);
#331=FACE_OUTER_BOUND('',#517,.T.);
#332=FACE_OUTER_BOUND('',#518,.T.);
#333=FACE_OUTER_BOUND('',#519,.T.);
#334=FACE_OUTER_BOUND('',#520,.T.);
#335=FACE_OUTER_BOUND('',#521,.T.);
#336=FACE_OUTER_BOUND('',#522,.T.);
#337=FACE_OUTER_BOUND('',#523,.T.);
#338=FACE_OUTER_BOUND('',#524,.T.);
#339=FACE_OUTER_BOUND('',#525,.T.);
#340=FACE_OUTER_BOUND('',#526,.T.);
#341=FACE_OUTER_BOUND('',#527,.T.);
#342=FACE_OUTER_BOUND('',#528,.T.);
#343=FACE_OUTER_BOUND('',#529,.T.);
#344=FACE_OUTER_BOUND('',#530,.T.);
#345=FACE_OUTER_BOUND('',#531,.T.);
#346=FACE_OUTER_BOUND('',#532,.T.);
#347=FACE_OUTER_BOUND('',#533,.T.);
#348=FACE_OUTER_BOUND('',#534,.T.);
#349=FACE_OUTER_BOUND('',#536,.T.);
#350=FACE_OUTER_BOUND('',#538,.T.);
#351=FACE_OUTER_BOUND('',#539,.T.);
#352=FACE_OUTER_BOUND('',#540,.T.);
#353=FACE_OUTER_BOUND('',#541,.T.);
#354=FACE_OUTER_BOUND('',#542,.T.);
#355=FACE_OUTER_BOUND('',#544,.T.);
#356=FACE_OUTER_BOUND('',#546,.T.);
#357=FACE_OUTER_BOUND('',#547,.T.);
#358=FACE_OUTER_BOUND('',#548,.T.);
#359=FACE_OUTER_BOUND('',#549,.T.);
#360=FACE_OUTER_BOUND('',#550,.T.);
#361=FACE_OUTER_BOUND('',#551,.T.);
#362=FACE_OUTER_BOUND('',#552,.T.);
#363=FACE_OUTER_BOUND('',#553,.T.);
#364=FACE_OUTER_BOUND('',#554,.T.);
#365=FACE_OUTER_BOUND('',#555,.T.);
#366=FACE_OUTER_BOUND('',#556,.T.);
#367=FACE_OUTER_BOUND('',#557,.T.);
#368=FACE_OUTER_BOUND('',#558,.T.);
#369=FACE_OUTER_BOUND('',#559,.T.);
#370=FACE_OUTER_BOUND('',#560,.T.);
#371=FACE_OUTER_BOUND('',#561,.T.);
#372=FACE_OUTER_BOUND('',#562,.T.);
#373=FACE_OUTER_BOUND('',#563,.T.);
#374=FACE_OUTER_BOUND('',#564,.T.);
#375=FACE_OUTER_BOUND('',#565,.T.);
#376=FACE_OUTER_BOUND('',#566,.T.);
#377=FACE_OUTER_BOUND('',#568,.T.);
#378=FACE_OUTER_BOUND('',#569,.T.);
#379=FACE_OUTER_BOUND('',#570,.T.);
#380=FACE_OUTER_BOUND('',#572,.T.);
#381=FACE_OUTER_BOUND('',#573,.T.);
#382=FACE_OUTER_BOUND('',#574,.T.);
#383=FACE_OUTER_BOUND('',#575,.T.);
#384=FACE_OUTER_BOUND('',#576,.T.);
#385=FACE_OUTER_BOUND('',#577,.T.);
#386=FACE_OUTER_BOUND('',#578,.T.);
#387=FACE_OUTER_BOUND('',#579,.T.);
#388=FACE_OUTER_BOUND('',#580,.T.);
#389=FACE_OUTER_BOUND('',#582,.T.);
#390=FACE_OUTER_BOUND('',#583,.T.);
#391=FACE_OUTER_BOUND('',#585,.T.);
#392=FACE_OUTER_BOUND('',#586,.T.);
#393=FACE_OUTER_BOUND('',#587,.T.);
#394=FACE_OUTER_BOUND('',#591,.T.);
#395=FACE_OUTER_BOUND('',#592,.T.);
#396=FACE_OUTER_BOUND('',#593,.T.);
#397=FACE_OUTER_BOUND('',#594,.T.);
#398=FACE_OUTER_BOUND('',#595,.T.);
#399=FACE_OUTER_BOUND('',#596,.T.);
#400=FACE_OUTER_BOUND('',#597,.T.);
#401=FACE_OUTER_BOUND('',#598,.T.);
#402=FACE_OUTER_BOUND('',#599,.T.);
#403=FACE_OUTER_BOUND('',#601,.T.);
#404=FACE_OUTER_BOUND('',#602,.T.);
#405=FACE_OUTER_BOUND('',#603,.T.);
#406=FACE_OUTER_BOUND('',#605,.T.);
#407=FACE_OUTER_BOUND('',#606,.T.);
#408=FACE_OUTER_BOUND('',#607,.T.);
#409=FACE_OUTER_BOUND('',#608,.T.);
#410=FACE_OUTER_BOUND('',#609,.T.);
#411=FACE_OUTER_BOUND('',#611,.T.);
#412=FACE_OUTER_BOUND('',#612,.T.);
#413=FACE_OUTER_BOUND('',#613,.T.);
#414=FACE_OUTER_BOUND('',#614,.T.);
#415=EDGE_LOOP('',(#1949,#1950,#1951,#1952));
#416=EDGE_LOOP('',(#1953,#1954,#1955,#1956,#1957,#1958,#1959,#1960));
#417=EDGE_LOOP('',(#1961,#1962,#1963,#1964));
#418=EDGE_LOOP('',(#1965,#1966,#1967,#1968,#1969));
#419=EDGE_LOOP('',(#1970,#1971,#1972,#1973,#1974,#1975));
#420=EDGE_LOOP('',(#1976,#1977,#1978,#1979));
#421=EDGE_LOOP('',(#1980,#1981,#1982,#1983));
#422=EDGE_LOOP('',(#1984,#1985,#1986,#1987));
#423=EDGE_LOOP('',(#1988,#1989,#1990,#1991,#1992,#1993,#1994,#1995));
#424=EDGE_LOOP('',(#1996));
#425=EDGE_LOOP('',(#1997,#1998,#1999,#2000,#2001,#2002,#2003,#2004));
#426=EDGE_LOOP('',(#2005,#2006,#2007,#2008,#2009,#2010));
#427=EDGE_LOOP('',(#2011,#2012,#2013,#2014));
#428=EDGE_LOOP('',(#2015,#2016,#2017,#2018));
#429=EDGE_LOOP('',(#2019,#2020,#2021,#2022,#2023,#2024));
#430=EDGE_LOOP('',(#2025,#2026,#2027,#2028));
#431=EDGE_LOOP('',(#2029,#2030,#2031,#2032));
#432=EDGE_LOOP('',(#2033,#2034,#2035,#2036));
#433=EDGE_LOOP('',(#2037,#2038,#2039,#2040,#2041,#2042));
#434=EDGE_LOOP('',(#2043,#2044,#2045,#2046));
#435=EDGE_LOOP('',(#2047,#2048,#2049));
#436=EDGE_LOOP('',(#2050,#2051,#2052));
#437=EDGE_LOOP('',(#2053,#2054,#2055));
#438=EDGE_LOOP('',(#2056,#2057,#2058,#2059));
#439=EDGE_LOOP('',(#2060,#2061,#2062));
#440=EDGE_LOOP('',(#2063,#2064,#2065));
#441=EDGE_LOOP('',(#2066,#2067,#2068,#2069));
#442=EDGE_LOOP('',(#2070,#2071,#2072));
#443=EDGE_LOOP('',(#2073,#2074,#2075,#2076,#2077,#2078,#2079,#2080,#2081,
#2082));
#444=EDGE_LOOP('',(#2083,#2084,#2085,#2086));
#445=EDGE_LOOP('',(#2087,#2088,#2089,#2090));
#446=EDGE_LOOP('',(#2091,#2092,#2093,#2094));
#447=EDGE_LOOP('',(#2095,#2096,#2097,#2098,#2099,#2100));
#448=EDGE_LOOP('',(#2101,#2102,#2103,#2104,#2105,#2106,#2107,#2108));
#449=EDGE_LOOP('',(#2109,#2110,#2111,#2112));
#450=EDGE_LOOP('',(#2113,#2114,#2115,#2116));
#451=EDGE_LOOP('',(#2117,#2118,#2119,#2120));
#452=EDGE_LOOP('',(#2121,#2122,#2123,#2124,#2125,#2126));
#453=EDGE_LOOP('',(#2127,#2128,#2129,#2130));
#454=EDGE_LOOP('',(#2131,#2132,#2133,#2134));
#455=EDGE_LOOP('',(#2135,#2136,#2137,#2138,#2139,#2140,#2141));
#456=EDGE_LOOP('',(#2142,#2143,#2144,#2145));
#457=EDGE_LOOP('',(#2146,#2147,#2148,#2149));
#458=EDGE_LOOP('',(#2150,#2151,#2152,#2153));
#459=EDGE_LOOP('',(#2154,#2155,#2156,#2157,#2158,#2159,#2160));
#460=EDGE_LOOP('',(#2161,#2162,#2163,#2164));
#461=EDGE_LOOP('',(#2165,#2166,#2167,#2168,#2169,#2170));
#462=EDGE_LOOP('',(#2171,#2172,#2173,#2174,#2175,#2176,#2177,#2178));
#463=EDGE_LOOP('',(#2179,#2180,#2181,#2182));
#464=EDGE_LOOP('',(#2183,#2184,#2185,#2186));
#465=EDGE_LOOP('',(#2187,#2188,#2189,#2190));
#466=EDGE_LOOP('',(#2191,#2192,#2193,#2194));
#467=EDGE_LOOP('',(#2195,#2196,#2197,#2198));
#468=EDGE_LOOP('',(#2199,#2200,#2201,#2202,#2203,#2204,#2205,#2206));
#469=EDGE_LOOP('',(#2207,#2208,#2209,#2210));
#470=EDGE_LOOP('',(#2211,#2212,#2213,#2214));
#471=EDGE_LOOP('',(#2215,#2216,#2217,#2218));
#472=EDGE_LOOP('',(#2219,#2220,#2221,#2222));
#473=EDGE_LOOP('',(#2223,#2224,#2225,#2226));
#474=EDGE_LOOP('',(#2227,#2228,#2229,#2230,#2231,#2232,#2233,#2234));
#475=EDGE_LOOP('',(#2235,#2236,#2237,#2238));
#476=EDGE_LOOP('',(#2239,#2240,#2241,#2242));
#477=EDGE_LOOP('',(#2243,#2244,#2245,#2246));
#478=EDGE_LOOP('',(#2247,#2248,#2249,#2250));
#479=EDGE_LOOP('',(#2251,#2252,#2253,#2254));
#480=EDGE_LOOP('',(#2255,#2256,#2257,#2258,#2259,#2260));
#481=EDGE_LOOP('',(#2261,#2262,#2263,#2264));
#482=EDGE_LOOP('',(#2265));
#483=EDGE_LOOP('',(#2266,#2267,#2268,#2269));
#484=EDGE_LOOP('',(#2270,#2271,#2272,#2273));
#485=EDGE_LOOP('',(#2274,#2275,#2276,#2277));
#486=EDGE_LOOP('',(#2278,#2279,#2280,#2281));
#487=EDGE_LOOP('',(#2282,#2283,#2284,#2285));
#488=EDGE_LOOP('',(#2286));
#489=EDGE_LOOP('',(#2287,#2288,#2289,#2290));
#490=EDGE_LOOP('',(#2291,#2292,#2293,#2294));
#491=EDGE_LOOP('',(#2295));
#492=EDGE_LOOP('',(#2296,#2297,#2298,#2299));
#493=EDGE_LOOP('',(#2300,#2301,#2302,#2303,#2304));
#494=EDGE_LOOP('',(#2305,#2306,#2307,#2308,#2309,#2310));
#495=EDGE_LOOP('',(#2311,#2312,#2313,#2314,#2315));
#496=EDGE_LOOP('',(#2316,#2317,#2318,#2319));
#497=EDGE_LOOP('',(#2320,#2321,#2322,#2323));
#498=EDGE_LOOP('',(#2324,#2325,#2326,#2327));
#499=EDGE_LOOP('',(#2328,#2329,#2330,#2331));
#500=EDGE_LOOP('',(#2332,#2333,#2334,#2335));
#501=EDGE_LOOP('',(#2336,#2337,#2338,#2339));
#502=EDGE_LOOP('',(#2340));
#503=EDGE_LOOP('',(#2341,#2342,#2343,#2344));
#504=EDGE_LOOP('',(#2345));
#505=EDGE_LOOP('',(#2346,#2347,#2348,#2349));
#506=EDGE_LOOP('',(#2350,#2351,#2352,#2353));
#507=EDGE_LOOP('',(#2354,#2355,#2356,#2357));
#508=EDGE_LOOP('',(#2358,#2359,#2360,#2361));
#509=EDGE_LOOP('',(#2362,#2363,#2364,#2365));
#510=EDGE_LOOP('',(#2366));
#511=EDGE_LOOP('',(#2367,#2368,#2369,#2370));
#512=EDGE_LOOP('',(#2371));
#513=EDGE_LOOP('',(#2372,#2373,#2374,#2375));
#514=EDGE_LOOP('',(#2376,#2377,#2378,#2379));
#515=EDGE_LOOP('',(#2380,#2381,#2382,#2383));
#516=EDGE_LOOP('',(#2384,#2385,#2386,#2387));
#517=EDGE_LOOP('',(#2388,#2389,#2390,#2391,#2392,#2393,#2394,#2395,#2396,
#2397,#2398,#2399,#2400,#2401,#2402,#2403,#2404));
#518=EDGE_LOOP('',(#2405,#2406,#2407,#2408));
#519=EDGE_LOOP('',(#2409,#2410,#2411,#2412));
#520=EDGE_LOOP('',(#2413,#2414,#2415,#2416));
#521=EDGE_LOOP('',(#2417,#2418,#2419,#2420,#2421,#2422));
#522=EDGE_LOOP('',(#2423,#2424,#2425,#2426,#2427,#2428,#2429,#2430,#2431,
#2432));
#523=EDGE_LOOP('',(#2433,#2434,#2435,#2436));
#524=EDGE_LOOP('',(#2437,#2438,#2439,#2440));
#525=EDGE_LOOP('',(#2441,#2442,#2443,#2444,#2445,#2446,#2447,#2448,#2449,
#2450));
#526=EDGE_LOOP('',(#2451,#2452,#2453,#2454));
#527=EDGE_LOOP('',(#2455,#2456,#2457,#2458,#2459,#2460,#2461,#2462));
#528=EDGE_LOOP('',(#2463,#2464,#2465,#2466));
#529=EDGE_LOOP('',(#2467,#2468,#2469,#2470,#2471,#2472,#2473,#2474,#2475,
#2476,#2477,#2478,#2479,#2480));
#530=EDGE_LOOP('',(#2481,#2482,#2483,#2484));
#531=EDGE_LOOP('',(#2485,#2486,#2487,#2488));
#532=EDGE_LOOP('',(#2489,#2490,#2491,#2492));
#533=EDGE_LOOP('',(#2493,#2494,#2495,#2496));
#534=EDGE_LOOP('',(#2497,#2498,#2499,#2500));
#535=EDGE_LOOP('',(#2501));
#536=EDGE_LOOP('',(#2502,#2503,#2504,#2505));
#537=EDGE_LOOP('',(#2506));
#538=EDGE_LOOP('',(#2507,#2508,#2509,#2510));
#539=EDGE_LOOP('',(#2511,#2512,#2513,#2514));
#540=EDGE_LOOP('',(#2515,#2516,#2517,#2518));
#541=EDGE_LOOP('',(#2519,#2520,#2521,#2522));
#542=EDGE_LOOP('',(#2523,#2524,#2525,#2526));
#543=EDGE_LOOP('',(#2527));
#544=EDGE_LOOP('',(#2528,#2529,#2530,#2531));
#545=EDGE_LOOP('',(#2532));
#546=EDGE_LOOP('',(#2533,#2534,#2535,#2536));
#547=EDGE_LOOP('',(#2537,#2538,#2539,#2540));
#548=EDGE_LOOP('',(#2541,#2542,#2543,#2544));
#549=EDGE_LOOP('',(#2545));
#550=EDGE_LOOP('',(#2546,#2547,#2548,#2549));
#551=EDGE_LOOP('',(#2550));
#552=EDGE_LOOP('',(#2551,#2552,#2553,#2554,#2555,#2556,#2557,#2558,#2559,
#2560,#2561,#2562,#2563,#2564,#2565,#2566,#2567,#2568,#2569,#2570));
#553=EDGE_LOOP('',(#2571,#2572,#2573,#2574,#2575,#2576,#2577,#2578,#2579,
#2580,#2581,#2582,#2583,#2584,#2585,#2586,#2587,#2588,#2589,#2590));
#554=EDGE_LOOP('',(#2591,#2592,#2593,#2594));
#555=EDGE_LOOP('',(#2595,#2596,#2597,#2598));
#556=EDGE_LOOP('',(#2599,#2600,#2601,#2602));
#557=EDGE_LOOP('',(#2603,#2604,#2605,#2606));
#558=EDGE_LOOP('',(#2607,#2608,#2609,#2610));
#559=EDGE_LOOP('',(#2611,#2612,#2613,#2614));
#560=EDGE_LOOP('',(#2615,#2616,#2617,#2618));
#561=EDGE_LOOP('',(#2619,#2620,#2621,#2622));
#562=EDGE_LOOP('',(#2623,#2624,#2625,#2626));
#563=EDGE_LOOP('',(#2627,#2628,#2629,#2630));
#564=EDGE_LOOP('',(#2631,#2632,#2633,#2634));
#565=EDGE_LOOP('',(#2635,#2636,#2637,#2638));
#566=EDGE_LOOP('',(#2639,#2640,#2641,#2642,#2643,#2644));
#567=EDGE_LOOP('',(#2645));
#568=EDGE_LOOP('',(#2646,#2647,#2648,#2649));
#569=EDGE_LOOP('',(#2650,#2651,#2652,#2653));
#570=EDGE_LOOP('',(#2654,#2655,#2656,#2657,#2658,#2659));
#571=EDGE_LOOP('',(#2660));
#572=EDGE_LOOP('',(#2661,#2662,#2663,#2664));
#573=EDGE_LOOP('',(#2665,#2666,#2667,#2668));
#574=EDGE_LOOP('',(#2669,#2670,#2671,#2672));
#575=EDGE_LOOP('',(#2673,#2674,#2675,#2676));
#576=EDGE_LOOP('',(#2677,#2678,#2679,#2680));
#577=EDGE_LOOP('',(#2681,#2682,#2683,#2684));
#578=EDGE_LOOP('',(#2685,#2686,#2687,#2688));
#579=EDGE_LOOP('',(#2689,#2690,#2691,#2692));
#580=EDGE_LOOP('',(#2693));
#581=EDGE_LOOP('',(#2694));
#582=EDGE_LOOP('',(#2695,#2696,#2697,#2698));
#583=EDGE_LOOP('',(#2699));
#584=EDGE_LOOP('',(#2700));
#585=EDGE_LOOP('',(#2701,#2702,#2703,#2704));
#586=EDGE_LOOP('',(#2705,#2706,#2707,#2708));
#587=EDGE_LOOP('',(#2709,#2710,#2711,#2712,#2713,#2714,#2715,#2716));
#588=EDGE_LOOP('',(#2717,#2718,#2719,#2720,#2721,#2722,#2723,#2724));
#589=EDGE_LOOP('',(#2725,#2726,#2727,#2728));
#590=EDGE_LOOP('',(#2729,#2730,#2731,#2732));
#591=EDGE_LOOP('',(#2733,#2734,#2735,#2736));
#592=EDGE_LOOP('',(#2737,#2738,#2739,#2740));
#593=EDGE_LOOP('',(#2741,#2742,#2743,#2744));
#594=EDGE_LOOP('',(#2745));
#595=EDGE_LOOP('',(#2746,#2747,#2748,#2749));
#596=EDGE_LOOP('',(#2750));
#597=EDGE_LOOP('',(#2751,#2752,#2753,#2754));
#598=EDGE_LOOP('',(#2755,#2756,#2757,#2758));
#599=EDGE_LOOP('',(#2759,#2760,#2761,#2762));
#600=EDGE_LOOP('',(#2763));
#601=EDGE_LOOP('',(#2764,#2765,#2766,#2767));
#602=EDGE_LOOP('',(#2768,#2769,#2770,#2771));
#603=EDGE_LOOP('',(#2772,#2773,#2774,#2775));
#604=EDGE_LOOP('',(#2776));
#605=EDGE_LOOP('',(#2777,#2778,#2779,#2780));
#606=EDGE_LOOP('',(#2781,#2782,#2783,#2784));
#607=EDGE_LOOP('',(#2785,#2786,#2787,#2788));
#608=EDGE_LOOP('',(#2789,#2790,#2791,#2792));
#609=EDGE_LOOP('',(#2793,#2794,#2795,#2796));
#610=EDGE_LOOP('',(#2797,#2798,#2799,#2800,#2801,#2802,#2803,#2804));
#611=EDGE_LOOP('',(#2805,#2806,#2807,#2808));
#612=EDGE_LOOP('',(#2809,#2810,#2811,#2812));
#613=EDGE_LOOP('',(#2813,#2814,#2815,#2816));
#614=EDGE_LOOP('',(#2817,#2818,#2819,#2820,#2821,#2822,#2823,#2824));
#615=LINE('',#4323,#924);
#616=LINE('',#4325,#925);
#617=LINE('',#4327,#926);
#618=LINE('',#4328,#927);
#619=LINE('',#4331,#928);
#620=LINE('',#4335,#929);
#621=LINE('',#4337,#930);
#622=LINE('',#4339,#931);
#623=LINE('',#4342,#932);
#624=LINE('',#4346,#933);
#625=LINE('',#4348,#934);
#626=LINE('',#4350,#935);
#627=LINE('',#4351,#936);
#628=LINE('',#4354,#937);
#629=LINE('',#4356,#938);
#630=LINE('',#4358,#939);
#631=LINE('',#4359,#940);
#632=LINE('',#4362,#941);
#633=LINE('',#4366,#942);
#634=LINE('',#4377,#943);
#635=LINE('',#4381,#944);
#636=LINE('',#4383,#945);
#637=LINE('',#4384,#946);
#638=LINE('',#4395,#947);
#639=LINE('',#4399,#948);
#640=LINE('',#4402,#949);
#641=LINE('',#4407,#950);
#642=LINE('',#4409,#951);
#643=LINE('',#4410,#952);
#644=LINE('',#4412,#953);
#645=LINE('',#4413,#954);
#646=LINE('',#4418,#955);
#647=LINE('',#4421,#956);
#648=LINE('',#4424,#957);
#649=LINE('',#4427,#958);
#650=LINE('',#4430,#959);
#651=LINE('',#4433,#960);
#652=LINE('',#4451,#961);
#653=LINE('',#4453,#962);
#654=LINE('',#4456,#963);
#655=LINE('',#4459,#964);
#656=LINE('',#4462,#965);
#657=LINE('',#4465,#966);
#658=LINE('',#4468,#967);
#659=LINE('',#4471,#968);
#660=LINE('',#4474,#969);
#661=LINE('',#4492,#970);
#662=LINE('',#4494,#971);
#663=LINE('',#4497,#972);
#664=LINE('',#4500,#973);
#665=LINE('',#4503,#974);
#666=LINE('',#4526,#975);
#667=LINE('',#4527,#976);
#668=LINE('',#4543,#977);
#669=LINE('',#4544,#978);
#670=LINE('',#4563,#979);
#671=LINE('',#4564,#980);
#672=LINE('',#4566,#981);
#673=LINE('',#4586,#982);
#674=LINE('',#4596,#983);
#675=LINE('',#4597,#984);
#676=LINE('',#4600,#985);
#677=LINE('',#4602,#986);
#678=LINE('',#4605,#987);
#679=LINE('',#4606,#988);
#680=LINE('',#4608,#989);
#681=LINE('',#4609,#990);
#682=LINE('',#4610,#991);
#683=LINE('',#4628,#992);
#684=LINE('',#4629,#993);
#685=LINE('',#4631,#994);
#686=LINE('',#4647,#995);
#687=LINE('',#4650,#996);
#688=LINE('',#4652,#997);
#689=LINE('',#4656,#998);
#690=LINE('',#4658,#999);
#691=LINE('',#4661,#1000);
#692=LINE('',#4662,#1001);
#693=LINE('',#4664,#1002);
#694=LINE('',#4666,#1003);
#695=LINE('',#4669,#1004);
#696=LINE('',#4672,#1005);
#697=LINE('',#4674,#1006);
#698=LINE('',#4677,#1007);
#699=LINE('',#4678,#1008);
#700=LINE('',#4690,#1009);
#701=LINE('',#4692,#1010);
#702=LINE('',#4696,#1011);
#703=LINE('',#4707,#1012);
#704=LINE('',#4709,#1013);
#705=LINE('',#4713,#1014);
#706=LINE('',#4715,#1015);
#707=LINE('',#4719,#1016);
#708=LINE('',#4721,#1017);
#709=LINE('',#4734,#1018);
#710=LINE('',#4736,#1019);
#711=LINE('',#4740,#1020);
#712=LINE('',#4751,#1021);
#713=LINE('',#4753,#1022);
#714=LINE('',#4756,#1023);
#715=LINE('',#4757,#1024);
#716=LINE('',#4760,#1025);
#717=LINE('',#4768,#1026);
#718=LINE('',#4769,#1027);
#719=LINE('',#4771,#1028);
#720=LINE('',#4773,#1029);
#721=LINE('',#4777,#1030);
#722=LINE('',#4782,#1031);
#723=LINE('',#4784,#1032);
#724=LINE('',#4786,#1033);
#725=LINE('',#4788,#1034);
#726=LINE('',#4792,#1035);
#727=LINE('',#4797,#1036);
#728=LINE('',#4799,#1037);
#729=LINE('',#4806,#1038);
#730=LINE('',#4808,#1039);
#731=LINE('',#4811,#1040);
#732=LINE('',#4815,#1041);
#733=LINE('',#4817,#1042);
#734=LINE('',#4819,#1043);
#735=LINE('',#4820,#1044);
#736=LINE('',#4825,#1045);
#737=LINE('',#4827,#1046);
#738=LINE('',#4828,#1047);
#739=LINE('',#4831,#1048);
#740=LINE('',#4832,#1049);
#741=LINE('',#4835,#1050);
#742=LINE('',#4836,#1051);
#743=LINE('',#4838,#1052);
#744=LINE('',#4843,#1053);
#745=LINE('',#4846,#1054);
#746=LINE('',#4852,#1055);
#747=LINE('',#4854,#1056);
#748=LINE('',#4856,#1057);
#749=LINE('',#4857,#1058);
#750=LINE('',#4859,#1059);
#751=LINE('',#4860,#1060);
#752=LINE('',#4863,#1061);
#753=LINE('',#4866,#1062);
#754=LINE('',#4868,#1063);
#755=LINE('',#4869,#1064);
#756=LINE('',#4874,#1065);
#757=LINE('',#4876,#1066);
#758=LINE('',#4878,#1067);
#759=LINE('',#4879,#1068);
#760=LINE('',#4882,#1069);
#761=LINE('',#4884,#1070);
#762=LINE('',#4885,#1071);
#763=LINE('',#4888,#1072);
#764=LINE('',#4890,#1073);
#765=LINE('',#4891,#1074);
#766=LINE('',#4893,#1075);
#767=LINE('',#4894,#1076);
#768=LINE('',#4904,#1077);
#769=LINE('',#4906,#1078);
#770=LINE('',#4908,#1079);
#771=LINE('',#4909,#1080);
#772=LINE('',#4912,#1081);
#773=LINE('',#4914,#1082);
#774=LINE('',#4915,#1083);
#775=LINE('',#4918,#1084);
#776=LINE('',#4920,#1085);
#777=LINE('',#4921,#1086);
#778=LINE('',#4923,#1087);
#779=LINE('',#4924,#1088);
#780=LINE('',#4933,#1089);
#781=LINE('',#4937,#1090);
#782=LINE('',#4940,#1091);
#783=LINE('',#4945,#1092);
#784=LINE('',#4947,#1093);
#785=LINE('',#4948,#1094);
#786=LINE('',#4953,#1095);
#787=LINE('',#4954,#1096);
#788=LINE('',#4958,#1097);
#789=LINE('',#4961,#1098);
#790=LINE('',#4962,#1099);
#791=LINE('',#4968,#1100);
#792=LINE('',#4970,#1101);
#793=LINE('',#4972,#1102);
#794=LINE('',#4975,#1103);
#795=LINE('',#4978,#1104);
#796=LINE('',#4983,#1105);
#797=LINE('',#4985,#1106);
#798=LINE('',#4987,#1107);
#799=LINE('',#4988,#1108);
#800=LINE('',#4991,#1109);
#801=LINE('',#4993,#1110);
#802=LINE('',#4994,#1111);
#803=LINE('',#4997,#1112);
#804=LINE('',#4999,#1113);
#805=LINE('',#5000,#1114);
#806=LINE('',#5002,#1115);
#807=LINE('',#5003,#1116);
#808=LINE('',#5013,#1117);
#809=LINE('',#5015,#1118);
#810=LINE('',#5017,#1119);
#811=LINE('',#5018,#1120);
#812=LINE('',#5021,#1121);
#813=LINE('',#5023,#1122);
#814=LINE('',#5024,#1123);
#815=LINE('',#5027,#1124);
#816=LINE('',#5029,#1125);
#817=LINE('',#5030,#1126);
#818=LINE('',#5032,#1127);
#819=LINE('',#5033,#1128);
#820=LINE('',#5042,#1129);
#821=LINE('',#5046,#1130);
#822=LINE('',#5051,#1131);
#823=LINE('',#5056,#1132);
#824=LINE('',#5063,#1133);
#825=LINE('',#5065,#1134);
#826=LINE('',#5067,#1135);
#827=LINE('',#5071,#1136);
#828=LINE('',#5073,#1137);
#829=LINE('',#5075,#1138);
#830=LINE('',#5079,#1139);
#831=LINE('',#5081,#1140);
#832=LINE('',#5083,#1141);
#833=LINE('',#5087,#1142);
#834=LINE('',#5089,#1143);
#835=LINE('',#5091,#1144);
#836=LINE('',#5093,#1145);
#837=LINE('',#5095,#1146);
#838=LINE('',#5097,#1147);
#839=LINE('',#5098,#1148);
#840=LINE('',#5104,#1149);
#841=LINE('',#5106,#1150);
#842=LINE('',#5108,#1151);
#843=LINE('',#5110,#1152);
#844=LINE('',#5112,#1153);
#845=LINE('',#5114,#1154);
#846=LINE('',#5116,#1155);
#847=LINE('',#5120,#1156);
#848=LINE('',#5122,#1157);
#849=LINE('',#5124,#1158);
#850=LINE('',#5128,#1159);
#851=LINE('',#5130,#1160);
#852=LINE('',#5132,#1161);
#853=LINE('',#5136,#1162);
#854=LINE('',#5138,#1163);
#855=LINE('',#5139,#1164);
#856=LINE('',#5141,#1165);
#857=LINE('',#5142,#1166);
#858=LINE('',#5144,#1167);
#859=LINE('',#5145,#1168);
#860=LINE('',#5147,#1169);
#861=LINE('',#5148,#1170);
#862=LINE('',#5150,#1171);
#863=LINE('',#5152,#1172);
#864=LINE('',#5154,#1173);
#865=LINE('',#5156,#1174);
#866=LINE('',#5158,#1175);
#867=LINE('',#5160,#1176);
#868=LINE('',#5161,#1177);
#869=LINE('',#5163,#1178);
#870=LINE('',#5165,#1179);
#871=LINE('',#5167,#1180);
#872=LINE('',#5172,#1181);
#873=LINE('',#5180,#1182);
#874=LINE('',#5185,#1183);
#875=LINE('',#5188,#1184);
#876=LINE('',#5193,#1185);
#877=LINE('',#5196,#1186);
#878=LINE('',#5199,#1187);
#879=LINE('',#5201,#1188);
#880=LINE('',#5207,#1189);
#881=LINE('',#5216,#1190);
#882=LINE('',#5224,#1191);
#883=LINE('',#5226,#1192);
#884=LINE('',#5228,#1193);
#885=LINE('',#5229,#1194);
#886=LINE('',#5233,#1195);
#887=LINE('',#5235,#1196);
#888=LINE('',#5237,#1197);
#889=LINE('',#5238,#1198);
#890=LINE('',#5244,#1199);
#891=LINE('',#5248,#1200);
#892=LINE('',#5252,#1201);
#893=LINE('',#5255,#1202);
#894=LINE('',#5258,#1203);
#895=LINE('',#5260,#1204);
#896=LINE('',#5262,#1205);
#897=LINE('',#5263,#1206);
#898=LINE('',#5264,#1207);
#899=LINE('',#5265,#1208);
#900=LINE('',#5268,#1209);
#901=LINE('',#5270,#1210);
#902=LINE('',#5271,#1211);
#903=LINE('',#5274,#1212);
#904=LINE('',#5276,#1213);
#905=LINE('',#5277,#1214);
#906=LINE('',#5279,#1215);
#907=LINE('',#5282,#1216);
#908=LINE('',#5285,#1217);
#909=LINE('',#5287,#1218);
#910=LINE('',#5290,#1219);
#911=LINE('',#5292,#1220);
#912=LINE('',#5298,#1221);
#913=LINE('',#5299,#1222);
#914=LINE('',#5302,#1223);
#915=LINE('',#5303,#1224);
#916=LINE('',#5307,#1225);
#917=LINE('',#5312,#1226);
#918=LINE('',#5313,#1227);
#919=LINE('',#5316,#1228);
#920=LINE('',#5317,#1229);
#921=LINE('',#5321,#1230);
#922=LINE('',#5323,#1231);
#923=LINE('',#5325,#1232);
#924=VECTOR('',#3424,10.);
#925=VECTOR('',#3425,10.);
#926=VECTOR('',#3426,10.);
#927=VECTOR('',#3427,10.);
#928=VECTOR('',#3430,10.);
#929=VECTOR('',#3433,10.);
#930=VECTOR('',#3434,10.);
#931=VECTOR('',#3435,10.);
#932=VECTOR('',#3438,10.);
#933=VECTOR('',#3441,10.);
#934=VECTOR('',#3442,10.);
#935=VECTOR('',#3443,10.);
#936=VECTOR('',#3444,10.);
#937=VECTOR('',#3447,10.);
#938=VECTOR('',#3448,10.);
#939=VECTOR('',#3449,10.);
#940=VECTOR('',#3450,10.);
#941=VECTOR('',#3453,10.);
#942=VECTOR('',#3456,10.);
#943=VECTOR('',#3463,10.);
#944=VECTOR('',#3468,10.);
#945=VECTOR('',#3469,10.);
#946=VECTOR('',#3470,10.);
#947=VECTOR('',#3479,10.);
#948=VECTOR('',#3482,10.);
#949=VECTOR('',#3485,10.);
#950=VECTOR('',#3490,10.);
#951=VECTOR('',#3491,10.);
#952=VECTOR('',#3492,10.);
#953=VECTOR('',#3493,10.);
#954=VECTOR('',#3494,10.);
#955=VECTOR('',#3499,10.);
#956=VECTOR('',#3502,10.);
#957=VECTOR('',#3505,10.);
#958=VECTOR('',#3508,10.);
#959=VECTOR('',#3511,10.);
#960=VECTOR('',#3514,10.);
#961=VECTOR('',#3517,10.);
#962=VECTOR('',#3518,10.);
#963=VECTOR('',#3521,10.);
#964=VECTOR('',#3524,10.);
#965=VECTOR('',#3527,10.);
#966=VECTOR('',#3530,10.);
#967=VECTOR('',#3533,10.);
#968=VECTOR('',#3536,10.);
#969=VECTOR('',#3539,10.);
#970=VECTOR('',#3542,10.);
#971=VECTOR('',#3543,10.);
#972=VECTOR('',#3546,10.);
#973=VECTOR('',#3549,10.);
#974=VECTOR('',#3552,10.);
#975=VECTOR('',#3579,10.);
#976=VECTOR('',#3580,10.);
#977=VECTOR('',#3599,10.);
#978=VECTOR('',#3600,10.);
#979=VECTOR('',#3611,10.);
#980=VECTOR('',#3612,10.);
#981=VECTOR('',#3613,10.);
#982=VECTOR('',#3614,10.);
#983=VECTOR('',#3617,10.);
#984=VECTOR('',#3618,10.);
#985=VECTOR('',#3621,10.);
#986=VECTOR('',#3622,10.);
#987=VECTOR('',#3627,10.);
#988=VECTOR('',#3628,10.);
#989=VECTOR('',#3631,10.);
#990=VECTOR('',#3632,10.);
#991=VECTOR('',#3633,10.);
#992=VECTOR('',#3636,10.);
#993=VECTOR('',#3637,10.);
#994=VECTOR('',#3638,10.);
#995=VECTOR('',#3639,10.);
#996=VECTOR('',#3642,10.);
#997=VECTOR('',#3643,10.);
#998=VECTOR('',#3648,10.);
#999=VECTOR('',#3649,10.);
#1000=VECTOR('',#3654,10.);
#1001=VECTOR('',#3655,10.);
#1002=VECTOR('',#3658,10.);
#1003=VECTOR('',#3659,10.);
#1004=VECTOR('',#3662,10.);
#1005=VECTOR('',#3665,10.);
#1006=VECTOR('',#3666,10.);
#1007=VECTOR('',#3671,10.);
#1008=VECTOR('',#3672,10.);
#1009=VECTOR('',#3675,10.);
#1010=VECTOR('',#3676,10.);
#1011=VECTOR('',#3679,10.);
#1012=VECTOR('',#3682,10.);
#1013=VECTOR('',#3683,10.);
#1014=VECTOR('',#3688,10.);
#1015=VECTOR('',#3689,10.);
#1016=VECTOR('',#3694,10.);
#1017=VECTOR('',#3695,10.);
#1018=VECTOR('',#3700,10.);
#1019=VECTOR('',#3701,10.);
#1020=VECTOR('',#3704,10.);
#1021=VECTOR('',#3707,10.);
#1022=VECTOR('',#3708,10.);
#1023=VECTOR('',#3713,10.);
#1024=VECTOR('',#3714,10.);
#1025=VECTOR('',#3717,5.);
#1026=VECTOR('',#3732,10.);
#1027=VECTOR('',#3733,10.);
#1028=VECTOR('',#3736,10.);
#1029=VECTOR('',#3739,10.);
#1030=VECTOR('',#3744,5.);
#1031=VECTOR('',#3753,10.);
#1032=VECTOR('',#3756,10.);
#1033=VECTOR('',#3759,10.);
#1034=VECTOR('',#3762,10.);
#1035=VECTOR('',#3767,5.);
#1036=VECTOR('',#3776,10.);
#1037=VECTOR('',#3779,10.);
#1038=VECTOR('',#3788,10.);
#1039=VECTOR('',#3789,10.);
#1040=VECTOR('',#3792,10.);
#1041=VECTOR('',#3795,10.);
#1042=VECTOR('',#3796,10.);
#1043=VECTOR('',#3797,10.);
#1044=VECTOR('',#3798,10.);
#1045=VECTOR('',#3803,10.);
#1046=VECTOR('',#3804,10.);
#1047=VECTOR('',#3805,10.);
#1048=VECTOR('',#3808,10.);
#1049=VECTOR('',#3809,10.);
#1050=VECTOR('',#3812,10.);
#1051=VECTOR('',#3813,10.);
#1052=VECTOR('',#3816,10.);
#1053=VECTOR('',#3823,1.1);
#1054=VECTOR('',#3826,1.1);
#1055=VECTOR('',#3833,10.);
#1056=VECTOR('',#3834,10.);
#1057=VECTOR('',#3835,10.);
#1058=VECTOR('',#3836,10.);
#1059=VECTOR('',#3839,10.);
#1060=VECTOR('',#3840,10.);
#1061=VECTOR('',#3843,10.);
#1062=VECTOR('',#3846,10.);
#1063=VECTOR('',#3849,10.);
#1064=VECTOR('',#3850,10.);
#1065=VECTOR('',#3855,10.);
#1066=VECTOR('',#3856,10.);
#1067=VECTOR('',#3857,10.);
#1068=VECTOR('',#3858,10.);
#1069=VECTOR('',#3861,10.);
#1070=VECTOR('',#3862,10.);
#1071=VECTOR('',#3863,10.);
#1072=VECTOR('',#3866,10.);
#1073=VECTOR('',#3867,10.);
#1074=VECTOR('',#3868,10.);
#1075=VECTOR('',#3871,10.);
#1076=VECTOR('',#3872,10.);
#1077=VECTOR('',#3883,10.);
#1078=VECTOR('',#3884,10.);
#1079=VECTOR('',#3885,10.);
#1080=VECTOR('',#3886,10.);
#1081=VECTOR('',#3889,10.);
#1082=VECTOR('',#3890,10.);
#1083=VECTOR('',#3891,10.);
#1084=VECTOR('',#3894,10.);
#1085=VECTOR('',#3895,10.);
#1086=VECTOR('',#3896,10.);
#1087=VECTOR('',#3899,10.);
#1088=VECTOR('',#3900,10.);
#1089=VECTOR('',#3911,1.4);
#1090=VECTOR('',#3916,1.4);
#1091=VECTOR('',#3921,10.);
#1092=VECTOR('',#3928,10.);
#1093=VECTOR('',#3929,10.);
#1094=VECTOR('',#3930,10.);
#1095=VECTOR('',#3937,10.);
#1096=VECTOR('',#3938,10.);
#1097=VECTOR('',#3943,10.);
#1098=VECTOR('',#3946,10.);
#1099=VECTOR('',#3947,10.);
#1100=VECTOR('',#3956,10.);
#1101=VECTOR('',#3959,10.);
#1102=VECTOR('',#3962,4.);
#1103=VECTOR('',#3965,5.);
#1104=VECTOR('',#3970,4.);
#1105=VECTOR('',#3975,10.);
#1106=VECTOR('',#3976,10.);
#1107=VECTOR('',#3977,10.);
#1108=VECTOR('',#3978,10.);
#1109=VECTOR('',#3981,10.);
#1110=VECTOR('',#3982,10.);
#1111=VECTOR('',#3983,10.);
#1112=VECTOR('',#3986,10.);
#1113=VECTOR('',#3987,10.);
#1114=VECTOR('',#3988,10.);
#1115=VECTOR('',#3991,10.);
#1116=VECTOR('',#3992,10.);
#1117=VECTOR('',#4003,10.);
#1118=VECTOR('',#4004,10.);
#1119=VECTOR('',#4005,10.);
#1120=VECTOR('',#4006,10.);
#1121=VECTOR('',#4009,10.);
#1122=VECTOR('',#4010,10.);
#1123=VECTOR('',#4011,10.);
#1124=VECTOR('',#4014,10.);
#1125=VECTOR('',#4015,10.);
#1126=VECTOR('',#4016,10.);
#1127=VECTOR('',#4019,10.);
#1128=VECTOR('',#4020,10.);
#1129=VECTOR('',#4031,1.1);
#1130=VECTOR('',#4036,1.1);
#1131=VECTOR('',#4043,1.1);
#1132=VECTOR('',#4050,1.1);
#1133=VECTOR('',#4057,10.);
#1134=VECTOR('',#4058,10.);
#1135=VECTOR('',#4059,10.);
#1136=VECTOR('',#4062,10.);
#1137=VECTOR('',#4063,10.);
#1138=VECTOR('',#4064,10.);
#1139=VECTOR('',#4067,10.);
#1140=VECTOR('',#4068,10.);
#1141=VECTOR('',#4069,10.);
#1142=VECTOR('',#4072,10.);
#1143=VECTOR('',#4073,10.);
#1144=VECTOR('',#4074,10.);
#1145=VECTOR('',#4075,10.);
#1146=VECTOR('',#4076,10.);
#1147=VECTOR('',#4077,10.);
#1148=VECTOR('',#4078,10.);
#1149=VECTOR('',#4083,10.);
#1150=VECTOR('',#4084,10.);
#1151=VECTOR('',#4085,10.);
#1152=VECTOR('',#4086,10.);
#1153=VECTOR('',#4087,10.);
#1154=VECTOR('',#4088,10.);
#1155=VECTOR('',#4089,10.);
#1156=VECTOR('',#4092,10.);
#1157=VECTOR('',#4093,10.);
#1158=VECTOR('',#4094,10.);
#1159=VECTOR('',#4097,10.);
#1160=VECTOR('',#4098,10.);
#1161=VECTOR('',#4099,10.);
#1162=VECTOR('',#4102,10.);
#1163=VECTOR('',#4103,10.);
#1164=VECTOR('',#4104,10.);
#1165=VECTOR('',#4107,10.);
#1166=VECTOR('',#4108,10.);
#1167=VECTOR('',#4111,10.);
#1168=VECTOR('',#4112,10.);
#1169=VECTOR('',#4115,10.);
#1170=VECTOR('',#4116,10.);
#1171=VECTOR('',#4119,10.);
#1172=VECTOR('',#4122,10.);
#1173=VECTOR('',#4125,10.);
#1174=VECTOR('',#4128,10.);
#1175=VECTOR('',#4131,10.);
#1176=VECTOR('',#4134,10.);
#1177=VECTOR('',#4135,10.);
#1178=VECTOR('',#4138,10.);
#1179=VECTOR('',#4141,10.);
#1180=VECTOR('',#4144,10.);
#1181=VECTOR('',#4149,10.);
#1182=VECTOR('',#4160,10.);
#1183=VECTOR('',#4167,10.);
#1184=VECTOR('',#4170,10.);
#1185=VECTOR('',#4177,10.);
#1186=VECTOR('',#4180,10.);
#1187=VECTOR('',#4185,10.);
#1188=VECTOR('',#4188,10.);
#1189=VECTOR('',#4195,2.5);
#1190=VECTOR('',#4206,2.5);
#1191=VECTOR('',#4215,10.);
#1192=VECTOR('',#4216,10.);
#1193=VECTOR('',#4217,10.);
#1194=VECTOR('',#4218,10.);
#1195=VECTOR('',#4221,10.);
#1196=VECTOR('',#4222,10.);
#1197=VECTOR('',#4223,10.);
#1198=VECTOR('',#4224,10.);
#1199=VECTOR('',#4229,10.);
#1200=VECTOR('',#4232,10.);
#1201=VECTOR('',#4235,10.);
#1202=VECTOR('',#4238,10.);
#1203=VECTOR('',#4239,10.);
#1204=VECTOR('',#4240,10.);
#1205=VECTOR('',#4241,10.);
#1206=VECTOR('',#4242,10.);
#1207=VECTOR('',#4243,10.);
#1208=VECTOR('',#4244,10.);
#1209=VECTOR('',#4247,10.);
#1210=VECTOR('',#4248,10.);
#1211=VECTOR('',#4249,10.);
#1212=VECTOR('',#4252,10.);
#1213=VECTOR('',#4253,10.);
#1214=VECTOR('',#4254,10.);
#1215=VECTOR('',#4257,1.4);
#1216=VECTOR('',#4262,1.4);
#1217=VECTOR('',#4267,10.);
#1218=VECTOR('',#4270,10.);
#1219=VECTOR('',#4275,10.);
#1220=VECTOR('',#4278,10.);
#1221=VECTOR('',#4285,10.);
#1222=VECTOR('',#4286,10.);
#1223=VECTOR('',#4289,10.);
#1224=VECTOR('',#4290,10.);
#1225=VECTOR('',#4295,10.);
#1226=VECTOR('',#4300,10.);
#1227=VECTOR('',#4301,10.);
#1228=VECTOR('',#4304,10.);
#1229=VECTOR('',#4305,10.);
#1230=VECTOR('',#4310,10.);
#1231=VECTOR('',#4313,10.);
#1232=VECTOR('',#4316,10.);
#1233=VERTEX_POINT('',#4321);
#1234=VERTEX_POINT('',#4322);
#1235=VERTEX_POINT('',#4324);
#1236=VERTEX_POINT('',#4326);
#1237=VERTEX_POINT('',#4330);
#1238=VERTEX_POINT('',#4332);
#1239=VERTEX_POINT('',#4334);
#1240=VERTEX_POINT('',#4336);
#1241=VERTEX_POINT('',#4338);
#1242=VERTEX_POINT('',#4340);
#1243=VERTEX_POINT('',#4344);
#1244=VERTEX_POINT('',#4345);
#1245=VERTEX_POINT('',#4347);
#1246=VERTEX_POINT('',#4349);
#1247=VERTEX_POINT('',#4353);
#1248=VERTEX_POINT('',#4355);
#1249=VERTEX_POINT('',#4357);
#1250=VERTEX_POINT('',#4361);
#1251=VERTEX_POINT('',#4363);
#1252=VERTEX_POINT('',#4365);
#1253=VERTEX_POINT('',#4369);
#1254=VERTEX_POINT('',#4370);
#1255=VERTEX_POINT('',#4374);
#1256=VERTEX_POINT('',#4376);
#1257=VERTEX_POINT('',#4380);
#1258=VERTEX_POINT('',#4382);
#1259=VERTEX_POINT('',#4386);
#1260=VERTEX_POINT('',#4387);
#1261=VERTEX_POINT('',#4394);
#1262=VERTEX_POINT('',#4396);
#1263=VERTEX_POINT('',#4398);
#1264=VERTEX_POINT('',#4400);
#1265=VERTEX_POINT('',#4403);
#1266=VERTEX_POINT('',#4406);
#1267=VERTEX_POINT('',#4408);
#1268=VERTEX_POINT('',#4411);
#1269=VERTEX_POINT('',#4415);
#1270=VERTEX_POINT('',#4417);
#1271=VERTEX_POINT('',#4419);
#1272=VERTEX_POINT('',#4423);
#1273=VERTEX_POINT('',#4425);
#1274=VERTEX_POINT('',#4429);
#1275=VERTEX_POINT('',#4431);
#1276=VERTEX_POINT('',#4435);
#1277=VERTEX_POINT('',#4436);
#1278=VERTEX_POINT('',#4452);
#1279=VERTEX_POINT('',#4454);
#1280=VERTEX_POINT('',#4458);
#1281=VERTEX_POINT('',#4460);
#1282=VERTEX_POINT('',#4464);
#1283=VERTEX_POINT('',#4466);
#1284=VERTEX_POINT('',#4470);
#1285=VERTEX_POINT('',#4472);
#1286=VERTEX_POINT('',#4476);
#1287=VERTEX_POINT('',#4477);
#1288=VERTEX_POINT('',#4493);
#1289=VERTEX_POINT('',#4495);
#1290=VERTEX_POINT('',#4499);
#1291=VERTEX_POINT('',#4501);
#1292=VERTEX_POINT('',#4505);
#1293=VERTEX_POINT('',#4506);
#1294=VERTEX_POINT('',#4508);
#1295=VERTEX_POINT('',#4512);
#1296=VERTEX_POINT('',#4513);
#1297=VERTEX_POINT('',#4515);
#1298=VERTEX_POINT('',#4519);
#1299=VERTEX_POINT('',#4520);
#1300=VERTEX_POINT('',#4522);
#1301=VERTEX_POINT('',#4529);
#1302=VERTEX_POINT('',#4530);
#1303=VERTEX_POINT('',#4532);
#1304=VERTEX_POINT('',#4536);
#1305=VERTEX_POINT('',#4537);
#1306=VERTEX_POINT('',#4539);
#1307=VERTEX_POINT('',#4546);
#1308=VERTEX_POINT('',#4547);
#1309=VERTEX_POINT('',#4549);
#1310=VERTEX_POINT('',#4553);
#1311=VERTEX_POINT('',#4554);
#1312=VERTEX_POINT('',#4565);
#1313=VERTEX_POINT('',#4567);
#1314=VERTEX_POINT('',#4576);
#1315=VERTEX_POINT('',#4585);
#1316=VERTEX_POINT('',#4599);
#1317=VERTEX_POINT('',#4601);
#1318=VERTEX_POINT('',#4612);
#1319=VERTEX_POINT('',#4613);
#1320=VERTEX_POINT('',#4630);
#1321=VERTEX_POINT('',#4632);
#1322=VERTEX_POINT('',#4649);
#1323=VERTEX_POINT('',#4651);
#1324=VERTEX_POINT('',#4655);
#1325=VERTEX_POINT('',#4657);
#1326=VERTEX_POINT('',#4665);
#1327=VERTEX_POINT('',#4667);
#1328=VERTEX_POINT('',#4671);
#1329=VERTEX_POINT('',#4673);
#1330=VERTEX_POINT('',#4680);
#1331=VERTEX_POINT('',#4681);
#1332=VERTEX_POINT('',#4691);
#1333=VERTEX_POINT('',#4693);
#1334=VERTEX_POINT('',#4695);
#1335=VERTEX_POINT('',#4706);
#1336=VERTEX_POINT('',#4708);
#1337=VERTEX_POINT('',#4712);
#1338=VERTEX_POINT('',#4714);
#1339=VERTEX_POINT('',#4718);
#1340=VERTEX_POINT('',#4720);
#1341=VERTEX_POINT('',#4724);
#1342=VERTEX_POINT('',#4725);
#1343=VERTEX_POINT('',#4735);
#1344=VERTEX_POINT('',#4737);
#1345=VERTEX_POINT('',#4739);
#1346=VERTEX_POINT('',#4750);
#1347=VERTEX_POINT('',#4752);
#1348=VERTEX_POINT('',#4759);
#1349=VERTEX_POINT('',#4776);
#1350=VERTEX_POINT('',#4791);
#1351=VERTEX_POINT('',#4803);
#1352=VERTEX_POINT('',#4804);
#1353=VERTEX_POINT('',#4807);
#1354=VERTEX_POINT('',#4809);
#1355=VERTEX_POINT('',#4813);
#1356=VERTEX_POINT('',#4814);
#1357=VERTEX_POINT('',#4816);
#1358=VERTEX_POINT('',#4818);
#1359=VERTEX_POINT('',#4821);
#1360=VERTEX_POINT('',#4824);
#1361=VERTEX_POINT('',#4826);
#1362=VERTEX_POINT('',#4830);
#1363=VERTEX_POINT('',#4834);
#1364=VERTEX_POINT('',#4840);
#1365=VERTEX_POINT('',#4845);
#1366=VERTEX_POINT('',#4850);
#1367=VERTEX_POINT('',#4851);
#1368=VERTEX_POINT('',#4853);
#1369=VERTEX_POINT('',#4855);
#1370=VERTEX_POINT('',#4862);
#1371=VERTEX_POINT('',#4864);
#1372=VERTEX_POINT('',#4872);
#1373=VERTEX_POINT('',#4873);
#1374=VERTEX_POINT('',#4875);
#1375=VERTEX_POINT('',#4877);
#1376=VERTEX_POINT('',#4881);
#1377=VERTEX_POINT('',#4883);
#1378=VERTEX_POINT('',#4887);
#1379=VERTEX_POINT('',#4889);
#1380=VERTEX_POINT('',#4896);
#1381=VERTEX_POINT('',#4899);
#1382=VERTEX_POINT('',#4902);
#1383=VERTEX_POINT('',#4903);
#1384=VERTEX_POINT('',#4905);
#1385=VERTEX_POINT('',#4907);
#1386=VERTEX_POINT('',#4911);
#1387=VERTEX_POINT('',#4913);
#1388=VERTEX_POINT('',#4917);
#1389=VERTEX_POINT('',#4919);
#1390=VERTEX_POINT('',#4926);
#1391=VERTEX_POINT('',#4929);
#1392=VERTEX_POINT('',#4932);
#1393=VERTEX_POINT('',#4936);
#1394=VERTEX_POINT('',#4944);
#1395=VERTEX_POINT('',#4946);
#1396=VERTEX_POINT('',#4952);
#1397=VERTEX_POINT('',#4956);
#1398=VERTEX_POINT('',#4960);
#1399=VERTEX_POINT('',#4966);
#1400=VERTEX_POINT('',#4974);
#1401=VERTEX_POINT('',#4981);
#1402=VERTEX_POINT('',#4982);
#1403=VERTEX_POINT('',#4984);
#1404=VERTEX_POINT('',#4986);
#1405=VERTEX_POINT('',#4990);
#1406=VERTEX_POINT('',#4992);
#1407=VERTEX_POINT('',#4996);
#1408=VERTEX_POINT('',#4998);
#1409=VERTEX_POINT('',#5005);
#1410=VERTEX_POINT('',#5008);
#1411=VERTEX_POINT('',#5011);
#1412=VERTEX_POINT('',#5012);
#1413=VERTEX_POINT('',#5014);
#1414=VERTEX_POINT('',#5016);
#1415=VERTEX_POINT('',#5020);
#1416=VERTEX_POINT('',#5022);
#1417=VERTEX_POINT('',#5026);
#1418=VERTEX_POINT('',#5028);
#1419=VERTEX_POINT('',#5035);
#1420=VERTEX_POINT('',#5038);
#1421=VERTEX_POINT('',#5041);
#1422=VERTEX_POINT('',#5045);
#1423=VERTEX_POINT('',#5049);
#1424=VERTEX_POINT('',#5054);
#1425=VERTEX_POINT('',#5059);
#1426=VERTEX_POINT('',#5060);
#1427=VERTEX_POINT('',#5062);
#1428=VERTEX_POINT('',#5064);
#1429=VERTEX_POINT('',#5066);
#1430=VERTEX_POINT('',#5068);
#1431=VERTEX_POINT('',#5070);
#1432=VERTEX_POINT('',#5072);
#1433=VERTEX_POINT('',#5074);
#1434=VERTEX_POINT('',#5076);
#1435=VERTEX_POINT('',#5078);
#1436=VERTEX_POINT('',#5080);
#1437=VERTEX_POINT('',#5082);
#1438=VERTEX_POINT('',#5084);
#1439=VERTEX_POINT('',#5086);
#1440=VERTEX_POINT('',#5088);
#1441=VERTEX_POINT('',#5090);
#1442=VERTEX_POINT('',#5092);
#1443=VERTEX_POINT('',#5094);
#1444=VERTEX_POINT('',#5096);
#1445=VERTEX_POINT('',#5100);
#1446=VERTEX_POINT('',#5101);
#1447=VERTEX_POINT('',#5103);
#1448=VERTEX_POINT('',#5105);
#1449=VERTEX_POINT('',#5107);
#1450=VERTEX_POINT('',#5109);
#1451=VERTEX_POINT('',#5111);
#1452=VERTEX_POINT('',#5113);
#1453=VERTEX_POINT('',#5115);
#1454=VERTEX_POINT('',#5117);
#1455=VERTEX_POINT('',#5119);
#1456=VERTEX_POINT('',#5121);
#1457=VERTEX_POINT('',#5123);
#1458=VERTEX_POINT('',#5125);
#1459=VERTEX_POINT('',#5127);
#1460=VERTEX_POINT('',#5129);
#1461=VERTEX_POINT('',#5131);
#1462=VERTEX_POINT('',#5133);
#1463=VERTEX_POINT('',#5135);
#1464=VERTEX_POINT('',#5137);
#1465=VERTEX_POINT('',#5169);
#1466=VERTEX_POINT('',#5171);
#1467=VERTEX_POINT('',#5177);
#1468=VERTEX_POINT('',#5179);
#1469=VERTEX_POINT('',#5183);
#1470=VERTEX_POINT('',#5187);
#1471=VERTEX_POINT('',#5191);
#1472=VERTEX_POINT('',#5195);
#1473=VERTEX_POINT('',#5204);
#1474=VERTEX_POINT('',#5206);
#1475=VERTEX_POINT('',#5210);
#1476=VERTEX_POINT('',#5213);
#1477=VERTEX_POINT('',#5215);
#1478=VERTEX_POINT('',#5219);
#1479=VERTEX_POINT('',#5222);
#1480=VERTEX_POINT('',#5223);
#1481=VERTEX_POINT('',#5225);
#1482=VERTEX_POINT('',#5227);
#1483=VERTEX_POINT('',#5231);
#1484=VERTEX_POINT('',#5232);
#1485=VERTEX_POINT('',#5234);
#1486=VERTEX_POINT('',#5236);
#1487=VERTEX_POINT('',#5240);
#1488=VERTEX_POINT('',#5241);
#1489=VERTEX_POINT('',#5243);
#1490=VERTEX_POINT('',#5245);
#1491=VERTEX_POINT('',#5247);
#1492=VERTEX_POINT('',#5249);
#1493=VERTEX_POINT('',#5251);
#1494=VERTEX_POINT('',#5253);
#1495=VERTEX_POINT('',#5256);
#1496=VERTEX_POINT('',#5257);
#1497=VERTEX_POINT('',#5259);
#1498=VERTEX_POINT('',#5261);
#1499=VERTEX_POINT('',#5267);
#1500=VERTEX_POINT('',#5269);
#1501=VERTEX_POINT('',#5273);
#1502=VERTEX_POINT('',#5275);
#1503=VERTEX_POINT('',#5295);
#1504=VERTEX_POINT('',#5296);
#1505=VERTEX_POINT('',#5301);
#1506=VERTEX_POINT('',#5305);
#1507=VERTEX_POINT('',#5309);
#1508=VERTEX_POINT('',#5310);
#1509=VERTEX_POINT('',#5315);
#1510=VERTEX_POINT('',#5319);
#1511=EDGE_CURVE('',#1233,#1234,#615,.T.);
#1512=EDGE_CURVE('',#1233,#1235,#616,.T.);
#1513=EDGE_CURVE('',#1235,#1236,#617,.F.);
#1514=EDGE_CURVE('',#1236,#1234,#618,.T.);
#1515=EDGE_CURVE('',#1236,#1237,#619,.F.);
#1516=EDGE_CURVE('',#1237,#1238,#139,.F.);
#1517=EDGE_CURVE('',#1238,#1239,#620,.F.);
#1518=EDGE_CURVE('',#1239,#1240,#621,.F.);
#1519=EDGE_CURVE('',#1241,#1240,#622,.T.);
#1520=EDGE_CURVE('',#1241,#1242,#140,.F.);
#1521=EDGE_CURVE('',#1242,#1234,#623,.F.);
#1522=EDGE_CURVE('',#1243,#1244,#624,.T.);
#1523=EDGE_CURVE('',#1244,#1245,#625,.T.);
#1524=EDGE_CURVE('',#1245,#1246,#626,.F.);
#1525=EDGE_CURVE('',#1246,#1243,#627,.T.);
#1526=EDGE_CURVE('',#1247,#1243,#628,.T.);
#1527=EDGE_CURVE('',#1248,#1247,#629,.T.);
#1528=EDGE_CURVE('',#1249,#1248,#630,.T.);
#1529=EDGE_CURVE('',#1244,#1249,#631,.F.);
#1530=EDGE_CURVE('',#1250,#1246,#632,.T.);
#1531=EDGE_CURVE('',#1251,#1250,#141,.T.);
#1532=EDGE_CURVE('',#1252,#1251,#633,.T.);
#1533=EDGE_CURVE('',#1247,#1252,#142,.T.);
#1534=EDGE_CURVE('',#1253,#1254,#131,.F.);
#1535=EDGE_CURVE('',#1254,#1255,#143,.T.);
#1536=EDGE_CURVE('',#1255,#1256,#634,.T.);
#1537=EDGE_CURVE('',#1256,#1253,#144,.T.);
#1538=EDGE_CURVE('',#1255,#1257,#635,.T.);
#1539=EDGE_CURVE('',#1257,#1258,#636,.T.);
#1540=EDGE_CURVE('',#1258,#1256,#637,.T.);
#1541=EDGE_CURVE('',#1259,#1260,#132,.T.);
#1542=EDGE_CURVE('',#1259,#1258,#145,.T.);
#1543=EDGE_CURVE('',#1257,#1260,#146,.T.);
#1544=EDGE_CURVE('',#1254,#1261,#638,.F.);
#1545=EDGE_CURVE('',#1261,#1262,#147,.F.);
#1546=EDGE_CURVE('',#1263,#1262,#639,.T.);
#1547=EDGE_CURVE('',#1263,#1264,#148,.F.);
#1548=EDGE_CURVE('',#1264,#1260,#640,.F.);
#1549=EDGE_CURVE('',#1265,#1265,#149,.T.);
#1550=EDGE_CURVE('',#1266,#1233,#641,.T.);
#1551=EDGE_CURVE('',#1267,#1266,#642,.T.);
#1552=EDGE_CURVE('',#1245,#1267,#643,.T.);
#1553=EDGE_CURVE('',#1268,#1249,#644,.T.);
#1554=EDGE_CURVE('',#1235,#1268,#645,.T.);
#1555=EDGE_CURVE('',#1248,#1269,#150,.T.);
#1556=EDGE_CURVE('',#1269,#1270,#646,.T.);
#1557=EDGE_CURVE('',#1270,#1271,#151,.T.);
#1558=EDGE_CURVE('',#1271,#1268,#647,.F.);
#1559=EDGE_CURVE('',#1250,#1272,#648,.T.);
#1560=EDGE_CURVE('',#1272,#1273,#33,.T.);
#1561=EDGE_CURVE('',#1273,#1251,#649,.T.);
#1562=EDGE_CURVE('',#1272,#1274,#650,.T.);
#1563=EDGE_CURVE('',#1274,#1275,#34,.T.);
#1564=EDGE_CURVE('',#1275,#1273,#651,.T.);
#1565=EDGE_CURVE('',#1276,#1277,#21,.T.);
#1566=EDGE_CURVE('',#1276,#1275,#652,.T.);
#1567=EDGE_CURVE('',#1274,#1278,#653,.T.);
#1568=EDGE_CURVE('',#1278,#1279,#35,.T.);
#1569=EDGE_CURVE('',#1279,#1277,#654,.T.);
#1570=EDGE_CURVE('',#1278,#1280,#655,.T.);
#1571=EDGE_CURVE('',#1280,#1281,#36,.T.);
#1572=EDGE_CURVE('',#1281,#1279,#656,.T.);
#1573=EDGE_CURVE('',#1280,#1282,#657,.T.);
#1574=EDGE_CURVE('',#1282,#1283,#37,.T.);
#1575=EDGE_CURVE('',#1283,#1281,#658,.T.);
#1576=EDGE_CURVE('',#1282,#1284,#659,.T.);
#1577=EDGE_CURVE('',#1284,#1285,#38,.T.);
#1578=EDGE_CURVE('',#1285,#1283,#660,.T.);
#1579=EDGE_CURVE('',#1286,#1287,#22,.T.);
#1580=EDGE_CURVE('',#1286,#1285,#661,.T.);
#1581=EDGE_CURVE('',#1284,#1288,#662,.T.);
#1582=EDGE_CURVE('',#1288,#1289,#39,.T.);
#1583=EDGE_CURVE('',#1289,#1287,#663,.T.);
#1584=EDGE_CURVE('',#1288,#1290,#664,.T.);
#1585=EDGE_CURVE('',#1290,#1291,#40,.T.);
#1586=EDGE_CURVE('',#1291,#1289,#665,.T.);
#1587=EDGE_CURVE('',#1292,#1293,#152,.F.);
#1588=EDGE_CURVE('',#1294,#1292,#153,.F.);
#1589=EDGE_CURVE('',#1293,#1294,#154,.F.);
#1590=EDGE_CURVE('',#1295,#1296,#155,.F.);
#1591=EDGE_CURVE('',#1297,#1295,#156,.F.);
#1592=EDGE_CURVE('',#1296,#1297,#157,.F.);
#1593=EDGE_CURVE('',#1298,#1299,#158,.F.);
#1594=EDGE_CURVE('',#1300,#1298,#159,.F.);
#1595=EDGE_CURVE('',#1299,#1300,#160,.F.);
#1596=EDGE_CURVE('',#1292,#1300,#666,.T.);
#1597=EDGE_CURVE('',#1298,#1294,#667,.T.);
#1598=EDGE_CURVE('',#1301,#1302,#161,.F.);
#1599=EDGE_CURVE('',#1303,#1301,#162,.F.);
#1600=EDGE_CURVE('',#1302,#1303,#163,.F.);
#1601=EDGE_CURVE('',#1304,#1305,#164,.F.);
#1602=EDGE_CURVE('',#1306,#1304,#165,.F.);
#1603=EDGE_CURVE('',#1305,#1306,#166,.F.);
#1604=EDGE_CURVE('',#1295,#1306,#668,.T.);
#1605=EDGE_CURVE('',#1304,#1297,#669,.T.);
#1606=EDGE_CURVE('',#1307,#1308,#167,.F.);
#1607=EDGE_CURVE('',#1309,#1307,#168,.F.);
#1608=EDGE_CURVE('',#1308,#1309,#169,.F.);
#1609=EDGE_CURVE('',#1310,#1311,#23,.T.);
#1610=EDGE_CURVE('',#1310,#1309,#670,.T.);
#1611=EDGE_CURVE('',#1307,#1305,#671,.T.);
#1612=EDGE_CURVE('',#1306,#1312,#672,.T.);
#1613=EDGE_CURVE('',#1313,#1312,#24,.T.);
#1614=EDGE_CURVE('',#1314,#1313,#25,.T.);
#1615=EDGE_CURVE('',#1314,#1315,#673,.T.);
#1616=EDGE_CURVE('',#1311,#1315,#26,.T.);
#1617=EDGE_CURVE('',#1309,#1303,#674,.T.);
#1618=EDGE_CURVE('',#1301,#1308,#675,.T.);
#1619=EDGE_CURVE('',#1316,#1307,#676,.T.);
#1620=EDGE_CURVE('',#1308,#1317,#677,.T.);
#1621=EDGE_CURVE('',#1317,#1316,#41,.T.);
#1622=EDGE_CURVE('',#1300,#1304,#678,.T.);
#1623=EDGE_CURVE('',#1305,#1299,#679,.T.);
#1624=EDGE_CURVE('',#1271,#1259,#680,.T.);
#1625=EDGE_CURVE('',#1270,#1316,#681,.T.);
#1626=EDGE_CURVE('',#1317,#1258,#682,.T.);
#1627=EDGE_CURVE('',#1318,#1319,#27,.T.);
#1628=EDGE_CURVE('',#1318,#1295,#683,.T.);
#1629=EDGE_CURVE('',#1296,#1302,#684,.T.);
#1630=EDGE_CURVE('',#1303,#1320,#685,.T.);
#1631=EDGE_CURVE('',#1321,#1320,#28,.T.);
#1632=EDGE_CURVE('',#1321,#1319,#686,.T.);
#1633=EDGE_CURVE('',#1322,#1301,#687,.T.);
#1634=EDGE_CURVE('',#1302,#1323,#688,.T.);
#1635=EDGE_CURVE('',#1323,#1322,#42,.T.);
#1636=EDGE_CURVE('',#1324,#1298,#689,.T.);
#1637=EDGE_CURVE('',#1299,#1325,#690,.T.);
#1638=EDGE_CURVE('',#1325,#1324,#43,.T.);
#1639=EDGE_CURVE('',#1297,#1292,#691,.T.);
#1640=EDGE_CURVE('',#1293,#1296,#692,.T.);
#1641=EDGE_CURVE('',#1256,#1322,#693,.T.);
#1642=EDGE_CURVE('',#1323,#1326,#694,.T.);
#1643=EDGE_CURVE('',#1327,#1326,#170,.T.);
#1644=EDGE_CURVE('',#1253,#1327,#695,.T.);
#1645=EDGE_CURVE('',#1328,#1324,#696,.T.);
#1646=EDGE_CURVE('',#1325,#1329,#697,.T.);
#1647=EDGE_CURVE('',#1329,#1328,#44,.T.);
#1648=EDGE_CURVE('',#1290,#1293,#698,.T.);
#1649=EDGE_CURVE('',#1294,#1291,#699,.T.);
#1650=EDGE_CURVE('',#1330,#1331,#29,.T.);
#1651=EDGE_CURVE('',#1330,#1328,#700,.T.);
#1652=EDGE_CURVE('',#1329,#1332,#701,.T.);
#1653=EDGE_CURVE('',#1332,#1333,#45,.T.);
#1654=EDGE_CURVE('',#1333,#1334,#702,.T.);
#1655=EDGE_CURVE('',#1331,#1334,#30,.T.);
#1656=EDGE_CURVE('',#1335,#1333,#703,.T.);
#1657=EDGE_CURVE('',#1332,#1336,#704,.T.);
#1658=EDGE_CURVE('',#1336,#1335,#46,.T.);
#1659=EDGE_CURVE('',#1337,#1335,#705,.T.);
#1660=EDGE_CURVE('',#1336,#1338,#706,.T.);
#1661=EDGE_CURVE('',#1338,#1337,#47,.T.);
#1662=EDGE_CURVE('',#1339,#1337,#707,.T.);
#1663=EDGE_CURVE('',#1338,#1340,#708,.T.);
#1664=EDGE_CURVE('',#1340,#1339,#48,.T.);
#1665=EDGE_CURVE('',#1341,#1342,#31,.T.);
#1666=EDGE_CURVE('',#1341,#1339,#709,.T.);
#1667=EDGE_CURVE('',#1340,#1343,#710,.T.);
#1668=EDGE_CURVE('',#1343,#1344,#49,.T.);
#1669=EDGE_CURVE('',#1344,#1345,#711,.T.);
#1670=EDGE_CURVE('',#1342,#1345,#32,.T.);
#1671=EDGE_CURVE('',#1346,#1344,#712,.T.);
#1672=EDGE_CURVE('',#1343,#1347,#713,.T.);
#1673=EDGE_CURVE('',#1347,#1346,#50,.T.);
#1674=EDGE_CURVE('',#1252,#1346,#714,.T.);
#1675=EDGE_CURVE('',#1347,#1269,#715,.T.);
#1676=EDGE_CURVE('',#1313,#1348,#716,.T.);
#1677=EDGE_CURVE('',#1348,#1348,#171,.T.);
#1678=EDGE_CURVE('',#1312,#1318,#172,.T.);
#1679=EDGE_CURVE('',#1319,#1314,#173,.T.);
#1680=EDGE_CURVE('',#1320,#1310,#174,.T.);
#1681=EDGE_CURVE('',#1266,#1327,#717,.F.);
#1682=EDGE_CURVE('',#1326,#1267,#718,.T.);
#1683=EDGE_CURVE('',#1324,#1291,#719,.T.);
#1684=EDGE_CURVE('',#1328,#1289,#720,.T.);
#1685=EDGE_CURVE('',#1287,#1330,#175,.T.);
#1686=EDGE_CURVE('',#1331,#1349,#721,.T.);
#1687=EDGE_CURVE('',#1349,#1349,#176,.T.);
#1688=EDGE_CURVE('',#1334,#1286,#177,.T.);
#1689=EDGE_CURVE('',#1333,#1285,#722,.T.);
#1690=EDGE_CURVE('',#1283,#1335,#723,.T.);
#1691=EDGE_CURVE('',#1337,#1281,#724,.T.);
#1692=EDGE_CURVE('',#1339,#1279,#725,.T.);
#1693=EDGE_CURVE('',#1277,#1341,#178,.T.);
#1694=EDGE_CURVE('',#1342,#1350,#726,.T.);
#1695=EDGE_CURVE('',#1350,#1350,#179,.T.);
#1696=EDGE_CURVE('',#1345,#1276,#180,.T.);
#1697=EDGE_CURVE('',#1344,#1275,#727,.T.);
#1698=EDGE_CURVE('',#1346,#1273,#728,.T.);
#1699=EDGE_CURVE('',#1351,#1352,#181,.T.);
#1700=EDGE_CURVE('',#1351,#1238,#729,.F.);
#1701=EDGE_CURVE('',#1353,#1237,#730,.T.);
#1702=EDGE_CURVE('',#1354,#1353,#182,.T.);
#1703=EDGE_CURVE('',#1354,#1352,#731,.T.);
#1704=EDGE_CURVE('',#1355,#1356,#732,.T.);
#1705=EDGE_CURVE('',#1357,#1355,#733,.T.);
#1706=EDGE_CURVE('',#1358,#1357,#734,.T.);
#1707=EDGE_CURVE('',#1356,#1358,#735,.T.);
#1708=EDGE_CURVE('',#1359,#1359,#183,.T.);
#1709=EDGE_CURVE('',#1360,#1356,#736,.T.);
#1710=EDGE_CURVE('',#1358,#1361,#737,.T.);
#1711=EDGE_CURVE('',#1361,#1360,#738,.T.);
#1712=EDGE_CURVE('',#1357,#1362,#739,.T.);
#1713=EDGE_CURVE('',#1362,#1361,#740,.T.);
#1714=EDGE_CURVE('',#1355,#1363,#741,.T.);
#1715=EDGE_CURVE('',#1363,#1362,#742,.T.);
#1716=EDGE_CURVE('',#1360,#1363,#743,.T.);
#1717=EDGE_CURVE('',#1364,#1364,#184,.T.);
#1718=EDGE_CURVE('',#1265,#1364,#744,.T.);
#1719=EDGE_CURVE('',#1359,#1365,#745,.T.);
#1720=EDGE_CURVE('',#1365,#1365,#185,.T.);
#1721=EDGE_CURVE('',#1366,#1367,#746,.T.);
#1722=EDGE_CURVE('',#1368,#1366,#747,.T.);
#1723=EDGE_CURVE('',#1369,#1368,#748,.T.);
#1724=EDGE_CURVE('',#1367,#1369,#749,.F.);
#1725=EDGE_CURVE('',#1351,#1366,#750,.F.);
#1726=EDGE_CURVE('',#1367,#1239,#751,.T.);
#1727=EDGE_CURVE('',#1370,#1352,#752,.T.);
#1728=EDGE_CURVE('',#1371,#1370,#186,.T.);
#1729=EDGE_CURVE('',#1371,#1368,#753,.T.);
#1730=EDGE_CURVE('',#1371,#1241,#754,.T.);
#1731=EDGE_CURVE('',#1240,#1369,#755,.T.);
#1732=EDGE_CURVE('',#1372,#1373,#756,.T.);
#1733=EDGE_CURVE('',#1372,#1374,#757,.T.);
#1734=EDGE_CURVE('',#1374,#1375,#758,.T.);
#1735=EDGE_CURVE('',#1373,#1375,#759,.T.);
#1736=EDGE_CURVE('',#1376,#1372,#760,.T.);
#1737=EDGE_CURVE('',#1376,#1377,#761,.T.);
#1738=EDGE_CURVE('',#1377,#1374,#762,.T.);
#1739=EDGE_CURVE('',#1378,#1376,#763,.T.);
#1740=EDGE_CURVE('',#1378,#1379,#764,.T.);
#1741=EDGE_CURVE('',#1379,#1377,#765,.T.);
#1742=EDGE_CURVE('',#1373,#1378,#766,.T.);
#1743=EDGE_CURVE('',#1375,#1379,#767,.T.);
#1744=EDGE_CURVE('',#1380,#1380,#187,.T.);
#1745=EDGE_CURVE('',#1381,#1381,#188,.F.);
#1746=EDGE_CURVE('',#1382,#1383,#768,.T.);
#1747=EDGE_CURVE('',#1383,#1384,#769,.T.);
#1748=EDGE_CURVE('',#1384,#1385,#770,.T.);
#1749=EDGE_CURVE('',#1382,#1385,#771,.T.);
#1750=EDGE_CURVE('',#1383,#1386,#772,.T.);
#1751=EDGE_CURVE('',#1386,#1387,#773,.T.);
#1752=EDGE_CURVE('',#1387,#1384,#774,.T.);
#1753=EDGE_CURVE('',#1386,#1388,#775,.T.);
#1754=EDGE_CURVE('',#1388,#1389,#776,.T.);
#1755=EDGE_CURVE('',#1389,#1387,#777,.T.);
#1756=EDGE_CURVE('',#1388,#1382,#778,.T.);
#1757=EDGE_CURVE('',#1385,#1389,#779,.T.);
#1758=EDGE_CURVE('',#1390,#1390,#189,.T.);
#1759=EDGE_CURVE('',#1391,#1391,#190,.F.);
#1760=EDGE_CURVE('',#1381,#1392,#780,.T.);
#1761=EDGE_CURVE('',#1392,#1392,#191,.T.);
#1762=EDGE_CURVE('',#1391,#1393,#781,.T.);
#1763=EDGE_CURVE('',#1393,#1393,#192,.T.);
#1764=EDGE_CURVE('',#1317,#1322,#782,.T.);
#1765=EDGE_CURVE('',#1394,#1262,#783,.T.);
#1766=EDGE_CURVE('',#1395,#1394,#784,.T.);
#1767=EDGE_CURVE('',#1395,#1263,#785,.T.);
#1768=EDGE_CURVE('',#1315,#1321,#193,.T.);
#1769=EDGE_CURVE('',#1396,#1354,#786,.T.);
#1770=EDGE_CURVE('',#1396,#1370,#787,.T.);
#1771=EDGE_CURVE('',#1397,#1396,#194,.T.);
#1772=EDGE_CURVE('',#1397,#1242,#788,.T.);
#1773=EDGE_CURVE('',#1398,#1397,#789,.T.);
#1774=EDGE_CURVE('',#1398,#1261,#790,.T.);
#1775=EDGE_CURVE('',#1394,#1398,#195,.T.);
#1776=EDGE_CURVE('',#1399,#1395,#196,.T.);
#1777=EDGE_CURVE('',#1399,#1264,#791,.T.);
#1778=EDGE_CURVE('',#1353,#1399,#792,.T.);
#1779=EDGE_CURVE('',#1349,#1348,#793,.T.);
#1780=EDGE_CURVE('',#1311,#1400,#794,.T.);
#1781=EDGE_CURVE('',#1400,#1400,#197,.T.);
#1782=EDGE_CURVE('',#1350,#1400,#795,.T.);
#1783=EDGE_CURVE('',#1401,#1402,#796,.T.);
#1784=EDGE_CURVE('',#1401,#1403,#797,.T.);
#1785=EDGE_CURVE('',#1403,#1404,#798,.T.);
#1786=EDGE_CURVE('',#1402,#1404,#799,.T.);
#1787=EDGE_CURVE('',#1405,#1401,#800,.T.);
#1788=EDGE_CURVE('',#1405,#1406,#801,.T.);
#1789=EDGE_CURVE('',#1406,#1403,#802,.T.);
#1790=EDGE_CURVE('',#1407,#1405,#803,.T.);
#1791=EDGE_CURVE('',#1407,#1408,#804,.T.);
#1792=EDGE_CURVE('',#1408,#1406,#805,.T.);
#1793=EDGE_CURVE('',#1402,#1407,#806,.T.);
#1794=EDGE_CURVE('',#1404,#1408,#807,.T.);
#1795=EDGE_CURVE('',#1409,#1409,#198,.T.);
#1796=EDGE_CURVE('',#1410,#1410,#199,.T.);
#1797=EDGE_CURVE('',#1411,#1412,#808,.T.);
#1798=EDGE_CURVE('',#1411,#1413,#809,.T.);
#1799=EDGE_CURVE('',#1413,#1414,#810,.T.);
#1800=EDGE_CURVE('',#1412,#1414,#811,.T.);
#1801=EDGE_CURVE('',#1415,#1411,#812,.T.);
#1802=EDGE_CURVE('',#1415,#1416,#813,.T.);
#1803=EDGE_CURVE('',#1416,#1413,#814,.T.);
#1804=EDGE_CURVE('',#1417,#1415,#815,.T.);
#1805=EDGE_CURVE('',#1417,#1418,#816,.T.);
#1806=EDGE_CURVE('',#1418,#1416,#817,.T.);
#1807=EDGE_CURVE('',#1412,#1417,#818,.T.);
#1808=EDGE_CURVE('',#1414,#1418,#819,.T.);
#1809=EDGE_CURVE('',#1419,#1419,#200,.T.);
#1810=EDGE_CURVE('',#1420,#1420,#201,.T.);
#1811=EDGE_CURVE('',#1410,#1421,#820,.T.);
#1812=EDGE_CURVE('',#1421,#1421,#202,.T.);
#1813=EDGE_CURVE('',#1420,#1422,#821,.T.);
#1814=EDGE_CURVE('',#1422,#1422,#203,.T.);
#1815=EDGE_CURVE('',#1423,#1423,#204,.T.);
#1816=EDGE_CURVE('',#1423,#1409,#822,.T.);
#1817=EDGE_CURVE('',#1424,#1424,#205,.T.);
#1818=EDGE_CURVE('',#1424,#1419,#823,.T.);
#1819=EDGE_CURVE('',#1425,#1426,#206,.T.);
#1820=EDGE_CURVE('',#1427,#1426,#824,.T.);
#1821=EDGE_CURVE('',#1427,#1428,#825,.F.);
#1822=EDGE_CURVE('',#1428,#1429,#826,.F.);
#1823=EDGE_CURVE('',#1429,#1430,#207,.T.);
#1824=EDGE_CURVE('',#1431,#1430,#827,.T.);
#1825=EDGE_CURVE('',#1431,#1432,#828,.F.);
#1826=EDGE_CURVE('',#1432,#1433,#829,.F.);
#1827=EDGE_CURVE('',#1433,#1434,#208,.T.);
#1828=EDGE_CURVE('',#1435,#1434,#830,.T.);
#1829=EDGE_CURVE('',#1435,#1436,#831,.F.);
#1830=EDGE_CURVE('',#1436,#1437,#832,.F.);
#1831=EDGE_CURVE('',#1437,#1438,#209,.T.);
#1832=EDGE_CURVE('',#1439,#1438,#833,.T.);
#1833=EDGE_CURVE('',#1439,#1440,#834,.F.);
#1834=EDGE_CURVE('',#1440,#1441,#835,.T.);
#1835=EDGE_CURVE('',#1442,#1441,#836,.F.);
#1836=EDGE_CURVE('',#1442,#1443,#837,.T.);
#1837=EDGE_CURVE('',#1443,#1444,#838,.F.);
#1838=EDGE_CURVE('',#1444,#1425,#839,.F.);
#1839=EDGE_CURVE('',#1445,#1446,#210,.T.);
#1840=EDGE_CURVE('',#1447,#1446,#840,.T.);
#1841=EDGE_CURVE('',#1447,#1448,#841,.F.);
#1842=EDGE_CURVE('',#1448,#1449,#842,.T.);
#1843=EDGE_CURVE('',#1450,#1449,#843,.F.);
#1844=EDGE_CURVE('',#1450,#1451,#844,.T.);
#1845=EDGE_CURVE('',#1451,#1452,#845,.F.);
#1846=EDGE_CURVE('',#1452,#1453,#846,.F.);
#1847=EDGE_CURVE('',#1453,#1454,#211,.T.);
#1848=EDGE_CURVE('',#1455,#1454,#847,.T.);
#1849=EDGE_CURVE('',#1455,#1456,#848,.F.);
#1850=EDGE_CURVE('',#1456,#1457,#849,.F.);
#1851=EDGE_CURVE('',#1457,#1458,#212,.T.);
#1852=EDGE_CURVE('',#1459,#1458,#850,.T.);
#1853=EDGE_CURVE('',#1459,#1460,#851,.F.);
#1854=EDGE_CURVE('',#1460,#1461,#852,.F.);
#1855=EDGE_CURVE('',#1461,#1462,#213,.T.);
#1856=EDGE_CURVE('',#1463,#1462,#853,.T.);
#1857=EDGE_CURVE('',#1463,#1464,#854,.F.);
#1858=EDGE_CURVE('',#1464,#1445,#855,.F.);
#1859=EDGE_CURVE('',#1433,#1458,#856,.T.);
#1860=EDGE_CURVE('',#1459,#1432,#857,.T.);
#1861=EDGE_CURVE('',#1429,#1462,#858,.T.);
#1862=EDGE_CURVE('',#1463,#1428,#859,.T.);
#1863=EDGE_CURVE('',#1453,#1438,#860,.T.);
#1864=EDGE_CURVE('',#1437,#1454,#861,.T.);
#1865=EDGE_CURVE('',#1439,#1452,#862,.T.);
#1866=EDGE_CURVE('',#1457,#1434,#863,.T.);
#1867=EDGE_CURVE('',#1435,#1456,#864,.T.);
#1868=EDGE_CURVE('',#1461,#1430,#865,.T.);
#1869=EDGE_CURVE('',#1431,#1460,#866,.T.);
#1870=EDGE_CURVE('',#1445,#1426,#867,.T.);
#1871=EDGE_CURVE('',#1425,#1446,#868,.T.);
#1872=EDGE_CURVE('',#1455,#1436,#869,.T.);
#1873=EDGE_CURVE('',#1427,#1464,#870,.T.);
#1874=EDGE_CURVE('',#1447,#1444,#871,.T.);
#1875=EDGE_CURVE('',#1451,#1465,#214,.T.);
#1876=EDGE_CURVE('',#1466,#1465,#872,.F.);
#1877=EDGE_CURVE('',#1466,#1440,#215,.T.);
#1878=EDGE_CURVE('',#1443,#1467,#216,.T.);
#1879=EDGE_CURVE('',#1468,#1467,#873,.F.);
#1880=EDGE_CURVE('',#1468,#1448,#217,.T.);
#1881=EDGE_CURVE('',#1469,#1442,#218,.F.);
#1882=EDGE_CURVE('',#1467,#1469,#874,.T.);
#1883=EDGE_CURVE('',#1470,#1468,#875,.T.);
#1884=EDGE_CURVE('',#1449,#1470,#219,.F.);
#1885=EDGE_CURVE('',#1471,#1450,#220,.F.);
#1886=EDGE_CURVE('',#1465,#1471,#876,.T.);
#1887=EDGE_CURVE('',#1472,#1466,#877,.T.);
#1888=EDGE_CURVE('',#1441,#1472,#221,.F.);
#1889=EDGE_CURVE('',#1472,#1471,#878,.F.);
#1890=EDGE_CURVE('',#1470,#1469,#879,.F.);
#1891=EDGE_CURVE('',#1473,#1473,#222,.T.);
#1892=EDGE_CURVE('',#1473,#1474,#880,.T.);
#1893=EDGE_CURVE('',#1474,#1474,#223,.F.);
#1894=EDGE_CURVE('',#1475,#1475,#224,.T.);
#1895=EDGE_CURVE('',#1476,#1476,#225,.T.);
#1896=EDGE_CURVE('',#1476,#1477,#881,.T.);
#1897=EDGE_CURVE('',#1477,#1477,#226,.F.);
#1898=EDGE_CURVE('',#1478,#1478,#227,.T.);
#1899=EDGE_CURVE('',#1479,#1480,#882,.F.);
#1900=EDGE_CURVE('',#1481,#1479,#883,.T.);
#1901=EDGE_CURVE('',#1482,#1481,#884,.F.);
#1902=EDGE_CURVE('',#1482,#1480,#885,.T.);
#1903=EDGE_CURVE('',#1483,#1484,#886,.F.);
#1904=EDGE_CURVE('',#1485,#1483,#887,.T.);
#1905=EDGE_CURVE('',#1486,#1485,#888,.F.);
#1906=EDGE_CURVE('',#1486,#1484,#889,.F.);
#1907=EDGE_CURVE('',#1487,#1488,#228,.T.);
#1908=EDGE_CURVE('',#1489,#1487,#890,.T.);
#1909=EDGE_CURVE('',#1490,#1489,#229,.T.);
#1910=EDGE_CURVE('',#1491,#1490,#891,.T.);
#1911=EDGE_CURVE('',#1492,#1491,#230,.T.);
#1912=EDGE_CURVE('',#1493,#1492,#892,.T.);
#1913=EDGE_CURVE('',#1494,#1493,#231,.T.);
#1914=EDGE_CURVE('',#1488,#1494,#893,.T.);
#1915=EDGE_CURVE('',#1495,#1496,#894,.F.);
#1916=EDGE_CURVE('',#1496,#1497,#895,.F.);
#1917=EDGE_CURVE('',#1497,#1498,#896,.F.);
#1918=EDGE_CURVE('',#1498,#1495,#897,.F.);
#1919=EDGE_CURVE('',#1484,#1479,#898,.F.);
#1920=EDGE_CURVE('',#1480,#1483,#899,.F.);
#1921=EDGE_CURVE('',#1499,#1496,#900,.F.);
#1922=EDGE_CURVE('',#1500,#1499,#901,.F.);
#1923=EDGE_CURVE('',#1500,#1497,#902,.T.);
#1924=EDGE_CURVE('',#1501,#1498,#903,.F.);
#1925=EDGE_CURVE('',#1502,#1501,#904,.F.);
#1926=EDGE_CURVE('',#1502,#1495,#905,.F.);
#1927=EDGE_CURVE('',#1475,#1380,#906,.T.);
#1928=EDGE_CURVE('',#1478,#1390,#907,.T.);
#1929=EDGE_CURVE('',#1485,#1482,#908,.F.);
#1930=EDGE_CURVE('',#1486,#1481,#909,.T.);
#1931=EDGE_CURVE('',#1501,#1500,#910,.F.);
#1932=EDGE_CURVE('',#1502,#1499,#911,.T.);
#1933=EDGE_CURVE('',#1503,#1504,#232,.T.);
#1934=EDGE_CURVE('',#1504,#1487,#912,.T.);
#1935=EDGE_CURVE('',#1488,#1503,#913,.T.);
#1936=EDGE_CURVE('',#1505,#1504,#914,.T.);
#1937=EDGE_CURVE('',#1489,#1505,#915,.T.);
#1938=EDGE_CURVE('',#1505,#1506,#233,.T.);
#1939=EDGE_CURVE('',#1506,#1490,#916,.T.);
#1940=EDGE_CURVE('',#1507,#1508,#234,.T.);
#1941=EDGE_CURVE('',#1508,#1494,#917,.T.);
#1942=EDGE_CURVE('',#1493,#1507,#918,.T.);
#1943=EDGE_CURVE('',#1509,#1492,#919,.T.);
#1944=EDGE_CURVE('',#1507,#1509,#920,.T.);
#1945=EDGE_CURVE('',#1510,#1509,#235,.T.);
#1946=EDGE_CURVE('',#1491,#1510,#921,.T.);
#1947=EDGE_CURVE('',#1510,#1506,#922,.T.);
#1948=EDGE_CURVE('',#1503,#1508,#923,.T.);
#1949=ORIENTED_EDGE('',*,*,#1511,.F.);
#1950=ORIENTED_EDGE('',*,*,#1512,.T.);
#1951=ORIENTED_EDGE('',*,*,#1513,.T.);
#1952=ORIENTED_EDGE('',*,*,#1514,.T.);
#1953=ORIENTED_EDGE('',*,*,#1514,.F.);
#1954=ORIENTED_EDGE('',*,*,#1515,.T.);
#1955=ORIENTED_EDGE('',*,*,#1516,.T.);
#1956=ORIENTED_EDGE('',*,*,#1517,.T.);
#1957=ORIENTED_EDGE('',*,*,#1518,.T.);
#1958=ORIENTED_EDGE('',*,*,#1519,.F.);
#1959=ORIENTED_EDGE('',*,*,#1520,.T.);
#1960=ORIENTED_EDGE('',*,*,#1521,.T.);
#1961=ORIENTED_EDGE('',*,*,#1522,.T.);
#1962=ORIENTED_EDGE('',*,*,#1523,.T.);
#1963=ORIENTED_EDGE('',*,*,#1524,.T.);
#1964=ORIENTED_EDGE('',*,*,#1525,.T.);
#1965=ORIENTED_EDGE('',*,*,#1522,.F.);
#1966=ORIENTED_EDGE('',*,*,#1526,.F.);
#1967=ORIENTED_EDGE('',*,*,#1527,.F.);
#1968=ORIENTED_EDGE('',*,*,#1528,.F.);
#1969=ORIENTED_EDGE('',*,*,#1529,.F.);
#1970=ORIENTED_EDGE('',*,*,#1525,.F.);
#1971=ORIENTED_EDGE('',*,*,#1530,.F.);
#1972=ORIENTED_EDGE('',*,*,#1531,.F.);
#1973=ORIENTED_EDGE('',*,*,#1532,.F.);
#1974=ORIENTED_EDGE('',*,*,#1533,.F.);
#1975=ORIENTED_EDGE('',*,*,#1526,.T.);
#1976=ORIENTED_EDGE('',*,*,#1534,.T.);
#1977=ORIENTED_EDGE('',*,*,#1535,.T.);
#1978=ORIENTED_EDGE('',*,*,#1536,.T.);
#1979=ORIENTED_EDGE('',*,*,#1537,.T.);
#1980=ORIENTED_EDGE('',*,*,#1536,.F.);
#1981=ORIENTED_EDGE('',*,*,#1538,.T.);
#1982=ORIENTED_EDGE('',*,*,#1539,.T.);
#1983=ORIENTED_EDGE('',*,*,#1540,.T.);
#1984=ORIENTED_EDGE('',*,*,#1541,.F.);
#1985=ORIENTED_EDGE('',*,*,#1542,.T.);
#1986=ORIENTED_EDGE('',*,*,#1539,.F.);
#1987=ORIENTED_EDGE('',*,*,#1543,.T.);
#1988=ORIENTED_EDGE('',*,*,#1543,.F.);
#1989=ORIENTED_EDGE('',*,*,#1538,.F.);
#1990=ORIENTED_EDGE('',*,*,#1535,.F.);
#1991=ORIENTED_EDGE('',*,*,#1544,.T.);
#1992=ORIENTED_EDGE('',*,*,#1545,.T.);
#1993=ORIENTED_EDGE('',*,*,#1546,.F.);
#1994=ORIENTED_EDGE('',*,*,#1547,.T.);
#1995=ORIENTED_EDGE('',*,*,#1548,.T.);
#1996=ORIENTED_EDGE('',*,*,#1549,.T.);
#1997=ORIENTED_EDGE('',*,*,#1550,.F.);
#1998=ORIENTED_EDGE('',*,*,#1551,.F.);
#1999=ORIENTED_EDGE('',*,*,#1552,.F.);
#2000=ORIENTED_EDGE('',*,*,#1523,.F.);
#2001=ORIENTED_EDGE('',*,*,#1529,.T.);
#2002=ORIENTED_EDGE('',*,*,#1553,.F.);
#2003=ORIENTED_EDGE('',*,*,#1554,.F.);
#2004=ORIENTED_EDGE('',*,*,#1512,.F.);
#2005=ORIENTED_EDGE('',*,*,#1553,.T.);
#2006=ORIENTED_EDGE('',*,*,#1528,.T.);
#2007=ORIENTED_EDGE('',*,*,#1555,.T.);
#2008=ORIENTED_EDGE('',*,*,#1556,.T.);
#2009=ORIENTED_EDGE('',*,*,#1557,.T.);
#2010=ORIENTED_EDGE('',*,*,#1558,.T.);
#2011=ORIENTED_EDGE('',*,*,#1531,.T.);
#2012=ORIENTED_EDGE('',*,*,#1559,.T.);
#2013=ORIENTED_EDGE('',*,*,#1560,.T.);
#2014=ORIENTED_EDGE('',*,*,#1561,.T.);
#2015=ORIENTED_EDGE('',*,*,#1562,.T.);
#2016=ORIENTED_EDGE('',*,*,#1563,.T.);
#2017=ORIENTED_EDGE('',*,*,#1564,.T.);
#2018=ORIENTED_EDGE('',*,*,#1560,.F.);
#2019=ORIENTED_EDGE('',*,*,#1565,.F.);
#2020=ORIENTED_EDGE('',*,*,#1566,.T.);
#2021=ORIENTED_EDGE('',*,*,#1563,.F.);
#2022=ORIENTED_EDGE('',*,*,#1567,.T.);
#2023=ORIENTED_EDGE('',*,*,#1568,.T.);
#2024=ORIENTED_EDGE('',*,*,#1569,.T.);
#2025=ORIENTED_EDGE('',*,*,#1570,.T.);
#2026=ORIENTED_EDGE('',*,*,#1571,.T.);
#2027=ORIENTED_EDGE('',*,*,#1572,.T.);
#2028=ORIENTED_EDGE('',*,*,#1568,.F.);
#2029=ORIENTED_EDGE('',*,*,#1573,.T.);
#2030=ORIENTED_EDGE('',*,*,#1574,.T.);
#2031=ORIENTED_EDGE('',*,*,#1575,.T.);
#2032=ORIENTED_EDGE('',*,*,#1571,.F.);
#2033=ORIENTED_EDGE('',*,*,#1576,.T.);
#2034=ORIENTED_EDGE('',*,*,#1577,.T.);
#2035=ORIENTED_EDGE('',*,*,#1578,.T.);
#2036=ORIENTED_EDGE('',*,*,#1574,.F.);
#2037=ORIENTED_EDGE('',*,*,#1579,.F.);
#2038=ORIENTED_EDGE('',*,*,#1580,.T.);
#2039=ORIENTED_EDGE('',*,*,#1577,.F.);
#2040=ORIENTED_EDGE('',*,*,#1581,.T.);
#2041=ORIENTED_EDGE('',*,*,#1582,.T.);
#2042=ORIENTED_EDGE('',*,*,#1583,.T.);
#2043=ORIENTED_EDGE('',*,*,#1584,.T.);
#2044=ORIENTED_EDGE('',*,*,#1585,.T.);
#2045=ORIENTED_EDGE('',*,*,#1586,.T.);
#2046=ORIENTED_EDGE('',*,*,#1582,.F.);
#2047=ORIENTED_EDGE('',*,*,#1587,.F.);
#2048=ORIENTED_EDGE('',*,*,#1588,.F.);
#2049=ORIENTED_EDGE('',*,*,#1589,.F.);
#2050=ORIENTED_EDGE('',*,*,#1590,.F.);
#2051=ORIENTED_EDGE('',*,*,#1591,.F.);
#2052=ORIENTED_EDGE('',*,*,#1592,.F.);
#2053=ORIENTED_EDGE('',*,*,#1593,.F.);
#2054=ORIENTED_EDGE('',*,*,#1594,.F.);
#2055=ORIENTED_EDGE('',*,*,#1595,.F.);
#2056=ORIENTED_EDGE('',*,*,#1588,.T.);
#2057=ORIENTED_EDGE('',*,*,#1596,.T.);
#2058=ORIENTED_EDGE('',*,*,#1594,.T.);
#2059=ORIENTED_EDGE('',*,*,#1597,.T.);
#2060=ORIENTED_EDGE('',*,*,#1598,.F.);
#2061=ORIENTED_EDGE('',*,*,#1599,.F.);
#2062=ORIENTED_EDGE('',*,*,#1600,.F.);
#2063=ORIENTED_EDGE('',*,*,#1601,.F.);
#2064=ORIENTED_EDGE('',*,*,#1602,.F.);
#2065=ORIENTED_EDGE('',*,*,#1603,.F.);
#2066=ORIENTED_EDGE('',*,*,#1591,.T.);
#2067=ORIENTED_EDGE('',*,*,#1604,.T.);
#2068=ORIENTED_EDGE('',*,*,#1602,.T.);
#2069=ORIENTED_EDGE('',*,*,#1605,.T.);
#2070=ORIENTED_EDGE('',*,*,#1606,.F.);
#2071=ORIENTED_EDGE('',*,*,#1607,.F.);
#2072=ORIENTED_EDGE('',*,*,#1608,.F.);
#2073=ORIENTED_EDGE('',*,*,#1609,.F.);
#2074=ORIENTED_EDGE('',*,*,#1610,.T.);
#2075=ORIENTED_EDGE('',*,*,#1607,.T.);
#2076=ORIENTED_EDGE('',*,*,#1611,.T.);
#2077=ORIENTED_EDGE('',*,*,#1603,.T.);
#2078=ORIENTED_EDGE('',*,*,#1612,.T.);
#2079=ORIENTED_EDGE('',*,*,#1613,.F.);
#2080=ORIENTED_EDGE('',*,*,#1614,.F.);
#2081=ORIENTED_EDGE('',*,*,#1615,.T.);
#2082=ORIENTED_EDGE('',*,*,#1616,.F.);
#2083=ORIENTED_EDGE('',*,*,#1608,.T.);
#2084=ORIENTED_EDGE('',*,*,#1617,.T.);
#2085=ORIENTED_EDGE('',*,*,#1599,.T.);
#2086=ORIENTED_EDGE('',*,*,#1618,.T.);
#2087=ORIENTED_EDGE('',*,*,#1619,.T.);
#2088=ORIENTED_EDGE('',*,*,#1606,.T.);
#2089=ORIENTED_EDGE('',*,*,#1620,.T.);
#2090=ORIENTED_EDGE('',*,*,#1621,.T.);
#2091=ORIENTED_EDGE('',*,*,#1595,.T.);
#2092=ORIENTED_EDGE('',*,*,#1622,.T.);
#2093=ORIENTED_EDGE('',*,*,#1601,.T.);
#2094=ORIENTED_EDGE('',*,*,#1623,.T.);
#2095=ORIENTED_EDGE('',*,*,#1624,.F.);
#2096=ORIENTED_EDGE('',*,*,#1557,.F.);
#2097=ORIENTED_EDGE('',*,*,#1625,.T.);
#2098=ORIENTED_EDGE('',*,*,#1621,.F.);
#2099=ORIENTED_EDGE('',*,*,#1626,.T.);
#2100=ORIENTED_EDGE('',*,*,#1542,.F.);
#2101=ORIENTED_EDGE('',*,*,#1627,.F.);
#2102=ORIENTED_EDGE('',*,*,#1628,.T.);
#2103=ORIENTED_EDGE('',*,*,#1590,.T.);
#2104=ORIENTED_EDGE('',*,*,#1629,.T.);
#2105=ORIENTED_EDGE('',*,*,#1600,.T.);
#2106=ORIENTED_EDGE('',*,*,#1630,.T.);
#2107=ORIENTED_EDGE('',*,*,#1631,.F.);
#2108=ORIENTED_EDGE('',*,*,#1632,.T.);
#2109=ORIENTED_EDGE('',*,*,#1633,.T.);
#2110=ORIENTED_EDGE('',*,*,#1598,.T.);
#2111=ORIENTED_EDGE('',*,*,#1634,.T.);
#2112=ORIENTED_EDGE('',*,*,#1635,.T.);
#2113=ORIENTED_EDGE('',*,*,#1636,.T.);
#2114=ORIENTED_EDGE('',*,*,#1593,.T.);
#2115=ORIENTED_EDGE('',*,*,#1637,.T.);
#2116=ORIENTED_EDGE('',*,*,#1638,.T.);
#2117=ORIENTED_EDGE('',*,*,#1592,.T.);
#2118=ORIENTED_EDGE('',*,*,#1639,.T.);
#2119=ORIENTED_EDGE('',*,*,#1587,.T.);
#2120=ORIENTED_EDGE('',*,*,#1640,.T.);
#2121=ORIENTED_EDGE('',*,*,#1537,.F.);
#2122=ORIENTED_EDGE('',*,*,#1641,.T.);
#2123=ORIENTED_EDGE('',*,*,#1635,.F.);
#2124=ORIENTED_EDGE('',*,*,#1642,.T.);
#2125=ORIENTED_EDGE('',*,*,#1643,.F.);
#2126=ORIENTED_EDGE('',*,*,#1644,.F.);
#2127=ORIENTED_EDGE('',*,*,#1645,.T.);
#2128=ORIENTED_EDGE('',*,*,#1638,.F.);
#2129=ORIENTED_EDGE('',*,*,#1646,.T.);
#2130=ORIENTED_EDGE('',*,*,#1647,.T.);
#2131=ORIENTED_EDGE('',*,*,#1648,.T.);
#2132=ORIENTED_EDGE('',*,*,#1589,.T.);
#2133=ORIENTED_EDGE('',*,*,#1649,.T.);
#2134=ORIENTED_EDGE('',*,*,#1585,.F.);
#2135=ORIENTED_EDGE('',*,*,#1650,.F.);
#2136=ORIENTED_EDGE('',*,*,#1651,.T.);
#2137=ORIENTED_EDGE('',*,*,#1647,.F.);
#2138=ORIENTED_EDGE('',*,*,#1652,.T.);
#2139=ORIENTED_EDGE('',*,*,#1653,.T.);
#2140=ORIENTED_EDGE('',*,*,#1654,.T.);
#2141=ORIENTED_EDGE('',*,*,#1655,.F.);
#2142=ORIENTED_EDGE('',*,*,#1656,.T.);
#2143=ORIENTED_EDGE('',*,*,#1653,.F.);
#2144=ORIENTED_EDGE('',*,*,#1657,.T.);
#2145=ORIENTED_EDGE('',*,*,#1658,.T.);
#2146=ORIENTED_EDGE('',*,*,#1659,.T.);
#2147=ORIENTED_EDGE('',*,*,#1658,.F.);
#2148=ORIENTED_EDGE('',*,*,#1660,.T.);
#2149=ORIENTED_EDGE('',*,*,#1661,.T.);
#2150=ORIENTED_EDGE('',*,*,#1662,.T.);
#2151=ORIENTED_EDGE('',*,*,#1661,.F.);
#2152=ORIENTED_EDGE('',*,*,#1663,.T.);
#2153=ORIENTED_EDGE('',*,*,#1664,.T.);
#2154=ORIENTED_EDGE('',*,*,#1665,.F.);
#2155=ORIENTED_EDGE('',*,*,#1666,.T.);
#2156=ORIENTED_EDGE('',*,*,#1664,.F.);
#2157=ORIENTED_EDGE('',*,*,#1667,.T.);
#2158=ORIENTED_EDGE('',*,*,#1668,.T.);
#2159=ORIENTED_EDGE('',*,*,#1669,.T.);
#2160=ORIENTED_EDGE('',*,*,#1670,.F.);
#2161=ORIENTED_EDGE('',*,*,#1671,.T.);
#2162=ORIENTED_EDGE('',*,*,#1668,.F.);
#2163=ORIENTED_EDGE('',*,*,#1672,.T.);
#2164=ORIENTED_EDGE('',*,*,#1673,.T.);
#2165=ORIENTED_EDGE('',*,*,#1533,.T.);
#2166=ORIENTED_EDGE('',*,*,#1674,.T.);
#2167=ORIENTED_EDGE('',*,*,#1673,.F.);
#2168=ORIENTED_EDGE('',*,*,#1675,.T.);
#2169=ORIENTED_EDGE('',*,*,#1555,.F.);
#2170=ORIENTED_EDGE('',*,*,#1527,.T.);
#2171=ORIENTED_EDGE('',*,*,#1614,.T.);
#2172=ORIENTED_EDGE('',*,*,#1676,.T.);
#2173=ORIENTED_EDGE('',*,*,#1677,.T.);
#2174=ORIENTED_EDGE('',*,*,#1676,.F.);
#2175=ORIENTED_EDGE('',*,*,#1613,.T.);
#2176=ORIENTED_EDGE('',*,*,#1678,.T.);
#2177=ORIENTED_EDGE('',*,*,#1627,.T.);
#2178=ORIENTED_EDGE('',*,*,#1679,.T.);
#2179=ORIENTED_EDGE('',*,*,#1612,.F.);
#2180=ORIENTED_EDGE('',*,*,#1604,.F.);
#2181=ORIENTED_EDGE('',*,*,#1628,.F.);
#2182=ORIENTED_EDGE('',*,*,#1678,.F.);
#2183=ORIENTED_EDGE('',*,*,#1610,.F.);
#2184=ORIENTED_EDGE('',*,*,#1680,.F.);
#2185=ORIENTED_EDGE('',*,*,#1630,.F.);
#2186=ORIENTED_EDGE('',*,*,#1617,.F.);
#2187=ORIENTED_EDGE('',*,*,#1551,.T.);
#2188=ORIENTED_EDGE('',*,*,#1681,.T.);
#2189=ORIENTED_EDGE('',*,*,#1643,.T.);
#2190=ORIENTED_EDGE('',*,*,#1682,.T.);
#2191=ORIENTED_EDGE('',*,*,#1649,.F.);
#2192=ORIENTED_EDGE('',*,*,#1597,.F.);
#2193=ORIENTED_EDGE('',*,*,#1636,.F.);
#2194=ORIENTED_EDGE('',*,*,#1683,.T.);
#2195=ORIENTED_EDGE('',*,*,#1586,.F.);
#2196=ORIENTED_EDGE('',*,*,#1683,.F.);
#2197=ORIENTED_EDGE('',*,*,#1645,.F.);
#2198=ORIENTED_EDGE('',*,*,#1684,.T.);
#2199=ORIENTED_EDGE('',*,*,#1579,.T.);
#2200=ORIENTED_EDGE('',*,*,#1685,.T.);
#2201=ORIENTED_EDGE('',*,*,#1650,.T.);
#2202=ORIENTED_EDGE('',*,*,#1686,.T.);
#2203=ORIENTED_EDGE('',*,*,#1687,.T.);
#2204=ORIENTED_EDGE('',*,*,#1686,.F.);
#2205=ORIENTED_EDGE('',*,*,#1655,.T.);
#2206=ORIENTED_EDGE('',*,*,#1688,.T.);
#2207=ORIENTED_EDGE('',*,*,#1583,.F.);
#2208=ORIENTED_EDGE('',*,*,#1684,.F.);
#2209=ORIENTED_EDGE('',*,*,#1651,.F.);
#2210=ORIENTED_EDGE('',*,*,#1685,.F.);
#2211=ORIENTED_EDGE('',*,*,#1580,.F.);
#2212=ORIENTED_EDGE('',*,*,#1688,.F.);
#2213=ORIENTED_EDGE('',*,*,#1654,.F.);
#2214=ORIENTED_EDGE('',*,*,#1689,.T.);
#2215=ORIENTED_EDGE('',*,*,#1578,.F.);
#2216=ORIENTED_EDGE('',*,*,#1689,.F.);
#2217=ORIENTED_EDGE('',*,*,#1656,.F.);
#2218=ORIENTED_EDGE('',*,*,#1690,.F.);
#2219=ORIENTED_EDGE('',*,*,#1575,.F.);
#2220=ORIENTED_EDGE('',*,*,#1690,.T.);
#2221=ORIENTED_EDGE('',*,*,#1659,.F.);
#2222=ORIENTED_EDGE('',*,*,#1691,.T.);
#2223=ORIENTED_EDGE('',*,*,#1572,.F.);
#2224=ORIENTED_EDGE('',*,*,#1691,.F.);
#2225=ORIENTED_EDGE('',*,*,#1662,.F.);
#2226=ORIENTED_EDGE('',*,*,#1692,.T.);
#2227=ORIENTED_EDGE('',*,*,#1565,.T.);
#2228=ORIENTED_EDGE('',*,*,#1693,.T.);
#2229=ORIENTED_EDGE('',*,*,#1665,.T.);
#2230=ORIENTED_EDGE('',*,*,#1694,.T.);
#2231=ORIENTED_EDGE('',*,*,#1695,.T.);
#2232=ORIENTED_EDGE('',*,*,#1694,.F.);
#2233=ORIENTED_EDGE('',*,*,#1670,.T.);
#2234=ORIENTED_EDGE('',*,*,#1696,.T.);
#2235=ORIENTED_EDGE('',*,*,#1569,.F.);
#2236=ORIENTED_EDGE('',*,*,#1692,.F.);
#2237=ORIENTED_EDGE('',*,*,#1666,.F.);
#2238=ORIENTED_EDGE('',*,*,#1693,.F.);
#2239=ORIENTED_EDGE('',*,*,#1566,.F.);
#2240=ORIENTED_EDGE('',*,*,#1696,.F.);
#2241=ORIENTED_EDGE('',*,*,#1669,.F.);
#2242=ORIENTED_EDGE('',*,*,#1697,.T.);
#2243=ORIENTED_EDGE('',*,*,#1564,.F.);
#2244=ORIENTED_EDGE('',*,*,#1697,.F.);
#2245=ORIENTED_EDGE('',*,*,#1671,.F.);
#2246=ORIENTED_EDGE('',*,*,#1698,.T.);
#2247=ORIENTED_EDGE('',*,*,#1532,.T.);
#2248=ORIENTED_EDGE('',*,*,#1561,.F.);
#2249=ORIENTED_EDGE('',*,*,#1698,.F.);
#2250=ORIENTED_EDGE('',*,*,#1674,.F.);
#2251=ORIENTED_EDGE('',*,*,#1605,.F.);
#2252=ORIENTED_EDGE('',*,*,#1622,.F.);
#2253=ORIENTED_EDGE('',*,*,#1596,.F.);
#2254=ORIENTED_EDGE('',*,*,#1639,.F.);
#2255=ORIENTED_EDGE('',*,*,#1699,.F.);
#2256=ORIENTED_EDGE('',*,*,#1700,.T.);
#2257=ORIENTED_EDGE('',*,*,#1516,.F.);
#2258=ORIENTED_EDGE('',*,*,#1701,.F.);
#2259=ORIENTED_EDGE('',*,*,#1702,.F.);
#2260=ORIENTED_EDGE('',*,*,#1703,.T.);
#2261=ORIENTED_EDGE('',*,*,#1704,.F.);
#2262=ORIENTED_EDGE('',*,*,#1705,.F.);
#2263=ORIENTED_EDGE('',*,*,#1706,.F.);
#2264=ORIENTED_EDGE('',*,*,#1707,.F.);
#2265=ORIENTED_EDGE('',*,*,#1708,.F.);
#2266=ORIENTED_EDGE('',*,*,#1709,.T.);
#2267=ORIENTED_EDGE('',*,*,#1707,.T.);
#2268=ORIENTED_EDGE('',*,*,#1710,.T.);
#2269=ORIENTED_EDGE('',*,*,#1711,.T.);
#2270=ORIENTED_EDGE('',*,*,#1710,.F.);
#2271=ORIENTED_EDGE('',*,*,#1706,.T.);
#2272=ORIENTED_EDGE('',*,*,#1712,.T.);
#2273=ORIENTED_EDGE('',*,*,#1713,.T.);
#2274=ORIENTED_EDGE('',*,*,#1712,.F.);
#2275=ORIENTED_EDGE('',*,*,#1705,.T.);
#2276=ORIENTED_EDGE('',*,*,#1714,.T.);
#2277=ORIENTED_EDGE('',*,*,#1715,.T.);
#2278=ORIENTED_EDGE('',*,*,#1714,.F.);
#2279=ORIENTED_EDGE('',*,*,#1704,.T.);
#2280=ORIENTED_EDGE('',*,*,#1709,.F.);
#2281=ORIENTED_EDGE('',*,*,#1716,.T.);
#2282=ORIENTED_EDGE('',*,*,#1716,.F.);
#2283=ORIENTED_EDGE('',*,*,#1711,.F.);
#2284=ORIENTED_EDGE('',*,*,#1713,.F.);
#2285=ORIENTED_EDGE('',*,*,#1715,.F.);
#2286=ORIENTED_EDGE('',*,*,#1717,.F.);
#2287=ORIENTED_EDGE('',*,*,#1549,.F.);
#2288=ORIENTED_EDGE('',*,*,#1718,.T.);
#2289=ORIENTED_EDGE('',*,*,#1717,.T.);
#2290=ORIENTED_EDGE('',*,*,#1718,.F.);
#2291=ORIENTED_EDGE('',*,*,#1708,.T.);
#2292=ORIENTED_EDGE('',*,*,#1719,.T.);
#2293=ORIENTED_EDGE('',*,*,#1720,.T.);
#2294=ORIENTED_EDGE('',*,*,#1719,.F.);
#2295=ORIENTED_EDGE('',*,*,#1720,.F.);
#2296=ORIENTED_EDGE('',*,*,#1721,.F.);
#2297=ORIENTED_EDGE('',*,*,#1722,.F.);
#2298=ORIENTED_EDGE('',*,*,#1723,.F.);
#2299=ORIENTED_EDGE('',*,*,#1724,.F.);
#2300=ORIENTED_EDGE('',*,*,#1725,.T.);
#2301=ORIENTED_EDGE('',*,*,#1721,.T.);
#2302=ORIENTED_EDGE('',*,*,#1726,.T.);
#2303=ORIENTED_EDGE('',*,*,#1517,.F.);
#2304=ORIENTED_EDGE('',*,*,#1700,.F.);
#2305=ORIENTED_EDGE('',*,*,#1699,.T.);
#2306=ORIENTED_EDGE('',*,*,#1727,.F.);
#2307=ORIENTED_EDGE('',*,*,#1728,.F.);
#2308=ORIENTED_EDGE('',*,*,#1729,.T.);
#2309=ORIENTED_EDGE('',*,*,#1722,.T.);
#2310=ORIENTED_EDGE('',*,*,#1725,.F.);
#2311=ORIENTED_EDGE('',*,*,#1730,.T.);
#2312=ORIENTED_EDGE('',*,*,#1519,.T.);
#2313=ORIENTED_EDGE('',*,*,#1731,.T.);
#2314=ORIENTED_EDGE('',*,*,#1723,.T.);
#2315=ORIENTED_EDGE('',*,*,#1729,.F.);
#2316=ORIENTED_EDGE('',*,*,#1724,.T.);
#2317=ORIENTED_EDGE('',*,*,#1731,.F.);
#2318=ORIENTED_EDGE('',*,*,#1518,.F.);
#2319=ORIENTED_EDGE('',*,*,#1726,.F.);
#2320=ORIENTED_EDGE('',*,*,#1732,.F.);
#2321=ORIENTED_EDGE('',*,*,#1733,.T.);
#2322=ORIENTED_EDGE('',*,*,#1734,.T.);
#2323=ORIENTED_EDGE('',*,*,#1735,.F.);
#2324=ORIENTED_EDGE('',*,*,#1736,.F.);
#2325=ORIENTED_EDGE('',*,*,#1737,.T.);
#2326=ORIENTED_EDGE('',*,*,#1738,.T.);
#2327=ORIENTED_EDGE('',*,*,#1733,.F.);
#2328=ORIENTED_EDGE('',*,*,#1739,.F.);
#2329=ORIENTED_EDGE('',*,*,#1740,.T.);
#2330=ORIENTED_EDGE('',*,*,#1741,.T.);
#2331=ORIENTED_EDGE('',*,*,#1737,.F.);
#2332=ORIENTED_EDGE('',*,*,#1742,.F.);
#2333=ORIENTED_EDGE('',*,*,#1735,.T.);
#2334=ORIENTED_EDGE('',*,*,#1743,.T.);
#2335=ORIENTED_EDGE('',*,*,#1740,.F.);
#2336=ORIENTED_EDGE('',*,*,#1743,.F.);
#2337=ORIENTED_EDGE('',*,*,#1734,.F.);
#2338=ORIENTED_EDGE('',*,*,#1738,.F.);
#2339=ORIENTED_EDGE('',*,*,#1741,.F.);
#2340=ORIENTED_EDGE('',*,*,#1744,.F.);
#2341=ORIENTED_EDGE('',*,*,#1742,.T.);
#2342=ORIENTED_EDGE('',*,*,#1739,.T.);
#2343=ORIENTED_EDGE('',*,*,#1736,.T.);
#2344=ORIENTED_EDGE('',*,*,#1732,.T.);
#2345=ORIENTED_EDGE('',*,*,#1745,.F.);
#2346=ORIENTED_EDGE('',*,*,#1746,.T.);
#2347=ORIENTED_EDGE('',*,*,#1747,.T.);
#2348=ORIENTED_EDGE('',*,*,#1748,.T.);
#2349=ORIENTED_EDGE('',*,*,#1749,.F.);
#2350=ORIENTED_EDGE('',*,*,#1750,.T.);
#2351=ORIENTED_EDGE('',*,*,#1751,.T.);
#2352=ORIENTED_EDGE('',*,*,#1752,.T.);
#2353=ORIENTED_EDGE('',*,*,#1747,.F.);
#2354=ORIENTED_EDGE('',*,*,#1753,.T.);
#2355=ORIENTED_EDGE('',*,*,#1754,.T.);
#2356=ORIENTED_EDGE('',*,*,#1755,.T.);
#2357=ORIENTED_EDGE('',*,*,#1751,.F.);
#2358=ORIENTED_EDGE('',*,*,#1756,.T.);
#2359=ORIENTED_EDGE('',*,*,#1749,.T.);
#2360=ORIENTED_EDGE('',*,*,#1757,.T.);
#2361=ORIENTED_EDGE('',*,*,#1754,.F.);
#2362=ORIENTED_EDGE('',*,*,#1757,.F.);
#2363=ORIENTED_EDGE('',*,*,#1748,.F.);
#2364=ORIENTED_EDGE('',*,*,#1752,.F.);
#2365=ORIENTED_EDGE('',*,*,#1755,.F.);
#2366=ORIENTED_EDGE('',*,*,#1758,.F.);
#2367=ORIENTED_EDGE('',*,*,#1756,.F.);
#2368=ORIENTED_EDGE('',*,*,#1753,.F.);
#2369=ORIENTED_EDGE('',*,*,#1750,.F.);
#2370=ORIENTED_EDGE('',*,*,#1746,.F.);
#2371=ORIENTED_EDGE('',*,*,#1759,.F.);
#2372=ORIENTED_EDGE('',*,*,#1745,.T.);
#2373=ORIENTED_EDGE('',*,*,#1760,.T.);
#2374=ORIENTED_EDGE('',*,*,#1761,.T.);
#2375=ORIENTED_EDGE('',*,*,#1760,.F.);
#2376=ORIENTED_EDGE('',*,*,#1759,.T.);
#2377=ORIENTED_EDGE('',*,*,#1762,.T.);
#2378=ORIENTED_EDGE('',*,*,#1763,.T.);
#2379=ORIENTED_EDGE('',*,*,#1762,.F.);
#2380=ORIENTED_EDGE('',*,*,#1633,.F.);
#2381=ORIENTED_EDGE('',*,*,#1764,.F.);
#2382=ORIENTED_EDGE('',*,*,#1620,.F.);
#2383=ORIENTED_EDGE('',*,*,#1618,.F.);
#2384=ORIENTED_EDGE('',*,*,#1540,.F.);
#2385=ORIENTED_EDGE('',*,*,#1626,.F.);
#2386=ORIENTED_EDGE('',*,*,#1764,.T.);
#2387=ORIENTED_EDGE('',*,*,#1641,.F.);
#2388=ORIENTED_EDGE('',*,*,#1552,.T.);
#2389=ORIENTED_EDGE('',*,*,#1682,.F.);
#2390=ORIENTED_EDGE('',*,*,#1642,.F.);
#2391=ORIENTED_EDGE('',*,*,#1634,.F.);
#2392=ORIENTED_EDGE('',*,*,#1629,.F.);
#2393=ORIENTED_EDGE('',*,*,#1640,.F.);
#2394=ORIENTED_EDGE('',*,*,#1648,.F.);
#2395=ORIENTED_EDGE('',*,*,#1584,.F.);
#2396=ORIENTED_EDGE('',*,*,#1581,.F.);
#2397=ORIENTED_EDGE('',*,*,#1576,.F.);
#2398=ORIENTED_EDGE('',*,*,#1573,.F.);
#2399=ORIENTED_EDGE('',*,*,#1570,.F.);
#2400=ORIENTED_EDGE('',*,*,#1567,.F.);
#2401=ORIENTED_EDGE('',*,*,#1562,.F.);
#2402=ORIENTED_EDGE('',*,*,#1559,.F.);
#2403=ORIENTED_EDGE('',*,*,#1530,.T.);
#2404=ORIENTED_EDGE('',*,*,#1524,.F.);
#2405=ORIENTED_EDGE('',*,*,#1546,.T.);
#2406=ORIENTED_EDGE('',*,*,#1765,.F.);
#2407=ORIENTED_EDGE('',*,*,#1766,.F.);
#2408=ORIENTED_EDGE('',*,*,#1767,.T.);
#2409=ORIENTED_EDGE('',*,*,#1615,.F.);
#2410=ORIENTED_EDGE('',*,*,#1679,.F.);
#2411=ORIENTED_EDGE('',*,*,#1632,.F.);
#2412=ORIENTED_EDGE('',*,*,#1768,.F.);
#2413=ORIENTED_EDGE('',*,*,#1703,.F.);
#2414=ORIENTED_EDGE('',*,*,#1769,.F.);
#2415=ORIENTED_EDGE('',*,*,#1770,.T.);
#2416=ORIENTED_EDGE('',*,*,#1727,.T.);
#2417=ORIENTED_EDGE('',*,*,#1728,.T.);
#2418=ORIENTED_EDGE('',*,*,#1770,.F.);
#2419=ORIENTED_EDGE('',*,*,#1771,.F.);
#2420=ORIENTED_EDGE('',*,*,#1772,.T.);
#2421=ORIENTED_EDGE('',*,*,#1520,.F.);
#2422=ORIENTED_EDGE('',*,*,#1730,.F.);
#2423=ORIENTED_EDGE('',*,*,#1773,.F.);
#2424=ORIENTED_EDGE('',*,*,#1774,.T.);
#2425=ORIENTED_EDGE('',*,*,#1544,.F.);
#2426=ORIENTED_EDGE('',*,*,#1534,.F.);
#2427=ORIENTED_EDGE('',*,*,#1644,.T.);
#2428=ORIENTED_EDGE('',*,*,#1681,.F.);
#2429=ORIENTED_EDGE('',*,*,#1550,.T.);
#2430=ORIENTED_EDGE('',*,*,#1511,.T.);
#2431=ORIENTED_EDGE('',*,*,#1521,.F.);
#2432=ORIENTED_EDGE('',*,*,#1772,.F.);
#2433=ORIENTED_EDGE('',*,*,#1775,.F.);
#2434=ORIENTED_EDGE('',*,*,#1765,.T.);
#2435=ORIENTED_EDGE('',*,*,#1545,.F.);
#2436=ORIENTED_EDGE('',*,*,#1774,.F.);
#2437=ORIENTED_EDGE('',*,*,#1776,.F.);
#2438=ORIENTED_EDGE('',*,*,#1777,.T.);
#2439=ORIENTED_EDGE('',*,*,#1547,.F.);
#2440=ORIENTED_EDGE('',*,*,#1767,.F.);
#2441=ORIENTED_EDGE('',*,*,#1778,.F.);
#2442=ORIENTED_EDGE('',*,*,#1701,.T.);
#2443=ORIENTED_EDGE('',*,*,#1515,.F.);
#2444=ORIENTED_EDGE('',*,*,#1513,.F.);
#2445=ORIENTED_EDGE('',*,*,#1554,.T.);
#2446=ORIENTED_EDGE('',*,*,#1558,.F.);
#2447=ORIENTED_EDGE('',*,*,#1624,.T.);
#2448=ORIENTED_EDGE('',*,*,#1541,.T.);
#2449=ORIENTED_EDGE('',*,*,#1548,.F.);
#2450=ORIENTED_EDGE('',*,*,#1777,.F.);
#2451=ORIENTED_EDGE('',*,*,#1687,.F.);
#2452=ORIENTED_EDGE('',*,*,#1779,.T.);
#2453=ORIENTED_EDGE('',*,*,#1677,.F.);
#2454=ORIENTED_EDGE('',*,*,#1779,.F.);
#2455=ORIENTED_EDGE('',*,*,#1609,.T.);
#2456=ORIENTED_EDGE('',*,*,#1780,.T.);
#2457=ORIENTED_EDGE('',*,*,#1781,.T.);
#2458=ORIENTED_EDGE('',*,*,#1780,.F.);
#2459=ORIENTED_EDGE('',*,*,#1616,.T.);
#2460=ORIENTED_EDGE('',*,*,#1768,.T.);
#2461=ORIENTED_EDGE('',*,*,#1631,.T.);
#2462=ORIENTED_EDGE('',*,*,#1680,.T.);
#2463=ORIENTED_EDGE('',*,*,#1695,.F.);
#2464=ORIENTED_EDGE('',*,*,#1782,.T.);
#2465=ORIENTED_EDGE('',*,*,#1781,.F.);
#2466=ORIENTED_EDGE('',*,*,#1782,.F.);
#2467=ORIENTED_EDGE('',*,*,#1625,.F.);
#2468=ORIENTED_EDGE('',*,*,#1556,.F.);
#2469=ORIENTED_EDGE('',*,*,#1675,.F.);
#2470=ORIENTED_EDGE('',*,*,#1672,.F.);
#2471=ORIENTED_EDGE('',*,*,#1667,.F.);
#2472=ORIENTED_EDGE('',*,*,#1663,.F.);
#2473=ORIENTED_EDGE('',*,*,#1660,.F.);
#2474=ORIENTED_EDGE('',*,*,#1657,.F.);
#2475=ORIENTED_EDGE('',*,*,#1652,.F.);
#2476=ORIENTED_EDGE('',*,*,#1646,.F.);
#2477=ORIENTED_EDGE('',*,*,#1637,.F.);
#2478=ORIENTED_EDGE('',*,*,#1623,.F.);
#2479=ORIENTED_EDGE('',*,*,#1611,.F.);
#2480=ORIENTED_EDGE('',*,*,#1619,.F.);
#2481=ORIENTED_EDGE('',*,*,#1783,.F.);
#2482=ORIENTED_EDGE('',*,*,#1784,.T.);
#2483=ORIENTED_EDGE('',*,*,#1785,.T.);
#2484=ORIENTED_EDGE('',*,*,#1786,.F.);
#2485=ORIENTED_EDGE('',*,*,#1787,.F.);
#2486=ORIENTED_EDGE('',*,*,#1788,.T.);
#2487=ORIENTED_EDGE('',*,*,#1789,.T.);
#2488=ORIENTED_EDGE('',*,*,#1784,.F.);
#2489=ORIENTED_EDGE('',*,*,#1790,.F.);
#2490=ORIENTED_EDGE('',*,*,#1791,.T.);
#2491=ORIENTED_EDGE('',*,*,#1792,.T.);
#2492=ORIENTED_EDGE('',*,*,#1788,.F.);
#2493=ORIENTED_EDGE('',*,*,#1793,.F.);
#2494=ORIENTED_EDGE('',*,*,#1786,.T.);
#2495=ORIENTED_EDGE('',*,*,#1794,.T.);
#2496=ORIENTED_EDGE('',*,*,#1791,.F.);
#2497=ORIENTED_EDGE('',*,*,#1794,.F.);
#2498=ORIENTED_EDGE('',*,*,#1785,.F.);
#2499=ORIENTED_EDGE('',*,*,#1789,.F.);
#2500=ORIENTED_EDGE('',*,*,#1792,.F.);
#2501=ORIENTED_EDGE('',*,*,#1795,.F.);
#2502=ORIENTED_EDGE('',*,*,#1793,.T.);
#2503=ORIENTED_EDGE('',*,*,#1790,.T.);
#2504=ORIENTED_EDGE('',*,*,#1787,.T.);
#2505=ORIENTED_EDGE('',*,*,#1783,.T.);
#2506=ORIENTED_EDGE('',*,*,#1796,.F.);
#2507=ORIENTED_EDGE('',*,*,#1797,.F.);
#2508=ORIENTED_EDGE('',*,*,#1798,.T.);
#2509=ORIENTED_EDGE('',*,*,#1799,.T.);
#2510=ORIENTED_EDGE('',*,*,#1800,.F.);
#2511=ORIENTED_EDGE('',*,*,#1801,.F.);
#2512=ORIENTED_EDGE('',*,*,#1802,.T.);
#2513=ORIENTED_EDGE('',*,*,#1803,.T.);
#2514=ORIENTED_EDGE('',*,*,#1798,.F.);
#2515=ORIENTED_EDGE('',*,*,#1804,.F.);
#2516=ORIENTED_EDGE('',*,*,#1805,.T.);
#2517=ORIENTED_EDGE('',*,*,#1806,.T.);
#2518=ORIENTED_EDGE('',*,*,#1802,.F.);
#2519=ORIENTED_EDGE('',*,*,#1807,.F.);
#2520=ORIENTED_EDGE('',*,*,#1800,.T.);
#2521=ORIENTED_EDGE('',*,*,#1808,.T.);
#2522=ORIENTED_EDGE('',*,*,#1805,.F.);
#2523=ORIENTED_EDGE('',*,*,#1808,.F.);
#2524=ORIENTED_EDGE('',*,*,#1799,.F.);
#2525=ORIENTED_EDGE('',*,*,#1803,.F.);
#2526=ORIENTED_EDGE('',*,*,#1806,.F.);
#2527=ORIENTED_EDGE('',*,*,#1809,.F.);
#2528=ORIENTED_EDGE('',*,*,#1807,.T.);
#2529=ORIENTED_EDGE('',*,*,#1804,.T.);
#2530=ORIENTED_EDGE('',*,*,#1801,.T.);
#2531=ORIENTED_EDGE('',*,*,#1797,.T.);
#2532=ORIENTED_EDGE('',*,*,#1810,.F.);
#2533=ORIENTED_EDGE('',*,*,#1796,.T.);
#2534=ORIENTED_EDGE('',*,*,#1811,.T.);
#2535=ORIENTED_EDGE('',*,*,#1812,.T.);
#2536=ORIENTED_EDGE('',*,*,#1811,.F.);
#2537=ORIENTED_EDGE('',*,*,#1810,.T.);
#2538=ORIENTED_EDGE('',*,*,#1813,.T.);
#2539=ORIENTED_EDGE('',*,*,#1814,.T.);
#2540=ORIENTED_EDGE('',*,*,#1813,.F.);
#2541=ORIENTED_EDGE('',*,*,#1815,.F.);
#2542=ORIENTED_EDGE('',*,*,#1816,.T.);
#2543=ORIENTED_EDGE('',*,*,#1795,.T.);
#2544=ORIENTED_EDGE('',*,*,#1816,.F.);
#2545=ORIENTED_EDGE('',*,*,#1812,.F.);
#2546=ORIENTED_EDGE('',*,*,#1817,.F.);
#2547=ORIENTED_EDGE('',*,*,#1818,.T.);
#2548=ORIENTED_EDGE('',*,*,#1809,.T.);
#2549=ORIENTED_EDGE('',*,*,#1818,.F.);
#2550=ORIENTED_EDGE('',*,*,#1814,.F.);
#2551=ORIENTED_EDGE('',*,*,#1819,.T.);
#2552=ORIENTED_EDGE('',*,*,#1820,.F.);
#2553=ORIENTED_EDGE('',*,*,#1821,.T.);
#2554=ORIENTED_EDGE('',*,*,#1822,.T.);
#2555=ORIENTED_EDGE('',*,*,#1823,.T.);
#2556=ORIENTED_EDGE('',*,*,#1824,.F.);
#2557=ORIENTED_EDGE('',*,*,#1825,.T.);
#2558=ORIENTED_EDGE('',*,*,#1826,.T.);
#2559=ORIENTED_EDGE('',*,*,#1827,.T.);
#2560=ORIENTED_EDGE('',*,*,#1828,.F.);
#2561=ORIENTED_EDGE('',*,*,#1829,.T.);
#2562=ORIENTED_EDGE('',*,*,#1830,.T.);
#2563=ORIENTED_EDGE('',*,*,#1831,.T.);
#2564=ORIENTED_EDGE('',*,*,#1832,.F.);
#2565=ORIENTED_EDGE('',*,*,#1833,.T.);
#2566=ORIENTED_EDGE('',*,*,#1834,.T.);
#2567=ORIENTED_EDGE('',*,*,#1835,.F.);
#2568=ORIENTED_EDGE('',*,*,#1836,.T.);
#2569=ORIENTED_EDGE('',*,*,#1837,.T.);
#2570=ORIENTED_EDGE('',*,*,#1838,.T.);
#2571=ORIENTED_EDGE('',*,*,#1839,.T.);
#2572=ORIENTED_EDGE('',*,*,#1840,.F.);
#2573=ORIENTED_EDGE('',*,*,#1841,.T.);
#2574=ORIENTED_EDGE('',*,*,#1842,.T.);
#2575=ORIENTED_EDGE('',*,*,#1843,.F.);
#2576=ORIENTED_EDGE('',*,*,#1844,.T.);
#2577=ORIENTED_EDGE('',*,*,#1845,.T.);
#2578=ORIENTED_EDGE('',*,*,#1846,.T.);
#2579=ORIENTED_EDGE('',*,*,#1847,.T.);
#2580=ORIENTED_EDGE('',*,*,#1848,.F.);
#2581=ORIENTED_EDGE('',*,*,#1849,.T.);
#2582=ORIENTED_EDGE('',*,*,#1850,.T.);
#2583=ORIENTED_EDGE('',*,*,#1851,.T.);
#2584=ORIENTED_EDGE('',*,*,#1852,.F.);
#2585=ORIENTED_EDGE('',*,*,#1853,.T.);
#2586=ORIENTED_EDGE('',*,*,#1854,.T.);
#2587=ORIENTED_EDGE('',*,*,#1855,.T.);
#2588=ORIENTED_EDGE('',*,*,#1856,.F.);
#2589=ORIENTED_EDGE('',*,*,#1857,.T.);
#2590=ORIENTED_EDGE('',*,*,#1858,.T.);
#2591=ORIENTED_EDGE('',*,*,#1859,.F.);
#2592=ORIENTED_EDGE('',*,*,#1826,.F.);
#2593=ORIENTED_EDGE('',*,*,#1860,.F.);
#2594=ORIENTED_EDGE('',*,*,#1852,.T.);
#2595=ORIENTED_EDGE('',*,*,#1861,.F.);
#2596=ORIENTED_EDGE('',*,*,#1822,.F.);
#2597=ORIENTED_EDGE('',*,*,#1862,.F.);
#2598=ORIENTED_EDGE('',*,*,#1856,.T.);
#2599=ORIENTED_EDGE('',*,*,#1847,.F.);
#2600=ORIENTED_EDGE('',*,*,#1863,.T.);
#2601=ORIENTED_EDGE('',*,*,#1831,.F.);
#2602=ORIENTED_EDGE('',*,*,#1864,.T.);
#2603=ORIENTED_EDGE('',*,*,#1863,.F.);
#2604=ORIENTED_EDGE('',*,*,#1846,.F.);
#2605=ORIENTED_EDGE('',*,*,#1865,.F.);
#2606=ORIENTED_EDGE('',*,*,#1832,.T.);
#2607=ORIENTED_EDGE('',*,*,#1851,.F.);
#2608=ORIENTED_EDGE('',*,*,#1866,.T.);
#2609=ORIENTED_EDGE('',*,*,#1827,.F.);
#2610=ORIENTED_EDGE('',*,*,#1859,.T.);
#2611=ORIENTED_EDGE('',*,*,#1866,.F.);
#2612=ORIENTED_EDGE('',*,*,#1850,.F.);
#2613=ORIENTED_EDGE('',*,*,#1867,.F.);
#2614=ORIENTED_EDGE('',*,*,#1828,.T.);
#2615=ORIENTED_EDGE('',*,*,#1855,.F.);
#2616=ORIENTED_EDGE('',*,*,#1868,.T.);
#2617=ORIENTED_EDGE('',*,*,#1823,.F.);
#2618=ORIENTED_EDGE('',*,*,#1861,.T.);
#2619=ORIENTED_EDGE('',*,*,#1868,.F.);
#2620=ORIENTED_EDGE('',*,*,#1854,.F.);
#2621=ORIENTED_EDGE('',*,*,#1869,.F.);
#2622=ORIENTED_EDGE('',*,*,#1824,.T.);
#2623=ORIENTED_EDGE('',*,*,#1839,.F.);
#2624=ORIENTED_EDGE('',*,*,#1870,.T.);
#2625=ORIENTED_EDGE('',*,*,#1819,.F.);
#2626=ORIENTED_EDGE('',*,*,#1871,.T.);
#2627=ORIENTED_EDGE('',*,*,#1864,.F.);
#2628=ORIENTED_EDGE('',*,*,#1830,.F.);
#2629=ORIENTED_EDGE('',*,*,#1872,.F.);
#2630=ORIENTED_EDGE('',*,*,#1848,.T.);
#2631=ORIENTED_EDGE('',*,*,#1870,.F.);
#2632=ORIENTED_EDGE('',*,*,#1858,.F.);
#2633=ORIENTED_EDGE('',*,*,#1873,.F.);
#2634=ORIENTED_EDGE('',*,*,#1820,.T.);
#2635=ORIENTED_EDGE('',*,*,#1871,.F.);
#2636=ORIENTED_EDGE('',*,*,#1838,.F.);
#2637=ORIENTED_EDGE('',*,*,#1874,.F.);
#2638=ORIENTED_EDGE('',*,*,#1840,.T.);
#2639=ORIENTED_EDGE('',*,*,#1865,.T.);
#2640=ORIENTED_EDGE('',*,*,#1845,.F.);
#2641=ORIENTED_EDGE('',*,*,#1875,.T.);
#2642=ORIENTED_EDGE('',*,*,#1876,.F.);
#2643=ORIENTED_EDGE('',*,*,#1877,.T.);
#2644=ORIENTED_EDGE('',*,*,#1833,.F.);
#2645=ORIENTED_EDGE('',*,*,#1815,.T.);
#2646=ORIENTED_EDGE('',*,*,#1869,.T.);
#2647=ORIENTED_EDGE('',*,*,#1853,.F.);
#2648=ORIENTED_EDGE('',*,*,#1860,.T.);
#2649=ORIENTED_EDGE('',*,*,#1825,.F.);
#2650=ORIENTED_EDGE('',*,*,#1873,.T.);
#2651=ORIENTED_EDGE('',*,*,#1857,.F.);
#2652=ORIENTED_EDGE('',*,*,#1862,.T.);
#2653=ORIENTED_EDGE('',*,*,#1821,.F.);
#2654=ORIENTED_EDGE('',*,*,#1874,.T.);
#2655=ORIENTED_EDGE('',*,*,#1837,.F.);
#2656=ORIENTED_EDGE('',*,*,#1878,.T.);
#2657=ORIENTED_EDGE('',*,*,#1879,.F.);
#2658=ORIENTED_EDGE('',*,*,#1880,.T.);
#2659=ORIENTED_EDGE('',*,*,#1841,.F.);
#2660=ORIENTED_EDGE('',*,*,#1817,.T.);
#2661=ORIENTED_EDGE('',*,*,#1878,.F.);
#2662=ORIENTED_EDGE('',*,*,#1836,.F.);
#2663=ORIENTED_EDGE('',*,*,#1881,.F.);
#2664=ORIENTED_EDGE('',*,*,#1882,.F.);
#2665=ORIENTED_EDGE('',*,*,#1880,.F.);
#2666=ORIENTED_EDGE('',*,*,#1883,.F.);
#2667=ORIENTED_EDGE('',*,*,#1884,.F.);
#2668=ORIENTED_EDGE('',*,*,#1842,.F.);
#2669=ORIENTED_EDGE('',*,*,#1875,.F.);
#2670=ORIENTED_EDGE('',*,*,#1844,.F.);
#2671=ORIENTED_EDGE('',*,*,#1885,.F.);
#2672=ORIENTED_EDGE('',*,*,#1886,.F.);
#2673=ORIENTED_EDGE('',*,*,#1877,.F.);
#2674=ORIENTED_EDGE('',*,*,#1887,.F.);
#2675=ORIENTED_EDGE('',*,*,#1888,.F.);
#2676=ORIENTED_EDGE('',*,*,#1834,.F.);
#2677=ORIENTED_EDGE('',*,*,#1886,.T.);
#2678=ORIENTED_EDGE('',*,*,#1889,.F.);
#2679=ORIENTED_EDGE('',*,*,#1887,.T.);
#2680=ORIENTED_EDGE('',*,*,#1876,.T.);
#2681=ORIENTED_EDGE('',*,*,#1882,.T.);
#2682=ORIENTED_EDGE('',*,*,#1890,.F.);
#2683=ORIENTED_EDGE('',*,*,#1883,.T.);
#2684=ORIENTED_EDGE('',*,*,#1879,.T.);
#2685=ORIENTED_EDGE('',*,*,#1872,.T.);
#2686=ORIENTED_EDGE('',*,*,#1829,.F.);
#2687=ORIENTED_EDGE('',*,*,#1867,.T.);
#2688=ORIENTED_EDGE('',*,*,#1849,.F.);
#2689=ORIENTED_EDGE('',*,*,#1891,.F.);
#2690=ORIENTED_EDGE('',*,*,#1892,.T.);
#2691=ORIENTED_EDGE('',*,*,#1893,.T.);
#2692=ORIENTED_EDGE('',*,*,#1892,.F.);
#2693=ORIENTED_EDGE('',*,*,#1893,.F.);
#2694=ORIENTED_EDGE('',*,*,#1894,.F.);
#2695=ORIENTED_EDGE('',*,*,#1895,.F.);
#2696=ORIENTED_EDGE('',*,*,#1896,.T.);
#2697=ORIENTED_EDGE('',*,*,#1897,.T.);
#2698=ORIENTED_EDGE('',*,*,#1896,.F.);
#2699=ORIENTED_EDGE('',*,*,#1897,.F.);
#2700=ORIENTED_EDGE('',*,*,#1898,.F.);
#2701=ORIENTED_EDGE('',*,*,#1899,.F.);
#2702=ORIENTED_EDGE('',*,*,#1900,.F.);
#2703=ORIENTED_EDGE('',*,*,#1901,.F.);
#2704=ORIENTED_EDGE('',*,*,#1902,.T.);
#2705=ORIENTED_EDGE('',*,*,#1903,.F.);
#2706=ORIENTED_EDGE('',*,*,#1904,.F.);
#2707=ORIENTED_EDGE('',*,*,#1905,.F.);
#2708=ORIENTED_EDGE('',*,*,#1906,.T.);
#2709=ORIENTED_EDGE('',*,*,#1907,.F.);
#2710=ORIENTED_EDGE('',*,*,#1908,.F.);
#2711=ORIENTED_EDGE('',*,*,#1909,.F.);
#2712=ORIENTED_EDGE('',*,*,#1910,.F.);
#2713=ORIENTED_EDGE('',*,*,#1911,.F.);
#2714=ORIENTED_EDGE('',*,*,#1912,.F.);
#2715=ORIENTED_EDGE('',*,*,#1913,.F.);
#2716=ORIENTED_EDGE('',*,*,#1914,.F.);
#2717=ORIENTED_EDGE('',*,*,#1843,.T.);
#2718=ORIENTED_EDGE('',*,*,#1884,.T.);
#2719=ORIENTED_EDGE('',*,*,#1890,.T.);
#2720=ORIENTED_EDGE('',*,*,#1881,.T.);
#2721=ORIENTED_EDGE('',*,*,#1835,.T.);
#2722=ORIENTED_EDGE('',*,*,#1888,.T.);
#2723=ORIENTED_EDGE('',*,*,#1889,.T.);
#2724=ORIENTED_EDGE('',*,*,#1885,.T.);
#2725=ORIENTED_EDGE('',*,*,#1915,.T.);
#2726=ORIENTED_EDGE('',*,*,#1916,.T.);
#2727=ORIENTED_EDGE('',*,*,#1917,.T.);
#2728=ORIENTED_EDGE('',*,*,#1918,.T.);
#2729=ORIENTED_EDGE('',*,*,#1919,.T.);
#2730=ORIENTED_EDGE('',*,*,#1899,.T.);
#2731=ORIENTED_EDGE('',*,*,#1920,.T.);
#2732=ORIENTED_EDGE('',*,*,#1903,.T.);
#2733=ORIENTED_EDGE('',*,*,#1916,.F.);
#2734=ORIENTED_EDGE('',*,*,#1921,.F.);
#2735=ORIENTED_EDGE('',*,*,#1922,.F.);
#2736=ORIENTED_EDGE('',*,*,#1923,.T.);
#2737=ORIENTED_EDGE('',*,*,#1918,.F.);
#2738=ORIENTED_EDGE('',*,*,#1924,.F.);
#2739=ORIENTED_EDGE('',*,*,#1925,.F.);
#2740=ORIENTED_EDGE('',*,*,#1926,.T.);
#2741=ORIENTED_EDGE('',*,*,#1894,.T.);
#2742=ORIENTED_EDGE('',*,*,#1927,.T.);
#2743=ORIENTED_EDGE('',*,*,#1744,.T.);
#2744=ORIENTED_EDGE('',*,*,#1927,.F.);
#2745=ORIENTED_EDGE('',*,*,#1761,.F.);
#2746=ORIENTED_EDGE('',*,*,#1898,.T.);
#2747=ORIENTED_EDGE('',*,*,#1928,.T.);
#2748=ORIENTED_EDGE('',*,*,#1758,.T.);
#2749=ORIENTED_EDGE('',*,*,#1928,.F.);
#2750=ORIENTED_EDGE('',*,*,#1763,.F.);
#2751=ORIENTED_EDGE('',*,*,#1920,.F.);
#2752=ORIENTED_EDGE('',*,*,#1902,.F.);
#2753=ORIENTED_EDGE('',*,*,#1929,.F.);
#2754=ORIENTED_EDGE('',*,*,#1904,.T.);
#2755=ORIENTED_EDGE('',*,*,#1919,.F.);
#2756=ORIENTED_EDGE('',*,*,#1906,.F.);
#2757=ORIENTED_EDGE('',*,*,#1930,.T.);
#2758=ORIENTED_EDGE('',*,*,#1900,.T.);
#2759=ORIENTED_EDGE('',*,*,#1930,.F.);
#2760=ORIENTED_EDGE('',*,*,#1905,.T.);
#2761=ORIENTED_EDGE('',*,*,#1929,.T.);
#2762=ORIENTED_EDGE('',*,*,#1901,.T.);
#2763=ORIENTED_EDGE('',*,*,#1895,.T.);
#2764=ORIENTED_EDGE('',*,*,#1917,.F.);
#2765=ORIENTED_EDGE('',*,*,#1923,.F.);
#2766=ORIENTED_EDGE('',*,*,#1931,.F.);
#2767=ORIENTED_EDGE('',*,*,#1924,.T.);
#2768=ORIENTED_EDGE('',*,*,#1915,.F.);
#2769=ORIENTED_EDGE('',*,*,#1926,.F.);
#2770=ORIENTED_EDGE('',*,*,#1932,.T.);
#2771=ORIENTED_EDGE('',*,*,#1921,.T.);
#2772=ORIENTED_EDGE('',*,*,#1932,.F.);
#2773=ORIENTED_EDGE('',*,*,#1925,.T.);
#2774=ORIENTED_EDGE('',*,*,#1931,.T.);
#2775=ORIENTED_EDGE('',*,*,#1922,.T.);
#2776=ORIENTED_EDGE('',*,*,#1891,.T.);
#2777=ORIENTED_EDGE('',*,*,#1933,.T.);
#2778=ORIENTED_EDGE('',*,*,#1934,.T.);
#2779=ORIENTED_EDGE('',*,*,#1907,.T.);
#2780=ORIENTED_EDGE('',*,*,#1935,.T.);
#2781=ORIENTED_EDGE('',*,*,#1934,.F.);
#2782=ORIENTED_EDGE('',*,*,#1936,.F.);
#2783=ORIENTED_EDGE('',*,*,#1937,.F.);
#2784=ORIENTED_EDGE('',*,*,#1908,.T.);
#2785=ORIENTED_EDGE('',*,*,#1938,.T.);
#2786=ORIENTED_EDGE('',*,*,#1939,.T.);
#2787=ORIENTED_EDGE('',*,*,#1909,.T.);
#2788=ORIENTED_EDGE('',*,*,#1937,.T.);
#2789=ORIENTED_EDGE('',*,*,#1940,.T.);
#2790=ORIENTED_EDGE('',*,*,#1941,.T.);
#2791=ORIENTED_EDGE('',*,*,#1913,.T.);
#2792=ORIENTED_EDGE('',*,*,#1942,.T.);
#2793=ORIENTED_EDGE('',*,*,#1942,.F.);
#2794=ORIENTED_EDGE('',*,*,#1912,.T.);
#2795=ORIENTED_EDGE('',*,*,#1943,.F.);
#2796=ORIENTED_EDGE('',*,*,#1944,.F.);
#2797=ORIENTED_EDGE('',*,*,#1769,.T.);
#2798=ORIENTED_EDGE('',*,*,#1702,.T.);
#2799=ORIENTED_EDGE('',*,*,#1778,.T.);
#2800=ORIENTED_EDGE('',*,*,#1776,.T.);
#2801=ORIENTED_EDGE('',*,*,#1766,.T.);
#2802=ORIENTED_EDGE('',*,*,#1775,.T.);
#2803=ORIENTED_EDGE('',*,*,#1773,.T.);
#2804=ORIENTED_EDGE('',*,*,#1771,.T.);
#2805=ORIENTED_EDGE('',*,*,#1945,.T.);
#2806=ORIENTED_EDGE('',*,*,#1943,.T.);
#2807=ORIENTED_EDGE('',*,*,#1911,.T.);
#2808=ORIENTED_EDGE('',*,*,#1946,.T.);
#2809=ORIENTED_EDGE('',*,*,#1939,.F.);
#2810=ORIENTED_EDGE('',*,*,#1947,.F.);
#2811=ORIENTED_EDGE('',*,*,#1946,.F.);
#2812=ORIENTED_EDGE('',*,*,#1910,.T.);
#2813=ORIENTED_EDGE('',*,*,#1935,.F.);
#2814=ORIENTED_EDGE('',*,*,#1914,.T.);
#2815=ORIENTED_EDGE('',*,*,#1941,.F.);
#2816=ORIENTED_EDGE('',*,*,#1948,.F.);
#2817=ORIENTED_EDGE('',*,*,#1933,.F.);
#2818=ORIENTED_EDGE('',*,*,#1948,.T.);
#2819=ORIENTED_EDGE('',*,*,#1940,.F.);
#2820=ORIENTED_EDGE('',*,*,#1944,.T.);
#2821=ORIENTED_EDGE('',*,*,#1945,.F.);
#2822=ORIENTED_EDGE('',*,*,#1947,.T.);
#2823=ORIENTED_EDGE('',*,*,#1938,.F.);
#2824=ORIENTED_EDGE('',*,*,#1936,.T.);
#2825=PLANE('',#3126);
#2826=PLANE('',#3127);
#2827=PLANE('',#3130);
#2828=PLANE('',#3131);
#2829=PLANE('',#3132);
#2830=PLANE('',#3138);
#2831=PLANE('',#3142);
#2832=PLANE('',#3146);
#2833=PLANE('',#3147);
#2834=PLANE('',#3226);
#2835=PLANE('',#3227);
#2836=PLANE('',#3229);
#2837=PLANE('',#3230);
#2838=PLANE('',#3231);
#2839=PLANE('',#3236);
#2840=PLANE('',#3237);
#2841=PLANE('',#3238);
#2842=PLANE('',#3239);
#2843=PLANE('',#3240);
#2844=PLANE('',#3245);
#2845=PLANE('',#3246);
#2846=PLANE('',#3247);
#2847=PLANE('',#3248);
#2848=PLANE('',#3249);
#2849=PLANE('',#3253);
#2850=PLANE('',#3255);
#2851=PLANE('',#3256);
#2852=PLANE('',#3257);
#2853=PLANE('',#3258);
#2854=PLANE('',#3259);
#2855=PLANE('',#3264);
#2856=PLANE('',#3265);
#2857=PLANE('',#3266);
#2858=PLANE('',#3267);
#2859=PLANE('',#3269);
#2860=PLANE('',#3270);
#2861=PLANE('',#3271);
#2862=PLANE('',#3272);
#2863=PLANE('',#3273);
#2864=PLANE('',#3274);
#2865=PLANE('',#3275);
#2866=PLANE('',#3277);
#2867=PLANE('',#3279);
#2868=PLANE('',#3280);
#2869=PLANE('',#3281);
#2870=PLANE('',#3282);
#2871=PLANE('',#3283);
#2872=PLANE('',#3285);
#2873=PLANE('',#3291);
#2874=PLANE('',#3292);
#2875=PLANE('',#3293);
#2876=PLANE('',#3294);
#2877=PLANE('',#3295);
#2878=PLANE('',#3297);
#2879=PLANE('',#3300);
#2880=PLANE('',#3305);
#2881=PLANE('',#3310);
#2882=PLANE('',#3311);
#2883=PLANE('',#3312);
#2884=PLANE('',#3313);
#2885=PLANE('',#3314);
#2886=PLANE('',#3315);
#2887=PLANE('',#3317);
#2888=PLANE('',#3319);
#2889=PLANE('',#3320);
#2890=PLANE('',#3321);
#2891=PLANE('',#3322);
#2892=PLANE('',#3323);
#2893=PLANE('',#3325);
#2894=PLANE('',#3333);
#2895=PLANE('',#3336);
#2896=PLANE('',#3337);
#2897=PLANE('',#3342);
#2898=PLANE('',#3347);
#2899=PLANE('',#3348);
#2900=PLANE('',#3350);
#2901=PLANE('',#3352);
#2902=PLANE('',#3354);
#2903=PLANE('',#3356);
#2904=PLANE('',#3357);
#2905=PLANE('',#3358);
#2906=PLANE('',#3359);
#2907=PLANE('',#3362);
#2908=PLANE('',#3363);
#2909=PLANE('',#3364);
#2910=PLANE('',#3375);
#2911=PLANE('',#3376);
#2912=PLANE('',#3377);
#2913=PLANE('',#3381);
#2914=PLANE('',#3386);
#2915=PLANE('',#3388);
#2916=PLANE('',#3389);
#2917=PLANE('',#3390);
#2918=PLANE('',#3395);
#2919=PLANE('',#3396);
#2920=PLANE('',#3398);
#2921=PLANE('',#3400);
#2922=PLANE('',#3401);
#2923=PLANE('',#3402);
#2924=PLANE('',#3403);
#2925=PLANE('',#3404);
#2926=PLANE('',#3405);
#2927=PLANE('',#3406);
#2928=PLANE('',#3409);
#2929=PLANE('',#3414);
#2930=PLANE('',#3417);
#2931=PLANE('',#3418);
#2932=PLANE('',#3419);
#2933=ADVANCED_FACE('',(#236),#2825,.T.);
#2934=ADVANCED_FACE('',(#237),#2826,.T.);
#2935=ADVANCED_FACE('',(#238),#2827,.T.);
#2936=ADVANCED_FACE('',(#239),#2828,.T.);
#2937=ADVANCED_FACE('',(#240),#2829,.T.);
#2938=ADVANCED_FACE('',(#241),#133,.F.);
#2939=ADVANCED_FACE('',(#242),#2830,.T.);
#2940=ADVANCED_FACE('',(#243),#134,.F.);
#2941=ADVANCED_FACE('',(#244,#110),#2831,.T.);
#2942=ADVANCED_FACE('',(#245),#2832,.F.);
#2943=ADVANCED_FACE('',(#246),#2833,.F.);
#2944=ADVANCED_FACE('',(#247),#51,.F.);
#2945=ADVANCED_FACE('',(#248),#52,.F.);
#2946=ADVANCED_FACE('',(#249),#53,.F.);
#2947=ADVANCED_FACE('',(#250),#54,.F.);
#2948=ADVANCED_FACE('',(#251),#55,.F.);
#2949=ADVANCED_FACE('',(#252),#56,.F.);
#2950=ADVANCED_FACE('',(#253),#57,.F.);
#2951=ADVANCED_FACE('',(#254),#58,.F.);
#2952=ADVANCED_FACE('',(#255),#15,.F.);
#2953=ADVANCED_FACE('',(#256),#16,.F.);
#2954=ADVANCED_FACE('',(#257),#17,.F.);
#2955=ADVANCED_FACE('',(#258),#59,.F.);
#2956=ADVANCED_FACE('',(#259),#18,.F.);
#2957=ADVANCED_FACE('',(#260),#19,.F.);
#2958=ADVANCED_FACE('',(#261),#60,.F.);
#2959=ADVANCED_FACE('',(#262),#20,.F.);
#2960=ADVANCED_FACE('',(#263),#61,.F.);
#2961=ADVANCED_FACE('',(#264),#62,.F.);
#2962=ADVANCED_FACE('',(#265),#63,.F.);
#2963=ADVANCED_FACE('',(#266),#64,.F.);
#2964=ADVANCED_FACE('',(#267),#65,.F.);
#2965=ADVANCED_FACE('',(#268),#66,.F.);
#2966=ADVANCED_FACE('',(#269),#67,.F.);
#2967=ADVANCED_FACE('',(#270),#68,.F.);
#2968=ADVANCED_FACE('',(#271),#69,.F.);
#2969=ADVANCED_FACE('',(#272),#70,.F.);
#2970=ADVANCED_FACE('',(#273),#71,.F.);
#2971=ADVANCED_FACE('',(#274),#72,.F.);
#2972=ADVANCED_FACE('',(#275),#73,.F.);
#2973=ADVANCED_FACE('',(#276),#74,.F.);
#2974=ADVANCED_FACE('',(#277),#75,.F.);
#2975=ADVANCED_FACE('',(#278),#76,.F.);
#2976=ADVANCED_FACE('',(#279),#77,.F.);
#2977=ADVANCED_FACE('',(#280),#78,.F.);
#2978=ADVANCED_FACE('',(#281),#79,.F.);
#2979=ADVANCED_FACE('',(#282),#135,.T.);
#2980=ADVANCED_FACE('',(#283),#2834,.F.);
#2981=ADVANCED_FACE('',(#284),#2835,.F.);
#2982=ADVANCED_FACE('',(#285),#2836,.F.);
#2983=ADVANCED_FACE('',(#286),#2837,.F.);
#2984=ADVANCED_FACE('',(#287),#2838,.F.);
#2985=ADVANCED_FACE('',(#288),#136,.T.);
#2986=ADVANCED_FACE('',(#289),#2839,.F.);
#2987=ADVANCED_FACE('',(#290),#2840,.F.);
#2988=ADVANCED_FACE('',(#291),#2841,.F.);
#2989=ADVANCED_FACE('',(#292),#2842,.F.);
#2990=ADVANCED_FACE('',(#293),#2843,.F.);
#2991=ADVANCED_FACE('',(#294),#137,.T.);
#2992=ADVANCED_FACE('',(#295),#2844,.F.);
#2993=ADVANCED_FACE('',(#296),#2845,.F.);
#2994=ADVANCED_FACE('',(#297),#2846,.F.);
#2995=ADVANCED_FACE('',(#298),#2847,.F.);
#2996=ADVANCED_FACE('',(#299),#2848,.F.);
#2997=ADVANCED_FACE('',(#300),#80,.F.);
#2998=ADVANCED_FACE('',(#301,#111),#2849,.F.);
#2999=ADVANCED_FACE('',(#302),#2850,.F.);
#3000=ADVANCED_FACE('',(#303),#2851,.F.);
#3001=ADVANCED_FACE('',(#304),#2852,.F.);
#3002=ADVANCED_FACE('',(#305),#2853,.F.);
#3003=ADVANCED_FACE('',(#306,#112),#2854,.F.);
#3004=ADVANCED_FACE('',(#307),#81,.F.);
#3005=ADVANCED_FACE('',(#308),#82,.F.);
#3006=ADVANCED_FACE('',(#309),#2855,.F.);
#3007=ADVANCED_FACE('',(#310),#2856,.F.);
#3008=ADVANCED_FACE('',(#311),#2857,.F.);
#3009=ADVANCED_FACE('',(#312),#2858,.F.);
#3010=ADVANCED_FACE('',(#313),#2859,.F.);
#3011=ADVANCED_FACE('',(#314),#2860,.F.);
#3012=ADVANCED_FACE('',(#315),#2861,.F.);
#3013=ADVANCED_FACE('',(#316),#2862,.F.);
#3014=ADVANCED_FACE('',(#317),#2863,.F.);
#3015=ADVANCED_FACE('',(#318),#2864,.F.);
#3016=ADVANCED_FACE('',(#319,#113),#2865,.F.);
#3017=ADVANCED_FACE('',(#320,#114),#2866,.T.);
#3018=ADVANCED_FACE('',(#321),#2867,.F.);
#3019=ADVANCED_FACE('',(#322),#2868,.F.);
#3020=ADVANCED_FACE('',(#323),#2869,.F.);
#3021=ADVANCED_FACE('',(#324),#2870,.F.);
#3022=ADVANCED_FACE('',(#325,#115),#2871,.F.);
#3023=ADVANCED_FACE('',(#326,#116),#2872,.T.);
#3024=ADVANCED_FACE('',(#327),#83,.F.);
#3025=ADVANCED_FACE('',(#328),#84,.F.);
#3026=ADVANCED_FACE('',(#329),#2873,.T.);
#3027=ADVANCED_FACE('',(#330),#2874,.T.);
#3028=ADVANCED_FACE('',(#331),#2875,.F.);
#3029=ADVANCED_FACE('',(#332),#2876,.F.);
#3030=ADVANCED_FACE('',(#333),#2877,.F.);
#3031=ADVANCED_FACE('',(#334),#2878,.F.);
#3032=ADVANCED_FACE('',(#335),#85,.F.);
#3033=ADVANCED_FACE('',(#336),#2879,.F.);
#3034=ADVANCED_FACE('',(#337),#86,.F.);
#3035=ADVANCED_FACE('',(#338),#87,.F.);
#3036=ADVANCED_FACE('',(#339),#2880,.F.);
#3037=ADVANCED_FACE('',(#340),#88,.T.);
#3038=ADVANCED_FACE('',(#341),#138,.T.);
#3039=ADVANCED_FACE('',(#342),#89,.T.);
#3040=ADVANCED_FACE('',(#343),#2881,.F.);
#3041=ADVANCED_FACE('',(#344),#2882,.F.);
#3042=ADVANCED_FACE('',(#345),#2883,.F.);
#3043=ADVANCED_FACE('',(#346),#2884,.F.);
#3044=ADVANCED_FACE('',(#347),#2885,.F.);
#3045=ADVANCED_FACE('',(#348,#117),#2886,.F.);
#3046=ADVANCED_FACE('',(#349,#118),#2887,.T.);
#3047=ADVANCED_FACE('',(#350),#2888,.F.);
#3048=ADVANCED_FACE('',(#351),#2889,.F.);
#3049=ADVANCED_FACE('',(#352),#2890,.F.);
#3050=ADVANCED_FACE('',(#353),#2891,.F.);
#3051=ADVANCED_FACE('',(#354,#119),#2892,.F.);
#3052=ADVANCED_FACE('',(#355,#120),#2893,.T.);
#3053=ADVANCED_FACE('',(#356),#90,.F.);
#3054=ADVANCED_FACE('',(#357),#91,.F.);
#3055=ADVANCED_FACE('',(#358),#92,.F.);
#3056=ADVANCED_FACE('',(#359),#2894,.F.);
#3057=ADVANCED_FACE('',(#360),#93,.F.);
#3058=ADVANCED_FACE('',(#361),#2895,.F.);
#3059=ADVANCED_FACE('',(#362),#2896,.F.);
#3060=ADVANCED_FACE('',(#363),#2897,.F.);
#3061=ADVANCED_FACE('',(#364),#2898,.F.);
#3062=ADVANCED_FACE('',(#365),#2899,.F.);
#3063=ADVANCED_FACE('',(#366),#94,.F.);
#3064=ADVANCED_FACE('',(#367),#2900,.F.);
#3065=ADVANCED_FACE('',(#368),#95,.F.);
#3066=ADVANCED_FACE('',(#369),#2901,.F.);
#3067=ADVANCED_FACE('',(#370),#96,.F.);
#3068=ADVANCED_FACE('',(#371),#2902,.F.);
#3069=ADVANCED_FACE('',(#372),#97,.F.);
#3070=ADVANCED_FACE('',(#373),#2903,.F.);
#3071=ADVANCED_FACE('',(#374),#2904,.F.);
#3072=ADVANCED_FACE('',(#375),#2905,.F.);
#3073=ADVANCED_FACE('',(#376,#121),#2906,.F.);
#3074=ADVANCED_FACE('',(#377),#2907,.F.);
#3075=ADVANCED_FACE('',(#378),#2908,.F.);
#3076=ADVANCED_FACE('',(#379,#122),#2909,.F.);
#3077=ADVANCED_FACE('',(#380),#98,.F.);
#3078=ADVANCED_FACE('',(#381),#99,.F.);
#3079=ADVANCED_FACE('',(#382),#100,.F.);
#3080=ADVANCED_FACE('',(#383),#101,.F.);
#3081=ADVANCED_FACE('',(#384),#2910,.F.);
#3082=ADVANCED_FACE('',(#385),#2911,.F.);
#3083=ADVANCED_FACE('',(#386),#2912,.F.);
#3084=ADVANCED_FACE('',(#387),#102,.F.);
#3085=ADVANCED_FACE('',(#388,#123),#2913,.T.);
#3086=ADVANCED_FACE('',(#389),#103,.F.);
#3087=ADVANCED_FACE('',(#390,#124),#2914,.T.);
#3088=ADVANCED_FACE('',(#391),#2915,.F.);
#3089=ADVANCED_FACE('',(#392),#2916,.F.);
#3090=ADVANCED_FACE('',(#393,#125,#126,#127),#2917,.F.);
#3091=ADVANCED_FACE('',(#394),#2918,.F.);
#3092=ADVANCED_FACE('',(#395),#2919,.F.);
#3093=ADVANCED_FACE('',(#396),#104,.F.);
#3094=ADVANCED_FACE('',(#397),#2920,.T.);
#3095=ADVANCED_FACE('',(#398),#105,.F.);
#3096=ADVANCED_FACE('',(#399),#2921,.T.);
#3097=ADVANCED_FACE('',(#400),#2922,.F.);
#3098=ADVANCED_FACE('',(#401),#2923,.F.);
#3099=ADVANCED_FACE('',(#402,#128),#2924,.F.);
#3100=ADVANCED_FACE('',(#403),#2925,.F.);
#3101=ADVANCED_FACE('',(#404),#2926,.F.);
#3102=ADVANCED_FACE('',(#405,#129),#2927,.F.);
#3103=ADVANCED_FACE('',(#406),#106,.T.);
#3104=ADVANCED_FACE('',(#407),#2928,.T.);
#3105=ADVANCED_FACE('',(#408),#107,.T.);
#3106=ADVANCED_FACE('',(#409),#108,.T.);
#3107=ADVANCED_FACE('',(#410,#130),#2929,.T.);
#3108=ADVANCED_FACE('',(#411),#109,.T.);
#3109=ADVANCED_FACE('',(#412),#2930,.T.);
#3110=ADVANCED_FACE('',(#413),#2931,.T.);
#3111=ADVANCED_FACE('',(#414),#2932,.T.);
#3112=CLOSED_SHELL('',(#2933,#2934,#2935,#2936,#2937,#2938,#2939,#2940,
#2941,#2942,#2943,#2944,#2945,#2946,#2947,#2948,#2949,#2950,#2951,#2952,
#2953,#2954,#2955,#2956,#2957,#2958,#2959,#2960,#2961,#2962,#2963,#2964,
#2965,#2966,#2967,#2968,#2969,#2970,#2971,#2972,#2973,#2974,#2975,#2976,
#2977,#2978,#2979,#2980,#2981,#2982,#2983,#2984,#2985,#2986,#2987,#2988,
#2989,#2990,#2991,#2992,#2993,#2994,#2995,#2996,#2997,#2998,#2999,#3000,
#3001,#3002,#3003,#3004,#3005,#3006,#3007,#3008,#3009,#3010,#3011,#3012,
#3013,#3014,#3015,#3016,#3017,#3018,#3019,#3020,#3021,#3022,#3023,#3024,
#3025,#3026,#3027,#3028,#3029,#3030,#3031,#3032,#3033,#3034,#3035,#3036,
#3037,#3038,#3039,#3040,#3041,#3042,#3043,#3044,#3045,#3046,#3047,#3048,
#3049,#3050,#3051,#3052,#3053,#3054,#3055,#3056,#3057,#3058,#3059,#3060,
#3061,#3062,#3063,#3064,#3065,#3066,#3067,#3068,#3069,#3070,#3071,#3072,
#3073,#3074,#3075,#3076,#3077,#3078,#3079,#3080,#3081,#3082,#3083,#3084,
#3085,#3086,#3087,#3088,#3089,#3090,#3091,#3092,#3093,#3094,#3095,#3096,
#3097,#3098,#3099,#3100,#3101,#3102,#3103,#3104,#3105,#3106,#3107,#3108,
#3109,#3110,#3111));
#3113=DERIVED_UNIT_ELEMENT(#3115,1.);
#3114=DERIVED_UNIT_ELEMENT(#5332,-3.);
#3115=(
MASS_UNIT()
NAMED_UNIT(*)
SI_UNIT(.KILO.,.GRAM.)
);
#3116=DERIVED_UNIT((#3113,#3114));
#3117=MEASURE_REPRESENTATION_ITEM('density measure',
POSITIVE_RATIO_MEASURE(7850.),#3116);
#3118=PROPERTY_DEFINITION_REPRESENTATION(#3123,#3120);
#3119=PROPERTY_DEFINITION_REPRESENTATION(#3124,#3121);
#3120=REPRESENTATION('material name',(#3122),#5329);
#3121=REPRESENTATION('density',(#3117),#5329);
#3122=DESCRIPTIVE_REPRESENTATION_ITEM('Steel','Steel');
#3123=PROPERTY_DEFINITION('material property','material name',#5339);
#3124=PROPERTY_DEFINITION('material property','density of part',#5339);
#3125=AXIS2_PLACEMENT_3D('',#4319,#3420,#3421);
#3126=AXIS2_PLACEMENT_3D('',#4320,#3422,#3423);
#3127=AXIS2_PLACEMENT_3D('',#4329,#3428,#3429);
#3128=AXIS2_PLACEMENT_3D('',#4333,#3431,#3432);
#3129=AXIS2_PLACEMENT_3D('',#4341,#3436,#3437);
#3130=AXIS2_PLACEMENT_3D('',#4343,#3439,#3440);
#3131=AXIS2_PLACEMENT_3D('',#4352,#3445,#3446);
#3132=AXIS2_PLACEMENT_3D('',#4360,#3451,#3452);
#3133=AXIS2_PLACEMENT_3D('',#4364,#3454,#3455);
#3134=AXIS2_PLACEMENT_3D('',#4367,#3457,#3458);
#3135=AXIS2_PLACEMENT_3D('',#4368,#3459,#3460);
#3136=AXIS2_PLACEMENT_3D('',#4375,#3461,#3462);
#3137=AXIS2_PLACEMENT_3D('',#4378,#3464,#3465);
#3138=AXIS2_PLACEMENT_3D('',#4379,#3466,#3467);
#3139=AXIS2_PLACEMENT_3D('',#4385,#3471,#3472);
#3140=AXIS2_PLACEMENT_3D('',#4391,#3473,#3474);
#3141=AXIS2_PLACEMENT_3D('',#4392,#3475,#3476);
#3142=AXIS2_PLACEMENT_3D('',#4393,#3477,#3478);
#3143=AXIS2_PLACEMENT_3D('',#4397,#3480,#3481);
#3144=AXIS2_PLACEMENT_3D('',#4401,#3483,#3484);
#3145=AXIS2_PLACEMENT_3D('',#4404,#3486,#3487);
#3146=AXIS2_PLACEMENT_3D('',#4405,#3488,#3489);
#3147=AXIS2_PLACEMENT_3D('',#4414,#3495,#3496);
#3148=AXIS2_PLACEMENT_3D('',#4416,#3497,#3498);
#3149=AXIS2_PLACEMENT_3D('',#4420,#3500,#3501);
#3150=AXIS2_PLACEMENT_3D('',#4422,#3503,#3504);
#3151=AXIS2_PLACEMENT_3D('',#4426,#3506,#3507);
#3152=AXIS2_PLACEMENT_3D('',#4428,#3509,#3510);
#3153=AXIS2_PLACEMENT_3D('',#4432,#3512,#3513);
#3154=AXIS2_PLACEMENT_3D('',#4434,#3515,#3516);
#3155=AXIS2_PLACEMENT_3D('',#4455,#3519,#3520);
#3156=AXIS2_PLACEMENT_3D('',#4457,#3522,#3523);
#3157=AXIS2_PLACEMENT_3D('',#4461,#3525,#3526);
#3158=AXIS2_PLACEMENT_3D('',#4463,#3528,#3529);
#3159=AXIS2_PLACEMENT_3D('',#4467,#3531,#3532);
#3160=AXIS2_PLACEMENT_3D('',#4469,#3534,#3535);
#3161=AXIS2_PLACEMENT_3D('',#4473,#3537,#3538);
#3162=AXIS2_PLACEMENT_3D('',#4475,#3540,#3541);
#3163=AXIS2_PLACEMENT_3D('',#4496,#3544,#3545);
#3164=AXIS2_PLACEMENT_3D('',#4498,#3547,#3548);
#3165=AXIS2_PLACEMENT_3D('',#4502,#3550,#3551);
#3166=AXIS2_PLACEMENT_3D('',#4504,#3553,#3554);
#3167=AXIS2_PLACEMENT_3D('',#4507,#3555,#3556);
#3168=AXIS2_PLACEMENT_3D('',#4509,#3557,#3558);
#3169=AXIS2_PLACEMENT_3D('',#4510,#3559,#3560);
#3170=AXIS2_PLACEMENT_3D('',#4511,#3561,#3562);
#3171=AXIS2_PLACEMENT_3D('',#4514,#3563,#3564);
#3172=AXIS2_PLACEMENT_3D('',#4516,#3565,#3566);
#3173=AXIS2_PLACEMENT_3D('',#4517,#3567,#3568);
#3174=AXIS2_PLACEMENT_3D('',#4518,#3569,#3570);
#3175=AXIS2_PLACEMENT_3D('',#4521,#3571,#3572);
#3176=AXIS2_PLACEMENT_3D('',#4523,#3573,#3574);
#3177=AXIS2_PLACEMENT_3D('',#4524,#3575,#3576);
#3178=AXIS2_PLACEMENT_3D('',#4525,#3577,#3578);
#3179=AXIS2_PLACEMENT_3D('',#4528,#3581,#3582);
#3180=AXIS2_PLACEMENT_3D('',#4531,#3583,#3584);
#3181=AXIS2_PLACEMENT_3D('',#4533,#3585,#3586);
#3182=AXIS2_PLACEMENT_3D('',#4534,#3587,#3588);
#3183=AXIS2_PLACEMENT_3D('',#4535,#3589,#3590);
#3184=AXIS2_PLACEMENT_3D('',#4538,#3591,#3592);
#3185=AXIS2_PLACEMENT_3D('',#4540,#3593,#3594);
#3186=AXIS2_PLACEMENT_3D('',#4541,#3595,#3596);
#3187=AXIS2_PLACEMENT_3D('',#4542,#3597,#3598);
#3188=AXIS2_PLACEMENT_3D('',#4545,#3601,#3602);
#3189=AXIS2_PLACEMENT_3D('',#4548,#3603,#3604);
#3190=AXIS2_PLACEMENT_3D('',#4550,#3605,#3606);
#3191=AXIS2_PLACEMENT_3D('',#4551,#3607,#3608);
#3192=AXIS2_PLACEMENT_3D('',#4552,#3609,#3610);
#3193=AXIS2_PLACEMENT_3D('',#4595,#3615,#3616);
#3194=AXIS2_PLACEMENT_3D('',#4598,#3619,#3620);
#3195=AXIS2_PLACEMENT_3D('',#4603,#3623,#3624);
#3196=AXIS2_PLACEMENT_3D('',#4604,#3625,#3626);
#3197=AXIS2_PLACEMENT_3D('',#4607,#3629,#3630);
#3198=AXIS2_PLACEMENT_3D('',#4611,#3634,#3635);
#3199=AXIS2_PLACEMENT_3D('',#4648,#3640,#3641);
#3200=AXIS2_PLACEMENT_3D('',#4653,#3644,#3645);
#3201=AXIS2_PLACEMENT_3D('',#4654,#3646,#3647);
#3202=AXIS2_PLACEMENT_3D('',#4659,#3650,#3651);
#3203=AXIS2_PLACEMENT_3D('',#4660,#3652,#3653);
#3204=AXIS2_PLACEMENT_3D('',#4663,#3656,#3657);
#3205=AXIS2_PLACEMENT_3D('',#4668,#3660,#3661);
#3206=AXIS2_PLACEMENT_3D('',#4670,#3663,#3664);
#3207=AXIS2_PLACEMENT_3D('',#4675,#3667,#3668);
#3208=AXIS2_PLACEMENT_3D('',#4676,#3669,#3670);
#3209=AXIS2_PLACEMENT_3D('',#4679,#3673,#3674);
#3210=AXIS2_PLACEMENT_3D('',#4694,#3677,#3678);
#3211=AXIS2_PLACEMENT_3D('',#4705,#3680,#3681);
#3212=AXIS2_PLACEMENT_3D('',#4710,#3684,#3685);
#3213=AXIS2_PLACEMENT_3D('',#4711,#3686,#3687);
#3214=AXIS2_PLACEMENT_3D('',#4716,#3690,#3691);
#3215=AXIS2_PLACEMENT_3D('',#4717,#3692,#3693);
#3216=AXIS2_PLACEMENT_3D('',#4722,#3696,#3697);
#3217=AXIS2_PLACEMENT_3D('',#4723,#3698,#3699);
#3218=AXIS2_PLACEMENT_3D('',#4738,#3702,#3703);
#3219=AXIS2_PLACEMENT_3D('',#4749,#3705,#3706);
#3220=AXIS2_PLACEMENT_3D('',#4754,#3709,#3710);
#3221=AXIS2_PLACEMENT_3D('',#4755,#3711,#3712);
#3222=AXIS2_PLACEMENT_3D('',#4758,#3715,#3716);
#3223=AXIS2_PLACEMENT_3D('',#4761,#3718,#3719);
#3224=AXIS2_PLACEMENT_3D('',#4762,#3720,#3721);
#3225=AXIS2_PLACEMENT_3D('',#4763,#3722,#3723);
#3226=AXIS2_PLACEMENT_3D('',#4764,#3724,#3725);
#3227=AXIS2_PLACEMENT_3D('',#4765,#3726,#3727);
#3228=AXIS2_PLACEMENT_3D('',#4766,#3728,#3729);
#3229=AXIS2_PLACEMENT_3D('',#4767,#3730,#3731);
#3230=AXIS2_PLACEMENT_3D('',#4770,#3734,#3735);
#3231=AXIS2_PLACEMENT_3D('',#4772,#3737,#3738);
#3232=AXIS2_PLACEMENT_3D('',#4774,#3740,#3741);
#3233=AXIS2_PLACEMENT_3D('',#4775,#3742,#3743);
#3234=AXIS2_PLACEMENT_3D('',#4778,#3745,#3746);
#3235=AXIS2_PLACEMENT_3D('',#4779,#3747,#3748);
#3236=AXIS2_PLACEMENT_3D('',#4780,#3749,#3750);
#3237=AXIS2_PLACEMENT_3D('',#4781,#3751,#3752);
#3238=AXIS2_PLACEMENT_3D('',#4783,#3754,#3755);
#3239=AXIS2_PLACEMENT_3D('',#4785,#3757,#3758);
#3240=AXIS2_PLACEMENT_3D('',#4787,#3760,#3761);
#3241=AXIS2_PLACEMENT_3D('',#4789,#3763,#3764);
#3242=AXIS2_PLACEMENT_3D('',#4790,#3765,#3766);
#3243=AXIS2_PLACEMENT_3D('',#4793,#3768,#3769);
#3244=AXIS2_PLACEMENT_3D('',#4794,#3770,#3771);
#3245=AXIS2_PLACEMENT_3D('',#4795,#3772,#3773);
#3246=AXIS2_PLACEMENT_3D('',#4796,#3774,#3775);
#3247=AXIS2_PLACEMENT_3D('',#4798,#3777,#3778);
#3248=AXIS2_PLACEMENT_3D('',#4800,#3780,#3781);
#3249=AXIS2_PLACEMENT_3D('',#4801,#3782,#3783);
#3250=AXIS2_PLACEMENT_3D('',#4802,#3784,#3785);
#3251=AXIS2_PLACEMENT_3D('',#4805,#3786,#3787);
#3252=AXIS2_PLACEMENT_3D('',#4810,#3790,#3791);
#3253=AXIS2_PLACEMENT_3D('',#4812,#3793,#3794);
#3254=AXIS2_PLACEMENT_3D('',#4822,#3799,#3800);
#3255=AXIS2_PLACEMENT_3D('',#4823,#3801,#3802);
#3256=AXIS2_PLACEMENT_3D('',#4829,#3806,#3807);
#3257=AXIS2_PLACEMENT_3D('',#4833,#3810,#3811);
#3258=AXIS2_PLACEMENT_3D('',#4837,#3814,#3815);
#3259=AXIS2_PLACEMENT_3D('',#4839,#3817,#3818);
#3260=AXIS2_PLACEMENT_3D('',#4841,#3819,#3820);
#3261=AXIS2_PLACEMENT_3D('',#4842,#3821,#3822);
#3262=AXIS2_PLACEMENT_3D('',#4844,#3824,#3825);
#3263=AXIS2_PLACEMENT_3D('',#4847,#3827,#3828);
#3264=AXIS2_PLACEMENT_3D('',#4848,#3829,#3830);
#3265=AXIS2_PLACEMENT_3D('',#4849,#3831,#3832);
#3266=AXIS2_PLACEMENT_3D('',#4858,#3837,#3838);
#3267=AXIS2_PLACEMENT_3D('',#4861,#3841,#3842);
#3268=AXIS2_PLACEMENT_3D('',#4865,#3844,#3845);
#3269=AXIS2_PLACEMENT_3D('',#4867,#3847,#3848);
#3270=AXIS2_PLACEMENT_3D('',#4870,#3851,#3852);
#3271=AXIS2_PLACEMENT_3D('',#4871,#3853,#3854);
#3272=AXIS2_PLACEMENT_3D('',#4880,#3859,#3860);
#3273=AXIS2_PLACEMENT_3D('',#4886,#3864,#3865);
#3274=AXIS2_PLACEMENT_3D('',#4892,#3869,#3870);
#3275=AXIS2_PLACEMENT_3D('',#4895,#3873,#3874);
#3276=AXIS2_PLACEMENT_3D('',#4897,#3875,#3876);
#3277=AXIS2_PLACEMENT_3D('',#4898,#3877,#3878);
#3278=AXIS2_PLACEMENT_3D('',#4900,#3879,#3880);
#3279=AXIS2_PLACEMENT_3D('',#4901,#3881,#3882);
#3280=AXIS2_PLACEMENT_3D('',#4910,#3887,#3888);
#3281=AXIS2_PLACEMENT_3D('',#4916,#3892,#3893);
#3282=AXIS2_PLACEMENT_3D('',#4922,#3897,#3898);
#3283=AXIS2_PLACEMENT_3D('',#4925,#3901,#3902);
#3284=AXIS2_PLACEMENT_3D('',#4927,#3903,#3904);
#3285=AXIS2_PLACEMENT_3D('',#4928,#3905,#3906);
#3286=AXIS2_PLACEMENT_3D('',#4930,#3907,#3908);
#3287=AXIS2_PLACEMENT_3D('',#4931,#3909,#3910);
#3288=AXIS2_PLACEMENT_3D('',#4934,#3912,#3913);
#3289=AXIS2_PLACEMENT_3D('',#4935,#3914,#3915);
#3290=AXIS2_PLACEMENT_3D('',#4938,#3917,#3918);
#3291=AXIS2_PLACEMENT_3D('',#4939,#3919,#3920);
#3292=AXIS2_PLACEMENT_3D('',#4941,#3922,#3923);
#3293=AXIS2_PLACEMENT_3D('',#4942,#3924,#3925);
#3294=AXIS2_PLACEMENT_3D('',#4943,#3926,#3927);
#3295=AXIS2_PLACEMENT_3D('',#4949,#3931,#3932);
#3296=AXIS2_PLACEMENT_3D('',#4950,#3933,#3934);
#3297=AXIS2_PLACEMENT_3D('',#4951,#3935,#3936);
#3298=AXIS2_PLACEMENT_3D('',#4955,#3939,#3940);
#3299=AXIS2_PLACEMENT_3D('',#4957,#3941,#3942);
#3300=AXIS2_PLACEMENT_3D('',#4959,#3944,#3945);
#3301=AXIS2_PLACEMENT_3D('',#4963,#3948,#3949);
#3302=AXIS2_PLACEMENT_3D('',#4964,#3950,#3951);
#3303=AXIS2_PLACEMENT_3D('',#4965,#3952,#3953);
#3304=AXIS2_PLACEMENT_3D('',#4967,#3954,#3955);
#3305=AXIS2_PLACEMENT_3D('',#4969,#3957,#3958);
#3306=AXIS2_PLACEMENT_3D('',#4971,#3960,#3961);
#3307=AXIS2_PLACEMENT_3D('',#4973,#3963,#3964);
#3308=AXIS2_PLACEMENT_3D('',#4976,#3966,#3967);
#3309=AXIS2_PLACEMENT_3D('',#4977,#3968,#3969);
#3310=AXIS2_PLACEMENT_3D('',#4979,#3971,#3972);
#3311=AXIS2_PLACEMENT_3D('',#4980,#3973,#3974);
#3312=AXIS2_PLACEMENT_3D('',#4989,#3979,#3980);
#3313=AXIS2_PLACEMENT_3D('',#4995,#3984,#3985);
#3314=AXIS2_PLACEMENT_3D('',#5001,#3989,#3990);
#3315=AXIS2_PLACEMENT_3D('',#5004,#3993,#3994);
#3316=AXIS2_PLACEMENT_3D('',#5006,#3995,#3996);
#3317=AXIS2_PLACEMENT_3D('',#5007,#3997,#3998);
#3318=AXIS2_PLACEMENT_3D('',#5009,#3999,#4000);
#3319=AXIS2_PLACEMENT_3D('',#5010,#4001,#4002);
#3320=AXIS2_PLACEMENT_3D('',#5019,#4007,#4008);
#3321=AXIS2_PLACEMENT_3D('',#5025,#4012,#4013);
#3322=AXIS2_PLACEMENT_3D('',#5031,#4017,#4018);
#3323=AXIS2_PLACEMENT_3D('',#5034,#4021,#4022);
#3324=AXIS2_PLACEMENT_3D('',#5036,#4023,#4024);
#3325=AXIS2_PLACEMENT_3D('',#5037,#4025,#4026);
#3326=AXIS2_PLACEMENT_3D('',#5039,#4027,#4028);
#3327=AXIS2_PLACEMENT_3D('',#5040,#4029,#4030);
#3328=AXIS2_PLACEMENT_3D('',#5043,#4032,#4033);
#3329=AXIS2_PLACEMENT_3D('',#5044,#4034,#4035);
#3330=AXIS2_PLACEMENT_3D('',#5047,#4037,#4038);
#3331=AXIS2_PLACEMENT_3D('',#5048,#4039,#4040);
#3332=AXIS2_PLACEMENT_3D('',#5050,#4041,#4042);
#3333=AXIS2_PLACEMENT_3D('',#5052,#4044,#4045);
#3334=AXIS2_PLACEMENT_3D('',#5053,#4046,#4047);
#3335=AXIS2_PLACEMENT_3D('',#5055,#4048,#4049);
#3336=AXIS2_PLACEMENT_3D('',#5057,#4051,#4052);
#3337=AXIS2_PLACEMENT_3D('',#5058,#4053,#4054);
#3338=AXIS2_PLACEMENT_3D('',#5061,#4055,#4056);
#3339=AXIS2_PLACEMENT_3D('',#5069,#4060,#4061);
#3340=AXIS2_PLACEMENT_3D('',#5077,#4065,#4066);
#3341=AXIS2_PLACEMENT_3D('',#5085,#4070,#4071);
#3342=AXIS2_PLACEMENT_3D('',#5099,#4079,#4080);
#3343=AXIS2_PLACEMENT_3D('',#5102,#4081,#4082);
#3344=AXIS2_PLACEMENT_3D('',#5118,#4090,#4091);
#3345=AXIS2_PLACEMENT_3D('',#5126,#4095,#4096);
#3346=AXIS2_PLACEMENT_3D('',#5134,#4100,#4101);
#3347=AXIS2_PLACEMENT_3D('',#5140,#4105,#4106);
#3348=AXIS2_PLACEMENT_3D('',#5143,#4109,#4110);
#3349=AXIS2_PLACEMENT_3D('',#5146,#4113,#4114);
#3350=AXIS2_PLACEMENT_3D('',#5149,#4117,#4118);
#3351=AXIS2_PLACEMENT_3D('',#5151,#4120,#4121);
#3352=AXIS2_PLACEMENT_3D('',#5153,#4123,#4124);
#3353=AXIS2_PLACEMENT_3D('',#5155,#4126,#4127);
#3354=AXIS2_PLACEMENT_3D('',#5157,#4129,#4130);
#3355=AXIS2_PLACEMENT_3D('',#5159,#4132,#4133);
#3356=AXIS2_PLACEMENT_3D('',#5162,#4136,#4137);
#3357=AXIS2_PLACEMENT_3D('',#5164,#4139,#4140);
#3358=AXIS2_PLACEMENT_3D('',#5166,#4142,#4143);
#3359=AXIS2_PLACEMENT_3D('',#5168,#4145,#4146);
#3360=AXIS2_PLACEMENT_3D('',#5170,#4147,#4148);
#3361=AXIS2_PLACEMENT_3D('',#5173,#4150,#4151);
#3362=AXIS2_PLACEMENT_3D('',#5174,#4152,#4153);
#3363=AXIS2_PLACEMENT_3D('',#5175,#4154,#4155);
#3364=AXIS2_PLACEMENT_3D('',#5176,#4156,#4157);
#3365=AXIS2_PLACEMENT_3D('',#5178,#4158,#4159);
#3366=AXIS2_PLACEMENT_3D('',#5181,#4161,#4162);
#3367=AXIS2_PLACEMENT_3D('',#5182,#4163,#4164);
#3368=AXIS2_PLACEMENT_3D('',#5184,#4165,#4166);
#3369=AXIS2_PLACEMENT_3D('',#5186,#4168,#4169);
#3370=AXIS2_PLACEMENT_3D('',#5189,#4171,#4172);
#3371=AXIS2_PLACEMENT_3D('',#5190,#4173,#4174);
#3372=AXIS2_PLACEMENT_3D('',#5192,#4175,#4176);
#3373=AXIS2_PLACEMENT_3D('',#5194,#4178,#4179);
#3374=AXIS2_PLACEMENT_3D('',#5197,#4181,#4182);
#3375=AXIS2_PLACEMENT_3D('',#5198,#4183,#4184);
#3376=AXIS2_PLACEMENT_3D('',#5200,#4186,#4187);
#3377=AXIS2_PLACEMENT_3D('',#5202,#4189,#4190);
#3378=AXIS2_PLACEMENT_3D('',#5203,#4191,#4192);
#3379=AXIS2_PLACEMENT_3D('',#5205,#4193,#4194);
#3380=AXIS2_PLACEMENT_3D('',#5208,#4196,#4197);
#3381=AXIS2_PLACEMENT_3D('',#5209,#4198,#4199);
#3382=AXIS2_PLACEMENT_3D('',#5211,#4200,#4201);
#3383=AXIS2_PLACEMENT_3D('',#5212,#4202,#4203);
#3384=AXIS2_PLACEMENT_3D('',#5214,#4204,#4205);
#3385=AXIS2_PLACEMENT_3D('',#5217,#4207,#4208);
#3386=AXIS2_PLACEMENT_3D('',#5218,#4209,#4210);
#3387=AXIS2_PLACEMENT_3D('',#5220,#4211,#4212);
#3388=AXIS2_PLACEMENT_3D('',#5221,#4213,#4214);
#3389=AXIS2_PLACEMENT_3D('',#5230,#4219,#4220);
#3390=AXIS2_PLACEMENT_3D('',#5239,#4225,#4226);
#3391=AXIS2_PLACEMENT_3D('',#5242,#4227,#4228);
#3392=AXIS2_PLACEMENT_3D('',#5246,#4230,#4231);
#3393=AXIS2_PLACEMENT_3D('',#5250,#4233,#4234);
#3394=AXIS2_PLACEMENT_3D('',#5254,#4236,#4237);
#3395=AXIS2_PLACEMENT_3D('',#5266,#4245,#4246);
#3396=AXIS2_PLACEMENT_3D('',#5272,#4250,#4251);
#3397=AXIS2_PLACEMENT_3D('',#5278,#4255,#4256);
#3398=AXIS2_PLACEMENT_3D('',#5280,#4258,#4259);
#3399=AXIS2_PLACEMENT_3D('',#5281,#4260,#4261);
#3400=AXIS2_PLACEMENT_3D('',#5283,#4263,#4264);
#3401=AXIS2_PLACEMENT_3D('',#5284,#4265,#4266);
#3402=AXIS2_PLACEMENT_3D('',#5286,#4268,#4269);
#3403=AXIS2_PLACEMENT_3D('',#5288,#4271,#4272);
#3404=AXIS2_PLACEMENT_3D('',#5289,#4273,#4274);
#3405=AXIS2_PLACEMENT_3D('',#5291,#4276,#4277);
#3406=AXIS2_PLACEMENT_3D('',#5293,#4279,#4280);
#3407=AXIS2_PLACEMENT_3D('',#5294,#4281,#4282);
#3408=AXIS2_PLACEMENT_3D('',#5297,#4283,#4284);
#3409=AXIS2_PLACEMENT_3D('',#5300,#4287,#4288);
#3410=AXIS2_PLACEMENT_3D('',#5304,#4291,#4292);
#3411=AXIS2_PLACEMENT_3D('',#5306,#4293,#4294);
#3412=AXIS2_PLACEMENT_3D('',#5308,#4296,#4297);
#3413=AXIS2_PLACEMENT_3D('',#5311,#4298,#4299);
#3414=AXIS2_PLACEMENT_3D('',#5314,#4302,#4303);
#3415=AXIS2_PLACEMENT_3D('',#5318,#4306,#4307);
#3416=AXIS2_PLACEMENT_3D('',#5320,#4308,#4309);
#3417=AXIS2_PLACEMENT_3D('',#5322,#4311,#4312);
#3418=AXIS2_PLACEMENT_3D('',#5324,#4314,#4315);
#3419=AXIS2_PLACEMENT_3D('',#5326,#4317,#4318);
#3420=DIRECTION('axis',(0.,0.,1.));
#3421=DIRECTION('refdir',(1.,0.,0.));
#3422=DIRECTION('center_axis',(0.707106781186546,0.707106781186549,-1.25607396694703E-15));
#3423=DIRECTION('ref_axis',(-1.77635683940027E-15,0.,-1.));
#3424=DIRECTION('',(-0.707106781186549,0.707106781186546,-1.30841038223647E-15));
#3425=DIRECTION('',(0.,-1.77635683940026E-15,-1.));
#3426=DIRECTION('',(0.707106781186549,-0.707106781186546,9.18794846192729E-15));
#3427=DIRECTION('',(0.,1.77635683940026E-15,1.));
#3428=DIRECTION('center_axis',(0.,1.,-1.77635683940026E-15));
#3429=DIRECTION('ref_axis',(-1.,0.,0.));
#3430=DIRECTION('',(1.,0.,1.1143349617534E-14));
#3431=DIRECTION('center_axis',(0.,-1.,0.));
#3432=DIRECTION('ref_axis',(0.,-1.85037170770859E-15,-1.));
#3433=DIRECTION('',(1.,0.,0.));
#3434=DIRECTION('',(0.,-1.77635683940026E-15,-1.));
#3435=DIRECTION('',(-1.,0.,0.));
#3436=DIRECTION('center_axis',(0.,-1.,0.));
#3437=DIRECTION('ref_axis',(-1.,0.,0.));
#3438=DIRECTION('',(-1.,0.,0.));
#3439=DIRECTION('center_axis',(0.707106781186546,-0.707106781186549,0.));
#3440=DIRECTION('ref_axis',(0.,0.,-1.));
#3441=DIRECTION('',(0.707106781186549,0.707106781186546,0.));
#3442=DIRECTION('',(0.,0.,1.));
#3443=DIRECTION('',(0.707106781186549,0.707106781186546,0.));
#3444=DIRECTION('',(0.,0.,-1.));
#3445=DIRECTION('center_axis',(0.,0.,-1.));
#3446=DIRECTION('ref_axis',(0.,1.,0.));
#3447=DIRECTION('',(1.,0.,0.));
#3448=DIRECTION('',(0.,-1.,0.));
#3449=DIRECTION('',(-1.,0.,0.));
#3450=DIRECTION('',(0.,-1.,0.));
#3451=DIRECTION('center_axis',(0.,-1.,0.));
#3452=DIRECTION('ref_axis',(0.,0.,-1.));
#3453=DIRECTION('',(1.,0.,0.));
#3454=DIRECTION('center_axis',(0.,1.,0.));
#3455=DIRECTION('ref_axis',(-0.707106781186548,0.,0.707106781186547));
#3456=DIRECTION('',(0.,0.,1.));
#3457=DIRECTION('center_axis',(0.,1.,0.));
#3458=DIRECTION('ref_axis',(-0.707106781186548,0.,-0.707106781186547));
#3459=DIRECTION('center_axis',(0.,1.,0.));
#3460=DIRECTION('ref_axis',(0.707106781186547,0.,0.707106781186548));
#3461=DIRECTION('center_axis',(0.,1.,0.));
#3462=DIRECTION('ref_axis',(0.707106781186547,0.,0.707106781186548));
#3463=DIRECTION('',(-0.707106781186546,-0.707106781186549,0.));
#3464=DIRECTION('center_axis',(0.,-1.,0.));
#3465=DIRECTION('ref_axis',(0.707106781186547,0.,0.707106781186548));
#3466=DIRECTION('center_axis',(-0.707106781186544,0.707106781186551,0.));
#3467=DIRECTION('ref_axis',(0.,0.,1.));
#3468=DIRECTION('',(0.,0.,-1.));
#3469=DIRECTION('',(-0.707106781186551,-0.707106781186544,0.));
#3470=DIRECTION('',(0.,0.,1.));
#3471=DIRECTION('center_axis',(0.,1.,0.));
#3472=DIRECTION('ref_axis',(0.707106781186547,0.,-0.707106781186548));
#3473=DIRECTION('center_axis',(0.,-1.,0.));
#3474=DIRECTION('ref_axis',(0.707106781186547,0.,-0.707106781186548));
#3475=DIRECTION('center_axis',(0.,1.,0.));
#3476=DIRECTION('ref_axis',(0.707106781186547,0.,-0.707106781186548));
#3477=DIRECTION('center_axis',(0.,1.,0.));
#3478=DIRECTION('ref_axis',(-1.,0.,0.));
#3479=DIRECTION('',(-1.,0.,0.));
#3480=DIRECTION('center_axis',(0.,-1.,0.));
#3481=DIRECTION('ref_axis',(0.,1.85037170770859E-15,1.));
#3482=DIRECTION('',(0.,0.,1.));
#3483=DIRECTION('center_axis',(0.,-1.,0.));
#3484=DIRECTION('ref_axis',(1.,0.,0.));
#3485=DIRECTION('',(1.,0.,1.1143349617534E-14));
#3486=DIRECTION('center_axis',(0.,-1.,0.));
#3487=DIRECTION('ref_axis',(0.,1.77635683940025E-15,1.));
#3488=DIRECTION('center_axis',(-1.,0.,0.));
#3489=DIRECTION('ref_axis',(0.,0.,1.));
#3490=DIRECTION('',(0.,-1.,1.85037170770859E-15));
#3491=DIRECTION('',(0.,0.,-1.));
#3492=DIRECTION('',(0.,1.,0.));
#3493=DIRECTION('',(0.,0.,-1.));
#3494=DIRECTION('',(0.,1.,-1.85037170770859E-15));
#3495=DIRECTION('center_axis',(0.,1.,0.));
#3496=DIRECTION('ref_axis',(-1.,0.,0.));
#3497=DIRECTION('center_axis',(0.,-1.,0.));
#3498=DIRECTION('ref_axis',(-0.707106781186548,0.,-0.707106781186547));
#3499=DIRECTION('',(1.,0.,0.));
#3500=DIRECTION('center_axis',(0.,-1.,0.));
#3501=DIRECTION('ref_axis',(0.707106781186547,0.,-0.707106781186548));
#3502=DIRECTION('',(1.,0.,1.1143349617534E-14));
#3503=DIRECTION('center_axis',(0.,-1.,0.));
#3504=DIRECTION('ref_axis',(-0.707106781186548,0.,0.707106781186547));
#3505=DIRECTION('',(0.,-1.,0.));
#3506=DIRECTION('center_axis',(-0.227835428288773,-0.97369965472751,-3.05136216086914E-15));
#3507=DIRECTION('ref_axis',(-0.97369965472751,0.227835428288772,-1.30405982283015E-14));
#3508=DIRECTION('',(0.,1.,0.));
#3509=DIRECTION('center_axis',(-0.443686555718943,-0.896182035232944,0.));
#3510=DIRECTION('ref_axis',(-0.633696394290776,0.31373377227017,0.707106781186547));
#3511=DIRECTION('',(-0.443686555718943,-0.896182035232944,0.));
#3512=DIRECTION('center_axis',(-0.227835428288775,-0.973699654727509,0.));
#3513=DIRECTION('ref_axis',(0.973699654727509,-0.227835428288775,0.));
#3514=DIRECTION('',(0.443686555718943,0.896182035232944,0.));
#3515=DIRECTION('center_axis',(0.,-1.,0.));
#3516=DIRECTION('ref_axis',(-0.707106781186547,0.,0.707106781186548));
#3517=DIRECTION('',(0.,1.,0.));
#3518=DIRECTION('',(0.,-1.,0.));
#3519=DIRECTION('center_axis',(-0.382683432365088,-0.923879532511287,-2.8324263850287E-16));
#3520=DIRECTION('ref_axis',(-0.923879532511287,0.382683432365088,-6.83808219315971E-16));
#3521=DIRECTION('',(0.,1.,0.));
#3522=DIRECTION('center_axis',(-0.707106781186545,-0.70710678118655,0.));
#3523=DIRECTION('ref_axis',(-0.500000000000002,0.499999999999996,0.707106781186549));
#3524=DIRECTION('',(-0.707106781186545,-0.70710678118655,0.));
#3525=DIRECTION('center_axis',(-0.38268343236517,-0.923879532511253,-1.41621319251465E-16));
#3526=DIRECTION('ref_axis',(0.923879532511253,-0.38268343236517,-3.41904109658146E-16));
#3527=DIRECTION('',(0.707106781186545,0.70710678118655,0.));
#3528=DIRECTION('center_axis',(-1.78074099087811E-13,-1.,0.));
#3529=DIRECTION('ref_axis',(-0.707106781186547,1.25607396694702E-13,0.707106781186548));
#3530=DIRECTION('',(-1.78074099087811E-13,-1.,0.));
#3531=DIRECTION('center_axis',(0.107268881071049,-0.994230047400382,2.94351224106151E-15));
#3532=DIRECTION('ref_axis',(0.994230047400382,0.107268881071049,2.72821743429106E-14));
#3533=DIRECTION('',(1.78074099087811E-13,1.,0.));
#3534=DIRECTION('center_axis',(0.21329988942389,-0.976986774307491,0.));
#3535=DIRECTION('ref_axis',(-0.690833973242398,-0.150825798237974,0.707106781186548));
#3536=DIRECTION('',(0.21329988942389,-0.976986774307491,0.));
#3537=DIRECTION('center_axis',(0.107268881071135,-0.994230047400372,2.94351224106148E-15));
#3538=DIRECTION('ref_axis',(-0.994230047400372,-0.107268881071135,2.72821743429309E-14));
#3539=DIRECTION('',(-0.21329988942389,0.976986774307491,0.));
#3540=DIRECTION('center_axis',(0.,-1.,0.));
#3541=DIRECTION('ref_axis',(-0.707106781186548,0.,0.707106781186548));
#3542=DIRECTION('',(0.,1.,0.));
#3543=DIRECTION('',(0.,-1.,0.));
#3544=DIRECTION('center_axis',(-0.38268343236508,-0.923879532511291,4.24863957754296E-16));
#3545=DIRECTION('ref_axis',(-0.923879532511291,0.38268343236508,1.02571232897396E-15));
#3546=DIRECTION('',(0.,1.,0.));
#3547=DIRECTION('center_axis',(-0.707106781186537,-0.707106781186559,0.));
#3548=DIRECTION('ref_axis',(-0.500000000000008,0.499999999999991,0.707106781186548));
#3549=DIRECTION('',(-0.707106781186537,-0.707106781186559,0.));
#3550=DIRECTION('center_axis',(-0.382683432365087,-0.923879532511288,0.));
#3551=DIRECTION('ref_axis',(0.923879532511288,-0.382683432365087,0.));
#3552=DIRECTION('',(0.707106781186537,0.707106781186559,0.));
#3553=DIRECTION('center_axis',(-0.408248290463864,-0.408248290463864,-0.816496580927725));
#3554=DIRECTION('ref_axis',(-0.577350269189627,-0.577350269189623,0.577350269189627));
#3555=DIRECTION('center_axis',(1.,-7.40148683083436E-16,3.70074341541719E-16));
#3556=DIRECTION('ref_axis',(-7.40148683083436E-16,-1.,0.));
#3557=DIRECTION('center_axis',(0.,0.,-1.));
#3558=DIRECTION('ref_axis',(-1.,5.9211894646675E-15,0.));
#3559=DIRECTION('center_axis',(5.9211894646675E-15,1.,0.));
#3560=DIRECTION('ref_axis',(0.,0.,1.));
#3561=DIRECTION('center_axis',(-0.816496580927726,-0.408248290463863,0.408248290463862));
#3562=DIRECTION('ref_axis',(0.577350269189626,-0.577350269189626,0.577350269189625));
#3563=DIRECTION('center_axis',(0.,1.,0.));
#3564=DIRECTION('ref_axis',(1.,0.,0.));
#3565=DIRECTION('center_axis',(0.,0.,-1.));
#3566=DIRECTION('ref_axis',(0.,-1.,0.));
#3567=DIRECTION('center_axis',(-1.,0.,0.));
#3568=DIRECTION('ref_axis',(0.,0.,1.));
#3569=DIRECTION('center_axis',(0.408248290463864,0.408248290463863,-0.816496580927725));
#3570=DIRECTION('ref_axis',(-0.577350269189626,-0.577350269189625,-0.577350269189626));
#3571=DIRECTION('center_axis',(5.9211894646675E-15,1.,0.));
#3572=DIRECTION('ref_axis',(-1.,5.9211894646675E-15,0.));
#3573=DIRECTION('center_axis',(0.,0.,1.));
#3574=DIRECTION('ref_axis',(-5.55111512312577E-16,-1.,0.));
#3575=DIRECTION('center_axis',(1.,-3.70074341541718E-16,0.));
#3576=DIRECTION('ref_axis',(0.,0.,-1.));
#3577=DIRECTION('center_axis',(0.,0.,1.));
#3578=DIRECTION('ref_axis',(-0.707106781186547,-0.707106781186548,0.));
#3579=DIRECTION('',(0.,0.,-1.));
#3580=DIRECTION('',(0.,0.,1.));
#3581=DIRECTION('center_axis',(0.439732612032306,0.182143211721529,-0.879465224064608));
#3582=DIRECTION('ref_axis',(0.812519920068743,0.33655677059078,0.47596314947797));
#3583=DIRECTION('center_axis',(-0.707106781186546,0.707106781186549,-2.09345661157836E-15));
#3584=DIRECTION('ref_axis',(0.707106781186549,0.707106781186546,0.));
#3585=DIRECTION('center_axis',(0.,0.,-1.));
#3586=DIRECTION('ref_axis',(1.,0.,0.));
#3587=DIRECTION('center_axis',(-5.92118946466751E-15,-1.,0.));
#3588=DIRECTION('ref_axis',(0.,0.,1.));
#3589=DIRECTION('center_axis',(-0.816496580927726,-0.408248290463864,-0.408248290463862));
#3590=DIRECTION('ref_axis',(0.577350269189625,-0.577350269189627,-0.577350269189625));
#3591=DIRECTION('center_axis',(-1.,1.48029736616687E-15,1.48029736616688E-15));
#3592=DIRECTION('ref_axis',(-1.48029736616687E-15,-1.,0.));
#3593=DIRECTION('center_axis',(0.,0.,1.));
#3594=DIRECTION('ref_axis',(1.,0.,0.));
#3595=DIRECTION('center_axis',(0.,1.,0.));
#3596=DIRECTION('ref_axis',(0.,0.,-1.));
#3597=DIRECTION('center_axis',(0.,0.,1.));
#3598=DIRECTION('ref_axis',(0.707106781186546,-0.707106781186549,0.));
#3599=DIRECTION('',(0.,0.,-1.));
#3600=DIRECTION('',(0.,0.,1.));
#3601=DIRECTION('center_axis',(-0.439732612032306,-0.182143211721529,-0.879465224064608));
#3602=DIRECTION('ref_axis',(0.812519920068745,0.336556770590775,-0.47596314947797));
#3603=DIRECTION('center_axis',(-0.707106781186552,0.707106781186543,0.));
#3604=DIRECTION('ref_axis',(0.,0.,-1.));
#3605=DIRECTION('center_axis',(0.,-1.,5.9211894646675E-15));
#3606=DIRECTION('ref_axis',(1.,0.,0.));
#3607=DIRECTION('center_axis',(0.,0.,1.));
#3608=DIRECTION('ref_axis',(0.707106781186547,0.707106781186548,0.));
#3609=DIRECTION('center_axis',(0.,-1.,0.));
#3610=DIRECTION('ref_axis',(0.707106781186547,0.,-0.707106781186548));
#3611=DIRECTION('',(0.,1.,0.));
#3612=DIRECTION('',(0.,-1.,0.));
#3613=DIRECTION('',(0.,1.,0.));
#3614=DIRECTION('',(0.,1.,0.));
#3615=DIRECTION('center_axis',(0.,0.,-1.));
#3616=DIRECTION('ref_axis',(0.923879532511287,0.38268343236509,0.));
#3617=DIRECTION('',(0.,0.,1.));
#3618=DIRECTION('',(0.,0.,-1.));
#3619=DIRECTION('center_axis',(-0.707106781186548,0.707106781186548,0.));
#3620=DIRECTION('ref_axis',(0.500000000000002,0.500000000000002,-0.707106781186545));
#3621=DIRECTION('',(0.707106781186548,-0.707106781186548,0.));
#3622=DIRECTION('',(-0.707106781186548,0.707106781186548,0.));
#3623=DIRECTION('center_axis',(-0.382683432365091,0.923879532511287,0.));
#3624=DIRECTION('ref_axis',(0.923879532511286,0.382683432365091,0.));
#3625=DIRECTION('center_axis',(-1.,4.93432455388958E-16,0.));
#3626=DIRECTION('ref_axis',(0.,-0.707106781186548,-0.707106781186547));
#3627=DIRECTION('',(1.,-4.93432455388958E-16,0.));
#3628=DIRECTION('',(-1.,4.93432455388958E-16,0.));
#3629=DIRECTION('center_axis',(0.,1.,0.));
#3630=DIRECTION('ref_axis',(0.707106781186547,0.,-0.707106781186548));
#3631=DIRECTION('',(0.,-1.,0.));
#3632=DIRECTION('',(0.,-1.,0.));
#3633=DIRECTION('',(0.,1.,0.));
#3634=DIRECTION('center_axis',(0.,1.,0.));
#3635=DIRECTION('ref_axis',(0.707106781186547,0.,0.707106781186548));
#3636=DIRECTION('',(0.,-1.,0.));
#3637=DIRECTION('',(0.,1.,0.));
#3638=DIRECTION('',(0.,-1.,0.));
#3639=DIRECTION('',(0.,-1.,0.));
#3640=DIRECTION('center_axis',(0.707106781186548,-0.707106781186548,0.));
#3641=DIRECTION('ref_axis',(0.500000000000002,0.500000000000002,0.707106781186545));
#3642=DIRECTION('',(0.707106781186548,-0.707106781186548,0.));
#3643=DIRECTION('',(-0.707106781186548,0.707106781186548,0.));
#3644=DIRECTION('center_axis',(-0.382683432365091,0.923879532511287,0.));
#3645=DIRECTION('ref_axis',(-0.923879532511286,-0.382683432365091,0.));
#3646=DIRECTION('center_axis',(5.92325691908952E-15,1.,0.));
#3647=DIRECTION('ref_axis',(-0.707106781186547,4.18691322315673E-15,-0.707106781186548));
#3648=DIRECTION('',(-5.92325691908953E-15,-1.,0.));
#3649=DIRECTION('',(5.92325691908953E-15,1.,0.));
#3650=DIRECTION('center_axis',(0.382683432365087,0.923879532511288,5.66485277005737E-16));
#3651=DIRECTION('ref_axis',(0.923879532511288,-0.382683432365087,1.36761643863197E-15));
#3652=DIRECTION('center_axis',(1.,-4.93432455388958E-16,0.));
#3653=DIRECTION('ref_axis',(0.,-0.707106781186548,0.707106781186547));
#3654=DIRECTION('',(-1.,4.93432455388958E-16,0.));
#3655=DIRECTION('',(1.,-4.93432455388958E-16,0.));
#3656=DIRECTION('center_axis',(0.,-1.,0.));
#3657=DIRECTION('ref_axis',(0.707106781186547,0.,0.707106781186548));
#3658=DIRECTION('',(0.,-1.,0.));
#3659=DIRECTION('',(0.,1.,0.));
#3660=DIRECTION('center_axis',(0.,-1.,0.));
#3661=DIRECTION('ref_axis',(0.707106781186547,0.,0.707106781186548));
#3662=DIRECTION('',(0.,1.,0.));
#3663=DIRECTION('center_axis',(0.707106781186537,0.707106781186559,0.));
#3664=DIRECTION('ref_axis',(-0.500000000000008,0.499999999999991,-0.707106781186548));
#3665=DIRECTION('',(-0.707106781186537,-0.707106781186559,0.));
#3666=DIRECTION('',(0.707106781186537,0.707106781186559,0.));
#3667=DIRECTION('center_axis',(0.38268343236508,0.923879532511291,1.41621319251432E-16));
#3668=DIRECTION('ref_axis',(-0.923879532511291,0.38268343236508,3.41904109657982E-16));
#3669=DIRECTION('center_axis',(-5.92325691908952E-15,-1.,0.));
#3670=DIRECTION('ref_axis',(-0.707106781186547,4.18691322315673E-15,0.707106781186548));
#3671=DIRECTION('',(-5.92325691908953E-15,-1.,0.));
#3672=DIRECTION('',(5.92325691908953E-15,1.,0.));
#3673=DIRECTION('center_axis',(0.,1.,0.));
#3674=DIRECTION('ref_axis',(-0.707106781186548,0.,-0.707106781186548));
#3675=DIRECTION('',(0.,-1.,0.));
#3676=DIRECTION('',(0.,1.,0.));
#3677=DIRECTION('center_axis',(-0.107268881071138,0.994230047400372,-2.98320970159179E-15));
#3678=DIRECTION('ref_axis',(-0.994230047400372,-0.107268881071138,-2.76501133730656E-14));
#3679=DIRECTION('',(0.,-1.,0.));
#3680=DIRECTION('center_axis',(-0.21329988942389,0.976986774307491,0.));
#3681=DIRECTION('ref_axis',(-0.690833973242398,-0.150825798237974,-0.707106781186548));
#3682=DIRECTION('',(0.21329988942389,-0.976986774307491,0.));
#3683=DIRECTION('',(-0.21329988942389,0.976986774307491,0.));
#3684=DIRECTION('center_axis',(-0.107268881071052,0.994230047400381,0.));
#3685=DIRECTION('ref_axis',(0.994230047400381,0.107268881071052,0.));
#3686=DIRECTION('center_axis',(1.78074099087811E-13,1.,0.));
#3687=DIRECTION('ref_axis',(-0.707106781186547,1.25607396694702E-13,-0.707106781186548));
#3688=DIRECTION('',(-1.78074099087811E-13,-1.,0.));
#3689=DIRECTION('',(1.78074099087811E-13,1.,0.));
#3690=DIRECTION('center_axis',(0.382683432365168,0.923879532511254,2.83242638502929E-16));
#3691=DIRECTION('ref_axis',(0.923879532511254,-0.382683432365168,6.83808219316291E-16));
#3692=DIRECTION('center_axis',(0.707106781186545,0.70710678118655,0.));
#3693=DIRECTION('ref_axis',(-0.500000000000002,0.499999999999996,-0.707106781186549));
#3694=DIRECTION('',(-0.707106781186545,-0.70710678118655,0.));
#3695=DIRECTION('',(0.707106781186545,0.70710678118655,0.));
#3696=DIRECTION('center_axis',(0.382683432365088,0.923879532511287,0.));
#3697=DIRECTION('ref_axis',(-0.923879532511287,0.382683432365088,0.));
#3698=DIRECTION('center_axis',(0.,1.,0.));
#3699=DIRECTION('ref_axis',(-0.707106781186547,0.,-0.707106781186548));
#3700=DIRECTION('',(0.,-1.,0.));
#3701=DIRECTION('',(0.,1.,0.));
#3702=DIRECTION('center_axis',(0.227835428288775,0.973699654727509,-3.38862634528452E-15));
#3703=DIRECTION('ref_axis',(0.973699654727509,-0.227835428288775,-1.4481963262632E-14));
#3704=DIRECTION('',(0.,-1.,0.));
#3705=DIRECTION('center_axis',(0.443686555718943,0.896182035232944,0.));
#3706=DIRECTION('ref_axis',(-0.633696394290776,0.31373377227017,-0.707106781186547));
#3707=DIRECTION('',(-0.443686555718943,-0.896182035232944,0.));
#3708=DIRECTION('',(0.443686555718943,0.896182035232944,0.));
#3709=DIRECTION('center_axis',(0.227835428288773,0.97369965472751,0.));
#3710=DIRECTION('ref_axis',(-0.97369965472751,0.227835428288772,0.));
#3711=DIRECTION('center_axis',(0.,1.,0.));
#3712=DIRECTION('ref_axis',(-0.707106781186548,0.,-0.707106781186547));
#3713=DIRECTION('',(0.,-1.,0.));
#3714=DIRECTION('',(0.,1.,0.));
#3715=DIRECTION('center_axis',(1.,0.,0.));
#3716=DIRECTION('ref_axis',(0.,0.,1.));
#3717=DIRECTION('',(-0.707106781186548,-8.65956056235493E-17,0.707106781186547));
#3718=DIRECTION('center_axis',(1.,0.,0.));
#3719=DIRECTION('ref_axis',(0.,0.,1.));
#3720=DIRECTION('center_axis',(-1.,0.,0.));
#3721=DIRECTION('ref_axis',(0.,0.,1.));
#3722=DIRECTION('center_axis',(-1.,0.,0.));
#3723=DIRECTION('ref_axis',(0.,0.,1.));
#3724=DIRECTION('center_axis',(1.,0.,0.));
#3725=DIRECTION('ref_axis',(0.,1.,0.));
#3726=DIRECTION('center_axis',(1.,0.,0.));
#3727=DIRECTION('ref_axis',(0.,1.,0.));
#3728=DIRECTION('center_axis',(-1.,0.,0.));
#3729=DIRECTION('ref_axis',(0.,0.,1.));
#3730=DIRECTION('center_axis',(0.,1.,0.));
#3731=DIRECTION('ref_axis',(-1.,0.,0.));
#3732=DIRECTION('',(-1.,0.,0.));
#3733=DIRECTION('',(-1.,0.,0.));
#3734=DIRECTION('center_axis',(-1.,5.92325691908952E-15,0.));
#3735=DIRECTION('ref_axis',(-5.92325691908953E-15,-1.,0.));
#3736=DIRECTION('',(0.,0.,1.));
#3737=DIRECTION('center_axis',(-0.707106781186559,0.707106781186537,0.));
#3738=DIRECTION('ref_axis',(-0.707106781186537,-0.707106781186559,0.));
#3739=DIRECTION('',(0.,0.,1.));
#3740=DIRECTION('center_axis',(-1.,0.,0.));
#3741=DIRECTION('ref_axis',(0.,0.,1.));
#3742=DIRECTION('center_axis',(1.,0.,0.));
#3743=DIRECTION('ref_axis',(0.,0.,1.));
#3744=DIRECTION('',(0.707106781186548,8.65956056235492E-17,0.707106781186547));
#3745=DIRECTION('center_axis',(-1.,0.,0.));
#3746=DIRECTION('ref_axis',(0.,0.,1.));
#3747=DIRECTION('center_axis',(1.,0.,0.));
#3748=DIRECTION('ref_axis',(0.,0.,1.));
#3749=DIRECTION('center_axis',(-1.,0.,0.));
#3750=DIRECTION('ref_axis',(0.,-1.,0.));
#3751=DIRECTION('center_axis',(-1.,0.,0.));
#3752=DIRECTION('ref_axis',(0.,-1.,0.));
#3753=DIRECTION('',(0.,0.,1.));
#3754=DIRECTION('center_axis',(-0.976986774307491,-0.21329988942389,0.));
#3755=DIRECTION('ref_axis',(0.21329988942389,-0.976986774307491,0.));
#3756=DIRECTION('',(0.,0.,-1.));
#3757=DIRECTION('center_axis',(-1.,1.78074099087811E-13,0.));
#3758=DIRECTION('ref_axis',(-1.78074099087811E-13,-1.,0.));
#3759=DIRECTION('',(0.,0.,1.));
#3760=DIRECTION('center_axis',(-0.70710678118655,0.707106781186545,0.));
#3761=DIRECTION('ref_axis',(-0.707106781186545,-0.70710678118655,0.));
#3762=DIRECTION('',(0.,0.,1.));
#3763=DIRECTION('center_axis',(-1.,0.,0.));
#3764=DIRECTION('ref_axis',(0.,0.,1.));
#3765=DIRECTION('center_axis',(1.,0.,0.));
#3766=DIRECTION('ref_axis',(0.,0.,1.));
#3767=DIRECTION('',(0.707106781186547,8.65956056235494E-17,0.707106781186548));
#3768=DIRECTION('center_axis',(-1.,0.,0.));
#3769=DIRECTION('ref_axis',(0.,0.,1.));
#3770=DIRECTION('center_axis',(1.,0.,0.));
#3771=DIRECTION('ref_axis',(0.,0.,1.));
#3772=DIRECTION('center_axis',(-1.,0.,0.));
#3773=DIRECTION('ref_axis',(0.,-1.,0.));
#3774=DIRECTION('center_axis',(-1.,0.,0.));
#3775=DIRECTION('ref_axis',(0.,-1.,0.));
#3776=DIRECTION('',(0.,0.,1.));
#3777=DIRECTION('center_axis',(-0.896182035232944,0.443686555718943,0.));
#3778=DIRECTION('ref_axis',(-0.443686555718943,-0.896182035232944,0.));
#3779=DIRECTION('',(0.,0.,1.));
#3780=DIRECTION('center_axis',(-1.,0.,0.));
#3781=DIRECTION('ref_axis',(0.,-1.,0.));
#3782=DIRECTION('center_axis',(-4.93432455388958E-16,-1.,0.));
#3783=DIRECTION('ref_axis',(1.,-4.93432455388958E-16,0.));
#3784=DIRECTION('center_axis',(0.,-1.,1.85037170770859E-15));
#3785=DIRECTION('ref_axis',(0.,-1.85037170770859E-15,-1.));
#3786=DIRECTION('center_axis',(0.,1.,0.));
#3787=DIRECTION('ref_axis',(0.,-1.85037170770859E-15,-1.));
#3788=DIRECTION('',(0.,1.,-1.85037170770859E-15));
#3789=DIRECTION('',(0.,-1.,1.85037170770859E-15));
#3790=DIRECTION('center_axis',(0.,-1.,2.66453525910039E-15));
#3791=DIRECTION('ref_axis',(0.,-1.85037170770859E-15,-1.));
#3792=DIRECTION('',(0.,-1.,1.85037170770859E-15));
#3793=DIRECTION('center_axis',(0.,-1.,1.70803542250025E-15));
#3794=DIRECTION('ref_axis',(0.,-1.70803542250025E-15,-1.));
#3795=DIRECTION('',(-1.,0.,0.));
#3796=DIRECTION('',(2.01858731750028E-15,1.77635683940025E-15,1.));
#3797=DIRECTION('',(1.,-1.12054105855257E-31,-6.30808536718838E-17));
#3798=DIRECTION('',(-4.03717463500057E-15,-1.77635683940025E-15,-1.));
#3799=DIRECTION('center_axis',(0.,1.,-1.70803542250025E-15));
#3800=DIRECTION('ref_axis',(0.,1.77635683940025E-15,1.));
#3801=DIRECTION('center_axis',(-1.,6.89563728340051E-30,4.03717463500057E-15));
#3802=DIRECTION('ref_axis',(4.03717463500057E-15,1.77635683940025E-15,1.));
#3803=DIRECTION('',(0.,-1.,1.70803542250025E-15));
#3804=DIRECTION('',(0.,1.,-1.70803542250025E-15));
#3805=DIRECTION('',(4.03717463500057E-15,1.77635683940025E-15,1.));
#3806=DIRECTION('center_axis',(-6.30808536718838E-17,-1.70803542250025E-15,
-1.));
#3807=DIRECTION('ref_axis',(-1.,1.12054105855257E-31,6.30808536718838E-17));
#3808=DIRECTION('',(0.,1.,-1.70803542250025E-15));
#3809=DIRECTION('',(-1.,1.12054105855257E-31,6.30808536718838E-17));
#3810=DIRECTION('center_axis',(1.,-3.44781864170025E-30,-2.01858731750028E-15));
#3811=DIRECTION('ref_axis',(-2.01858731750028E-15,-1.77635683940025E-15,
-1.));
#3812=DIRECTION('',(0.,1.,-1.70803542250025E-15));
#3813=DIRECTION('',(-2.01858731750028E-15,-1.77635683940025E-15,-1.));
#3814=DIRECTION('center_axis',(0.,1.70803542250025E-15,1.));
#3815=DIRECTION('ref_axis',(1.,0.,0.));
#3816=DIRECTION('',(1.,0.,0.));
#3817=DIRECTION('center_axis',(0.,1.,-1.70803542250025E-15));
#3818=DIRECTION('ref_axis',(0.,1.70803542250025E-15,1.));
#3819=DIRECTION('center_axis',(0.,-1.,1.70803542250025E-15));
#3820=DIRECTION('ref_axis',(0.,1.77635683940025E-15,1.));
#3821=DIRECTION('center_axis',(0.,-1.,1.77635683940025E-15));
#3822=DIRECTION('ref_axis',(0.,1.77635683940025E-15,1.));
#3823=DIRECTION('',(0.,-1.,1.77635683940025E-15));
#3824=DIRECTION('center_axis',(0.,-1.,1.77635683940025E-15));
#3825=DIRECTION('ref_axis',(0.,1.77635683940025E-15,1.));
#3826=DIRECTION('',(0.,-1.,1.77635683940025E-15));
#3827=DIRECTION('center_axis',(0.,-1.,1.77635683940025E-15));
#3828=DIRECTION('ref_axis',(0.,1.77635683940025E-15,1.));
#3829=DIRECTION('center_axis',(0.,-1.,1.77635683940025E-15));
#3830=DIRECTION('ref_axis',(0.,1.77635683940025E-15,1.));
#3831=DIRECTION('center_axis',(-0.707106781186548,0.707106781186548,0.));
#3832=DIRECTION('ref_axis',(0.,0.,1.));
#3833=DIRECTION('',(-0.707106781186548,-0.707106781186548,1.02056009814445E-14));
#3834=DIRECTION('',(0.,0.,-1.));
#3835=DIRECTION('',(0.707106781186548,0.707106781186548,0.));
#3836=DIRECTION('',(0.,0.,-1.));
#3837=DIRECTION('center_axis',(0.,-1.4432899320127E-14,-1.));
#3838=DIRECTION('ref_axis',(0.,-1.,1.4432899320127E-14));
#3839=DIRECTION('',(1.,0.,0.));
#3840=DIRECTION('',(0.,-1.,1.4432899320127E-14));
#3841=DIRECTION('center_axis',(0.,1.,0.));
#3842=DIRECTION('ref_axis',(0.,0.,-1.));
#3843=DIRECTION('',(0.,0.,-1.));
#3844=DIRECTION('center_axis',(0.,-1.,0.));
#3845=DIRECTION('ref_axis',(-1.,0.,0.));
#3846=DIRECTION('',(-1.,0.,0.));
#3847=DIRECTION('center_axis',(0.,0.,1.));
#3848=DIRECTION('ref_axis',(0.,1.,0.));
#3849=DIRECTION('',(0.,-1.,1.85037170770859E-15));
#3850=DIRECTION('',(0.,1.,0.));
#3851=DIRECTION('center_axis',(-1.,0.,0.));
#3852=DIRECTION('ref_axis',(0.,0.,1.));
#3853=DIRECTION('center_axis',(0.,-1.,0.));
#3854=DIRECTION('ref_axis',(0.,0.,1.));
#3855=DIRECTION('',(0.,0.,1.));
#3856=DIRECTION('',(-1.,0.,0.));
#3857=DIRECTION('',(0.,0.,1.));
#3858=DIRECTION('',(-1.,0.,0.));
#3859=DIRECTION('center_axis',(0.,1.09039761347114E-15,-1.));
#3860=DIRECTION('ref_axis',(0.,-1.,-1.09039761347114E-15));
#3861=DIRECTION('',(0.,-1.,-1.09039761347114E-15));
#3862=DIRECTION('',(-1.,0.,0.));
#3863=DIRECTION('',(0.,-1.,-1.09039761347114E-15));
#3864=DIRECTION('center_axis',(0.,1.,0.));
#3865=DIRECTION('ref_axis',(0.,0.,-1.));
#3866=DIRECTION('',(0.,0.,-1.));
#3867=DIRECTION('',(-1.,0.,0.));
#3868=DIRECTION('',(0.,0.,-1.));
#3869=DIRECTION('center_axis',(0.,9.91270557701033E-17,1.));
#3870=DIRECTION('ref_axis',(0.,1.,-9.91270557701033E-17));
#3871=DIRECTION('',(0.,1.,-9.91270557701033E-17));
#3872=DIRECTION('',(0.,1.,-9.91270557701033E-17));
#3873=DIRECTION('center_axis',(-1.,0.,0.));
#3874=DIRECTION('ref_axis',(0.,0.,1.));
#3875=DIRECTION('center_axis',(1.,0.,0.));
#3876=DIRECTION('ref_axis',(0.,0.,1.));
#3877=DIRECTION('center_axis',(-1.,0.,0.));
#3878=DIRECTION('ref_axis',(0.,0.,1.));
#3879=DIRECTION('center_axis',(1.,0.,0.));
#3880=DIRECTION('ref_axis',(0.,0.,1.));
#3881=DIRECTION('center_axis',(0.,9.91270557701032E-17,1.));
#3882=DIRECTION('ref_axis',(0.,1.,-9.91270557701032E-17));
#3883=DIRECTION('',(0.,-1.,9.91270557701032E-17));
#3884=DIRECTION('',(-1.,0.,0.));
#3885=DIRECTION('',(0.,1.,-9.91270557701032E-17));
#3886=DIRECTION('',(-1.,0.,0.));
#3887=DIRECTION('center_axis',(0.,-1.,-1.58603289232165E-15));
#3888=DIRECTION('ref_axis',(0.,-1.58603289232165E-15,1.));
#3889=DIRECTION('',(0.,1.58603289232165E-15,-1.));
#3890=DIRECTION('',(-1.,0.,0.));
#3891=DIRECTION('',(0.,-1.58603289232165E-15,1.));
#3892=DIRECTION('center_axis',(0.,-9.91270557701033E-16,-1.));
#3893=DIRECTION('ref_axis',(0.,-1.,9.91270557701033E-16));
#3894=DIRECTION('',(0.,1.,-9.91270557701033E-16));
#3895=DIRECTION('',(-1.,0.,0.));
#3896=DIRECTION('',(0.,-1.,9.91270557701033E-16));
#3897=DIRECTION('center_axis',(0.,1.,0.));
#3898=DIRECTION('ref_axis',(0.,0.,-1.));
#3899=DIRECTION('',(0.,0.,1.));
#3900=DIRECTION('',(0.,0.,-1.));
#3901=DIRECTION('center_axis',(-1.,0.,0.));
#3902=DIRECTION('ref_axis',(0.,0.,1.));
#3903=DIRECTION('center_axis',(1.,0.,0.));
#3904=DIRECTION('ref_axis',(0.,0.,1.));
#3905=DIRECTION('center_axis',(-1.,0.,0.));
#3906=DIRECTION('ref_axis',(0.,0.,1.));
#3907=DIRECTION('center_axis',(1.,0.,0.));
#3908=DIRECTION('ref_axis',(0.,0.,1.));
#3909=DIRECTION('center_axis',(1.,0.,0.));
#3910=DIRECTION('ref_axis',(0.,0.,1.));
#3911=DIRECTION('',(1.,0.,0.));
#3912=DIRECTION('center_axis',(1.,0.,0.));
#3913=DIRECTION('ref_axis',(0.,0.,1.));
#3914=DIRECTION('center_axis',(1.,0.,0.));
#3915=DIRECTION('ref_axis',(0.,0.,1.));
#3916=DIRECTION('',(1.,0.,0.));
#3917=DIRECTION('center_axis',(1.,0.,0.));
#3918=DIRECTION('ref_axis',(0.,0.,1.));
#3919=DIRECTION('center_axis',(-0.707106781186548,-0.707106781186548,0.));
#3920=DIRECTION('ref_axis',(0.707106781186548,-0.707106781186548,0.));
#3921=DIRECTION('',(0.,0.,1.));
#3922=DIRECTION('center_axis',(-1.,0.,0.));
#3923=DIRECTION('ref_axis',(0.,-1.,0.));
#3924=DIRECTION('center_axis',(0.,0.,1.));
#3925=DIRECTION('ref_axis',(1.,0.,0.));
#3926=DIRECTION('center_axis',(1.,0.,0.));
#3927=DIRECTION('ref_axis',(0.,1.,0.));
#3928=DIRECTION('',(0.,-1.,1.85037170770859E-15));
#3929=DIRECTION('',(0.,2.66453525910039E-15,1.));
#3930=DIRECTION('',(0.,-1.,1.85037170770859E-15));
#3931=DIRECTION('center_axis',(1.,0.,0.));
#3932=DIRECTION('ref_axis',(0.,1.,0.));
#3933=DIRECTION('center_axis',(-1.,0.,0.));
#3934=DIRECTION('ref_axis',(0.,0.,1.));
#3935=DIRECTION('center_axis',(-1.,0.,0.));
#3936=DIRECTION('ref_axis',(0.,-1.77635683940026E-15,-1.));
#3937=DIRECTION('',(0.,-2.66453525910039E-15,-1.));
#3938=DIRECTION('',(0.,-1.,1.85037170770859E-15));
#3939=DIRECTION('center_axis',(0.,-1.,1.85037170770859E-15));
#3940=DIRECTION('ref_axis',(-1.,0.,0.));
#3941=DIRECTION('center_axis',(0.,-1.,2.66453525910039E-15));
#3942=DIRECTION('ref_axis',(-1.,0.,0.));
#3943=DIRECTION('',(0.,-1.,1.85037170770859E-15));
#3944=DIRECTION('center_axis',(0.,1.85037170770859E-15,1.));
#3945=DIRECTION('ref_axis',(-1.,0.,0.));
#3946=DIRECTION('',(-1.,0.,0.));
#3947=DIRECTION('',(0.,-1.,1.85037170770859E-15));
#3948=DIRECTION('center_axis',(0.,-1.,1.85037170770859E-15));
#3949=DIRECTION('ref_axis',(0.,1.85037170770859E-15,1.));
#3950=DIRECTION('center_axis',(0.,-1.,2.66453525910039E-15));
#3951=DIRECTION('ref_axis',(0.,1.85037170770859E-15,1.));
#3952=DIRECTION('center_axis',(0.,-1.,1.85037170770859E-15));
#3953=DIRECTION('ref_axis',(1.,0.,0.));
#3954=DIRECTION('center_axis',(0.,-1.,2.66453525910039E-15));
#3955=DIRECTION('ref_axis',(1.,0.,0.));
#3956=DIRECTION('',(0.,-1.,1.85037170770859E-15));
#3957=DIRECTION('center_axis',(1.1143349617534E-14,-1.85037170770859E-15,
-1.));
#3958=DIRECTION('ref_axis',(1.,1.97945653069348E-29,1.1143349617534E-14));
#3959=DIRECTION('',(1.,2.96918479604022E-29,1.1143349617534E-14));
#3960=DIRECTION('center_axis',(-1.,0.,0.));
#3961=DIRECTION('ref_axis',(0.,0.,1.));
#3962=DIRECTION('',(1.,0.,0.));
#3963=DIRECTION('center_axis',(1.,0.,0.));
#3964=DIRECTION('ref_axis',(0.,0.,1.));
#3965=DIRECTION('',(-0.707106781186548,-8.65956056235493E-17,0.707106781186547));
#3966=DIRECTION('center_axis',(1.,0.,0.));
#3967=DIRECTION('ref_axis',(0.,0.,1.));
#3968=DIRECTION('center_axis',(-1.,0.,0.));
#3969=DIRECTION('ref_axis',(0.,0.,1.));
#3970=DIRECTION('',(1.,0.,0.));
#3971=DIRECTION('center_axis',(0.,0.,-1.));
#3972=DIRECTION('ref_axis',(-1.,0.,0.));
#3973=DIRECTION('center_axis',(0.,-1.,-4.13106241720989E-15));
#3974=DIRECTION('ref_axis',(0.,-4.13106241720989E-15,1.));
#3975=DIRECTION('',(0.,-4.13106241720989E-15,1.));
#3976=DIRECTION('',(-1.,0.,0.));
#3977=DIRECTION('',(0.,-4.13106241720989E-15,1.));
#3978=DIRECTION('',(-1.,0.,0.));
#3979=DIRECTION('center_axis',(0.,8.39122053495762E-16,-1.));
#3980=DIRECTION('ref_axis',(0.,-1.,-8.39122053495762E-16));
#3981=DIRECTION('',(0.,-1.,-8.39122053495762E-16));
#3982=DIRECTION('',(-1.,0.,0.));
#3983=DIRECTION('',(0.,-1.,-8.39122053495762E-16));
#3984=DIRECTION('center_axis',(0.,1.,-1.23931872516297E-14));
#3985=DIRECTION('ref_axis',(0.,-1.23931872516297E-14,-1.));
#3986=DIRECTION('',(0.,-1.23931872516297E-14,-1.));
#3987=DIRECTION('',(-1.,0.,0.));
#3988=DIRECTION('',(0.,-1.23931872516297E-14,-1.));
#3989=DIRECTION('center_axis',(0.,-1.29095700537807E-16,1.));
#3990=DIRECTION('ref_axis',(0.,1.,1.29095700537807E-16));
#3991=DIRECTION('',(0.,1.,1.29095700537807E-16));
#3992=DIRECTION('',(0.,1.,1.29095700537807E-16));
#3993=DIRECTION('center_axis',(-1.,0.,0.));
#3994=DIRECTION('ref_axis',(0.,0.,1.));
#3995=DIRECTION('center_axis',(1.,0.,0.));
#3996=DIRECTION('ref_axis',(0.,-1.,0.));
#3997=DIRECTION('center_axis',(-1.,0.,0.));
#3998=DIRECTION('ref_axis',(0.,0.,1.));
#3999=DIRECTION('center_axis',(-1.,0.,0.));
#4000=DIRECTION('ref_axis',(0.,-1.,0.));
#4001=DIRECTION('center_axis',(0.,-1.,0.));
#4002=DIRECTION('ref_axis',(0.,0.,1.));
#4003=DIRECTION('',(0.,0.,1.));
#4004=DIRECTION('',(-1.,0.,0.));
#4005=DIRECTION('',(0.,0.,1.));
#4006=DIRECTION('',(-1.,0.,0.));
#4007=DIRECTION('center_axis',(0.,1.03276560430247E-15,-1.));
#4008=DIRECTION('ref_axis',(0.,-1.,-1.03276560430247E-15));
#4009=DIRECTION('',(0.,-1.,-1.03276560430247E-15));
#4010=DIRECTION('',(-1.,0.,0.));
#4011=DIRECTION('',(0.,-1.,-1.03276560430247E-15));
#4012=DIRECTION('center_axis',(0.,1.,1.23931872516297E-14));
#4013=DIRECTION('ref_axis',(0.,1.23931872516297E-14,-1.));
#4014=DIRECTION('',(0.,1.23931872516297E-14,-1.));
#4015=DIRECTION('',(-1.,0.,0.));
#4016=DIRECTION('',(0.,1.23931872516297E-14,-1.));
#4017=DIRECTION('center_axis',(0.,0.,1.));
#4018=DIRECTION('ref_axis',(0.,1.,0.));
#4019=DIRECTION('',(0.,1.,0.));
#4020=DIRECTION('',(0.,1.,0.));
#4021=DIRECTION('center_axis',(-1.,0.,0.));
#4022=DIRECTION('ref_axis',(0.,0.,1.));
#4023=DIRECTION('center_axis',(1.,0.,0.));
#4024=DIRECTION('ref_axis',(0.,-1.,0.));
#4025=DIRECTION('center_axis',(-1.,0.,0.));
#4026=DIRECTION('ref_axis',(0.,0.,1.));
#4027=DIRECTION('center_axis',(-1.,0.,0.));
#4028=DIRECTION('ref_axis',(0.,-1.,0.));
#4029=DIRECTION('center_axis',(1.,0.,0.));
#4030=DIRECTION('ref_axis',(0.,-1.,0.));
#4031=DIRECTION('',(1.,0.,0.));
#4032=DIRECTION('center_axis',(1.,0.,0.));
#4033=DIRECTION('ref_axis',(0.,-1.,0.));
#4034=DIRECTION('center_axis',(1.,0.,0.));
#4035=DIRECTION('ref_axis',(0.,-1.,0.));
#4036=DIRECTION('',(1.,0.,0.));
#4037=DIRECTION('center_axis',(1.,0.,0.));
#4038=DIRECTION('ref_axis',(0.,-1.,0.));
#4039=DIRECTION('center_axis',(1.,0.,0.));
#4040=DIRECTION('ref_axis',(0.,-1.,0.));
#4041=DIRECTION('center_axis',(1.,0.,0.));
#4042=DIRECTION('ref_axis',(0.,-1.,0.));
#4043=DIRECTION('',(1.,0.,0.));
#4044=DIRECTION('center_axis',(1.,0.,0.));
#4045=DIRECTION('ref_axis',(0.,-1.,0.));
#4046=DIRECTION('center_axis',(1.,0.,0.));
#4047=DIRECTION('ref_axis',(0.,-1.,0.));
#4048=DIRECTION('center_axis',(1.,0.,0.));
#4049=DIRECTION('ref_axis',(0.,-1.,0.));
#4050=DIRECTION('',(1.,0.,0.));
#4051=DIRECTION('center_axis',(1.,0.,0.));
#4052=DIRECTION('ref_axis',(0.,-1.,0.));
#4053=DIRECTION('center_axis',(0.,0.,-1.));
#4054=DIRECTION('ref_axis',(0.,1.,0.));
#4055=DIRECTION('center_axis',(0.,0.,1.));
#4056=DIRECTION('ref_axis',(0.707106781186551,0.707106781186544,0.));
#4057=DIRECTION('',(1.,0.,0.));
#4058=DIRECTION('',(0.,-1.,0.));
#4059=DIRECTION('',(-1.,0.,0.));
#4060=DIRECTION('center_axis',(0.,0.,1.));
#4061=DIRECTION('ref_axis',(0.707106781186534,0.707106781186561,0.));
#4062=DIRECTION('',(1.,0.,0.));
#4063=DIRECTION('',(0.,-1.,0.));
#4064=DIRECTION('',(-1.,0.,0.));
#4065=DIRECTION('center_axis',(0.,0.,1.));
#4066=DIRECTION('ref_axis',(0.707106781186551,0.707106781186544,0.));
#4067=DIRECTION('',(1.,0.,0.));
#4068=DIRECTION('',(0.,-1.,0.));
#4069=DIRECTION('',(-1.,0.,0.));
#4070=DIRECTION('center_axis',(0.,0.,1.));
#4071=DIRECTION('ref_axis',(0.707106781186551,0.707106781186544,0.));
#4072=DIRECTION('',(1.,0.,0.));
#4073=DIRECTION('',(0.,-1.,0.));
#4074=DIRECTION('',(-1.,0.,0.));
#4075=DIRECTION('',(0.,-1.,0.));
#4076=DIRECTION('',(1.,0.,0.));
#4077=DIRECTION('',(0.,-1.,0.));
#4078=DIRECTION('',(-1.,0.,0.));
#4079=DIRECTION('center_axis',(0.,0.,1.));
#4080=DIRECTION('ref_axis',(0.,-1.,0.));
#4081=DIRECTION('center_axis',(0.,0.,-1.));
#4082=DIRECTION('ref_axis',(0.707106781186551,0.707106781186544,0.));
#4083=DIRECTION('',(1.,0.,0.));
#4084=DIRECTION('',(0.,1.,0.));
#4085=DIRECTION('',(-1.,0.,0.));
#4086=DIRECTION('',(0.,1.,0.));
#4087=DIRECTION('',(1.,0.,0.));
#4088=DIRECTION('',(0.,1.,0.));
#4089=DIRECTION('',(-1.,0.,0.));
#4090=DIRECTION('center_axis',(0.,0.,-1.));
#4091=DIRECTION('ref_axis',(0.707106781186551,0.707106781186544,0.));
#4092=DIRECTION('',(1.,0.,0.));
#4093=DIRECTION('',(0.,1.,0.));
#4094=DIRECTION('',(-1.,0.,0.));
#4095=DIRECTION('center_axis',(0.,0.,-1.));
#4096=DIRECTION('ref_axis',(0.707106781186551,0.707106781186544,0.));
#4097=DIRECTION('',(1.,0.,0.));
#4098=DIRECTION('',(0.,1.,0.));
#4099=DIRECTION('',(-1.,0.,0.));
#4100=DIRECTION('center_axis',(0.,0.,-1.));
#4101=DIRECTION('ref_axis',(0.707106781186534,0.707106781186561,0.));
#4102=DIRECTION('',(1.,0.,0.));
#4103=DIRECTION('',(0.,1.,0.));
#4104=DIRECTION('',(-1.,0.,0.));
#4105=DIRECTION('center_axis',(0.,-1.,0.));
#4106=DIRECTION('ref_axis',(0.,0.,-1.));
#4107=DIRECTION('',(0.,0.,1.));
#4108=DIRECTION('',(0.,0.,-1.));
#4109=DIRECTION('center_axis',(0.,-1.,0.));
#4110=DIRECTION('ref_axis',(0.,0.,-1.));
#4111=DIRECTION('',(0.,0.,1.));
#4112=DIRECTION('',(0.,0.,-1.));
#4113=DIRECTION('center_axis',(0.,0.,1.));
#4114=DIRECTION('ref_axis',(0.707106781186551,0.707106781186544,0.));
#4115=DIRECTION('',(0.,0.,-1.));
#4116=DIRECTION('',(0.,0.,1.));
#4117=DIRECTION('center_axis',(0.,1.,0.));
#4118=DIRECTION('ref_axis',(0.,0.,1.));
#4119=DIRECTION('',(0.,0.,1.));
#4120=DIRECTION('center_axis',(0.,0.,1.));
#4121=DIRECTION('ref_axis',(0.707106781186551,0.707106781186544,0.));
#4122=DIRECTION('',(0.,0.,-1.));
#4123=DIRECTION('center_axis',(0.,1.,0.));
#4124=DIRECTION('ref_axis',(0.,0.,1.));
#4125=DIRECTION('',(0.,0.,1.));
#4126=DIRECTION('center_axis',(0.,0.,1.));
#4127=DIRECTION('ref_axis',(0.707106781186534,0.707106781186561,0.));
#4128=DIRECTION('',(0.,0.,-1.));
#4129=DIRECTION('center_axis',(0.,1.,0.));
#4130=DIRECTION('ref_axis',(0.,0.,1.));
#4131=DIRECTION('',(0.,0.,1.));
#4132=DIRECTION('center_axis',(0.,0.,1.));
#4133=DIRECTION('ref_axis',(0.707106781186551,0.707106781186544,0.));
#4134=DIRECTION('',(0.,0.,-1.));
#4135=DIRECTION('',(0.,0.,1.));
#4136=DIRECTION('center_axis',(0.,-1.,0.));
#4137=DIRECTION('ref_axis',(0.,0.,-1.));
#4138=DIRECTION('',(0.,0.,-1.));
#4139=DIRECTION('center_axis',(0.,1.,0.));
#4140=DIRECTION('ref_axis',(0.,0.,1.));
#4141=DIRECTION('',(0.,0.,1.));
#4142=DIRECTION('center_axis',(0.,-1.,0.));
#4143=DIRECTION('ref_axis',(0.,0.,-1.));
#4144=DIRECTION('',(0.,0.,-1.));
#4145=DIRECTION('center_axis',(1.,0.,0.));
#4146=DIRECTION('ref_axis',(0.,0.,-1.));
#4147=DIRECTION('center_axis',(-1.,0.,0.));
#4148=DIRECTION('ref_axis',(0.,0.707106781186546,0.707106781186549));
#4149=DIRECTION('',(0.,0.,-1.));
#4150=DIRECTION('center_axis',(-1.,0.,0.));
#4151=DIRECTION('ref_axis',(0.,0.707106781186546,-0.707106781186549));
#4152=DIRECTION('center_axis',(1.,0.,0.));
#4153=DIRECTION('ref_axis',(0.,0.,-1.));
#4154=DIRECTION('center_axis',(1.,0.,0.));
#4155=DIRECTION('ref_axis',(0.,0.,-1.));
#4156=DIRECTION('center_axis',(1.,0.,0.));
#4157=DIRECTION('ref_axis',(0.,0.,-1.));
#4158=DIRECTION('center_axis',(-1.,0.,0.));
#4159=DIRECTION('ref_axis',(0.,-0.707106781186546,-0.707106781186549));
#4160=DIRECTION('',(0.,0.,1.));
#4161=DIRECTION('center_axis',(-1.,0.,0.));
#4162=DIRECTION('ref_axis',(0.,-0.70710678118655,0.707106781186546));
#4163=DIRECTION('center_axis',(1.,0.,0.));
#4164=DIRECTION('ref_axis',(0.,-0.707106781186546,-0.707106781186549));
#4165=DIRECTION('center_axis',(-1.,0.,0.));
#4166=DIRECTION('ref_axis',(0.,-0.707106781186546,-0.707106781186549));
#4167=DIRECTION('',(-1.,0.,0.));
#4168=DIRECTION('center_axis',(1.,0.,0.));
#4169=DIRECTION('ref_axis',(0.,-0.70710678118655,0.707106781186546));
#4170=DIRECTION('',(1.,0.,0.));
#4171=DIRECTION('center_axis',(-1.,0.,0.));
#4172=DIRECTION('ref_axis',(0.,-0.70710678118655,0.707106781186546));
#4173=DIRECTION('center_axis',(1.,0.,0.));
#4174=DIRECTION('ref_axis',(0.,0.707106781186546,0.707106781186549));
#4175=DIRECTION('center_axis',(-1.,0.,0.));
#4176=DIRECTION('ref_axis',(0.,0.707106781186546,0.707106781186549));
#4177=DIRECTION('',(-1.,0.,0.));
#4178=DIRECTION('center_axis',(1.,0.,0.));
#4179=DIRECTION('ref_axis',(0.,0.707106781186546,-0.707106781186549));
#4180=DIRECTION('',(1.,0.,0.));
#4181=DIRECTION('center_axis',(-1.,0.,0.));
#4182=DIRECTION('ref_axis',(0.,0.707106781186546,-0.707106781186549));
#4183=DIRECTION('center_axis',(0.,1.,0.));
#4184=DIRECTION('ref_axis',(0.,0.,1.));
#4185=DIRECTION('',(0.,0.,-1.));
#4186=DIRECTION('center_axis',(0.,-1.,0.));
#4187=DIRECTION('ref_axis',(0.,0.,-1.));
#4188=DIRECTION('',(0.,0.,1.));
#4189=DIRECTION('center_axis',(1.,0.,0.));
#4190=DIRECTION('ref_axis',(0.,0.,-1.));
#4191=DIRECTION('center_axis',(1.,0.,0.));
#4192=DIRECTION('ref_axis',(0.,0.,1.));
#4193=DIRECTION('center_axis',(1.,0.,0.));
#4194=DIRECTION('ref_axis',(0.,0.,1.));
#4195=DIRECTION('',(1.,0.,0.));
#4196=DIRECTION('center_axis',(-1.,0.,0.));
#4197=DIRECTION('ref_axis',(0.,0.,1.));
#4198=DIRECTION('center_axis',(-1.,0.,0.));
#4199=DIRECTION('ref_axis',(0.,0.,1.));
#4200=DIRECTION('center_axis',(-1.,0.,0.));
#4201=DIRECTION('ref_axis',(0.,0.,1.));
#4202=DIRECTION('center_axis',(1.,0.,0.));
#4203=DIRECTION('ref_axis',(0.,0.,1.));
#4204=DIRECTION('center_axis',(1.,0.,0.));
#4205=DIRECTION('ref_axis',(0.,0.,1.));
#4206=DIRECTION('',(1.,0.,0.));
#4207=DIRECTION('center_axis',(-1.,0.,0.));
#4208=DIRECTION('ref_axis',(0.,0.,1.));
#4209=DIRECTION('center_axis',(-1.,0.,0.));
#4210=DIRECTION('ref_axis',(0.,0.,1.));
#4211=DIRECTION('center_axis',(-1.,0.,0.));
#4212=DIRECTION('ref_axis',(0.,0.,1.));
#4213=DIRECTION('center_axis',(0.,0.,-1.));
#4214=DIRECTION('ref_axis',(9.9032005946749E-65,-1.,0.));
#4215=DIRECTION('',(0.,-1.,0.));
#4216=DIRECTION('',(-1.,0.,0.));
#4217=DIRECTION('',(0.,1.,0.));
#4218=DIRECTION('',(-1.,0.,0.));
#4219=DIRECTION('center_axis',(5.49738065884481E-81,-5.55111512312579E-17,
1.));
#4220=DIRECTION('ref_axis',(-9.9032005946749E-65,1.,5.55111512312579E-17));
#4221=DIRECTION('',(0.,1.,5.55111512312579E-17));
#4222=DIRECTION('',(-1.,0.,5.49738065884481E-81));
#4223=DIRECTION('',(0.,-1.,-5.55111512312579E-17));
#4224=DIRECTION('',(1.,0.,-5.49738065884481E-81));
#4225=DIRECTION('center_axis',(1.,0.,0.));
#4226=DIRECTION('ref_axis',(0.,0.,-1.));
#4227=DIRECTION('center_axis',(1.,0.,0.));
#4228=DIRECTION('ref_axis',(0.,-0.707106781186548,-0.707106781186547));
#4229=DIRECTION('',(0.,0.,-1.));
#4230=DIRECTION('center_axis',(1.,0.,0.));
#4231=DIRECTION('ref_axis',(0.,-0.707106781186548,0.707106781186547));
#4232=DIRECTION('',(0.,-1.,6.06560871990329E-16));
#4233=DIRECTION('center_axis',(1.,0.,0.));
#4234=DIRECTION('ref_axis',(0.,0.707106781186553,0.707106781186542));
#4235=DIRECTION('',(0.,2.66453525910039E-15,1.));
#4236=DIRECTION('center_axis',(1.,0.,0.));
#4237=DIRECTION('ref_axis',(0.,0.707106781186548,-0.707106781186548));
#4238=DIRECTION('',(0.,1.,2.16628882853689E-17));
#4239=DIRECTION('',(0.,0.,1.));
#4240=DIRECTION('',(0.,-1.,0.));
#4241=DIRECTION('',(0.,0.,-1.));
#4242=DIRECTION('',(0.,1.,5.55111512312579E-17));
#4243=DIRECTION('',(0.,0.,1.));
#4244=DIRECTION('',(0.,0.,-1.));
#4245=DIRECTION('center_axis',(0.,0.,-1.));
#4246=DIRECTION('ref_axis',(0.,-1.,0.));
#4247=DIRECTION('',(1.,0.,0.));
#4248=DIRECTION('',(0.,1.,0.));
#4249=DIRECTION('',(-1.,0.,0.));
#4250=DIRECTION('center_axis',(0.,-5.55111512312579E-17,1.));
#4251=DIRECTION('ref_axis',(0.,1.,5.55111512312579E-17));
#4252=DIRECTION('',(1.,0.,0.));
#4253=DIRECTION('',(0.,-1.,-5.55111512312579E-17));
#4254=DIRECTION('',(1.,0.,0.));
#4255=DIRECTION('center_axis',(1.,0.,0.));
#4256=DIRECTION('ref_axis',(0.,0.,1.));
#4257=DIRECTION('',(1.,0.,0.));
#4258=DIRECTION('center_axis',(-1.,0.,0.));
#4259=DIRECTION('ref_axis',(0.,0.,1.));
#4260=DIRECTION('center_axis',(1.,0.,0.));
#4261=DIRECTION('ref_axis',(0.,0.,1.));
#4262=DIRECTION('',(1.,0.,0.));
#4263=DIRECTION('center_axis',(-1.,0.,0.));
#4264=DIRECTION('ref_axis',(0.,0.,1.));
#4265=DIRECTION('center_axis',(0.,1.,0.));
#4266=DIRECTION('ref_axis',(0.,0.,1.));
#4267=DIRECTION('',(0.,0.,1.));
#4268=DIRECTION('center_axis',(0.,-1.,0.));
#4269=DIRECTION('ref_axis',(0.,0.,-1.));
#4270=DIRECTION('',(0.,0.,-1.));
#4271=DIRECTION('center_axis',(1.,0.,0.));
#4272=DIRECTION('ref_axis',(0.,0.,-1.));
#4273=DIRECTION('center_axis',(0.,1.,0.));
#4274=DIRECTION('ref_axis',(0.,0.,1.));
#4275=DIRECTION('',(0.,0.,1.));
#4276=DIRECTION('center_axis',(0.,-1.,0.));
#4277=DIRECTION('ref_axis',(0.,0.,-1.));
#4278=DIRECTION('',(0.,0.,-1.));
#4279=DIRECTION('center_axis',(1.,0.,0.));
#4280=DIRECTION('ref_axis',(0.,0.,-1.));
#4281=DIRECTION('center_axis',(1.,0.,0.));
#4282=DIRECTION('ref_axis',(0.,-0.707106781186548,-0.707106781186547));
#4283=DIRECTION('center_axis',(-1.,0.,0.));
#4284=DIRECTION('ref_axis',(0.,-0.707106781186548,-0.707106781186547));
#4285=DIRECTION('',(-1.,0.,0.));
#4286=DIRECTION('',(1.,0.,0.));
#4287=DIRECTION('center_axis',(0.,-1.,0.));
#4288=DIRECTION('ref_axis',(0.,0.,-1.));
#4289=DIRECTION('',(0.,0.,-1.));
#4290=DIRECTION('',(1.,0.,0.));
#4291=DIRECTION('center_axis',(1.,0.,0.));
#4292=DIRECTION('ref_axis',(0.,-0.707106781186548,0.707106781186547));
#4293=DIRECTION('center_axis',(-1.,0.,0.));
#4294=DIRECTION('ref_axis',(0.,-0.707106781186548,0.707106781186547));
#4295=DIRECTION('',(-1.,0.,0.));
#4296=DIRECTION('center_axis',(1.,0.,0.));
#4297=DIRECTION('ref_axis',(0.,0.707106781186548,-0.707106781186548));
#4298=DIRECTION('center_axis',(-1.,0.,0.));
#4299=DIRECTION('ref_axis',(0.,0.707106781186548,-0.707106781186548));
#4300=DIRECTION('',(-1.,0.,0.));
#4301=DIRECTION('',(1.,0.,0.));
#4302=DIRECTION('center_axis',(0.,1.,-2.66453525910039E-15));
#4303=DIRECTION('ref_axis',(0.,2.66453525910039E-15,1.));
#4304=DIRECTION('',(-1.,0.,0.));
#4305=DIRECTION('',(0.,2.66453525910039E-15,1.));
#4306=DIRECTION('center_axis',(1.,0.,0.));
#4307=DIRECTION('ref_axis',(0.,0.707106781186553,0.707106781186542));
#4308=DIRECTION('center_axis',(-1.,0.,0.));
#4309=DIRECTION('ref_axis',(0.,0.707106781186553,0.707106781186542));
#4310=DIRECTION('',(1.,0.,0.));
#4311=DIRECTION('center_axis',(0.,6.06560871990329E-16,1.));
#4312=DIRECTION('ref_axis',(0.,-1.,6.06560871990329E-16));
#4313=DIRECTION('',(0.,-1.,6.06560871990329E-16));
#4314=DIRECTION('center_axis',(0.,2.16628882853689E-17,-1.));
#4315=DIRECTION('ref_axis',(0.,1.,2.16628882853689E-17));
#4316=DIRECTION('',(0.,1.,2.16628882853689E-17));
#4317=DIRECTION('center_axis',(1.,0.,0.));
#4318=DIRECTION('ref_axis',(0.,0.,-1.));
#4319=CARTESIAN_POINT('',(0.,0.,0.));
#4320=CARTESIAN_POINT('Origin',(16.29185825333,98.4999999999997,0.0890423994498079));
#4321=CARTESIAN_POINT('',(17.29185825333,97.4999999999997,6.14999999999982));
#4322=CARTESIAN_POINT('',(15.29185825333,99.4999999999997,6.14999999999982));
#4323=CARTESIAN_POINT('',(20.2188936899975,94.5729645633322,6.14999999999983));
#4324=CARTESIAN_POINT('',(17.29185825333,97.4999999999997,-6.15000000000008));
#4325=CARTESIAN_POINT('',(17.29185825333,97.4999999999997,0.0890423994498097));
#4326=CARTESIAN_POINT('',(15.29185825333,99.4999999999997,-6.15000000000011));
#4327=CARTESIAN_POINT('',(13.4688936899975,101.322964563332,-6.15000000000013));
#4328=CARTESIAN_POINT('',(15.29185825333,99.4999999999997,0.0890423994498061));
#4329=CARTESIAN_POINT('Origin',(22.5,99.4999999999997,-1.78745906964651E-13));
#4330=CARTESIAN_POINT('',(9.,99.4999999999997,-6.15000000000018));
#4331=CARTESIAN_POINT('',(23.5,99.4999999999997,-6.15000000000002));
#4332=CARTESIAN_POINT('',(6.87867965644036,99.4999999999997,-4.35000000000018));
#4333=CARTESIAN_POINT('Origin',(9.,99.4999999999997,-4.00000000000018));
#4334=CARTESIAN_POINT('',(4.85,99.4999999999997,-4.35000000000018));
#4335=CARTESIAN_POINT('',(14.75,99.4999999999997,-4.35000000000018));
#4336=CARTESIAN_POINT('',(4.85,99.4999999999997,4.34999999999982));
#4337=CARTESIAN_POINT('',(4.85,99.4999999999997,-1.83908444029157E-13));
#4338=CARTESIAN_POINT('',(6.87867965644036,99.4999999999997,4.34999999999982));
#4339=CARTESIAN_POINT('',(14.75,99.4999999999997,4.34999999999982));
#4340=CARTESIAN_POINT('',(9.,99.4999999999997,6.14999999999982));
#4341=CARTESIAN_POINT('Origin',(9.,99.4999999999997,3.99999999999982));
#4342=CARTESIAN_POINT('',(37.,99.4999999999997,6.14999999999982));
#4343=CARTESIAN_POINT('Origin',(16.79185825333,93.9999999999997,3.7890423994499));
#4344=CARTESIAN_POINT('',(16.29185825333,93.4999999999997,-7.04383040220041));
#4345=CARTESIAN_POINT('',(17.29185825333,94.4999999999997,-7.04383040220041));
#4346=CARTESIAN_POINT('',(14.3688936899975,91.5770354366672,-7.04383040220041));
#4347=CARTESIAN_POINT('',(17.29185825333,94.4999999999997,7.3));
#4348=CARTESIAN_POINT('',(17.29185825333,94.4999999999997,3.7890423994499));
#4349=CARTESIAN_POINT('',(16.29185825333,93.4999999999997,7.3));
#4350=CARTESIAN_POINT('',(-5.78110631000251,71.4270354366673,7.3));
#4351=CARTESIAN_POINT('',(16.29185825333,93.4999999999997,3.7890423994499));
#4352=CARTESIAN_POINT('Origin',(7.6,93.4999999999997,-7.04383040220041));
#4353=CARTESIAN_POINT('',(9.38698939660003,93.4999999999997,-7.04383040220041));
#4354=CARTESIAN_POINT('',(7.6,93.4999999999997,-7.04383040220041));
#4355=CARTESIAN_POINT('',(9.38698939660003,99.5,-7.04383040220041));
#4356=CARTESIAN_POINT('',(9.38698939660003,49.9999999999997,-7.04383040220041));
#4357=CARTESIAN_POINT('',(17.29185825333,99.5,-7.04383040220041));
#4358=CARTESIAN_POINT('',(22.8,99.4999999999997,-7.04383040220041));
#4359=CARTESIAN_POINT('',(17.29185825333,94.9999999999997,-7.04383040220041));
#4360=CARTESIAN_POINT('Origin',(7.6,93.4999999999997,7.4));
#4361=CARTESIAN_POINT('',(10.6,93.4999999999997,7.3));
#4362=CARTESIAN_POINT('',(13.8,93.4999999999997,7.3));
#4363=CARTESIAN_POINT('',(7.6,93.4999999999997,4.3));
#4364=CARTESIAN_POINT('Origin',(10.6,93.4999999999997,4.3));
#4365=CARTESIAN_POINT('',(7.6,93.4999999999997,-4.3));
#4366=CARTESIAN_POINT('',(7.59999999999999,93.4999999999997,3.7));
#4367=CARTESIAN_POINT('Origin',(10.6,93.4999999999997,-4.3));
#4368=CARTESIAN_POINT('Origin',(28.29185825333,98.7499999999997,4.3));
#4369=CARTESIAN_POINT('',(30.6535313890541,97.9999999999997,6.14999999999982));
#4370=CARTESIAN_POINT('',(32.3939918445238,99.4999999999997,6.14999999999982));
#4371=CARTESIAN_POINT('Ctrl Pts',(32.3939918445238,99.4999999999997,6.14999999999982));
#4372=CARTESIAN_POINT('Ctrl Pts',(31.349715571242,98.548053160196,6.14999999999982));
#4373=CARTESIAN_POINT('Ctrl Pts',(30.6535313890541,97.9999999999997,6.14999999999982));
#4374=CARTESIAN_POINT('',(32.79185825333,99.4999999999997,4.3));
#4375=CARTESIAN_POINT('Origin',(28.29185825333,99.4999999999997,4.3));
#4376=CARTESIAN_POINT('',(31.29185825333,97.9999999999997,4.3));
#4377=CARTESIAN_POINT('',(32.79185825333,99.4999999999997,4.3));
#4378=CARTESIAN_POINT('Origin',(28.29185825333,97.9999999999997,4.3));
#4379=CARTESIAN_POINT('Origin',(32.04185825333,98.7499999999997,-7.3));
#4380=CARTESIAN_POINT('',(32.79185825333,99.4999999999997,-4.3));
#4381=CARTESIAN_POINT('',(32.79185825333,99.4999999999997,-7.3));
#4382=CARTESIAN_POINT('',(31.29185825333,97.9999999999997,-4.3));
#4383=CARTESIAN_POINT('',(32.79185825333,99.4999999999997,-4.3));
#4384=CARTESIAN_POINT('',(31.29185825333,97.9999999999997,-7.3));
#4385=CARTESIAN_POINT('Origin',(28.29185825333,98.7499999999997,-4.3));
#4386=CARTESIAN_POINT('',(30.653531389054,97.9999999999997,-6.14999999999993));
#4387=CARTESIAN_POINT('',(32.3939918445238,99.4999999999997,-6.14999999999992));
#4388=CARTESIAN_POINT('Ctrl Pts',(30.653531389054,97.9999999999997,-6.14999999999994));
#4389=CARTESIAN_POINT('Ctrl Pts',(31.349715571183,98.5480531601497,-6.14999999999993));
#4390=CARTESIAN_POINT('Ctrl Pts',(32.393991844337,99.4999999998294,-6.14999999999992));
#4391=CARTESIAN_POINT('Origin',(28.29185825333,97.9999999999997,-4.3));
#4392=CARTESIAN_POINT('Origin',(28.29185825333,99.4999999999997,-4.3));
#4393=CARTESIAN_POINT('Origin',(38.,99.4999999999997,-7.3));
#4394=CARTESIAN_POINT('',(36.,99.4999999999997,6.14999999999982));
#4395=CARTESIAN_POINT('',(37.,99.4999999999997,6.14999999999982));
#4396=CARTESIAN_POINT('',(38.15,99.4999999999997,3.99999999999982));
#4397=CARTESIAN_POINT('Origin',(36.,99.4999999999997,3.99999999999982));
#4398=CARTESIAN_POINT('',(38.15,99.4999999999997,-4.00000000000018));
#4399=CARTESIAN_POINT('',(38.15,99.4999999999997,-3.65));
#4400=CARTESIAN_POINT('',(36.,99.4999999999997,-6.15000000000018));
#4401=CARTESIAN_POINT('Origin',(36.,99.4999999999997,-4.00000000000018));
#4402=CARTESIAN_POINT('',(23.5,99.4999999999997,-6.15000000000002));
#4403=CARTESIAN_POINT('',(34.,99.4999999999997,-1.10000000000019));
#4404=CARTESIAN_POINT('Origin',(34.,99.4999999999997,-1.85515791492317E-13));
#4405=CARTESIAN_POINT('Origin',(17.29185825333,96.4999999999998,0.178084798899796));
#4406=CARTESIAN_POINT('',(17.29185825333,99.4999999999997,6.14999999999982));
#4407=CARTESIAN_POINT('',(17.29185825333,99.4999999999998,6.14999999999982));
#4408=CARTESIAN_POINT('',(17.29185825333,99.4999999999997,7.3));
#4409=CARTESIAN_POINT('',(17.29185825333,99.4999999999997,0.0890423994498982));
#4410=CARTESIAN_POINT('',(17.29185825333,48.4999999999997,7.3));
#4411=CARTESIAN_POINT('',(17.29185825333,99.4999999999997,-6.15000000000009));
#4412=CARTESIAN_POINT('',(17.29185825333,99.4999999999997,0.0890423994498982));
#4413=CARTESIAN_POINT('',(17.29185825333,99.4999999999997,-6.15000000000009));
#4414=CARTESIAN_POINT('Origin',(38.,99.4999999999997,0.));
#4415=CARTESIAN_POINT('',(10.6,99.4999999999997,-7.3));
#4416=CARTESIAN_POINT('Origin',(10.6,99.4999999999997,-4.3));
#4417=CARTESIAN_POINT('',(28.29185825333,99.4999999999997,-7.3));
#4418=CARTESIAN_POINT('',(40.,99.4999999999997,-7.3));
#4419=CARTESIAN_POINT('',(30.653531389054,99.4999999999997,-6.14999999999994));
#4420=CARTESIAN_POINT('Origin',(28.29185825333,99.4999999999997,-4.3));
#4421=CARTESIAN_POINT('',(23.5,99.4999999999997,-6.15000000000002));
#4422=CARTESIAN_POINT('Origin',(10.6,49.9999999999997,4.3));
#4423=CARTESIAN_POINT('',(10.6,79.6446884526131,7.3));
#4424=CARTESIAN_POINT('',(10.6,49.9999999999997,7.3));
#4425=CARTESIAN_POINT('',(7.59999999999999,80.3466567459649,4.3));
#4426=CARTESIAN_POINT('Origin',(10.6,79.6446884526131,4.3));
#4427=CARTESIAN_POINT('',(7.59999999999999,49.9999999999997,4.3));
#4428=CARTESIAN_POINT('Origin',(-4.36540613146299,49.416753997286,4.3));
#4429=CARTESIAN_POINT('',(8.25,74.8980317066478,7.3));
#4430=CARTESIAN_POINT('',(-4.36540613146299,49.416753997286,7.3));
#4431=CARTESIAN_POINT('',(5.25,75.5999999999997,4.3));
#4432=CARTESIAN_POINT('Origin',(8.25,74.8980317066478,4.3));
#4433=CARTESIAN_POINT('',(-7.05395223716182,50.7478136644428,4.3));
#4434=CARTESIAN_POINT('Origin',(8.25,38.0499999999997,4.3));
#4435=CARTESIAN_POINT('',(5.25,69.6844951905812,4.3));
#4436=CARTESIAN_POINT('',(5.25,61.3155048094181,4.3));
#4437=CARTESIAN_POINT('Ctrl Pts',(5.25,69.6844951905812,4.3));
#4438=CARTESIAN_POINT('Ctrl Pts',(5.25,69.4343974297506,4.54337973892342));
#4439=CARTESIAN_POINT('Ctrl Pts',(5.27782254582769,69.1467634682879,4.74256531009149));
#4440=CARTESIAN_POINT('Ctrl Pts',(5.35016041147858,68.5063154370607,5.09012373093995));
#4441=CARTESIAN_POINT('Ctrl Pts',(5.39640355950305,68.1501711262031,5.23348566478474));
#4442=CARTESIAN_POINT('Ctrl Pts',(5.52195598131144,67.0386195820892,5.57098635756612));
#4443=CARTESIAN_POINT('Ctrl Pts',(5.58071794936913,66.2409228432047,5.66928205063086));
#4444=CARTESIAN_POINT('Ctrl Pts',(5.58071794936913,64.7590771567947,5.66928205063086));
#4445=CARTESIAN_POINT('Ctrl Pts',(5.52195598131144,63.9613804179102,5.57098635756612));
#4446=CARTESIAN_POINT('Ctrl Pts',(5.39640355950305,62.8498288737963,5.23348566478474));
#4447=CARTESIAN_POINT('Ctrl Pts',(5.35016041147858,62.4936845629386,5.09012373093995));
#4448=CARTESIAN_POINT('Ctrl Pts',(5.27782254582769,61.8532365317115,4.74256531009149));
#4449=CARTESIAN_POINT('Ctrl Pts',(5.25,61.5656025702487,4.54337973892341));
#4450=CARTESIAN_POINT('Ctrl Pts',(5.25,61.3155048094181,4.3));
#4451=CARTESIAN_POINT('',(5.25,38.0499999999997,4.3));
#4452=CARTESIAN_POINT('',(8.25,52.1573593128804,7.3));
#4453=CARTESIAN_POINT('',(8.25,38.0499999999997,7.3));
#4454=CARTESIAN_POINT('',(5.25,53.3999999999997,4.3));
#4455=CARTESIAN_POINT('Origin',(8.25,52.1573593128804,4.3));
#4456=CARTESIAN_POINT('',(5.25,38.0499999999997,4.3));
#4457=CARTESIAN_POINT('Origin',(-2.1661796564404,41.7411796564399,4.3));
#4458=CARTESIAN_POINT('',(5.00000000001738,48.9073593128977,7.3));
#4459=CARTESIAN_POINT('',(-2.1661796564404,41.7411796564399,7.3));
#4460=CARTESIAN_POINT('',(2.0000000000176,50.1500000000172,4.3));
#4461=CARTESIAN_POINT('Origin',(5.00000000001738,48.9073593128977,4.3));
#4462=CARTESIAN_POINT('',(-4.28750000000005,43.8624999999995,4.3));
#4463=CARTESIAN_POINT('Origin',(5.00000000001318,25.3250000000095,4.3));
#4464=CARTESIAN_POINT('',(4.99999999999991,-49.1902092104248,7.3));
#4465=CARTESIAN_POINT('',(5.00000000001318,25.3250000000095,7.3));
#4466=CARTESIAN_POINT('',(1.99999999999985,-49.5138834385922,4.3));
#4467=CARTESIAN_POINT('Origin',(4.99999999999991,-49.1902092104248,4.3));
#4468=CARTESIAN_POINT('',(2.00000000001318,25.3250000000101,4.3));
#4469=CARTESIAN_POINT('Origin',(0.129206042154417,-26.880299486398,4.3));
#4470=CARTESIAN_POINT('',(8.25,-64.0763257718327,7.3));
#4471=CARTESIAN_POINT('',(0.129206042154417,-26.880299486398,7.3));
#4472=CARTESIAN_POINT('',(5.25,-64.4000000000003,4.3));
#4473=CARTESIAN_POINT('Origin',(8.25,-64.0763257718327,4.3));
#4474=CARTESIAN_POINT('',(-2.80175428076805,-27.5201991546696,4.3));
#4475=CARTESIAN_POINT('Origin',(8.25,-31.9500000000003,4.3));
#4476=CARTESIAN_POINT('',(5.25,-70.3155048094188,4.3));
#4477=CARTESIAN_POINT('',(5.25,-78.6844951905819,4.3));
#4478=CARTESIAN_POINT('Ctrl Pts',(5.25,-70.3155048094188,4.3));
#4479=CARTESIAN_POINT('Ctrl Pts',(5.25,-70.5656025702493,4.54337973892342));
#4480=CARTESIAN_POINT('Ctrl Pts',(5.27782254582769,-70.8532365317121,4.74256531009149));
#4481=CARTESIAN_POINT('Ctrl Pts',(5.35016041147858,-71.4936845629392,5.09012373093995));
#4482=CARTESIAN_POINT('Ctrl Pts',(5.39640355950305,-71.8498288737969,5.23348566478474));
#4483=CARTESIAN_POINT('Ctrl Pts',(5.52195598131144,-72.9613804179108,5.57098635756612));
#4484=CARTESIAN_POINT('Ctrl Pts',(5.58071794936914,-73.7590771567953,5.66928205063087));
#4485=CARTESIAN_POINT('Ctrl Pts',(5.58071794936914,-75.2409228432053,5.66928205063087));
#4486=CARTESIAN_POINT('Ctrl Pts',(5.52195598131144,-76.0386195820898,5.57098635756612));
#4487=CARTESIAN_POINT('Ctrl Pts',(5.39640355950305,-77.1501711262037,5.23348566478474));
#4488=CARTESIAN_POINT('Ctrl Pts',(5.35016041147858,-77.5063154370614,5.09012373093995));
#4489=CARTESIAN_POINT('Ctrl Pts',(5.2778225458277,-78.1467634682885,4.74256531009149));
#4490=CARTESIAN_POINT('Ctrl Pts',(5.25,-78.4343974297513,4.54337973892343));
#4491=CARTESIAN_POINT('Ctrl Pts',(5.25,-78.6844951905818,4.3));
#4492=CARTESIAN_POINT('',(5.25,-31.9500000000003,4.3));
#4493=CARTESIAN_POINT('',(8.25,-87.8426406871196,7.3));
#4494=CARTESIAN_POINT('',(8.25,-31.9500000000003,7.3));
#4495=CARTESIAN_POINT('',(5.24999999999999,-86.6000000000003,4.3));
#4496=CARTESIAN_POINT('Origin',(8.25,-87.8426406871196,4.3));
#4497=CARTESIAN_POINT('',(5.25,-31.9500000000003,4.3));
#4498=CARTESIAN_POINT('Origin',(32.8338203435595,-63.2588203435593,4.3));
#4499=CARTESIAN_POINT('',(5.,-91.0926406871197,7.3));
#4500=CARTESIAN_POINT('',(32.8338203435595,-63.2588203435593,7.3));
#4501=CARTESIAN_POINT('',(2.00000000000001,-89.8500000000004,4.3));
#4502=CARTESIAN_POINT('Origin',(5.,-91.0926406871197,4.3));
#4503=CARTESIAN_POINT('',(30.7124999999999,-61.1374999999996,4.3));
#4504=CARTESIAN_POINT('Origin',(4.99999999999998,-95.5000000000003,4.3));
#4505=CARTESIAN_POINT('',(4.99999999999998,-98.5000000000003,4.3));
#4506=CARTESIAN_POINT('',(4.99999999999998,-95.5000000000003,7.3));
#4507=CARTESIAN_POINT('Origin',(4.99999999999998,-95.5000000000003,4.3));
#4508=CARTESIAN_POINT('',(1.99999999999998,-95.5000000000003,4.3));
#4509=CARTESIAN_POINT('Origin',(4.99999999999998,-95.5000000000003,4.3));
#4510=CARTESIAN_POINT('Origin',(4.99999999999998,-95.5000000000003,4.3));
#4511=CARTESIAN_POINT('Origin',(35.,-95.5000000000003,4.3));
#4512=CARTESIAN_POINT('',(38.,-95.5000000000003,4.3));
#4513=CARTESIAN_POINT('',(35.,-95.5000000000003,7.3));
#4514=CARTESIAN_POINT('Origin',(35.,-95.5000000000003,4.3));
#4515=CARTESIAN_POINT('',(35.,-98.5000000000003,4.3));
#4516=CARTESIAN_POINT('Origin',(35.,-95.5000000000003,4.3));
#4517=CARTESIAN_POINT('Origin',(35.,-95.5000000000003,4.3));
#4518=CARTESIAN_POINT('Origin',(4.99999999999998,-95.5000000000003,-4.3));
#4519=CARTESIAN_POINT('',(1.99999999999998,-95.5000000000003,-4.3));
#4520=CARTESIAN_POINT('',(4.99999999999998,-95.5000000000003,-7.3));
#4521=CARTESIAN_POINT('Origin',(4.99999999999998,-95.5000000000003,-4.3));
#4522=CARTESIAN_POINT('',(4.99999999999998,-98.5000000000003,-4.3));
#4523=CARTESIAN_POINT('Origin',(4.99999999999998,-95.5000000000003,-4.3));
#4524=CARTESIAN_POINT('Origin',(4.99999999999998,-95.5000000000003,-4.3));
#4525=CARTESIAN_POINT('Origin',(4.99999999999998,-95.5000000000003,0.));
#4526=CARTESIAN_POINT('',(4.99999999999998,-98.5000000000003,0.));
#4527=CARTESIAN_POINT('',(1.99999999999998,-95.5000000000003,0.));
#4528=CARTESIAN_POINT('Origin',(35.,86.5492175662104,4.3));
#4529=CARTESIAN_POINT('',(37.1213203435596,88.6705379097701,4.3));
#4530=CARTESIAN_POINT('',(35.,86.5492175662104,7.3));
#4531=CARTESIAN_POINT('Origin',(35.,86.5492175662104,4.3));
#4532=CARTESIAN_POINT('',(38.,86.5492175662104,4.3));
#4533=CARTESIAN_POINT('Origin',(35.,86.5492175662104,4.3));
#4534=CARTESIAN_POINT('Origin',(35.,86.5492175662104,4.3));
#4535=CARTESIAN_POINT('Origin',(35.,-95.5000000000003,-4.3));
#4536=CARTESIAN_POINT('',(35.,-98.5000000000003,-4.3));
#4537=CARTESIAN_POINT('',(35.,-95.5000000000003,-7.3));
#4538=CARTESIAN_POINT('Origin',(35.,-95.5000000000003,-4.3));
#4539=CARTESIAN_POINT('',(38.,-95.5000000000003,-4.3));
#4540=CARTESIAN_POINT('Origin',(35.,-95.5000000000003,-4.3));
#4541=CARTESIAN_POINT('Origin',(35.,-95.5000000000003,-4.3));
#4542=CARTESIAN_POINT('Origin',(35.,-95.5000000000003,0.));
#4543=CARTESIAN_POINT('',(38.,-95.5000000000003,0.));
#4544=CARTESIAN_POINT('',(35.,-98.5000000000003,0.));
#4545=CARTESIAN_POINT('Origin',(35.,86.5492175662104,-4.3));
#4546=CARTESIAN_POINT('',(35.,86.5492175662104,-7.3));
#4547=CARTESIAN_POINT('',(37.1213203435596,88.6705379097701,-4.3));
#4548=CARTESIAN_POINT('Origin',(35.,86.5492175662104,-4.3));
#4549=CARTESIAN_POINT('',(38.,86.5492175662104,-4.3));
#4550=CARTESIAN_POINT('Origin',(35.,86.5492175662104,-4.3));
#4551=CARTESIAN_POINT('Origin',(35.,86.5492175662104,-4.3));
#4552=CARTESIAN_POINT('Origin',(35.,-49.0000000000003,-4.3));
#4553=CARTESIAN_POINT('',(38.,69.6844951905812,-4.3));
#4554=CARTESIAN_POINT('',(37.6692820506309,65.4999999999997,-5.66928205063087));
#4555=CARTESIAN_POINT('Ctrl Pts',(38.,69.6844951905812,-4.3));
#4556=CARTESIAN_POINT('Ctrl Pts',(38.,69.4343974297506,-4.54337973892342));
#4557=CARTESIAN_POINT('Ctrl Pts',(37.9721774541723,69.1467634682879,-4.74256531009149));
#4558=CARTESIAN_POINT('Ctrl Pts',(37.8998395885214,68.5063154370607,-5.09012373093995));
#4559=CARTESIAN_POINT('Ctrl Pts',(37.853596440497,68.1501711262031,-5.23348566478475));
#4560=CARTESIAN_POINT('Ctrl Pts',(37.7280440186886,67.0386195820892,-5.57098635756612));
#4561=CARTESIAN_POINT('Ctrl Pts',(37.6692820506309,66.2409228432047,-5.66928205063087));
#4562=CARTESIAN_POINT('Ctrl Pts',(37.6692820506309,65.4999999999997,-5.66928205063087));
#4563=CARTESIAN_POINT('',(38.,-49.0000000000003,-4.3));
#4564=CARTESIAN_POINT('',(35.,-49.0000000000003,-7.3));
#4565=CARTESIAN_POINT('',(38.,-78.6844951905819,-4.3));
#4566=CARTESIAN_POINT('',(38.,-49.0000000000003,-4.3));
#4567=CARTESIAN_POINT('',(37.6692820506309,-74.5000000000003,-5.66928205063087));
#4568=CARTESIAN_POINT('Ctrl Pts',(37.6692820506309,-74.5000000000003,-5.66928205063087));
#4569=CARTESIAN_POINT('Ctrl Pts',(37.6692820506309,-75.2409228432053,-5.66928205063087));
#4570=CARTESIAN_POINT('Ctrl Pts',(37.7280440186886,-76.0386195820898,-5.57098635756612));
#4571=CARTESIAN_POINT('Ctrl Pts',(37.853596440497,-77.1501711262037,-5.23348566478474));
#4572=CARTESIAN_POINT('Ctrl Pts',(37.8998395885214,-77.5063154370614,-5.09012373093995));
#4573=CARTESIAN_POINT('Ctrl Pts',(37.9721774541723,-78.1467634682885,-4.74256531009149));
#4574=CARTESIAN_POINT('Ctrl Pts',(38.,-78.4343974297513,-4.54337973892343));
#4575=CARTESIAN_POINT('Ctrl Pts',(38.,-78.6844951905819,-4.3));
#4576=CARTESIAN_POINT('',(38.,-70.3155048094188,-4.3));
#4577=CARTESIAN_POINT('Ctrl Pts',(38.,-70.3155048094188,-4.3));
#4578=CARTESIAN_POINT('Ctrl Pts',(38.,-70.5656025702493,-4.54337973892343));
#4579=CARTESIAN_POINT('Ctrl Pts',(37.9721774541723,-70.8532365317121,-4.74256531009149));
#4580=CARTESIAN_POINT('Ctrl Pts',(37.8998395885214,-71.4936845629392,-5.09012373093995));
#4581=CARTESIAN_POINT('Ctrl Pts',(37.853596440497,-71.8498288737969,-5.23348566478474));
#4582=CARTESIAN_POINT('Ctrl Pts',(37.7280440186886,-72.9613804179108,-5.57098635756612));
#4583=CARTESIAN_POINT('Ctrl Pts',(37.6692820506309,-73.7590771567953,-5.66928205063087));
#4584=CARTESIAN_POINT('Ctrl Pts',(37.6692820506309,-74.5000000000003,-5.66928205063087));
#4585=CARTESIAN_POINT('',(38.,61.3155048094181,-4.3));
#4586=CARTESIAN_POINT('',(38.,-49.0000000000003,-4.3));
#4587=CARTESIAN_POINT('Ctrl Pts',(37.6692820506309,65.4999999999997,-5.66928205063087));
#4588=CARTESIAN_POINT('Ctrl Pts',(37.6692820506309,64.7590771567947,-5.66928205063087));
#4589=CARTESIAN_POINT('Ctrl Pts',(37.7280440186886,63.9613804179102,-5.57098635756612));
#4590=CARTESIAN_POINT('Ctrl Pts',(37.853596440497,62.8498288737963,-5.23348566478475));
#4591=CARTESIAN_POINT('Ctrl Pts',(37.8998395885214,62.4936845629386,-5.09012373093995));
#4592=CARTESIAN_POINT('Ctrl Pts',(37.9721774541723,61.8532365317115,-4.74256531009149));
#4593=CARTESIAN_POINT('Ctrl Pts',(38.,61.5656025702487,-4.54337973892342));
#4594=CARTESIAN_POINT('Ctrl Pts',(38.,61.3155048094181,-4.3));
#4595=CARTESIAN_POINT('Origin',(35.,86.5492175662104,-3.65));
#4596=CARTESIAN_POINT('',(38.,86.5492175662104,-3.65));
#4597=CARTESIAN_POINT('',(37.1213203435596,88.6705379097701,-3.65));
#4598=CARTESIAN_POINT('Origin',(49.8475733464379,71.7016442197726,-4.3));
#4599=CARTESIAN_POINT('',(28.29185825333,93.2573593128804,-7.3));
#4600=CARTESIAN_POINT('',(49.8475733464379,71.7016442197726,-7.3));
#4601=CARTESIAN_POINT('',(31.29185825333,94.4999999999997,-4.3));
#4602=CARTESIAN_POINT('',(51.9688936899975,73.8229645633322,-4.3));
#4603=CARTESIAN_POINT('Origin',(28.29185825333,93.2573593128804,-4.3));
#4604=CARTESIAN_POINT('Origin',(10.9999999999999,-95.5000000000003,-4.3));
#4605=CARTESIAN_POINT('',(10.9999999999999,-98.5000000000003,-4.3));
#4606=CARTESIAN_POINT('',(10.9999999999999,-95.5000000000003,-7.3));
#4607=CARTESIAN_POINT('Origin',(28.29185825333,49.9999999999997,-4.3));
#4608=CARTESIAN_POINT('',(30.6535313890541,49.9999999999997,-6.14999999999985));
#4609=CARTESIAN_POINT('',(28.29185825333,49.9999999999997,-7.3));
#4610=CARTESIAN_POINT('',(31.29185825333,49.9999999999997,-4.3));
#4611=CARTESIAN_POINT('Origin',(35.,-49.0000000000003,4.3));
#4612=CARTESIAN_POINT('',(38.,-78.6844951905819,4.3));
#4613=CARTESIAN_POINT('',(38.,-70.3155048094188,4.3));
#4614=CARTESIAN_POINT('Ctrl Pts',(38.,-78.6844951905819,4.3));
#4615=CARTESIAN_POINT('Ctrl Pts',(38.,-78.4343974297513,4.54337973892342));
#4616=CARTESIAN_POINT('Ctrl Pts',(37.9721774541723,-78.1467634682885,4.7425653100915));
#4617=CARTESIAN_POINT('Ctrl Pts',(37.8998395885214,-77.5063154370614,5.09012373093995));
#4618=CARTESIAN_POINT('Ctrl Pts',(37.853596440497,-77.1501711262037,5.23348566478475));
#4619=CARTESIAN_POINT('Ctrl Pts',(37.7280440186886,-76.0386195820898,5.57098635756612));
#4620=CARTESIAN_POINT('Ctrl Pts',(37.6692820506309,-75.2409228432053,5.66928205063087));
#4621=CARTESIAN_POINT('Ctrl Pts',(37.6692820506309,-73.7590771567953,5.66928205063087));
#4622=CARTESIAN_POINT('Ctrl Pts',(37.7280440186886,-72.9613804179108,5.57098635756612));
#4623=CARTESIAN_POINT('Ctrl Pts',(37.853596440497,-71.8498288737969,5.23348566478474));
#4624=CARTESIAN_POINT('Ctrl Pts',(37.8998395885214,-71.4936845629392,5.09012373093995));
#4625=CARTESIAN_POINT('Ctrl Pts',(37.9721774541723,-70.8532365317121,4.74256531009149));
#4626=CARTESIAN_POINT('Ctrl Pts',(38.,-70.5656025702493,4.54337973892341));
#4627=CARTESIAN_POINT('Ctrl Pts',(38.,-70.3155048094188,4.3));
#4628=CARTESIAN_POINT('',(38.,-49.0000000000003,4.3));
#4629=CARTESIAN_POINT('',(35.,-49.0000000000003,7.3));
#4630=CARTESIAN_POINT('',(38.,69.6844951905812,4.3));
#4631=CARTESIAN_POINT('',(38.,-49.0000000000003,4.3));
#4632=CARTESIAN_POINT('',(38.,61.3155048094181,4.3));
#4633=CARTESIAN_POINT('Ctrl Pts',(38.,61.3155048094181,4.3));
#4634=CARTESIAN_POINT('Ctrl Pts',(38.,61.5656025702487,4.54337973892342));
#4635=CARTESIAN_POINT('Ctrl Pts',(37.9721774541723,61.8532365317115,4.74256531009149));
#4636=CARTESIAN_POINT('Ctrl Pts',(37.8998395885214,62.4936845629386,5.09012373093995));
#4637=CARTESIAN_POINT('Ctrl Pts',(37.853596440497,62.8498288737963,5.23348566478475));
#4638=CARTESIAN_POINT('Ctrl Pts',(37.7280440186886,63.9613804179102,5.57098635756612));
#4639=CARTESIAN_POINT('Ctrl Pts',(37.6692820506309,64.7590771567947,5.66928205063087));
#4640=CARTESIAN_POINT('Ctrl Pts',(37.6692820506309,66.2409228432046,5.66928205063087));
#4641=CARTESIAN_POINT('Ctrl Pts',(37.7280440186886,67.0386195820891,5.57098635756612));
#4642=CARTESIAN_POINT('Ctrl Pts',(37.853596440497,68.150171126203,5.23348566478475));
#4643=CARTESIAN_POINT('Ctrl Pts',(37.8998395885214,68.5063154370607,5.09012373093995));
#4644=CARTESIAN_POINT('Ctrl Pts',(37.9721774541723,69.1467634682879,4.74256531009149));
#4645=CARTESIAN_POINT('Ctrl Pts',(38.,69.4343974297506,4.54337973892342));
#4646=CARTESIAN_POINT('Ctrl Pts',(38.,69.6844951905812,4.3));
#4647=CARTESIAN_POINT('',(38.,-49.0000000000003,4.3));
#4648=CARTESIAN_POINT('Origin',(49.8475733464379,71.7016442197726,4.3));
#4649=CARTESIAN_POINT('',(31.29185825333,94.4999999999997,4.3));
#4650=CARTESIAN_POINT('',(51.9688936899975,73.8229645633322,4.3));
#4651=CARTESIAN_POINT('',(28.29185825333,93.2573593128804,7.3));
#4652=CARTESIAN_POINT('',(49.8475733464379,71.7016442197726,7.3));
#4653=CARTESIAN_POINT('Origin',(28.29185825333,93.2573593128804,4.3));
#4654=CARTESIAN_POINT('Origin',(5.00000000000028,-44.6750000000003,-4.3));
#4655=CARTESIAN_POINT('',(2.00000000000001,-89.8500000000004,-4.3));
#4656=CARTESIAN_POINT('',(2.00000000000028,-44.6750000000003,-4.3));
#4657=CARTESIAN_POINT('',(5.,-91.0926406871197,-7.3));
#4658=CARTESIAN_POINT('',(5.00000000000028,-44.6750000000003,-7.3));
#4659=CARTESIAN_POINT('Origin',(5.,-91.0926406871197,-4.3));
#4660=CARTESIAN_POINT('Origin',(10.9999999999999,-95.5000000000003,4.3));
#4661=CARTESIAN_POINT('',(10.9999999999999,-98.5000000000003,4.3));
#4662=CARTESIAN_POINT('',(10.9999999999999,-95.5000000000003,7.3));
#4663=CARTESIAN_POINT('Origin',(28.29185825333,49.9999999999997,4.3));
#4664=CARTESIAN_POINT('',(31.29185825333,49.9999999999997,4.3));
#4665=CARTESIAN_POINT('',(28.29185825333,99.4999999999997,7.3));
#4666=CARTESIAN_POINT('',(28.29185825333,49.9999999999997,7.3));
#4667=CARTESIAN_POINT('',(30.6535313890541,99.4999999999997,6.14999999999982));
#4668=CARTESIAN_POINT('Origin',(28.29185825333,99.4999999999997,4.3));
#4669=CARTESIAN_POINT('',(30.653531389054,49.9999999999997,6.14999999999991));
#4670=CARTESIAN_POINT('Origin',(32.8338203435595,-63.2588203435593,-4.3));
#4671=CARTESIAN_POINT('',(5.24999999999999,-86.6000000000003,-4.3));
#4672=CARTESIAN_POINT('',(30.7124999999999,-61.1374999999996,-4.3));
#4673=CARTESIAN_POINT('',(8.25,-87.8426406871196,-7.3));
#4674=CARTESIAN_POINT('',(32.8338203435595,-63.2588203435593,-7.3));
#4675=CARTESIAN_POINT('Origin',(8.25,-87.8426406871196,-4.3));
#4676=CARTESIAN_POINT('Origin',(5.00000000000028,-44.6750000000003,4.3));
#4677=CARTESIAN_POINT('',(5.00000000000028,-44.6750000000003,7.3));
#4678=CARTESIAN_POINT('',(2.00000000000028,-44.6750000000003,4.3));
#4679=CARTESIAN_POINT('Origin',(8.25,-31.9500000000003,-4.3));
#4680=CARTESIAN_POINT('',(5.25,-78.6844951905819,-4.3));
#4681=CARTESIAN_POINT('',(5.58071794936914,-74.5000000000003,-5.66928205063087));
#4682=CARTESIAN_POINT('Ctrl Pts',(5.25,-78.6844951905819,-4.3));
#4683=CARTESIAN_POINT('Ctrl Pts',(5.25,-78.4343974297513,-4.54337973892342));
#4684=CARTESIAN_POINT('Ctrl Pts',(5.2778225458277,-78.1467634682885,-4.74256531009149));
#4685=CARTESIAN_POINT('Ctrl Pts',(5.35016041147858,-77.5063154370614,-5.09012373093995));
#4686=CARTESIAN_POINT('Ctrl Pts',(5.39640355950305,-77.1501711262037,-5.23348566478474));
#4687=CARTESIAN_POINT('Ctrl Pts',(5.52195598131144,-76.0386195820898,-5.57098635756612));
#4688=CARTESIAN_POINT('Ctrl Pts',(5.58071794936914,-75.2409228432053,-5.66928205063087));
#4689=CARTESIAN_POINT('Ctrl Pts',(5.58071794936914,-74.5000000000003,-5.66928205063087));
#4690=CARTESIAN_POINT('',(5.25,-31.9500000000003,-4.3));
#4691=CARTESIAN_POINT('',(8.25000000000001,-64.0763257718327,-7.3));
#4692=CARTESIAN_POINT('',(8.25,-31.9500000000003,-7.3));
#4693=CARTESIAN_POINT('',(5.25,-64.4000000000003,-4.3));
#4694=CARTESIAN_POINT('Origin',(8.25,-64.0763257718327,-4.3));
#4695=CARTESIAN_POINT('',(5.25,-70.3155048094188,-4.3));
#4696=CARTESIAN_POINT('',(5.25,-31.9500000000003,-4.3));
#4697=CARTESIAN_POINT('Ctrl Pts',(5.58071794936914,-74.5000000000003,-5.66928205063087));
#4698=CARTESIAN_POINT('Ctrl Pts',(5.58071794936914,-73.7590771567953,-5.66928205063087));
#4699=CARTESIAN_POINT('Ctrl Pts',(5.52195598131144,-72.9613804179108,-5.57098635756612));
#4700=CARTESIAN_POINT('Ctrl Pts',(5.39640355950305,-71.8498288737969,-5.23348566478474));
#4701=CARTESIAN_POINT('Ctrl Pts',(5.35016041147858,-71.4936845629392,-5.09012373093995));
#4702=CARTESIAN_POINT('Ctrl Pts',(5.27782254582769,-70.8532365317121,-4.74256531009148));
#4703=CARTESIAN_POINT('Ctrl Pts',(5.25,-70.5656025702493,-4.54337973892341));
#4704=CARTESIAN_POINT('Ctrl Pts',(5.25,-70.3155048094188,-4.3));
#4705=CARTESIAN_POINT('Origin',(0.129206042154417,-26.880299486398,-4.3));
#4706=CARTESIAN_POINT('',(1.99999999999985,-49.5138834385922,-4.3));
#4707=CARTESIAN_POINT('',(-2.80175428076805,-27.5201991546696,-4.3));
#4708=CARTESIAN_POINT('',(4.99999999999991,-49.1902092104248,-7.3));
#4709=CARTESIAN_POINT('',(0.129206042154417,-26.880299486398,-7.3));
#4710=CARTESIAN_POINT('Origin',(4.99999999999991,-49.1902092104248,-4.3));
#4711=CARTESIAN_POINT('Origin',(5.00000000001318,25.3250000000095,-4.3));
#4712=CARTESIAN_POINT('',(2.0000000000176,50.1500000000172,-4.3));
#4713=CARTESIAN_POINT('',(2.00000000001318,25.3250000000101,-4.3));
#4714=CARTESIAN_POINT('',(5.00000000001739,48.9073593128978,-7.3));
#4715=CARTESIAN_POINT('',(5.00000000001318,25.3250000000095,-7.3));
#4716=CARTESIAN_POINT('Origin',(5.00000000001738,48.9073593128978,-4.3));
#4717=CARTESIAN_POINT('Origin',(-2.1661796564404,41.7411796564399,-4.3));
#4718=CARTESIAN_POINT('',(5.25,53.3999999999997,-4.3));
#4719=CARTESIAN_POINT('',(-4.28750000000005,43.8624999999995,-4.3));
#4720=CARTESIAN_POINT('',(8.25,52.1573593128804,-7.3));
#4721=CARTESIAN_POINT('',(-2.1661796564404,41.7411796564399,-7.3));
#4722=CARTESIAN_POINT('Origin',(8.25,52.1573593128804,-4.3));
#4723=CARTESIAN_POINT('Origin',(8.25,38.0499999999997,-4.3));
#4724=CARTESIAN_POINT('',(5.25,61.3155048094181,-4.3));
#4725=CARTESIAN_POINT('',(5.58071794936913,65.4999999999997,-5.66928205063087));
#4726=CARTESIAN_POINT('Ctrl Pts',(5.25,61.3155048094181,-4.3));
#4727=CARTESIAN_POINT('Ctrl Pts',(5.25,61.5656025702487,-4.54337973892342));
#4728=CARTESIAN_POINT('Ctrl Pts',(5.27782254582769,61.8532365317115,-4.74256531009149));
#4729=CARTESIAN_POINT('Ctrl Pts',(5.35016041147858,62.4936845629386,-5.09012373093995));
#4730=CARTESIAN_POINT('Ctrl Pts',(5.39640355950305,62.8498288737963,-5.23348566478475));
#4731=CARTESIAN_POINT('Ctrl Pts',(5.52195598131144,63.9613804179102,-5.57098635756612));
#4732=CARTESIAN_POINT('Ctrl Pts',(5.58071794936913,64.7590771567947,-5.66928205063087));
#4733=CARTESIAN_POINT('Ctrl Pts',(5.58071794936913,65.4999999999997,-5.66928205063087));
#4734=CARTESIAN_POINT('',(5.25,38.0499999999997,-4.3));
#4735=CARTESIAN_POINT('',(8.24999999999999,74.8980317066478,-7.3));
#4736=CARTESIAN_POINT('',(8.25,38.0499999999997,-7.3));
#4737=CARTESIAN_POINT('',(5.25,75.5999999999997,-4.3));
#4738=CARTESIAN_POINT('Origin',(8.25,74.8980317066478,-4.3));
#4739=CARTESIAN_POINT('',(5.25,69.6844951905812,-4.3));
#4740=CARTESIAN_POINT('',(5.25,38.0499999999997,-4.3));
#4741=CARTESIAN_POINT('Ctrl Pts',(5.58071794936913,65.4999999999997,-5.66928205063087));
#4742=CARTESIAN_POINT('Ctrl Pts',(5.58071794936913,66.2409228432047,-5.66928205063087));
#4743=CARTESIAN_POINT('Ctrl Pts',(5.52195598131144,67.0386195820892,-5.57098635756612));
#4744=CARTESIAN_POINT('Ctrl Pts',(5.39640355950305,68.1501711262031,-5.23348566478475));
#4745=CARTESIAN_POINT('Ctrl Pts',(5.35016041147858,68.5063154370608,-5.09012373093995));
#4746=CARTESIAN_POINT('Ctrl Pts',(5.27782254582769,69.1467634682879,-4.74256531009149));
#4747=CARTESIAN_POINT('Ctrl Pts',(5.25,69.4343974297506,-4.54337973892342));
#4748=CARTESIAN_POINT('Ctrl Pts',(5.25,69.6844951905812,-4.3));
#4749=CARTESIAN_POINT('Origin',(-4.36540613146299,49.416753997286,-4.3));
#4750=CARTESIAN_POINT('',(7.59999999999999,80.3466567459649,-4.3));
#4751=CARTESIAN_POINT('',(-7.05395223716182,50.7478136644428,-4.3));
#4752=CARTESIAN_POINT('',(10.6,79.6446884526131,-7.3));
#4753=CARTESIAN_POINT('',(-4.36540613146299,49.416753997286,-7.3));
#4754=CARTESIAN_POINT('Origin',(10.6,79.6446884526131,-4.3));
#4755=CARTESIAN_POINT('Origin',(10.6,49.9999999999997,-4.3));
#4756=CARTESIAN_POINT('',(7.59999999999999,49.9999999999997,-4.3));
#4757=CARTESIAN_POINT('',(10.6,49.9999999999997,-7.3));
#4758=CARTESIAN_POINT('Origin',(37.,-74.5000000000003,8.32667268468867E-16));
#4759=CARTESIAN_POINT('',(36.,-74.5000000000003,-4.));
#4760=CARTESIAN_POINT('',(37.,-74.5000000000003,-5.));
#4761=CARTESIAN_POINT('Origin',(36.,-74.5000000000003,8.32667268468867E-16));
#4762=CARTESIAN_POINT('Origin',(38.,-74.5000000000003,8.32667268468867E-16));
#4763=CARTESIAN_POINT('Origin',(38.,-74.5000000000003,8.32667268468867E-16));
#4764=CARTESIAN_POINT('Origin',(38.,-98.5000000000003,0.));
#4765=CARTESIAN_POINT('Origin',(38.,-98.5000000000003,0.));
#4766=CARTESIAN_POINT('Origin',(38.,65.4999999999997,-3.60822483003176E-15));
#4767=CARTESIAN_POINT('Origin',(38.,99.4999999999997,0.));
#4768=CARTESIAN_POINT('',(37.,99.4999999999997,6.14999999999982));
#4769=CARTESIAN_POINT('',(40.,99.4999999999997,7.3));
#4770=CARTESIAN_POINT('Origin',(2.00000000000001,-89.8500000000004,0.));
#4771=CARTESIAN_POINT('',(2.00000000000001,-89.8500000000004,0.));
#4772=CARTESIAN_POINT('Origin',(5.24999999999999,-86.6000000000003,0.));
#4773=CARTESIAN_POINT('',(5.24999999999999,-86.6000000000003,0.));
#4774=CARTESIAN_POINT('Origin',(6.25,-74.5000000000003,8.32667268468867E-16));
#4775=CARTESIAN_POINT('Origin',(5.25,-74.5000000000003,8.32667268468867E-16));
#4776=CARTESIAN_POINT('',(7.25000000000001,-74.5000000000003,-4.));
#4777=CARTESIAN_POINT('',(6.25,-74.5000000000003,-5.));
#4778=CARTESIAN_POINT('Origin',(7.25000000000001,-74.5000000000003,8.32667268468867E-16));
#4779=CARTESIAN_POINT('Origin',(5.25,-74.5000000000003,8.32667268468867E-16));
#4780=CARTESIAN_POINT('Origin',(5.25,-64.4000000000003,0.));
#4781=CARTESIAN_POINT('Origin',(5.25,-64.4000000000003,0.));
#4782=CARTESIAN_POINT('',(5.25,-64.4000000000003,0.));
#4783=CARTESIAN_POINT('Origin',(1.99999999999985,-49.5138834385922,0.));
#4784=CARTESIAN_POINT('',(1.99999999999985,-49.5138834385922,0.));
#4785=CARTESIAN_POINT('Origin',(2.0000000000176,50.1500000000172,0.));
#4786=CARTESIAN_POINT('',(2.0000000000176,50.1500000000172,0.));
#4787=CARTESIAN_POINT('Origin',(5.25,53.3999999999997,0.));
#4788=CARTESIAN_POINT('',(5.25,53.3999999999997,0.));
#4789=CARTESIAN_POINT('Origin',(6.25,65.4999999999997,-3.60822483003176E-15));
#4790=CARTESIAN_POINT('Origin',(5.25,65.4999999999997,-3.60822483003176E-15));
#4791=CARTESIAN_POINT('',(7.25,65.4999999999997,-4.));
#4792=CARTESIAN_POINT('',(6.25,65.4999999999997,-5.));
#4793=CARTESIAN_POINT('Origin',(7.25,65.4999999999997,-3.60822483003176E-15));
#4794=CARTESIAN_POINT('Origin',(5.25,65.4999999999997,-3.60822483003176E-15));
#4795=CARTESIAN_POINT('Origin',(5.25,75.5999999999997,0.));
#4796=CARTESIAN_POINT('Origin',(5.25,75.5999999999997,0.));
#4797=CARTESIAN_POINT('',(5.25,75.5999999999997,0.));
#4798=CARTESIAN_POINT('Origin',(7.59999999999999,80.3466567459649,0.));
#4799=CARTESIAN_POINT('',(7.59999999999999,80.3466567459649,0.));
#4800=CARTESIAN_POINT('Origin',(7.59999999999999,99.4999999999997,0.));
#4801=CARTESIAN_POINT('Origin',(1.99999999999996,-98.5000000000003,0.));
#4802=CARTESIAN_POINT('Origin',(9.,102.5,-4.00000000000018));
#4803=CARTESIAN_POINT('',(6.87867965644036,101.,-4.3500000000002));
#4804=CARTESIAN_POINT('',(6.85,101.,-4.00000000000018));
#4805=CARTESIAN_POINT('Origin',(9.,101.,-4.00000000000018));
#4806=CARTESIAN_POINT('',(6.87867965644037,102.5,-4.35000000000022));
#4807=CARTESIAN_POINT('',(9.,102.5,-6.15000000000018));
#4808=CARTESIAN_POINT('',(9.,102.5,-6.15000000000018));
#4809=CARTESIAN_POINT('',(6.85,102.5,-4.00000000000018));
#4810=CARTESIAN_POINT('Origin',(9.,102.5,-4.00000000000018));
#4811=CARTESIAN_POINT('',(6.85,102.5,-4.00000000000018));
#4812=CARTESIAN_POINT('Origin',(34.,96.7499999999997,-1.85962356624714E-13));
#4813=CARTESIAN_POINT('',(36.2,96.7499999999997,2.19999999999981));
#4814=CARTESIAN_POINT('',(31.8,96.7499999999997,2.19999999999981));
#4815=CARTESIAN_POINT('',(36.2,96.7499999999997,2.19999999999981));
#4816=CARTESIAN_POINT('',(36.2,96.7499999999997,-2.20000000000019));
#4817=CARTESIAN_POINT('',(36.2,96.7499999999997,-2.20000000000019));
#4818=CARTESIAN_POINT('',(31.8,96.7499999999997,-2.20000000000019));
#4819=CARTESIAN_POINT('',(31.8,96.7499999999997,-2.20000000000019));
#4820=CARTESIAN_POINT('',(31.8,96.7499999999997,2.19999999999981));
#4821=CARTESIAN_POINT('',(34.,96.7499999999997,-1.10000000000018));
#4822=CARTESIAN_POINT('Origin',(34.,96.7499999999997,-1.80630810183966E-13));
#4823=CARTESIAN_POINT('Origin',(31.8,97.3999999999997,-2.20000000000019));
#4824=CARTESIAN_POINT('',(31.8,98.0499999999997,2.19999999999981));
#4825=CARTESIAN_POINT('',(31.8,97.3999999999997,2.19999999999981));
#4826=CARTESIAN_POINT('',(31.8,98.0499999999997,-2.20000000000019));
#4827=CARTESIAN_POINT('',(31.8,97.3999999999997,-2.20000000000019));
#4828=CARTESIAN_POINT('',(31.8,98.0499999999997,2.19999999999981));
#4829=CARTESIAN_POINT('Origin',(36.2,97.3999999999997,-2.20000000000019));
#4830=CARTESIAN_POINT('',(36.2,98.0499999999997,-2.20000000000019));
#4831=CARTESIAN_POINT('',(36.2,97.3999999999997,-2.20000000000019));
#4832=CARTESIAN_POINT('',(31.8,98.0499999999997,-2.20000000000019));
#4833=CARTESIAN_POINT('Origin',(36.2,97.3999999999997,2.19999999999981));
#4834=CARTESIAN_POINT('',(36.2,98.0499999999997,2.19999999999981));
#4835=CARTESIAN_POINT('',(36.2,97.3999999999997,2.19999999999981));
#4836=CARTESIAN_POINT('',(36.2,98.0499999999997,-2.20000000000019));
#4837=CARTESIAN_POINT('Origin',(31.8,97.3999999999997,2.19999999999981));
#4838=CARTESIAN_POINT('',(36.2,98.0499999999997,2.19999999999981));
#4839=CARTESIAN_POINT('Origin',(34.,98.0499999999997,-1.88182802673964E-13));
#4840=CARTESIAN_POINT('',(34.,98.0499999999997,-1.10000000000018));
#4841=CARTESIAN_POINT('Origin',(34.,98.0499999999997,-1.82940074075187E-13));
#4842=CARTESIAN_POINT('Origin',(34.,99.0499999999997,-1.84716430914587E-13));
#4843=CARTESIAN_POINT('',(34.,99.0499999999997,-1.10000000000018));
#4844=CARTESIAN_POINT('Origin',(34.,99.0499999999997,-1.84716430914587E-13));
#4845=CARTESIAN_POINT('',(34.,95.8999999999997,-1.10000000000018));
#4846=CARTESIAN_POINT('',(34.,99.0499999999997,-1.10000000000018));
#4847=CARTESIAN_POINT('Origin',(34.,95.8999999999997,-1.79120906870476E-13));
#4848=CARTESIAN_POINT('Origin',(34.,95.8999999999997,-1.79120906870476E-13));
#4849=CARTESIAN_POINT('Origin',(5.46966991411009,101.13033008589,1.99999999999981));
#4850=CARTESIAN_POINT('',(5.3393398282202,101.,-4.3500000000002));
#4851=CARTESIAN_POINT('',(4.85,100.510660171779,-4.35000000000019));
#4852=CARTESIAN_POINT('',(5.81966991411007,101.48033008589,-4.35000000000021));
#4853=CARTESIAN_POINT('',(5.3393398282202,101.,4.34999999999982));
#4854=CARTESIAN_POINT('',(5.3393398282202,101.,2.99999999999982));
#4855=CARTESIAN_POINT('',(4.85,100.510660171779,4.34999999999982));
#4856=CARTESIAN_POINT('',(5.44466991411009,101.10533008589,4.34999999999982));
#4857=CARTESIAN_POINT('',(4.85,100.510660171779,0.999999999999812));
#4858=CARTESIAN_POINT('Origin',(7.,101.,-4.3500000000002));
#4859=CARTESIAN_POINT('',(7.,101.,-4.3500000000002));
#4860=CARTESIAN_POINT('',(4.85,100.625,-4.3500000000002));
#4861=CARTESIAN_POINT('Origin',(7.,101.,3.99999999999982));
#4862=CARTESIAN_POINT('',(6.85,101.,3.99999999999982));
#4863=CARTESIAN_POINT('',(6.85,101.,3.99999999999982));
#4864=CARTESIAN_POINT('',(6.87867965644036,101.,4.34999999999982));
#4865=CARTESIAN_POINT('Origin',(9.,101.,3.99999999999982));
#4866=CARTESIAN_POINT('',(7.,101.,4.34999999999982));
#4867=CARTESIAN_POINT('Origin',(7.,99.4999999999997,4.34999999999982));
#4868=CARTESIAN_POINT('',(6.87867965644036,102.5,4.34999999999982));
#4869=CARTESIAN_POINT('',(4.85,99.8749999999997,4.34999999999982));
#4870=CARTESIAN_POINT('Origin',(4.85,100.25,-1.90403248723214E-13));
#4871=CARTESIAN_POINT('Origin',(9.,62.6999999999997,-2.8));
#4872=CARTESIAN_POINT('',(9.,62.6999999999997,-2.8));
#4873=CARTESIAN_POINT('',(9.,62.6999999999997,2.8));
#4874=CARTESIAN_POINT('',(9.,62.6999999999997,-2.8));
#4875=CARTESIAN_POINT('',(7.1,62.6999999999997,-2.8));
#4876=CARTESIAN_POINT('',(9.,62.6999999999997,-2.8));
#4877=CARTESIAN_POINT('',(7.1,62.6999999999997,2.8));
#4878=CARTESIAN_POINT('',(7.1,62.6999999999997,-2.8));
#4879=CARTESIAN_POINT('',(9.,62.6999999999997,2.8));
#4880=CARTESIAN_POINT('Origin',(9.,68.2999999999997,-2.8));
#4881=CARTESIAN_POINT('',(9.,68.2999999999997,-2.8));
#4882=CARTESIAN_POINT('',(9.,68.2999999999997,-2.8));
#4883=CARTESIAN_POINT('',(7.1,68.2999999999997,-2.8));
#4884=CARTESIAN_POINT('',(9.,68.2999999999997,-2.8));
#4885=CARTESIAN_POINT('',(7.1,68.2999999999997,-2.8));
#4886=CARTESIAN_POINT('Origin',(9.,68.2999999999997,2.8));
#4887=CARTESIAN_POINT('',(9.,68.2999999999997,2.8));
#4888=CARTESIAN_POINT('',(9.,68.2999999999997,2.8));
#4889=CARTESIAN_POINT('',(7.1,68.2999999999997,2.8));
#4890=CARTESIAN_POINT('',(9.,68.2999999999997,2.8));
#4891=CARTESIAN_POINT('',(7.1,68.2999999999997,2.8));
#4892=CARTESIAN_POINT('Origin',(9.,62.6999999999997,2.8));
#4893=CARTESIAN_POINT('',(9.,62.6999999999997,2.8));
#4894=CARTESIAN_POINT('',(7.1,62.6999999999997,2.8));
#4895=CARTESIAN_POINT('Origin',(7.1,65.4999999999997,-2.22044604925031E-15));
#4896=CARTESIAN_POINT('',(7.1,65.4999999999997,-1.55));
#4897=CARTESIAN_POINT('Origin',(7.1,65.4999999999997,-3.60822483003176E-15));
#4898=CARTESIAN_POINT('Origin',(9.,65.4999999999997,-2.22044604925031E-15));
#4899=CARTESIAN_POINT('',(9.,65.4999999999997,-1.55));
#4900=CARTESIAN_POINT('Origin',(9.,65.4999999999997,-3.60822483003176E-15));
#4901=CARTESIAN_POINT('Origin',(9.,-77.3000000000003,2.80000000000001));
#4902=CARTESIAN_POINT('',(9.,-71.7000000000003,2.80000000000001));
#4903=CARTESIAN_POINT('',(9.,-77.3000000000003,2.80000000000001));
#4904=CARTESIAN_POINT('',(9.,-71.7000000000003,2.80000000000001));
#4905=CARTESIAN_POINT('',(7.1,-77.3000000000003,2.80000000000001));
#4906=CARTESIAN_POINT('',(9.,-77.3000000000003,2.80000000000001));
#4907=CARTESIAN_POINT('',(7.1,-71.7000000000003,2.80000000000001));
#4908=CARTESIAN_POINT('',(7.1,-71.7000000000003,2.80000000000001));
#4909=CARTESIAN_POINT('',(9.,-71.7000000000003,2.80000000000001));
#4910=CARTESIAN_POINT('Origin',(9.,-77.3000000000003,-2.79999999999999));
#4911=CARTESIAN_POINT('',(9.,-77.3000000000003,-2.79999999999999));
#4912=CARTESIAN_POINT('',(9.,-77.3000000000003,2.80000000000001));
#4913=CARTESIAN_POINT('',(7.1,-77.3000000000003,-2.79999999999999));
#4914=CARTESIAN_POINT('',(9.,-77.3000000000003,-2.79999999999999));
#4915=CARTESIAN_POINT('',(7.1,-77.3000000000003,2.80000000000001));
#4916=CARTESIAN_POINT('Origin',(9.,-71.7000000000003,-2.79999999999999));
#4917=CARTESIAN_POINT('',(9.,-71.7000000000003,-2.79999999999999));
#4918=CARTESIAN_POINT('',(9.,-77.3000000000003,-2.79999999999999));
#4919=CARTESIAN_POINT('',(7.1,-71.7000000000003,-2.79999999999999));
#4920=CARTESIAN_POINT('',(9.,-71.7000000000003,-2.79999999999999));
#4921=CARTESIAN_POINT('',(7.1,-77.3000000000003,-2.79999999999999));
#4922=CARTESIAN_POINT('Origin',(9.,-71.7000000000003,2.80000000000001));
#4923=CARTESIAN_POINT('',(9.,-71.7000000000003,-2.79999999999999));
#4924=CARTESIAN_POINT('',(7.1,-71.7000000000003,-2.79999999999999));
#4925=CARTESIAN_POINT('Origin',(7.1,-74.5000000000003,8.88178419700125E-15));
#4926=CARTESIAN_POINT('',(7.1,-74.5000000000003,-1.55));
#4927=CARTESIAN_POINT('Origin',(7.1,-74.5000000000003,8.32667268468867E-16));
#4928=CARTESIAN_POINT('Origin',(9.,-74.5000000000003,8.88178419700125E-15));
#4929=CARTESIAN_POINT('',(9.,-74.5000000000003,-1.55));
#4930=CARTESIAN_POINT('Origin',(9.,-74.5000000000003,8.32667268468867E-16));
#4931=CARTESIAN_POINT('Origin',(3.,65.4999999999997,-3.60822483003176E-15));
#4932=CARTESIAN_POINT('',(11.,65.4999999999997,-1.55));
#4933=CARTESIAN_POINT('',(3.,65.4999999999997,-1.55));
#4934=CARTESIAN_POINT('Origin',(11.,65.4999999999997,-3.60822483003176E-15));
#4935=CARTESIAN_POINT('Origin',(3.,-74.5000000000003,8.32667268468867E-16));
#4936=CARTESIAN_POINT('',(11.,-74.5000000000003,-1.55));
#4937=CARTESIAN_POINT('',(3.,-74.5000000000003,-1.55));
#4938=CARTESIAN_POINT('Origin',(11.,-74.5000000000003,8.32667268468867E-16));
#4939=CARTESIAN_POINT('Origin',(31.29185825333,94.4999999999997,-7.3));
#4940=CARTESIAN_POINT('',(31.29185825333,94.4999999999997,-7.3));
#4941=CARTESIAN_POINT('Origin',(31.29185825333,99.4999999999997,-7.3));
#4942=CARTESIAN_POINT('Origin',(19.9999999999999,0.49999999999967,7.3));
#4943=CARTESIAN_POINT('Origin',(38.15,-98.5000000000003,0.));
#4944=CARTESIAN_POINT('',(38.15,102.5,3.99999999999981));
#4945=CARTESIAN_POINT('',(38.15,102.5,3.99999999999981));
#4946=CARTESIAN_POINT('',(38.15,102.5,-4.00000000000018));
#4947=CARTESIAN_POINT('',(38.15,102.5,-5.00000000000025));
#4948=CARTESIAN_POINT('',(38.15,102.5,-4.00000000000018));
#4949=CARTESIAN_POINT('Origin',(38.,-98.5000000000003,0.));
#4950=CARTESIAN_POINT('Origin',(38.,65.4999999999997,-3.60822483003176E-15));
#4951=CARTESIAN_POINT('Origin',(6.85,102.5,3.99999999999981));
#4952=CARTESIAN_POINT('',(6.85,102.5,3.99999999999981));
#4953=CARTESIAN_POINT('',(6.85,102.5,-3.00000000000007));
#4954=CARTESIAN_POINT('',(6.85,102.5,3.99999999999981));
#4955=CARTESIAN_POINT('Origin',(9.,102.5,3.99999999999981));
#4956=CARTESIAN_POINT('',(9.,102.5,6.14999999999982));
#4957=CARTESIAN_POINT('Origin',(9.,102.5,3.99999999999981));
#4958=CARTESIAN_POINT('',(9.,102.5,6.14999999999982));
#4959=CARTESIAN_POINT('Origin',(36.,102.5,6.14999999999982));
#4960=CARTESIAN_POINT('',(36.,102.5,6.14999999999982));
#4961=CARTESIAN_POINT('',(18.,102.5,6.14999999999982));
#4962=CARTESIAN_POINT('',(36.,102.5,6.14999999999982));
#4963=CARTESIAN_POINT('Origin',(36.,102.5,3.99999999999981));
#4964=CARTESIAN_POINT('Origin',(36.,102.5,3.99999999999981));
#4965=CARTESIAN_POINT('Origin',(36.,102.5,-4.00000000000018));
#4966=CARTESIAN_POINT('',(36.,102.5,-6.15000000000018));
#4967=CARTESIAN_POINT('Origin',(36.,102.5,-4.00000000000018));
#4968=CARTESIAN_POINT('',(36.,102.5,-6.15000000000018));
#4969=CARTESIAN_POINT('Origin',(9.,102.5,-6.15000000000018));
#4970=CARTESIAN_POINT('',(4.49999999999998,102.5,-6.15000000000023));
#4971=CARTESIAN_POINT('Origin',(38.,-74.5000000000003,8.32667268468867E-16));
#4972=CARTESIAN_POINT('',(38.,-74.5000000000003,-4.));
#4973=CARTESIAN_POINT('Origin',(37.,65.4999999999997,-3.60822483003176E-15));
#4974=CARTESIAN_POINT('',(36.,65.4999999999997,-4.));
#4975=CARTESIAN_POINT('',(37.,65.4999999999997,-5.));
#4976=CARTESIAN_POINT('Origin',(36.,65.4999999999997,-3.60822483003176E-15));
#4977=CARTESIAN_POINT('Origin',(38.,65.4999999999997,-3.60822483003176E-15));
#4978=CARTESIAN_POINT('',(38.,65.4999999999997,-4.));
#4979=CARTESIAN_POINT('Origin',(19.9999999999999,0.49999999999967,-7.3));
#4980=CARTESIAN_POINT('Origin',(5.9,94.8499999999997,-2.15));
#4981=CARTESIAN_POINT('',(5.9,94.8499999999997,-2.15));
#4982=CARTESIAN_POINT('',(5.9,94.8499999999997,2.15));
#4983=CARTESIAN_POINT('',(5.9,94.8499999999997,-2.15));
#4984=CARTESIAN_POINT('',(4.6,94.8499999999997,-2.15));
#4985=CARTESIAN_POINT('',(5.9,94.8499999999997,-2.15));
#4986=CARTESIAN_POINT('',(4.6,94.8499999999997,2.15));
#4987=CARTESIAN_POINT('',(4.6,94.8499999999997,-2.15));
#4988=CARTESIAN_POINT('',(5.9,94.8499999999997,2.15));
#4989=CARTESIAN_POINT('Origin',(5.9,99.1499999999997,-2.15));
#4990=CARTESIAN_POINT('',(5.9,99.1499999999997,-2.15));
#4991=CARTESIAN_POINT('',(5.9,99.1499999999997,-2.15));
#4992=CARTESIAN_POINT('',(4.6,99.1499999999997,-2.15));
#4993=CARTESIAN_POINT('',(5.9,99.1499999999997,-2.15));
#4994=CARTESIAN_POINT('',(4.6,99.1499999999997,-2.15));
#4995=CARTESIAN_POINT('Origin',(5.9,99.1499999999997,2.15));
#4996=CARTESIAN_POINT('',(5.9,99.1499999999997,2.15));
#4997=CARTESIAN_POINT('',(5.9,99.1499999999997,2.15));
#4998=CARTESIAN_POINT('',(4.6,99.1499999999997,2.15));
#4999=CARTESIAN_POINT('',(5.9,99.1499999999997,2.15));
#5000=CARTESIAN_POINT('',(4.6,99.1499999999997,2.15));
#5001=CARTESIAN_POINT('Origin',(5.9,94.8499999999997,2.15));
#5002=CARTESIAN_POINT('',(5.9,94.8499999999997,2.15));
#5003=CARTESIAN_POINT('',(4.6,94.8499999999997,2.15));
#5004=CARTESIAN_POINT('Origin',(4.6,96.9999999999997,5.55111512312578E-16));
#5005=CARTESIAN_POINT('',(4.6,98.0999999999997,1.35745184502568E-16));
#5006=CARTESIAN_POINT('Origin',(4.6,96.9999999999997,1.03403659635905E-18));
#5007=CARTESIAN_POINT('Origin',(5.9,96.9999999999997,5.55111512312578E-16));
#5008=CARTESIAN_POINT('',(5.9,98.0999999999997,-1.3367711130985E-16));
#5009=CARTESIAN_POINT('Origin',(5.9,96.9999999999997,1.03403659635905E-18));
#5010=CARTESIAN_POINT('Origin',(5.9,78.8499999999997,-2.15000000000001));
#5011=CARTESIAN_POINT('',(5.9,78.8499999999997,-2.15000000000001));
#5012=CARTESIAN_POINT('',(5.9,78.8499999999997,2.14999999999999));
#5013=CARTESIAN_POINT('',(5.9,78.8499999999997,-2.15000000000001));
#5014=CARTESIAN_POINT('',(4.6,78.8499999999997,-2.15000000000001));
#5015=CARTESIAN_POINT('',(5.9,78.8499999999997,-2.15000000000001));
#5016=CARTESIAN_POINT('',(4.6,78.8499999999997,2.14999999999999));
#5017=CARTESIAN_POINT('',(4.6,78.8499999999997,-2.15000000000001));
#5018=CARTESIAN_POINT('',(5.9,78.8499999999997,2.14999999999999));
#5019=CARTESIAN_POINT('Origin',(5.9,83.1499999999997,-2.15));
#5020=CARTESIAN_POINT('',(5.9,83.1499999999997,-2.15));
#5021=CARTESIAN_POINT('',(5.9,83.1499999999997,-2.15));
#5022=CARTESIAN_POINT('',(4.6,83.1499999999997,-2.15));
#5023=CARTESIAN_POINT('',(5.9,83.1499999999997,-2.15));
#5024=CARTESIAN_POINT('',(4.6,83.1499999999997,-2.15));
#5025=CARTESIAN_POINT('Origin',(5.9,83.1499999999997,2.14999999999999));
#5026=CARTESIAN_POINT('',(5.9,83.1499999999997,2.14999999999999));
#5027=CARTESIAN_POINT('',(5.9,83.1499999999997,2.14999999999999));
#5028=CARTESIAN_POINT('',(4.6,83.1499999999997,2.14999999999999));
#5029=CARTESIAN_POINT('',(5.9,83.1499999999997,2.14999999999999));
#5030=CARTESIAN_POINT('',(4.6,83.1499999999997,2.14999999999999));
#5031=CARTESIAN_POINT('Origin',(5.9,78.8499999999997,2.14999999999999));
#5032=CARTESIAN_POINT('',(5.9,78.8499999999997,2.14999999999999));
#5033=CARTESIAN_POINT('',(4.6,78.8499999999997,2.14999999999999));
#5034=CARTESIAN_POINT('Origin',(4.6,80.9999999999997,-9.15933995315754E-15));
#5035=CARTESIAN_POINT('',(4.6,82.0999999999997,2.57175827820944E-16));
#5036=CARTESIAN_POINT('Origin',(4.6,80.9999999999997,1.22464679914736E-16));
#5037=CARTESIAN_POINT('Origin',(5.9,80.9999999999997,-9.15933995315754E-15));
#5038=CARTESIAN_POINT('',(5.9,82.0999999999997,-1.22464679914733E-17));
#5039=CARTESIAN_POINT('Origin',(5.9,80.9999999999997,1.22464679914736E-16));
#5040=CARTESIAN_POINT('Origin',(3.25,96.9999999999997,1.03403659635905E-18));
#5041=CARTESIAN_POINT('',(6.5,98.0999999999997,1.35745184502568E-16));
#5042=CARTESIAN_POINT('',(3.25,98.0999999999997,1.35745184502568E-16));
#5043=CARTESIAN_POINT('Origin',(6.5,96.9999999999997,1.03403659635905E-18));
#5044=CARTESIAN_POINT('Origin',(3.25,80.9999999999997,1.22464679914736E-16));
#5045=CARTESIAN_POINT('',(6.5,82.0999999999997,2.57175827820944E-16));
#5046=CARTESIAN_POINT('',(3.25,82.0999999999997,2.57175827820944E-16));
#5047=CARTESIAN_POINT('Origin',(6.5,80.9999999999997,1.22464679914736E-16));
#5048=CARTESIAN_POINT('Origin',(3.25,96.9999999999997,1.03403659635905E-18));
#5049=CARTESIAN_POINT('',(3.6,98.0999999999997,1.35745184502568E-16));
#5050=CARTESIAN_POINT('Origin',(3.6,96.9999999999997,1.03403659635905E-18));
#5051=CARTESIAN_POINT('',(3.25,98.0999999999997,1.35745184502568E-16));
#5052=CARTESIAN_POINT('Origin',(6.5,96.9999999999997,1.03403659635905E-18));
#5053=CARTESIAN_POINT('Origin',(3.25,80.9999999999997,1.22464679914736E-16));
#5054=CARTESIAN_POINT('',(3.6,82.0999999999997,2.57175827820944E-16));
#5055=CARTESIAN_POINT('Origin',(3.6,80.9999999999997,1.22464679914736E-16));
#5056=CARTESIAN_POINT('',(3.25,82.0999999999997,2.57175827820944E-16));
#5057=CARTESIAN_POINT('Origin',(6.5,80.9999999999997,1.22464679914736E-16));
#5058=CARTESIAN_POINT('Origin',(0.,77.4999999999997,-3.6));
#5059=CARTESIAN_POINT('',(4.35,86.0999999999997,-3.6));
#5060=CARTESIAN_POINT('',(4.35,87.5999999999997,-3.6));
#5061=CARTESIAN_POINT('Origin',(4.35,86.8499999999997,-3.6));
#5062=CARTESIAN_POINT('',(3.6,87.5999999999997,-3.6));
#5063=CARTESIAN_POINT('',(1.8,87.5999999999997,-3.6));
#5064=CARTESIAN_POINT('',(3.6,88.0999999999997,-3.6));
#5065=CARTESIAN_POINT('',(3.6,38.7499999999997,-3.6));
#5066=CARTESIAN_POINT('',(4.35,88.0999999999997,-3.6));
#5067=CARTESIAN_POINT('',(1.8,88.0999999999997,-3.6));
#5068=CARTESIAN_POINT('',(4.35,89.5999999999997,-3.6));
#5069=CARTESIAN_POINT('Origin',(4.35,88.8499999999997,-3.6));
#5070=CARTESIAN_POINT('',(3.6,89.5999999999997,-3.6));
#5071=CARTESIAN_POINT('',(1.8,89.5999999999997,-3.6));
#5072=CARTESIAN_POINT('',(3.6,90.0999999999997,-3.6));
#5073=CARTESIAN_POINT('',(3.6,38.7499999999997,-3.6));
#5074=CARTESIAN_POINT('',(4.35,90.0999999999997,-3.6));
#5075=CARTESIAN_POINT('',(1.8,90.0999999999997,-3.6));
#5076=CARTESIAN_POINT('',(4.35,91.5999999999997,-3.6));
#5077=CARTESIAN_POINT('Origin',(4.35,90.8499999999997,-3.6));
#5078=CARTESIAN_POINT('',(3.6,91.5999999999997,-3.6));
#5079=CARTESIAN_POINT('',(1.8,91.5999999999997,-3.6));
#5080=CARTESIAN_POINT('',(3.6,92.0999999999997,-3.6));
#5081=CARTESIAN_POINT('',(3.6,38.7499999999997,-3.6));
#5082=CARTESIAN_POINT('',(4.35,92.0999999999997,-3.6));
#5083=CARTESIAN_POINT('',(1.8,92.0999999999997,-3.6));
#5084=CARTESIAN_POINT('',(4.35,93.5999999999997,-3.6));
#5085=CARTESIAN_POINT('Origin',(4.35,92.8499999999997,-3.6));
#5086=CARTESIAN_POINT('',(3.6,93.5999999999997,-3.6));
#5087=CARTESIAN_POINT('',(1.8,93.5999999999997,-3.6));
#5088=CARTESIAN_POINT('',(3.6,98.4999999999997,-3.6));
#5089=CARTESIAN_POINT('',(3.6,38.7499999999997,-3.6));
#5090=CARTESIAN_POINT('',(0.,98.4999999999997,-3.6));
#5091=CARTESIAN_POINT('',(0.,98.4999999999997,-3.6));
#5092=CARTESIAN_POINT('',(0.,79.4999999999997,-3.6));
#5093=CARTESIAN_POINT('',(0.,38.7499999999997,-3.6));
#5094=CARTESIAN_POINT('',(3.6,79.4999999999997,-3.6));
#5095=CARTESIAN_POINT('',(0.,79.4999999999997,-3.6));
#5096=CARTESIAN_POINT('',(3.6,86.0999999999997,-3.6));
#5097=CARTESIAN_POINT('',(3.6,38.7499999999997,-3.6));
#5098=CARTESIAN_POINT('',(1.8,86.0999999999997,-3.6));
#5099=CARTESIAN_POINT('Origin',(0.,100.5,3.6));
#5100=CARTESIAN_POINT('',(4.35,87.5999999999997,3.6));
#5101=CARTESIAN_POINT('',(4.35,86.0999999999997,3.6));
#5102=CARTESIAN_POINT('Origin',(4.35,86.8499999999997,3.6));
#5103=CARTESIAN_POINT('',(3.6,86.0999999999997,3.6));
#5104=CARTESIAN_POINT('',(1.8,86.0999999999997,3.6));
#5105=CARTESIAN_POINT('',(3.6,79.4999999999997,3.6));
#5106=CARTESIAN_POINT('',(3.6,50.2499999999997,3.6));
#5107=CARTESIAN_POINT('',(0.,79.4999999999997,3.6));
#5108=CARTESIAN_POINT('',(0.,79.4999999999997,3.6));
#5109=CARTESIAN_POINT('',(0.,98.4999999999997,3.6));
#5110=CARTESIAN_POINT('',(0.,50.2499999999997,3.6));
#5111=CARTESIAN_POINT('',(3.6,98.4999999999997,3.6));
#5112=CARTESIAN_POINT('',(0.,98.4999999999997,3.6));
#5113=CARTESIAN_POINT('',(3.6,93.5999999999997,3.6));
#5114=CARTESIAN_POINT('',(3.6,50.2499999999997,3.6));
#5115=CARTESIAN_POINT('',(4.35,93.5999999999997,3.6));
#5116=CARTESIAN_POINT('',(1.8,93.5999999999997,3.6));
#5117=CARTESIAN_POINT('',(4.35,92.0999999999997,3.6));
#5118=CARTESIAN_POINT('Origin',(4.35,92.8499999999997,3.6));
#5119=CARTESIAN_POINT('',(3.6,92.0999999999997,3.6));
#5120=CARTESIAN_POINT('',(1.8,92.0999999999997,3.6));
#5121=CARTESIAN_POINT('',(3.6,91.5999999999997,3.6));
#5122=CARTESIAN_POINT('',(3.6,50.2499999999997,3.6));
#5123=CARTESIAN_POINT('',(4.35,91.5999999999997,3.6));
#5124=CARTESIAN_POINT('',(1.8,91.5999999999997,3.6));
#5125=CARTESIAN_POINT('',(4.35,90.0999999999997,3.6));
#5126=CARTESIAN_POINT('Origin',(4.35,90.8499999999997,3.6));
#5127=CARTESIAN_POINT('',(3.6,90.0999999999997,3.6));
#5128=CARTESIAN_POINT('',(1.8,90.0999999999997,3.6));
#5129=CARTESIAN_POINT('',(3.6,89.5999999999997,3.6));
#5130=CARTESIAN_POINT('',(3.6,50.2499999999997,3.6));
#5131=CARTESIAN_POINT('',(4.35,89.5999999999997,3.6));
#5132=CARTESIAN_POINT('',(1.8,89.5999999999997,3.6));
#5133=CARTESIAN_POINT('',(4.35,88.0999999999997,3.6));
#5134=CARTESIAN_POINT('Origin',(4.35,88.8499999999997,3.6));
#5135=CARTESIAN_POINT('',(3.6,88.0999999999997,3.6));
#5136=CARTESIAN_POINT('',(1.8,88.0999999999997,3.6));
#5137=CARTESIAN_POINT('',(3.6,87.5999999999997,3.6));
#5138=CARTESIAN_POINT('',(3.6,50.2499999999997,3.6));
#5139=CARTESIAN_POINT('',(1.8,87.5999999999997,3.6));
#5140=CARTESIAN_POINT('Origin',(3.6,90.0999999999997,3.5));
#5141=CARTESIAN_POINT('',(4.35,90.0999999999997,1.75));
#5142=CARTESIAN_POINT('',(3.6,90.0999999999997,1.75000000000001));
#5143=CARTESIAN_POINT('Origin',(3.6,88.0999999999997,3.5));
#5144=CARTESIAN_POINT('',(4.35,88.0999999999997,1.75));
#5145=CARTESIAN_POINT('',(3.6,88.0999999999997,1.75000000000001));
#5146=CARTESIAN_POINT('Origin',(4.35,92.8499999999997,-1.75));
#5147=CARTESIAN_POINT('',(4.35,93.5999999999997,-1.75));
#5148=CARTESIAN_POINT('',(4.35,92.0999999999997,1.75));
#5149=CARTESIAN_POINT('Origin',(3.6,93.5999999999997,-3.5));
#5150=CARTESIAN_POINT('',(3.6,93.5999999999997,-1.74999999999999));
#5151=CARTESIAN_POINT('Origin',(4.35,90.8499999999997,-1.75));
#5152=CARTESIAN_POINT('',(4.35,91.5999999999997,-1.75));
#5153=CARTESIAN_POINT('Origin',(3.6,91.5999999999997,-3.5));
#5154=CARTESIAN_POINT('',(3.6,91.5999999999997,-1.74999999999999));
#5155=CARTESIAN_POINT('Origin',(4.35,88.8499999999997,-1.75));
#5156=CARTESIAN_POINT('',(4.35,89.5999999999997,-1.75));
#5157=CARTESIAN_POINT('Origin',(3.6,89.5999999999997,-3.5));
#5158=CARTESIAN_POINT('',(3.6,89.5999999999997,-1.74999999999999));
#5159=CARTESIAN_POINT('Origin',(4.35,86.8499999999997,-1.75));
#5160=CARTESIAN_POINT('',(4.35,87.5999999999997,-1.75));
#5161=CARTESIAN_POINT('',(4.35,86.0999999999997,1.75));
#5162=CARTESIAN_POINT('Origin',(3.6,92.0999999999997,3.5));
#5163=CARTESIAN_POINT('',(3.6,92.0999999999997,1.75000000000001));
#5164=CARTESIAN_POINT('Origin',(3.6,87.5999999999997,-3.5));
#5165=CARTESIAN_POINT('',(3.6,87.5999999999997,-1.74999999999999));
#5166=CARTESIAN_POINT('Origin',(3.6,86.0999999999997,3.5));
#5167=CARTESIAN_POINT('',(3.6,86.0999999999997,1.75000000000001));
#5168=CARTESIAN_POINT('Origin',(3.6,-3.19744231092045E-13,2.66453525910038E-14));
#5169=CARTESIAN_POINT('',(3.6,100.6,1.5));
#5170=CARTESIAN_POINT('Origin',(3.6,98.4999999999997,1.5));
#5171=CARTESIAN_POINT('',(3.6,100.6,-1.5));
#5172=CARTESIAN_POINT('',(3.6,100.6,-1.74999999999999));
#5173=CARTESIAN_POINT('Origin',(3.6,98.4999999999997,-1.5));
#5174=CARTESIAN_POINT('Origin',(3.6,-3.19744231092045E-13,2.66453525910038E-14));
#5175=CARTESIAN_POINT('Origin',(3.6,-3.19744231092045E-13,2.66453525910038E-14));
#5176=CARTESIAN_POINT('Origin',(3.6,-3.19744231092045E-13,2.66453525910038E-14));
#5177=CARTESIAN_POINT('',(3.6,77.3999999999997,-1.5));
#5178=CARTESIAN_POINT('Origin',(3.6,79.4999999999997,-1.5));
#5179=CARTESIAN_POINT('',(3.6,77.3999999999997,1.5));
#5180=CARTESIAN_POINT('',(3.6,77.3999999999997,1.75000000000001));
#5181=CARTESIAN_POINT('Origin',(3.6,79.4999999999997,1.5));
#5182=CARTESIAN_POINT('Origin',(0.,79.4999999999997,-1.5));
#5183=CARTESIAN_POINT('',(0.,77.3999999999997,-1.5));
#5184=CARTESIAN_POINT('Origin',(0.,79.4999999999997,-1.5));
#5185=CARTESIAN_POINT('',(0.,77.3999999999997,-1.5));
#5186=CARTESIAN_POINT('Origin',(0.,79.4999999999997,1.5));
#5187=CARTESIAN_POINT('',(0.,77.3999999999997,1.5));
#5188=CARTESIAN_POINT('',(0.,77.3999999999997,1.5));
#5189=CARTESIAN_POINT('Origin',(0.,79.4999999999997,1.5));
#5190=CARTESIAN_POINT('Origin',(0.,98.4999999999997,1.5));
#5191=CARTESIAN_POINT('',(0.,100.6,1.5));
#5192=CARTESIAN_POINT('Origin',(0.,98.4999999999997,1.5));
#5193=CARTESIAN_POINT('',(0.,100.6,1.5));
#5194=CARTESIAN_POINT('Origin',(0.,98.4999999999997,-1.5));
#5195=CARTESIAN_POINT('',(0.,100.6,-1.5));
#5196=CARTESIAN_POINT('',(0.,100.6,-1.5));
#5197=CARTESIAN_POINT('Origin',(0.,98.4999999999997,-1.5));
#5198=CARTESIAN_POINT('Origin',(0.,100.6,-3.5));
#5199=CARTESIAN_POINT('',(0.,100.6,-1.74999999999998));
#5200=CARTESIAN_POINT('Origin',(0.,77.3999999999997,3.5));
#5201=CARTESIAN_POINT('',(0.,77.3999999999997,1.75000000000002));
#5202=CARTESIAN_POINT('Origin',(3.6,-3.19744231092045E-13,2.66453525910038E-14));
#5203=CARTESIAN_POINT('Origin',(3.25,65.4999999999997,-3.33066907387547E-15));
#5204=CARTESIAN_POINT('',(3.35,65.4999999999997,-2.5));
#5205=CARTESIAN_POINT('Origin',(3.35,65.4999999999997,-3.33066907387547E-15));
#5206=CARTESIAN_POINT('',(5.35,65.4999999999997,-2.5));
#5207=CARTESIAN_POINT('',(3.25,65.4999999999997,-2.5));
#5208=CARTESIAN_POINT('Origin',(5.35,65.4999999999997,-3.33066907387547E-15));
#5209=CARTESIAN_POINT('Origin',(5.35,65.4999999999997,-3.33066907387547E-15));
#5210=CARTESIAN_POINT('',(5.35,65.4999999999997,-1.55));
#5211=CARTESIAN_POINT('Origin',(5.35,65.4999999999997,-3.60822483003176E-15));
#5212=CARTESIAN_POINT('Origin',(3.25,-74.5000000000003,2.22044604925031E-15));
#5213=CARTESIAN_POINT('',(3.35,-74.5000000000003,-2.5));
#5214=CARTESIAN_POINT('Origin',(3.35,-74.5000000000003,2.22044604925031E-15));
#5215=CARTESIAN_POINT('',(5.35,-74.5000000000003,-2.5));
#5216=CARTESIAN_POINT('',(3.25,-74.5000000000003,-2.5));
#5217=CARTESIAN_POINT('Origin',(5.35,-74.5000000000003,2.22044604925031E-15));
#5218=CARTESIAN_POINT('Origin',(5.35,-74.5000000000003,2.22044604925031E-15));
#5219=CARTESIAN_POINT('',(5.35,-74.5000000000003,-1.55));
#5220=CARTESIAN_POINT('Origin',(5.35,-74.5000000000003,8.32667268468867E-16));
#5221=CARTESIAN_POINT('Origin',(3.,-64.5000000000003,-6.60000000000002));
#5222=CARTESIAN_POINT('',(0.,-84.6000000000003,-6.60000000000002));
#5223=CARTESIAN_POINT('',(0.,-64.4000000000003,-6.60000000000002));
#5224=CARTESIAN_POINT('',(0.,-32.2500000000003,-6.60000000000002));
#5225=CARTESIAN_POINT('',(3.35,-84.6000000000003,-6.60000000000002));
#5226=CARTESIAN_POINT('',(1.5,-84.6000000000003,-6.60000000000002));
#5227=CARTESIAN_POINT('',(3.35,-64.4000000000003,-6.60000000000002));
#5228=CARTESIAN_POINT('',(3.35,-69.5000000000003,-6.60000000000002));
#5229=CARTESIAN_POINT('',(1.5,-64.4000000000003,-6.60000000000002));
#5230=CARTESIAN_POINT('Origin',(3.,-84.5000000000003,6.60000000000006));
#5231=CARTESIAN_POINT('',(0.,-64.4000000000003,6.60000000000006));
#5232=CARTESIAN_POINT('',(0.,-84.6000000000003,6.60000000000006));
#5233=CARTESIAN_POINT('',(0.,-42.2500000000003,6.60000000000006));
#5234=CARTESIAN_POINT('',(3.35,-64.4000000000003,6.60000000000006));
#5235=CARTESIAN_POINT('',(1.5,-64.4000000000003,6.60000000000006));
#5236=CARTESIAN_POINT('',(3.35,-84.6000000000003,6.60000000000006));
#5237=CARTESIAN_POINT('',(3.35,-79.5000000000003,6.60000000000006));
#5238=CARTESIAN_POINT('',(1.5,-84.6000000000003,6.60000000000006));
#5239=CARTESIAN_POINT('Origin',(0.,-3.01980662698043E-13,3.10862446895044E-14));
#5240=CARTESIAN_POINT('',(0.,-102.5,-6.99999999999997));
#5241=CARTESIAN_POINT('',(0.,-99.5000000000003,-9.99999999999997));
#5242=CARTESIAN_POINT('Origin',(0.,-99.5000000000003,-6.99999999999997));
#5243=CARTESIAN_POINT('',(0.,-102.5,7.00000000000003));
#5244=CARTESIAN_POINT('',(0.,-102.5,10.));
#5245=CARTESIAN_POINT('',(0.,-99.5000000000003,10.));
#5246=CARTESIAN_POINT('Origin',(0.,-99.5000000000003,7.00000000000003));
#5247=CARTESIAN_POINT('',(0.,99.4999999999997,9.99999999999991));
#5248=CARTESIAN_POINT('',(0.,102.5,9.99999999999991));
#5249=CARTESIAN_POINT('',(0.,102.5,6.9999999999999));
#5250=CARTESIAN_POINT('Origin',(0.,99.4999999999997,6.99999999999991));
#5251=CARTESIAN_POINT('',(0.,102.5,-6.99999999999997));
#5252=CARTESIAN_POINT('',(0.,102.5,-9.99999999999996));
#5253=CARTESIAN_POINT('',(0.,99.4999999999997,-9.99999999999996));
#5254=CARTESIAN_POINT('Origin',(0.,99.4999999999996,-6.99999999999996));
#5255=CARTESIAN_POINT('',(0.,-102.5,-9.99999999999997));
#5256=CARTESIAN_POINT('',(0.,55.3999999999997,6.60000000000005));
#5257=CARTESIAN_POINT('',(0.,55.3999999999997,-6.60000000000003));
#5258=CARTESIAN_POINT('',(0.,55.3999999999997,1.75000000000001));
#5259=CARTESIAN_POINT('',(0.,75.5999999999997,-6.60000000000003));
#5260=CARTESIAN_POINT('',(0.,37.7499999999997,-6.60000000000003));
#5261=CARTESIAN_POINT('',(0.,75.5999999999997,6.60000000000005));
#5262=CARTESIAN_POINT('',(0.,75.5999999999997,-1.74999999999999));
#5263=CARTESIAN_POINT('',(0.,27.7499999999997,6.60000000000005));
#5264=CARTESIAN_POINT('',(0.,-84.6000000000003,1.75000000000002));
#5265=CARTESIAN_POINT('',(0.,-64.4000000000003,-1.74999999999998));
#5266=CARTESIAN_POINT('Origin',(3.,75.4999999999997,-6.60000000000003));
#5267=CARTESIAN_POINT('',(3.35,55.3999999999997,-6.60000000000003));
#5268=CARTESIAN_POINT('',(1.5,55.3999999999997,-6.60000000000003));
#5269=CARTESIAN_POINT('',(3.35,75.5999999999997,-6.60000000000003));
#5270=CARTESIAN_POINT('',(3.35,70.4999999999997,-6.60000000000003));
#5271=CARTESIAN_POINT('',(1.5,75.5999999999997,-6.60000000000003));
#5272=CARTESIAN_POINT('Origin',(3.,55.4999999999997,6.60000000000005));
#5273=CARTESIAN_POINT('',(3.35,75.5999999999997,6.60000000000005));
#5274=CARTESIAN_POINT('',(1.5,75.5999999999997,6.60000000000005));
#5275=CARTESIAN_POINT('',(3.35,55.3999999999997,6.60000000000005));
#5276=CARTESIAN_POINT('',(3.35,60.4999999999997,6.60000000000005));
#5277=CARTESIAN_POINT('',(1.5,55.3999999999997,6.60000000000005));
#5278=CARTESIAN_POINT('Origin',(3.,65.4999999999997,-3.60822483003176E-15));
#5279=CARTESIAN_POINT('',(3.,65.4999999999997,-1.55));
#5280=CARTESIAN_POINT('Origin',(11.,65.4999999999997,-3.60822483003176E-15));
#5281=CARTESIAN_POINT('Origin',(3.,-74.5000000000003,8.32667268468867E-16));
#5282=CARTESIAN_POINT('',(3.,-74.5000000000003,-1.55));
#5283=CARTESIAN_POINT('Origin',(11.,-74.5000000000003,8.32667268468867E-16));
#5284=CARTESIAN_POINT('Origin',(0.,-64.4000000000003,-3.5));
#5285=CARTESIAN_POINT('',(3.35,-64.4000000000003,-1.75));
#5286=CARTESIAN_POINT('Origin',(0.,-84.6000000000003,3.5));
#5287=CARTESIAN_POINT('',(3.35,-84.6000000000003,1.75));
#5288=CARTESIAN_POINT('Origin',(3.35,-74.5000000000003,5.55111512312578E-16));
#5289=CARTESIAN_POINT('Origin',(0.,75.5999999999997,-3.5));
#5290=CARTESIAN_POINT('',(3.35,75.5999999999997,-1.75));
#5291=CARTESIAN_POINT('Origin',(0.,55.3999999999997,3.5));
#5292=CARTESIAN_POINT('',(3.35,55.3999999999997,1.75));
#5293=CARTESIAN_POINT('Origin',(3.35,65.4999999999997,-3.88578058618805E-15));
#5294=CARTESIAN_POINT('Origin',(0.,-99.5000000000003,-6.99999999999997));
#5295=CARTESIAN_POINT('',(40.,-99.5000000000003,-9.99999999999997));
#5296=CARTESIAN_POINT('',(40.,-102.5,-6.99999999999997));
#5297=CARTESIAN_POINT('Origin',(40.,-99.5000000000003,-6.99999999999997));
#5298=CARTESIAN_POINT('',(0.,-102.5,-6.99999999999997));
#5299=CARTESIAN_POINT('',(0.,-99.5000000000003,-9.99999999999997));
#5300=CARTESIAN_POINT('Origin',(0.,-102.5,10.));
#5301=CARTESIAN_POINT('',(40.,-102.5,7.00000000000003));
#5302=CARTESIAN_POINT('',(40.,-102.5,10.));
#5303=CARTESIAN_POINT('',(0.,-102.5,7.00000000000003));
#5304=CARTESIAN_POINT('Origin',(0.,-99.5000000000003,7.00000000000003));
#5305=CARTESIAN_POINT('',(40.,-99.5000000000003,10.));
#5306=CARTESIAN_POINT('Origin',(40.,-99.5000000000003,7.00000000000003));
#5307=CARTESIAN_POINT('',(0.,-99.5000000000003,10.));
#5308=CARTESIAN_POINT('Origin',(0.,99.4999999999996,-6.99999999999996));
#5309=CARTESIAN_POINT('',(40.,102.5,-6.99999999999997));
#5310=CARTESIAN_POINT('',(40.,99.4999999999997,-9.99999999999996));
#5311=CARTESIAN_POINT('Origin',(40.,99.4999999999996,-6.99999999999996));
#5312=CARTESIAN_POINT('',(0.,99.4999999999996,-9.99999999999996));
#5313=CARTESIAN_POINT('',(0.,102.5,-6.99999999999997));
#5314=CARTESIAN_POINT('Origin',(0.,102.5,-9.99999999999996));
#5315=CARTESIAN_POINT('',(40.,102.5,6.9999999999999));
#5316=CARTESIAN_POINT('',(0.,102.5,6.9999999999999));
#5317=CARTESIAN_POINT('',(40.,102.5,-9.99999999999996));
#5318=CARTESIAN_POINT('Origin',(0.,99.4999999999997,6.99999999999991));
#5319=CARTESIAN_POINT('',(40.,99.4999999999997,9.99999999999991));
#5320=CARTESIAN_POINT('Origin',(40.,99.4999999999997,6.99999999999991));
#5321=CARTESIAN_POINT('',(0.,99.4999999999997,9.99999999999991));
#5322=CARTESIAN_POINT('Origin',(0.,102.5,9.99999999999991));
#5323=CARTESIAN_POINT('',(40.,102.5,9.99999999999991));
#5324=CARTESIAN_POINT('Origin',(0.,-102.5,-9.99999999999997));
#5325=CARTESIAN_POINT('',(40.,-102.5,-9.99999999999997));
#5326=CARTESIAN_POINT('Origin',(40.,-3.01980662698043E-13,3.10862446895044E-14));
#5327=UNCERTAINTY_MEASURE_WITH_UNIT(LENGTH_MEASURE(0.01),#5331,
'DISTANCE_ACCURACY_VALUE',
'Maximum model space distance between geometric entities at asserted c
onnectivities');
#5328=UNCERTAINTY_MEASURE_WITH_UNIT(LENGTH_MEASURE(0.01),#5331,
'DISTANCE_ACCURACY_VALUE',
'Maximum model space distance between geometric entities at asserted c
onnectivities');
#5329=(
GEOMETRIC_REPRESENTATION_CONTEXT(3)
GLOBAL_UNCERTAINTY_ASSIGNED_CONTEXT((#5327))
GLOBAL_UNIT_ASSIGNED_CONTEXT((#5331,#5333,#5334))
REPRESENTATION_CONTEXT('','3D')
);
#5330=(
GEOMETRIC_REPRESENTATION_CONTEXT(3)
GLOBAL_UNCERTAINTY_ASSIGNED_CONTEXT((#5328))
GLOBAL_UNIT_ASSIGNED_CONTEXT((#5331,#5333,#5334))
REPRESENTATION_CONTEXT('','3D')
);
#5331=(
LENGTH_UNIT()
NAMED_UNIT(*)
SI_UNIT(.MILLI.,.METRE.)
);
#5332=(
LENGTH_UNIT()
NAMED_UNIT(*)
SI_UNIT($,.METRE.)
);
#5333=(
NAMED_UNIT(*)
PLANE_ANGLE_UNIT()
SI_UNIT($,.RADIAN.)
);
#5334=(
NAMED_UNIT(*)
SI_UNIT($,.STERADIAN.)
SOLID_ANGLE_UNIT()
);
#5335=SHAPE_DEFINITION_REPRESENTATION(#5336,#5337);
#5336=PRODUCT_DEFINITION_SHAPE('',$,#5339);
#5337=SHAPE_REPRESENTATION('',(#3125),#5329);
#5338=PRODUCT_DEFINITION_CONTEXT('part definition',#5343,'design');
#5339=PRODUCT_DEFINITION('2026-08-29-10-50-21-837','(Unsaved)',#5340,#5338);
#5340=PRODUCT_DEFINITION_FORMATION('',$,#5345);
#5341=PRODUCT_RELATED_PRODUCT_CATEGORY('(Unsaved)','(Unsaved)',(#5345));
#5342=APPLICATION_PROTOCOL_DEFINITION('international standard',
'automotive_design',2009,#5343);
#5343=APPLICATION_CONTEXT(
'Core Data for Automotive Mechanical Design Process');
#5344=PRODUCT_CONTEXT('part definition',#5343,'mechanical');
#5345=PRODUCT('2026-08-29-10-50-21-837','(Unsaved)',$,(#5344));
#5346=PRESENTATION_STYLE_ASSIGNMENT((#5347));
#5347=SURFACE_STYLE_USAGE(.BOTH.,#5348);
#5348=SURFACE_SIDE_STYLE('',(#5349));
#5349=SURFACE_STYLE_FILL_AREA(#5350);
#5350=FILL_AREA_STYLE('Steel - Satin',(#5351));
#5351=FILL_AREA_STYLE_COLOUR('Steel - Satin',#5352);
#5352=COLOUR_RGB('Steel - Satin',0.627450980392157,0.627450980392157,0.627450980392157);
ENDSEC;
END-ISO-10303-21;
