ISO-10303-21;
HEADER;
/* Generated by software containing ST-Developer
 * from STEP Tools, Inc. (www.steptools.com) 
 */

FILE_DESCRIPTION(
/* description */ (''),
/* implementation_level */ '2;1');

FILE_NAME(
/* name */ 'counterweight-enclosure-lead_v1.0.step',
/* time_stamp */ '2026-08-29T10:49:20-05:00',
/* author */ (''),
/* organization */ (''),
/* preprocessor_version */ 'ST-DEVELOPER v20.1',
/* originating_system */ 'Autodesk Translation Framework v15.8.0.0',
/* authorisation */ '');

FILE_SCHEMA (('AUTOMOTIVE_DESIGN { 1 0 10303 214 3 1 1 }'));
ENDSEC;

DATA;
#10=MECHANICAL_DESIGN_GEOMETRIC_PRESENTATION_REPRESENTATION('',(#13),#5331);
#11=SHAPE_REPRESENTATION_RELATIONSHIP('SRR','None',#5338,#12);
#12=ADVANCED_BREP_SHAPE_REPRESENTATION('',(#14),#5330);
#13=STYLED_ITEM('',(#5347),#14);
#14=MANIFOLD_SOLID_BREP('Body1',#3111);
#15=SPHERICAL_SURFACE('',#3166,3.);
#16=SPHERICAL_SURFACE('',#3170,3.00000000000001);
#17=SPHERICAL_SURFACE('',#3174,3.00000000000001);
#18=SPHERICAL_SURFACE('',#3179,3.);
#19=SPHERICAL_SURFACE('',#3183,3.);
#20=SPHERICAL_SURFACE('',#3188,3.);
#21=B_SPLINE_CURVE_WITH_KNOTS('',3,(#4438,#4439,#4440,#4441,#4442,#4443,
#4444,#4445,#4446,#4447,#4448,#4449,#4450,#4451),.UNSPECIFIED.,.F.,.F.,
(4,2,2,2,2,2,4),(0.859489967054118,0.964350928529349,1.0754893550101,1.29776620797159,
1.52004306093308,1.63118148741383,1.73604244888906),.UNSPECIFIED.);
#22=B_SPLINE_CURVE_WITH_KNOTS('',3,(#4479,#4480,#4481,#4482,#4483,#4484,
#4485,#4486,#4487,#4488,#4489,#4490,#4491,#4492),.UNSPECIFIED.,.F.,.F.,
(4,2,2,2,2,2,4),(0.859489967054119,0.964350928529351,1.0754893550101,1.29776620797159,
1.52004306093308,1.63118148741383,1.73604244888906),.UNSPECIFIED.);
#23=B_SPLINE_CURVE_WITH_KNOTS('',3,(#4556,#4557,#4558,#4559,#4560,#4561,
#4562,#4563),.UNSPECIFIED.,.F.,.F.,(4,2,2,4),(0.859489967054119,0.964350928529351,
1.0754893550101,1.29776620797159),.UNSPECIFIED.);
#24=B_SPLINE_CURVE_WITH_KNOTS('',3,(#4569,#4570,#4571,#4572,#4573,#4574,
#4575,#4576),.UNSPECIFIED.,.F.,.F.,(4,2,2,4),(1.29776620797159,1.52004306093308,
1.63118148741383,1.73604244888906),.UNSPECIFIED.);
#25=B_SPLINE_CURVE_WITH_KNOTS('',3,(#4578,#4579,#4580,#4581,#4582,#4583,
#4584,#4585),.UNSPECIFIED.,.F.,.F.,(4,2,2,4),(0.859489967054119,0.964350928529351,
1.0754893550101,1.29776620797159),.UNSPECIFIED.);
#26=B_SPLINE_CURVE_WITH_KNOTS('',3,(#4588,#4589,#4590,#4591,#4592,#4593,
#4594,#4595),.UNSPECIFIED.,.F.,.F.,(4,2,2,4),(1.29776620797159,1.52004306093308,
1.63118148741383,1.73604244888906),.UNSPECIFIED.);
#27=B_SPLINE_CURVE_WITH_KNOTS('',3,(#4615,#4616,#4617,#4618,#4619,#4620,
#4621,#4622,#4623,#4624,#4625,#4626,#4627,#4628),.UNSPECIFIED.,.F.,.F.,
(4,2,2,2,2,2,4),(0.859489967054119,0.964350928529351,1.0754893550101,1.29776620797159,
1.52004306093308,1.63118148741383,1.73604244888906),.UNSPECIFIED.);
#28=B_SPLINE_CURVE_WITH_KNOTS('',3,(#4634,#4635,#4636,#4637,#4638,#4639,
#4640,#4641,#4642,#4643,#4644,#4645,#4646,#4647),.UNSPECIFIED.,.F.,.F.,
(4,2,2,2,2,2,4),(0.859489967054118,0.96435092852935,1.0754893550101,1.29776620797159,
1.52004306093308,1.63118148741383,1.73604244888906),.UNSPECIFIED.);
#29=B_SPLINE_CURVE_WITH_KNOTS('',3,(#4683,#4684,#4685,#4686,#4687,#4688,
#4689,#4690),.UNSPECIFIED.,.F.,.F.,(4,2,2,4),(0.85948996705412,0.964350928529351,
1.0754893550101,1.29776620797159),.UNSPECIFIED.);
#30=B_SPLINE_CURVE_WITH_KNOTS('',3,(#4698,#4699,#4700,#4701,#4702,#4703,
#4704,#4705),.UNSPECIFIED.,.F.,.F.,(4,2,2,4),(1.29776620797159,1.52004306093308,
1.63118148741383,1.73604244888906),.UNSPECIFIED.);
#31=B_SPLINE_CURVE_WITH_KNOTS('',3,(#4727,#4728,#4729,#4730,#4731,#4732,
#4733,#4734),.UNSPECIFIED.,.F.,.F.,(4,2,2,4),(0.859489967054118,0.96435092852935,
1.0754893550101,1.29776620797159),.UNSPECIFIED.);
#32=B_SPLINE_CURVE_WITH_KNOTS('',3,(#4742,#4743,#4744,#4745,#4746,#4747,
#4748,#4749),.UNSPECIFIED.,.F.,.F.,(4,2,2,4),(1.29776620797159,1.52004306093308,
1.63118148741383,1.73604244888906),.UNSPECIFIED.);
#33=CYLINDRICAL_SURFACE('',#3150,3.);
#34=CYLINDRICAL_SURFACE('',#3152,3.);
#35=CYLINDRICAL_SURFACE('',#3154,3.);
#36=CYLINDRICAL_SURFACE('',#3156,3.);
#37=CYLINDRICAL_SURFACE('',#3158,3.);
#38=CYLINDRICAL_SURFACE('',#3160,3.);
#39=CYLINDRICAL_SURFACE('',#3162,3.);
#40=CYLINDRICAL_SURFACE('',#3164,3.);
#41=CYLINDRICAL_SURFACE('',#3178,3.);
#42=CYLINDRICAL_SURFACE('',#3187,3.);
#43=CYLINDRICAL_SURFACE('',#3192,3.);
#44=CYLINDRICAL_SURFACE('',#3193,3.);
#45=CYLINDRICAL_SURFACE('',#3194,3.);
#46=CYLINDRICAL_SURFACE('',#3196,3.);
#47=CYLINDRICAL_SURFACE('',#3197,3.);
#48=CYLINDRICAL_SURFACE('',#3198,3.);
#49=CYLINDRICAL_SURFACE('',#3199,3.);
#50=CYLINDRICAL_SURFACE('',#3201,3.);
#51=CYLINDRICAL_SURFACE('',#3203,3.);
#52=CYLINDRICAL_SURFACE('',#3204,3.);
#53=CYLINDRICAL_SURFACE('',#3206,3.);
#54=CYLINDRICAL_SURFACE('',#3208,3.);
#55=CYLINDRICAL_SURFACE('',#3209,3.);
#56=CYLINDRICAL_SURFACE('',#3211,3.);
#57=CYLINDRICAL_SURFACE('',#3213,3.);
#58=CYLINDRICAL_SURFACE('',#3215,3.);
#59=CYLINDRICAL_SURFACE('',#3217,3.);
#60=CYLINDRICAL_SURFACE('',#3219,3.);
#61=CYLINDRICAL_SURFACE('',#3221,3.);
#62=CYLINDRICAL_SURFACE('',#3250,2.15);
#63=CYLINDRICAL_SURFACE('',#3261,1.1);
#64=CYLINDRICAL_SURFACE('',#3262,1.1);
#65=CYLINDRICAL_SURFACE('',#3287,1.55);
#66=CYLINDRICAL_SURFACE('',#3289,1.55);
#67=CYLINDRICAL_SURFACE('',#3298,2.15);
#68=CYLINDRICAL_SURFACE('',#3301,2.15);
#69=CYLINDRICAL_SURFACE('',#3303,2.15);
#70=CYLINDRICAL_SURFACE('',#3306,4.);
#71=CYLINDRICAL_SURFACE('',#3309,4.);
#72=CYLINDRICAL_SURFACE('',#3327,1.1);
#73=CYLINDRICAL_SURFACE('',#3329,1.1);
#74=CYLINDRICAL_SURFACE('',#3331,1.1);
#75=CYLINDRICAL_SURFACE('',#3334,1.1);
#76=CYLINDRICAL_SURFACE('',#3349,0.75);
#77=CYLINDRICAL_SURFACE('',#3351,0.75);
#78=CYLINDRICAL_SURFACE('',#3353,0.75);
#79=CYLINDRICAL_SURFACE('',#3355,0.75);
#80=CYLINDRICAL_SURFACE('',#3367,2.1);
#81=CYLINDRICAL_SURFACE('',#3369,2.1);
#82=CYLINDRICAL_SURFACE('',#3371,2.1);
#83=CYLINDRICAL_SURFACE('',#3373,2.1);
#84=CYLINDRICAL_SURFACE('',#3378,2.5);
#85=CYLINDRICAL_SURFACE('',#3383,2.5);
#86=CYLINDRICAL_SURFACE('',#3397,1.55);
#87=CYLINDRICAL_SURFACE('',#3399,1.55);
#88=CYLINDRICAL_SURFACE('',#3407,3.);
#89=CYLINDRICAL_SURFACE('',#3410,3.);
#90=CYLINDRICAL_SURFACE('',#3412,3.);
#91=CYLINDRICAL_SURFACE('',#3415,3.);
#92=FACE_BOUND('',#426,.T.);
#93=FACE_BOUND('',#483,.T.);
#94=FACE_BOUND('',#489,.T.);
#95=FACE_BOUND('',#503,.T.);
#96=FACE_BOUND('',#505,.T.);
#97=FACE_BOUND('',#511,.T.);
#98=FACE_BOUND('',#513,.T.);
#99=FACE_BOUND('',#536,.T.);
#100=FACE_BOUND('',#538,.T.);
#101=FACE_BOUND('',#544,.T.);
#102=FACE_BOUND('',#546,.T.);
#103=FACE_BOUND('',#568,.T.);
#104=FACE_BOUND('',#572,.T.);
#105=FACE_BOUND('',#582,.T.);
#106=FACE_BOUND('',#585,.T.);
#107=FACE_BOUND('',#589,.T.);
#108=FACE_BOUND('',#590,.T.);
#109=FACE_BOUND('',#591,.T.);
#110=FACE_BOUND('',#601,.T.);
#111=FACE_BOUND('',#605,.T.);
#112=FACE_BOUND('',#611,.T.);
#113=(
BOUNDED_CURVE()
B_SPLINE_CURVE(2,(#4381,#4382,#4383),.UNSPECIFIED.,.F.,.F.)
B_SPLINE_CURVE_WITH_KNOTS((3,3),(0.155551701596378,0.343924807584496),
 .UNSPECIFIED.)
CURVE()
GEOMETRIC_REPRESENTATION_ITEM()
RATIONAL_B_SPLINE_CURVE((1.4724409448819,1.73210595052012,1.92783505154643))
REPRESENTATION_ITEM('')
);
#114=(
BOUNDED_CURVE()
B_SPLINE_CURVE(2,(#4398,#4399,#4400),.UNSPECIFIED.,.F.,.F.)
B_SPLINE_CURVE_WITH_KNOTS((3,3),(1.49727045636768,1.68564356234149),
 .UNSPECIFIED.)
CURVE()
GEOMETRIC_REPRESENTATION_ITEM()
RATIONAL_B_SPLINE_CURVE((1.92783505154638,1.73210595053497,1.47244094492136))
REPRESENTATION_ITEM('')
);
#115=CONICAL_SURFACE('',#3136,3.75,0.785398163397447);
#116=CONICAL_SURFACE('',#3140,3.75,0.785398163397447);
#117=CONICAL_SURFACE('',#3222,5.,0.785398163397448);
#118=CONICAL_SURFACE('',#3232,5.,0.785398163397447);
#119=CONICAL_SURFACE('',#3241,5.,0.785398163397449);
#120=CONICAL_SURFACE('',#3307,5.,0.785398163397448);
#121=ELLIPSE('',#3130,4.24264068711928,3.);
#122=ELLIPSE('',#3151,3.08103221094348,3.);
#123=ELLIPSE('',#3153,3.08103221094348,3.);
#124=ELLIPSE('',#3155,3.24717660087718,3.);
#125=ELLIPSE('',#3157,3.24717660087706,3.);
#126=ELLIPSE('',#3159,3.01741031448825,3.);
#127=ELLIPSE('',#3161,3.01741031448823,3.);
#128=ELLIPSE('',#3163,3.24717660087717,3.);
#129=ELLIPSE('',#3165,3.24717660087717,3.);
#130=ELLIPSE('',#3195,3.24717660087718,3.);
#131=ELLIPSE('',#3200,3.24717660087718,3.);
#132=ELLIPSE('',#3202,3.24717660087717,3.);
#133=ELLIPSE('',#3207,3.24717660087718,3.);
#134=ELLIPSE('',#3210,3.01741031448823,3.);
#135=ELLIPSE('',#3212,3.01741031448826,3.);
#136=ELLIPSE('',#3214,3.24717660087706,3.);
#137=ELLIPSE('',#3216,3.24717660087718,3.);
#138=ELLIPSE('',#3218,3.08103221094348,3.);
#139=ELLIPSE('',#3220,3.08103221094348,3.);
#140=CIRCLE('',#3127,2.15);
#141=CIRCLE('',#3128,2.15);
#142=CIRCLE('',#3134,3.);
#143=CIRCLE('',#3135,3.);
#144=CIRCLE('',#3137,4.5);
#145=CIRCLE('',#3138,3.);
#146=CIRCLE('',#3141,3.);
#147=CIRCLE('',#3142,4.5);
#148=CIRCLE('',#3144,2.15);
#149=CIRCLE('',#3145,2.15);
#150=CIRCLE('',#3146,1.1);
#151=CIRCLE('',#3148,3.);
#152=CIRCLE('',#3149,3.);
#153=CIRCLE('',#3167,3.00000000000001);
#154=CIRCLE('',#3168,3.);
#155=CIRCLE('',#3169,3.);
#156=CIRCLE('',#3171,3.);
#157=CIRCLE('',#3172,3.00000000000001);
#158=CIRCLE('',#3173,3.);
#159=CIRCLE('',#3175,3.);
#160=CIRCLE('',#3176,3.00000000000001);
#161=CIRCLE('',#3177,3.);
#162=CIRCLE('',#3180,3.);
#163=CIRCLE('',#3181,3.);
#164=CIRCLE('',#3182,3.);
#165=CIRCLE('',#3184,3.00000000000001);
#166=CIRCLE('',#3185,3.);
#167=CIRCLE('',#3186,3.);
#168=CIRCLE('',#3189,3.);
#169=CIRCLE('',#3190,3.);
#170=CIRCLE('',#3191,2.99999999999999);
#171=CIRCLE('',#3205,3.);
#172=CIRCLE('',#3223,4.);
#173=CIRCLE('',#3224,6.);
#174=CIRCLE('',#3225,6.);
#175=CIRCLE('',#3228,6.);
#176=CIRCLE('',#3233,6.);
#177=CIRCLE('',#3234,4.);
#178=CIRCLE('',#3235,6.);
#179=CIRCLE('',#3242,6.);
#180=CIRCLE('',#3243,4.);
#181=CIRCLE('',#3244,6.);
#182=CIRCLE('',#3251,2.15);
#183=CIRCLE('',#3252,2.15);
#184=CIRCLE('',#3254,1.1);
#185=CIRCLE('',#3260,1.1);
#186=CIRCLE('',#3263,1.1);
#187=CIRCLE('',#3268,2.15);
#188=CIRCLE('',#3276,1.55);
#189=CIRCLE('',#3278,1.55);
#190=CIRCLE('',#3284,1.55);
#191=CIRCLE('',#3286,1.55);
#192=CIRCLE('',#3288,1.55);
#193=CIRCLE('',#3290,1.55);
#194=CIRCLE('',#3296,6.);
#195=CIRCLE('',#3299,2.15);
#196=CIRCLE('',#3302,2.15);
#197=CIRCLE('',#3304,2.15);
#198=CIRCLE('',#3308,4.);
#199=CIRCLE('',#3316,1.1);
#200=CIRCLE('',#3318,1.1);
#201=CIRCLE('',#3324,1.1);
#202=CIRCLE('',#3326,1.1);
#203=CIRCLE('',#3328,1.1);
#204=CIRCLE('',#3330,1.1);
#205=CIRCLE('',#3332,1.1);
#206=CIRCLE('',#3335,1.1);
#207=CIRCLE('',#3338,0.75);
#208=CIRCLE('',#3339,0.75);
#209=CIRCLE('',#3340,0.75);
#210=CIRCLE('',#3341,0.75);
#211=CIRCLE('',#3343,0.75);
#212=CIRCLE('',#3344,0.75);
#213=CIRCLE('',#3345,0.75);
#214=CIRCLE('',#3346,0.75);
#215=CIRCLE('',#3360,2.1);
#216=CIRCLE('',#3361,2.1);
#217=CIRCLE('',#3365,2.1);
#218=CIRCLE('',#3366,2.1);
#219=CIRCLE('',#3368,2.1);
#220=CIRCLE('',#3370,2.1);
#221=CIRCLE('',#3372,2.1);
#222=CIRCLE('',#3374,2.1);
#223=CIRCLE('',#3379,2.5);
#224=CIRCLE('',#3380,2.5);
#225=CIRCLE('',#3382,1.55);
#226=CIRCLE('',#3384,2.5);
#227=CIRCLE('',#3385,2.5);
#228=CIRCLE('',#3387,1.55);
#229=CIRCLE('',#3391,3.);
#230=CIRCLE('',#3392,3.);
#231=CIRCLE('',#3393,3.);
#232=CIRCLE('',#3394,3.);
#233=CIRCLE('',#3408,3.);
#234=CIRCLE('',#3411,3.);
#235=CIRCLE('',#3413,3.);
#236=CIRCLE('',#3416,3.);
#237=FACE_OUTER_BOUND('',#416,.T.);
#238=FACE_OUTER_BOUND('',#417,.T.);
#239=FACE_OUTER_BOUND('',#418,.T.);
#240=FACE_OUTER_BOUND('',#419,.T.);
#241=FACE_OUTER_BOUND('',#420,.T.);
#242=FACE_OUTER_BOUND('',#421,.T.);
#243=FACE_OUTER_BOUND('',#422,.T.);
#244=FACE_OUTER_BOUND('',#423,.T.);
#245=FACE_OUTER_BOUND('',#424,.T.);
#246=FACE_OUTER_BOUND('',#425,.T.);
#247=FACE_OUTER_BOUND('',#427,.T.);
#248=FACE_OUTER_BOUND('',#428,.T.);
#249=FACE_OUTER_BOUND('',#429,.T.);
#250=FACE_OUTER_BOUND('',#430,.T.);
#251=FACE_OUTER_BOUND('',#431,.T.);
#252=FACE_OUTER_BOUND('',#432,.T.);
#253=FACE_OUTER_BOUND('',#433,.T.);
#254=FACE_OUTER_BOUND('',#434,.T.);
#255=FACE_OUTER_BOUND('',#435,.T.);
#256=FACE_OUTER_BOUND('',#436,.T.);
#257=FACE_OUTER_BOUND('',#437,.T.);
#258=FACE_OUTER_BOUND('',#438,.T.);
#259=FACE_OUTER_BOUND('',#439,.T.);
#260=FACE_OUTER_BOUND('',#440,.T.);
#261=FACE_OUTER_BOUND('',#441,.T.);
#262=FACE_OUTER_BOUND('',#442,.T.);
#263=FACE_OUTER_BOUND('',#443,.T.);
#264=FACE_OUTER_BOUND('',#444,.T.);
#265=FACE_OUTER_BOUND('',#445,.T.);
#266=FACE_OUTER_BOUND('',#446,.T.);
#267=FACE_OUTER_BOUND('',#447,.T.);
#268=FACE_OUTER_BOUND('',#448,.T.);
#269=FACE_OUTER_BOUND('',#449,.T.);
#270=FACE_OUTER_BOUND('',#450,.T.);
#271=FACE_OUTER_BOUND('',#451,.T.);
#272=FACE_OUTER_BOUND('',#452,.T.);
#273=FACE_OUTER_BOUND('',#453,.T.);
#274=FACE_OUTER_BOUND('',#454,.T.);
#275=FACE_OUTER_BOUND('',#455,.T.);
#276=FACE_OUTER_BOUND('',#456,.T.);
#277=FACE_OUTER_BOUND('',#457,.T.);
#278=FACE_OUTER_BOUND('',#458,.T.);
#279=FACE_OUTER_BOUND('',#459,.T.);
#280=FACE_OUTER_BOUND('',#460,.T.);
#281=FACE_OUTER_BOUND('',#461,.T.);
#282=FACE_OUTER_BOUND('',#462,.T.);
#283=FACE_OUTER_BOUND('',#463,.T.);
#284=FACE_OUTER_BOUND('',#464,.T.);
#285=FACE_OUTER_BOUND('',#465,.T.);
#286=FACE_OUTER_BOUND('',#466,.T.);
#287=FACE_OUTER_BOUND('',#467,.T.);
#288=FACE_OUTER_BOUND('',#468,.T.);
#289=FACE_OUTER_BOUND('',#469,.T.);
#290=FACE_OUTER_BOUND('',#470,.T.);
#291=FACE_OUTER_BOUND('',#471,.T.);
#292=FACE_OUTER_BOUND('',#472,.T.);
#293=FACE_OUTER_BOUND('',#473,.T.);
#294=FACE_OUTER_BOUND('',#474,.T.);
#295=FACE_OUTER_BOUND('',#475,.T.);
#296=FACE_OUTER_BOUND('',#476,.T.);
#297=FACE_OUTER_BOUND('',#477,.T.);
#298=FACE_OUTER_BOUND('',#478,.T.);
#299=FACE_OUTER_BOUND('',#479,.T.);
#300=FACE_OUTER_BOUND('',#480,.T.);
#301=FACE_OUTER_BOUND('',#481,.T.);
#302=FACE_OUTER_BOUND('',#482,.T.);
#303=FACE_OUTER_BOUND('',#484,.T.);
#304=FACE_OUTER_BOUND('',#485,.T.);
#305=FACE_OUTER_BOUND('',#486,.T.);
#306=FACE_OUTER_BOUND('',#487,.T.);
#307=FACE_OUTER_BOUND('',#488,.T.);
#308=FACE_OUTER_BOUND('',#490,.T.);
#309=FACE_OUTER_BOUND('',#491,.T.);
#310=FACE_OUTER_BOUND('',#492,.T.);
#311=FACE_OUTER_BOUND('',#493,.T.);
#312=FACE_OUTER_BOUND('',#494,.T.);
#313=FACE_OUTER_BOUND('',#495,.T.);
#314=FACE_OUTER_BOUND('',#496,.T.);
#315=FACE_OUTER_BOUND('',#497,.T.);
#316=FACE_OUTER_BOUND('',#498,.T.);
#317=FACE_OUTER_BOUND('',#499,.T.);
#318=FACE_OUTER_BOUND('',#500,.T.);
#319=FACE_OUTER_BOUND('',#501,.T.);
#320=FACE_OUTER_BOUND('',#502,.T.);
#321=FACE_OUTER_BOUND('',#504,.T.);
#322=FACE_OUTER_BOUND('',#506,.T.);
#323=FACE_OUTER_BOUND('',#507,.T.);
#324=FACE_OUTER_BOUND('',#508,.T.);
#325=FACE_OUTER_BOUND('',#509,.T.);
#326=FACE_OUTER_BOUND('',#510,.T.);
#327=FACE_OUTER_BOUND('',#512,.T.);
#328=FACE_OUTER_BOUND('',#514,.T.);
#329=FACE_OUTER_BOUND('',#515,.T.);
#330=FACE_OUTER_BOUND('',#516,.T.);
#331=FACE_OUTER_BOUND('',#517,.T.);
#332=FACE_OUTER_BOUND('',#518,.T.);
#333=FACE_OUTER_BOUND('',#519,.T.);
#334=FACE_OUTER_BOUND('',#520,.T.);
#335=FACE_OUTER_BOUND('',#521,.T.);
#336=FACE_OUTER_BOUND('',#522,.T.);
#337=FACE_OUTER_BOUND('',#523,.T.);
#338=FACE_OUTER_BOUND('',#524,.T.);
#339=FACE_OUTER_BOUND('',#525,.T.);
#340=FACE_OUTER_BOUND('',#526,.T.);
#341=FACE_OUTER_BOUND('',#527,.T.);
#342=FACE_OUTER_BOUND('',#528,.T.);
#343=FACE_OUTER_BOUND('',#529,.T.);
#344=FACE_OUTER_BOUND('',#530,.T.);
#345=FACE_OUTER_BOUND('',#531,.T.);
#346=FACE_OUTER_BOUND('',#532,.T.);
#347=FACE_OUTER_BOUND('',#533,.T.);
#348=FACE_OUTER_BOUND('',#534,.T.);
#349=FACE_OUTER_BOUND('',#535,.T.);
#350=FACE_OUTER_BOUND('',#537,.T.);
#351=FACE_OUTER_BOUND('',#539,.T.);
#352=FACE_OUTER_BOUND('',#540,.T.);
#353=FACE_OUTER_BOUND('',#541,.T.);
#354=FACE_OUTER_BOUND('',#542,.T.);
#355=FACE_OUTER_BOUND('',#543,.T.);
#356=FACE_OUTER_BOUND('',#545,.T.);
#357=FACE_OUTER_BOUND('',#547,.T.);
#358=FACE_OUTER_BOUND('',#548,.T.);
#359=FACE_OUTER_BOUND('',#549,.T.);
#360=FACE_OUTER_BOUND('',#550,.T.);
#361=FACE_OUTER_BOUND('',#551,.T.);
#362=FACE_OUTER_BOUND('',#552,.T.);
#363=FACE_OUTER_BOUND('',#553,.T.);
#364=FACE_OUTER_BOUND('',#554,.T.);
#365=FACE_OUTER_BOUND('',#555,.T.);
#366=FACE_OUTER_BOUND('',#556,.T.);
#367=FACE_OUTER_BOUND('',#557,.T.);
#368=FACE_OUTER_BOUND('',#558,.T.);
#369=FACE_OUTER_BOUND('',#559,.T.);
#370=FACE_OUTER_BOUND('',#560,.T.);
#371=FACE_OUTER_BOUND('',#561,.T.);
#372=FACE_OUTER_BOUND('',#562,.T.);
#373=FACE_OUTER_BOUND('',#563,.T.);
#374=FACE_OUTER_BOUND('',#564,.T.);
#375=FACE_OUTER_BOUND('',#565,.T.);
#376=FACE_OUTER_BOUND('',#566,.T.);
#377=FACE_OUTER_BOUND('',#567,.T.);
#378=FACE_OUTER_BOUND('',#569,.T.);
#379=FACE_OUTER_BOUND('',#570,.T.);
#380=FACE_OUTER_BOUND('',#571,.T.);
#381=FACE_OUTER_BOUND('',#573,.T.);
#382=FACE_OUTER_BOUND('',#574,.T.);
#383=FACE_OUTER_BOUND('',#575,.T.);
#384=FACE_OUTER_BOUND('',#576,.T.);
#385=FACE_OUTER_BOUND('',#577,.T.);
#386=FACE_OUTER_BOUND('',#578,.T.);
#387=FACE_OUTER_BOUND('',#579,.T.);
#388=FACE_OUTER_BOUND('',#580,.T.);
#389=FACE_OUTER_BOUND('',#581,.T.);
#390=FACE_OUTER_BOUND('',#583,.T.);
#391=FACE_OUTER_BOUND('',#584,.T.);
#392=FACE_OUTER_BOUND('',#586,.T.);
#393=FACE_OUTER_BOUND('',#587,.T.);
#394=FACE_OUTER_BOUND('',#588,.T.);
#395=FACE_OUTER_BOUND('',#592,.T.);
#396=FACE_OUTER_BOUND('',#593,.T.);
#397=FACE_OUTER_BOUND('',#594,.T.);
#398=FACE_OUTER_BOUND('',#595,.T.);
#399=FACE_OUTER_BOUND('',#596,.T.);
#400=FACE_OUTER_BOUND('',#597,.T.);
#401=FACE_OUTER_BOUND('',#598,.T.);
#402=FACE_OUTER_BOUND('',#599,.T.);
#403=FACE_OUTER_BOUND('',#600,.T.);
#404=FACE_OUTER_BOUND('',#602,.T.);
#405=FACE_OUTER_BOUND('',#603,.T.);
#406=FACE_OUTER_BOUND('',#604,.T.);
#407=FACE_OUTER_BOUND('',#606,.T.);
#408=FACE_OUTER_BOUND('',#607,.T.);
#409=FACE_OUTER_BOUND('',#608,.T.);
#410=FACE_OUTER_BOUND('',#609,.T.);
#411=FACE_OUTER_BOUND('',#610,.T.);
#412=FACE_OUTER_BOUND('',#612,.T.);
#413=FACE_OUTER_BOUND('',#613,.T.);
#414=FACE_OUTER_BOUND('',#614,.T.);
#415=FACE_OUTER_BOUND('',#615,.T.);
#416=EDGE_LOOP('',(#1948,#1949,#1950,#1951));
#417=EDGE_LOOP('',(#1952,#1953,#1954,#1955,#1956,#1957,#1958,#1959));
#418=EDGE_LOOP('',(#1960,#1961,#1962,#1963,#1964));
#419=EDGE_LOOP('',(#1965,#1966,#1967,#1968,#1969,#1970,#1971,#1972));
#420=EDGE_LOOP('',(#1973,#1974,#1975,#1976,#1977));
#421=EDGE_LOOP('',(#1978,#1979,#1980,#1981,#1982));
#422=EDGE_LOOP('',(#1983,#1984,#1985,#1986));
#423=EDGE_LOOP('',(#1987,#1988,#1989,#1990));
#424=EDGE_LOOP('',(#1991,#1992,#1993,#1994));
#425=EDGE_LOOP('',(#1995,#1996,#1997,#1998,#1999,#2000,#2001,#2002));
#426=EDGE_LOOP('',(#2003));
#427=EDGE_LOOP('',(#2004,#2005,#2006,#2007,#2008,#2009));
#428=EDGE_LOOP('',(#2010,#2011,#2012,#2013,#2014));
#429=EDGE_LOOP('',(#2015,#2016,#2017,#2018));
#430=EDGE_LOOP('',(#2019,#2020,#2021,#2022,#2023,#2024));
#431=EDGE_LOOP('',(#2025,#2026,#2027,#2028));
#432=EDGE_LOOP('',(#2029,#2030,#2031,#2032));
#433=EDGE_LOOP('',(#2033,#2034,#2035,#2036));
#434=EDGE_LOOP('',(#2037,#2038,#2039,#2040,#2041,#2042));
#435=EDGE_LOOP('',(#2043,#2044,#2045,#2046));
#436=EDGE_LOOP('',(#2047,#2048,#2049));
#437=EDGE_LOOP('',(#2050,#2051,#2052));
#438=EDGE_LOOP('',(#2053,#2054,#2055));
#439=EDGE_LOOP('',(#2056,#2057,#2058,#2059));
#440=EDGE_LOOP('',(#2060,#2061,#2062));
#441=EDGE_LOOP('',(#2063,#2064,#2065));
#442=EDGE_LOOP('',(#2066,#2067,#2068,#2069));
#443=EDGE_LOOP('',(#2070,#2071,#2072));
#444=EDGE_LOOP('',(#2073,#2074,#2075,#2076,#2077,#2078,#2079,#2080,#2081,
#2082));
#445=EDGE_LOOP('',(#2083,#2084,#2085,#2086));
#446=EDGE_LOOP('',(#2087,#2088,#2089,#2090));
#447=EDGE_LOOP('',(#2091,#2092,#2093,#2094));
#448=EDGE_LOOP('',(#2095,#2096,#2097,#2098,#2099,#2100));
#449=EDGE_LOOP('',(#2101,#2102,#2103,#2104,#2105,#2106,#2107,#2108));
#450=EDGE_LOOP('',(#2109,#2110,#2111,#2112));
#451=EDGE_LOOP('',(#2113,#2114,#2115,#2116));
#452=EDGE_LOOP('',(#2117,#2118,#2119,#2120));
#453=EDGE_LOOP('',(#2121,#2122,#2123,#2124,#2125,#2126));
#454=EDGE_LOOP('',(#2127,#2128,#2129,#2130));
#455=EDGE_LOOP('',(#2131,#2132,#2133,#2134));
#456=EDGE_LOOP('',(#2135,#2136,#2137,#2138,#2139,#2140,#2141));
#457=EDGE_LOOP('',(#2142,#2143,#2144,#2145));
#458=EDGE_LOOP('',(#2146,#2147,#2148,#2149));
#459=EDGE_LOOP('',(#2150,#2151,#2152,#2153));
#460=EDGE_LOOP('',(#2154,#2155,#2156,#2157,#2158,#2159,#2160));
#461=EDGE_LOOP('',(#2161,#2162,#2163,#2164));
#462=EDGE_LOOP('',(#2165,#2166,#2167,#2168,#2169,#2170));
#463=EDGE_LOOP('',(#2171,#2172,#2173,#2174,#2175,#2176,#2177,#2178));
#464=EDGE_LOOP('',(#2179,#2180,#2181,#2182));
#465=EDGE_LOOP('',(#2183,#2184,#2185,#2186));
#466=EDGE_LOOP('',(#2187,#2188,#2189,#2190));
#467=EDGE_LOOP('',(#2191,#2192,#2193,#2194));
#468=EDGE_LOOP('',(#2195,#2196,#2197,#2198));
#469=EDGE_LOOP('',(#2199,#2200,#2201,#2202,#2203,#2204,#2205,#2206));
#470=EDGE_LOOP('',(#2207,#2208,#2209,#2210));
#471=EDGE_LOOP('',(#2211,#2212,#2213,#2214));
#472=EDGE_LOOP('',(#2215,#2216,#2217,#2218));
#473=EDGE_LOOP('',(#2219,#2220,#2221,#2222));
#474=EDGE_LOOP('',(#2223,#2224,#2225,#2226));
#475=EDGE_LOOP('',(#2227,#2228,#2229,#2230,#2231,#2232,#2233,#2234));
#476=EDGE_LOOP('',(#2235,#2236,#2237,#2238));
#477=EDGE_LOOP('',(#2239,#2240,#2241,#2242));
#478=EDGE_LOOP('',(#2243,#2244,#2245,#2246));
#479=EDGE_LOOP('',(#2247,#2248,#2249,#2250));
#480=EDGE_LOOP('',(#2251,#2252,#2253,#2254));
#481=EDGE_LOOP('',(#2255,#2256,#2257,#2258,#2259,#2260));
#482=EDGE_LOOP('',(#2261,#2262,#2263,#2264));
#483=EDGE_LOOP('',(#2265));
#484=EDGE_LOOP('',(#2266,#2267,#2268,#2269));
#485=EDGE_LOOP('',(#2270,#2271,#2272,#2273));
#486=EDGE_LOOP('',(#2274,#2275,#2276,#2277));
#487=EDGE_LOOP('',(#2278,#2279,#2280,#2281));
#488=EDGE_LOOP('',(#2282,#2283,#2284,#2285));
#489=EDGE_LOOP('',(#2286));
#490=EDGE_LOOP('',(#2287,#2288,#2289,#2290));
#491=EDGE_LOOP('',(#2291,#2292,#2293,#2294));
#492=EDGE_LOOP('',(#2295));
#493=EDGE_LOOP('',(#2296,#2297,#2298,#2299));
#494=EDGE_LOOP('',(#2300,#2301,#2302,#2303,#2304));
#495=EDGE_LOOP('',(#2305,#2306,#2307,#2308,#2309,#2310));
#496=EDGE_LOOP('',(#2311,#2312,#2313,#2314,#2315));
#497=EDGE_LOOP('',(#2316,#2317,#2318,#2319));
#498=EDGE_LOOP('',(#2320,#2321,#2322,#2323));
#499=EDGE_LOOP('',(#2324,#2325,#2326,#2327));
#500=EDGE_LOOP('',(#2328,#2329,#2330,#2331));
#501=EDGE_LOOP('',(#2332,#2333,#2334,#2335));
#502=EDGE_LOOP('',(#2336,#2337,#2338,#2339));
#503=EDGE_LOOP('',(#2340));
#504=EDGE_LOOP('',(#2341,#2342,#2343,#2344));
#505=EDGE_LOOP('',(#2345));
#506=EDGE_LOOP('',(#2346,#2347,#2348,#2349));
#507=EDGE_LOOP('',(#2350,#2351,#2352,#2353));
#508=EDGE_LOOP('',(#2354,#2355,#2356,#2357));
#509=EDGE_LOOP('',(#2358,#2359,#2360,#2361));
#510=EDGE_LOOP('',(#2362,#2363,#2364,#2365));
#511=EDGE_LOOP('',(#2366));
#512=EDGE_LOOP('',(#2367,#2368,#2369,#2370));
#513=EDGE_LOOP('',(#2371));
#514=EDGE_LOOP('',(#2372,#2373,#2374,#2375));
#515=EDGE_LOOP('',(#2376,#2377,#2378,#2379));
#516=EDGE_LOOP('',(#2380,#2381,#2382,#2383));
#517=EDGE_LOOP('',(#2384,#2385,#2386,#2387));
#518=EDGE_LOOP('',(#2388,#2389,#2390,#2391,#2392,#2393,#2394,#2395,#2396,
#2397,#2398,#2399,#2400,#2401,#2402,#2403));
#519=EDGE_LOOP('',(#2404,#2405,#2406,#2407));
#520=EDGE_LOOP('',(#2408,#2409,#2410,#2411));
#521=EDGE_LOOP('',(#2412,#2413,#2414,#2415));
#522=EDGE_LOOP('',(#2416,#2417,#2418,#2419,#2420,#2421));
#523=EDGE_LOOP('',(#2422,#2423,#2424,#2425,#2426,#2427,#2428,#2429,#2430,
#2431));
#524=EDGE_LOOP('',(#2432,#2433,#2434,#2435));
#525=EDGE_LOOP('',(#2436,#2437,#2438,#2439));
#526=EDGE_LOOP('',(#2440,#2441,#2442,#2443,#2444,#2445,#2446,#2447,#2448,
#2449));
#527=EDGE_LOOP('',(#2450,#2451,#2452,#2453));
#528=EDGE_LOOP('',(#2454,#2455,#2456,#2457,#2458,#2459,#2460,#2461));
#529=EDGE_LOOP('',(#2462,#2463,#2464,#2465));
#530=EDGE_LOOP('',(#2466,#2467,#2468,#2469,#2470,#2471,#2472,#2473,#2474,
#2475,#2476,#2477,#2478,#2479));
#531=EDGE_LOOP('',(#2480,#2481,#2482,#2483));
#532=EDGE_LOOP('',(#2484,#2485,#2486,#2487));
#533=EDGE_LOOP('',(#2488,#2489,#2490,#2491));
#534=EDGE_LOOP('',(#2492,#2493,#2494,#2495));
#535=EDGE_LOOP('',(#2496,#2497,#2498,#2499));
#536=EDGE_LOOP('',(#2500));
#537=EDGE_LOOP('',(#2501,#2502,#2503,#2504));
#538=EDGE_LOOP('',(#2505));
#539=EDGE_LOOP('',(#2506,#2507,#2508,#2509));
#540=EDGE_LOOP('',(#2510,#2511,#2512,#2513));
#541=EDGE_LOOP('',(#2514,#2515,#2516,#2517));
#542=EDGE_LOOP('',(#2518,#2519,#2520,#2521));
#543=EDGE_LOOP('',(#2522,#2523,#2524,#2525));
#544=EDGE_LOOP('',(#2526));
#545=EDGE_LOOP('',(#2527,#2528,#2529,#2530));
#546=EDGE_LOOP('',(#2531));
#547=EDGE_LOOP('',(#2532,#2533,#2534,#2535));
#548=EDGE_LOOP('',(#2536,#2537,#2538,#2539));
#549=EDGE_LOOP('',(#2540,#2541,#2542,#2543));
#550=EDGE_LOOP('',(#2544));
#551=EDGE_LOOP('',(#2545,#2546,#2547,#2548));
#552=EDGE_LOOP('',(#2549));
#553=EDGE_LOOP('',(#2550,#2551,#2552,#2553,#2554,#2555,#2556,#2557,#2558,
#2559,#2560,#2561,#2562,#2563,#2564,#2565,#2566,#2567,#2568,#2569));
#554=EDGE_LOOP('',(#2570,#2571,#2572,#2573,#2574,#2575,#2576,#2577,#2578,
#2579,#2580,#2581,#2582,#2583,#2584,#2585,#2586,#2587,#2588,#2589));
#555=EDGE_LOOP('',(#2590,#2591,#2592,#2593));
#556=EDGE_LOOP('',(#2594,#2595,#2596,#2597));
#557=EDGE_LOOP('',(#2598,#2599,#2600,#2601));
#558=EDGE_LOOP('',(#2602,#2603,#2604,#2605));
#559=EDGE_LOOP('',(#2606,#2607,#2608,#2609));
#560=EDGE_LOOP('',(#2610,#2611,#2612,#2613));
#561=EDGE_LOOP('',(#2614,#2615,#2616,#2617));
#562=EDGE_LOOP('',(#2618,#2619,#2620,#2621));
#563=EDGE_LOOP('',(#2622,#2623,#2624,#2625));
#564=EDGE_LOOP('',(#2626,#2627,#2628,#2629));
#565=EDGE_LOOP('',(#2630,#2631,#2632,#2633));
#566=EDGE_LOOP('',(#2634,#2635,#2636,#2637));
#567=EDGE_LOOP('',(#2638,#2639,#2640,#2641,#2642,#2643));
#568=EDGE_LOOP('',(#2644));
#569=EDGE_LOOP('',(#2645,#2646,#2647,#2648));
#570=EDGE_LOOP('',(#2649,#2650,#2651,#2652));
#571=EDGE_LOOP('',(#2653,#2654,#2655,#2656,#2657,#2658));
#572=EDGE_LOOP('',(#2659));
#573=EDGE_LOOP('',(#2660,#2661,#2662,#2663));
#574=EDGE_LOOP('',(#2664,#2665,#2666,#2667));
#575=EDGE_LOOP('',(#2668,#2669,#2670,#2671));
#576=EDGE_LOOP('',(#2672,#2673,#2674,#2675));
#577=EDGE_LOOP('',(#2676,#2677,#2678,#2679));
#578=EDGE_LOOP('',(#2680,#2681,#2682,#2683));
#579=EDGE_LOOP('',(#2684,#2685,#2686,#2687));
#580=EDGE_LOOP('',(#2688,#2689,#2690,#2691));
#581=EDGE_LOOP('',(#2692));
#582=EDGE_LOOP('',(#2693));
#583=EDGE_LOOP('',(#2694,#2695,#2696,#2697));
#584=EDGE_LOOP('',(#2698));
#585=EDGE_LOOP('',(#2699));
#586=EDGE_LOOP('',(#2700,#2701,#2702,#2703));
#587=EDGE_LOOP('',(#2704,#2705,#2706,#2707));
#588=EDGE_LOOP('',(#2708,#2709,#2710,#2711,#2712,#2713,#2714,#2715));
#589=EDGE_LOOP('',(#2716,#2717,#2718,#2719,#2720,#2721,#2722,#2723));
#590=EDGE_LOOP('',(#2724,#2725,#2726,#2727));
#591=EDGE_LOOP('',(#2728,#2729,#2730,#2731));
#592=EDGE_LOOP('',(#2732,#2733,#2734,#2735));
#593=EDGE_LOOP('',(#2736,#2737,#2738,#2739));
#594=EDGE_LOOP('',(#2740,#2741,#2742,#2743));
#595=EDGE_LOOP('',(#2744));
#596=EDGE_LOOP('',(#2745,#2746,#2747,#2748));
#597=EDGE_LOOP('',(#2749));
#598=EDGE_LOOP('',(#2750,#2751,#2752,#2753));
#599=EDGE_LOOP('',(#2754,#2755,#2756,#2757));
#600=EDGE_LOOP('',(#2758,#2759,#2760,#2761));
#601=EDGE_LOOP('',(#2762));
#602=EDGE_LOOP('',(#2763,#2764,#2765,#2766));
#603=EDGE_LOOP('',(#2767,#2768,#2769,#2770));
#604=EDGE_LOOP('',(#2771,#2772,#2773,#2774));
#605=EDGE_LOOP('',(#2775));
#606=EDGE_LOOP('',(#2776,#2777,#2778,#2779));
#607=EDGE_LOOP('',(#2780,#2781,#2782,#2783));
#608=EDGE_LOOP('',(#2784,#2785,#2786,#2787));
#609=EDGE_LOOP('',(#2788,#2789,#2790,#2791));
#610=EDGE_LOOP('',(#2792,#2793,#2794,#2795));
#611=EDGE_LOOP('',(#2796,#2797,#2798,#2799,#2800,#2801,#2802,#2803));
#612=EDGE_LOOP('',(#2804,#2805,#2806,#2807));
#613=EDGE_LOOP('',(#2808,#2809,#2810,#2811));
#614=EDGE_LOOP('',(#2812,#2813,#2814,#2815));
#615=EDGE_LOOP('',(#2816,#2817,#2818,#2819,#2820,#2821,#2822,#2823));
#616=LINE('',#4324,#924);
#617=LINE('',#4326,#925);
#618=LINE('',#4328,#926);
#619=LINE('',#4329,#927);
#620=LINE('',#4332,#928);
#621=LINE('',#4336,#929);
#622=LINE('',#4338,#930);
#623=LINE('',#4340,#931);
#624=LINE('',#4343,#932);
#625=LINE('',#4347,#933);
#626=LINE('',#4349,#934);
#627=LINE('',#4351,#935);
#628=LINE('',#4354,#936);
#629=LINE('',#4357,#937);
#630=LINE('',#4359,#938);
#631=LINE('',#4360,#939);
#632=LINE('',#4362,#940);
#633=LINE('',#4364,#941);
#634=LINE('',#4365,#942);
#635=LINE('',#4368,#943);
#636=LINE('',#4370,#944);
#637=LINE('',#4371,#945);
#638=LINE('',#4376,#946);
#639=LINE('',#4387,#947);
#640=LINE('',#4391,#948);
#641=LINE('',#4393,#949);
#642=LINE('',#4394,#950);
#643=LINE('',#4405,#951);
#644=LINE('',#4409,#952);
#645=LINE('',#4412,#953);
#646=LINE('',#4419,#954);
#647=LINE('',#4422,#955);
#648=LINE('',#4425,#956);
#649=LINE('',#4428,#957);
#650=LINE('',#4431,#958);
#651=LINE('',#4434,#959);
#652=LINE('',#4452,#960);
#653=LINE('',#4454,#961);
#654=LINE('',#4457,#962);
#655=LINE('',#4460,#963);
#656=LINE('',#4463,#964);
#657=LINE('',#4466,#965);
#658=LINE('',#4469,#966);
#659=LINE('',#4472,#967);
#660=LINE('',#4475,#968);
#661=LINE('',#4493,#969);
#662=LINE('',#4495,#970);
#663=LINE('',#4498,#971);
#664=LINE('',#4501,#972);
#665=LINE('',#4504,#973);
#666=LINE('',#4527,#974);
#667=LINE('',#4528,#975);
#668=LINE('',#4544,#976);
#669=LINE('',#4545,#977);
#670=LINE('',#4564,#978);
#671=LINE('',#4565,#979);
#672=LINE('',#4567,#980);
#673=LINE('',#4587,#981);
#674=LINE('',#4597,#982);
#675=LINE('',#4598,#983);
#676=LINE('',#4601,#984);
#677=LINE('',#4603,#985);
#678=LINE('',#4606,#986);
#679=LINE('',#4607,#987);
#680=LINE('',#4609,#988);
#681=LINE('',#4610,#989);
#682=LINE('',#4611,#990);
#683=LINE('',#4629,#991);
#684=LINE('',#4630,#992);
#685=LINE('',#4632,#993);
#686=LINE('',#4648,#994);
#687=LINE('',#4651,#995);
#688=LINE('',#4653,#996);
#689=LINE('',#4657,#997);
#690=LINE('',#4659,#998);
#691=LINE('',#4662,#999);
#692=LINE('',#4663,#1000);
#693=LINE('',#4665,#1001);
#694=LINE('',#4667,#1002);
#695=LINE('',#4670,#1003);
#696=LINE('',#4673,#1004);
#697=LINE('',#4675,#1005);
#698=LINE('',#4678,#1006);
#699=LINE('',#4679,#1007);
#700=LINE('',#4691,#1008);
#701=LINE('',#4693,#1009);
#702=LINE('',#4697,#1010);
#703=LINE('',#4708,#1011);
#704=LINE('',#4710,#1012);
#705=LINE('',#4714,#1013);
#706=LINE('',#4716,#1014);
#707=LINE('',#4720,#1015);
#708=LINE('',#4722,#1016);
#709=LINE('',#4735,#1017);
#710=LINE('',#4737,#1018);
#711=LINE('',#4741,#1019);
#712=LINE('',#4752,#1020);
#713=LINE('',#4754,#1021);
#714=LINE('',#4757,#1022);
#715=LINE('',#4758,#1023);
#716=LINE('',#4761,#1024);
#717=LINE('',#4769,#1025);
#718=LINE('',#4770,#1026);
#719=LINE('',#4772,#1027);
#720=LINE('',#4774,#1028);
#721=LINE('',#4778,#1029);
#722=LINE('',#4783,#1030);
#723=LINE('',#4785,#1031);
#724=LINE('',#4787,#1032);
#725=LINE('',#4789,#1033);
#726=LINE('',#4793,#1034);
#727=LINE('',#4798,#1035);
#728=LINE('',#4800,#1036);
#729=LINE('',#4807,#1037);
#730=LINE('',#4809,#1038);
#731=LINE('',#4812,#1039);
#732=LINE('',#4816,#1040);
#733=LINE('',#4818,#1041);
#734=LINE('',#4820,#1042);
#735=LINE('',#4821,#1043);
#736=LINE('',#4826,#1044);
#737=LINE('',#4828,#1045);
#738=LINE('',#4829,#1046);
#739=LINE('',#4832,#1047);
#740=LINE('',#4833,#1048);
#741=LINE('',#4836,#1049);
#742=LINE('',#4837,#1050);
#743=LINE('',#4839,#1051);
#744=LINE('',#4844,#1052);
#745=LINE('',#4847,#1053);
#746=LINE('',#4853,#1054);
#747=LINE('',#4855,#1055);
#748=LINE('',#4857,#1056);
#749=LINE('',#4858,#1057);
#750=LINE('',#4860,#1058);
#751=LINE('',#4861,#1059);
#752=LINE('',#4864,#1060);
#753=LINE('',#4867,#1061);
#754=LINE('',#4869,#1062);
#755=LINE('',#4870,#1063);
#756=LINE('',#4875,#1064);
#757=LINE('',#4877,#1065);
#758=LINE('',#4879,#1066);
#759=LINE('',#4880,#1067);
#760=LINE('',#4883,#1068);
#761=LINE('',#4885,#1069);
#762=LINE('',#4886,#1070);
#763=LINE('',#4889,#1071);
#764=LINE('',#4891,#1072);
#765=LINE('',#4892,#1073);
#766=LINE('',#4894,#1074);
#767=LINE('',#4895,#1075);
#768=LINE('',#4905,#1076);
#769=LINE('',#4907,#1077);
#770=LINE('',#4909,#1078);
#771=LINE('',#4910,#1079);
#772=LINE('',#4913,#1080);
#773=LINE('',#4915,#1081);
#774=LINE('',#4916,#1082);
#775=LINE('',#4919,#1083);
#776=LINE('',#4921,#1084);
#777=LINE('',#4922,#1085);
#778=LINE('',#4924,#1086);
#779=LINE('',#4925,#1087);
#780=LINE('',#4934,#1088);
#781=LINE('',#4938,#1089);
#782=LINE('',#4941,#1090);
#783=LINE('',#4946,#1091);
#784=LINE('',#4948,#1092);
#785=LINE('',#4949,#1093);
#786=LINE('',#4954,#1094);
#787=LINE('',#4955,#1095);
#788=LINE('',#4959,#1096);
#789=LINE('',#4962,#1097);
#790=LINE('',#4963,#1098);
#791=LINE('',#4969,#1099);
#792=LINE('',#4971,#1100);
#793=LINE('',#4973,#1101);
#794=LINE('',#4976,#1102);
#795=LINE('',#4979,#1103);
#796=LINE('',#4984,#1104);
#797=LINE('',#4986,#1105);
#798=LINE('',#4988,#1106);
#799=LINE('',#4989,#1107);
#800=LINE('',#4992,#1108);
#801=LINE('',#4994,#1109);
#802=LINE('',#4995,#1110);
#803=LINE('',#4998,#1111);
#804=LINE('',#5000,#1112);
#805=LINE('',#5001,#1113);
#806=LINE('',#5003,#1114);
#807=LINE('',#5004,#1115);
#808=LINE('',#5014,#1116);
#809=LINE('',#5016,#1117);
#810=LINE('',#5018,#1118);
#811=LINE('',#5019,#1119);
#812=LINE('',#5022,#1120);
#813=LINE('',#5024,#1121);
#814=LINE('',#5025,#1122);
#815=LINE('',#5028,#1123);
#816=LINE('',#5030,#1124);
#817=LINE('',#5031,#1125);
#818=LINE('',#5033,#1126);
#819=LINE('',#5034,#1127);
#820=LINE('',#5043,#1128);
#821=LINE('',#5047,#1129);
#822=LINE('',#5052,#1130);
#823=LINE('',#5057,#1131);
#824=LINE('',#5064,#1132);
#825=LINE('',#5066,#1133);
#826=LINE('',#5068,#1134);
#827=LINE('',#5072,#1135);
#828=LINE('',#5074,#1136);
#829=LINE('',#5076,#1137);
#830=LINE('',#5080,#1138);
#831=LINE('',#5082,#1139);
#832=LINE('',#5084,#1140);
#833=LINE('',#5088,#1141);
#834=LINE('',#5090,#1142);
#835=LINE('',#5092,#1143);
#836=LINE('',#5094,#1144);
#837=LINE('',#5096,#1145);
#838=LINE('',#5098,#1146);
#839=LINE('',#5099,#1147);
#840=LINE('',#5105,#1148);
#841=LINE('',#5107,#1149);
#842=LINE('',#5109,#1150);
#843=LINE('',#5111,#1151);
#844=LINE('',#5113,#1152);
#845=LINE('',#5115,#1153);
#846=LINE('',#5117,#1154);
#847=LINE('',#5121,#1155);
#848=LINE('',#5123,#1156);
#849=LINE('',#5125,#1157);
#850=LINE('',#5129,#1158);
#851=LINE('',#5131,#1159);
#852=LINE('',#5133,#1160);
#853=LINE('',#5137,#1161);
#854=LINE('',#5139,#1162);
#855=LINE('',#5140,#1163);
#856=LINE('',#5142,#1164);
#857=LINE('',#5143,#1165);
#858=LINE('',#5145,#1166);
#859=LINE('',#5146,#1167);
#860=LINE('',#5148,#1168);
#861=LINE('',#5149,#1169);
#862=LINE('',#5151,#1170);
#863=LINE('',#5153,#1171);
#864=LINE('',#5155,#1172);
#865=LINE('',#5157,#1173);
#866=LINE('',#5159,#1174);
#867=LINE('',#5161,#1175);
#868=LINE('',#5162,#1176);
#869=LINE('',#5164,#1177);
#870=LINE('',#5166,#1178);
#871=LINE('',#5168,#1179);
#872=LINE('',#5173,#1180);
#873=LINE('',#5181,#1181);
#874=LINE('',#5186,#1182);
#875=LINE('',#5189,#1183);
#876=LINE('',#5194,#1184);
#877=LINE('',#5197,#1185);
#878=LINE('',#5200,#1186);
#879=LINE('',#5202,#1187);
#880=LINE('',#5208,#1188);
#881=LINE('',#5217,#1189);
#882=LINE('',#5225,#1190);
#883=LINE('',#5227,#1191);
#884=LINE('',#5229,#1192);
#885=LINE('',#5230,#1193);
#886=LINE('',#5234,#1194);
#887=LINE('',#5236,#1195);
#888=LINE('',#5238,#1196);
#889=LINE('',#5239,#1197);
#890=LINE('',#5245,#1198);
#891=LINE('',#5249,#1199);
#892=LINE('',#5253,#1200);
#893=LINE('',#5256,#1201);
#894=LINE('',#5259,#1202);
#895=LINE('',#5261,#1203);
#896=LINE('',#5263,#1204);
#897=LINE('',#5264,#1205);
#898=LINE('',#5265,#1206);
#899=LINE('',#5266,#1207);
#900=LINE('',#5269,#1208);
#901=LINE('',#5271,#1209);
#902=LINE('',#5272,#1210);
#903=LINE('',#5275,#1211);
#904=LINE('',#5277,#1212);
#905=LINE('',#5278,#1213);
#906=LINE('',#5280,#1214);
#907=LINE('',#5283,#1215);
#908=LINE('',#5286,#1216);
#909=LINE('',#5288,#1217);
#910=LINE('',#5291,#1218);
#911=LINE('',#5293,#1219);
#912=LINE('',#5299,#1220);
#913=LINE('',#5300,#1221);
#914=LINE('',#5303,#1222);
#915=LINE('',#5304,#1223);
#916=LINE('',#5308,#1224);
#917=LINE('',#5313,#1225);
#918=LINE('',#5314,#1226);
#919=LINE('',#5317,#1227);
#920=LINE('',#5318,#1228);
#921=LINE('',#5322,#1229);
#922=LINE('',#5324,#1230);
#923=LINE('',#5326,#1231);
#924=VECTOR('',#3424,10.);
#925=VECTOR('',#3425,10.);
#926=VECTOR('',#3426,10.);
#927=VECTOR('',#3427,10.);
#928=VECTOR('',#3430,10.);
#929=VECTOR('',#3433,10.);
#930=VECTOR('',#3434,10.);
#931=VECTOR('',#3435,10.);
#932=VECTOR('',#3438,10.);
#933=VECTOR('',#3441,10.);
#934=VECTOR('',#3442,10.);
#935=VECTOR('',#3443,10.);
#936=VECTOR('',#3446,10.);
#937=VECTOR('',#3449,10.);
#938=VECTOR('',#3450,10.);
#939=VECTOR('',#3451,10.);
#940=VECTOR('',#3452,10.);
#941=VECTOR('',#3453,10.);
#942=VECTOR('',#3454,10.);
#943=VECTOR('',#3457,10.);
#944=VECTOR('',#3458,10.);
#945=VECTOR('',#3459,10.);
#946=VECTOR('',#3464,10.);
#947=VECTOR('',#3471,10.);
#948=VECTOR('',#3476,10.);
#949=VECTOR('',#3477,10.);
#950=VECTOR('',#3478,10.);
#951=VECTOR('',#3487,10.);
#952=VECTOR('',#3490,10.);
#953=VECTOR('',#3493,10.);
#954=VECTOR('',#3500,10.);
#955=VECTOR('',#3503,10.);
#956=VECTOR('',#3506,10.);
#957=VECTOR('',#3509,10.);
#958=VECTOR('',#3512,10.);
#959=VECTOR('',#3515,10.);
#960=VECTOR('',#3518,10.);
#961=VECTOR('',#3519,10.);
#962=VECTOR('',#3522,10.);
#963=VECTOR('',#3525,10.);
#964=VECTOR('',#3528,10.);
#965=VECTOR('',#3531,10.);
#966=VECTOR('',#3534,10.);
#967=VECTOR('',#3537,10.);
#968=VECTOR('',#3540,10.);
#969=VECTOR('',#3543,10.);
#970=VECTOR('',#3544,10.);
#971=VECTOR('',#3547,10.);
#972=VECTOR('',#3550,10.);
#973=VECTOR('',#3553,10.);
#974=VECTOR('',#3580,10.);
#975=VECTOR('',#3581,10.);
#976=VECTOR('',#3600,10.);
#977=VECTOR('',#3601,10.);
#978=VECTOR('',#3612,10.);
#979=VECTOR('',#3613,10.);
#980=VECTOR('',#3614,10.);
#981=VECTOR('',#3615,10.);
#982=VECTOR('',#3618,10.);
#983=VECTOR('',#3619,10.);
#984=VECTOR('',#3622,10.);
#985=VECTOR('',#3623,10.);
#986=VECTOR('',#3628,10.);
#987=VECTOR('',#3629,10.);
#988=VECTOR('',#3632,10.);
#989=VECTOR('',#3633,10.);
#990=VECTOR('',#3634,10.);
#991=VECTOR('',#3637,10.);
#992=VECTOR('',#3638,10.);
#993=VECTOR('',#3639,10.);
#994=VECTOR('',#3640,10.);
#995=VECTOR('',#3643,10.);
#996=VECTOR('',#3644,10.);
#997=VECTOR('',#3649,10.);
#998=VECTOR('',#3650,10.);
#999=VECTOR('',#3655,10.);
#1000=VECTOR('',#3656,10.);
#1001=VECTOR('',#3659,10.);
#1002=VECTOR('',#3660,10.);
#1003=VECTOR('',#3663,10.);
#1004=VECTOR('',#3666,10.);
#1005=VECTOR('',#3667,10.);
#1006=VECTOR('',#3672,10.);
#1007=VECTOR('',#3673,10.);
#1008=VECTOR('',#3676,10.);
#1009=VECTOR('',#3677,10.);
#1010=VECTOR('',#3680,10.);
#1011=VECTOR('',#3683,10.);
#1012=VECTOR('',#3684,10.);
#1013=VECTOR('',#3689,10.);
#1014=VECTOR('',#3690,10.);
#1015=VECTOR('',#3695,10.);
#1016=VECTOR('',#3696,10.);
#1017=VECTOR('',#3701,10.);
#1018=VECTOR('',#3702,10.);
#1019=VECTOR('',#3705,10.);
#1020=VECTOR('',#3708,10.);
#1021=VECTOR('',#3709,10.);
#1022=VECTOR('',#3714,10.);
#1023=VECTOR('',#3715,10.);
#1024=VECTOR('',#3718,5.);
#1025=VECTOR('',#3733,10.);
#1026=VECTOR('',#3734,10.);
#1027=VECTOR('',#3737,10.);
#1028=VECTOR('',#3740,10.);
#1029=VECTOR('',#3745,5.);
#1030=VECTOR('',#3754,10.);
#1031=VECTOR('',#3757,10.);
#1032=VECTOR('',#3760,10.);
#1033=VECTOR('',#3763,10.);
#1034=VECTOR('',#3768,5.);
#1035=VECTOR('',#3777,10.);
#1036=VECTOR('',#3780,10.);
#1037=VECTOR('',#3789,10.);
#1038=VECTOR('',#3790,10.);
#1039=VECTOR('',#3793,10.);
#1040=VECTOR('',#3796,10.);
#1041=VECTOR('',#3797,10.);
#1042=VECTOR('',#3798,10.);
#1043=VECTOR('',#3799,10.);
#1044=VECTOR('',#3804,10.);
#1045=VECTOR('',#3805,10.);
#1046=VECTOR('',#3806,10.);
#1047=VECTOR('',#3809,10.);
#1048=VECTOR('',#3810,10.);
#1049=VECTOR('',#3813,10.);
#1050=VECTOR('',#3814,10.);
#1051=VECTOR('',#3817,10.);
#1052=VECTOR('',#3824,1.1);
#1053=VECTOR('',#3827,1.1);
#1054=VECTOR('',#3834,10.);
#1055=VECTOR('',#3835,10.);
#1056=VECTOR('',#3836,10.);
#1057=VECTOR('',#3837,10.);
#1058=VECTOR('',#3840,10.);
#1059=VECTOR('',#3841,10.);
#1060=VECTOR('',#3844,10.);
#1061=VECTOR('',#3847,10.);
#1062=VECTOR('',#3850,10.);
#1063=VECTOR('',#3851,10.);
#1064=VECTOR('',#3856,10.);
#1065=VECTOR('',#3857,10.);
#1066=VECTOR('',#3858,10.);
#1067=VECTOR('',#3859,10.);
#1068=VECTOR('',#3862,10.);
#1069=VECTOR('',#3863,10.);
#1070=VECTOR('',#3864,10.);
#1071=VECTOR('',#3867,10.);
#1072=VECTOR('',#3868,10.);
#1073=VECTOR('',#3869,10.);
#1074=VECTOR('',#3872,10.);
#1075=VECTOR('',#3873,10.);
#1076=VECTOR('',#3884,10.);
#1077=VECTOR('',#3885,10.);
#1078=VECTOR('',#3886,10.);
#1079=VECTOR('',#3887,10.);
#1080=VECTOR('',#3890,10.);
#1081=VECTOR('',#3891,10.);
#1082=VECTOR('',#3892,10.);
#1083=VECTOR('',#3895,10.);
#1084=VECTOR('',#3896,10.);
#1085=VECTOR('',#3897,10.);
#1086=VECTOR('',#3900,10.);
#1087=VECTOR('',#3901,10.);
#1088=VECTOR('',#3912,1.4);
#1089=VECTOR('',#3917,1.4);
#1090=VECTOR('',#3922,10.);
#1091=VECTOR('',#3929,10.);
#1092=VECTOR('',#3930,10.);
#1093=VECTOR('',#3931,10.);
#1094=VECTOR('',#3938,10.);
#1095=VECTOR('',#3939,10.);
#1096=VECTOR('',#3944,10.);
#1097=VECTOR('',#3947,10.);
#1098=VECTOR('',#3948,10.);
#1099=VECTOR('',#3957,10.);
#1100=VECTOR('',#3960,10.);
#1101=VECTOR('',#3963,4.);
#1102=VECTOR('',#3966,5.);
#1103=VECTOR('',#3971,4.);
#1104=VECTOR('',#3976,10.);
#1105=VECTOR('',#3977,10.);
#1106=VECTOR('',#3978,10.);
#1107=VECTOR('',#3979,10.);
#1108=VECTOR('',#3982,10.);
#1109=VECTOR('',#3983,10.);
#1110=VECTOR('',#3984,10.);
#1111=VECTOR('',#3987,10.);
#1112=VECTOR('',#3988,10.);
#1113=VECTOR('',#3989,10.);
#1114=VECTOR('',#3992,10.);
#1115=VECTOR('',#3993,10.);
#1116=VECTOR('',#4004,10.);
#1117=VECTOR('',#4005,10.);
#1118=VECTOR('',#4006,10.);
#1119=VECTOR('',#4007,10.);
#1120=VECTOR('',#4010,10.);
#1121=VECTOR('',#4011,10.);
#1122=VECTOR('',#4012,10.);
#1123=VECTOR('',#4015,10.);
#1124=VECTOR('',#4016,10.);
#1125=VECTOR('',#4017,10.);
#1126=VECTOR('',#4020,10.);
#1127=VECTOR('',#4021,10.);
#1128=VECTOR('',#4032,1.1);
#1129=VECTOR('',#4037,1.1);
#1130=VECTOR('',#4044,1.1);
#1131=VECTOR('',#4051,1.1);
#1132=VECTOR('',#4058,10.);
#1133=VECTOR('',#4059,10.);
#1134=VECTOR('',#4060,10.);
#1135=VECTOR('',#4063,10.);
#1136=VECTOR('',#4064,10.);
#1137=VECTOR('',#4065,10.);
#1138=VECTOR('',#4068,10.);
#1139=VECTOR('',#4069,10.);
#1140=VECTOR('',#4070,10.);
#1141=VECTOR('',#4073,10.);
#1142=VECTOR('',#4074,10.);
#1143=VECTOR('',#4075,10.);
#1144=VECTOR('',#4076,10.);
#1145=VECTOR('',#4077,10.);
#1146=VECTOR('',#4078,10.);
#1147=VECTOR('',#4079,10.);
#1148=VECTOR('',#4084,10.);
#1149=VECTOR('',#4085,10.);
#1150=VECTOR('',#4086,10.);
#1151=VECTOR('',#4087,10.);
#1152=VECTOR('',#4088,10.);
#1153=VECTOR('',#4089,10.);
#1154=VECTOR('',#4090,10.);
#1155=VECTOR('',#4093,10.);
#1156=VECTOR('',#4094,10.);
#1157=VECTOR('',#4095,10.);
#1158=VECTOR('',#4098,10.);
#1159=VECTOR('',#4099,10.);
#1160=VECTOR('',#4100,10.);
#1161=VECTOR('',#4103,10.);
#1162=VECTOR('',#4104,10.);
#1163=VECTOR('',#4105,10.);
#1164=VECTOR('',#4108,10.);
#1165=VECTOR('',#4109,10.);
#1166=VECTOR('',#4112,10.);
#1167=VECTOR('',#4113,10.);
#1168=VECTOR('',#4116,10.);
#1169=VECTOR('',#4117,10.);
#1170=VECTOR('',#4120,10.);
#1171=VECTOR('',#4123,10.);
#1172=VECTOR('',#4126,10.);
#1173=VECTOR('',#4129,10.);
#1174=VECTOR('',#4132,10.);
#1175=VECTOR('',#4135,10.);
#1176=VECTOR('',#4136,10.);
#1177=VECTOR('',#4139,10.);
#1178=VECTOR('',#4142,10.);
#1179=VECTOR('',#4145,10.);
#1180=VECTOR('',#4150,10.);
#1181=VECTOR('',#4161,10.);
#1182=VECTOR('',#4168,10.);
#1183=VECTOR('',#4171,10.);
#1184=VECTOR('',#4178,10.);
#1185=VECTOR('',#4181,10.);
#1186=VECTOR('',#4186,10.);
#1187=VECTOR('',#4189,10.);
#1188=VECTOR('',#4196,2.5);
#1189=VECTOR('',#4207,2.5);
#1190=VECTOR('',#4216,10.);
#1191=VECTOR('',#4217,10.);
#1192=VECTOR('',#4218,10.);
#1193=VECTOR('',#4219,10.);
#1194=VECTOR('',#4222,10.);
#1195=VECTOR('',#4223,10.);
#1196=VECTOR('',#4224,10.);
#1197=VECTOR('',#4225,10.);
#1198=VECTOR('',#4230,10.);
#1199=VECTOR('',#4233,10.);
#1200=VECTOR('',#4236,10.);
#1201=VECTOR('',#4239,10.);
#1202=VECTOR('',#4240,10.);
#1203=VECTOR('',#4241,10.);
#1204=VECTOR('',#4242,10.);
#1205=VECTOR('',#4243,10.);
#1206=VECTOR('',#4244,10.);
#1207=VECTOR('',#4245,10.);
#1208=VECTOR('',#4248,10.);
#1209=VECTOR('',#4249,10.);
#1210=VECTOR('',#4250,10.);
#1211=VECTOR('',#4253,10.);
#1212=VECTOR('',#4254,10.);
#1213=VECTOR('',#4255,10.);
#1214=VECTOR('',#4258,1.4);
#1215=VECTOR('',#4263,1.4);
#1216=VECTOR('',#4268,10.);
#1217=VECTOR('',#4271,10.);
#1218=VECTOR('',#4276,10.);
#1219=VECTOR('',#4279,10.);
#1220=VECTOR('',#4286,10.);
#1221=VECTOR('',#4287,10.);
#1222=VECTOR('',#4290,10.);
#1223=VECTOR('',#4291,10.);
#1224=VECTOR('',#4296,10.);
#1225=VECTOR('',#4301,10.);
#1226=VECTOR('',#4302,10.);
#1227=VECTOR('',#4305,10.);
#1228=VECTOR('',#4306,10.);
#1229=VECTOR('',#4311,10.);
#1230=VECTOR('',#4314,10.);
#1231=VECTOR('',#4317,10.);
#1232=VERTEX_POINT('',#4322);
#1233=VERTEX_POINT('',#4323);
#1234=VERTEX_POINT('',#4325);
#1235=VERTEX_POINT('',#4327);
#1236=VERTEX_POINT('',#4331);
#1237=VERTEX_POINT('',#4333);
#1238=VERTEX_POINT('',#4335);
#1239=VERTEX_POINT('',#4337);
#1240=VERTEX_POINT('',#4339);
#1241=VERTEX_POINT('',#4341);
#1242=VERTEX_POINT('',#4345);
#1243=VERTEX_POINT('',#4346);
#1244=VERTEX_POINT('',#4348);
#1245=VERTEX_POINT('',#4350);
#1246=VERTEX_POINT('',#4352);
#1247=VERTEX_POINT('',#4356);
#1248=VERTEX_POINT('',#4358);
#1249=VERTEX_POINT('',#4361);
#1250=VERTEX_POINT('',#4363);
#1251=VERTEX_POINT('',#4367);
#1252=VERTEX_POINT('',#4369);
#1253=VERTEX_POINT('',#4373);
#1254=VERTEX_POINT('',#4375);
#1255=VERTEX_POINT('',#4379);
#1256=VERTEX_POINT('',#4380);
#1257=VERTEX_POINT('',#4384);
#1258=VERTEX_POINT('',#4386);
#1259=VERTEX_POINT('',#4390);
#1260=VERTEX_POINT('',#4392);
#1261=VERTEX_POINT('',#4396);
#1262=VERTEX_POINT('',#4397);
#1263=VERTEX_POINT('',#4404);
#1264=VERTEX_POINT('',#4406);
#1265=VERTEX_POINT('',#4408);
#1266=VERTEX_POINT('',#4410);
#1267=VERTEX_POINT('',#4413);
#1268=VERTEX_POINT('',#4416);
#1269=VERTEX_POINT('',#4418);
#1270=VERTEX_POINT('',#4420);
#1271=VERTEX_POINT('',#4424);
#1272=VERTEX_POINT('',#4426);
#1273=VERTEX_POINT('',#4430);
#1274=VERTEX_POINT('',#4432);
#1275=VERTEX_POINT('',#4436);
#1276=VERTEX_POINT('',#4437);
#1277=VERTEX_POINT('',#4453);
#1278=VERTEX_POINT('',#4455);
#1279=VERTEX_POINT('',#4459);
#1280=VERTEX_POINT('',#4461);
#1281=VERTEX_POINT('',#4465);
#1282=VERTEX_POINT('',#4467);
#1283=VERTEX_POINT('',#4471);
#1284=VERTEX_POINT('',#4473);
#1285=VERTEX_POINT('',#4477);
#1286=VERTEX_POINT('',#4478);
#1287=VERTEX_POINT('',#4494);
#1288=VERTEX_POINT('',#4496);
#1289=VERTEX_POINT('',#4500);
#1290=VERTEX_POINT('',#4502);
#1291=VERTEX_POINT('',#4506);
#1292=VERTEX_POINT('',#4507);
#1293=VERTEX_POINT('',#4509);
#1294=VERTEX_POINT('',#4513);
#1295=VERTEX_POINT('',#4514);
#1296=VERTEX_POINT('',#4516);
#1297=VERTEX_POINT('',#4520);
#1298=VERTEX_POINT('',#4521);
#1299=VERTEX_POINT('',#4523);
#1300=VERTEX_POINT('',#4530);
#1301=VERTEX_POINT('',#4531);
#1302=VERTEX_POINT('',#4533);
#1303=VERTEX_POINT('',#4537);
#1304=VERTEX_POINT('',#4538);
#1305=VERTEX_POINT('',#4540);
#1306=VERTEX_POINT('',#4547);
#1307=VERTEX_POINT('',#4548);
#1308=VERTEX_POINT('',#4550);
#1309=VERTEX_POINT('',#4554);
#1310=VERTEX_POINT('',#4555);
#1311=VERTEX_POINT('',#4566);
#1312=VERTEX_POINT('',#4568);
#1313=VERTEX_POINT('',#4577);
#1314=VERTEX_POINT('',#4586);
#1315=VERTEX_POINT('',#4600);
#1316=VERTEX_POINT('',#4602);
#1317=VERTEX_POINT('',#4613);
#1318=VERTEX_POINT('',#4614);
#1319=VERTEX_POINT('',#4631);
#1320=VERTEX_POINT('',#4633);
#1321=VERTEX_POINT('',#4650);
#1322=VERTEX_POINT('',#4652);
#1323=VERTEX_POINT('',#4656);
#1324=VERTEX_POINT('',#4658);
#1325=VERTEX_POINT('',#4666);
#1326=VERTEX_POINT('',#4668);
#1327=VERTEX_POINT('',#4672);
#1328=VERTEX_POINT('',#4674);
#1329=VERTEX_POINT('',#4681);
#1330=VERTEX_POINT('',#4682);
#1331=VERTEX_POINT('',#4692);
#1332=VERTEX_POINT('',#4694);
#1333=VERTEX_POINT('',#4696);
#1334=VERTEX_POINT('',#4707);
#1335=VERTEX_POINT('',#4709);
#1336=VERTEX_POINT('',#4713);
#1337=VERTEX_POINT('',#4715);
#1338=VERTEX_POINT('',#4719);
#1339=VERTEX_POINT('',#4721);
#1340=VERTEX_POINT('',#4725);
#1341=VERTEX_POINT('',#4726);
#1342=VERTEX_POINT('',#4736);
#1343=VERTEX_POINT('',#4738);
#1344=VERTEX_POINT('',#4740);
#1345=VERTEX_POINT('',#4751);
#1346=VERTEX_POINT('',#4753);
#1347=VERTEX_POINT('',#4760);
#1348=VERTEX_POINT('',#4777);
#1349=VERTEX_POINT('',#4792);
#1350=VERTEX_POINT('',#4804);
#1351=VERTEX_POINT('',#4805);
#1352=VERTEX_POINT('',#4808);
#1353=VERTEX_POINT('',#4810);
#1354=VERTEX_POINT('',#4814);
#1355=VERTEX_POINT('',#4815);
#1356=VERTEX_POINT('',#4817);
#1357=VERTEX_POINT('',#4819);
#1358=VERTEX_POINT('',#4822);
#1359=VERTEX_POINT('',#4825);
#1360=VERTEX_POINT('',#4827);
#1361=VERTEX_POINT('',#4831);
#1362=VERTEX_POINT('',#4835);
#1363=VERTEX_POINT('',#4841);
#1364=VERTEX_POINT('',#4846);
#1365=VERTEX_POINT('',#4851);
#1366=VERTEX_POINT('',#4852);
#1367=VERTEX_POINT('',#4854);
#1368=VERTEX_POINT('',#4856);
#1369=VERTEX_POINT('',#4863);
#1370=VERTEX_POINT('',#4865);
#1371=VERTEX_POINT('',#4873);
#1372=VERTEX_POINT('',#4874);
#1373=VERTEX_POINT('',#4876);
#1374=VERTEX_POINT('',#4878);
#1375=VERTEX_POINT('',#4882);
#1376=VERTEX_POINT('',#4884);
#1377=VERTEX_POINT('',#4888);
#1378=VERTEX_POINT('',#4890);
#1379=VERTEX_POINT('',#4897);
#1380=VERTEX_POINT('',#4900);
#1381=VERTEX_POINT('',#4903);
#1382=VERTEX_POINT('',#4904);
#1383=VERTEX_POINT('',#4906);
#1384=VERTEX_POINT('',#4908);
#1385=VERTEX_POINT('',#4912);
#1386=VERTEX_POINT('',#4914);
#1387=VERTEX_POINT('',#4918);
#1388=VERTEX_POINT('',#4920);
#1389=VERTEX_POINT('',#4927);
#1390=VERTEX_POINT('',#4930);
#1391=VERTEX_POINT('',#4933);
#1392=VERTEX_POINT('',#4937);
#1393=VERTEX_POINT('',#4945);
#1394=VERTEX_POINT('',#4947);
#1395=VERTEX_POINT('',#4953);
#1396=VERTEX_POINT('',#4957);
#1397=VERTEX_POINT('',#4961);
#1398=VERTEX_POINT('',#4967);
#1399=VERTEX_POINT('',#4975);
#1400=VERTEX_POINT('',#4982);
#1401=VERTEX_POINT('',#4983);
#1402=VERTEX_POINT('',#4985);
#1403=VERTEX_POINT('',#4987);
#1404=VERTEX_POINT('',#4991);
#1405=VERTEX_POINT('',#4993);
#1406=VERTEX_POINT('',#4997);
#1407=VERTEX_POINT('',#4999);
#1408=VERTEX_POINT('',#5006);
#1409=VERTEX_POINT('',#5009);
#1410=VERTEX_POINT('',#5012);
#1411=VERTEX_POINT('',#5013);
#1412=VERTEX_POINT('',#5015);
#1413=VERTEX_POINT('',#5017);
#1414=VERTEX_POINT('',#5021);
#1415=VERTEX_POINT('',#5023);
#1416=VERTEX_POINT('',#5027);
#1417=VERTEX_POINT('',#5029);
#1418=VERTEX_POINT('',#5036);
#1419=VERTEX_POINT('',#5039);
#1420=VERTEX_POINT('',#5042);
#1421=VERTEX_POINT('',#5046);
#1422=VERTEX_POINT('',#5050);
#1423=VERTEX_POINT('',#5055);
#1424=VERTEX_POINT('',#5060);
#1425=VERTEX_POINT('',#5061);
#1426=VERTEX_POINT('',#5063);
#1427=VERTEX_POINT('',#5065);
#1428=VERTEX_POINT('',#5067);
#1429=VERTEX_POINT('',#5069);
#1430=VERTEX_POINT('',#5071);
#1431=VERTEX_POINT('',#5073);
#1432=VERTEX_POINT('',#5075);
#1433=VERTEX_POINT('',#5077);
#1434=VERTEX_POINT('',#5079);
#1435=VERTEX_POINT('',#5081);
#1436=VERTEX_POINT('',#5083);
#1437=VERTEX_POINT('',#5085);
#1438=VERTEX_POINT('',#5087);
#1439=VERTEX_POINT('',#5089);
#1440=VERTEX_POINT('',#5091);
#1441=VERTEX_POINT('',#5093);
#1442=VERTEX_POINT('',#5095);
#1443=VERTEX_POINT('',#5097);
#1444=VERTEX_POINT('',#5101);
#1445=VERTEX_POINT('',#5102);
#1446=VERTEX_POINT('',#5104);
#1447=VERTEX_POINT('',#5106);
#1448=VERTEX_POINT('',#5108);
#1449=VERTEX_POINT('',#5110);
#1450=VERTEX_POINT('',#5112);
#1451=VERTEX_POINT('',#5114);
#1452=VERTEX_POINT('',#5116);
#1453=VERTEX_POINT('',#5118);
#1454=VERTEX_POINT('',#5120);
#1455=VERTEX_POINT('',#5122);
#1456=VERTEX_POINT('',#5124);
#1457=VERTEX_POINT('',#5126);
#1458=VERTEX_POINT('',#5128);
#1459=VERTEX_POINT('',#5130);
#1460=VERTEX_POINT('',#5132);
#1461=VERTEX_POINT('',#5134);
#1462=VERTEX_POINT('',#5136);
#1463=VERTEX_POINT('',#5138);
#1464=VERTEX_POINT('',#5170);
#1465=VERTEX_POINT('',#5172);
#1466=VERTEX_POINT('',#5178);
#1467=VERTEX_POINT('',#5180);
#1468=VERTEX_POINT('',#5184);
#1469=VERTEX_POINT('',#5188);
#1470=VERTEX_POINT('',#5192);
#1471=VERTEX_POINT('',#5196);
#1472=VERTEX_POINT('',#5205);
#1473=VERTEX_POINT('',#5207);
#1474=VERTEX_POINT('',#5211);
#1475=VERTEX_POINT('',#5214);
#1476=VERTEX_POINT('',#5216);
#1477=VERTEX_POINT('',#5220);
#1478=VERTEX_POINT('',#5223);
#1479=VERTEX_POINT('',#5224);
#1480=VERTEX_POINT('',#5226);
#1481=VERTEX_POINT('',#5228);
#1482=VERTEX_POINT('',#5232);
#1483=VERTEX_POINT('',#5233);
#1484=VERTEX_POINT('',#5235);
#1485=VERTEX_POINT('',#5237);
#1486=VERTEX_POINT('',#5241);
#1487=VERTEX_POINT('',#5242);
#1488=VERTEX_POINT('',#5244);
#1489=VERTEX_POINT('',#5246);
#1490=VERTEX_POINT('',#5248);
#1491=VERTEX_POINT('',#5250);
#1492=VERTEX_POINT('',#5252);
#1493=VERTEX_POINT('',#5254);
#1494=VERTEX_POINT('',#5257);
#1495=VERTEX_POINT('',#5258);
#1496=VERTEX_POINT('',#5260);
#1497=VERTEX_POINT('',#5262);
#1498=VERTEX_POINT('',#5268);
#1499=VERTEX_POINT('',#5270);
#1500=VERTEX_POINT('',#5274);
#1501=VERTEX_POINT('',#5276);
#1502=VERTEX_POINT('',#5296);
#1503=VERTEX_POINT('',#5297);
#1504=VERTEX_POINT('',#5302);
#1505=VERTEX_POINT('',#5306);
#1506=VERTEX_POINT('',#5310);
#1507=VERTEX_POINT('',#5311);
#1508=VERTEX_POINT('',#5316);
#1509=VERTEX_POINT('',#5320);
#1510=EDGE_CURVE('',#1232,#1233,#616,.T.);
#1511=EDGE_CURVE('',#1232,#1234,#617,.T.);
#1512=EDGE_CURVE('',#1234,#1235,#618,.F.);
#1513=EDGE_CURVE('',#1235,#1233,#619,.T.);
#1514=EDGE_CURVE('',#1235,#1236,#620,.F.);
#1515=EDGE_CURVE('',#1236,#1237,#140,.F.);
#1516=EDGE_CURVE('',#1237,#1238,#621,.F.);
#1517=EDGE_CURVE('',#1238,#1239,#622,.F.);
#1518=EDGE_CURVE('',#1240,#1239,#623,.T.);
#1519=EDGE_CURVE('',#1240,#1241,#141,.F.);
#1520=EDGE_CURVE('',#1241,#1233,#624,.F.);
#1521=EDGE_CURVE('',#1242,#1243,#625,.T.);
#1522=EDGE_CURVE('',#1243,#1244,#626,.T.);
#1523=EDGE_CURVE('',#1244,#1245,#627,.F.);
#1524=EDGE_CURVE('',#1245,#1246,#121,.F.);
#1525=EDGE_CURVE('',#1246,#1242,#628,.T.);
#1526=EDGE_CURVE('',#1247,#1232,#629,.T.);
#1527=EDGE_CURVE('',#1248,#1247,#630,.T.);
#1528=EDGE_CURVE('',#1244,#1248,#631,.T.);
#1529=EDGE_CURVE('',#1243,#1249,#632,.F.);
#1530=EDGE_CURVE('',#1250,#1249,#633,.T.);
#1531=EDGE_CURVE('',#1234,#1250,#634,.T.);
#1532=EDGE_CURVE('',#1251,#1242,#635,.T.);
#1533=EDGE_CURVE('',#1252,#1251,#636,.T.);
#1534=EDGE_CURVE('',#1249,#1252,#637,.T.);
#1535=EDGE_CURVE('',#1253,#1246,#142,.T.);
#1536=EDGE_CURVE('',#1254,#1253,#638,.T.);
#1537=EDGE_CURVE('',#1251,#1254,#143,.T.);
#1538=EDGE_CURVE('',#1255,#1256,#113,.F.);
#1539=EDGE_CURVE('',#1256,#1257,#144,.T.);
#1540=EDGE_CURVE('',#1257,#1258,#639,.T.);
#1541=EDGE_CURVE('',#1258,#1255,#145,.T.);
#1542=EDGE_CURVE('',#1257,#1259,#640,.T.);
#1543=EDGE_CURVE('',#1259,#1260,#641,.T.);
#1544=EDGE_CURVE('',#1260,#1258,#642,.T.);
#1545=EDGE_CURVE('',#1261,#1262,#114,.T.);
#1546=EDGE_CURVE('',#1261,#1260,#146,.T.);
#1547=EDGE_CURVE('',#1259,#1262,#147,.T.);
#1548=EDGE_CURVE('',#1256,#1263,#643,.F.);
#1549=EDGE_CURVE('',#1263,#1264,#148,.F.);
#1550=EDGE_CURVE('',#1265,#1264,#644,.T.);
#1551=EDGE_CURVE('',#1265,#1266,#149,.F.);
#1552=EDGE_CURVE('',#1266,#1262,#645,.F.);
#1553=EDGE_CURVE('',#1267,#1267,#150,.T.);
#1554=EDGE_CURVE('',#1252,#1268,#151,.T.);
#1555=EDGE_CURVE('',#1268,#1269,#646,.T.);
#1556=EDGE_CURVE('',#1269,#1270,#152,.T.);
#1557=EDGE_CURVE('',#1270,#1250,#647,.F.);
#1558=EDGE_CURVE('',#1245,#1271,#648,.T.);
#1559=EDGE_CURVE('',#1271,#1272,#122,.T.);
#1560=EDGE_CURVE('',#1272,#1253,#649,.T.);
#1561=EDGE_CURVE('',#1271,#1273,#650,.T.);
#1562=EDGE_CURVE('',#1273,#1274,#123,.T.);
#1563=EDGE_CURVE('',#1274,#1272,#651,.T.);
#1564=EDGE_CURVE('',#1275,#1276,#21,.T.);
#1565=EDGE_CURVE('',#1275,#1274,#652,.T.);
#1566=EDGE_CURVE('',#1273,#1277,#653,.T.);
#1567=EDGE_CURVE('',#1277,#1278,#124,.T.);
#1568=EDGE_CURVE('',#1278,#1276,#654,.T.);
#1569=EDGE_CURVE('',#1277,#1279,#655,.T.);
#1570=EDGE_CURVE('',#1279,#1280,#125,.T.);
#1571=EDGE_CURVE('',#1280,#1278,#656,.T.);
#1572=EDGE_CURVE('',#1279,#1281,#657,.T.);
#1573=EDGE_CURVE('',#1281,#1282,#126,.T.);
#1574=EDGE_CURVE('',#1282,#1280,#658,.T.);
#1575=EDGE_CURVE('',#1281,#1283,#659,.T.);
#1576=EDGE_CURVE('',#1283,#1284,#127,.T.);
#1577=EDGE_CURVE('',#1284,#1282,#660,.T.);
#1578=EDGE_CURVE('',#1285,#1286,#22,.T.);
#1579=EDGE_CURVE('',#1285,#1284,#661,.T.);
#1580=EDGE_CURVE('',#1283,#1287,#662,.T.);
#1581=EDGE_CURVE('',#1287,#1288,#128,.T.);
#1582=EDGE_CURVE('',#1288,#1286,#663,.T.);
#1583=EDGE_CURVE('',#1287,#1289,#664,.T.);
#1584=EDGE_CURVE('',#1289,#1290,#129,.T.);
#1585=EDGE_CURVE('',#1290,#1288,#665,.T.);
#1586=EDGE_CURVE('',#1291,#1292,#153,.F.);
#1587=EDGE_CURVE('',#1293,#1291,#154,.F.);
#1588=EDGE_CURVE('',#1292,#1293,#155,.F.);
#1589=EDGE_CURVE('',#1294,#1295,#156,.F.);
#1590=EDGE_CURVE('',#1296,#1294,#157,.F.);
#1591=EDGE_CURVE('',#1295,#1296,#158,.F.);
#1592=EDGE_CURVE('',#1297,#1298,#159,.F.);
#1593=EDGE_CURVE('',#1299,#1297,#160,.F.);
#1594=EDGE_CURVE('',#1298,#1299,#161,.F.);
#1595=EDGE_CURVE('',#1291,#1299,#666,.T.);
#1596=EDGE_CURVE('',#1297,#1293,#667,.T.);
#1597=EDGE_CURVE('',#1300,#1301,#162,.F.);
#1598=EDGE_CURVE('',#1302,#1300,#163,.F.);
#1599=EDGE_CURVE('',#1301,#1302,#164,.F.);
#1600=EDGE_CURVE('',#1303,#1304,#165,.F.);
#1601=EDGE_CURVE('',#1305,#1303,#166,.F.);
#1602=EDGE_CURVE('',#1304,#1305,#167,.F.);
#1603=EDGE_CURVE('',#1294,#1305,#668,.T.);
#1604=EDGE_CURVE('',#1303,#1296,#669,.T.);
#1605=EDGE_CURVE('',#1306,#1307,#168,.F.);
#1606=EDGE_CURVE('',#1308,#1306,#169,.F.);
#1607=EDGE_CURVE('',#1307,#1308,#170,.F.);
#1608=EDGE_CURVE('',#1309,#1310,#23,.T.);
#1609=EDGE_CURVE('',#1309,#1308,#670,.T.);
#1610=EDGE_CURVE('',#1306,#1304,#671,.T.);
#1611=EDGE_CURVE('',#1305,#1311,#672,.T.);
#1612=EDGE_CURVE('',#1312,#1311,#24,.T.);
#1613=EDGE_CURVE('',#1313,#1312,#25,.T.);
#1614=EDGE_CURVE('',#1313,#1314,#673,.T.);
#1615=EDGE_CURVE('',#1310,#1314,#26,.T.);
#1616=EDGE_CURVE('',#1308,#1302,#674,.T.);
#1617=EDGE_CURVE('',#1300,#1307,#675,.T.);
#1618=EDGE_CURVE('',#1315,#1306,#676,.T.);
#1619=EDGE_CURVE('',#1307,#1316,#677,.T.);
#1620=EDGE_CURVE('',#1316,#1315,#130,.T.);
#1621=EDGE_CURVE('',#1299,#1303,#678,.T.);
#1622=EDGE_CURVE('',#1304,#1298,#679,.T.);
#1623=EDGE_CURVE('',#1270,#1261,#680,.T.);
#1624=EDGE_CURVE('',#1269,#1315,#681,.T.);
#1625=EDGE_CURVE('',#1316,#1260,#682,.T.);
#1626=EDGE_CURVE('',#1317,#1318,#27,.T.);
#1627=EDGE_CURVE('',#1317,#1294,#683,.T.);
#1628=EDGE_CURVE('',#1295,#1301,#684,.T.);
#1629=EDGE_CURVE('',#1302,#1319,#685,.T.);
#1630=EDGE_CURVE('',#1320,#1319,#28,.T.);
#1631=EDGE_CURVE('',#1320,#1318,#686,.T.);
#1632=EDGE_CURVE('',#1321,#1300,#687,.T.);
#1633=EDGE_CURVE('',#1301,#1322,#688,.T.);
#1634=EDGE_CURVE('',#1322,#1321,#131,.T.);
#1635=EDGE_CURVE('',#1323,#1297,#689,.T.);
#1636=EDGE_CURVE('',#1298,#1324,#690,.T.);
#1637=EDGE_CURVE('',#1324,#1323,#132,.T.);
#1638=EDGE_CURVE('',#1296,#1291,#691,.T.);
#1639=EDGE_CURVE('',#1292,#1295,#692,.T.);
#1640=EDGE_CURVE('',#1258,#1321,#693,.T.);
#1641=EDGE_CURVE('',#1322,#1325,#694,.T.);
#1642=EDGE_CURVE('',#1326,#1325,#171,.T.);
#1643=EDGE_CURVE('',#1255,#1326,#695,.T.);
#1644=EDGE_CURVE('',#1327,#1323,#696,.T.);
#1645=EDGE_CURVE('',#1324,#1328,#697,.T.);
#1646=EDGE_CURVE('',#1328,#1327,#133,.T.);
#1647=EDGE_CURVE('',#1289,#1292,#698,.T.);
#1648=EDGE_CURVE('',#1293,#1290,#699,.T.);
#1649=EDGE_CURVE('',#1329,#1330,#29,.T.);
#1650=EDGE_CURVE('',#1329,#1327,#700,.T.);
#1651=EDGE_CURVE('',#1328,#1331,#701,.T.);
#1652=EDGE_CURVE('',#1331,#1332,#134,.T.);
#1653=EDGE_CURVE('',#1332,#1333,#702,.T.);
#1654=EDGE_CURVE('',#1330,#1333,#30,.T.);
#1655=EDGE_CURVE('',#1334,#1332,#703,.T.);
#1656=EDGE_CURVE('',#1331,#1335,#704,.T.);
#1657=EDGE_CURVE('',#1335,#1334,#135,.T.);
#1658=EDGE_CURVE('',#1336,#1334,#705,.T.);
#1659=EDGE_CURVE('',#1335,#1337,#706,.T.);
#1660=EDGE_CURVE('',#1337,#1336,#136,.T.);
#1661=EDGE_CURVE('',#1338,#1336,#707,.T.);
#1662=EDGE_CURVE('',#1337,#1339,#708,.T.);
#1663=EDGE_CURVE('',#1339,#1338,#137,.T.);
#1664=EDGE_CURVE('',#1340,#1341,#31,.T.);
#1665=EDGE_CURVE('',#1340,#1338,#709,.T.);
#1666=EDGE_CURVE('',#1339,#1342,#710,.T.);
#1667=EDGE_CURVE('',#1342,#1343,#138,.T.);
#1668=EDGE_CURVE('',#1343,#1344,#711,.T.);
#1669=EDGE_CURVE('',#1341,#1344,#32,.T.);
#1670=EDGE_CURVE('',#1345,#1343,#712,.T.);
#1671=EDGE_CURVE('',#1342,#1346,#713,.T.);
#1672=EDGE_CURVE('',#1346,#1345,#139,.T.);
#1673=EDGE_CURVE('',#1254,#1345,#714,.T.);
#1674=EDGE_CURVE('',#1346,#1268,#715,.T.);
#1675=EDGE_CURVE('',#1312,#1347,#716,.T.);
#1676=EDGE_CURVE('',#1347,#1347,#172,.T.);
#1677=EDGE_CURVE('',#1311,#1317,#173,.T.);
#1678=EDGE_CURVE('',#1318,#1313,#174,.T.);
#1679=EDGE_CURVE('',#1319,#1309,#175,.T.);
#1680=EDGE_CURVE('',#1247,#1326,#717,.F.);
#1681=EDGE_CURVE('',#1325,#1248,#718,.T.);
#1682=EDGE_CURVE('',#1323,#1290,#719,.T.);
#1683=EDGE_CURVE('',#1327,#1288,#720,.T.);
#1684=EDGE_CURVE('',#1286,#1329,#176,.T.);
#1685=EDGE_CURVE('',#1330,#1348,#721,.T.);
#1686=EDGE_CURVE('',#1348,#1348,#177,.T.);
#1687=EDGE_CURVE('',#1333,#1285,#178,.T.);
#1688=EDGE_CURVE('',#1332,#1284,#722,.T.);
#1689=EDGE_CURVE('',#1282,#1334,#723,.T.);
#1690=EDGE_CURVE('',#1336,#1280,#724,.T.);
#1691=EDGE_CURVE('',#1338,#1278,#725,.T.);
#1692=EDGE_CURVE('',#1276,#1340,#179,.T.);
#1693=EDGE_CURVE('',#1341,#1349,#726,.T.);
#1694=EDGE_CURVE('',#1349,#1349,#180,.T.);
#1695=EDGE_CURVE('',#1344,#1275,#181,.T.);
#1696=EDGE_CURVE('',#1343,#1274,#727,.T.);
#1697=EDGE_CURVE('',#1345,#1272,#728,.T.);
#1698=EDGE_CURVE('',#1350,#1351,#182,.T.);
#1699=EDGE_CURVE('',#1350,#1237,#729,.F.);
#1700=EDGE_CURVE('',#1352,#1236,#730,.T.);
#1701=EDGE_CURVE('',#1353,#1352,#183,.T.);
#1702=EDGE_CURVE('',#1353,#1351,#731,.T.);
#1703=EDGE_CURVE('',#1354,#1355,#732,.T.);
#1704=EDGE_CURVE('',#1356,#1354,#733,.T.);
#1705=EDGE_CURVE('',#1357,#1356,#734,.T.);
#1706=EDGE_CURVE('',#1355,#1357,#735,.T.);
#1707=EDGE_CURVE('',#1358,#1358,#184,.T.);
#1708=EDGE_CURVE('',#1359,#1355,#736,.T.);
#1709=EDGE_CURVE('',#1357,#1360,#737,.T.);
#1710=EDGE_CURVE('',#1360,#1359,#738,.T.);
#1711=EDGE_CURVE('',#1356,#1361,#739,.T.);
#1712=EDGE_CURVE('',#1361,#1360,#740,.T.);
#1713=EDGE_CURVE('',#1354,#1362,#741,.T.);
#1714=EDGE_CURVE('',#1362,#1361,#742,.T.);
#1715=EDGE_CURVE('',#1359,#1362,#743,.T.);
#1716=EDGE_CURVE('',#1363,#1363,#185,.T.);
#1717=EDGE_CURVE('',#1267,#1363,#744,.T.);
#1718=EDGE_CURVE('',#1358,#1364,#745,.T.);
#1719=EDGE_CURVE('',#1364,#1364,#186,.T.);
#1720=EDGE_CURVE('',#1365,#1366,#746,.T.);
#1721=EDGE_CURVE('',#1367,#1365,#747,.T.);
#1722=EDGE_CURVE('',#1368,#1367,#748,.T.);
#1723=EDGE_CURVE('',#1366,#1368,#749,.F.);
#1724=EDGE_CURVE('',#1350,#1365,#750,.F.);
#1725=EDGE_CURVE('',#1366,#1238,#751,.T.);
#1726=EDGE_CURVE('',#1369,#1351,#752,.T.);
#1727=EDGE_CURVE('',#1370,#1369,#187,.T.);
#1728=EDGE_CURVE('',#1370,#1367,#753,.T.);
#1729=EDGE_CURVE('',#1370,#1240,#754,.T.);
#1730=EDGE_CURVE('',#1239,#1368,#755,.T.);
#1731=EDGE_CURVE('',#1371,#1372,#756,.T.);
#1732=EDGE_CURVE('',#1371,#1373,#757,.T.);
#1733=EDGE_CURVE('',#1373,#1374,#758,.T.);
#1734=EDGE_CURVE('',#1372,#1374,#759,.T.);
#1735=EDGE_CURVE('',#1375,#1371,#760,.T.);
#1736=EDGE_CURVE('',#1375,#1376,#761,.T.);
#1737=EDGE_CURVE('',#1376,#1373,#762,.T.);
#1738=EDGE_CURVE('',#1377,#1375,#763,.T.);
#1739=EDGE_CURVE('',#1377,#1378,#764,.T.);
#1740=EDGE_CURVE('',#1378,#1376,#765,.T.);
#1741=EDGE_CURVE('',#1372,#1377,#766,.T.);
#1742=EDGE_CURVE('',#1374,#1378,#767,.T.);
#1743=EDGE_CURVE('',#1379,#1379,#188,.T.);
#1744=EDGE_CURVE('',#1380,#1380,#189,.F.);
#1745=EDGE_CURVE('',#1381,#1382,#768,.T.);
#1746=EDGE_CURVE('',#1382,#1383,#769,.T.);
#1747=EDGE_CURVE('',#1383,#1384,#770,.T.);
#1748=EDGE_CURVE('',#1381,#1384,#771,.T.);
#1749=EDGE_CURVE('',#1382,#1385,#772,.T.);
#1750=EDGE_CURVE('',#1385,#1386,#773,.T.);
#1751=EDGE_CURVE('',#1386,#1383,#774,.T.);
#1752=EDGE_CURVE('',#1385,#1387,#775,.T.);
#1753=EDGE_CURVE('',#1387,#1388,#776,.T.);
#1754=EDGE_CURVE('',#1388,#1386,#777,.T.);
#1755=EDGE_CURVE('',#1387,#1381,#778,.T.);
#1756=EDGE_CURVE('',#1384,#1388,#779,.T.);
#1757=EDGE_CURVE('',#1389,#1389,#190,.T.);
#1758=EDGE_CURVE('',#1390,#1390,#191,.F.);
#1759=EDGE_CURVE('',#1380,#1391,#780,.T.);
#1760=EDGE_CURVE('',#1391,#1391,#192,.T.);
#1761=EDGE_CURVE('',#1390,#1392,#781,.T.);
#1762=EDGE_CURVE('',#1392,#1392,#193,.T.);
#1763=EDGE_CURVE('',#1316,#1321,#782,.T.);
#1764=EDGE_CURVE('',#1393,#1264,#783,.T.);
#1765=EDGE_CURVE('',#1394,#1393,#784,.T.);
#1766=EDGE_CURVE('',#1394,#1265,#785,.T.);
#1767=EDGE_CURVE('',#1314,#1320,#194,.T.);
#1768=EDGE_CURVE('',#1395,#1353,#786,.T.);
#1769=EDGE_CURVE('',#1395,#1369,#787,.T.);
#1770=EDGE_CURVE('',#1396,#1395,#195,.T.);
#1771=EDGE_CURVE('',#1396,#1241,#788,.T.);
#1772=EDGE_CURVE('',#1397,#1396,#789,.T.);
#1773=EDGE_CURVE('',#1397,#1263,#790,.T.);
#1774=EDGE_CURVE('',#1393,#1397,#196,.T.);
#1775=EDGE_CURVE('',#1398,#1394,#197,.T.);
#1776=EDGE_CURVE('',#1398,#1266,#791,.T.);
#1777=EDGE_CURVE('',#1352,#1398,#792,.T.);
#1778=EDGE_CURVE('',#1348,#1347,#793,.T.);
#1779=EDGE_CURVE('',#1310,#1399,#794,.T.);
#1780=EDGE_CURVE('',#1399,#1399,#198,.T.);
#1781=EDGE_CURVE('',#1349,#1399,#795,.T.);
#1782=EDGE_CURVE('',#1400,#1401,#796,.T.);
#1783=EDGE_CURVE('',#1400,#1402,#797,.T.);
#1784=EDGE_CURVE('',#1402,#1403,#798,.T.);
#1785=EDGE_CURVE('',#1401,#1403,#799,.T.);
#1786=EDGE_CURVE('',#1404,#1400,#800,.T.);
#1787=EDGE_CURVE('',#1404,#1405,#801,.T.);
#1788=EDGE_CURVE('',#1405,#1402,#802,.T.);
#1789=EDGE_CURVE('',#1406,#1404,#803,.T.);
#1790=EDGE_CURVE('',#1406,#1407,#804,.T.);
#1791=EDGE_CURVE('',#1407,#1405,#805,.T.);
#1792=EDGE_CURVE('',#1401,#1406,#806,.T.);
#1793=EDGE_CURVE('',#1403,#1407,#807,.T.);
#1794=EDGE_CURVE('',#1408,#1408,#199,.T.);
#1795=EDGE_CURVE('',#1409,#1409,#200,.T.);
#1796=EDGE_CURVE('',#1410,#1411,#808,.T.);
#1797=EDGE_CURVE('',#1410,#1412,#809,.T.);
#1798=EDGE_CURVE('',#1412,#1413,#810,.T.);
#1799=EDGE_CURVE('',#1411,#1413,#811,.T.);
#1800=EDGE_CURVE('',#1414,#1410,#812,.T.);
#1801=EDGE_CURVE('',#1414,#1415,#813,.T.);
#1802=EDGE_CURVE('',#1415,#1412,#814,.T.);
#1803=EDGE_CURVE('',#1416,#1414,#815,.T.);
#1804=EDGE_CURVE('',#1416,#1417,#816,.T.);
#1805=EDGE_CURVE('',#1417,#1415,#817,.T.);
#1806=EDGE_CURVE('',#1411,#1416,#818,.T.);
#1807=EDGE_CURVE('',#1413,#1417,#819,.T.);
#1808=EDGE_CURVE('',#1418,#1418,#201,.T.);
#1809=EDGE_CURVE('',#1419,#1419,#202,.T.);
#1810=EDGE_CURVE('',#1409,#1420,#820,.T.);
#1811=EDGE_CURVE('',#1420,#1420,#203,.T.);
#1812=EDGE_CURVE('',#1419,#1421,#821,.T.);
#1813=EDGE_CURVE('',#1421,#1421,#204,.T.);
#1814=EDGE_CURVE('',#1422,#1422,#205,.T.);
#1815=EDGE_CURVE('',#1422,#1408,#822,.T.);
#1816=EDGE_CURVE('',#1423,#1423,#206,.T.);
#1817=EDGE_CURVE('',#1423,#1418,#823,.T.);
#1818=EDGE_CURVE('',#1424,#1425,#207,.T.);
#1819=EDGE_CURVE('',#1426,#1425,#824,.T.);
#1820=EDGE_CURVE('',#1426,#1427,#825,.F.);
#1821=EDGE_CURVE('',#1427,#1428,#826,.F.);
#1822=EDGE_CURVE('',#1428,#1429,#208,.T.);
#1823=EDGE_CURVE('',#1430,#1429,#827,.T.);
#1824=EDGE_CURVE('',#1430,#1431,#828,.F.);
#1825=EDGE_CURVE('',#1431,#1432,#829,.F.);
#1826=EDGE_CURVE('',#1432,#1433,#209,.T.);
#1827=EDGE_CURVE('',#1434,#1433,#830,.T.);
#1828=EDGE_CURVE('',#1434,#1435,#831,.F.);
#1829=EDGE_CURVE('',#1435,#1436,#832,.F.);
#1830=EDGE_CURVE('',#1436,#1437,#210,.T.);
#1831=EDGE_CURVE('',#1438,#1437,#833,.T.);
#1832=EDGE_CURVE('',#1438,#1439,#834,.F.);
#1833=EDGE_CURVE('',#1439,#1440,#835,.T.);
#1834=EDGE_CURVE('',#1441,#1440,#836,.F.);
#1835=EDGE_CURVE('',#1441,#1442,#837,.T.);
#1836=EDGE_CURVE('',#1442,#1443,#838,.F.);
#1837=EDGE_CURVE('',#1443,#1424,#839,.F.);
#1838=EDGE_CURVE('',#1444,#1445,#211,.T.);
#1839=EDGE_CURVE('',#1446,#1445,#840,.T.);
#1840=EDGE_CURVE('',#1446,#1447,#841,.F.);
#1841=EDGE_CURVE('',#1447,#1448,#842,.T.);
#1842=EDGE_CURVE('',#1449,#1448,#843,.F.);
#1843=EDGE_CURVE('',#1449,#1450,#844,.T.);
#1844=EDGE_CURVE('',#1450,#1451,#845,.F.);
#1845=EDGE_CURVE('',#1451,#1452,#846,.F.);
#1846=EDGE_CURVE('',#1452,#1453,#212,.T.);
#1847=EDGE_CURVE('',#1454,#1453,#847,.T.);
#1848=EDGE_CURVE('',#1454,#1455,#848,.F.);
#1849=EDGE_CURVE('',#1455,#1456,#849,.F.);
#1850=EDGE_CURVE('',#1456,#1457,#213,.T.);
#1851=EDGE_CURVE('',#1458,#1457,#850,.T.);
#1852=EDGE_CURVE('',#1458,#1459,#851,.F.);
#1853=EDGE_CURVE('',#1459,#1460,#852,.F.);
#1854=EDGE_CURVE('',#1460,#1461,#214,.T.);
#1855=EDGE_CURVE('',#1462,#1461,#853,.T.);
#1856=EDGE_CURVE('',#1462,#1463,#854,.F.);
#1857=EDGE_CURVE('',#1463,#1444,#855,.F.);
#1858=EDGE_CURVE('',#1432,#1457,#856,.T.);
#1859=EDGE_CURVE('',#1458,#1431,#857,.T.);
#1860=EDGE_CURVE('',#1428,#1461,#858,.T.);
#1861=EDGE_CURVE('',#1462,#1427,#859,.T.);
#1862=EDGE_CURVE('',#1452,#1437,#860,.T.);
#1863=EDGE_CURVE('',#1436,#1453,#861,.T.);
#1864=EDGE_CURVE('',#1438,#1451,#862,.T.);
#1865=EDGE_CURVE('',#1456,#1433,#863,.T.);
#1866=EDGE_CURVE('',#1434,#1455,#864,.T.);
#1867=EDGE_CURVE('',#1460,#1429,#865,.T.);
#1868=EDGE_CURVE('',#1430,#1459,#866,.T.);
#1869=EDGE_CURVE('',#1444,#1425,#867,.T.);
#1870=EDGE_CURVE('',#1424,#1445,#868,.T.);
#1871=EDGE_CURVE('',#1454,#1435,#869,.T.);
#1872=EDGE_CURVE('',#1426,#1463,#870,.T.);
#1873=EDGE_CURVE('',#1446,#1443,#871,.T.);
#1874=EDGE_CURVE('',#1450,#1464,#215,.T.);
#1875=EDGE_CURVE('',#1465,#1464,#872,.F.);
#1876=EDGE_CURVE('',#1465,#1439,#216,.T.);
#1877=EDGE_CURVE('',#1442,#1466,#217,.T.);
#1878=EDGE_CURVE('',#1467,#1466,#873,.F.);
#1879=EDGE_CURVE('',#1467,#1447,#218,.T.);
#1880=EDGE_CURVE('',#1468,#1441,#219,.F.);
#1881=EDGE_CURVE('',#1466,#1468,#874,.T.);
#1882=EDGE_CURVE('',#1469,#1467,#875,.T.);
#1883=EDGE_CURVE('',#1448,#1469,#220,.F.);
#1884=EDGE_CURVE('',#1470,#1449,#221,.F.);
#1885=EDGE_CURVE('',#1464,#1470,#876,.T.);
#1886=EDGE_CURVE('',#1471,#1465,#877,.T.);
#1887=EDGE_CURVE('',#1440,#1471,#222,.F.);
#1888=EDGE_CURVE('',#1471,#1470,#878,.F.);
#1889=EDGE_CURVE('',#1469,#1468,#879,.F.);
#1890=EDGE_CURVE('',#1472,#1472,#223,.T.);
#1891=EDGE_CURVE('',#1472,#1473,#880,.T.);
#1892=EDGE_CURVE('',#1473,#1473,#224,.F.);
#1893=EDGE_CURVE('',#1474,#1474,#225,.T.);
#1894=EDGE_CURVE('',#1475,#1475,#226,.T.);
#1895=EDGE_CURVE('',#1475,#1476,#881,.T.);
#1896=EDGE_CURVE('',#1476,#1476,#227,.F.);
#1897=EDGE_CURVE('',#1477,#1477,#228,.T.);
#1898=EDGE_CURVE('',#1478,#1479,#882,.F.);
#1899=EDGE_CURVE('',#1480,#1478,#883,.T.);
#1900=EDGE_CURVE('',#1481,#1480,#884,.F.);
#1901=EDGE_CURVE('',#1481,#1479,#885,.T.);
#1902=EDGE_CURVE('',#1482,#1483,#886,.F.);
#1903=EDGE_CURVE('',#1484,#1482,#887,.T.);
#1904=EDGE_CURVE('',#1485,#1484,#888,.F.);
#1905=EDGE_CURVE('',#1485,#1483,#889,.F.);
#1906=EDGE_CURVE('',#1486,#1487,#229,.T.);
#1907=EDGE_CURVE('',#1488,#1486,#890,.T.);
#1908=EDGE_CURVE('',#1489,#1488,#230,.T.);
#1909=EDGE_CURVE('',#1490,#1489,#891,.T.);
#1910=EDGE_CURVE('',#1491,#1490,#231,.T.);
#1911=EDGE_CURVE('',#1492,#1491,#892,.T.);
#1912=EDGE_CURVE('',#1493,#1492,#232,.T.);
#1913=EDGE_CURVE('',#1487,#1493,#893,.T.);
#1914=EDGE_CURVE('',#1494,#1495,#894,.F.);
#1915=EDGE_CURVE('',#1495,#1496,#895,.F.);
#1916=EDGE_CURVE('',#1496,#1497,#896,.F.);
#1917=EDGE_CURVE('',#1497,#1494,#897,.F.);
#1918=EDGE_CURVE('',#1483,#1478,#898,.F.);
#1919=EDGE_CURVE('',#1479,#1482,#899,.F.);
#1920=EDGE_CURVE('',#1498,#1495,#900,.F.);
#1921=EDGE_CURVE('',#1499,#1498,#901,.F.);
#1922=EDGE_CURVE('',#1499,#1496,#902,.T.);
#1923=EDGE_CURVE('',#1500,#1497,#903,.F.);
#1924=EDGE_CURVE('',#1501,#1500,#904,.F.);
#1925=EDGE_CURVE('',#1501,#1494,#905,.F.);
#1926=EDGE_CURVE('',#1474,#1379,#906,.T.);
#1927=EDGE_CURVE('',#1477,#1389,#907,.T.);
#1928=EDGE_CURVE('',#1484,#1481,#908,.F.);
#1929=EDGE_CURVE('',#1485,#1480,#909,.T.);
#1930=EDGE_CURVE('',#1500,#1499,#910,.F.);
#1931=EDGE_CURVE('',#1501,#1498,#911,.T.);
#1932=EDGE_CURVE('',#1502,#1503,#233,.T.);
#1933=EDGE_CURVE('',#1503,#1486,#912,.T.);
#1934=EDGE_CURVE('',#1487,#1502,#913,.T.);
#1935=EDGE_CURVE('',#1504,#1503,#914,.T.);
#1936=EDGE_CURVE('',#1488,#1504,#915,.T.);
#1937=EDGE_CURVE('',#1504,#1505,#234,.T.);
#1938=EDGE_CURVE('',#1505,#1489,#916,.T.);
#1939=EDGE_CURVE('',#1506,#1507,#235,.T.);
#1940=EDGE_CURVE('',#1507,#1493,#917,.T.);
#1941=EDGE_CURVE('',#1492,#1506,#918,.T.);
#1942=EDGE_CURVE('',#1508,#1491,#919,.T.);
#1943=EDGE_CURVE('',#1506,#1508,#920,.T.);
#1944=EDGE_CURVE('',#1509,#1508,#236,.T.);
#1945=EDGE_CURVE('',#1490,#1509,#921,.T.);
#1946=EDGE_CURVE('',#1509,#1505,#922,.T.);
#1947=EDGE_CURVE('',#1502,#1507,#923,.T.);
#1948=ORIENTED_EDGE('',*,*,#1510,.F.);
#1949=ORIENTED_EDGE('',*,*,#1511,.T.);
#1950=ORIENTED_EDGE('',*,*,#1512,.T.);
#1951=ORIENTED_EDGE('',*,*,#1513,.T.);
#1952=ORIENTED_EDGE('',*,*,#1513,.F.);
#1953=ORIENTED_EDGE('',*,*,#1514,.T.);
#1954=ORIENTED_EDGE('',*,*,#1515,.T.);
#1955=ORIENTED_EDGE('',*,*,#1516,.T.);
#1956=ORIENTED_EDGE('',*,*,#1517,.T.);
#1957=ORIENTED_EDGE('',*,*,#1518,.F.);
#1958=ORIENTED_EDGE('',*,*,#1519,.T.);
#1959=ORIENTED_EDGE('',*,*,#1520,.T.);
#1960=ORIENTED_EDGE('',*,*,#1521,.T.);
#1961=ORIENTED_EDGE('',*,*,#1522,.T.);
#1962=ORIENTED_EDGE('',*,*,#1523,.T.);
#1963=ORIENTED_EDGE('',*,*,#1524,.T.);
#1964=ORIENTED_EDGE('',*,*,#1525,.T.);
#1965=ORIENTED_EDGE('',*,*,#1526,.F.);
#1966=ORIENTED_EDGE('',*,*,#1527,.F.);
#1967=ORIENTED_EDGE('',*,*,#1528,.F.);
#1968=ORIENTED_EDGE('',*,*,#1522,.F.);
#1969=ORIENTED_EDGE('',*,*,#1529,.T.);
#1970=ORIENTED_EDGE('',*,*,#1530,.F.);
#1971=ORIENTED_EDGE('',*,*,#1531,.F.);
#1972=ORIENTED_EDGE('',*,*,#1511,.F.);
#1973=ORIENTED_EDGE('',*,*,#1521,.F.);
#1974=ORIENTED_EDGE('',*,*,#1532,.F.);
#1975=ORIENTED_EDGE('',*,*,#1533,.F.);
#1976=ORIENTED_EDGE('',*,*,#1534,.F.);
#1977=ORIENTED_EDGE('',*,*,#1529,.F.);
#1978=ORIENTED_EDGE('',*,*,#1525,.F.);
#1979=ORIENTED_EDGE('',*,*,#1535,.F.);
#1980=ORIENTED_EDGE('',*,*,#1536,.F.);
#1981=ORIENTED_EDGE('',*,*,#1537,.F.);
#1982=ORIENTED_EDGE('',*,*,#1532,.T.);
#1983=ORIENTED_EDGE('',*,*,#1538,.T.);
#1984=ORIENTED_EDGE('',*,*,#1539,.T.);
#1985=ORIENTED_EDGE('',*,*,#1540,.T.);
#1986=ORIENTED_EDGE('',*,*,#1541,.T.);
#1987=ORIENTED_EDGE('',*,*,#1540,.F.);
#1988=ORIENTED_EDGE('',*,*,#1542,.T.);
#1989=ORIENTED_EDGE('',*,*,#1543,.T.);
#1990=ORIENTED_EDGE('',*,*,#1544,.T.);
#1991=ORIENTED_EDGE('',*,*,#1545,.F.);
#1992=ORIENTED_EDGE('',*,*,#1546,.T.);
#1993=ORIENTED_EDGE('',*,*,#1543,.F.);
#1994=ORIENTED_EDGE('',*,*,#1547,.T.);
#1995=ORIENTED_EDGE('',*,*,#1547,.F.);
#1996=ORIENTED_EDGE('',*,*,#1542,.F.);
#1997=ORIENTED_EDGE('',*,*,#1539,.F.);
#1998=ORIENTED_EDGE('',*,*,#1548,.T.);
#1999=ORIENTED_EDGE('',*,*,#1549,.T.);
#2000=ORIENTED_EDGE('',*,*,#1550,.F.);
#2001=ORIENTED_EDGE('',*,*,#1551,.T.);
#2002=ORIENTED_EDGE('',*,*,#1552,.T.);
#2003=ORIENTED_EDGE('',*,*,#1553,.T.);
#2004=ORIENTED_EDGE('',*,*,#1530,.T.);
#2005=ORIENTED_EDGE('',*,*,#1534,.T.);
#2006=ORIENTED_EDGE('',*,*,#1554,.T.);
#2007=ORIENTED_EDGE('',*,*,#1555,.T.);
#2008=ORIENTED_EDGE('',*,*,#1556,.T.);
#2009=ORIENTED_EDGE('',*,*,#1557,.T.);
#2010=ORIENTED_EDGE('',*,*,#1535,.T.);
#2011=ORIENTED_EDGE('',*,*,#1524,.F.);
#2012=ORIENTED_EDGE('',*,*,#1558,.T.);
#2013=ORIENTED_EDGE('',*,*,#1559,.T.);
#2014=ORIENTED_EDGE('',*,*,#1560,.T.);
#2015=ORIENTED_EDGE('',*,*,#1561,.T.);
#2016=ORIENTED_EDGE('',*,*,#1562,.T.);
#2017=ORIENTED_EDGE('',*,*,#1563,.T.);
#2018=ORIENTED_EDGE('',*,*,#1559,.F.);
#2019=ORIENTED_EDGE('',*,*,#1564,.F.);
#2020=ORIENTED_EDGE('',*,*,#1565,.T.);
#2021=ORIENTED_EDGE('',*,*,#1562,.F.);
#2022=ORIENTED_EDGE('',*,*,#1566,.T.);
#2023=ORIENTED_EDGE('',*,*,#1567,.T.);
#2024=ORIENTED_EDGE('',*,*,#1568,.T.);
#2025=ORIENTED_EDGE('',*,*,#1569,.T.);
#2026=ORIENTED_EDGE('',*,*,#1570,.T.);
#2027=ORIENTED_EDGE('',*,*,#1571,.T.);
#2028=ORIENTED_EDGE('',*,*,#1567,.F.);
#2029=ORIENTED_EDGE('',*,*,#1572,.T.);
#2030=ORIENTED_EDGE('',*,*,#1573,.T.);
#2031=ORIENTED_EDGE('',*,*,#1574,.T.);
#2032=ORIENTED_EDGE('',*,*,#1570,.F.);
#2033=ORIENTED_EDGE('',*,*,#1575,.T.);
#2034=ORIENTED_EDGE('',*,*,#1576,.T.);
#2035=ORIENTED_EDGE('',*,*,#1577,.T.);
#2036=ORIENTED_EDGE('',*,*,#1573,.F.);
#2037=ORIENTED_EDGE('',*,*,#1578,.F.);
#2038=ORIENTED_EDGE('',*,*,#1579,.T.);
#2039=ORIENTED_EDGE('',*,*,#1576,.F.);
#2040=ORIENTED_EDGE('',*,*,#1580,.T.);
#2041=ORIENTED_EDGE('',*,*,#1581,.T.);
#2042=ORIENTED_EDGE('',*,*,#1582,.T.);
#2043=ORIENTED_EDGE('',*,*,#1583,.T.);
#2044=ORIENTED_EDGE('',*,*,#1584,.T.);
#2045=ORIENTED_EDGE('',*,*,#1585,.T.);
#2046=ORIENTED_EDGE('',*,*,#1581,.F.);
#2047=ORIENTED_EDGE('',*,*,#1586,.F.);
#2048=ORIENTED_EDGE('',*,*,#1587,.F.);
#2049=ORIENTED_EDGE('',*,*,#1588,.F.);
#2050=ORIENTED_EDGE('',*,*,#1589,.F.);
#2051=ORIENTED_EDGE('',*,*,#1590,.F.);
#2052=ORIENTED_EDGE('',*,*,#1591,.F.);
#2053=ORIENTED_EDGE('',*,*,#1592,.F.);
#2054=ORIENTED_EDGE('',*,*,#1593,.F.);
#2055=ORIENTED_EDGE('',*,*,#1594,.F.);
#2056=ORIENTED_EDGE('',*,*,#1587,.T.);
#2057=ORIENTED_EDGE('',*,*,#1595,.T.);
#2058=ORIENTED_EDGE('',*,*,#1593,.T.);
#2059=ORIENTED_EDGE('',*,*,#1596,.T.);
#2060=ORIENTED_EDGE('',*,*,#1597,.F.);
#2061=ORIENTED_EDGE('',*,*,#1598,.F.);
#2062=ORIENTED_EDGE('',*,*,#1599,.F.);
#2063=ORIENTED_EDGE('',*,*,#1600,.F.);
#2064=ORIENTED_EDGE('',*,*,#1601,.F.);
#2065=ORIENTED_EDGE('',*,*,#1602,.F.);
#2066=ORIENTED_EDGE('',*,*,#1590,.T.);
#2067=ORIENTED_EDGE('',*,*,#1603,.T.);
#2068=ORIENTED_EDGE('',*,*,#1601,.T.);
#2069=ORIENTED_EDGE('',*,*,#1604,.T.);
#2070=ORIENTED_EDGE('',*,*,#1605,.F.);
#2071=ORIENTED_EDGE('',*,*,#1606,.F.);
#2072=ORIENTED_EDGE('',*,*,#1607,.F.);
#2073=ORIENTED_EDGE('',*,*,#1608,.F.);
#2074=ORIENTED_EDGE('',*,*,#1609,.T.);
#2075=ORIENTED_EDGE('',*,*,#1606,.T.);
#2076=ORIENTED_EDGE('',*,*,#1610,.T.);
#2077=ORIENTED_EDGE('',*,*,#1602,.T.);
#2078=ORIENTED_EDGE('',*,*,#1611,.T.);
#2079=ORIENTED_EDGE('',*,*,#1612,.F.);
#2080=ORIENTED_EDGE('',*,*,#1613,.F.);
#2081=ORIENTED_EDGE('',*,*,#1614,.T.);
#2082=ORIENTED_EDGE('',*,*,#1615,.F.);
#2083=ORIENTED_EDGE('',*,*,#1607,.T.);
#2084=ORIENTED_EDGE('',*,*,#1616,.T.);
#2085=ORIENTED_EDGE('',*,*,#1598,.T.);
#2086=ORIENTED_EDGE('',*,*,#1617,.T.);
#2087=ORIENTED_EDGE('',*,*,#1618,.T.);
#2088=ORIENTED_EDGE('',*,*,#1605,.T.);
#2089=ORIENTED_EDGE('',*,*,#1619,.T.);
#2090=ORIENTED_EDGE('',*,*,#1620,.T.);
#2091=ORIENTED_EDGE('',*,*,#1594,.T.);
#2092=ORIENTED_EDGE('',*,*,#1621,.T.);
#2093=ORIENTED_EDGE('',*,*,#1600,.T.);
#2094=ORIENTED_EDGE('',*,*,#1622,.T.);
#2095=ORIENTED_EDGE('',*,*,#1623,.F.);
#2096=ORIENTED_EDGE('',*,*,#1556,.F.);
#2097=ORIENTED_EDGE('',*,*,#1624,.T.);
#2098=ORIENTED_EDGE('',*,*,#1620,.F.);
#2099=ORIENTED_EDGE('',*,*,#1625,.T.);
#2100=ORIENTED_EDGE('',*,*,#1546,.F.);
#2101=ORIENTED_EDGE('',*,*,#1626,.F.);
#2102=ORIENTED_EDGE('',*,*,#1627,.T.);
#2103=ORIENTED_EDGE('',*,*,#1589,.T.);
#2104=ORIENTED_EDGE('',*,*,#1628,.T.);
#2105=ORIENTED_EDGE('',*,*,#1599,.T.);
#2106=ORIENTED_EDGE('',*,*,#1629,.T.);
#2107=ORIENTED_EDGE('',*,*,#1630,.F.);
#2108=ORIENTED_EDGE('',*,*,#1631,.T.);
#2109=ORIENTED_EDGE('',*,*,#1632,.T.);
#2110=ORIENTED_EDGE('',*,*,#1597,.T.);
#2111=ORIENTED_EDGE('',*,*,#1633,.T.);
#2112=ORIENTED_EDGE('',*,*,#1634,.T.);
#2113=ORIENTED_EDGE('',*,*,#1635,.T.);
#2114=ORIENTED_EDGE('',*,*,#1592,.T.);
#2115=ORIENTED_EDGE('',*,*,#1636,.T.);
#2116=ORIENTED_EDGE('',*,*,#1637,.T.);
#2117=ORIENTED_EDGE('',*,*,#1591,.T.);
#2118=ORIENTED_EDGE('',*,*,#1638,.T.);
#2119=ORIENTED_EDGE('',*,*,#1586,.T.);
#2120=ORIENTED_EDGE('',*,*,#1639,.T.);
#2121=ORIENTED_EDGE('',*,*,#1541,.F.);
#2122=ORIENTED_EDGE('',*,*,#1640,.T.);
#2123=ORIENTED_EDGE('',*,*,#1634,.F.);
#2124=ORIENTED_EDGE('',*,*,#1641,.T.);
#2125=ORIENTED_EDGE('',*,*,#1642,.F.);
#2126=ORIENTED_EDGE('',*,*,#1643,.F.);
#2127=ORIENTED_EDGE('',*,*,#1644,.T.);
#2128=ORIENTED_EDGE('',*,*,#1637,.F.);
#2129=ORIENTED_EDGE('',*,*,#1645,.T.);
#2130=ORIENTED_EDGE('',*,*,#1646,.T.);
#2131=ORIENTED_EDGE('',*,*,#1647,.T.);
#2132=ORIENTED_EDGE('',*,*,#1588,.T.);
#2133=ORIENTED_EDGE('',*,*,#1648,.T.);
#2134=ORIENTED_EDGE('',*,*,#1584,.F.);
#2135=ORIENTED_EDGE('',*,*,#1649,.F.);
#2136=ORIENTED_EDGE('',*,*,#1650,.T.);
#2137=ORIENTED_EDGE('',*,*,#1646,.F.);
#2138=ORIENTED_EDGE('',*,*,#1651,.T.);
#2139=ORIENTED_EDGE('',*,*,#1652,.T.);
#2140=ORIENTED_EDGE('',*,*,#1653,.T.);
#2141=ORIENTED_EDGE('',*,*,#1654,.F.);
#2142=ORIENTED_EDGE('',*,*,#1655,.T.);
#2143=ORIENTED_EDGE('',*,*,#1652,.F.);
#2144=ORIENTED_EDGE('',*,*,#1656,.T.);
#2145=ORIENTED_EDGE('',*,*,#1657,.T.);
#2146=ORIENTED_EDGE('',*,*,#1658,.T.);
#2147=ORIENTED_EDGE('',*,*,#1657,.F.);
#2148=ORIENTED_EDGE('',*,*,#1659,.T.);
#2149=ORIENTED_EDGE('',*,*,#1660,.T.);
#2150=ORIENTED_EDGE('',*,*,#1661,.T.);
#2151=ORIENTED_EDGE('',*,*,#1660,.F.);
#2152=ORIENTED_EDGE('',*,*,#1662,.T.);
#2153=ORIENTED_EDGE('',*,*,#1663,.T.);
#2154=ORIENTED_EDGE('',*,*,#1664,.F.);
#2155=ORIENTED_EDGE('',*,*,#1665,.T.);
#2156=ORIENTED_EDGE('',*,*,#1663,.F.);
#2157=ORIENTED_EDGE('',*,*,#1666,.T.);
#2158=ORIENTED_EDGE('',*,*,#1667,.T.);
#2159=ORIENTED_EDGE('',*,*,#1668,.T.);
#2160=ORIENTED_EDGE('',*,*,#1669,.F.);
#2161=ORIENTED_EDGE('',*,*,#1670,.T.);
#2162=ORIENTED_EDGE('',*,*,#1667,.F.);
#2163=ORIENTED_EDGE('',*,*,#1671,.T.);
#2164=ORIENTED_EDGE('',*,*,#1672,.T.);
#2165=ORIENTED_EDGE('',*,*,#1537,.T.);
#2166=ORIENTED_EDGE('',*,*,#1673,.T.);
#2167=ORIENTED_EDGE('',*,*,#1672,.F.);
#2168=ORIENTED_EDGE('',*,*,#1674,.T.);
#2169=ORIENTED_EDGE('',*,*,#1554,.F.);
#2170=ORIENTED_EDGE('',*,*,#1533,.T.);
#2171=ORIENTED_EDGE('',*,*,#1613,.T.);
#2172=ORIENTED_EDGE('',*,*,#1675,.T.);
#2173=ORIENTED_EDGE('',*,*,#1676,.T.);
#2174=ORIENTED_EDGE('',*,*,#1675,.F.);
#2175=ORIENTED_EDGE('',*,*,#1612,.T.);
#2176=ORIENTED_EDGE('',*,*,#1677,.T.);
#2177=ORIENTED_EDGE('',*,*,#1626,.T.);
#2178=ORIENTED_EDGE('',*,*,#1678,.T.);
#2179=ORIENTED_EDGE('',*,*,#1611,.F.);
#2180=ORIENTED_EDGE('',*,*,#1603,.F.);
#2181=ORIENTED_EDGE('',*,*,#1627,.F.);
#2182=ORIENTED_EDGE('',*,*,#1677,.F.);
#2183=ORIENTED_EDGE('',*,*,#1609,.F.);
#2184=ORIENTED_EDGE('',*,*,#1679,.F.);
#2185=ORIENTED_EDGE('',*,*,#1629,.F.);
#2186=ORIENTED_EDGE('',*,*,#1616,.F.);
#2187=ORIENTED_EDGE('',*,*,#1527,.T.);
#2188=ORIENTED_EDGE('',*,*,#1680,.T.);
#2189=ORIENTED_EDGE('',*,*,#1642,.T.);
#2190=ORIENTED_EDGE('',*,*,#1681,.T.);
#2191=ORIENTED_EDGE('',*,*,#1648,.F.);
#2192=ORIENTED_EDGE('',*,*,#1596,.F.);
#2193=ORIENTED_EDGE('',*,*,#1635,.F.);
#2194=ORIENTED_EDGE('',*,*,#1682,.T.);
#2195=ORIENTED_EDGE('',*,*,#1585,.F.);
#2196=ORIENTED_EDGE('',*,*,#1682,.F.);
#2197=ORIENTED_EDGE('',*,*,#1644,.F.);
#2198=ORIENTED_EDGE('',*,*,#1683,.T.);
#2199=ORIENTED_EDGE('',*,*,#1578,.T.);
#2200=ORIENTED_EDGE('',*,*,#1684,.T.);
#2201=ORIENTED_EDGE('',*,*,#1649,.T.);
#2202=ORIENTED_EDGE('',*,*,#1685,.T.);
#2203=ORIENTED_EDGE('',*,*,#1686,.T.);
#2204=ORIENTED_EDGE('',*,*,#1685,.F.);
#2205=ORIENTED_EDGE('',*,*,#1654,.T.);
#2206=ORIENTED_EDGE('',*,*,#1687,.T.);
#2207=ORIENTED_EDGE('',*,*,#1582,.F.);
#2208=ORIENTED_EDGE('',*,*,#1683,.F.);
#2209=ORIENTED_EDGE('',*,*,#1650,.F.);
#2210=ORIENTED_EDGE('',*,*,#1684,.F.);
#2211=ORIENTED_EDGE('',*,*,#1579,.F.);
#2212=ORIENTED_EDGE('',*,*,#1687,.F.);
#2213=ORIENTED_EDGE('',*,*,#1653,.F.);
#2214=ORIENTED_EDGE('',*,*,#1688,.T.);
#2215=ORIENTED_EDGE('',*,*,#1577,.F.);
#2216=ORIENTED_EDGE('',*,*,#1688,.F.);
#2217=ORIENTED_EDGE('',*,*,#1655,.F.);
#2218=ORIENTED_EDGE('',*,*,#1689,.F.);
#2219=ORIENTED_EDGE('',*,*,#1574,.F.);
#2220=ORIENTED_EDGE('',*,*,#1689,.T.);
#2221=ORIENTED_EDGE('',*,*,#1658,.F.);
#2222=ORIENTED_EDGE('',*,*,#1690,.T.);
#2223=ORIENTED_EDGE('',*,*,#1571,.F.);
#2224=ORIENTED_EDGE('',*,*,#1690,.F.);
#2225=ORIENTED_EDGE('',*,*,#1661,.F.);
#2226=ORIENTED_EDGE('',*,*,#1691,.T.);
#2227=ORIENTED_EDGE('',*,*,#1564,.T.);
#2228=ORIENTED_EDGE('',*,*,#1692,.T.);
#2229=ORIENTED_EDGE('',*,*,#1664,.T.);
#2230=ORIENTED_EDGE('',*,*,#1693,.T.);
#2231=ORIENTED_EDGE('',*,*,#1694,.T.);
#2232=ORIENTED_EDGE('',*,*,#1693,.F.);
#2233=ORIENTED_EDGE('',*,*,#1669,.T.);
#2234=ORIENTED_EDGE('',*,*,#1695,.T.);
#2235=ORIENTED_EDGE('',*,*,#1568,.F.);
#2236=ORIENTED_EDGE('',*,*,#1691,.F.);
#2237=ORIENTED_EDGE('',*,*,#1665,.F.);
#2238=ORIENTED_EDGE('',*,*,#1692,.F.);
#2239=ORIENTED_EDGE('',*,*,#1565,.F.);
#2240=ORIENTED_EDGE('',*,*,#1695,.F.);
#2241=ORIENTED_EDGE('',*,*,#1668,.F.);
#2242=ORIENTED_EDGE('',*,*,#1696,.T.);
#2243=ORIENTED_EDGE('',*,*,#1563,.F.);
#2244=ORIENTED_EDGE('',*,*,#1696,.F.);
#2245=ORIENTED_EDGE('',*,*,#1670,.F.);
#2246=ORIENTED_EDGE('',*,*,#1697,.T.);
#2247=ORIENTED_EDGE('',*,*,#1536,.T.);
#2248=ORIENTED_EDGE('',*,*,#1560,.F.);
#2249=ORIENTED_EDGE('',*,*,#1697,.F.);
#2250=ORIENTED_EDGE('',*,*,#1673,.F.);
#2251=ORIENTED_EDGE('',*,*,#1604,.F.);
#2252=ORIENTED_EDGE('',*,*,#1621,.F.);
#2253=ORIENTED_EDGE('',*,*,#1595,.F.);
#2254=ORIENTED_EDGE('',*,*,#1638,.F.);
#2255=ORIENTED_EDGE('',*,*,#1698,.F.);
#2256=ORIENTED_EDGE('',*,*,#1699,.T.);
#2257=ORIENTED_EDGE('',*,*,#1515,.F.);
#2258=ORIENTED_EDGE('',*,*,#1700,.F.);
#2259=ORIENTED_EDGE('',*,*,#1701,.F.);
#2260=ORIENTED_EDGE('',*,*,#1702,.T.);
#2261=ORIENTED_EDGE('',*,*,#1703,.F.);
#2262=ORIENTED_EDGE('',*,*,#1704,.F.);
#2263=ORIENTED_EDGE('',*,*,#1705,.F.);
#2264=ORIENTED_EDGE('',*,*,#1706,.F.);
#2265=ORIENTED_EDGE('',*,*,#1707,.F.);
#2266=ORIENTED_EDGE('',*,*,#1708,.T.);
#2267=ORIENTED_EDGE('',*,*,#1706,.T.);
#2268=ORIENTED_EDGE('',*,*,#1709,.T.);
#2269=ORIENTED_EDGE('',*,*,#1710,.T.);
#2270=ORIENTED_EDGE('',*,*,#1709,.F.);
#2271=ORIENTED_EDGE('',*,*,#1705,.T.);
#2272=ORIENTED_EDGE('',*,*,#1711,.T.);
#2273=ORIENTED_EDGE('',*,*,#1712,.T.);
#2274=ORIENTED_EDGE('',*,*,#1711,.F.);
#2275=ORIENTED_EDGE('',*,*,#1704,.T.);
#2276=ORIENTED_EDGE('',*,*,#1713,.T.);
#2277=ORIENTED_EDGE('',*,*,#1714,.T.);
#2278=ORIENTED_EDGE('',*,*,#1713,.F.);
#2279=ORIENTED_EDGE('',*,*,#1703,.T.);
#2280=ORIENTED_EDGE('',*,*,#1708,.F.);
#2281=ORIENTED_EDGE('',*,*,#1715,.T.);
#2282=ORIENTED_EDGE('',*,*,#1715,.F.);
#2283=ORIENTED_EDGE('',*,*,#1710,.F.);
#2284=ORIENTED_EDGE('',*,*,#1712,.F.);
#2285=ORIENTED_EDGE('',*,*,#1714,.F.);
#2286=ORIENTED_EDGE('',*,*,#1716,.F.);
#2287=ORIENTED_EDGE('',*,*,#1553,.F.);
#2288=ORIENTED_EDGE('',*,*,#1717,.T.);
#2289=ORIENTED_EDGE('',*,*,#1716,.T.);
#2290=ORIENTED_EDGE('',*,*,#1717,.F.);
#2291=ORIENTED_EDGE('',*,*,#1707,.T.);
#2292=ORIENTED_EDGE('',*,*,#1718,.T.);
#2293=ORIENTED_EDGE('',*,*,#1719,.T.);
#2294=ORIENTED_EDGE('',*,*,#1718,.F.);
#2295=ORIENTED_EDGE('',*,*,#1719,.F.);
#2296=ORIENTED_EDGE('',*,*,#1720,.F.);
#2297=ORIENTED_EDGE('',*,*,#1721,.F.);
#2298=ORIENTED_EDGE('',*,*,#1722,.F.);
#2299=ORIENTED_EDGE('',*,*,#1723,.F.);
#2300=ORIENTED_EDGE('',*,*,#1724,.T.);
#2301=ORIENTED_EDGE('',*,*,#1720,.T.);
#2302=ORIENTED_EDGE('',*,*,#1725,.T.);
#2303=ORIENTED_EDGE('',*,*,#1516,.F.);
#2304=ORIENTED_EDGE('',*,*,#1699,.F.);
#2305=ORIENTED_EDGE('',*,*,#1698,.T.);
#2306=ORIENTED_EDGE('',*,*,#1726,.F.);
#2307=ORIENTED_EDGE('',*,*,#1727,.F.);
#2308=ORIENTED_EDGE('',*,*,#1728,.T.);
#2309=ORIENTED_EDGE('',*,*,#1721,.T.);
#2310=ORIENTED_EDGE('',*,*,#1724,.F.);
#2311=ORIENTED_EDGE('',*,*,#1729,.T.);
#2312=ORIENTED_EDGE('',*,*,#1518,.T.);
#2313=ORIENTED_EDGE('',*,*,#1730,.T.);
#2314=ORIENTED_EDGE('',*,*,#1722,.T.);
#2315=ORIENTED_EDGE('',*,*,#1728,.F.);
#2316=ORIENTED_EDGE('',*,*,#1723,.T.);
#2317=ORIENTED_EDGE('',*,*,#1730,.F.);
#2318=ORIENTED_EDGE('',*,*,#1517,.F.);
#2319=ORIENTED_EDGE('',*,*,#1725,.F.);
#2320=ORIENTED_EDGE('',*,*,#1731,.F.);
#2321=ORIENTED_EDGE('',*,*,#1732,.T.);
#2322=ORIENTED_EDGE('',*,*,#1733,.T.);
#2323=ORIENTED_EDGE('',*,*,#1734,.F.);
#2324=ORIENTED_EDGE('',*,*,#1735,.F.);
#2325=ORIENTED_EDGE('',*,*,#1736,.T.);
#2326=ORIENTED_EDGE('',*,*,#1737,.T.);
#2327=ORIENTED_EDGE('',*,*,#1732,.F.);
#2328=ORIENTED_EDGE('',*,*,#1738,.F.);
#2329=ORIENTED_EDGE('',*,*,#1739,.T.);
#2330=ORIENTED_EDGE('',*,*,#1740,.T.);
#2331=ORIENTED_EDGE('',*,*,#1736,.F.);
#2332=ORIENTED_EDGE('',*,*,#1741,.F.);
#2333=ORIENTED_EDGE('',*,*,#1734,.T.);
#2334=ORIENTED_EDGE('',*,*,#1742,.T.);
#2335=ORIENTED_EDGE('',*,*,#1739,.F.);
#2336=ORIENTED_EDGE('',*,*,#1742,.F.);
#2337=ORIENTED_EDGE('',*,*,#1733,.F.);
#2338=ORIENTED_EDGE('',*,*,#1737,.F.);
#2339=ORIENTED_EDGE('',*,*,#1740,.F.);
#2340=ORIENTED_EDGE('',*,*,#1743,.F.);
#2341=ORIENTED_EDGE('',*,*,#1741,.T.);
#2342=ORIENTED_EDGE('',*,*,#1738,.T.);
#2343=ORIENTED_EDGE('',*,*,#1735,.T.);
#2344=ORIENTED_EDGE('',*,*,#1731,.T.);
#2345=ORIENTED_EDGE('',*,*,#1744,.F.);
#2346=ORIENTED_EDGE('',*,*,#1745,.T.);
#2347=ORIENTED_EDGE('',*,*,#1746,.T.);
#2348=ORIENTED_EDGE('',*,*,#1747,.T.);
#2349=ORIENTED_EDGE('',*,*,#1748,.F.);
#2350=ORIENTED_EDGE('',*,*,#1749,.T.);
#2351=ORIENTED_EDGE('',*,*,#1750,.T.);
#2352=ORIENTED_EDGE('',*,*,#1751,.T.);
#2353=ORIENTED_EDGE('',*,*,#1746,.F.);
#2354=ORIENTED_EDGE('',*,*,#1752,.T.);
#2355=ORIENTED_EDGE('',*,*,#1753,.T.);
#2356=ORIENTED_EDGE('',*,*,#1754,.T.);
#2357=ORIENTED_EDGE('',*,*,#1750,.F.);
#2358=ORIENTED_EDGE('',*,*,#1755,.T.);
#2359=ORIENTED_EDGE('',*,*,#1748,.T.);
#2360=ORIENTED_EDGE('',*,*,#1756,.T.);
#2361=ORIENTED_EDGE('',*,*,#1753,.F.);
#2362=ORIENTED_EDGE('',*,*,#1756,.F.);
#2363=ORIENTED_EDGE('',*,*,#1747,.F.);
#2364=ORIENTED_EDGE('',*,*,#1751,.F.);
#2365=ORIENTED_EDGE('',*,*,#1754,.F.);
#2366=ORIENTED_EDGE('',*,*,#1757,.F.);
#2367=ORIENTED_EDGE('',*,*,#1755,.F.);
#2368=ORIENTED_EDGE('',*,*,#1752,.F.);
#2369=ORIENTED_EDGE('',*,*,#1749,.F.);
#2370=ORIENTED_EDGE('',*,*,#1745,.F.);
#2371=ORIENTED_EDGE('',*,*,#1758,.F.);
#2372=ORIENTED_EDGE('',*,*,#1744,.T.);
#2373=ORIENTED_EDGE('',*,*,#1759,.T.);
#2374=ORIENTED_EDGE('',*,*,#1760,.T.);
#2375=ORIENTED_EDGE('',*,*,#1759,.F.);
#2376=ORIENTED_EDGE('',*,*,#1758,.T.);
#2377=ORIENTED_EDGE('',*,*,#1761,.T.);
#2378=ORIENTED_EDGE('',*,*,#1762,.T.);
#2379=ORIENTED_EDGE('',*,*,#1761,.F.);
#2380=ORIENTED_EDGE('',*,*,#1632,.F.);
#2381=ORIENTED_EDGE('',*,*,#1763,.F.);
#2382=ORIENTED_EDGE('',*,*,#1619,.F.);
#2383=ORIENTED_EDGE('',*,*,#1617,.F.);
#2384=ORIENTED_EDGE('',*,*,#1544,.F.);
#2385=ORIENTED_EDGE('',*,*,#1625,.F.);
#2386=ORIENTED_EDGE('',*,*,#1763,.T.);
#2387=ORIENTED_EDGE('',*,*,#1640,.F.);
#2388=ORIENTED_EDGE('',*,*,#1528,.T.);
#2389=ORIENTED_EDGE('',*,*,#1681,.F.);
#2390=ORIENTED_EDGE('',*,*,#1641,.F.);
#2391=ORIENTED_EDGE('',*,*,#1633,.F.);
#2392=ORIENTED_EDGE('',*,*,#1628,.F.);
#2393=ORIENTED_EDGE('',*,*,#1639,.F.);
#2394=ORIENTED_EDGE('',*,*,#1647,.F.);
#2395=ORIENTED_EDGE('',*,*,#1583,.F.);
#2396=ORIENTED_EDGE('',*,*,#1580,.F.);
#2397=ORIENTED_EDGE('',*,*,#1575,.F.);
#2398=ORIENTED_EDGE('',*,*,#1572,.F.);
#2399=ORIENTED_EDGE('',*,*,#1569,.F.);
#2400=ORIENTED_EDGE('',*,*,#1566,.F.);
#2401=ORIENTED_EDGE('',*,*,#1561,.F.);
#2402=ORIENTED_EDGE('',*,*,#1558,.F.);
#2403=ORIENTED_EDGE('',*,*,#1523,.F.);
#2404=ORIENTED_EDGE('',*,*,#1550,.T.);
#2405=ORIENTED_EDGE('',*,*,#1764,.F.);
#2406=ORIENTED_EDGE('',*,*,#1765,.F.);
#2407=ORIENTED_EDGE('',*,*,#1766,.T.);
#2408=ORIENTED_EDGE('',*,*,#1614,.F.);
#2409=ORIENTED_EDGE('',*,*,#1678,.F.);
#2410=ORIENTED_EDGE('',*,*,#1631,.F.);
#2411=ORIENTED_EDGE('',*,*,#1767,.F.);
#2412=ORIENTED_EDGE('',*,*,#1702,.F.);
#2413=ORIENTED_EDGE('',*,*,#1768,.F.);
#2414=ORIENTED_EDGE('',*,*,#1769,.T.);
#2415=ORIENTED_EDGE('',*,*,#1726,.T.);
#2416=ORIENTED_EDGE('',*,*,#1727,.T.);
#2417=ORIENTED_EDGE('',*,*,#1769,.F.);
#2418=ORIENTED_EDGE('',*,*,#1770,.F.);
#2419=ORIENTED_EDGE('',*,*,#1771,.T.);
#2420=ORIENTED_EDGE('',*,*,#1519,.F.);
#2421=ORIENTED_EDGE('',*,*,#1729,.F.);
#2422=ORIENTED_EDGE('',*,*,#1772,.F.);
#2423=ORIENTED_EDGE('',*,*,#1773,.T.);
#2424=ORIENTED_EDGE('',*,*,#1548,.F.);
#2425=ORIENTED_EDGE('',*,*,#1538,.F.);
#2426=ORIENTED_EDGE('',*,*,#1643,.T.);
#2427=ORIENTED_EDGE('',*,*,#1680,.F.);
#2428=ORIENTED_EDGE('',*,*,#1526,.T.);
#2429=ORIENTED_EDGE('',*,*,#1510,.T.);
#2430=ORIENTED_EDGE('',*,*,#1520,.F.);
#2431=ORIENTED_EDGE('',*,*,#1771,.F.);
#2432=ORIENTED_EDGE('',*,*,#1774,.F.);
#2433=ORIENTED_EDGE('',*,*,#1764,.T.);
#2434=ORIENTED_EDGE('',*,*,#1549,.F.);
#2435=ORIENTED_EDGE('',*,*,#1773,.F.);
#2436=ORIENTED_EDGE('',*,*,#1775,.F.);
#2437=ORIENTED_EDGE('',*,*,#1776,.T.);
#2438=ORIENTED_EDGE('',*,*,#1551,.F.);
#2439=ORIENTED_EDGE('',*,*,#1766,.F.);
#2440=ORIENTED_EDGE('',*,*,#1777,.F.);
#2441=ORIENTED_EDGE('',*,*,#1700,.T.);
#2442=ORIENTED_EDGE('',*,*,#1514,.F.);
#2443=ORIENTED_EDGE('',*,*,#1512,.F.);
#2444=ORIENTED_EDGE('',*,*,#1531,.T.);
#2445=ORIENTED_EDGE('',*,*,#1557,.F.);
#2446=ORIENTED_EDGE('',*,*,#1623,.T.);
#2447=ORIENTED_EDGE('',*,*,#1545,.T.);
#2448=ORIENTED_EDGE('',*,*,#1552,.F.);
#2449=ORIENTED_EDGE('',*,*,#1776,.F.);
#2450=ORIENTED_EDGE('',*,*,#1686,.F.);
#2451=ORIENTED_EDGE('',*,*,#1778,.T.);
#2452=ORIENTED_EDGE('',*,*,#1676,.F.);
#2453=ORIENTED_EDGE('',*,*,#1778,.F.);
#2454=ORIENTED_EDGE('',*,*,#1608,.T.);
#2455=ORIENTED_EDGE('',*,*,#1779,.T.);
#2456=ORIENTED_EDGE('',*,*,#1780,.T.);
#2457=ORIENTED_EDGE('',*,*,#1779,.F.);
#2458=ORIENTED_EDGE('',*,*,#1615,.T.);
#2459=ORIENTED_EDGE('',*,*,#1767,.T.);
#2460=ORIENTED_EDGE('',*,*,#1630,.T.);
#2461=ORIENTED_EDGE('',*,*,#1679,.T.);
#2462=ORIENTED_EDGE('',*,*,#1694,.F.);
#2463=ORIENTED_EDGE('',*,*,#1781,.T.);
#2464=ORIENTED_EDGE('',*,*,#1780,.F.);
#2465=ORIENTED_EDGE('',*,*,#1781,.F.);
#2466=ORIENTED_EDGE('',*,*,#1624,.F.);
#2467=ORIENTED_EDGE('',*,*,#1555,.F.);
#2468=ORIENTED_EDGE('',*,*,#1674,.F.);
#2469=ORIENTED_EDGE('',*,*,#1671,.F.);
#2470=ORIENTED_EDGE('',*,*,#1666,.F.);
#2471=ORIENTED_EDGE('',*,*,#1662,.F.);
#2472=ORIENTED_EDGE('',*,*,#1659,.F.);
#2473=ORIENTED_EDGE('',*,*,#1656,.F.);
#2474=ORIENTED_EDGE('',*,*,#1651,.F.);
#2475=ORIENTED_EDGE('',*,*,#1645,.F.);
#2476=ORIENTED_EDGE('',*,*,#1636,.F.);
#2477=ORIENTED_EDGE('',*,*,#1622,.F.);
#2478=ORIENTED_EDGE('',*,*,#1610,.F.);
#2479=ORIENTED_EDGE('',*,*,#1618,.F.);
#2480=ORIENTED_EDGE('',*,*,#1782,.F.);
#2481=ORIENTED_EDGE('',*,*,#1783,.T.);
#2482=ORIENTED_EDGE('',*,*,#1784,.T.);
#2483=ORIENTED_EDGE('',*,*,#1785,.F.);
#2484=ORIENTED_EDGE('',*,*,#1786,.F.);
#2485=ORIENTED_EDGE('',*,*,#1787,.T.);
#2486=ORIENTED_EDGE('',*,*,#1788,.T.);
#2487=ORIENTED_EDGE('',*,*,#1783,.F.);
#2488=ORIENTED_EDGE('',*,*,#1789,.F.);
#2489=ORIENTED_EDGE('',*,*,#1790,.T.);
#2490=ORIENTED_EDGE('',*,*,#1791,.T.);
#2491=ORIENTED_EDGE('',*,*,#1787,.F.);
#2492=ORIENTED_EDGE('',*,*,#1792,.F.);
#2493=ORIENTED_EDGE('',*,*,#1785,.T.);
#2494=ORIENTED_EDGE('',*,*,#1793,.T.);
#2495=ORIENTED_EDGE('',*,*,#1790,.F.);
#2496=ORIENTED_EDGE('',*,*,#1793,.F.);
#2497=ORIENTED_EDGE('',*,*,#1784,.F.);
#2498=ORIENTED_EDGE('',*,*,#1788,.F.);
#2499=ORIENTED_EDGE('',*,*,#1791,.F.);
#2500=ORIENTED_EDGE('',*,*,#1794,.F.);
#2501=ORIENTED_EDGE('',*,*,#1792,.T.);
#2502=ORIENTED_EDGE('',*,*,#1789,.T.);
#2503=ORIENTED_EDGE('',*,*,#1786,.T.);
#2504=ORIENTED_EDGE('',*,*,#1782,.T.);
#2505=ORIENTED_EDGE('',*,*,#1795,.F.);
#2506=ORIENTED_EDGE('',*,*,#1796,.F.);
#2507=ORIENTED_EDGE('',*,*,#1797,.T.);
#2508=ORIENTED_EDGE('',*,*,#1798,.T.);
#2509=ORIENTED_EDGE('',*,*,#1799,.F.);
#2510=ORIENTED_EDGE('',*,*,#1800,.F.);
#2511=ORIENTED_EDGE('',*,*,#1801,.T.);
#2512=ORIENTED_EDGE('',*,*,#1802,.T.);
#2513=ORIENTED_EDGE('',*,*,#1797,.F.);
#2514=ORIENTED_EDGE('',*,*,#1803,.F.);
#2515=ORIENTED_EDGE('',*,*,#1804,.T.);
#2516=ORIENTED_EDGE('',*,*,#1805,.T.);
#2517=ORIENTED_EDGE('',*,*,#1801,.F.);
#2518=ORIENTED_EDGE('',*,*,#1806,.F.);
#2519=ORIENTED_EDGE('',*,*,#1799,.T.);
#2520=ORIENTED_EDGE('',*,*,#1807,.T.);
#2521=ORIENTED_EDGE('',*,*,#1804,.F.);
#2522=ORIENTED_EDGE('',*,*,#1807,.F.);
#2523=ORIENTED_EDGE('',*,*,#1798,.F.);
#2524=ORIENTED_EDGE('',*,*,#1802,.F.);
#2525=ORIENTED_EDGE('',*,*,#1805,.F.);
#2526=ORIENTED_EDGE('',*,*,#1808,.F.);
#2527=ORIENTED_EDGE('',*,*,#1806,.T.);
#2528=ORIENTED_EDGE('',*,*,#1803,.T.);
#2529=ORIENTED_EDGE('',*,*,#1800,.T.);
#2530=ORIENTED_EDGE('',*,*,#1796,.T.);
#2531=ORIENTED_EDGE('',*,*,#1809,.F.);
#2532=ORIENTED_EDGE('',*,*,#1795,.T.);
#2533=ORIENTED_EDGE('',*,*,#1810,.T.);
#2534=ORIENTED_EDGE('',*,*,#1811,.T.);
#2535=ORIENTED_EDGE('',*,*,#1810,.F.);
#2536=ORIENTED_EDGE('',*,*,#1809,.T.);
#2537=ORIENTED_EDGE('',*,*,#1812,.T.);
#2538=ORIENTED_EDGE('',*,*,#1813,.T.);
#2539=ORIENTED_EDGE('',*,*,#1812,.F.);
#2540=ORIENTED_EDGE('',*,*,#1814,.F.);
#2541=ORIENTED_EDGE('',*,*,#1815,.T.);
#2542=ORIENTED_EDGE('',*,*,#1794,.T.);
#2543=ORIENTED_EDGE('',*,*,#1815,.F.);
#2544=ORIENTED_EDGE('',*,*,#1811,.F.);
#2545=ORIENTED_EDGE('',*,*,#1816,.F.);
#2546=ORIENTED_EDGE('',*,*,#1817,.T.);
#2547=ORIENTED_EDGE('',*,*,#1808,.T.);
#2548=ORIENTED_EDGE('',*,*,#1817,.F.);
#2549=ORIENTED_EDGE('',*,*,#1813,.F.);
#2550=ORIENTED_EDGE('',*,*,#1818,.T.);
#2551=ORIENTED_EDGE('',*,*,#1819,.F.);
#2552=ORIENTED_EDGE('',*,*,#1820,.T.);
#2553=ORIENTED_EDGE('',*,*,#1821,.T.);
#2554=ORIENTED_EDGE('',*,*,#1822,.T.);
#2555=ORIENTED_EDGE('',*,*,#1823,.F.);
#2556=ORIENTED_EDGE('',*,*,#1824,.T.);
#2557=ORIENTED_EDGE('',*,*,#1825,.T.);
#2558=ORIENTED_EDGE('',*,*,#1826,.T.);
#2559=ORIENTED_EDGE('',*,*,#1827,.F.);
#2560=ORIENTED_EDGE('',*,*,#1828,.T.);
#2561=ORIENTED_EDGE('',*,*,#1829,.T.);
#2562=ORIENTED_EDGE('',*,*,#1830,.T.);
#2563=ORIENTED_EDGE('',*,*,#1831,.F.);
#2564=ORIENTED_EDGE('',*,*,#1832,.T.);
#2565=ORIENTED_EDGE('',*,*,#1833,.T.);
#2566=ORIENTED_EDGE('',*,*,#1834,.F.);
#2567=ORIENTED_EDGE('',*,*,#1835,.T.);
#2568=ORIENTED_EDGE('',*,*,#1836,.T.);
#2569=ORIENTED_EDGE('',*,*,#1837,.T.);
#2570=ORIENTED_EDGE('',*,*,#1838,.T.);
#2571=ORIENTED_EDGE('',*,*,#1839,.F.);
#2572=ORIENTED_EDGE('',*,*,#1840,.T.);
#2573=ORIENTED_EDGE('',*,*,#1841,.T.);
#2574=ORIENTED_EDGE('',*,*,#1842,.F.);
#2575=ORIENTED_EDGE('',*,*,#1843,.T.);
#2576=ORIENTED_EDGE('',*,*,#1844,.T.);
#2577=ORIENTED_EDGE('',*,*,#1845,.T.);
#2578=ORIENTED_EDGE('',*,*,#1846,.T.);
#2579=ORIENTED_EDGE('',*,*,#1847,.F.);
#2580=ORIENTED_EDGE('',*,*,#1848,.T.);
#2581=ORIENTED_EDGE('',*,*,#1849,.T.);
#2582=ORIENTED_EDGE('',*,*,#1850,.T.);
#2583=ORIENTED_EDGE('',*,*,#1851,.F.);
#2584=ORIENTED_EDGE('',*,*,#1852,.T.);
#2585=ORIENTED_EDGE('',*,*,#1853,.T.);
#2586=ORIENTED_EDGE('',*,*,#1854,.T.);
#2587=ORIENTED_EDGE('',*,*,#1855,.F.);
#2588=ORIENTED_EDGE('',*,*,#1856,.T.);
#2589=ORIENTED_EDGE('',*,*,#1857,.T.);
#2590=ORIENTED_EDGE('',*,*,#1858,.F.);
#2591=ORIENTED_EDGE('',*,*,#1825,.F.);
#2592=ORIENTED_EDGE('',*,*,#1859,.F.);
#2593=ORIENTED_EDGE('',*,*,#1851,.T.);
#2594=ORIENTED_EDGE('',*,*,#1860,.F.);
#2595=ORIENTED_EDGE('',*,*,#1821,.F.);
#2596=ORIENTED_EDGE('',*,*,#1861,.F.);
#2597=ORIENTED_EDGE('',*,*,#1855,.T.);
#2598=ORIENTED_EDGE('',*,*,#1846,.F.);
#2599=ORIENTED_EDGE('',*,*,#1862,.T.);
#2600=ORIENTED_EDGE('',*,*,#1830,.F.);
#2601=ORIENTED_EDGE('',*,*,#1863,.T.);
#2602=ORIENTED_EDGE('',*,*,#1862,.F.);
#2603=ORIENTED_EDGE('',*,*,#1845,.F.);
#2604=ORIENTED_EDGE('',*,*,#1864,.F.);
#2605=ORIENTED_EDGE('',*,*,#1831,.T.);
#2606=ORIENTED_EDGE('',*,*,#1850,.F.);
#2607=ORIENTED_EDGE('',*,*,#1865,.T.);
#2608=ORIENTED_EDGE('',*,*,#1826,.F.);
#2609=ORIENTED_EDGE('',*,*,#1858,.T.);
#2610=ORIENTED_EDGE('',*,*,#1865,.F.);
#2611=ORIENTED_EDGE('',*,*,#1849,.F.);
#2612=ORIENTED_EDGE('',*,*,#1866,.F.);
#2613=ORIENTED_EDGE('',*,*,#1827,.T.);
#2614=ORIENTED_EDGE('',*,*,#1854,.F.);
#2615=ORIENTED_EDGE('',*,*,#1867,.T.);
#2616=ORIENTED_EDGE('',*,*,#1822,.F.);
#2617=ORIENTED_EDGE('',*,*,#1860,.T.);
#2618=ORIENTED_EDGE('',*,*,#1867,.F.);
#2619=ORIENTED_EDGE('',*,*,#1853,.F.);
#2620=ORIENTED_EDGE('',*,*,#1868,.F.);
#2621=ORIENTED_EDGE('',*,*,#1823,.T.);
#2622=ORIENTED_EDGE('',*,*,#1838,.F.);
#2623=ORIENTED_EDGE('',*,*,#1869,.T.);
#2624=ORIENTED_EDGE('',*,*,#1818,.F.);
#2625=ORIENTED_EDGE('',*,*,#1870,.T.);
#2626=ORIENTED_EDGE('',*,*,#1863,.F.);
#2627=ORIENTED_EDGE('',*,*,#1829,.F.);
#2628=ORIENTED_EDGE('',*,*,#1871,.F.);
#2629=ORIENTED_EDGE('',*,*,#1847,.T.);
#2630=ORIENTED_EDGE('',*,*,#1869,.F.);
#2631=ORIENTED_EDGE('',*,*,#1857,.F.);
#2632=ORIENTED_EDGE('',*,*,#1872,.F.);
#2633=ORIENTED_EDGE('',*,*,#1819,.T.);
#2634=ORIENTED_EDGE('',*,*,#1870,.F.);
#2635=ORIENTED_EDGE('',*,*,#1837,.F.);
#2636=ORIENTED_EDGE('',*,*,#1873,.F.);
#2637=ORIENTED_EDGE('',*,*,#1839,.T.);
#2638=ORIENTED_EDGE('',*,*,#1864,.T.);
#2639=ORIENTED_EDGE('',*,*,#1844,.F.);
#2640=ORIENTED_EDGE('',*,*,#1874,.T.);
#2641=ORIENTED_EDGE('',*,*,#1875,.F.);
#2642=ORIENTED_EDGE('',*,*,#1876,.T.);
#2643=ORIENTED_EDGE('',*,*,#1832,.F.);
#2644=ORIENTED_EDGE('',*,*,#1814,.T.);
#2645=ORIENTED_EDGE('',*,*,#1868,.T.);
#2646=ORIENTED_EDGE('',*,*,#1852,.F.);
#2647=ORIENTED_EDGE('',*,*,#1859,.T.);
#2648=ORIENTED_EDGE('',*,*,#1824,.F.);
#2649=ORIENTED_EDGE('',*,*,#1872,.T.);
#2650=ORIENTED_EDGE('',*,*,#1856,.F.);
#2651=ORIENTED_EDGE('',*,*,#1861,.T.);
#2652=ORIENTED_EDGE('',*,*,#1820,.F.);
#2653=ORIENTED_EDGE('',*,*,#1873,.T.);
#2654=ORIENTED_EDGE('',*,*,#1836,.F.);
#2655=ORIENTED_EDGE('',*,*,#1877,.T.);
#2656=ORIENTED_EDGE('',*,*,#1878,.F.);
#2657=ORIENTED_EDGE('',*,*,#1879,.T.);
#2658=ORIENTED_EDGE('',*,*,#1840,.F.);
#2659=ORIENTED_EDGE('',*,*,#1816,.T.);
#2660=ORIENTED_EDGE('',*,*,#1877,.F.);
#2661=ORIENTED_EDGE('',*,*,#1835,.F.);
#2662=ORIENTED_EDGE('',*,*,#1880,.F.);
#2663=ORIENTED_EDGE('',*,*,#1881,.F.);
#2664=ORIENTED_EDGE('',*,*,#1879,.F.);
#2665=ORIENTED_EDGE('',*,*,#1882,.F.);
#2666=ORIENTED_EDGE('',*,*,#1883,.F.);
#2667=ORIENTED_EDGE('',*,*,#1841,.F.);
#2668=ORIENTED_EDGE('',*,*,#1874,.F.);
#2669=ORIENTED_EDGE('',*,*,#1843,.F.);
#2670=ORIENTED_EDGE('',*,*,#1884,.F.);
#2671=ORIENTED_EDGE('',*,*,#1885,.F.);
#2672=ORIENTED_EDGE('',*,*,#1876,.F.);
#2673=ORIENTED_EDGE('',*,*,#1886,.F.);
#2674=ORIENTED_EDGE('',*,*,#1887,.F.);
#2675=ORIENTED_EDGE('',*,*,#1833,.F.);
#2676=ORIENTED_EDGE('',*,*,#1885,.T.);
#2677=ORIENTED_EDGE('',*,*,#1888,.F.);
#2678=ORIENTED_EDGE('',*,*,#1886,.T.);
#2679=ORIENTED_EDGE('',*,*,#1875,.T.);
#2680=ORIENTED_EDGE('',*,*,#1881,.T.);
#2681=ORIENTED_EDGE('',*,*,#1889,.F.);
#2682=ORIENTED_EDGE('',*,*,#1882,.T.);
#2683=ORIENTED_EDGE('',*,*,#1878,.T.);
#2684=ORIENTED_EDGE('',*,*,#1871,.T.);
#2685=ORIENTED_EDGE('',*,*,#1828,.F.);
#2686=ORIENTED_EDGE('',*,*,#1866,.T.);
#2687=ORIENTED_EDGE('',*,*,#1848,.F.);
#2688=ORIENTED_EDGE('',*,*,#1890,.F.);
#2689=ORIENTED_EDGE('',*,*,#1891,.T.);
#2690=ORIENTED_EDGE('',*,*,#1892,.T.);
#2691=ORIENTED_EDGE('',*,*,#1891,.F.);
#2692=ORIENTED_EDGE('',*,*,#1892,.F.);
#2693=ORIENTED_EDGE('',*,*,#1893,.F.);
#2694=ORIENTED_EDGE('',*,*,#1894,.F.);
#2695=ORIENTED_EDGE('',*,*,#1895,.T.);
#2696=ORIENTED_EDGE('',*,*,#1896,.T.);
#2697=ORIENTED_EDGE('',*,*,#1895,.F.);
#2698=ORIENTED_EDGE('',*,*,#1896,.F.);
#2699=ORIENTED_EDGE('',*,*,#1897,.F.);
#2700=ORIENTED_EDGE('',*,*,#1898,.F.);
#2701=ORIENTED_EDGE('',*,*,#1899,.F.);
#2702=ORIENTED_EDGE('',*,*,#1900,.F.);
#2703=ORIENTED_EDGE('',*,*,#1901,.T.);
#2704=ORIENTED_EDGE('',*,*,#1902,.F.);
#2705=ORIENTED_EDGE('',*,*,#1903,.F.);
#2706=ORIENTED_EDGE('',*,*,#1904,.F.);
#2707=ORIENTED_EDGE('',*,*,#1905,.T.);
#2708=ORIENTED_EDGE('',*,*,#1906,.F.);
#2709=ORIENTED_EDGE('',*,*,#1907,.F.);
#2710=ORIENTED_EDGE('',*,*,#1908,.F.);
#2711=ORIENTED_EDGE('',*,*,#1909,.F.);
#2712=ORIENTED_EDGE('',*,*,#1910,.F.);
#2713=ORIENTED_EDGE('',*,*,#1911,.F.);
#2714=ORIENTED_EDGE('',*,*,#1912,.F.);
#2715=ORIENTED_EDGE('',*,*,#1913,.F.);
#2716=ORIENTED_EDGE('',*,*,#1842,.T.);
#2717=ORIENTED_EDGE('',*,*,#1883,.T.);
#2718=ORIENTED_EDGE('',*,*,#1889,.T.);
#2719=ORIENTED_EDGE('',*,*,#1880,.T.);
#2720=ORIENTED_EDGE('',*,*,#1834,.T.);
#2721=ORIENTED_EDGE('',*,*,#1887,.T.);
#2722=ORIENTED_EDGE('',*,*,#1888,.T.);
#2723=ORIENTED_EDGE('',*,*,#1884,.T.);
#2724=ORIENTED_EDGE('',*,*,#1914,.T.);
#2725=ORIENTED_EDGE('',*,*,#1915,.T.);
#2726=ORIENTED_EDGE('',*,*,#1916,.T.);
#2727=ORIENTED_EDGE('',*,*,#1917,.T.);
#2728=ORIENTED_EDGE('',*,*,#1918,.T.);
#2729=ORIENTED_EDGE('',*,*,#1898,.T.);
#2730=ORIENTED_EDGE('',*,*,#1919,.T.);
#2731=ORIENTED_EDGE('',*,*,#1902,.T.);
#2732=ORIENTED_EDGE('',*,*,#1915,.F.);
#2733=ORIENTED_EDGE('',*,*,#1920,.F.);
#2734=ORIENTED_EDGE('',*,*,#1921,.F.);
#2735=ORIENTED_EDGE('',*,*,#1922,.T.);
#2736=ORIENTED_EDGE('',*,*,#1917,.F.);
#2737=ORIENTED_EDGE('',*,*,#1923,.F.);
#2738=ORIENTED_EDGE('',*,*,#1924,.F.);
#2739=ORIENTED_EDGE('',*,*,#1925,.T.);
#2740=ORIENTED_EDGE('',*,*,#1893,.T.);
#2741=ORIENTED_EDGE('',*,*,#1926,.T.);
#2742=ORIENTED_EDGE('',*,*,#1743,.T.);
#2743=ORIENTED_EDGE('',*,*,#1926,.F.);
#2744=ORIENTED_EDGE('',*,*,#1760,.F.);
#2745=ORIENTED_EDGE('',*,*,#1897,.T.);
#2746=ORIENTED_EDGE('',*,*,#1927,.T.);
#2747=ORIENTED_EDGE('',*,*,#1757,.T.);
#2748=ORIENTED_EDGE('',*,*,#1927,.F.);
#2749=ORIENTED_EDGE('',*,*,#1762,.F.);
#2750=ORIENTED_EDGE('',*,*,#1919,.F.);
#2751=ORIENTED_EDGE('',*,*,#1901,.F.);
#2752=ORIENTED_EDGE('',*,*,#1928,.F.);
#2753=ORIENTED_EDGE('',*,*,#1903,.T.);
#2754=ORIENTED_EDGE('',*,*,#1918,.F.);
#2755=ORIENTED_EDGE('',*,*,#1905,.F.);
#2756=ORIENTED_EDGE('',*,*,#1929,.T.);
#2757=ORIENTED_EDGE('',*,*,#1899,.T.);
#2758=ORIENTED_EDGE('',*,*,#1929,.F.);
#2759=ORIENTED_EDGE('',*,*,#1904,.T.);
#2760=ORIENTED_EDGE('',*,*,#1928,.T.);
#2761=ORIENTED_EDGE('',*,*,#1900,.T.);
#2762=ORIENTED_EDGE('',*,*,#1894,.T.);
#2763=ORIENTED_EDGE('',*,*,#1916,.F.);
#2764=ORIENTED_EDGE('',*,*,#1922,.F.);
#2765=ORIENTED_EDGE('',*,*,#1930,.F.);
#2766=ORIENTED_EDGE('',*,*,#1923,.T.);
#2767=ORIENTED_EDGE('',*,*,#1914,.F.);
#2768=ORIENTED_EDGE('',*,*,#1925,.F.);
#2769=ORIENTED_EDGE('',*,*,#1931,.T.);
#2770=ORIENTED_EDGE('',*,*,#1920,.T.);
#2771=ORIENTED_EDGE('',*,*,#1931,.F.);
#2772=ORIENTED_EDGE('',*,*,#1924,.T.);
#2773=ORIENTED_EDGE('',*,*,#1930,.T.);
#2774=ORIENTED_EDGE('',*,*,#1921,.T.);
#2775=ORIENTED_EDGE('',*,*,#1890,.T.);
#2776=ORIENTED_EDGE('',*,*,#1932,.T.);
#2777=ORIENTED_EDGE('',*,*,#1933,.T.);
#2778=ORIENTED_EDGE('',*,*,#1906,.T.);
#2779=ORIENTED_EDGE('',*,*,#1934,.T.);
#2780=ORIENTED_EDGE('',*,*,#1933,.F.);
#2781=ORIENTED_EDGE('',*,*,#1935,.F.);
#2782=ORIENTED_EDGE('',*,*,#1936,.F.);
#2783=ORIENTED_EDGE('',*,*,#1907,.T.);
#2784=ORIENTED_EDGE('',*,*,#1937,.T.);
#2785=ORIENTED_EDGE('',*,*,#1938,.T.);
#2786=ORIENTED_EDGE('',*,*,#1908,.T.);
#2787=ORIENTED_EDGE('',*,*,#1936,.T.);
#2788=ORIENTED_EDGE('',*,*,#1939,.T.);
#2789=ORIENTED_EDGE('',*,*,#1940,.T.);
#2790=ORIENTED_EDGE('',*,*,#1912,.T.);
#2791=ORIENTED_EDGE('',*,*,#1941,.T.);
#2792=ORIENTED_EDGE('',*,*,#1941,.F.);
#2793=ORIENTED_EDGE('',*,*,#1911,.T.);
#2794=ORIENTED_EDGE('',*,*,#1942,.F.);
#2795=ORIENTED_EDGE('',*,*,#1943,.F.);
#2796=ORIENTED_EDGE('',*,*,#1768,.T.);
#2797=ORIENTED_EDGE('',*,*,#1701,.T.);
#2798=ORIENTED_EDGE('',*,*,#1777,.T.);
#2799=ORIENTED_EDGE('',*,*,#1775,.T.);
#2800=ORIENTED_EDGE('',*,*,#1765,.T.);
#2801=ORIENTED_EDGE('',*,*,#1774,.T.);
#2802=ORIENTED_EDGE('',*,*,#1772,.T.);
#2803=ORIENTED_EDGE('',*,*,#1770,.T.);
#2804=ORIENTED_EDGE('',*,*,#1944,.T.);
#2805=ORIENTED_EDGE('',*,*,#1942,.T.);
#2806=ORIENTED_EDGE('',*,*,#1910,.T.);
#2807=ORIENTED_EDGE('',*,*,#1945,.T.);
#2808=ORIENTED_EDGE('',*,*,#1938,.F.);
#2809=ORIENTED_EDGE('',*,*,#1946,.F.);
#2810=ORIENTED_EDGE('',*,*,#1945,.F.);
#2811=ORIENTED_EDGE('',*,*,#1909,.T.);
#2812=ORIENTED_EDGE('',*,*,#1934,.F.);
#2813=ORIENTED_EDGE('',*,*,#1913,.T.);
#2814=ORIENTED_EDGE('',*,*,#1940,.F.);
#2815=ORIENTED_EDGE('',*,*,#1947,.F.);
#2816=ORIENTED_EDGE('',*,*,#1932,.F.);
#2817=ORIENTED_EDGE('',*,*,#1947,.T.);
#2818=ORIENTED_EDGE('',*,*,#1939,.F.);
#2819=ORIENTED_EDGE('',*,*,#1943,.T.);
#2820=ORIENTED_EDGE('',*,*,#1944,.F.);
#2821=ORIENTED_EDGE('',*,*,#1946,.T.);
#2822=ORIENTED_EDGE('',*,*,#1937,.F.);
#2823=ORIENTED_EDGE('',*,*,#1935,.T.);
#2824=PLANE('',#3125);
#2825=PLANE('',#3126);
#2826=PLANE('',#3129);
#2827=PLANE('',#3131);
#2828=PLANE('',#3132);
#2829=PLANE('',#3133);
#2830=PLANE('',#3139);
#2831=PLANE('',#3143);
#2832=PLANE('',#3147);
#2833=PLANE('',#3226);
#2834=PLANE('',#3227);
#2835=PLANE('',#3229);
#2836=PLANE('',#3230);
#2837=PLANE('',#3231);
#2838=PLANE('',#3236);
#2839=PLANE('',#3237);
#2840=PLANE('',#3238);
#2841=PLANE('',#3239);
#2842=PLANE('',#3240);
#2843=PLANE('',#3245);
#2844=PLANE('',#3246);
#2845=PLANE('',#3247);
#2846=PLANE('',#3248);
#2847=PLANE('',#3249);
#2848=PLANE('',#3253);
#2849=PLANE('',#3255);
#2850=PLANE('',#3256);
#2851=PLANE('',#3257);
#2852=PLANE('',#3258);
#2853=PLANE('',#3259);
#2854=PLANE('',#3264);
#2855=PLANE('',#3265);
#2856=PLANE('',#3266);
#2857=PLANE('',#3267);
#2858=PLANE('',#3269);
#2859=PLANE('',#3270);
#2860=PLANE('',#3271);
#2861=PLANE('',#3272);
#2862=PLANE('',#3273);
#2863=PLANE('',#3274);
#2864=PLANE('',#3275);
#2865=PLANE('',#3277);
#2866=PLANE('',#3279);
#2867=PLANE('',#3280);
#2868=PLANE('',#3281);
#2869=PLANE('',#3282);
#2870=PLANE('',#3283);
#2871=PLANE('',#3285);
#2872=PLANE('',#3291);
#2873=PLANE('',#3292);
#2874=PLANE('',#3293);
#2875=PLANE('',#3294);
#2876=PLANE('',#3295);
#2877=PLANE('',#3297);
#2878=PLANE('',#3300);
#2879=PLANE('',#3305);
#2880=PLANE('',#3310);
#2881=PLANE('',#3311);
#2882=PLANE('',#3312);
#2883=PLANE('',#3313);
#2884=PLANE('',#3314);
#2885=PLANE('',#3315);
#2886=PLANE('',#3317);
#2887=PLANE('',#3319);
#2888=PLANE('',#3320);
#2889=PLANE('',#3321);
#2890=PLANE('',#3322);
#2891=PLANE('',#3323);
#2892=PLANE('',#3325);
#2893=PLANE('',#3333);
#2894=PLANE('',#3336);
#2895=PLANE('',#3337);
#2896=PLANE('',#3342);
#2897=PLANE('',#3347);
#2898=PLANE('',#3348);
#2899=PLANE('',#3350);
#2900=PLANE('',#3352);
#2901=PLANE('',#3354);
#2902=PLANE('',#3356);
#2903=PLANE('',#3357);
#2904=PLANE('',#3358);
#2905=PLANE('',#3359);
#2906=PLANE('',#3362);
#2907=PLANE('',#3363);
#2908=PLANE('',#3364);
#2909=PLANE('',#3375);
#2910=PLANE('',#3376);
#2911=PLANE('',#3377);
#2912=PLANE('',#3381);
#2913=PLANE('',#3386);
#2914=PLANE('',#3388);
#2915=PLANE('',#3389);
#2916=PLANE('',#3390);
#2917=PLANE('',#3395);
#2918=PLANE('',#3396);
#2919=PLANE('',#3398);
#2920=PLANE('',#3400);
#2921=PLANE('',#3401);
#2922=PLANE('',#3402);
#2923=PLANE('',#3403);
#2924=PLANE('',#3404);
#2925=PLANE('',#3405);
#2926=PLANE('',#3406);
#2927=PLANE('',#3409);
#2928=PLANE('',#3414);
#2929=PLANE('',#3417);
#2930=PLANE('',#3418);
#2931=PLANE('',#3419);
#2932=ADVANCED_FACE('',(#237),#2824,.T.);
#2933=ADVANCED_FACE('',(#238),#2825,.T.);
#2934=ADVANCED_FACE('',(#239),#2826,.T.);
#2935=ADVANCED_FACE('',(#240),#2827,.F.);
#2936=ADVANCED_FACE('',(#241),#2828,.T.);
#2937=ADVANCED_FACE('',(#242),#2829,.T.);
#2938=ADVANCED_FACE('',(#243),#115,.F.);
#2939=ADVANCED_FACE('',(#244),#2830,.T.);
#2940=ADVANCED_FACE('',(#245),#116,.F.);
#2941=ADVANCED_FACE('',(#246,#92),#2831,.T.);
#2942=ADVANCED_FACE('',(#247),#2832,.F.);
#2943=ADVANCED_FACE('',(#248),#33,.F.);
#2944=ADVANCED_FACE('',(#249),#34,.F.);
#2945=ADVANCED_FACE('',(#250),#35,.F.);
#2946=ADVANCED_FACE('',(#251),#36,.F.);
#2947=ADVANCED_FACE('',(#252),#37,.F.);
#2948=ADVANCED_FACE('',(#253),#38,.F.);
#2949=ADVANCED_FACE('',(#254),#39,.F.);
#2950=ADVANCED_FACE('',(#255),#40,.F.);
#2951=ADVANCED_FACE('',(#256),#15,.F.);
#2952=ADVANCED_FACE('',(#257),#16,.F.);
#2953=ADVANCED_FACE('',(#258),#17,.F.);
#2954=ADVANCED_FACE('',(#259),#41,.F.);
#2955=ADVANCED_FACE('',(#260),#18,.F.);
#2956=ADVANCED_FACE('',(#261),#19,.F.);
#2957=ADVANCED_FACE('',(#262),#42,.F.);
#2958=ADVANCED_FACE('',(#263),#20,.F.);
#2959=ADVANCED_FACE('',(#264),#43,.F.);
#2960=ADVANCED_FACE('',(#265),#44,.F.);
#2961=ADVANCED_FACE('',(#266),#45,.F.);
#2962=ADVANCED_FACE('',(#267),#46,.F.);
#2963=ADVANCED_FACE('',(#268),#47,.F.);
#2964=ADVANCED_FACE('',(#269),#48,.F.);
#2965=ADVANCED_FACE('',(#270),#49,.F.);
#2966=ADVANCED_FACE('',(#271),#50,.F.);
#2967=ADVANCED_FACE('',(#272),#51,.F.);
#2968=ADVANCED_FACE('',(#273),#52,.F.);
#2969=ADVANCED_FACE('',(#274),#53,.F.);
#2970=ADVANCED_FACE('',(#275),#54,.F.);
#2971=ADVANCED_FACE('',(#276),#55,.F.);
#2972=ADVANCED_FACE('',(#277),#56,.F.);
#2973=ADVANCED_FACE('',(#278),#57,.F.);
#2974=ADVANCED_FACE('',(#279),#58,.F.);
#2975=ADVANCED_FACE('',(#280),#59,.F.);
#2976=ADVANCED_FACE('',(#281),#60,.F.);
#2977=ADVANCED_FACE('',(#282),#61,.F.);
#2978=ADVANCED_FACE('',(#283),#117,.T.);
#2979=ADVANCED_FACE('',(#284),#2833,.F.);
#2980=ADVANCED_FACE('',(#285),#2834,.F.);
#2981=ADVANCED_FACE('',(#286),#2835,.F.);
#2982=ADVANCED_FACE('',(#287),#2836,.F.);
#2983=ADVANCED_FACE('',(#288),#2837,.F.);
#2984=ADVANCED_FACE('',(#289),#118,.T.);
#2985=ADVANCED_FACE('',(#290),#2838,.F.);
#2986=ADVANCED_FACE('',(#291),#2839,.F.);
#2987=ADVANCED_FACE('',(#292),#2840,.F.);
#2988=ADVANCED_FACE('',(#293),#2841,.F.);
#2989=ADVANCED_FACE('',(#294),#2842,.F.);
#2990=ADVANCED_FACE('',(#295),#119,.T.);
#2991=ADVANCED_FACE('',(#296),#2843,.F.);
#2992=ADVANCED_FACE('',(#297),#2844,.F.);
#2993=ADVANCED_FACE('',(#298),#2845,.F.);
#2994=ADVANCED_FACE('',(#299),#2846,.F.);
#2995=ADVANCED_FACE('',(#300),#2847,.F.);
#2996=ADVANCED_FACE('',(#301),#62,.F.);
#2997=ADVANCED_FACE('',(#302,#93),#2848,.F.);
#2998=ADVANCED_FACE('',(#303),#2849,.F.);
#2999=ADVANCED_FACE('',(#304),#2850,.F.);
#3000=ADVANCED_FACE('',(#305),#2851,.F.);
#3001=ADVANCED_FACE('',(#306),#2852,.F.);
#3002=ADVANCED_FACE('',(#307,#94),#2853,.F.);
#3003=ADVANCED_FACE('',(#308),#63,.F.);
#3004=ADVANCED_FACE('',(#309),#64,.F.);
#3005=ADVANCED_FACE('',(#310),#2854,.F.);
#3006=ADVANCED_FACE('',(#311),#2855,.F.);
#3007=ADVANCED_FACE('',(#312),#2856,.F.);
#3008=ADVANCED_FACE('',(#313),#2857,.F.);
#3009=ADVANCED_FACE('',(#314),#2858,.F.);
#3010=ADVANCED_FACE('',(#315),#2859,.F.);
#3011=ADVANCED_FACE('',(#316),#2860,.F.);
#3012=ADVANCED_FACE('',(#317),#2861,.F.);
#3013=ADVANCED_FACE('',(#318),#2862,.F.);
#3014=ADVANCED_FACE('',(#319),#2863,.F.);
#3015=ADVANCED_FACE('',(#320,#95),#2864,.F.);
#3016=ADVANCED_FACE('',(#321,#96),#2865,.T.);
#3017=ADVANCED_FACE('',(#322),#2866,.F.);
#3018=ADVANCED_FACE('',(#323),#2867,.F.);
#3019=ADVANCED_FACE('',(#324),#2868,.F.);
#3020=ADVANCED_FACE('',(#325),#2869,.F.);
#3021=ADVANCED_FACE('',(#326,#97),#2870,.F.);
#3022=ADVANCED_FACE('',(#327,#98),#2871,.T.);
#3023=ADVANCED_FACE('',(#328),#65,.F.);
#3024=ADVANCED_FACE('',(#329),#66,.F.);
#3025=ADVANCED_FACE('',(#330),#2872,.T.);
#3026=ADVANCED_FACE('',(#331),#2873,.T.);
#3027=ADVANCED_FACE('',(#332),#2874,.F.);
#3028=ADVANCED_FACE('',(#333),#2875,.F.);
#3029=ADVANCED_FACE('',(#334),#2876,.F.);
#3030=ADVANCED_FACE('',(#335),#2877,.F.);
#3031=ADVANCED_FACE('',(#336),#67,.F.);
#3032=ADVANCED_FACE('',(#337),#2878,.F.);
#3033=ADVANCED_FACE('',(#338),#68,.F.);
#3034=ADVANCED_FACE('',(#339),#69,.F.);
#3035=ADVANCED_FACE('',(#340),#2879,.F.);
#3036=ADVANCED_FACE('',(#341),#70,.T.);
#3037=ADVANCED_FACE('',(#342),#120,.T.);
#3038=ADVANCED_FACE('',(#343),#71,.T.);
#3039=ADVANCED_FACE('',(#344),#2880,.F.);
#3040=ADVANCED_FACE('',(#345),#2881,.F.);
#3041=ADVANCED_FACE('',(#346),#2882,.F.);
#3042=ADVANCED_FACE('',(#347),#2883,.F.);
#3043=ADVANCED_FACE('',(#348),#2884,.F.);
#3044=ADVANCED_FACE('',(#349,#99),#2885,.F.);
#3045=ADVANCED_FACE('',(#350,#100),#2886,.T.);
#3046=ADVANCED_FACE('',(#351),#2887,.F.);
#3047=ADVANCED_FACE('',(#352),#2888,.F.);
#3048=ADVANCED_FACE('',(#353),#2889,.F.);
#3049=ADVANCED_FACE('',(#354),#2890,.F.);
#3050=ADVANCED_FACE('',(#355,#101),#2891,.F.);
#3051=ADVANCED_FACE('',(#356,#102),#2892,.T.);
#3052=ADVANCED_FACE('',(#357),#72,.F.);
#3053=ADVANCED_FACE('',(#358),#73,.F.);
#3054=ADVANCED_FACE('',(#359),#74,.F.);
#3055=ADVANCED_FACE('',(#360),#2893,.F.);
#3056=ADVANCED_FACE('',(#361),#75,.F.);
#3057=ADVANCED_FACE('',(#362),#2894,.F.);
#3058=ADVANCED_FACE('',(#363),#2895,.F.);
#3059=ADVANCED_FACE('',(#364),#2896,.F.);
#3060=ADVANCED_FACE('',(#365),#2897,.F.);
#3061=ADVANCED_FACE('',(#366),#2898,.F.);
#3062=ADVANCED_FACE('',(#367),#76,.F.);
#3063=ADVANCED_FACE('',(#368),#2899,.F.);
#3064=ADVANCED_FACE('',(#369),#77,.F.);
#3065=ADVANCED_FACE('',(#370),#2900,.F.);
#3066=ADVANCED_FACE('',(#371),#78,.F.);
#3067=ADVANCED_FACE('',(#372),#2901,.F.);
#3068=ADVANCED_FACE('',(#373),#79,.F.);
#3069=ADVANCED_FACE('',(#374),#2902,.F.);
#3070=ADVANCED_FACE('',(#375),#2903,.F.);
#3071=ADVANCED_FACE('',(#376),#2904,.F.);
#3072=ADVANCED_FACE('',(#377,#103),#2905,.F.);
#3073=ADVANCED_FACE('',(#378),#2906,.F.);
#3074=ADVANCED_FACE('',(#379),#2907,.F.);
#3075=ADVANCED_FACE('',(#380,#104),#2908,.F.);
#3076=ADVANCED_FACE('',(#381),#80,.F.);
#3077=ADVANCED_FACE('',(#382),#81,.F.);
#3078=ADVANCED_FACE('',(#383),#82,.F.);
#3079=ADVANCED_FACE('',(#384),#83,.F.);
#3080=ADVANCED_FACE('',(#385),#2909,.F.);
#3081=ADVANCED_FACE('',(#386),#2910,.F.);
#3082=ADVANCED_FACE('',(#387),#2911,.F.);
#3083=ADVANCED_FACE('',(#388),#84,.F.);
#3084=ADVANCED_FACE('',(#389,#105),#2912,.T.);
#3085=ADVANCED_FACE('',(#390),#85,.F.);
#3086=ADVANCED_FACE('',(#391,#106),#2913,.T.);
#3087=ADVANCED_FACE('',(#392),#2914,.F.);
#3088=ADVANCED_FACE('',(#393),#2915,.F.);
#3089=ADVANCED_FACE('',(#394,#107,#108,#109),#2916,.F.);
#3090=ADVANCED_FACE('',(#395),#2917,.F.);
#3091=ADVANCED_FACE('',(#396),#2918,.F.);
#3092=ADVANCED_FACE('',(#397),#86,.F.);
#3093=ADVANCED_FACE('',(#398),#2919,.T.);
#3094=ADVANCED_FACE('',(#399),#87,.F.);
#3095=ADVANCED_FACE('',(#400),#2920,.T.);
#3096=ADVANCED_FACE('',(#401),#2921,.F.);
#3097=ADVANCED_FACE('',(#402),#2922,.F.);
#3098=ADVANCED_FACE('',(#403,#110),#2923,.F.);
#3099=ADVANCED_FACE('',(#404),#2924,.F.);
#3100=ADVANCED_FACE('',(#405),#2925,.F.);
#3101=ADVANCED_FACE('',(#406,#111),#2926,.F.);
#3102=ADVANCED_FACE('',(#407),#88,.T.);
#3103=ADVANCED_FACE('',(#408),#2927,.T.);
#3104=ADVANCED_FACE('',(#409),#89,.T.);
#3105=ADVANCED_FACE('',(#410),#90,.T.);
#3106=ADVANCED_FACE('',(#411,#112),#2928,.T.);
#3107=ADVANCED_FACE('',(#412),#91,.T.);
#3108=ADVANCED_FACE('',(#413),#2929,.T.);
#3109=ADVANCED_FACE('',(#414),#2930,.T.);
#3110=ADVANCED_FACE('',(#415),#2931,.T.);
#3111=CLOSED_SHELL('',(#2932,#2933,#2934,#2935,#2936,#2937,#2938,#2939,
#2940,#2941,#2942,#2943,#2944,#2945,#2946,#2947,#2948,#2949,#2950,#2951,
#2952,#2953,#2954,#2955,#2956,#2957,#2958,#2959,#2960,#2961,#2962,#2963,
#2964,#2965,#2966,#2967,#2968,#2969,#2970,#2971,#2972,#2973,#2974,#2975,
#2976,#2977,#2978,#2979,#2980,#2981,#2982,#2983,#2984,#2985,#2986,#2987,
#2988,#2989,#2990,#2991,#2992,#2993,#2994,#2995,#2996,#2997,#2998,#2999,
#3000,#3001,#3002,#3003,#3004,#3005,#3006,#3007,#3008,#3009,#3010,#3011,
#3012,#3013,#3014,#3015,#3016,#3017,#3018,#3019,#3020,#3021,#3022,#3023,
#3024,#3025,#3026,#3027,#3028,#3029,#3030,#3031,#3032,#3033,#3034,#3035,
#3036,#3037,#3038,#3039,#3040,#3041,#3042,#3043,#3044,#3045,#3046,#3047,
#3048,#3049,#3050,#3051,#3052,#3053,#3054,#3055,#3056,#3057,#3058,#3059,
#3060,#3061,#3062,#3063,#3064,#3065,#3066,#3067,#3068,#3069,#3070,#3071,
#3072,#3073,#3074,#3075,#3076,#3077,#3078,#3079,#3080,#3081,#3082,#3083,
#3084,#3085,#3086,#3087,#3088,#3089,#3090,#3091,#3092,#3093,#3094,#3095,
#3096,#3097,#3098,#3099,#3100,#3101,#3102,#3103,#3104,#3105,#3106,#3107,
#3108,#3109,#3110));
#3112=DERIVED_UNIT_ELEMENT(#3114,1.);
#3113=DERIVED_UNIT_ELEMENT(#5333,-3.);
#3114=(
MASS_UNIT()
NAMED_UNIT(*)
SI_UNIT(.KILO.,.GRAM.)
);
#3115=DERIVED_UNIT((#3112,#3113));
#3116=MEASURE_REPRESENTATION_ITEM('density measure',
POSITIVE_RATIO_MEASURE(7850.),#3115);
#3117=PROPERTY_DEFINITION_REPRESENTATION(#3122,#3119);
#3118=PROPERTY_DEFINITION_REPRESENTATION(#3123,#3120);
#3119=REPRESENTATION('material name',(#3121),#5330);
#3120=REPRESENTATION('density',(#3116),#5330);
#3121=DESCRIPTIVE_REPRESENTATION_ITEM('Steel','Steel');
#3122=PROPERTY_DEFINITION('material property','material name',#5340);
#3123=PROPERTY_DEFINITION('material property','density of part',#5340);
#3124=AXIS2_PLACEMENT_3D('',#4320,#3420,#3421);
#3125=AXIS2_PLACEMENT_3D('',#4321,#3422,#3423);
#3126=AXIS2_PLACEMENT_3D('',#4330,#3428,#3429);
#3127=AXIS2_PLACEMENT_3D('',#4334,#3431,#3432);
#3128=AXIS2_PLACEMENT_3D('',#4342,#3436,#3437);
#3129=AXIS2_PLACEMENT_3D('',#4344,#3439,#3440);
#3130=AXIS2_PLACEMENT_3D('',#4353,#3444,#3445);
#3131=AXIS2_PLACEMENT_3D('',#4355,#3447,#3448);
#3132=AXIS2_PLACEMENT_3D('',#4366,#3455,#3456);
#3133=AXIS2_PLACEMENT_3D('',#4372,#3460,#3461);
#3134=AXIS2_PLACEMENT_3D('',#4374,#3462,#3463);
#3135=AXIS2_PLACEMENT_3D('',#4377,#3465,#3466);
#3136=AXIS2_PLACEMENT_3D('',#4378,#3467,#3468);
#3137=AXIS2_PLACEMENT_3D('',#4385,#3469,#3470);
#3138=AXIS2_PLACEMENT_3D('',#4388,#3472,#3473);
#3139=AXIS2_PLACEMENT_3D('',#4389,#3474,#3475);
#3140=AXIS2_PLACEMENT_3D('',#4395,#3479,#3480);
#3141=AXIS2_PLACEMENT_3D('',#4401,#3481,#3482);
#3142=AXIS2_PLACEMENT_3D('',#4402,#3483,#3484);
#3143=AXIS2_PLACEMENT_3D('',#4403,#3485,#3486);
#3144=AXIS2_PLACEMENT_3D('',#4407,#3488,#3489);
#3145=AXIS2_PLACEMENT_3D('',#4411,#3491,#3492);
#3146=AXIS2_PLACEMENT_3D('',#4414,#3494,#3495);
#3147=AXIS2_PLACEMENT_3D('',#4415,#3496,#3497);
#3148=AXIS2_PLACEMENT_3D('',#4417,#3498,#3499);
#3149=AXIS2_PLACEMENT_3D('',#4421,#3501,#3502);
#3150=AXIS2_PLACEMENT_3D('',#4423,#3504,#3505);
#3151=AXIS2_PLACEMENT_3D('',#4427,#3507,#3508);
#3152=AXIS2_PLACEMENT_3D('',#4429,#3510,#3511);
#3153=AXIS2_PLACEMENT_3D('',#4433,#3513,#3514);
#3154=AXIS2_PLACEMENT_3D('',#4435,#3516,#3517);
#3155=AXIS2_PLACEMENT_3D('',#4456,#3520,#3521);
#3156=AXIS2_PLACEMENT_3D('',#4458,#3523,#3524);
#3157=AXIS2_PLACEMENT_3D('',#4462,#3526,#3527);
#3158=AXIS2_PLACEMENT_3D('',#4464,#3529,#3530);
#3159=AXIS2_PLACEMENT_3D('',#4468,#3532,#3533);
#3160=AXIS2_PLACEMENT_3D('',#4470,#3535,#3536);
#3161=AXIS2_PLACEMENT_3D('',#4474,#3538,#3539);
#3162=AXIS2_PLACEMENT_3D('',#4476,#3541,#3542);
#3163=AXIS2_PLACEMENT_3D('',#4497,#3545,#3546);
#3164=AXIS2_PLACEMENT_3D('',#4499,#3548,#3549);
#3165=AXIS2_PLACEMENT_3D('',#4503,#3551,#3552);
#3166=AXIS2_PLACEMENT_3D('',#4505,#3554,#3555);
#3167=AXIS2_PLACEMENT_3D('',#4508,#3556,#3557);
#3168=AXIS2_PLACEMENT_3D('',#4510,#3558,#3559);
#3169=AXIS2_PLACEMENT_3D('',#4511,#3560,#3561);
#3170=AXIS2_PLACEMENT_3D('',#4512,#3562,#3563);
#3171=AXIS2_PLACEMENT_3D('',#4515,#3564,#3565);
#3172=AXIS2_PLACEMENT_3D('',#4517,#3566,#3567);
#3173=AXIS2_PLACEMENT_3D('',#4518,#3568,#3569);
#3174=AXIS2_PLACEMENT_3D('',#4519,#3570,#3571);
#3175=AXIS2_PLACEMENT_3D('',#4522,#3572,#3573);
#3176=AXIS2_PLACEMENT_3D('',#4524,#3574,#3575);
#3177=AXIS2_PLACEMENT_3D('',#4525,#3576,#3577);
#3178=AXIS2_PLACEMENT_3D('',#4526,#3578,#3579);
#3179=AXIS2_PLACEMENT_3D('',#4529,#3582,#3583);
#3180=AXIS2_PLACEMENT_3D('',#4532,#3584,#3585);
#3181=AXIS2_PLACEMENT_3D('',#4534,#3586,#3587);
#3182=AXIS2_PLACEMENT_3D('',#4535,#3588,#3589);
#3183=AXIS2_PLACEMENT_3D('',#4536,#3590,#3591);
#3184=AXIS2_PLACEMENT_3D('',#4539,#3592,#3593);
#3185=AXIS2_PLACEMENT_3D('',#4541,#3594,#3595);
#3186=AXIS2_PLACEMENT_3D('',#4542,#3596,#3597);
#3187=AXIS2_PLACEMENT_3D('',#4543,#3598,#3599);
#3188=AXIS2_PLACEMENT_3D('',#4546,#3602,#3603);
#3189=AXIS2_PLACEMENT_3D('',#4549,#3604,#3605);
#3190=AXIS2_PLACEMENT_3D('',#4551,#3606,#3607);
#3191=AXIS2_PLACEMENT_3D('',#4552,#3608,#3609);
#3192=AXIS2_PLACEMENT_3D('',#4553,#3610,#3611);
#3193=AXIS2_PLACEMENT_3D('',#4596,#3616,#3617);
#3194=AXIS2_PLACEMENT_3D('',#4599,#3620,#3621);
#3195=AXIS2_PLACEMENT_3D('',#4604,#3624,#3625);
#3196=AXIS2_PLACEMENT_3D('',#4605,#3626,#3627);
#3197=AXIS2_PLACEMENT_3D('',#4608,#3630,#3631);
#3198=AXIS2_PLACEMENT_3D('',#4612,#3635,#3636);
#3199=AXIS2_PLACEMENT_3D('',#4649,#3641,#3642);
#3200=AXIS2_PLACEMENT_3D('',#4654,#3645,#3646);
#3201=AXIS2_PLACEMENT_3D('',#4655,#3647,#3648);
#3202=AXIS2_PLACEMENT_3D('',#4660,#3651,#3652);
#3203=AXIS2_PLACEMENT_3D('',#4661,#3653,#3654);
#3204=AXIS2_PLACEMENT_3D('',#4664,#3657,#3658);
#3205=AXIS2_PLACEMENT_3D('',#4669,#3661,#3662);
#3206=AXIS2_PLACEMENT_3D('',#4671,#3664,#3665);
#3207=AXIS2_PLACEMENT_3D('',#4676,#3668,#3669);
#3208=AXIS2_PLACEMENT_3D('',#4677,#3670,#3671);
#3209=AXIS2_PLACEMENT_3D('',#4680,#3674,#3675);
#3210=AXIS2_PLACEMENT_3D('',#4695,#3678,#3679);
#3211=AXIS2_PLACEMENT_3D('',#4706,#3681,#3682);
#3212=AXIS2_PLACEMENT_3D('',#4711,#3685,#3686);
#3213=AXIS2_PLACEMENT_3D('',#4712,#3687,#3688);
#3214=AXIS2_PLACEMENT_3D('',#4717,#3691,#3692);
#3215=AXIS2_PLACEMENT_3D('',#4718,#3693,#3694);
#3216=AXIS2_PLACEMENT_3D('',#4723,#3697,#3698);
#3217=AXIS2_PLACEMENT_3D('',#4724,#3699,#3700);
#3218=AXIS2_PLACEMENT_3D('',#4739,#3703,#3704);
#3219=AXIS2_PLACEMENT_3D('',#4750,#3706,#3707);
#3220=AXIS2_PLACEMENT_3D('',#4755,#3710,#3711);
#3221=AXIS2_PLACEMENT_3D('',#4756,#3712,#3713);
#3222=AXIS2_PLACEMENT_3D('',#4759,#3716,#3717);
#3223=AXIS2_PLACEMENT_3D('',#4762,#3719,#3720);
#3224=AXIS2_PLACEMENT_3D('',#4763,#3721,#3722);
#3225=AXIS2_PLACEMENT_3D('',#4764,#3723,#3724);
#3226=AXIS2_PLACEMENT_3D('',#4765,#3725,#3726);
#3227=AXIS2_PLACEMENT_3D('',#4766,#3727,#3728);
#3228=AXIS2_PLACEMENT_3D('',#4767,#3729,#3730);
#3229=AXIS2_PLACEMENT_3D('',#4768,#3731,#3732);
#3230=AXIS2_PLACEMENT_3D('',#4771,#3735,#3736);
#3231=AXIS2_PLACEMENT_3D('',#4773,#3738,#3739);
#3232=AXIS2_PLACEMENT_3D('',#4775,#3741,#3742);
#3233=AXIS2_PLACEMENT_3D('',#4776,#3743,#3744);
#3234=AXIS2_PLACEMENT_3D('',#4779,#3746,#3747);
#3235=AXIS2_PLACEMENT_3D('',#4780,#3748,#3749);
#3236=AXIS2_PLACEMENT_3D('',#4781,#3750,#3751);
#3237=AXIS2_PLACEMENT_3D('',#4782,#3752,#3753);
#3238=AXIS2_PLACEMENT_3D('',#4784,#3755,#3756);
#3239=AXIS2_PLACEMENT_3D('',#4786,#3758,#3759);
#3240=AXIS2_PLACEMENT_3D('',#4788,#3761,#3762);
#3241=AXIS2_PLACEMENT_3D('',#4790,#3764,#3765);
#3242=AXIS2_PLACEMENT_3D('',#4791,#3766,#3767);
#3243=AXIS2_PLACEMENT_3D('',#4794,#3769,#3770);
#3244=AXIS2_PLACEMENT_3D('',#4795,#3771,#3772);
#3245=AXIS2_PLACEMENT_3D('',#4796,#3773,#3774);
#3246=AXIS2_PLACEMENT_3D('',#4797,#3775,#3776);
#3247=AXIS2_PLACEMENT_3D('',#4799,#3778,#3779);
#3248=AXIS2_PLACEMENT_3D('',#4801,#3781,#3782);
#3249=AXIS2_PLACEMENT_3D('',#4802,#3783,#3784);
#3250=AXIS2_PLACEMENT_3D('',#4803,#3785,#3786);
#3251=AXIS2_PLACEMENT_3D('',#4806,#3787,#3788);
#3252=AXIS2_PLACEMENT_3D('',#4811,#3791,#3792);
#3253=AXIS2_PLACEMENT_3D('',#4813,#3794,#3795);
#3254=AXIS2_PLACEMENT_3D('',#4823,#3800,#3801);
#3255=AXIS2_PLACEMENT_3D('',#4824,#3802,#3803);
#3256=AXIS2_PLACEMENT_3D('',#4830,#3807,#3808);
#3257=AXIS2_PLACEMENT_3D('',#4834,#3811,#3812);
#3258=AXIS2_PLACEMENT_3D('',#4838,#3815,#3816);
#3259=AXIS2_PLACEMENT_3D('',#4840,#3818,#3819);
#3260=AXIS2_PLACEMENT_3D('',#4842,#3820,#3821);
#3261=AXIS2_PLACEMENT_3D('',#4843,#3822,#3823);
#3262=AXIS2_PLACEMENT_3D('',#4845,#3825,#3826);
#3263=AXIS2_PLACEMENT_3D('',#4848,#3828,#3829);
#3264=AXIS2_PLACEMENT_3D('',#4849,#3830,#3831);
#3265=AXIS2_PLACEMENT_3D('',#4850,#3832,#3833);
#3266=AXIS2_PLACEMENT_3D('',#4859,#3838,#3839);
#3267=AXIS2_PLACEMENT_3D('',#4862,#3842,#3843);
#3268=AXIS2_PLACEMENT_3D('',#4866,#3845,#3846);
#3269=AXIS2_PLACEMENT_3D('',#4868,#3848,#3849);
#3270=AXIS2_PLACEMENT_3D('',#4871,#3852,#3853);
#3271=AXIS2_PLACEMENT_3D('',#4872,#3854,#3855);
#3272=AXIS2_PLACEMENT_3D('',#4881,#3860,#3861);
#3273=AXIS2_PLACEMENT_3D('',#4887,#3865,#3866);
#3274=AXIS2_PLACEMENT_3D('',#4893,#3870,#3871);
#3275=AXIS2_PLACEMENT_3D('',#4896,#3874,#3875);
#3276=AXIS2_PLACEMENT_3D('',#4898,#3876,#3877);
#3277=AXIS2_PLACEMENT_3D('',#4899,#3878,#3879);
#3278=AXIS2_PLACEMENT_3D('',#4901,#3880,#3881);
#3279=AXIS2_PLACEMENT_3D('',#4902,#3882,#3883);
#3280=AXIS2_PLACEMENT_3D('',#4911,#3888,#3889);
#3281=AXIS2_PLACEMENT_3D('',#4917,#3893,#3894);
#3282=AXIS2_PLACEMENT_3D('',#4923,#3898,#3899);
#3283=AXIS2_PLACEMENT_3D('',#4926,#3902,#3903);
#3284=AXIS2_PLACEMENT_3D('',#4928,#3904,#3905);
#3285=AXIS2_PLACEMENT_3D('',#4929,#3906,#3907);
#3286=AXIS2_PLACEMENT_3D('',#4931,#3908,#3909);
#3287=AXIS2_PLACEMENT_3D('',#4932,#3910,#3911);
#3288=AXIS2_PLACEMENT_3D('',#4935,#3913,#3914);
#3289=AXIS2_PLACEMENT_3D('',#4936,#3915,#3916);
#3290=AXIS2_PLACEMENT_3D('',#4939,#3918,#3919);
#3291=AXIS2_PLACEMENT_3D('',#4940,#3920,#3921);
#3292=AXIS2_PLACEMENT_3D('',#4942,#3923,#3924);
#3293=AXIS2_PLACEMENT_3D('',#4943,#3925,#3926);
#3294=AXIS2_PLACEMENT_3D('',#4944,#3927,#3928);
#3295=AXIS2_PLACEMENT_3D('',#4950,#3932,#3933);
#3296=AXIS2_PLACEMENT_3D('',#4951,#3934,#3935);
#3297=AXIS2_PLACEMENT_3D('',#4952,#3936,#3937);
#3298=AXIS2_PLACEMENT_3D('',#4956,#3940,#3941);
#3299=AXIS2_PLACEMENT_3D('',#4958,#3942,#3943);
#3300=AXIS2_PLACEMENT_3D('',#4960,#3945,#3946);
#3301=AXIS2_PLACEMENT_3D('',#4964,#3949,#3950);
#3302=AXIS2_PLACEMENT_3D('',#4965,#3951,#3952);
#3303=AXIS2_PLACEMENT_3D('',#4966,#3953,#3954);
#3304=AXIS2_PLACEMENT_3D('',#4968,#3955,#3956);
#3305=AXIS2_PLACEMENT_3D('',#4970,#3958,#3959);
#3306=AXIS2_PLACEMENT_3D('',#4972,#3961,#3962);
#3307=AXIS2_PLACEMENT_3D('',#4974,#3964,#3965);
#3308=AXIS2_PLACEMENT_3D('',#4977,#3967,#3968);
#3309=AXIS2_PLACEMENT_3D('',#4978,#3969,#3970);
#3310=AXIS2_PLACEMENT_3D('',#4980,#3972,#3973);
#3311=AXIS2_PLACEMENT_3D('',#4981,#3974,#3975);
#3312=AXIS2_PLACEMENT_3D('',#4990,#3980,#3981);
#3313=AXIS2_PLACEMENT_3D('',#4996,#3985,#3986);
#3314=AXIS2_PLACEMENT_3D('',#5002,#3990,#3991);
#3315=AXIS2_PLACEMENT_3D('',#5005,#3994,#3995);
#3316=AXIS2_PLACEMENT_3D('',#5007,#3996,#3997);
#3317=AXIS2_PLACEMENT_3D('',#5008,#3998,#3999);
#3318=AXIS2_PLACEMENT_3D('',#5010,#4000,#4001);
#3319=AXIS2_PLACEMENT_3D('',#5011,#4002,#4003);
#3320=AXIS2_PLACEMENT_3D('',#5020,#4008,#4009);
#3321=AXIS2_PLACEMENT_3D('',#5026,#4013,#4014);
#3322=AXIS2_PLACEMENT_3D('',#5032,#4018,#4019);
#3323=AXIS2_PLACEMENT_3D('',#5035,#4022,#4023);
#3324=AXIS2_PLACEMENT_3D('',#5037,#4024,#4025);
#3325=AXIS2_PLACEMENT_3D('',#5038,#4026,#4027);
#3326=AXIS2_PLACEMENT_3D('',#5040,#4028,#4029);
#3327=AXIS2_PLACEMENT_3D('',#5041,#4030,#4031);
#3328=AXIS2_PLACEMENT_3D('',#5044,#4033,#4034);
#3329=AXIS2_PLACEMENT_3D('',#5045,#4035,#4036);
#3330=AXIS2_PLACEMENT_3D('',#5048,#4038,#4039);
#3331=AXIS2_PLACEMENT_3D('',#5049,#4040,#4041);
#3332=AXIS2_PLACEMENT_3D('',#5051,#4042,#4043);
#3333=AXIS2_PLACEMENT_3D('',#5053,#4045,#4046);
#3334=AXIS2_PLACEMENT_3D('',#5054,#4047,#4048);
#3335=AXIS2_PLACEMENT_3D('',#5056,#4049,#4050);
#3336=AXIS2_PLACEMENT_3D('',#5058,#4052,#4053);
#3337=AXIS2_PLACEMENT_3D('',#5059,#4054,#4055);
#3338=AXIS2_PLACEMENT_3D('',#5062,#4056,#4057);
#3339=AXIS2_PLACEMENT_3D('',#5070,#4061,#4062);
#3340=AXIS2_PLACEMENT_3D('',#5078,#4066,#4067);
#3341=AXIS2_PLACEMENT_3D('',#5086,#4071,#4072);
#3342=AXIS2_PLACEMENT_3D('',#5100,#4080,#4081);
#3343=AXIS2_PLACEMENT_3D('',#5103,#4082,#4083);
#3344=AXIS2_PLACEMENT_3D('',#5119,#4091,#4092);
#3345=AXIS2_PLACEMENT_3D('',#5127,#4096,#4097);
#3346=AXIS2_PLACEMENT_3D('',#5135,#4101,#4102);
#3347=AXIS2_PLACEMENT_3D('',#5141,#4106,#4107);
#3348=AXIS2_PLACEMENT_3D('',#5144,#4110,#4111);
#3349=AXIS2_PLACEMENT_3D('',#5147,#4114,#4115);
#3350=AXIS2_PLACEMENT_3D('',#5150,#4118,#4119);
#3351=AXIS2_PLACEMENT_3D('',#5152,#4121,#4122);
#3352=AXIS2_PLACEMENT_3D('',#5154,#4124,#4125);
#3353=AXIS2_PLACEMENT_3D('',#5156,#4127,#4128);
#3354=AXIS2_PLACEMENT_3D('',#5158,#4130,#4131);
#3355=AXIS2_PLACEMENT_3D('',#5160,#4133,#4134);
#3356=AXIS2_PLACEMENT_3D('',#5163,#4137,#4138);
#3357=AXIS2_PLACEMENT_3D('',#5165,#4140,#4141);
#3358=AXIS2_PLACEMENT_3D('',#5167,#4143,#4144);
#3359=AXIS2_PLACEMENT_3D('',#5169,#4146,#4147);
#3360=AXIS2_PLACEMENT_3D('',#5171,#4148,#4149);
#3361=AXIS2_PLACEMENT_3D('',#5174,#4151,#4152);
#3362=AXIS2_PLACEMENT_3D('',#5175,#4153,#4154);
#3363=AXIS2_PLACEMENT_3D('',#5176,#4155,#4156);
#3364=AXIS2_PLACEMENT_3D('',#5177,#4157,#4158);
#3365=AXIS2_PLACEMENT_3D('',#5179,#4159,#4160);
#3366=AXIS2_PLACEMENT_3D('',#5182,#4162,#4163);
#3367=AXIS2_PLACEMENT_3D('',#5183,#4164,#4165);
#3368=AXIS2_PLACEMENT_3D('',#5185,#4166,#4167);
#3369=AXIS2_PLACEMENT_3D('',#5187,#4169,#4170);
#3370=AXIS2_PLACEMENT_3D('',#5190,#4172,#4173);
#3371=AXIS2_PLACEMENT_3D('',#5191,#4174,#4175);
#3372=AXIS2_PLACEMENT_3D('',#5193,#4176,#4177);
#3373=AXIS2_PLACEMENT_3D('',#5195,#4179,#4180);
#3374=AXIS2_PLACEMENT_3D('',#5198,#4182,#4183);
#3375=AXIS2_PLACEMENT_3D('',#5199,#4184,#4185);
#3376=AXIS2_PLACEMENT_3D('',#5201,#4187,#4188);
#3377=AXIS2_PLACEMENT_3D('',#5203,#4190,#4191);
#3378=AXIS2_PLACEMENT_3D('',#5204,#4192,#4193);
#3379=AXIS2_PLACEMENT_3D('',#5206,#4194,#4195);
#3380=AXIS2_PLACEMENT_3D('',#5209,#4197,#4198);
#3381=AXIS2_PLACEMENT_3D('',#5210,#4199,#4200);
#3382=AXIS2_PLACEMENT_3D('',#5212,#4201,#4202);
#3383=AXIS2_PLACEMENT_3D('',#5213,#4203,#4204);
#3384=AXIS2_PLACEMENT_3D('',#5215,#4205,#4206);
#3385=AXIS2_PLACEMENT_3D('',#5218,#4208,#4209);
#3386=AXIS2_PLACEMENT_3D('',#5219,#4210,#4211);
#3387=AXIS2_PLACEMENT_3D('',#5221,#4212,#4213);
#3388=AXIS2_PLACEMENT_3D('',#5222,#4214,#4215);
#3389=AXIS2_PLACEMENT_3D('',#5231,#4220,#4221);
#3390=AXIS2_PLACEMENT_3D('',#5240,#4226,#4227);
#3391=AXIS2_PLACEMENT_3D('',#5243,#4228,#4229);
#3392=AXIS2_PLACEMENT_3D('',#5247,#4231,#4232);
#3393=AXIS2_PLACEMENT_3D('',#5251,#4234,#4235);
#3394=AXIS2_PLACEMENT_3D('',#5255,#4237,#4238);
#3395=AXIS2_PLACEMENT_3D('',#5267,#4246,#4247);
#3396=AXIS2_PLACEMENT_3D('',#5273,#4251,#4252);
#3397=AXIS2_PLACEMENT_3D('',#5279,#4256,#4257);
#3398=AXIS2_PLACEMENT_3D('',#5281,#4259,#4260);
#3399=AXIS2_PLACEMENT_3D('',#5282,#4261,#4262);
#3400=AXIS2_PLACEMENT_3D('',#5284,#4264,#4265);
#3401=AXIS2_PLACEMENT_3D('',#5285,#4266,#4267);
#3402=AXIS2_PLACEMENT_3D('',#5287,#4269,#4270);
#3403=AXIS2_PLACEMENT_3D('',#5289,#4272,#4273);
#3404=AXIS2_PLACEMENT_3D('',#5290,#4274,#4275);
#3405=AXIS2_PLACEMENT_3D('',#5292,#4277,#4278);
#3406=AXIS2_PLACEMENT_3D('',#5294,#4280,#4281);
#3407=AXIS2_PLACEMENT_3D('',#5295,#4282,#4283);
#3408=AXIS2_PLACEMENT_3D('',#5298,#4284,#4285);
#3409=AXIS2_PLACEMENT_3D('',#5301,#4288,#4289);
#3410=AXIS2_PLACEMENT_3D('',#5305,#4292,#4293);
#3411=AXIS2_PLACEMENT_3D('',#5307,#4294,#4295);
#3412=AXIS2_PLACEMENT_3D('',#5309,#4297,#4298);
#3413=AXIS2_PLACEMENT_3D('',#5312,#4299,#4300);
#3414=AXIS2_PLACEMENT_3D('',#5315,#4303,#4304);
#3415=AXIS2_PLACEMENT_3D('',#5319,#4307,#4308);
#3416=AXIS2_PLACEMENT_3D('',#5321,#4309,#4310);
#3417=AXIS2_PLACEMENT_3D('',#5323,#4312,#4313);
#3418=AXIS2_PLACEMENT_3D('',#5325,#4315,#4316);
#3419=AXIS2_PLACEMENT_3D('',#5327,#4318,#4319);
#3420=DIRECTION('axis',(0.,0.,1.));
#3421=DIRECTION('refdir',(1.,0.,0.));
#3422=DIRECTION('center_axis',(0.707106781186546,0.707106781186549,-1.25607396694703E-15));
#3423=DIRECTION('ref_axis',(-1.77635683940027E-15,0.,-1.));
#3424=DIRECTION('',(-0.707106781186549,0.707106781186546,-1.30841038223647E-15));
#3425=DIRECTION('',(0.,-1.77635683940026E-15,-1.));
#3426=DIRECTION('',(0.707106781186549,-0.707106781186546,1.14392450561247E-14));
#3427=DIRECTION('',(0.,1.77635683940026E-15,1.));
#3428=DIRECTION('center_axis',(0.,1.,-1.77635683940026E-15));
#3429=DIRECTION('ref_axis',(-1.,0.,0.));
#3430=DIRECTION('',(1.,0.,1.43271637939723E-14));
#3431=DIRECTION('center_axis',(0.,-1.,0.));
#3432=DIRECTION('ref_axis',(0.,-1.85037170770859E-15,-1.));
#3433=DIRECTION('',(1.,0.,0.));
#3434=DIRECTION('',(0.,-1.77635683940026E-15,-1.));
#3435=DIRECTION('',(-1.,0.,0.));
#3436=DIRECTION('center_axis',(0.,-1.,0.));
#3437=DIRECTION('ref_axis',(-1.,0.,0.));
#3438=DIRECTION('',(-1.,0.,0.));
#3439=DIRECTION('center_axis',(0.707106781186546,-0.707106781186549,0.));
#3440=DIRECTION('ref_axis',(0.,0.,-1.));
#3441=DIRECTION('',(0.707106781186549,0.707106781186546,0.));
#3442=DIRECTION('',(0.,0.,1.));
#3443=DIRECTION('',(0.707106781186549,0.707106781186546,0.));
#3444=DIRECTION('center_axis',(-0.707106781186546,0.707106781186549,0.));
#3445=DIRECTION('ref_axis',(-0.707106781186549,-0.707106781186546,0.));
#3446=DIRECTION('',(0.,0.,-1.));
#3447=DIRECTION('center_axis',(-1.,0.,0.));
#3448=DIRECTION('ref_axis',(0.,0.,1.));
#3449=DIRECTION('',(0.,-1.,1.85037170770859E-15));
#3450=DIRECTION('',(0.,0.,-1.));
#3451=DIRECTION('',(0.,1.,0.));
#3452=DIRECTION('',(0.,-1.,0.));
#3453=DIRECTION('',(0.,0.,-1.));
#3454=DIRECTION('',(0.,1.,-1.85037170770859E-15));
#3455=DIRECTION('center_axis',(0.,0.,-1.));
#3456=DIRECTION('ref_axis',(0.,1.,0.));
#3457=DIRECTION('',(1.,0.,0.));
#3458=DIRECTION('',(0.,-1.,0.));
#3459=DIRECTION('',(-1.,0.,0.));
#3460=DIRECTION('center_axis',(0.,-1.,0.));
#3461=DIRECTION('ref_axis',(0.,0.,-1.));
#3462=DIRECTION('center_axis',(0.,1.,0.));
#3463=DIRECTION('ref_axis',(-0.707106781186548,0.,0.707106781186547));
#3464=DIRECTION('',(0.,0.,1.));
#3465=DIRECTION('center_axis',(0.,1.,0.));
#3466=DIRECTION('ref_axis',(-0.707106781186548,0.,-0.707106781186547));
#3467=DIRECTION('center_axis',(0.,1.,0.));
#3468=DIRECTION('ref_axis',(0.707106781186547,0.,0.707106781186548));
#3469=DIRECTION('center_axis',(0.,1.,0.));
#3470=DIRECTION('ref_axis',(0.707106781186547,0.,0.707106781186548));
#3471=DIRECTION('',(-0.707106781186546,-0.707106781186549,0.));
#3472=DIRECTION('center_axis',(0.,-1.,0.));
#3473=DIRECTION('ref_axis',(0.707106781186547,0.,0.707106781186548));
#3474=DIRECTION('center_axis',(-0.707106781186544,0.707106781186551,0.));
#3475=DIRECTION('ref_axis',(0.,0.,1.));
#3476=DIRECTION('',(0.,0.,-1.));
#3477=DIRECTION('',(-0.707106781186551,-0.707106781186544,0.));
#3478=DIRECTION('',(0.,0.,1.));
#3479=DIRECTION('center_axis',(0.,1.,0.));
#3480=DIRECTION('ref_axis',(0.707106781186547,0.,-0.707106781186548));
#3481=DIRECTION('center_axis',(0.,-1.,0.));
#3482=DIRECTION('ref_axis',(0.707106781186547,0.,-0.707106781186548));
#3483=DIRECTION('center_axis',(0.,1.,0.));
#3484=DIRECTION('ref_axis',(0.707106781186547,0.,-0.707106781186548));
#3485=DIRECTION('center_axis',(0.,1.,0.));
#3486=DIRECTION('ref_axis',(-1.,0.,0.));
#3487=DIRECTION('',(-1.,0.,0.));
#3488=DIRECTION('center_axis',(0.,-1.,0.));
#3489=DIRECTION('ref_axis',(0.,1.85037170770859E-15,1.));
#3490=DIRECTION('',(0.,0.,1.));
#3491=DIRECTION('center_axis',(0.,-1.,0.));
#3492=DIRECTION('ref_axis',(1.,0.,0.));
#3493=DIRECTION('',(1.,0.,1.43271637939723E-14));
#3494=DIRECTION('center_axis',(0.,-1.,0.));
#3495=DIRECTION('ref_axis',(0.,1.77635683940025E-15,1.));
#3496=DIRECTION('center_axis',(0.,1.,0.));
#3497=DIRECTION('ref_axis',(-1.,0.,0.));
#3498=DIRECTION('center_axis',(0.,-1.,0.));
#3499=DIRECTION('ref_axis',(-0.707106781186548,0.,-0.707106781186547));
#3500=DIRECTION('',(1.,0.,0.));
#3501=DIRECTION('center_axis',(0.,-1.,0.));
#3502=DIRECTION('ref_axis',(0.707106781186547,0.,-0.707106781186548));
#3503=DIRECTION('',(1.,0.,1.43271637939723E-14));
#3504=DIRECTION('center_axis',(0.,-1.,0.));
#3505=DIRECTION('ref_axis',(-0.707106781186548,0.,0.707106781186547));
#3506=DIRECTION('',(0.,-1.,0.));
#3507=DIRECTION('center_axis',(-0.227835428288773,-0.97369965472751,-1.68632092207686E-16));
#3508=DIRECTION('ref_axis',(-0.97369965472751,0.227835428288772,-7.20682517165364E-16));
#3509=DIRECTION('',(0.,1.,0.));
#3510=DIRECTION('center_axis',(-0.443686555718943,-0.896182035232944,0.));
#3511=DIRECTION('ref_axis',(-0.633696394290776,0.31373377227017,0.707106781186547));
#3512=DIRECTION('',(-0.443686555718943,-0.896182035232944,0.));
#3513=DIRECTION('center_axis',(-0.227835428288773,-0.97369965472751,0.));
#3514=DIRECTION('ref_axis',(0.97369965472751,-0.227835428288773,0.));
#3515=DIRECTION('',(0.443686555718943,0.896182035232944,0.));
#3516=DIRECTION('center_axis',(0.,-1.,0.));
#3517=DIRECTION('ref_axis',(-0.707106781186547,0.,0.707106781186548));
#3518=DIRECTION('',(0.,1.,0.));
#3519=DIRECTION('',(0.,-1.,0.));
#3520=DIRECTION('center_axis',(-0.382683432365088,-0.923879532511287,0.));
#3521=DIRECTION('ref_axis',(-0.923879532511287,0.382683432365088,0.));
#3522=DIRECTION('',(0.,1.,0.));
#3523=DIRECTION('center_axis',(-0.707106781186545,-0.70710678118655,0.));
#3524=DIRECTION('ref_axis',(-0.500000000000002,0.499999999999999,0.707106781186547));
#3525=DIRECTION('',(-0.707106781186545,-0.70710678118655,0.));
#3526=DIRECTION('center_axis',(-0.38268343236517,-0.923879532511253,-1.41621319251465E-16));
#3527=DIRECTION('ref_axis',(0.923879532511253,-0.38268343236517,-3.41904109658146E-16));
#3528=DIRECTION('',(0.707106781186545,0.70710678118655,0.));
#3529=DIRECTION('center_axis',(-1.78074099087811E-13,-1.,0.));
#3530=DIRECTION('ref_axis',(-0.707106781186547,1.25607396694702E-13,0.707106781186548));
#3531=DIRECTION('',(-1.78074099087811E-13,-1.,0.));
#3532=DIRECTION('center_axis',(0.107268881071046,-0.994230047400382,2.86411732000094E-15));
#3533=DIRECTION('ref_axis',(0.994230047400382,0.107268881071046,2.65462962826472E-14));
#3534=DIRECTION('',(1.78074099087811E-13,1.,0.));
#3535=DIRECTION('center_axis',(0.21329988942389,-0.976986774307491,0.));
#3536=DIRECTION('ref_axis',(-0.690833973242398,-0.150825798237974,0.707106781186548));
#3537=DIRECTION('',(0.21329988942389,-0.976986774307491,0.));
#3538=DIRECTION('center_axis',(0.107268881071135,-0.994230047400372,0.));
#3539=DIRECTION('ref_axis',(-0.994230047400372,-0.107268881071135,0.));
#3540=DIRECTION('',(-0.21329988942389,0.976986774307491,0.));
#3541=DIRECTION('center_axis',(0.,-1.,0.));
#3542=DIRECTION('ref_axis',(-0.707106781186548,0.,0.707106781186548));
#3543=DIRECTION('',(0.,1.,0.));
#3544=DIRECTION('',(0.,-1.,0.));
#3545=DIRECTION('center_axis',(-0.38268343236508,-0.923879532511291,-1.41621319251432E-16));
#3546=DIRECTION('ref_axis',(-0.923879532511291,0.38268343236508,-3.41904109657987E-16));
#3547=DIRECTION('',(0.,1.,0.));
#3548=DIRECTION('center_axis',(-0.707106781186537,-0.707106781186559,0.));
#3549=DIRECTION('ref_axis',(-0.500000000000008,0.499999999999991,0.707106781186548));
#3550=DIRECTION('',(-0.707106781186537,-0.707106781186559,0.));
#3551=DIRECTION('center_axis',(-0.382683432365087,-0.923879532511288,5.66485277005738E-16));
#3552=DIRECTION('ref_axis',(0.923879532511288,-0.382683432365087,1.36761643863198E-15));
#3553=DIRECTION('',(0.707106781186537,0.707106781186559,0.));
#3554=DIRECTION('center_axis',(-0.408248290463864,-0.408248290463864,-0.816496580927725));
#3555=DIRECTION('ref_axis',(-0.577350269189627,-0.577350269189623,0.577350269189627));
#3556=DIRECTION('center_axis',(1.,-7.40148683083436E-16,5.55111512312578E-16));
#3557=DIRECTION('ref_axis',(-7.40148683083436E-16,-1.,0.));
#3558=DIRECTION('center_axis',(0.,0.,-1.));
#3559=DIRECTION('ref_axis',(-1.,5.9211894646675E-15,0.));
#3560=DIRECTION('center_axis',(5.9211894646675E-15,1.,0.));
#3561=DIRECTION('ref_axis',(0.,0.,1.));
#3562=DIRECTION('center_axis',(-0.816496580927726,-0.408248290463863,0.408248290463862));
#3563=DIRECTION('ref_axis',(0.577350269189625,-0.577350269189626,0.577350269189626));
#3564=DIRECTION('center_axis',(0.,1.,0.));
#3565=DIRECTION('ref_axis',(1.,0.,0.));
#3566=DIRECTION('center_axis',(0.,0.,-1.));
#3567=DIRECTION('ref_axis',(0.,-1.,0.));
#3568=DIRECTION('center_axis',(-1.,0.,0.));
#3569=DIRECTION('ref_axis',(0.,0.,1.));
#3570=DIRECTION('center_axis',(0.408248290463864,0.408248290463863,-0.816496580927725));
#3571=DIRECTION('ref_axis',(-0.577350269189626,-0.577350269189625,-0.577350269189626));
#3572=DIRECTION('center_axis',(5.9211894646675E-15,1.,0.));
#3573=DIRECTION('ref_axis',(-1.,5.9211894646675E-15,0.));
#3574=DIRECTION('center_axis',(0.,0.,1.));
#3575=DIRECTION('ref_axis',(-5.55111512312577E-16,-1.,0.));
#3576=DIRECTION('center_axis',(1.,-1.85037170770859E-16,0.));
#3577=DIRECTION('ref_axis',(0.,0.,-1.));
#3578=DIRECTION('center_axis',(0.,0.,1.));
#3579=DIRECTION('ref_axis',(-0.707106781186547,-0.707106781186548,0.));
#3580=DIRECTION('',(0.,0.,-1.));
#3581=DIRECTION('',(0.,0.,1.));
#3582=DIRECTION('center_axis',(0.439732612032307,0.182143211721524,-0.879465224064609));
#3583=DIRECTION('ref_axis',(0.812519920068746,0.336556770590775,0.475963149477969));
#3584=DIRECTION('center_axis',(-0.707106781186546,0.707106781186549,6.2803698347351E-15));
#3585=DIRECTION('ref_axis',(0.707106781186549,0.707106781186546,0.));
#3586=DIRECTION('center_axis',(0.,0.,-1.));
#3587=DIRECTION('ref_axis',(1.,0.,0.));
#3588=DIRECTION('center_axis',(5.92118946466751E-15,-1.,0.));
#3589=DIRECTION('ref_axis',(0.,0.,1.));
#3590=DIRECTION('center_axis',(-0.816496580927726,-0.408248290463864,-0.408248290463862));
#3591=DIRECTION('ref_axis',(0.577350269189625,-0.577350269189627,-0.577350269189625));
#3592=DIRECTION('center_axis',(-1.,0.,0.));
#3593=DIRECTION('ref_axis',(0.,-1.,0.));
#3594=DIRECTION('center_axis',(0.,0.,1.));
#3595=DIRECTION('ref_axis',(1.,0.,0.));
#3596=DIRECTION('center_axis',(0.,1.,0.));
#3597=DIRECTION('ref_axis',(0.,0.,-1.));
#3598=DIRECTION('center_axis',(0.,0.,1.));
#3599=DIRECTION('ref_axis',(0.707106781186546,-0.707106781186549,0.));
#3600=DIRECTION('',(0.,0.,-1.));
#3601=DIRECTION('',(0.,0.,1.));
#3602=DIRECTION('center_axis',(-0.439732612032307,-0.182143211721524,-0.879465224064609));
#3603=DIRECTION('ref_axis',(0.812519920068746,0.336556770590775,-0.475963149477969));
#3604=DIRECTION('center_axis',(-0.70710678118655,0.707106781186545,0.));
#3605=DIRECTION('ref_axis',(0.,0.,-1.));
#3606=DIRECTION('center_axis',(0.,-1.,5.9211894646675E-15));
#3607=DIRECTION('ref_axis',(1.,0.,0.));
#3608=DIRECTION('center_axis',(0.,0.,1.));
#3609=DIRECTION('ref_axis',(0.707106781186547,0.707106781186548,0.));
#3610=DIRECTION('center_axis',(0.,-1.,0.));
#3611=DIRECTION('ref_axis',(0.707106781186547,0.,-0.707106781186548));
#3612=DIRECTION('',(0.,1.,0.));
#3613=DIRECTION('',(0.,-1.,0.));
#3614=DIRECTION('',(0.,1.,0.));
#3615=DIRECTION('',(0.,1.,0.));
#3616=DIRECTION('center_axis',(0.,0.,-1.));
#3617=DIRECTION('ref_axis',(0.923879532511287,0.38268343236509,0.));
#3618=DIRECTION('',(0.,0.,1.));
#3619=DIRECTION('',(0.,0.,-1.));
#3620=DIRECTION('center_axis',(-0.707106781186548,0.707106781186548,0.));
#3621=DIRECTION('ref_axis',(0.5,0.5,-0.707106781186548));
#3622=DIRECTION('',(0.707106781186547,-0.707106781186547,0.));
#3623=DIRECTION('',(-0.707106781186548,0.707106781186548,0.));
#3624=DIRECTION('center_axis',(-0.382683432365091,0.923879532511287,0.));
#3625=DIRECTION('ref_axis',(0.923879532511286,0.382683432365091,0.));
#3626=DIRECTION('center_axis',(-1.,5.92118946466749E-16,0.));
#3627=DIRECTION('ref_axis',(-5.23364152894591E-16,-0.707106781186548,-0.707106781186547));
#3628=DIRECTION('',(1.,-5.92118946466749E-16,0.));
#3629=DIRECTION('',(-1.,5.92118946466749E-16,0.));
#3630=DIRECTION('center_axis',(0.,1.,0.));
#3631=DIRECTION('ref_axis',(0.707106781186547,0.,-0.707106781186548));
#3632=DIRECTION('',(0.,-1.,0.));
#3633=DIRECTION('',(0.,-1.,0.));
#3634=DIRECTION('',(0.,1.,0.));
#3635=DIRECTION('center_axis',(0.,1.,0.));
#3636=DIRECTION('ref_axis',(0.707106781186547,0.,0.707106781186548));
#3637=DIRECTION('',(0.,-1.,0.));
#3638=DIRECTION('',(0.,1.,0.));
#3639=DIRECTION('',(0.,-1.,0.));
#3640=DIRECTION('',(0.,-1.,0.));
#3641=DIRECTION('center_axis',(0.707106781186548,-0.707106781186548,0.));
#3642=DIRECTION('ref_axis',(0.5,0.5,0.707106781186548));
#3643=DIRECTION('',(0.707106781186548,-0.707106781186548,0.));
#3644=DIRECTION('',(-0.707106781186548,0.707106781186548,0.));
#3645=DIRECTION('center_axis',(-0.382683432365091,0.923879532511287,0.));
#3646=DIRECTION('ref_axis',(-0.923879532511286,-0.382683432365091,0.));
#3647=DIRECTION('center_axis',(5.92325691908952E-15,1.,0.));
#3648=DIRECTION('ref_axis',(-0.707106781186547,4.18691322315673E-15,-0.707106781186548));
#3649=DIRECTION('',(-5.92325691908953E-15,-1.,0.));
#3650=DIRECTION('',(5.92325691908953E-15,1.,0.));
#3651=DIRECTION('center_axis',(0.382683432365087,0.923879532511288,0.));
#3652=DIRECTION('ref_axis',(0.923879532511288,-0.382683432365087,0.));
#3653=DIRECTION('center_axis',(1.,-5.92118946466749E-16,0.));
#3654=DIRECTION('ref_axis',(-5.23364152894591E-16,-0.707106781186548,0.707106781186547));
#3655=DIRECTION('',(-1.,5.92118946466749E-16,0.));
#3656=DIRECTION('',(1.,-5.92118946466749E-16,0.));
#3657=DIRECTION('center_axis',(0.,-1.,0.));
#3658=DIRECTION('ref_axis',(0.707106781186547,0.,0.707106781186548));
#3659=DIRECTION('',(0.,-1.,0.));
#3660=DIRECTION('',(0.,1.,0.));
#3661=DIRECTION('center_axis',(0.,-1.,0.));
#3662=DIRECTION('ref_axis',(0.707106781186547,0.,0.707106781186548));
#3663=DIRECTION('',(0.,1.,0.));
#3664=DIRECTION('center_axis',(0.707106781186537,0.707106781186559,0.));
#3665=DIRECTION('ref_axis',(-0.500000000000008,0.499999999999991,-0.707106781186548));
#3666=DIRECTION('',(-0.707106781186537,-0.707106781186559,0.));
#3667=DIRECTION('',(0.707106781186537,0.707106781186559,0.));
#3668=DIRECTION('center_axis',(0.38268343236508,0.923879532511291,1.41621319251432E-16));
#3669=DIRECTION('ref_axis',(-0.923879532511291,0.38268343236508,3.41904109657982E-16));
#3670=DIRECTION('center_axis',(-5.92325691908952E-15,-1.,0.));
#3671=DIRECTION('ref_axis',(-0.707106781186547,4.18691322315673E-15,0.707106781186548));
#3672=DIRECTION('',(-5.92325691908953E-15,-1.,0.));
#3673=DIRECTION('',(5.92325691908953E-15,1.,0.));
#3674=DIRECTION('center_axis',(0.,1.,0.));
#3675=DIRECTION('ref_axis',(-0.707106781186548,0.,-0.707106781186548));
#3676=DIRECTION('',(0.,-1.,0.));
#3677=DIRECTION('',(0.,1.,0.));
#3678=DIRECTION('center_axis',(-0.107268881071135,0.994230047400372,-7.93949210606346E-17));
#3679=DIRECTION('ref_axis',(-0.994230047400372,-0.107268881071135,-7.35878060265369E-16));
#3680=DIRECTION('',(0.,-1.,0.));
#3681=DIRECTION('center_axis',(-0.21329988942389,0.976986774307491,0.));
#3682=DIRECTION('ref_axis',(-0.690833973242398,-0.150825798237974,-0.707106781186548));
#3683=DIRECTION('',(0.21329988942389,-0.976986774307491,0.));
#3684=DIRECTION('',(-0.21329988942389,0.976986774307491,0.));
#3685=DIRECTION('center_axis',(-0.107268881071049,0.994230047400382,-1.98487302651427E-17));
#3686=DIRECTION('ref_axis',(0.994230047400382,0.107268881071049,-1.83969515066026E-16));
#3687=DIRECTION('center_axis',(1.78074099087811E-13,1.,0.));
#3688=DIRECTION('ref_axis',(-0.707106781186547,1.25607396694702E-13,-0.707106781186548));
#3689=DIRECTION('',(-1.78074099087811E-13,-1.,0.));
#3690=DIRECTION('',(1.78074099087811E-13,1.,0.));
#3691=DIRECTION('center_axis',(0.382683432365171,0.923879532511253,1.41621319251465E-16));
#3692=DIRECTION('ref_axis',(0.923879532511253,-0.382683432365171,3.41904109658145E-16));
#3693=DIRECTION('center_axis',(0.707106781186545,0.70710678118655,0.));
#3694=DIRECTION('ref_axis',(-0.500000000000002,0.499999999999999,-0.707106781186547));
#3695=DIRECTION('',(-0.707106781186545,-0.70710678118655,0.));
#3696=DIRECTION('',(0.707106781186545,0.70710678118655,0.));
#3697=DIRECTION('center_axis',(0.382683432365088,0.923879532511287,0.));
#3698=DIRECTION('ref_axis',(-0.923879532511287,0.382683432365088,0.));
#3699=DIRECTION('center_axis',(0.,1.,0.));
#3700=DIRECTION('ref_axis',(-0.707106781186547,0.,-0.707106781186548));
#3701=DIRECTION('',(0.,-1.,0.));
#3702=DIRECTION('',(0.,1.,0.));
#3703=DIRECTION('center_axis',(0.227835428288773,0.97369965472751,-3.21999425307683E-15));
#3704=DIRECTION('ref_axis',(0.97369965472751,-0.227835428288773,-1.37612807454668E-14));
#3705=DIRECTION('',(0.,-1.,0.));
#3706=DIRECTION('center_axis',(0.443686555718943,0.896182035232944,0.));
#3707=DIRECTION('ref_axis',(-0.633696394290776,0.31373377227017,-0.707106781186547));
#3708=DIRECTION('',(-0.443686555718943,-0.896182035232944,0.));
#3709=DIRECTION('',(0.443686555718943,0.896182035232944,0.));
#3710=DIRECTION('center_axis',(0.227835428288773,0.97369965472751,0.));
#3711=DIRECTION('ref_axis',(-0.97369965472751,0.227835428288772,0.));
#3712=DIRECTION('center_axis',(0.,1.,0.));
#3713=DIRECTION('ref_axis',(-0.707106781186548,0.,-0.707106781186547));
#3714=DIRECTION('',(0.,-1.,0.));
#3715=DIRECTION('',(0.,1.,0.));
#3716=DIRECTION('center_axis',(1.,0.,0.));
#3717=DIRECTION('ref_axis',(0.,0.,1.));
#3718=DIRECTION('',(-0.707106781186548,-8.65956056235493E-17,0.707106781186547));
#3719=DIRECTION('center_axis',(1.,0.,0.));
#3720=DIRECTION('ref_axis',(0.,0.,1.));
#3721=DIRECTION('center_axis',(-1.,0.,0.));
#3722=DIRECTION('ref_axis',(0.,0.,1.));
#3723=DIRECTION('center_axis',(-1.,0.,0.));
#3724=DIRECTION('ref_axis',(0.,0.,1.));
#3725=DIRECTION('center_axis',(1.,0.,0.));
#3726=DIRECTION('ref_axis',(0.,1.,0.));
#3727=DIRECTION('center_axis',(1.,0.,0.));
#3728=DIRECTION('ref_axis',(0.,1.,0.));
#3729=DIRECTION('center_axis',(-1.,0.,0.));
#3730=DIRECTION('ref_axis',(0.,0.,1.));
#3731=DIRECTION('center_axis',(0.,1.,0.));
#3732=DIRECTION('ref_axis',(-1.,0.,0.));
#3733=DIRECTION('',(-1.,0.,0.));
#3734=DIRECTION('',(-1.,0.,0.));
#3735=DIRECTION('center_axis',(-1.,5.92325691908952E-15,0.));
#3736=DIRECTION('ref_axis',(-5.92325691908953E-15,-1.,0.));
#3737=DIRECTION('',(0.,0.,1.));
#3738=DIRECTION('center_axis',(-0.707106781186559,0.707106781186537,0.));
#3739=DIRECTION('ref_axis',(-0.707106781186537,-0.707106781186559,0.));
#3740=DIRECTION('',(0.,0.,1.));
#3741=DIRECTION('center_axis',(-1.,0.,0.));
#3742=DIRECTION('ref_axis',(0.,0.,1.));
#3743=DIRECTION('center_axis',(1.,0.,0.));
#3744=DIRECTION('ref_axis',(0.,0.,1.));
#3745=DIRECTION('',(0.707106781186548,8.65956056235492E-17,0.707106781186547));
#3746=DIRECTION('center_axis',(-1.,0.,0.));
#3747=DIRECTION('ref_axis',(0.,0.,1.));
#3748=DIRECTION('center_axis',(1.,0.,0.));
#3749=DIRECTION('ref_axis',(0.,0.,1.));
#3750=DIRECTION('center_axis',(-1.,0.,0.));
#3751=DIRECTION('ref_axis',(0.,-1.,0.));
#3752=DIRECTION('center_axis',(-1.,0.,0.));
#3753=DIRECTION('ref_axis',(0.,-1.,0.));
#3754=DIRECTION('',(0.,0.,1.));
#3755=DIRECTION('center_axis',(-0.976986774307491,-0.21329988942389,0.));
#3756=DIRECTION('ref_axis',(0.21329988942389,-0.976986774307491,0.));
#3757=DIRECTION('',(0.,0.,-1.));
#3758=DIRECTION('center_axis',(-1.,1.78074099087811E-13,0.));
#3759=DIRECTION('ref_axis',(-1.78074099087811E-13,-1.,0.));
#3760=DIRECTION('',(0.,0.,1.));
#3761=DIRECTION('center_axis',(-0.70710678118655,0.707106781186545,0.));
#3762=DIRECTION('ref_axis',(-0.707106781186545,-0.70710678118655,0.));
#3763=DIRECTION('',(0.,0.,1.));
#3764=DIRECTION('center_axis',(-1.,0.,0.));
#3765=DIRECTION('ref_axis',(0.,0.,1.));
#3766=DIRECTION('center_axis',(1.,0.,0.));
#3767=DIRECTION('ref_axis',(0.,0.,1.));
#3768=DIRECTION('',(0.707106781186547,8.65956056235494E-17,0.707106781186548));
#3769=DIRECTION('center_axis',(-1.,0.,0.));
#3770=DIRECTION('ref_axis',(0.,0.,1.));
#3771=DIRECTION('center_axis',(1.,0.,0.));
#3772=DIRECTION('ref_axis',(0.,0.,1.));
#3773=DIRECTION('center_axis',(-1.,0.,0.));
#3774=DIRECTION('ref_axis',(0.,-1.,0.));
#3775=DIRECTION('center_axis',(-1.,0.,0.));
#3776=DIRECTION('ref_axis',(0.,-1.,0.));
#3777=DIRECTION('',(0.,0.,1.));
#3778=DIRECTION('center_axis',(-0.896182035232944,0.443686555718943,0.));
#3779=DIRECTION('ref_axis',(-0.443686555718943,-0.896182035232944,0.));
#3780=DIRECTION('',(0.,0.,1.));
#3781=DIRECTION('center_axis',(-1.,0.,0.));
#3782=DIRECTION('ref_axis',(0.,-1.,0.));
#3783=DIRECTION('center_axis',(-5.92118946466749E-16,-1.,0.));
#3784=DIRECTION('ref_axis',(1.,-5.92118946466749E-16,0.));
#3785=DIRECTION('center_axis',(0.,-1.,1.85037170770859E-15));
#3786=DIRECTION('ref_axis',(0.,-1.85037170770859E-15,-1.));
#3787=DIRECTION('center_axis',(0.,1.,0.));
#3788=DIRECTION('ref_axis',(0.,-1.85037170770859E-15,-1.));
#3789=DIRECTION('',(0.,1.,-1.85037170770859E-15));
#3790=DIRECTION('',(0.,-1.,1.85037170770859E-15));
#3791=DIRECTION('center_axis',(0.,-1.,2.66453525910039E-15));
#3792=DIRECTION('ref_axis',(0.,-1.85037170770859E-15,-1.));
#3793=DIRECTION('',(0.,-1.,1.85037170770859E-15));
#3794=DIRECTION('center_axis',(0.,-1.,1.70803542250025E-15));
#3795=DIRECTION('ref_axis',(0.,-1.70803542250025E-15,-1.));
#3796=DIRECTION('',(-1.,0.,0.));
#3797=DIRECTION('',(2.01858731750028E-15,1.77635683940025E-15,1.));
#3798=DIRECTION('',(1.,-1.12054105855257E-31,-6.30808536718838E-17));
#3799=DIRECTION('',(-4.03717463500057E-15,-1.77635683940025E-15,-1.));
#3800=DIRECTION('center_axis',(0.,1.,-1.70803542250025E-15));
#3801=DIRECTION('ref_axis',(0.,1.77635683940025E-15,1.));
#3802=DIRECTION('center_axis',(-1.,6.89563728340051E-30,4.03717463500057E-15));
#3803=DIRECTION('ref_axis',(4.03717463500057E-15,1.77635683940025E-15,1.));
#3804=DIRECTION('',(0.,-1.,1.70803542250025E-15));
#3805=DIRECTION('',(0.,1.,-1.70803542250025E-15));
#3806=DIRECTION('',(4.03717463500057E-15,1.77635683940025E-15,1.));
#3807=DIRECTION('center_axis',(-6.30808536718838E-17,-1.70803542250025E-15,
-1.));
#3808=DIRECTION('ref_axis',(-1.,1.12054105855257E-31,6.30808536718838E-17));
#3809=DIRECTION('',(0.,1.,-1.70803542250025E-15));
#3810=DIRECTION('',(-1.,1.12054105855257E-31,6.30808536718838E-17));
#3811=DIRECTION('center_axis',(1.,-3.44781864170025E-30,-2.01858731750028E-15));
#3812=DIRECTION('ref_axis',(-2.01858731750028E-15,-1.77635683940025E-15,
-1.));
#3813=DIRECTION('',(0.,1.,-1.70803542250025E-15));
#3814=DIRECTION('',(-2.01858731750028E-15,-1.77635683940025E-15,-1.));
#3815=DIRECTION('center_axis',(0.,1.70803542250025E-15,1.));
#3816=DIRECTION('ref_axis',(1.,0.,0.));
#3817=DIRECTION('',(1.,0.,0.));
#3818=DIRECTION('center_axis',(0.,1.,-1.70803542250025E-15));
#3819=DIRECTION('ref_axis',(0.,1.70803542250025E-15,1.));
#3820=DIRECTION('center_axis',(0.,-1.,1.70803542250025E-15));
#3821=DIRECTION('ref_axis',(0.,1.77635683940025E-15,1.));
#3822=DIRECTION('center_axis',(0.,-1.,1.77635683940025E-15));
#3823=DIRECTION('ref_axis',(0.,1.77635683940025E-15,1.));
#3824=DIRECTION('',(0.,-1.,1.77635683940025E-15));
#3825=DIRECTION('center_axis',(0.,-1.,1.77635683940025E-15));
#3826=DIRECTION('ref_axis',(0.,1.77635683940025E-15,1.));
#3827=DIRECTION('',(0.,-1.,1.77635683940025E-15));
#3828=DIRECTION('center_axis',(0.,-1.,1.77635683940025E-15));
#3829=DIRECTION('ref_axis',(0.,1.77635683940025E-15,1.));
#3830=DIRECTION('center_axis',(0.,-1.,1.77635683940025E-15));
#3831=DIRECTION('ref_axis',(0.,1.77635683940025E-15,1.));
#3832=DIRECTION('center_axis',(-0.707106781186548,0.707106781186548,0.));
#3833=DIRECTION('ref_axis',(0.,0.,1.));
#3834=DIRECTION('',(-0.707106781186548,-0.707106781186548,1.02056009814445E-14));
#3835=DIRECTION('',(0.,0.,-1.));
#3836=DIRECTION('',(0.707106781186548,0.707106781186548,0.));
#3837=DIRECTION('',(0.,0.,-1.));
#3838=DIRECTION('center_axis',(0.,-1.4432899320127E-14,-1.));
#3839=DIRECTION('ref_axis',(0.,-1.,1.4432899320127E-14));
#3840=DIRECTION('',(1.,0.,0.));
#3841=DIRECTION('',(0.,-1.,1.4432899320127E-14));
#3842=DIRECTION('center_axis',(0.,1.,0.));
#3843=DIRECTION('ref_axis',(0.,0.,-1.));
#3844=DIRECTION('',(0.,0.,-1.));
#3845=DIRECTION('center_axis',(0.,-1.,0.));
#3846=DIRECTION('ref_axis',(-1.,0.,0.));
#3847=DIRECTION('',(-1.,0.,0.));
#3848=DIRECTION('center_axis',(0.,0.,1.));
#3849=DIRECTION('ref_axis',(0.,1.,0.));
#3850=DIRECTION('',(0.,-1.,1.85037170770859E-15));
#3851=DIRECTION('',(0.,1.,0.));
#3852=DIRECTION('center_axis',(-1.,0.,0.));
#3853=DIRECTION('ref_axis',(0.,0.,1.));
#3854=DIRECTION('center_axis',(0.,-1.,0.));
#3855=DIRECTION('ref_axis',(0.,0.,1.));
#3856=DIRECTION('',(0.,0.,1.));
#3857=DIRECTION('',(-1.,0.,0.));
#3858=DIRECTION('',(0.,0.,1.));
#3859=DIRECTION('',(-1.,0.,0.));
#3860=DIRECTION('center_axis',(0.,1.09039761347114E-15,-1.));
#3861=DIRECTION('ref_axis',(0.,-1.,-1.09039761347114E-15));
#3862=DIRECTION('',(0.,-1.,-1.09039761347114E-15));
#3863=DIRECTION('',(-1.,0.,0.));
#3864=DIRECTION('',(0.,-1.,-1.09039761347114E-15));
#3865=DIRECTION('center_axis',(0.,1.,0.));
#3866=DIRECTION('ref_axis',(0.,0.,-1.));
#3867=DIRECTION('',(0.,0.,-1.));
#3868=DIRECTION('',(-1.,0.,0.));
#3869=DIRECTION('',(0.,0.,-1.));
#3870=DIRECTION('center_axis',(0.,9.91270557701033E-17,1.));
#3871=DIRECTION('ref_axis',(0.,1.,-9.91270557701033E-17));
#3872=DIRECTION('',(0.,1.,-9.91270557701033E-17));
#3873=DIRECTION('',(0.,1.,-9.91270557701033E-17));
#3874=DIRECTION('center_axis',(-1.,0.,0.));
#3875=DIRECTION('ref_axis',(0.,0.,1.));
#3876=DIRECTION('center_axis',(1.,0.,0.));
#3877=DIRECTION('ref_axis',(0.,0.,1.));
#3878=DIRECTION('center_axis',(-1.,0.,0.));
#3879=DIRECTION('ref_axis',(0.,0.,1.));
#3880=DIRECTION('center_axis',(1.,0.,0.));
#3881=DIRECTION('ref_axis',(0.,0.,1.));
#3882=DIRECTION('center_axis',(0.,9.91270557701032E-17,1.));
#3883=DIRECTION('ref_axis',(0.,1.,-9.91270557701032E-17));
#3884=DIRECTION('',(0.,-1.,9.91270557701032E-17));
#3885=DIRECTION('',(-1.,0.,0.));
#3886=DIRECTION('',(0.,1.,-9.91270557701032E-17));
#3887=DIRECTION('',(-1.,0.,0.));
#3888=DIRECTION('center_axis',(0.,-1.,-1.58603289232165E-15));
#3889=DIRECTION('ref_axis',(0.,-1.58603289232165E-15,1.));
#3890=DIRECTION('',(0.,1.58603289232165E-15,-1.));
#3891=DIRECTION('',(-1.,0.,0.));
#3892=DIRECTION('',(0.,-1.58603289232165E-15,1.));
#3893=DIRECTION('center_axis',(0.,-9.91270557701033E-16,-1.));
#3894=DIRECTION('ref_axis',(0.,-1.,9.91270557701033E-16));
#3895=DIRECTION('',(0.,1.,-9.91270557701033E-16));
#3896=DIRECTION('',(-1.,0.,0.));
#3897=DIRECTION('',(0.,-1.,9.91270557701033E-16));
#3898=DIRECTION('center_axis',(0.,1.,0.));
#3899=DIRECTION('ref_axis',(0.,0.,-1.));
#3900=DIRECTION('',(0.,0.,1.));
#3901=DIRECTION('',(0.,0.,-1.));
#3902=DIRECTION('center_axis',(-1.,0.,0.));
#3903=DIRECTION('ref_axis',(0.,0.,1.));
#3904=DIRECTION('center_axis',(1.,0.,0.));
#3905=DIRECTION('ref_axis',(0.,0.,1.));
#3906=DIRECTION('center_axis',(-1.,0.,0.));
#3907=DIRECTION('ref_axis',(0.,0.,1.));
#3908=DIRECTION('center_axis',(1.,0.,0.));
#3909=DIRECTION('ref_axis',(0.,0.,1.));
#3910=DIRECTION('center_axis',(1.,0.,0.));
#3911=DIRECTION('ref_axis',(0.,0.,1.));
#3912=DIRECTION('',(1.,0.,0.));
#3913=DIRECTION('center_axis',(1.,0.,0.));
#3914=DIRECTION('ref_axis',(0.,0.,1.));
#3915=DIRECTION('center_axis',(1.,0.,0.));
#3916=DIRECTION('ref_axis',(0.,0.,1.));
#3917=DIRECTION('',(1.,0.,0.));
#3918=DIRECTION('center_axis',(1.,0.,0.));
#3919=DIRECTION('ref_axis',(0.,0.,1.));
#3920=DIRECTION('center_axis',(-0.707106781186548,-0.707106781186548,0.));
#3921=DIRECTION('ref_axis',(0.707106781186548,-0.707106781186548,0.));
#3922=DIRECTION('',(0.,0.,1.));
#3923=DIRECTION('center_axis',(-1.,0.,0.));
#3924=DIRECTION('ref_axis',(0.,-1.,0.));
#3925=DIRECTION('center_axis',(0.,0.,1.));
#3926=DIRECTION('ref_axis',(1.,0.,0.));
#3927=DIRECTION('center_axis',(1.,0.,0.));
#3928=DIRECTION('ref_axis',(0.,1.,0.));
#3929=DIRECTION('',(0.,-1.,1.85037170770859E-15));
#3930=DIRECTION('',(0.,2.66453525910039E-15,1.));
#3931=DIRECTION('',(0.,-1.,1.85037170770859E-15));
#3932=DIRECTION('center_axis',(1.,0.,0.));
#3933=DIRECTION('ref_axis',(0.,1.,0.));
#3934=DIRECTION('center_axis',(-1.,0.,0.));
#3935=DIRECTION('ref_axis',(0.,0.,1.));
#3936=DIRECTION('center_axis',(-1.,0.,0.));
#3937=DIRECTION('ref_axis',(0.,-1.77635683940026E-15,-1.));
#3938=DIRECTION('',(0.,-2.66453525910039E-15,-1.));
#3939=DIRECTION('',(0.,-1.,1.85037170770859E-15));
#3940=DIRECTION('center_axis',(0.,-1.,1.85037170770859E-15));
#3941=DIRECTION('ref_axis',(-1.,0.,0.));
#3942=DIRECTION('center_axis',(0.,-1.,2.66453525910039E-15));
#3943=DIRECTION('ref_axis',(-1.,0.,0.));
#3944=DIRECTION('',(0.,-1.,1.85037170770859E-15));
#3945=DIRECTION('center_axis',(0.,1.85037170770859E-15,1.));
#3946=DIRECTION('ref_axis',(-1.,0.,0.));
#3947=DIRECTION('',(-1.,0.,0.));
#3948=DIRECTION('',(0.,-1.,1.85037170770859E-15));
#3949=DIRECTION('center_axis',(0.,-1.,1.85037170770859E-15));
#3950=DIRECTION('ref_axis',(0.,1.85037170770859E-15,1.));
#3951=DIRECTION('center_axis',(0.,-1.,2.66453525910039E-15));
#3952=DIRECTION('ref_axis',(0.,1.85037170770859E-15,1.));
#3953=DIRECTION('center_axis',(0.,-1.,1.85037170770859E-15));
#3954=DIRECTION('ref_axis',(1.,0.,0.));
#3955=DIRECTION('center_axis',(0.,-1.,2.66453525910039E-15));
#3956=DIRECTION('ref_axis',(1.,0.,0.));
#3957=DIRECTION('',(0.,-1.,1.85037170770859E-15));
#3958=DIRECTION('center_axis',(1.43271637939723E-14,-1.85037170770859E-15,
-1.));
#3959=DIRECTION('ref_axis',(1.,2.54501553946304E-29,1.43271637939723E-14));
#3960=DIRECTION('',(1.,3.81752330919456E-29,1.43271637939723E-14));
#3961=DIRECTION('center_axis',(-1.,0.,0.));
#3962=DIRECTION('ref_axis',(0.,0.,1.));
#3963=DIRECTION('',(1.,0.,0.));
#3964=DIRECTION('center_axis',(1.,0.,0.));
#3965=DIRECTION('ref_axis',(0.,0.,1.));
#3966=DIRECTION('',(-0.707106781186548,-8.65956056235493E-17,0.707106781186547));
#3967=DIRECTION('center_axis',(1.,0.,0.));
#3968=DIRECTION('ref_axis',(0.,0.,1.));
#3969=DIRECTION('center_axis',(-1.,0.,0.));
#3970=DIRECTION('ref_axis',(0.,0.,1.));
#3971=DIRECTION('',(1.,0.,0.));
#3972=DIRECTION('center_axis',(0.,0.,-1.));
#3973=DIRECTION('ref_axis',(-1.,0.,0.));
#3974=DIRECTION('center_axis',(0.,-1.,-4.13106241720989E-15));
#3975=DIRECTION('ref_axis',(0.,-4.13106241720989E-15,1.));
#3976=DIRECTION('',(0.,-4.13106241720989E-15,1.));
#3977=DIRECTION('',(-1.,0.,0.));
#3978=DIRECTION('',(0.,-4.13106241720989E-15,1.));
#3979=DIRECTION('',(-1.,0.,0.));
#3980=DIRECTION('center_axis',(0.,8.39122053495762E-16,-1.));
#3981=DIRECTION('ref_axis',(0.,-1.,-8.39122053495762E-16));
#3982=DIRECTION('',(0.,-1.,-8.39122053495762E-16));
#3983=DIRECTION('',(-1.,0.,0.));
#3984=DIRECTION('',(0.,-1.,-8.39122053495762E-16));
#3985=DIRECTION('center_axis',(0.,1.,-1.23931872516297E-14));
#3986=DIRECTION('ref_axis',(0.,-1.23931872516297E-14,-1.));
#3987=DIRECTION('',(0.,-1.23931872516297E-14,-1.));
#3988=DIRECTION('',(-1.,0.,0.));
#3989=DIRECTION('',(0.,-1.23931872516297E-14,-1.));
#3990=DIRECTION('center_axis',(0.,-1.29095700537807E-16,1.));
#3991=DIRECTION('ref_axis',(0.,1.,1.29095700537807E-16));
#3992=DIRECTION('',(0.,1.,1.29095700537807E-16));
#3993=DIRECTION('',(0.,1.,1.29095700537807E-16));
#3994=DIRECTION('center_axis',(-1.,0.,0.));
#3995=DIRECTION('ref_axis',(0.,0.,1.));
#3996=DIRECTION('center_axis',(1.,0.,0.));
#3997=DIRECTION('ref_axis',(0.,-1.,0.));
#3998=DIRECTION('center_axis',(-1.,0.,0.));
#3999=DIRECTION('ref_axis',(0.,0.,1.));
#4000=DIRECTION('center_axis',(-1.,0.,0.));
#4001=DIRECTION('ref_axis',(0.,-1.,0.));
#4002=DIRECTION('center_axis',(0.,-1.,0.));
#4003=DIRECTION('ref_axis',(0.,0.,1.));
#4004=DIRECTION('',(0.,0.,1.));
#4005=DIRECTION('',(-1.,0.,0.));
#4006=DIRECTION('',(0.,0.,1.));
#4007=DIRECTION('',(-1.,0.,0.));
#4008=DIRECTION('center_axis',(0.,1.03276560430247E-15,-1.));
#4009=DIRECTION('ref_axis',(0.,-1.,-1.03276560430247E-15));
#4010=DIRECTION('',(0.,-1.,-1.03276560430247E-15));
#4011=DIRECTION('',(-1.,0.,0.));
#4012=DIRECTION('',(0.,-1.,-1.03276560430247E-15));
#4013=DIRECTION('center_axis',(0.,1.,1.23931872516297E-14));
#4014=DIRECTION('ref_axis',(0.,1.23931872516297E-14,-1.));
#4015=DIRECTION('',(0.,1.23931872516297E-14,-1.));
#4016=DIRECTION('',(-1.,0.,0.));
#4017=DIRECTION('',(0.,1.23931872516297E-14,-1.));
#4018=DIRECTION('center_axis',(0.,0.,1.));
#4019=DIRECTION('ref_axis',(0.,1.,0.));
#4020=DIRECTION('',(0.,1.,0.));
#4021=DIRECTION('',(0.,1.,0.));
#4022=DIRECTION('center_axis',(-1.,0.,0.));
#4023=DIRECTION('ref_axis',(0.,0.,1.));
#4024=DIRECTION('center_axis',(1.,0.,0.));
#4025=DIRECTION('ref_axis',(0.,-1.,0.));
#4026=DIRECTION('center_axis',(-1.,0.,0.));
#4027=DIRECTION('ref_axis',(0.,0.,1.));
#4028=DIRECTION('center_axis',(-1.,0.,0.));
#4029=DIRECTION('ref_axis',(0.,-1.,0.));
#4030=DIRECTION('center_axis',(1.,0.,0.));
#4031=DIRECTION('ref_axis',(0.,-1.,0.));
#4032=DIRECTION('',(1.,0.,0.));
#4033=DIRECTION('center_axis',(1.,0.,0.));
#4034=DIRECTION('ref_axis',(0.,-1.,0.));
#4035=DIRECTION('center_axis',(1.,0.,0.));
#4036=DIRECTION('ref_axis',(0.,-1.,0.));
#4037=DIRECTION('',(1.,0.,0.));
#4038=DIRECTION('center_axis',(1.,0.,0.));
#4039=DIRECTION('ref_axis',(0.,-1.,0.));
#4040=DIRECTION('center_axis',(1.,0.,0.));
#4041=DIRECTION('ref_axis',(0.,-1.,0.));
#4042=DIRECTION('center_axis',(1.,0.,0.));
#4043=DIRECTION('ref_axis',(0.,-1.,0.));
#4044=DIRECTION('',(1.,0.,0.));
#4045=DIRECTION('center_axis',(1.,0.,0.));
#4046=DIRECTION('ref_axis',(0.,-1.,0.));
#4047=DIRECTION('center_axis',(1.,0.,0.));
#4048=DIRECTION('ref_axis',(0.,-1.,0.));
#4049=DIRECTION('center_axis',(1.,0.,0.));
#4050=DIRECTION('ref_axis',(0.,-1.,0.));
#4051=DIRECTION('',(1.,0.,0.));
#4052=DIRECTION('center_axis',(1.,0.,0.));
#4053=DIRECTION('ref_axis',(0.,-1.,0.));
#4054=DIRECTION('center_axis',(0.,0.,-1.));
#4055=DIRECTION('ref_axis',(0.,1.,0.));
#4056=DIRECTION('center_axis',(0.,0.,1.));
#4057=DIRECTION('ref_axis',(0.707106781186551,0.707106781186544,0.));
#4058=DIRECTION('',(1.,0.,0.));
#4059=DIRECTION('',(0.,-1.,0.));
#4060=DIRECTION('',(-1.,0.,0.));
#4061=DIRECTION('center_axis',(0.,0.,1.));
#4062=DIRECTION('ref_axis',(0.707106781186534,0.707106781186561,0.));
#4063=DIRECTION('',(1.,0.,0.));
#4064=DIRECTION('',(0.,-1.,0.));
#4065=DIRECTION('',(-1.,0.,0.));
#4066=DIRECTION('center_axis',(0.,0.,1.));
#4067=DIRECTION('ref_axis',(0.707106781186551,0.707106781186544,0.));
#4068=DIRECTION('',(1.,0.,0.));
#4069=DIRECTION('',(0.,-1.,0.));
#4070=DIRECTION('',(-1.,0.,0.));
#4071=DIRECTION('center_axis',(0.,0.,1.));
#4072=DIRECTION('ref_axis',(0.707106781186551,0.707106781186544,0.));
#4073=DIRECTION('',(1.,0.,0.));
#4074=DIRECTION('',(0.,-1.,0.));
#4075=DIRECTION('',(-1.,0.,0.));
#4076=DIRECTION('',(0.,-1.,0.));
#4077=DIRECTION('',(1.,0.,0.));
#4078=DIRECTION('',(0.,-1.,0.));
#4079=DIRECTION('',(-1.,0.,0.));
#4080=DIRECTION('center_axis',(0.,0.,1.));
#4081=DIRECTION('ref_axis',(0.,-1.,0.));
#4082=DIRECTION('center_axis',(0.,0.,-1.));
#4083=DIRECTION('ref_axis',(0.707106781186551,0.707106781186544,0.));
#4084=DIRECTION('',(1.,0.,0.));
#4085=DIRECTION('',(0.,1.,0.));
#4086=DIRECTION('',(-1.,0.,0.));
#4087=DIRECTION('',(0.,1.,0.));
#4088=DIRECTION('',(1.,0.,0.));
#4089=DIRECTION('',(0.,1.,0.));
#4090=DIRECTION('',(-1.,0.,0.));
#4091=DIRECTION('center_axis',(0.,0.,-1.));
#4092=DIRECTION('ref_axis',(0.707106781186551,0.707106781186544,0.));
#4093=DIRECTION('',(1.,0.,0.));
#4094=DIRECTION('',(0.,1.,0.));
#4095=DIRECTION('',(-1.,0.,0.));
#4096=DIRECTION('center_axis',(0.,0.,-1.));
#4097=DIRECTION('ref_axis',(0.707106781186551,0.707106781186544,0.));
#4098=DIRECTION('',(1.,0.,0.));
#4099=DIRECTION('',(0.,1.,0.));
#4100=DIRECTION('',(-1.,0.,0.));
#4101=DIRECTION('center_axis',(0.,0.,-1.));
#4102=DIRECTION('ref_axis',(0.707106781186534,0.707106781186561,0.));
#4103=DIRECTION('',(1.,0.,0.));
#4104=DIRECTION('',(0.,1.,0.));
#4105=DIRECTION('',(-1.,0.,0.));
#4106=DIRECTION('center_axis',(0.,-1.,0.));
#4107=DIRECTION('ref_axis',(0.,0.,-1.));
#4108=DIRECTION('',(0.,0.,1.));
#4109=DIRECTION('',(0.,0.,-1.));
#4110=DIRECTION('center_axis',(0.,-1.,0.));
#4111=DIRECTION('ref_axis',(0.,0.,-1.));
#4112=DIRECTION('',(0.,0.,1.));
#4113=DIRECTION('',(0.,0.,-1.));
#4114=DIRECTION('center_axis',(0.,0.,1.));
#4115=DIRECTION('ref_axis',(0.707106781186551,0.707106781186544,0.));
#4116=DIRECTION('',(0.,0.,-1.));
#4117=DIRECTION('',(0.,0.,1.));
#4118=DIRECTION('center_axis',(0.,1.,0.));
#4119=DIRECTION('ref_axis',(0.,0.,1.));
#4120=DIRECTION('',(0.,0.,1.));
#4121=DIRECTION('center_axis',(0.,0.,1.));
#4122=DIRECTION('ref_axis',(0.707106781186551,0.707106781186544,0.));
#4123=DIRECTION('',(0.,0.,-1.));
#4124=DIRECTION('center_axis',(0.,1.,0.));
#4125=DIRECTION('ref_axis',(0.,0.,1.));
#4126=DIRECTION('',(0.,0.,1.));
#4127=DIRECTION('center_axis',(0.,0.,1.));
#4128=DIRECTION('ref_axis',(0.707106781186534,0.707106781186561,0.));
#4129=DIRECTION('',(0.,0.,-1.));
#4130=DIRECTION('center_axis',(0.,1.,0.));
#4131=DIRECTION('ref_axis',(0.,0.,1.));
#4132=DIRECTION('',(0.,0.,1.));
#4133=DIRECTION('center_axis',(0.,0.,1.));
#4134=DIRECTION('ref_axis',(0.707106781186551,0.707106781186544,0.));
#4135=DIRECTION('',(0.,0.,-1.));
#4136=DIRECTION('',(0.,0.,1.));
#4137=DIRECTION('center_axis',(0.,-1.,0.));
#4138=DIRECTION('ref_axis',(0.,0.,-1.));
#4139=DIRECTION('',(0.,0.,-1.));
#4140=DIRECTION('center_axis',(0.,1.,0.));
#4141=DIRECTION('ref_axis',(0.,0.,1.));
#4142=DIRECTION('',(0.,0.,1.));
#4143=DIRECTION('center_axis',(0.,-1.,0.));
#4144=DIRECTION('ref_axis',(0.,0.,-1.));
#4145=DIRECTION('',(0.,0.,-1.));
#4146=DIRECTION('center_axis',(1.,0.,0.));
#4147=DIRECTION('ref_axis',(0.,0.,-1.));
#4148=DIRECTION('center_axis',(-1.,0.,0.));
#4149=DIRECTION('ref_axis',(0.,0.707106781186546,0.707106781186549));
#4150=DIRECTION('',(0.,0.,-1.));
#4151=DIRECTION('center_axis',(-1.,0.,0.));
#4152=DIRECTION('ref_axis',(0.,0.707106781186546,-0.707106781186549));
#4153=DIRECTION('center_axis',(1.,0.,0.));
#4154=DIRECTION('ref_axis',(0.,0.,-1.));
#4155=DIRECTION('center_axis',(1.,0.,0.));
#4156=DIRECTION('ref_axis',(0.,0.,-1.));
#4157=DIRECTION('center_axis',(1.,0.,0.));
#4158=DIRECTION('ref_axis',(0.,0.,-1.));
#4159=DIRECTION('center_axis',(-1.,0.,0.));
#4160=DIRECTION('ref_axis',(0.,-0.707106781186546,-0.707106781186549));
#4161=DIRECTION('',(0.,0.,1.));
#4162=DIRECTION('center_axis',(-1.,0.,0.));
#4163=DIRECTION('ref_axis',(0.,-0.70710678118655,0.707106781186546));
#4164=DIRECTION('center_axis',(1.,0.,0.));
#4165=DIRECTION('ref_axis',(0.,-0.707106781186546,-0.707106781186549));
#4166=DIRECTION('center_axis',(-1.,0.,0.));
#4167=DIRECTION('ref_axis',(0.,-0.707106781186546,-0.707106781186549));
#4168=DIRECTION('',(-1.,0.,0.));
#4169=DIRECTION('center_axis',(1.,0.,0.));
#4170=DIRECTION('ref_axis',(0.,-0.70710678118655,0.707106781186546));
#4171=DIRECTION('',(1.,0.,0.));
#4172=DIRECTION('center_axis',(-1.,0.,0.));
#4173=DIRECTION('ref_axis',(0.,-0.70710678118655,0.707106781186546));
#4174=DIRECTION('center_axis',(1.,0.,0.));
#4175=DIRECTION('ref_axis',(0.,0.707106781186546,0.707106781186549));
#4176=DIRECTION('center_axis',(-1.,0.,0.));
#4177=DIRECTION('ref_axis',(0.,0.707106781186546,0.707106781186549));
#4178=DIRECTION('',(-1.,0.,0.));
#4179=DIRECTION('center_axis',(1.,0.,0.));
#4180=DIRECTION('ref_axis',(0.,0.707106781186546,-0.707106781186549));
#4181=DIRECTION('',(1.,0.,0.));
#4182=DIRECTION('center_axis',(-1.,0.,0.));
#4183=DIRECTION('ref_axis',(0.,0.707106781186546,-0.707106781186549));
#4184=DIRECTION('center_axis',(0.,1.,0.));
#4185=DIRECTION('ref_axis',(0.,0.,1.));
#4186=DIRECTION('',(0.,0.,-1.));
#4187=DIRECTION('center_axis',(0.,-1.,0.));
#4188=DIRECTION('ref_axis',(0.,0.,-1.));
#4189=DIRECTION('',(0.,0.,1.));
#4190=DIRECTION('center_axis',(1.,0.,0.));
#4191=DIRECTION('ref_axis',(0.,0.,-1.));
#4192=DIRECTION('center_axis',(1.,0.,0.));
#4193=DIRECTION('ref_axis',(0.,0.,1.));
#4194=DIRECTION('center_axis',(1.,0.,0.));
#4195=DIRECTION('ref_axis',(0.,0.,1.));
#4196=DIRECTION('',(1.,0.,0.));
#4197=DIRECTION('center_axis',(-1.,0.,0.));
#4198=DIRECTION('ref_axis',(0.,0.,1.));
#4199=DIRECTION('center_axis',(-1.,0.,0.));
#4200=DIRECTION('ref_axis',(0.,0.,1.));
#4201=DIRECTION('center_axis',(-1.,0.,0.));
#4202=DIRECTION('ref_axis',(0.,0.,1.));
#4203=DIRECTION('center_axis',(1.,0.,0.));
#4204=DIRECTION('ref_axis',(0.,0.,1.));
#4205=DIRECTION('center_axis',(1.,0.,0.));
#4206=DIRECTION('ref_axis',(0.,0.,1.));
#4207=DIRECTION('',(1.,0.,0.));
#4208=DIRECTION('center_axis',(-1.,0.,0.));
#4209=DIRECTION('ref_axis',(0.,0.,1.));
#4210=DIRECTION('center_axis',(-1.,0.,0.));
#4211=DIRECTION('ref_axis',(0.,0.,1.));
#4212=DIRECTION('center_axis',(-1.,0.,0.));
#4213=DIRECTION('ref_axis',(0.,0.,1.));
#4214=DIRECTION('center_axis',(0.,0.,-1.));
#4215=DIRECTION('ref_axis',(9.9032005946749E-65,-1.,0.));
#4216=DIRECTION('',(0.,-1.,0.));
#4217=DIRECTION('',(-1.,0.,0.));
#4218=DIRECTION('',(0.,1.,0.));
#4219=DIRECTION('',(-1.,0.,0.));
#4220=DIRECTION('center_axis',(5.49738065884481E-81,-5.55111512312579E-17,
1.));
#4221=DIRECTION('ref_axis',(-9.9032005946749E-65,1.,5.55111512312579E-17));
#4222=DIRECTION('',(0.,1.,5.55111512312579E-17));
#4223=DIRECTION('',(-1.,0.,5.49738065884481E-81));
#4224=DIRECTION('',(0.,-1.,-5.55111512312579E-17));
#4225=DIRECTION('',(1.,0.,-5.49738065884481E-81));
#4226=DIRECTION('center_axis',(1.,0.,0.));
#4227=DIRECTION('ref_axis',(0.,0.,-1.));
#4228=DIRECTION('center_axis',(1.,0.,0.));
#4229=DIRECTION('ref_axis',(0.,-0.707106781186548,-0.707106781186547));
#4230=DIRECTION('',(0.,0.,-1.));
#4231=DIRECTION('center_axis',(1.,0.,0.));
#4232=DIRECTION('ref_axis',(0.,-0.707106781186548,0.707106781186547));
#4233=DIRECTION('',(0.,-1.,6.06560871990329E-16));
#4234=DIRECTION('center_axis',(1.,0.,0.));
#4235=DIRECTION('ref_axis',(0.,0.707106781186553,0.707106781186542));
#4236=DIRECTION('',(0.,2.66453525910039E-15,1.));
#4237=DIRECTION('center_axis',(1.,0.,0.));
#4238=DIRECTION('ref_axis',(0.,0.707106781186548,-0.707106781186548));
#4239=DIRECTION('',(0.,1.,2.16628882853689E-17));
#4240=DIRECTION('',(0.,0.,1.));
#4241=DIRECTION('',(0.,-1.,0.));
#4242=DIRECTION('',(0.,0.,-1.));
#4243=DIRECTION('',(0.,1.,5.55111512312579E-17));
#4244=DIRECTION('',(0.,0.,1.));
#4245=DIRECTION('',(0.,0.,-1.));
#4246=DIRECTION('center_axis',(0.,0.,-1.));
#4247=DIRECTION('ref_axis',(0.,-1.,0.));
#4248=DIRECTION('',(1.,0.,0.));
#4249=DIRECTION('',(0.,1.,0.));
#4250=DIRECTION('',(-1.,0.,0.));
#4251=DIRECTION('center_axis',(0.,-5.55111512312579E-17,1.));
#4252=DIRECTION('ref_axis',(0.,1.,5.55111512312579E-17));
#4253=DIRECTION('',(1.,0.,0.));
#4254=DIRECTION('',(0.,-1.,-5.55111512312579E-17));
#4255=DIRECTION('',(1.,0.,0.));
#4256=DIRECTION('center_axis',(1.,0.,0.));
#4257=DIRECTION('ref_axis',(0.,0.,1.));
#4258=DIRECTION('',(1.,0.,0.));
#4259=DIRECTION('center_axis',(-1.,0.,0.));
#4260=DIRECTION('ref_axis',(0.,0.,1.));
#4261=DIRECTION('center_axis',(1.,0.,0.));
#4262=DIRECTION('ref_axis',(0.,0.,1.));
#4263=DIRECTION('',(1.,0.,0.));
#4264=DIRECTION('center_axis',(-1.,0.,0.));
#4265=DIRECTION('ref_axis',(0.,0.,1.));
#4266=DIRECTION('center_axis',(0.,1.,0.));
#4267=DIRECTION('ref_axis',(0.,0.,1.));
#4268=DIRECTION('',(0.,0.,1.));
#4269=DIRECTION('center_axis',(0.,-1.,0.));
#4270=DIRECTION('ref_axis',(0.,0.,-1.));
#4271=DIRECTION('',(0.,0.,-1.));
#4272=DIRECTION('center_axis',(1.,0.,0.));
#4273=DIRECTION('ref_axis',(0.,0.,-1.));
#4274=DIRECTION('center_axis',(0.,1.,0.));
#4275=DIRECTION('ref_axis',(0.,0.,1.));
#4276=DIRECTION('',(0.,0.,1.));
#4277=DIRECTION('center_axis',(0.,-1.,0.));
#4278=DIRECTION('ref_axis',(0.,0.,-1.));
#4279=DIRECTION('',(0.,0.,-1.));
#4280=DIRECTION('center_axis',(1.,0.,0.));
#4281=DIRECTION('ref_axis',(0.,0.,-1.));
#4282=DIRECTION('center_axis',(1.,0.,0.));
#4283=DIRECTION('ref_axis',(0.,-0.707106781186548,-0.707106781186547));
#4284=DIRECTION('center_axis',(-1.,0.,0.));
#4285=DIRECTION('ref_axis',(0.,-0.707106781186548,-0.707106781186547));
#4286=DIRECTION('',(-1.,0.,0.));
#4287=DIRECTION('',(1.,0.,0.));
#4288=DIRECTION('center_axis',(0.,-1.,0.));
#4289=DIRECTION('ref_axis',(0.,0.,-1.));
#4290=DIRECTION('',(0.,0.,-1.));
#4291=DIRECTION('',(1.,0.,0.));
#4292=DIRECTION('center_axis',(1.,0.,0.));
#4293=DIRECTION('ref_axis',(0.,-0.707106781186548,0.707106781186547));
#4294=DIRECTION('center_axis',(-1.,0.,0.));
#4295=DIRECTION('ref_axis',(0.,-0.707106781186548,0.707106781186547));
#4296=DIRECTION('',(-1.,0.,0.));
#4297=DIRECTION('center_axis',(1.,0.,0.));
#4298=DIRECTION('ref_axis',(0.,0.707106781186548,-0.707106781186548));
#4299=DIRECTION('center_axis',(-1.,0.,0.));
#4300=DIRECTION('ref_axis',(0.,0.707106781186548,-0.707106781186548));
#4301=DIRECTION('',(-1.,0.,0.));
#4302=DIRECTION('',(1.,0.,0.));
#4303=DIRECTION('center_axis',(0.,1.,-2.66453525910039E-15));
#4304=DIRECTION('ref_axis',(0.,2.66453525910039E-15,1.));
#4305=DIRECTION('',(-1.,0.,0.));
#4306=DIRECTION('',(0.,2.66453525910039E-15,1.));
#4307=DIRECTION('center_axis',(1.,0.,0.));
#4308=DIRECTION('ref_axis',(0.,0.707106781186553,0.707106781186542));
#4309=DIRECTION('center_axis',(-1.,0.,0.));
#4310=DIRECTION('ref_axis',(0.,0.707106781186553,0.707106781186542));
#4311=DIRECTION('',(1.,0.,0.));
#4312=DIRECTION('center_axis',(0.,6.06560871990329E-16,1.));
#4313=DIRECTION('ref_axis',(0.,-1.,6.06560871990329E-16));
#4314=DIRECTION('',(0.,-1.,6.06560871990329E-16));
#4315=DIRECTION('center_axis',(0.,2.16628882853689E-17,-1.));
#4316=DIRECTION('ref_axis',(0.,1.,2.16628882853689E-17));
#4317=DIRECTION('',(0.,1.,2.16628882853689E-17));
#4318=DIRECTION('center_axis',(1.,0.,0.));
#4319=DIRECTION('ref_axis',(0.,0.,-1.));
#4320=CARTESIAN_POINT('',(0.,0.,0.));
#4321=CARTESIAN_POINT('Origin',(10.29185825333,98.4999999999997,0.0890423994498079));
#4322=CARTESIAN_POINT('',(11.29185825333,97.4999999999997,6.14999999999982));
#4323=CARTESIAN_POINT('',(9.29185825333003,99.4999999999997,6.14999999999982));
#4324=CARTESIAN_POINT('',(14.2188936899975,94.5729645633322,6.14999999999983));
#4325=CARTESIAN_POINT('',(11.29185825333,97.4999999999997,-6.15000000000014));
#4326=CARTESIAN_POINT('',(11.29185825333,97.4999999999997,0.0890423994498097));
#4327=CARTESIAN_POINT('',(9.29185825333003,99.4999999999997,-6.15000000000017));
#4328=CARTESIAN_POINT('',(8.96889368999754,99.8229645633321,-6.15000000000018));
#4329=CARTESIAN_POINT('',(9.29185825333003,99.4999999999997,0.0890423994498061));
#4330=CARTESIAN_POINT('Origin',(19.5,99.4999999999997,-1.78745906964651E-13));
#4331=CARTESIAN_POINT('',(9.,99.4999999999997,-6.15000000000018));
#4332=CARTESIAN_POINT('',(20.5,99.4999999999997,-6.15000000000001));
#4333=CARTESIAN_POINT('',(6.87867965644036,99.4999999999997,-4.35000000000018));
#4334=CARTESIAN_POINT('Origin',(9.,99.4999999999997,-4.00000000000018));
#4335=CARTESIAN_POINT('',(4.85,99.4999999999997,-4.35000000000018));
#4336=CARTESIAN_POINT('',(13.25,99.4999999999997,-4.35000000000018));
#4337=CARTESIAN_POINT('',(4.85,99.4999999999997,4.34999999999982));
#4338=CARTESIAN_POINT('',(4.85,99.4999999999997,-1.83908444029157E-13));
#4339=CARTESIAN_POINT('',(6.87867965644036,99.4999999999997,4.34999999999982));
#4340=CARTESIAN_POINT('',(13.25,99.4999999999997,4.34999999999982));
#4341=CARTESIAN_POINT('',(9.,99.4999999999997,6.14999999999982));
#4342=CARTESIAN_POINT('Origin',(9.,99.4999999999997,3.99999999999982));
#4343=CARTESIAN_POINT('',(31.,99.4999999999997,6.14999999999982));
#4344=CARTESIAN_POINT('Origin',(10.79185825333,93.9999999999997,3.7890423994499));
#4345=CARTESIAN_POINT('',(10.29185825333,93.4999999999997,-7.04383040220041));
#4346=CARTESIAN_POINT('',(11.29185825333,94.4999999999997,-7.04383040220041));
#4347=CARTESIAN_POINT('',(9.86889368999751,93.0770354366672,-7.04383040220041));
#4348=CARTESIAN_POINT('',(11.29185825333,94.4999999999997,7.3));
#4349=CARTESIAN_POINT('',(11.29185825333,94.4999999999997,3.7890423994499));
#4350=CARTESIAN_POINT('',(10.6,93.8081417466697,7.3));
#4351=CARTESIAN_POINT('',(-11.0311063100025,72.1770354366673,7.3));
#4352=CARTESIAN_POINT('',(10.29185825333,93.4999999999997,7.28413281607223));
#4353=CARTESIAN_POINT('Origin',(10.6,93.8081417466697,4.3));
#4354=CARTESIAN_POINT('',(10.29185825333,93.4999999999997,3.7890423994499));
#4355=CARTESIAN_POINT('Origin',(11.29185825333,96.4999999999998,0.178084798899796));
#4356=CARTESIAN_POINT('',(11.29185825333,99.4999999999997,6.14999999999982));
#4357=CARTESIAN_POINT('',(11.29185825333,99.4999999999998,6.14999999999982));
#4358=CARTESIAN_POINT('',(11.29185825333,99.4999999999997,7.3));
#4359=CARTESIAN_POINT('',(11.29185825333,99.4999999999997,0.0890423994498982));
#4360=CARTESIAN_POINT('',(11.29185825333,48.4999999999997,7.3));
#4361=CARTESIAN_POINT('',(11.29185825333,99.5,-7.04383040220041));
#4362=CARTESIAN_POINT('',(11.29185825333,94.9999999999997,-7.04383040220041));
#4363=CARTESIAN_POINT('',(11.29185825333,99.4999999999997,-6.15000000000015));
#4364=CARTESIAN_POINT('',(11.29185825333,99.4999999999997,0.0890423994498982));
#4365=CARTESIAN_POINT('',(11.29185825333,99.4999999999997,-6.15000000000015));
#4366=CARTESIAN_POINT('Origin',(7.6,93.4999999999997,-7.04383040220041));
#4367=CARTESIAN_POINT('',(9.38698939660003,93.4999999999997,-7.04383040220041));
#4368=CARTESIAN_POINT('',(7.6,93.4999999999997,-7.04383040220041));
#4369=CARTESIAN_POINT('',(9.38698939660003,99.5,-7.04383040220041));
#4370=CARTESIAN_POINT('',(9.38698939660003,49.9999999999997,-7.04383040220041));
#4371=CARTESIAN_POINT('',(19.8,99.4999999999997,-7.04383040220041));
#4372=CARTESIAN_POINT('Origin',(7.6,93.4999999999997,7.4));
#4373=CARTESIAN_POINT('',(7.6,93.4999999999997,4.3));
#4374=CARTESIAN_POINT('Origin',(10.6,93.4999999999997,4.3));
#4375=CARTESIAN_POINT('',(7.6,93.4999999999997,-4.3));
#4376=CARTESIAN_POINT('',(7.59999999999999,93.4999999999997,3.7));
#4377=CARTESIAN_POINT('Origin',(10.6,93.4999999999997,-4.3));
#4378=CARTESIAN_POINT('Origin',(22.29185825333,98.7499999999997,4.3));
#4379=CARTESIAN_POINT('',(24.6535313890541,97.9999999999997,6.14999999999982));
#4380=CARTESIAN_POINT('',(26.3939918445238,99.4999999999997,6.14999999999982));
#4381=CARTESIAN_POINT('Ctrl Pts',(26.3939918445238,99.4999999999997,6.14999999999982));
#4382=CARTESIAN_POINT('Ctrl Pts',(25.349715571242,98.5480531601961,6.14999999999982));
#4383=CARTESIAN_POINT('Ctrl Pts',(24.653531389054,97.9999999999997,6.14999999999982));
#4384=CARTESIAN_POINT('',(26.79185825333,99.4999999999997,4.3));
#4385=CARTESIAN_POINT('Origin',(22.29185825333,99.4999999999997,4.3));
#4386=CARTESIAN_POINT('',(25.29185825333,97.9999999999997,4.3));
#4387=CARTESIAN_POINT('',(26.79185825333,99.4999999999997,4.3));
#4388=CARTESIAN_POINT('Origin',(22.29185825333,97.9999999999997,4.3));
#4389=CARTESIAN_POINT('Origin',(26.04185825333,98.7499999999997,-7.3));
#4390=CARTESIAN_POINT('',(26.79185825333,99.4999999999997,-4.3));
#4391=CARTESIAN_POINT('',(26.79185825333,99.4999999999997,-7.3));
#4392=CARTESIAN_POINT('',(25.29185825333,97.9999999999997,-4.3));
#4393=CARTESIAN_POINT('',(26.79185825333,99.4999999999997,-4.3));
#4394=CARTESIAN_POINT('',(25.29185825333,97.9999999999997,-7.3));
#4395=CARTESIAN_POINT('Origin',(22.29185825333,98.7499999999997,-4.3));
#4396=CARTESIAN_POINT('',(24.653531389054,97.9999999999997,-6.14999999999995));
#4397=CARTESIAN_POINT('',(26.3939918445238,99.4999999999997,-6.14999999999993));
#4398=CARTESIAN_POINT('Ctrl Pts',(24.653531389054,97.9999999999997,-6.14999999999995));
#4399=CARTESIAN_POINT('Ctrl Pts',(25.349715571183,98.5480531601497,-6.14999999999994));
#4400=CARTESIAN_POINT('Ctrl Pts',(26.3939918443371,99.4999999998295,-6.14999999999993));
#4401=CARTESIAN_POINT('Origin',(22.29185825333,97.9999999999997,-4.3));
#4402=CARTESIAN_POINT('Origin',(22.29185825333,99.4999999999997,-4.3));
#4403=CARTESIAN_POINT('Origin',(32.,99.4999999999997,-7.3));
#4404=CARTESIAN_POINT('',(30.,99.4999999999997,6.14999999999982));
#4405=CARTESIAN_POINT('',(31.,99.4999999999997,6.14999999999982));
#4406=CARTESIAN_POINT('',(32.15,99.4999999999997,3.99999999999982));
#4407=CARTESIAN_POINT('Origin',(30.,99.4999999999997,3.99999999999982));
#4408=CARTESIAN_POINT('',(32.15,99.4999999999997,-4.00000000000018));
#4409=CARTESIAN_POINT('',(32.15,99.4999999999997,-3.65));
#4410=CARTESIAN_POINT('',(30.,99.4999999999997,-6.15000000000018));
#4411=CARTESIAN_POINT('Origin',(30.,99.4999999999997,-4.00000000000018));
#4412=CARTESIAN_POINT('',(20.5,99.4999999999997,-6.15000000000001));
#4413=CARTESIAN_POINT('',(28.,99.4999999999997,-1.10000000000019));
#4414=CARTESIAN_POINT('Origin',(28.,99.4999999999997,-1.85270862132488E-13));
#4415=CARTESIAN_POINT('Origin',(32.,99.4999999999997,0.));
#4416=CARTESIAN_POINT('',(10.6,99.4999999999997,-7.3));
#4417=CARTESIAN_POINT('Origin',(10.6,99.4999999999997,-4.3));
#4418=CARTESIAN_POINT('',(22.29185825333,99.4999999999997,-7.3));
#4419=CARTESIAN_POINT('',(34.,99.4999999999997,-7.3));
#4420=CARTESIAN_POINT('',(24.653531389054,99.4999999999997,-6.14999999999996));
#4421=CARTESIAN_POINT('Origin',(22.29185825333,99.4999999999997,-4.3));
#4422=CARTESIAN_POINT('',(20.5,99.4999999999997,-6.15000000000001));
#4423=CARTESIAN_POINT('Origin',(10.6,49.9999999999997,4.3));
#4424=CARTESIAN_POINT('',(10.6,79.6446884526131,7.3));
#4425=CARTESIAN_POINT('',(10.6,49.9999999999997,7.3));
#4426=CARTESIAN_POINT('',(7.59999999999999,80.3466567459649,4.3));
#4427=CARTESIAN_POINT('Origin',(10.6,79.6446884526131,4.3));
#4428=CARTESIAN_POINT('',(7.59999999999999,49.9999999999997,4.3));
#4429=CARTESIAN_POINT('Origin',(-4.6606927710516,48.8203181165214,4.3));
#4430=CARTESIAN_POINT('',(8.25,74.8980317066479,7.3));
#4431=CARTESIAN_POINT('',(-4.6606927710516,48.8203181165214,7.3));
#4432=CARTESIAN_POINT('',(5.25,75.5999999999997,4.3));
#4433=CARTESIAN_POINT('Origin',(8.25,74.8980317066479,4.3));
#4434=CARTESIAN_POINT('',(-7.34923887675043,50.1513777836782,4.3));
#4435=CARTESIAN_POINT('Origin',(8.25,38.0499999999997,4.3));
#4436=CARTESIAN_POINT('',(5.25,69.6844951905812,4.3));
#4437=CARTESIAN_POINT('',(5.25,61.3155048094181,4.3));
#4438=CARTESIAN_POINT('Ctrl Pts',(5.25,69.6844951905812,4.3));
#4439=CARTESIAN_POINT('Ctrl Pts',(5.25,69.4343974297506,4.54337973892342));
#4440=CARTESIAN_POINT('Ctrl Pts',(5.27782254582769,69.1467634682879,4.74256531009149));
#4441=CARTESIAN_POINT('Ctrl Pts',(5.35016041147858,68.5063154370607,5.09012373093995));
#4442=CARTESIAN_POINT('Ctrl Pts',(5.39640355950305,68.1501711262031,5.23348566478474));
#4443=CARTESIAN_POINT('Ctrl Pts',(5.52195598131144,67.0386195820892,5.57098635756612));
#4444=CARTESIAN_POINT('Ctrl Pts',(5.58071794936913,66.2409228432047,5.66928205063086));
#4445=CARTESIAN_POINT('Ctrl Pts',(5.58071794936913,64.7590771567947,5.66928205063086));
#4446=CARTESIAN_POINT('Ctrl Pts',(5.52195598131144,63.9613804179102,5.57098635756612));
#4447=CARTESIAN_POINT('Ctrl Pts',(5.39640355950305,62.8498288737963,5.23348566478474));
#4448=CARTESIAN_POINT('Ctrl Pts',(5.35016041147858,62.4936845629386,5.09012373093995));
#4449=CARTESIAN_POINT('Ctrl Pts',(5.27782254582769,61.8532365317115,4.74256531009149));
#4450=CARTESIAN_POINT('Ctrl Pts',(5.25,61.5656025702487,4.54337973892341));
#4451=CARTESIAN_POINT('Ctrl Pts',(5.25,61.3155048094181,4.3));
#4452=CARTESIAN_POINT('',(5.25,38.0499999999997,4.3));
#4453=CARTESIAN_POINT('',(8.25,52.1573593128804,7.3));
#4454=CARTESIAN_POINT('',(8.25,38.0499999999997,7.3));
#4455=CARTESIAN_POINT('',(5.25,53.3999999999997,4.3));
#4456=CARTESIAN_POINT('Origin',(8.25,52.1573593128804,4.3));
#4457=CARTESIAN_POINT('',(5.25,38.0499999999997,4.3));
#4458=CARTESIAN_POINT('Origin',(-2.91617965644039,40.9911796564399,4.3));
#4459=CARTESIAN_POINT('',(5.00000000001738,48.9073593128977,7.3));
#4460=CARTESIAN_POINT('',(-2.91617965644039,40.9911796564399,7.3));
#4461=CARTESIAN_POINT('',(2.0000000000176,50.1500000000172,4.3));
#4462=CARTESIAN_POINT('Origin',(5.00000000001738,48.9073593128977,4.3));
#4463=CARTESIAN_POINT('',(-5.03750000000004,43.1124999999995,4.3));
#4464=CARTESIAN_POINT('Origin',(5.00000000001318,25.3250000000093,4.3));
#4465=CARTESIAN_POINT('',(4.99999999999991,-49.1902092104248,7.3));
#4466=CARTESIAN_POINT('',(5.00000000001318,25.3250000000093,7.3));
#4467=CARTESIAN_POINT('',(1.99999999999985,-49.5138834385922,4.3));
#4468=CARTESIAN_POINT('Origin',(4.99999999999991,-49.1902092104248,4.3));
#4469=CARTESIAN_POINT('',(2.00000000001318,25.3250000000098,4.3));
#4470=CARTESIAN_POINT('Origin',(0.0609607779120513,-26.5677127300054,4.3));
#4471=CARTESIAN_POINT('',(8.25,-64.0763257718327,7.3));
#4472=CARTESIAN_POINT('',(0.0609607779120513,-26.5677127300054,7.3));
#4473=CARTESIAN_POINT('',(5.25,-64.4000000000003,4.3));
#4474=CARTESIAN_POINT('Origin',(8.25,-64.0763257718327,4.3));
#4475=CARTESIAN_POINT('',(-2.86999954501042,-27.2076123982771,4.3));
#4476=CARTESIAN_POINT('Origin',(8.25,-31.9500000000003,4.3));
#4477=CARTESIAN_POINT('',(5.25,-70.3155048094188,4.3));
#4478=CARTESIAN_POINT('',(5.25,-78.6844951905819,4.3));
#4479=CARTESIAN_POINT('Ctrl Pts',(5.25,-70.3155048094188,4.3));
#4480=CARTESIAN_POINT('Ctrl Pts',(5.25,-70.5656025702493,4.54337973892342));
#4481=CARTESIAN_POINT('Ctrl Pts',(5.27782254582769,-70.8532365317121,4.74256531009149));
#4482=CARTESIAN_POINT('Ctrl Pts',(5.35016041147858,-71.4936845629392,5.09012373093995));
#4483=CARTESIAN_POINT('Ctrl Pts',(5.39640355950305,-71.8498288737969,5.23348566478474));
#4484=CARTESIAN_POINT('Ctrl Pts',(5.52195598131144,-72.9613804179108,5.57098635756612));
#4485=CARTESIAN_POINT('Ctrl Pts',(5.58071794936914,-73.7590771567953,5.66928205063087));
#4486=CARTESIAN_POINT('Ctrl Pts',(5.58071794936914,-75.2409228432053,5.66928205063087));
#4487=CARTESIAN_POINT('Ctrl Pts',(5.52195598131144,-76.0386195820898,5.57098635756612));
#4488=CARTESIAN_POINT('Ctrl Pts',(5.39640355950305,-77.1501711262037,5.23348566478474));
#4489=CARTESIAN_POINT('Ctrl Pts',(5.35016041147858,-77.5063154370614,5.09012373093995));
#4490=CARTESIAN_POINT('Ctrl Pts',(5.2778225458277,-78.1467634682885,4.74256531009149));
#4491=CARTESIAN_POINT('Ctrl Pts',(5.25,-78.4343974297513,4.54337973892343));
#4492=CARTESIAN_POINT('Ctrl Pts',(5.25,-78.6844951905818,4.3));
#4493=CARTESIAN_POINT('',(5.25,-31.9500000000003,4.3));
#4494=CARTESIAN_POINT('',(8.25,-87.8426406871196,7.3));
#4495=CARTESIAN_POINT('',(8.25,-31.9500000000003,7.3));
#4496=CARTESIAN_POINT('',(5.24999999999999,-86.6000000000003,4.3));
#4497=CARTESIAN_POINT('Origin',(8.25,-87.8426406871196,4.3));
#4498=CARTESIAN_POINT('',(5.25,-31.9500000000003,4.3));
#4499=CARTESIAN_POINT('Origin',(32.0838203435596,-64.0088203435593,4.3));
#4500=CARTESIAN_POINT('',(5.,-91.0926406871197,7.3));
#4501=CARTESIAN_POINT('',(32.0838203435596,-64.0088203435593,7.3));
#4502=CARTESIAN_POINT('',(2.00000000000001,-89.8500000000004,4.3));
#4503=CARTESIAN_POINT('Origin',(5.,-91.0926406871197,4.3));
#4504=CARTESIAN_POINT('',(29.9624999999999,-61.8874999999996,4.3));
#4505=CARTESIAN_POINT('Origin',(4.99999999999998,-95.5000000000003,4.3));
#4506=CARTESIAN_POINT('',(4.99999999999998,-98.5000000000003,4.3));
#4507=CARTESIAN_POINT('',(4.99999999999998,-95.5000000000003,7.3));
#4508=CARTESIAN_POINT('Origin',(4.99999999999998,-95.5000000000003,4.3));
#4509=CARTESIAN_POINT('',(1.99999999999998,-95.5000000000003,4.3));
#4510=CARTESIAN_POINT('Origin',(4.99999999999998,-95.5000000000003,4.3));
#4511=CARTESIAN_POINT('Origin',(4.99999999999998,-95.5000000000003,4.3));
#4512=CARTESIAN_POINT('Origin',(29.,-95.5000000000003,4.3));
#4513=CARTESIAN_POINT('',(32.,-95.5000000000003,4.3));
#4514=CARTESIAN_POINT('',(29.,-95.5000000000003,7.3));
#4515=CARTESIAN_POINT('Origin',(29.,-95.5000000000003,4.3));
#4516=CARTESIAN_POINT('',(29.,-98.5000000000003,4.3));
#4517=CARTESIAN_POINT('Origin',(29.,-95.5000000000003,4.3));
#4518=CARTESIAN_POINT('Origin',(29.,-95.5000000000003,4.3));
#4519=CARTESIAN_POINT('Origin',(4.99999999999998,-95.5000000000003,-4.3));
#4520=CARTESIAN_POINT('',(1.99999999999998,-95.5000000000003,-4.3));
#4521=CARTESIAN_POINT('',(4.99999999999998,-95.5000000000003,-7.3));
#4522=CARTESIAN_POINT('Origin',(4.99999999999998,-95.5000000000003,-4.3));
#4523=CARTESIAN_POINT('',(4.99999999999998,-98.5000000000003,-4.3));
#4524=CARTESIAN_POINT('Origin',(4.99999999999998,-95.5000000000003,-4.3));
#4525=CARTESIAN_POINT('Origin',(4.99999999999998,-95.5000000000003,-4.3));
#4526=CARTESIAN_POINT('Origin',(4.99999999999998,-95.5000000000003,0.));
#4527=CARTESIAN_POINT('',(4.99999999999998,-98.5000000000003,0.));
#4528=CARTESIAN_POINT('',(1.99999999999998,-95.5000000000003,0.));
#4529=CARTESIAN_POINT('Origin',(29.,86.5492175662104,4.3));
#4530=CARTESIAN_POINT('',(31.1213203435596,88.6705379097701,4.3));
#4531=CARTESIAN_POINT('',(29.,86.5492175662104,7.3));
#4532=CARTESIAN_POINT('Origin',(29.,86.5492175662104,4.3));
#4533=CARTESIAN_POINT('',(32.,86.5492175662104,4.3));
#4534=CARTESIAN_POINT('Origin',(29.,86.5492175662104,4.3));
#4535=CARTESIAN_POINT('Origin',(29.,86.5492175662104,4.3));
#4536=CARTESIAN_POINT('Origin',(29.,-95.5000000000003,-4.3));
#4537=CARTESIAN_POINT('',(29.,-98.5000000000003,-4.3));
#4538=CARTESIAN_POINT('',(29.,-95.5000000000003,-7.3));
#4539=CARTESIAN_POINT('Origin',(29.,-95.5000000000003,-4.3));
#4540=CARTESIAN_POINT('',(32.,-95.5000000000003,-4.3));
#4541=CARTESIAN_POINT('Origin',(29.,-95.5000000000003,-4.3));
#4542=CARTESIAN_POINT('Origin',(29.,-95.5000000000003,-4.3));
#4543=CARTESIAN_POINT('Origin',(29.,-95.5000000000003,0.));
#4544=CARTESIAN_POINT('',(32.,-95.5000000000003,0.));
#4545=CARTESIAN_POINT('',(29.,-98.5000000000003,0.));
#4546=CARTESIAN_POINT('Origin',(29.,86.5492175662104,-4.3));
#4547=CARTESIAN_POINT('',(29.,86.5492175662104,-7.3));
#4548=CARTESIAN_POINT('',(31.1213203435596,88.6705379097701,-4.3));
#4549=CARTESIAN_POINT('Origin',(29.,86.5492175662104,-4.3));
#4550=CARTESIAN_POINT('',(32.,86.5492175662104,-4.3));
#4551=CARTESIAN_POINT('Origin',(29.,86.5492175662104,-4.3));
#4552=CARTESIAN_POINT('Origin',(29.,86.5492175662104,-4.3));
#4553=CARTESIAN_POINT('Origin',(29.,-49.0000000000003,-4.3));
#4554=CARTESIAN_POINT('',(32.,69.6844951905812,-4.3));
#4555=CARTESIAN_POINT('',(31.6692820506309,65.4999999999997,-5.66928205063087));
#4556=CARTESIAN_POINT('Ctrl Pts',(32.,69.6844951905812,-4.3));
#4557=CARTESIAN_POINT('Ctrl Pts',(32.,69.4343974297506,-4.54337973892342));
#4558=CARTESIAN_POINT('Ctrl Pts',(31.9721774541723,69.1467634682879,-4.74256531009149));
#4559=CARTESIAN_POINT('Ctrl Pts',(31.8998395885214,68.5063154370607,-5.09012373093995));
#4560=CARTESIAN_POINT('Ctrl Pts',(31.853596440497,68.1501711262031,-5.23348566478475));
#4561=CARTESIAN_POINT('Ctrl Pts',(31.7280440186886,67.0386195820892,-5.57098635756612));
#4562=CARTESIAN_POINT('Ctrl Pts',(31.6692820506309,66.2409228432047,-5.66928205063087));
#4563=CARTESIAN_POINT('Ctrl Pts',(31.6692820506309,65.4999999999997,-5.66928205063087));
#4564=CARTESIAN_POINT('',(32.,-49.0000000000003,-4.3));
#4565=CARTESIAN_POINT('',(29.,-49.0000000000003,-7.3));
#4566=CARTESIAN_POINT('',(32.,-78.6844951905819,-4.3));
#4567=CARTESIAN_POINT('',(32.,-49.0000000000003,-4.3));
#4568=CARTESIAN_POINT('',(31.6692820506309,-74.5000000000003,-5.66928205063087));
#4569=CARTESIAN_POINT('Ctrl Pts',(31.6692820506309,-74.5000000000003,-5.66928205063087));
#4570=CARTESIAN_POINT('Ctrl Pts',(31.6692820506309,-75.2409228432053,-5.66928205063087));
#4571=CARTESIAN_POINT('Ctrl Pts',(31.7280440186886,-76.0386195820898,-5.57098635756612));
#4572=CARTESIAN_POINT('Ctrl Pts',(31.853596440497,-77.1501711262037,-5.23348566478474));
#4573=CARTESIAN_POINT('Ctrl Pts',(31.8998395885214,-77.5063154370614,-5.09012373093995));
#4574=CARTESIAN_POINT('Ctrl Pts',(31.9721774541723,-78.1467634682885,-4.74256531009149));
#4575=CARTESIAN_POINT('Ctrl Pts',(32.,-78.4343974297513,-4.54337973892343));
#4576=CARTESIAN_POINT('Ctrl Pts',(32.,-78.6844951905819,-4.3));
#4577=CARTESIAN_POINT('',(32.,-70.3155048094188,-4.3));
#4578=CARTESIAN_POINT('Ctrl Pts',(32.,-70.3155048094188,-4.3));
#4579=CARTESIAN_POINT('Ctrl Pts',(32.,-70.5656025702494,-4.54337973892343));
#4580=CARTESIAN_POINT('Ctrl Pts',(31.9721774541723,-70.8532365317121,-4.74256531009149));
#4581=CARTESIAN_POINT('Ctrl Pts',(31.8998395885214,-71.4936845629392,-5.09012373093995));
#4582=CARTESIAN_POINT('Ctrl Pts',(31.853596440497,-71.8498288737969,-5.23348566478474));
#4583=CARTESIAN_POINT('Ctrl Pts',(31.7280440186886,-72.9613804179108,-5.57098635756612));
#4584=CARTESIAN_POINT('Ctrl Pts',(31.6692820506309,-73.7590771567953,-5.66928205063087));
#4585=CARTESIAN_POINT('Ctrl Pts',(31.6692820506309,-74.5000000000003,-5.66928205063087));
#4586=CARTESIAN_POINT('',(32.,61.3155048094181,-4.3));
#4587=CARTESIAN_POINT('',(32.,-49.0000000000003,-4.3));
#4588=CARTESIAN_POINT('Ctrl Pts',(31.6692820506309,65.4999999999997,-5.66928205063087));
#4589=CARTESIAN_POINT('Ctrl Pts',(31.6692820506309,64.7590771567947,-5.66928205063087));
#4590=CARTESIAN_POINT('Ctrl Pts',(31.7280440186886,63.9613804179102,-5.57098635756612));
#4591=CARTESIAN_POINT('Ctrl Pts',(31.853596440497,62.8498288737963,-5.23348566478475));
#4592=CARTESIAN_POINT('Ctrl Pts',(31.8998395885214,62.4936845629386,-5.09012373093995));
#4593=CARTESIAN_POINT('Ctrl Pts',(31.9721774541723,61.8532365317115,-4.74256531009149));
#4594=CARTESIAN_POINT('Ctrl Pts',(32.,61.5656025702487,-4.54337973892342));
#4595=CARTESIAN_POINT('Ctrl Pts',(32.,61.3155048094181,-4.3));
#4596=CARTESIAN_POINT('Origin',(29.,86.5492175662104,-3.65));
#4597=CARTESIAN_POINT('',(32.,86.5492175662104,-3.65));
#4598=CARTESIAN_POINT('',(31.1213203435596,88.6705379097701,-3.65));
#4599=CARTESIAN_POINT('Origin',(44.5975733464379,70.9516442197726,-4.3));
#4600=CARTESIAN_POINT('',(22.29185825333,93.2573593128804,-7.3));
#4601=CARTESIAN_POINT('',(44.5975733464379,70.9516442197726,-7.3));
#4602=CARTESIAN_POINT('',(25.29185825333,94.4999999999997,-4.3));
#4603=CARTESIAN_POINT('',(46.7188936899975,73.0729645633322,-4.3));
#4604=CARTESIAN_POINT('Origin',(22.29185825333,93.2573593128804,-4.3));
#4605=CARTESIAN_POINT('Origin',(9.49999999999992,-95.5000000000003,-4.3));
#4606=CARTESIAN_POINT('',(9.49999999999991,-98.5000000000003,-4.3));
#4607=CARTESIAN_POINT('',(9.49999999999992,-95.5000000000003,-7.3));
#4608=CARTESIAN_POINT('Origin',(22.29185825333,49.9999999999997,-4.3));
#4609=CARTESIAN_POINT('',(24.653531389054,49.9999999999997,-6.14999999999986));
#4610=CARTESIAN_POINT('',(22.29185825333,49.9999999999997,-7.3));
#4611=CARTESIAN_POINT('',(25.29185825333,49.9999999999997,-4.3));
#4612=CARTESIAN_POINT('Origin',(29.,-49.0000000000003,4.3));
#4613=CARTESIAN_POINT('',(32.,-78.6844951905819,4.3));
#4614=CARTESIAN_POINT('',(32.,-70.3155048094188,4.3));
#4615=CARTESIAN_POINT('Ctrl Pts',(32.,-78.6844951905819,4.3));
#4616=CARTESIAN_POINT('Ctrl Pts',(32.,-78.4343974297513,4.54337973892342));
#4617=CARTESIAN_POINT('Ctrl Pts',(31.9721774541723,-78.1467634682885,4.7425653100915));
#4618=CARTESIAN_POINT('Ctrl Pts',(31.8998395885214,-77.5063154370614,5.09012373093995));
#4619=CARTESIAN_POINT('Ctrl Pts',(31.853596440497,-77.1501711262037,5.23348566478475));
#4620=CARTESIAN_POINT('Ctrl Pts',(31.7280440186886,-76.0386195820898,5.57098635756612));
#4621=CARTESIAN_POINT('Ctrl Pts',(31.6692820506309,-75.2409228432053,5.66928205063087));
#4622=CARTESIAN_POINT('Ctrl Pts',(31.6692820506309,-73.7590771567953,5.66928205063087));
#4623=CARTESIAN_POINT('Ctrl Pts',(31.7280440186886,-72.9613804179108,5.57098635756612));
#4624=CARTESIAN_POINT('Ctrl Pts',(31.853596440497,-71.8498288737969,5.23348566478474));
#4625=CARTESIAN_POINT('Ctrl Pts',(31.8998395885214,-71.4936845629392,5.09012373093995));
#4626=CARTESIAN_POINT('Ctrl Pts',(31.9721774541723,-70.8532365317121,4.74256531009149));
#4627=CARTESIAN_POINT('Ctrl Pts',(32.,-70.5656025702493,4.54337973892341));
#4628=CARTESIAN_POINT('Ctrl Pts',(32.,-70.3155048094188,4.3));
#4629=CARTESIAN_POINT('',(32.,-49.0000000000003,4.3));
#4630=CARTESIAN_POINT('',(29.,-49.0000000000003,7.3));
#4631=CARTESIAN_POINT('',(32.,69.6844951905812,4.3));
#4632=CARTESIAN_POINT('',(32.,-49.0000000000003,4.3));
#4633=CARTESIAN_POINT('',(32.,61.3155048094181,4.3));
#4634=CARTESIAN_POINT('Ctrl Pts',(32.,61.3155048094181,4.3));
#4635=CARTESIAN_POINT('Ctrl Pts',(32.,61.5656025702487,4.54337973892342));
#4636=CARTESIAN_POINT('Ctrl Pts',(31.9721774541723,61.8532365317115,4.74256531009149));
#4637=CARTESIAN_POINT('Ctrl Pts',(31.8998395885214,62.4936845629386,5.09012373093995));
#4638=CARTESIAN_POINT('Ctrl Pts',(31.853596440497,62.8498288737963,5.23348566478475));
#4639=CARTESIAN_POINT('Ctrl Pts',(31.7280440186886,63.9613804179102,5.57098635756612));
#4640=CARTESIAN_POINT('Ctrl Pts',(31.6692820506309,64.7590771567947,5.66928205063087));
#4641=CARTESIAN_POINT('Ctrl Pts',(31.6692820506309,66.2409228432046,5.66928205063087));
#4642=CARTESIAN_POINT('Ctrl Pts',(31.7280440186886,67.0386195820891,5.57098635756612));
#4643=CARTESIAN_POINT('Ctrl Pts',(31.853596440497,68.150171126203,5.23348566478475));
#4644=CARTESIAN_POINT('Ctrl Pts',(31.8998395885214,68.5063154370607,5.09012373093995));
#4645=CARTESIAN_POINT('Ctrl Pts',(31.9721774541723,69.1467634682879,4.74256531009149));
#4646=CARTESIAN_POINT('Ctrl Pts',(32.,69.4343974297506,4.54337973892342));
#4647=CARTESIAN_POINT('Ctrl Pts',(32.,69.6844951905812,4.3));
#4648=CARTESIAN_POINT('',(32.,-49.0000000000003,4.3));
#4649=CARTESIAN_POINT('Origin',(44.5975733464379,70.9516442197726,4.3));
#4650=CARTESIAN_POINT('',(25.29185825333,94.4999999999997,4.3));
#4651=CARTESIAN_POINT('',(46.7188936899975,73.0729645633322,4.3));
#4652=CARTESIAN_POINT('',(22.29185825333,93.2573593128804,7.3));
#4653=CARTESIAN_POINT('',(44.5975733464379,70.9516442197726,7.3));
#4654=CARTESIAN_POINT('Origin',(22.29185825333,93.2573593128804,4.3));
#4655=CARTESIAN_POINT('Origin',(5.00000000000028,-44.6750000000003,-4.3));
#4656=CARTESIAN_POINT('',(2.00000000000001,-89.8500000000004,-4.3));
#4657=CARTESIAN_POINT('',(2.00000000000028,-44.6750000000003,-4.3));
#4658=CARTESIAN_POINT('',(5.,-91.0926406871197,-7.3));
#4659=CARTESIAN_POINT('',(5.00000000000028,-44.6750000000003,-7.3));
#4660=CARTESIAN_POINT('Origin',(5.,-91.0926406871197,-4.3));
#4661=CARTESIAN_POINT('Origin',(9.49999999999992,-95.5000000000003,4.3));
#4662=CARTESIAN_POINT('',(9.49999999999991,-98.5000000000003,4.3));
#4663=CARTESIAN_POINT('',(9.49999999999992,-95.5000000000003,7.3));
#4664=CARTESIAN_POINT('Origin',(22.29185825333,49.9999999999997,4.3));
#4665=CARTESIAN_POINT('',(25.29185825333,49.9999999999997,4.3));
#4666=CARTESIAN_POINT('',(22.29185825333,99.4999999999997,7.3));
#4667=CARTESIAN_POINT('',(22.29185825333,49.9999999999997,7.3));
#4668=CARTESIAN_POINT('',(24.6535313890541,99.4999999999997,6.14999999999982));
#4669=CARTESIAN_POINT('Origin',(22.29185825333,99.4999999999997,4.3));
#4670=CARTESIAN_POINT('',(24.653531389054,49.9999999999997,6.14999999999991));
#4671=CARTESIAN_POINT('Origin',(32.0838203435596,-64.0088203435593,-4.3));
#4672=CARTESIAN_POINT('',(5.24999999999999,-86.6000000000003,-4.3));
#4673=CARTESIAN_POINT('',(29.9624999999999,-61.8874999999996,-4.3));
#4674=CARTESIAN_POINT('',(8.25,-87.8426406871196,-7.3));
#4675=CARTESIAN_POINT('',(32.0838203435596,-64.0088203435593,-7.3));
#4676=CARTESIAN_POINT('Origin',(8.25,-87.8426406871196,-4.3));
#4677=CARTESIAN_POINT('Origin',(5.00000000000028,-44.6750000000003,4.3));
#4678=CARTESIAN_POINT('',(5.00000000000028,-44.6750000000003,7.3));
#4679=CARTESIAN_POINT('',(2.00000000000028,-44.6750000000003,4.3));
#4680=CARTESIAN_POINT('Origin',(8.25,-31.9500000000003,-4.3));
#4681=CARTESIAN_POINT('',(5.25,-78.6844951905819,-4.3));
#4682=CARTESIAN_POINT('',(5.58071794936914,-74.5000000000003,-5.66928205063087));
#4683=CARTESIAN_POINT('Ctrl Pts',(5.25,-78.6844951905819,-4.3));
#4684=CARTESIAN_POINT('Ctrl Pts',(5.25,-78.4343974297513,-4.54337973892342));
#4685=CARTESIAN_POINT('Ctrl Pts',(5.2778225458277,-78.1467634682885,-4.74256531009149));
#4686=CARTESIAN_POINT('Ctrl Pts',(5.35016041147858,-77.5063154370614,-5.09012373093995));
#4687=CARTESIAN_POINT('Ctrl Pts',(5.39640355950305,-77.1501711262037,-5.23348566478474));
#4688=CARTESIAN_POINT('Ctrl Pts',(5.52195598131144,-76.0386195820898,-5.57098635756612));
#4689=CARTESIAN_POINT('Ctrl Pts',(5.58071794936914,-75.2409228432053,-5.66928205063087));
#4690=CARTESIAN_POINT('Ctrl Pts',(5.58071794936914,-74.5000000000003,-5.66928205063087));
#4691=CARTESIAN_POINT('',(5.25,-31.9500000000003,-4.3));
#4692=CARTESIAN_POINT('',(8.25000000000001,-64.0763257718327,-7.3));
#4693=CARTESIAN_POINT('',(8.25,-31.9500000000003,-7.3));
#4694=CARTESIAN_POINT('',(5.25,-64.4000000000003,-4.3));
#4695=CARTESIAN_POINT('Origin',(8.25,-64.0763257718327,-4.3));
#4696=CARTESIAN_POINT('',(5.25,-70.3155048094188,-4.3));
#4697=CARTESIAN_POINT('',(5.25,-31.9500000000003,-4.3));
#4698=CARTESIAN_POINT('Ctrl Pts',(5.58071794936914,-74.5000000000003,-5.66928205063087));
#4699=CARTESIAN_POINT('Ctrl Pts',(5.58071794936914,-73.7590771567953,-5.66928205063087));
#4700=CARTESIAN_POINT('Ctrl Pts',(5.52195598131144,-72.9613804179108,-5.57098635756612));
#4701=CARTESIAN_POINT('Ctrl Pts',(5.39640355950305,-71.8498288737969,-5.23348566478474));
#4702=CARTESIAN_POINT('Ctrl Pts',(5.35016041147858,-71.4936845629392,-5.09012373093995));
#4703=CARTESIAN_POINT('Ctrl Pts',(5.27782254582769,-70.8532365317121,-4.74256531009148));
#4704=CARTESIAN_POINT('Ctrl Pts',(5.25,-70.5656025702493,-4.54337973892341));
#4705=CARTESIAN_POINT('Ctrl Pts',(5.25,-70.3155048094188,-4.3));
#4706=CARTESIAN_POINT('Origin',(0.0609607779120513,-26.5677127300054,-4.3));
#4707=CARTESIAN_POINT('',(1.99999999999985,-49.5138834385922,-4.3));
#4708=CARTESIAN_POINT('',(-2.86999954501042,-27.2076123982771,-4.3));
#4709=CARTESIAN_POINT('',(4.99999999999991,-49.1902092104248,-7.3));
#4710=CARTESIAN_POINT('',(0.0609607779120513,-26.5677127300054,-7.3));
#4711=CARTESIAN_POINT('Origin',(4.99999999999991,-49.1902092104248,-4.3));
#4712=CARTESIAN_POINT('Origin',(5.00000000001318,25.3250000000093,-4.3));
#4713=CARTESIAN_POINT('',(2.0000000000176,50.1500000000172,-4.3));
#4714=CARTESIAN_POINT('',(2.00000000001318,25.3250000000098,-4.3));
#4715=CARTESIAN_POINT('',(5.00000000001738,48.9073593128977,-7.3));
#4716=CARTESIAN_POINT('',(5.00000000001318,25.3250000000093,-7.3));
#4717=CARTESIAN_POINT('Origin',(5.00000000001738,48.9073593128977,-4.3));
#4718=CARTESIAN_POINT('Origin',(-2.91617965644039,40.9911796564399,-4.3));
#4719=CARTESIAN_POINT('',(5.25,53.3999999999997,-4.3));
#4720=CARTESIAN_POINT('',(-5.03750000000004,43.1124999999995,-4.3));
#4721=CARTESIAN_POINT('',(8.25,52.1573593128804,-7.3));
#4722=CARTESIAN_POINT('',(-2.91617965644039,40.9911796564399,-7.3));
#4723=CARTESIAN_POINT('Origin',(8.25,52.1573593128804,-4.3));
#4724=CARTESIAN_POINT('Origin',(8.25,38.0499999999997,-4.3));
#4725=CARTESIAN_POINT('',(5.25,61.3155048094181,-4.3));
#4726=CARTESIAN_POINT('',(5.58071794936913,65.4999999999997,-5.66928205063087));
#4727=CARTESIAN_POINT('Ctrl Pts',(5.25,61.3155048094181,-4.3));
#4728=CARTESIAN_POINT('Ctrl Pts',(5.25,61.5656025702487,-4.54337973892342));
#4729=CARTESIAN_POINT('Ctrl Pts',(5.27782254582769,61.8532365317115,-4.74256531009149));
#4730=CARTESIAN_POINT('Ctrl Pts',(5.35016041147858,62.4936845629386,-5.09012373093995));
#4731=CARTESIAN_POINT('Ctrl Pts',(5.39640355950305,62.8498288737963,-5.23348566478475));
#4732=CARTESIAN_POINT('Ctrl Pts',(5.52195598131144,63.9613804179102,-5.57098635756612));
#4733=CARTESIAN_POINT('Ctrl Pts',(5.58071794936913,64.7590771567947,-5.66928205063087));
#4734=CARTESIAN_POINT('Ctrl Pts',(5.58071794936913,65.4999999999997,-5.66928205063087));
#4735=CARTESIAN_POINT('',(5.25,38.0499999999997,-4.3));
#4736=CARTESIAN_POINT('',(8.24999999999999,74.8980317066478,-7.3));
#4737=CARTESIAN_POINT('',(8.25,38.0499999999997,-7.3));
#4738=CARTESIAN_POINT('',(5.25,75.5999999999997,-4.3));
#4739=CARTESIAN_POINT('Origin',(8.25,74.8980317066479,-4.3));
#4740=CARTESIAN_POINT('',(5.25,69.6844951905812,-4.3));
#4741=CARTESIAN_POINT('',(5.25,38.0499999999997,-4.3));
#4742=CARTESIAN_POINT('Ctrl Pts',(5.58071794936913,65.4999999999997,-5.66928205063087));
#4743=CARTESIAN_POINT('Ctrl Pts',(5.58071794936913,66.2409228432047,-5.66928205063087));
#4744=CARTESIAN_POINT('Ctrl Pts',(5.52195598131144,67.0386195820892,-5.57098635756612));
#4745=CARTESIAN_POINT('Ctrl Pts',(5.39640355950305,68.1501711262031,-5.23348566478475));
#4746=CARTESIAN_POINT('Ctrl Pts',(5.35016041147858,68.5063154370608,-5.09012373093995));
#4747=CARTESIAN_POINT('Ctrl Pts',(5.27782254582769,69.1467634682879,-4.74256531009149));
#4748=CARTESIAN_POINT('Ctrl Pts',(5.25,69.4343974297506,-4.54337973892342));
#4749=CARTESIAN_POINT('Ctrl Pts',(5.25,69.6844951905812,-4.3));
#4750=CARTESIAN_POINT('Origin',(-4.6606927710516,48.8203181165214,-4.3));
#4751=CARTESIAN_POINT('',(7.59999999999999,80.3466567459649,-4.3));
#4752=CARTESIAN_POINT('',(-7.34923887675043,50.1513777836782,-4.3));
#4753=CARTESIAN_POINT('',(10.6,79.6446884526131,-7.3));
#4754=CARTESIAN_POINT('',(-4.6606927710516,48.8203181165214,-7.3));
#4755=CARTESIAN_POINT('Origin',(10.6,79.6446884526131,-4.3));
#4756=CARTESIAN_POINT('Origin',(10.6,49.9999999999997,-4.3));
#4757=CARTESIAN_POINT('',(7.59999999999999,49.9999999999997,-4.3));
#4758=CARTESIAN_POINT('',(10.6,49.9999999999997,-7.3));
#4759=CARTESIAN_POINT('Origin',(31.,-74.5000000000003,8.32667268468867E-16));
#4760=CARTESIAN_POINT('',(30.,-74.5000000000003,-4.));
#4761=CARTESIAN_POINT('',(31.,-74.5000000000003,-5.));
#4762=CARTESIAN_POINT('Origin',(30.,-74.5000000000003,8.32667268468867E-16));
#4763=CARTESIAN_POINT('Origin',(32.,-74.5000000000003,8.32667268468867E-16));
#4764=CARTESIAN_POINT('Origin',(32.,-74.5000000000003,8.32667268468867E-16));
#4765=CARTESIAN_POINT('Origin',(32.,-98.5000000000003,0.));
#4766=CARTESIAN_POINT('Origin',(32.,-98.5000000000003,0.));
#4767=CARTESIAN_POINT('Origin',(32.,65.4999999999997,-3.60822483003176E-15));
#4768=CARTESIAN_POINT('Origin',(32.,99.4999999999997,0.));
#4769=CARTESIAN_POINT('',(31.,99.4999999999997,6.14999999999982));
#4770=CARTESIAN_POINT('',(34.,99.4999999999997,7.3));
#4771=CARTESIAN_POINT('Origin',(2.00000000000001,-89.8500000000004,0.));
#4772=CARTESIAN_POINT('',(2.00000000000001,-89.8500000000004,0.));
#4773=CARTESIAN_POINT('Origin',(5.24999999999999,-86.6000000000003,0.));
#4774=CARTESIAN_POINT('',(5.24999999999999,-86.6000000000003,0.));
#4775=CARTESIAN_POINT('Origin',(6.25,-74.5000000000003,8.32667268468867E-16));
#4776=CARTESIAN_POINT('Origin',(5.25,-74.5000000000003,8.32667268468867E-16));
#4777=CARTESIAN_POINT('',(7.25000000000001,-74.5000000000003,-4.));
#4778=CARTESIAN_POINT('',(6.25,-74.5000000000003,-5.));
#4779=CARTESIAN_POINT('Origin',(7.25000000000001,-74.5000000000003,8.32667268468867E-16));
#4780=CARTESIAN_POINT('Origin',(5.25,-74.5000000000003,8.32667268468867E-16));
#4781=CARTESIAN_POINT('Origin',(5.25,-64.4000000000003,0.));
#4782=CARTESIAN_POINT('Origin',(5.25,-64.4000000000003,0.));
#4783=CARTESIAN_POINT('',(5.25,-64.4000000000003,0.));
#4784=CARTESIAN_POINT('Origin',(1.99999999999985,-49.5138834385922,0.));
#4785=CARTESIAN_POINT('',(1.99999999999985,-49.5138834385922,0.));
#4786=CARTESIAN_POINT('Origin',(2.0000000000176,50.1500000000172,0.));
#4787=CARTESIAN_POINT('',(2.0000000000176,50.1500000000172,0.));
#4788=CARTESIAN_POINT('Origin',(5.25,53.3999999999997,0.));
#4789=CARTESIAN_POINT('',(5.25,53.3999999999997,0.));
#4790=CARTESIAN_POINT('Origin',(6.25,65.4999999999997,-3.60822483003176E-15));
#4791=CARTESIAN_POINT('Origin',(5.25,65.4999999999997,-3.60822483003176E-15));
#4792=CARTESIAN_POINT('',(7.25,65.4999999999997,-4.));
#4793=CARTESIAN_POINT('',(6.25,65.4999999999997,-5.));
#4794=CARTESIAN_POINT('Origin',(7.25,65.4999999999997,-3.60822483003176E-15));
#4795=CARTESIAN_POINT('Origin',(5.25,65.4999999999997,-3.60822483003176E-15));
#4796=CARTESIAN_POINT('Origin',(5.25,75.5999999999997,0.));
#4797=CARTESIAN_POINT('Origin',(5.25,75.5999999999997,0.));
#4798=CARTESIAN_POINT('',(5.25,75.5999999999997,0.));
#4799=CARTESIAN_POINT('Origin',(7.59999999999999,80.3466567459649,0.));
#4800=CARTESIAN_POINT('',(7.59999999999999,80.3466567459649,0.));
#4801=CARTESIAN_POINT('Origin',(7.59999999999999,99.4999999999997,0.));
#4802=CARTESIAN_POINT('Origin',(1.99999999999996,-98.5000000000003,0.));
#4803=CARTESIAN_POINT('Origin',(9.,102.5,-4.00000000000018));
#4804=CARTESIAN_POINT('',(6.87867965644036,101.,-4.3500000000002));
#4805=CARTESIAN_POINT('',(6.85,101.,-4.00000000000018));
#4806=CARTESIAN_POINT('Origin',(9.,101.,-4.00000000000018));
#4807=CARTESIAN_POINT('',(6.87867965644037,102.5,-4.35000000000022));
#4808=CARTESIAN_POINT('',(9.,102.5,-6.15000000000018));
#4809=CARTESIAN_POINT('',(9.,102.5,-6.15000000000018));
#4810=CARTESIAN_POINT('',(6.85,102.5,-4.00000000000018));
#4811=CARTESIAN_POINT('Origin',(9.,102.5,-4.00000000000018));
#4812=CARTESIAN_POINT('',(6.85,102.5,-4.00000000000018));
#4813=CARTESIAN_POINT('Origin',(28.,96.7499999999997,-1.85684800868557E-13));
#4814=CARTESIAN_POINT('',(30.2,96.7499999999997,2.19999999999981));
#4815=CARTESIAN_POINT('',(25.8,96.7499999999997,2.19999999999981));
#4816=CARTESIAN_POINT('',(30.2,96.7499999999997,2.19999999999981));
#4817=CARTESIAN_POINT('',(30.2,96.7499999999997,-2.20000000000019));
#4818=CARTESIAN_POINT('',(30.2,96.7499999999997,-2.20000000000019));
#4819=CARTESIAN_POINT('',(25.8,96.7499999999997,-2.20000000000018));
#4820=CARTESIAN_POINT('',(25.8,96.7499999999997,-2.20000000000019));
#4821=CARTESIAN_POINT('',(25.8,96.7499999999997,2.19999999999981));
#4822=CARTESIAN_POINT('',(28.,96.7499999999997,-1.10000000000018));
#4823=CARTESIAN_POINT('Origin',(28.,96.7499999999997,-1.80385880824137E-13));
#4824=CARTESIAN_POINT('Origin',(25.8,97.3999999999997,-2.20000000000019));
#4825=CARTESIAN_POINT('',(25.8,98.0499999999997,2.19999999999981));
#4826=CARTESIAN_POINT('',(25.8,97.3999999999997,2.19999999999981));
#4827=CARTESIAN_POINT('',(25.8,98.0499999999997,-2.20000000000019));
#4828=CARTESIAN_POINT('',(25.8,97.3999999999997,-2.20000000000019));
#4829=CARTESIAN_POINT('',(25.8,98.0499999999997,2.19999999999981));
#4830=CARTESIAN_POINT('Origin',(30.2,97.3999999999997,-2.20000000000019));
#4831=CARTESIAN_POINT('',(30.2,98.0499999999997,-2.20000000000019));
#4832=CARTESIAN_POINT('',(30.2,97.3999999999997,-2.20000000000019));
#4833=CARTESIAN_POINT('',(25.8,98.0499999999997,-2.20000000000019));
#4834=CARTESIAN_POINT('Origin',(30.2,97.3999999999997,2.19999999999981));
#4835=CARTESIAN_POINT('',(30.2,98.0499999999997,2.19999999999981));
#4836=CARTESIAN_POINT('',(30.2,97.3999999999997,2.19999999999981));
#4837=CARTESIAN_POINT('',(30.2,98.0499999999997,-2.20000000000019));
#4838=CARTESIAN_POINT('Origin',(25.8,97.3999999999997,2.19999999999981));
#4839=CARTESIAN_POINT('',(30.2,98.0499999999997,2.19999999999981));
#4840=CARTESIAN_POINT('Origin',(28.,98.0499999999997,-1.87905246917808E-13));
#4841=CARTESIAN_POINT('',(28.,98.0499999999997,-1.10000000000018));
#4842=CARTESIAN_POINT('Origin',(28.,98.0499999999997,-1.82695144715357E-13));
#4843=CARTESIAN_POINT('Origin',(28.,99.0499999999997,-1.84471501554758E-13));
#4844=CARTESIAN_POINT('',(28.,99.0499999999997,-1.10000000000018));
#4845=CARTESIAN_POINT('Origin',(28.,99.0499999999997,-1.84471501554758E-13));
#4846=CARTESIAN_POINT('',(28.,95.8999999999997,-1.10000000000018));
#4847=CARTESIAN_POINT('',(28.,99.0499999999997,-1.10000000000018));
#4848=CARTESIAN_POINT('Origin',(28.,95.8999999999997,-1.78875977510647E-13));
#4849=CARTESIAN_POINT('Origin',(28.,95.8999999999997,-1.78875977510647E-13));
#4850=CARTESIAN_POINT('Origin',(5.46966991411009,101.13033008589,1.99999999999981));
#4851=CARTESIAN_POINT('',(5.3393398282202,101.,-4.3500000000002));
#4852=CARTESIAN_POINT('',(4.85,100.510660171779,-4.35000000000019));
#4853=CARTESIAN_POINT('',(5.81966991411007,101.48033008589,-4.35000000000021));
#4854=CARTESIAN_POINT('',(5.3393398282202,101.,4.34999999999982));
#4855=CARTESIAN_POINT('',(5.3393398282202,101.,2.99999999999982));
#4856=CARTESIAN_POINT('',(4.85,100.510660171779,4.34999999999982));
#4857=CARTESIAN_POINT('',(5.44466991411009,101.10533008589,4.34999999999982));
#4858=CARTESIAN_POINT('',(4.85,100.510660171779,0.999999999999812));
#4859=CARTESIAN_POINT('Origin',(7.,101.,-4.3500000000002));
#4860=CARTESIAN_POINT('',(7.,101.,-4.3500000000002));
#4861=CARTESIAN_POINT('',(4.85,100.625,-4.3500000000002));
#4862=CARTESIAN_POINT('Origin',(7.,101.,3.99999999999982));
#4863=CARTESIAN_POINT('',(6.85,101.,3.99999999999982));
#4864=CARTESIAN_POINT('',(6.85,101.,3.99999999999982));
#4865=CARTESIAN_POINT('',(6.87867965644036,101.,4.34999999999982));
#4866=CARTESIAN_POINT('Origin',(9.,101.,3.99999999999982));
#4867=CARTESIAN_POINT('',(7.,101.,4.34999999999982));
#4868=CARTESIAN_POINT('Origin',(7.,99.4999999999997,4.34999999999982));
#4869=CARTESIAN_POINT('',(6.87867965644036,102.5,4.34999999999982));
#4870=CARTESIAN_POINT('',(4.85,99.8749999999997,4.34999999999982));
#4871=CARTESIAN_POINT('Origin',(4.85,100.25,-1.90403248723214E-13));
#4872=CARTESIAN_POINT('Origin',(9.,62.6999999999997,-2.8));
#4873=CARTESIAN_POINT('',(9.,62.6999999999997,-2.8));
#4874=CARTESIAN_POINT('',(9.,62.6999999999997,2.8));
#4875=CARTESIAN_POINT('',(9.,62.6999999999997,-2.8));
#4876=CARTESIAN_POINT('',(7.1,62.6999999999997,-2.8));
#4877=CARTESIAN_POINT('',(9.,62.6999999999997,-2.8));
#4878=CARTESIAN_POINT('',(7.1,62.6999999999997,2.8));
#4879=CARTESIAN_POINT('',(7.1,62.6999999999997,-2.8));
#4880=CARTESIAN_POINT('',(9.,62.6999999999997,2.8));
#4881=CARTESIAN_POINT('Origin',(9.,68.2999999999997,-2.8));
#4882=CARTESIAN_POINT('',(9.,68.2999999999997,-2.8));
#4883=CARTESIAN_POINT('',(9.,68.2999999999997,-2.8));
#4884=CARTESIAN_POINT('',(7.1,68.2999999999997,-2.8));
#4885=CARTESIAN_POINT('',(9.,68.2999999999997,-2.8));
#4886=CARTESIAN_POINT('',(7.1,68.2999999999997,-2.8));
#4887=CARTESIAN_POINT('Origin',(9.,68.2999999999997,2.8));
#4888=CARTESIAN_POINT('',(9.,68.2999999999997,2.8));
#4889=CARTESIAN_POINT('',(9.,68.2999999999997,2.8));
#4890=CARTESIAN_POINT('',(7.1,68.2999999999997,2.8));
#4891=CARTESIAN_POINT('',(9.,68.2999999999997,2.8));
#4892=CARTESIAN_POINT('',(7.1,68.2999999999997,2.8));
#4893=CARTESIAN_POINT('Origin',(9.,62.6999999999997,2.8));
#4894=CARTESIAN_POINT('',(9.,62.6999999999997,2.8));
#4895=CARTESIAN_POINT('',(7.1,62.6999999999997,2.8));
#4896=CARTESIAN_POINT('Origin',(7.1,65.4999999999997,-2.22044604925031E-15));
#4897=CARTESIAN_POINT('',(7.1,65.4999999999997,-1.55));
#4898=CARTESIAN_POINT('Origin',(7.1,65.4999999999997,-3.60822483003176E-15));
#4899=CARTESIAN_POINT('Origin',(9.,65.4999999999997,-2.22044604925031E-15));
#4900=CARTESIAN_POINT('',(9.,65.4999999999997,-1.55));
#4901=CARTESIAN_POINT('Origin',(9.,65.4999999999997,-3.60822483003176E-15));
#4902=CARTESIAN_POINT('Origin',(9.,-77.3000000000003,2.80000000000001));
#4903=CARTESIAN_POINT('',(9.,-71.7000000000003,2.80000000000001));
#4904=CARTESIAN_POINT('',(9.,-77.3000000000003,2.80000000000001));
#4905=CARTESIAN_POINT('',(9.,-71.7000000000003,2.80000000000001));
#4906=CARTESIAN_POINT('',(7.1,-77.3000000000003,2.80000000000001));
#4907=CARTESIAN_POINT('',(9.,-77.3000000000003,2.80000000000001));
#4908=CARTESIAN_POINT('',(7.1,-71.7000000000003,2.80000000000001));
#4909=CARTESIAN_POINT('',(7.1,-71.7000000000003,2.80000000000001));
#4910=CARTESIAN_POINT('',(9.,-71.7000000000003,2.80000000000001));
#4911=CARTESIAN_POINT('Origin',(9.,-77.3000000000003,-2.79999999999999));
#4912=CARTESIAN_POINT('',(9.,-77.3000000000003,-2.79999999999999));
#4913=CARTESIAN_POINT('',(9.,-77.3000000000003,2.80000000000001));
#4914=CARTESIAN_POINT('',(7.1,-77.3000000000003,-2.79999999999999));
#4915=CARTESIAN_POINT('',(9.,-77.3000000000003,-2.79999999999999));
#4916=CARTESIAN_POINT('',(7.1,-77.3000000000003,2.80000000000001));
#4917=CARTESIAN_POINT('Origin',(9.,-71.7000000000003,-2.79999999999999));
#4918=CARTESIAN_POINT('',(9.,-71.7000000000003,-2.79999999999999));
#4919=CARTESIAN_POINT('',(9.,-77.3000000000003,-2.79999999999999));
#4920=CARTESIAN_POINT('',(7.1,-71.7000000000003,-2.79999999999999));
#4921=CARTESIAN_POINT('',(9.,-71.7000000000003,-2.79999999999999));
#4922=CARTESIAN_POINT('',(7.1,-77.3000000000003,-2.79999999999999));
#4923=CARTESIAN_POINT('Origin',(9.,-71.7000000000003,2.80000000000001));
#4924=CARTESIAN_POINT('',(9.,-71.7000000000003,-2.79999999999999));
#4925=CARTESIAN_POINT('',(7.1,-71.7000000000003,-2.79999999999999));
#4926=CARTESIAN_POINT('Origin',(7.1,-74.5000000000003,8.88178419700125E-15));
#4927=CARTESIAN_POINT('',(7.1,-74.5000000000003,-1.55));
#4928=CARTESIAN_POINT('Origin',(7.1,-74.5000000000003,8.32667268468867E-16));
#4929=CARTESIAN_POINT('Origin',(9.,-74.5000000000003,8.88178419700125E-15));
#4930=CARTESIAN_POINT('',(9.,-74.5000000000003,-1.55));
#4931=CARTESIAN_POINT('Origin',(9.,-74.5000000000003,8.32667268468867E-16));
#4932=CARTESIAN_POINT('Origin',(3.,65.4999999999997,-3.60822483003176E-15));
#4933=CARTESIAN_POINT('',(11.,65.4999999999997,-1.55));
#4934=CARTESIAN_POINT('',(3.,65.4999999999997,-1.55));
#4935=CARTESIAN_POINT('Origin',(11.,65.4999999999997,-3.60822483003176E-15));
#4936=CARTESIAN_POINT('Origin',(3.,-74.5000000000003,8.32667268468867E-16));
#4937=CARTESIAN_POINT('',(11.,-74.5000000000003,-1.55));
#4938=CARTESIAN_POINT('',(3.,-74.5000000000003,-1.55));
#4939=CARTESIAN_POINT('Origin',(11.,-74.5000000000003,8.32667268468867E-16));
#4940=CARTESIAN_POINT('Origin',(25.29185825333,94.4999999999997,-7.3));
#4941=CARTESIAN_POINT('',(25.29185825333,94.4999999999997,-7.3));
#4942=CARTESIAN_POINT('Origin',(25.29185825333,99.4999999999997,-7.3));
#4943=CARTESIAN_POINT('Origin',(16.9999999999999,0.49999999999967,7.3));
#4944=CARTESIAN_POINT('Origin',(32.15,-98.5000000000003,0.));
#4945=CARTESIAN_POINT('',(32.15,102.5,3.99999999999981));
#4946=CARTESIAN_POINT('',(32.15,102.5,3.99999999999981));
#4947=CARTESIAN_POINT('',(32.15,102.5,-4.00000000000018));
#4948=CARTESIAN_POINT('',(32.15,102.5,-5.00000000000025));
#4949=CARTESIAN_POINT('',(32.15,102.5,-4.00000000000018));
#4950=CARTESIAN_POINT('Origin',(32.,-98.5000000000003,0.));
#4951=CARTESIAN_POINT('Origin',(32.,65.4999999999997,-3.60822483003176E-15));
#4952=CARTESIAN_POINT('Origin',(6.85,102.5,3.99999999999981));
#4953=CARTESIAN_POINT('',(6.85,102.5,3.99999999999981));
#4954=CARTESIAN_POINT('',(6.85,102.5,-3.00000000000007));
#4955=CARTESIAN_POINT('',(6.85,102.5,3.99999999999981));
#4956=CARTESIAN_POINT('Origin',(9.,102.5,3.99999999999981));
#4957=CARTESIAN_POINT('',(9.,102.5,6.14999999999982));
#4958=CARTESIAN_POINT('Origin',(9.,102.5,3.99999999999981));
#4959=CARTESIAN_POINT('',(9.,102.5,6.14999999999982));
#4960=CARTESIAN_POINT('Origin',(30.,102.5,6.14999999999982));
#4961=CARTESIAN_POINT('',(30.,102.5,6.14999999999982));
#4962=CARTESIAN_POINT('',(15.,102.5,6.14999999999982));
#4963=CARTESIAN_POINT('',(30.,102.5,6.14999999999982));
#4964=CARTESIAN_POINT('Origin',(30.,102.5,3.99999999999981));
#4965=CARTESIAN_POINT('Origin',(30.,102.5,3.99999999999981));
#4966=CARTESIAN_POINT('Origin',(30.,102.5,-4.00000000000018));
#4967=CARTESIAN_POINT('',(30.,102.5,-6.15000000000018));
#4968=CARTESIAN_POINT('Origin',(30.,102.5,-4.00000000000018));
#4969=CARTESIAN_POINT('',(30.,102.5,-6.15000000000018));
#4970=CARTESIAN_POINT('Origin',(9.,102.5,-6.15000000000018));
#4971=CARTESIAN_POINT('',(4.49999999999997,102.5,-6.15000000000025));
#4972=CARTESIAN_POINT('Origin',(32.,-74.5000000000003,8.32667268468867E-16));
#4973=CARTESIAN_POINT('',(32.,-74.5000000000003,-4.));
#4974=CARTESIAN_POINT('Origin',(31.,65.4999999999997,-3.60822483003176E-15));
#4975=CARTESIAN_POINT('',(30.,65.4999999999997,-4.));
#4976=CARTESIAN_POINT('',(31.,65.4999999999997,-5.));
#4977=CARTESIAN_POINT('Origin',(30.,65.4999999999997,-3.60822483003176E-15));
#4978=CARTESIAN_POINT('Origin',(32.,65.4999999999997,-3.60822483003176E-15));
#4979=CARTESIAN_POINT('',(32.,65.4999999999997,-4.));
#4980=CARTESIAN_POINT('Origin',(16.9999999999999,0.49999999999967,-7.3));
#4981=CARTESIAN_POINT('Origin',(5.9,94.8499999999997,-2.15));
#4982=CARTESIAN_POINT('',(5.9,94.8499999999997,-2.15));
#4983=CARTESIAN_POINT('',(5.9,94.8499999999997,2.15));
#4984=CARTESIAN_POINT('',(5.9,94.8499999999997,-2.15));
#4985=CARTESIAN_POINT('',(4.6,94.8499999999997,-2.15));
#4986=CARTESIAN_POINT('',(5.9,94.8499999999997,-2.15));
#4987=CARTESIAN_POINT('',(4.6,94.8499999999997,2.15));
#4988=CARTESIAN_POINT('',(4.6,94.8499999999997,-2.15));
#4989=CARTESIAN_POINT('',(5.9,94.8499999999997,2.15));
#4990=CARTESIAN_POINT('Origin',(5.9,99.1499999999997,-2.15));
#4991=CARTESIAN_POINT('',(5.9,99.1499999999997,-2.15));
#4992=CARTESIAN_POINT('',(5.9,99.1499999999997,-2.15));
#4993=CARTESIAN_POINT('',(4.6,99.1499999999997,-2.15));
#4994=CARTESIAN_POINT('',(5.9,99.1499999999997,-2.15));
#4995=CARTESIAN_POINT('',(4.6,99.1499999999997,-2.15));
#4996=CARTESIAN_POINT('Origin',(5.9,99.1499999999997,2.15));
#4997=CARTESIAN_POINT('',(5.9,99.1499999999997,2.15));
#4998=CARTESIAN_POINT('',(5.9,99.1499999999997,2.15));
#4999=CARTESIAN_POINT('',(4.6,99.1499999999997,2.15));
#5000=CARTESIAN_POINT('',(5.9,99.1499999999997,2.15));
#5001=CARTESIAN_POINT('',(4.6,99.1499999999997,2.15));
#5002=CARTESIAN_POINT('Origin',(5.9,94.8499999999997,2.15));
#5003=CARTESIAN_POINT('',(5.9,94.8499999999997,2.15));
#5004=CARTESIAN_POINT('',(4.6,94.8499999999997,2.15));
#5005=CARTESIAN_POINT('Origin',(4.6,96.9999999999997,5.55111512312578E-16));
#5006=CARTESIAN_POINT('',(4.6,98.0999999999997,1.35745184502568E-16));
#5007=CARTESIAN_POINT('Origin',(4.6,96.9999999999997,1.03403659635905E-18));
#5008=CARTESIAN_POINT('Origin',(5.9,96.9999999999997,5.55111512312578E-16));
#5009=CARTESIAN_POINT('',(5.9,98.0999999999997,-1.3367711130985E-16));
#5010=CARTESIAN_POINT('Origin',(5.9,96.9999999999997,1.03403659635905E-18));
#5011=CARTESIAN_POINT('Origin',(5.9,78.8499999999997,-2.15000000000001));
#5012=CARTESIAN_POINT('',(5.9,78.8499999999997,-2.15000000000001));
#5013=CARTESIAN_POINT('',(5.9,78.8499999999997,2.14999999999999));
#5014=CARTESIAN_POINT('',(5.9,78.8499999999997,-2.15000000000001));
#5015=CARTESIAN_POINT('',(4.6,78.8499999999997,-2.15000000000001));
#5016=CARTESIAN_POINT('',(5.9,78.8499999999997,-2.15000000000001));
#5017=CARTESIAN_POINT('',(4.6,78.8499999999997,2.14999999999999));
#5018=CARTESIAN_POINT('',(4.6,78.8499999999997,-2.15000000000001));
#5019=CARTESIAN_POINT('',(5.9,78.8499999999997,2.14999999999999));
#5020=CARTESIAN_POINT('Origin',(5.9,83.1499999999997,-2.15));
#5021=CARTESIAN_POINT('',(5.9,83.1499999999997,-2.15));
#5022=CARTESIAN_POINT('',(5.9,83.1499999999997,-2.15));
#5023=CARTESIAN_POINT('',(4.6,83.1499999999997,-2.15));
#5024=CARTESIAN_POINT('',(5.9,83.1499999999997,-2.15));
#5025=CARTESIAN_POINT('',(4.6,83.1499999999997,-2.15));
#5026=CARTESIAN_POINT('Origin',(5.9,83.1499999999997,2.14999999999999));
#5027=CARTESIAN_POINT('',(5.9,83.1499999999997,2.14999999999999));
#5028=CARTESIAN_POINT('',(5.9,83.1499999999997,2.14999999999999));
#5029=CARTESIAN_POINT('',(4.6,83.1499999999997,2.14999999999999));
#5030=CARTESIAN_POINT('',(5.9,83.1499999999997,2.14999999999999));
#5031=CARTESIAN_POINT('',(4.6,83.1499999999997,2.14999999999999));
#5032=CARTESIAN_POINT('Origin',(5.9,78.8499999999997,2.14999999999999));
#5033=CARTESIAN_POINT('',(5.9,78.8499999999997,2.14999999999999));
#5034=CARTESIAN_POINT('',(4.6,78.8499999999997,2.14999999999999));
#5035=CARTESIAN_POINT('Origin',(4.6,80.9999999999997,-9.15933995315754E-15));
#5036=CARTESIAN_POINT('',(4.6,82.0999999999997,2.57175827820944E-16));
#5037=CARTESIAN_POINT('Origin',(4.6,80.9999999999997,1.22464679914736E-16));
#5038=CARTESIAN_POINT('Origin',(5.9,80.9999999999997,-9.15933995315754E-15));
#5039=CARTESIAN_POINT('',(5.9,82.0999999999997,-1.22464679914733E-17));
#5040=CARTESIAN_POINT('Origin',(5.9,80.9999999999997,1.22464679914736E-16));
#5041=CARTESIAN_POINT('Origin',(3.25,96.9999999999997,1.03403659635905E-18));
#5042=CARTESIAN_POINT('',(6.5,98.0999999999997,1.35745184502568E-16));
#5043=CARTESIAN_POINT('',(3.25,98.0999999999997,1.35745184502568E-16));
#5044=CARTESIAN_POINT('Origin',(6.5,96.9999999999997,1.03403659635905E-18));
#5045=CARTESIAN_POINT('Origin',(3.25,80.9999999999997,1.22464679914736E-16));
#5046=CARTESIAN_POINT('',(6.5,82.0999999999997,2.57175827820944E-16));
#5047=CARTESIAN_POINT('',(3.25,82.0999999999997,2.57175827820944E-16));
#5048=CARTESIAN_POINT('Origin',(6.5,80.9999999999997,1.22464679914736E-16));
#5049=CARTESIAN_POINT('Origin',(3.25,96.9999999999997,1.03403659635905E-18));
#5050=CARTESIAN_POINT('',(3.6,98.0999999999997,1.35745184502568E-16));
#5051=CARTESIAN_POINT('Origin',(3.6,96.9999999999997,1.03403659635905E-18));
#5052=CARTESIAN_POINT('',(3.25,98.0999999999997,1.35745184502568E-16));
#5053=CARTESIAN_POINT('Origin',(6.5,96.9999999999997,1.03403659635905E-18));
#5054=CARTESIAN_POINT('Origin',(3.25,80.9999999999997,1.22464679914736E-16));
#5055=CARTESIAN_POINT('',(3.6,82.0999999999997,2.57175827820944E-16));
#5056=CARTESIAN_POINT('Origin',(3.6,80.9999999999997,1.22464679914736E-16));
#5057=CARTESIAN_POINT('',(3.25,82.0999999999997,2.57175827820944E-16));
#5058=CARTESIAN_POINT('Origin',(6.5,80.9999999999997,1.22464679914736E-16));
#5059=CARTESIAN_POINT('Origin',(0.,77.4999999999997,-3.6));
#5060=CARTESIAN_POINT('',(4.35,86.0999999999997,-3.6));
#5061=CARTESIAN_POINT('',(4.35,87.5999999999997,-3.6));
#5062=CARTESIAN_POINT('Origin',(4.35,86.8499999999997,-3.6));
#5063=CARTESIAN_POINT('',(3.6,87.5999999999997,-3.6));
#5064=CARTESIAN_POINT('',(1.8,87.5999999999997,-3.6));
#5065=CARTESIAN_POINT('',(3.6,88.0999999999997,-3.6));
#5066=CARTESIAN_POINT('',(3.6,38.7499999999997,-3.6));
#5067=CARTESIAN_POINT('',(4.35,88.0999999999997,-3.6));
#5068=CARTESIAN_POINT('',(1.8,88.0999999999997,-3.6));
#5069=CARTESIAN_POINT('',(4.35,89.5999999999997,-3.6));
#5070=CARTESIAN_POINT('Origin',(4.35,88.8499999999997,-3.6));
#5071=CARTESIAN_POINT('',(3.6,89.5999999999997,-3.6));
#5072=CARTESIAN_POINT('',(1.8,89.5999999999997,-3.6));
#5073=CARTESIAN_POINT('',(3.6,90.0999999999997,-3.6));
#5074=CARTESIAN_POINT('',(3.6,38.7499999999997,-3.6));
#5075=CARTESIAN_POINT('',(4.35,90.0999999999997,-3.6));
#5076=CARTESIAN_POINT('',(1.8,90.0999999999997,-3.6));
#5077=CARTESIAN_POINT('',(4.35,91.5999999999997,-3.6));
#5078=CARTESIAN_POINT('Origin',(4.35,90.8499999999997,-3.6));
#5079=CARTESIAN_POINT('',(3.6,91.5999999999997,-3.6));
#5080=CARTESIAN_POINT('',(1.8,91.5999999999997,-3.6));
#5081=CARTESIAN_POINT('',(3.6,92.0999999999997,-3.6));
#5082=CARTESIAN_POINT('',(3.6,38.7499999999997,-3.6));
#5083=CARTESIAN_POINT('',(4.35,92.0999999999997,-3.6));
#5084=CARTESIAN_POINT('',(1.8,92.0999999999997,-3.6));
#5085=CARTESIAN_POINT('',(4.35,93.5999999999997,-3.6));
#5086=CARTESIAN_POINT('Origin',(4.35,92.8499999999997,-3.6));
#5087=CARTESIAN_POINT('',(3.6,93.5999999999997,-3.6));
#5088=CARTESIAN_POINT('',(1.8,93.5999999999997,-3.6));
#5089=CARTESIAN_POINT('',(3.6,98.4999999999997,-3.6));
#5090=CARTESIAN_POINT('',(3.6,38.7499999999997,-3.6));
#5091=CARTESIAN_POINT('',(0.,98.4999999999997,-3.6));
#5092=CARTESIAN_POINT('',(0.,98.4999999999997,-3.6));
#5093=CARTESIAN_POINT('',(0.,79.4999999999997,-3.6));
#5094=CARTESIAN_POINT('',(0.,38.7499999999997,-3.6));
#5095=CARTESIAN_POINT('',(3.6,79.4999999999997,-3.6));
#5096=CARTESIAN_POINT('',(0.,79.4999999999997,-3.6));
#5097=CARTESIAN_POINT('',(3.6,86.0999999999997,-3.6));
#5098=CARTESIAN_POINT('',(3.6,38.7499999999997,-3.6));
#5099=CARTESIAN_POINT('',(1.8,86.0999999999997,-3.6));
#5100=CARTESIAN_POINT('Origin',(0.,100.5,3.6));
#5101=CARTESIAN_POINT('',(4.35,87.5999999999997,3.6));
#5102=CARTESIAN_POINT('',(4.35,86.0999999999997,3.6));
#5103=CARTESIAN_POINT('Origin',(4.35,86.8499999999997,3.6));
#5104=CARTESIAN_POINT('',(3.6,86.0999999999997,3.6));
#5105=CARTESIAN_POINT('',(1.8,86.0999999999997,3.6));
#5106=CARTESIAN_POINT('',(3.6,79.4999999999997,3.6));
#5107=CARTESIAN_POINT('',(3.6,50.2499999999997,3.6));
#5108=CARTESIAN_POINT('',(0.,79.4999999999997,3.6));
#5109=CARTESIAN_POINT('',(0.,79.4999999999997,3.6));
#5110=CARTESIAN_POINT('',(0.,98.4999999999997,3.6));
#5111=CARTESIAN_POINT('',(0.,50.2499999999997,3.6));
#5112=CARTESIAN_POINT('',(3.6,98.4999999999997,3.6));
#5113=CARTESIAN_POINT('',(0.,98.4999999999997,3.6));
#5114=CARTESIAN_POINT('',(3.6,93.5999999999997,3.6));
#5115=CARTESIAN_POINT('',(3.6,50.2499999999997,3.6));
#5116=CARTESIAN_POINT('',(4.35,93.5999999999997,3.6));
#5117=CARTESIAN_POINT('',(1.8,93.5999999999997,3.6));
#5118=CARTESIAN_POINT('',(4.35,92.0999999999997,3.6));
#5119=CARTESIAN_POINT('Origin',(4.35,92.8499999999997,3.6));
#5120=CARTESIAN_POINT('',(3.6,92.0999999999997,3.6));
#5121=CARTESIAN_POINT('',(1.8,92.0999999999997,3.6));
#5122=CARTESIAN_POINT('',(3.6,91.5999999999997,3.6));
#5123=CARTESIAN_POINT('',(3.6,50.2499999999997,3.6));
#5124=CARTESIAN_POINT('',(4.35,91.5999999999997,3.6));
#5125=CARTESIAN_POINT('',(1.8,91.5999999999997,3.6));
#5126=CARTESIAN_POINT('',(4.35,90.0999999999997,3.6));
#5127=CARTESIAN_POINT('Origin',(4.35,90.8499999999997,3.6));
#5128=CARTESIAN_POINT('',(3.6,90.0999999999997,3.6));
#5129=CARTESIAN_POINT('',(1.8,90.0999999999997,3.6));
#5130=CARTESIAN_POINT('',(3.6,89.5999999999997,3.6));
#5131=CARTESIAN_POINT('',(3.6,50.2499999999997,3.6));
#5132=CARTESIAN_POINT('',(4.35,89.5999999999997,3.6));
#5133=CARTESIAN_POINT('',(1.8,89.5999999999997,3.6));
#5134=CARTESIAN_POINT('',(4.35,88.0999999999997,3.6));
#5135=CARTESIAN_POINT('Origin',(4.35,88.8499999999997,3.6));
#5136=CARTESIAN_POINT('',(3.6,88.0999999999997,3.6));
#5137=CARTESIAN_POINT('',(1.8,88.0999999999997,3.6));
#5138=CARTESIAN_POINT('',(3.6,87.5999999999997,3.6));
#5139=CARTESIAN_POINT('',(3.6,50.2499999999997,3.6));
#5140=CARTESIAN_POINT('',(1.8,87.5999999999997,3.6));
#5141=CARTESIAN_POINT('Origin',(3.6,90.0999999999997,3.5));
#5142=CARTESIAN_POINT('',(4.35,90.0999999999997,1.75));
#5143=CARTESIAN_POINT('',(3.6,90.0999999999997,1.75000000000001));
#5144=CARTESIAN_POINT('Origin',(3.6,88.0999999999997,3.5));
#5145=CARTESIAN_POINT('',(4.35,88.0999999999997,1.75));
#5146=CARTESIAN_POINT('',(3.6,88.0999999999997,1.75000000000001));
#5147=CARTESIAN_POINT('Origin',(4.35,92.8499999999997,-1.75));
#5148=CARTESIAN_POINT('',(4.35,93.5999999999997,-1.75));
#5149=CARTESIAN_POINT('',(4.35,92.0999999999997,1.75));
#5150=CARTESIAN_POINT('Origin',(3.6,93.5999999999997,-3.5));
#5151=CARTESIAN_POINT('',(3.6,93.5999999999997,-1.74999999999999));
#5152=CARTESIAN_POINT('Origin',(4.35,90.8499999999997,-1.75));
#5153=CARTESIAN_POINT('',(4.35,91.5999999999997,-1.75));
#5154=CARTESIAN_POINT('Origin',(3.6,91.5999999999997,-3.5));
#5155=CARTESIAN_POINT('',(3.6,91.5999999999997,-1.74999999999999));
#5156=CARTESIAN_POINT('Origin',(4.35,88.8499999999997,-1.75));
#5157=CARTESIAN_POINT('',(4.35,89.5999999999997,-1.75));
#5158=CARTESIAN_POINT('Origin',(3.6,89.5999999999997,-3.5));
#5159=CARTESIAN_POINT('',(3.6,89.5999999999997,-1.74999999999999));
#5160=CARTESIAN_POINT('Origin',(4.35,86.8499999999997,-1.75));
#5161=CARTESIAN_POINT('',(4.35,87.5999999999997,-1.75));
#5162=CARTESIAN_POINT('',(4.35,86.0999999999997,1.75));
#5163=CARTESIAN_POINT('Origin',(3.6,92.0999999999997,3.5));
#5164=CARTESIAN_POINT('',(3.6,92.0999999999997,1.75000000000001));
#5165=CARTESIAN_POINT('Origin',(3.6,87.5999999999997,-3.5));
#5166=CARTESIAN_POINT('',(3.6,87.5999999999997,-1.74999999999999));
#5167=CARTESIAN_POINT('Origin',(3.6,86.0999999999997,3.5));
#5168=CARTESIAN_POINT('',(3.6,86.0999999999997,1.75000000000001));
#5169=CARTESIAN_POINT('Origin',(3.6,-3.19744231092045E-13,2.66453525910038E-14));
#5170=CARTESIAN_POINT('',(3.6,100.6,1.5));
#5171=CARTESIAN_POINT('Origin',(3.6,98.4999999999997,1.5));
#5172=CARTESIAN_POINT('',(3.6,100.6,-1.5));
#5173=CARTESIAN_POINT('',(3.6,100.6,-1.74999999999999));
#5174=CARTESIAN_POINT('Origin',(3.6,98.4999999999997,-1.5));
#5175=CARTESIAN_POINT('Origin',(3.6,-3.19744231092045E-13,2.66453525910038E-14));
#5176=CARTESIAN_POINT('Origin',(3.6,-3.19744231092045E-13,2.66453525910038E-14));
#5177=CARTESIAN_POINT('Origin',(3.6,-3.19744231092045E-13,2.66453525910038E-14));
#5178=CARTESIAN_POINT('',(3.6,77.3999999999997,-1.5));
#5179=CARTESIAN_POINT('Origin',(3.6,79.4999999999997,-1.5));
#5180=CARTESIAN_POINT('',(3.6,77.3999999999997,1.5));
#5181=CARTESIAN_POINT('',(3.6,77.3999999999997,1.75000000000001));
#5182=CARTESIAN_POINT('Origin',(3.6,79.4999999999997,1.5));
#5183=CARTESIAN_POINT('Origin',(0.,79.4999999999997,-1.5));
#5184=CARTESIAN_POINT('',(0.,77.3999999999997,-1.5));
#5185=CARTESIAN_POINT('Origin',(0.,79.4999999999997,-1.5));
#5186=CARTESIAN_POINT('',(0.,77.3999999999997,-1.5));
#5187=CARTESIAN_POINT('Origin',(0.,79.4999999999997,1.5));
#5188=CARTESIAN_POINT('',(0.,77.3999999999997,1.5));
#5189=CARTESIAN_POINT('',(0.,77.3999999999997,1.5));
#5190=CARTESIAN_POINT('Origin',(0.,79.4999999999997,1.5));
#5191=CARTESIAN_POINT('Origin',(0.,98.4999999999997,1.5));
#5192=CARTESIAN_POINT('',(0.,100.6,1.5));
#5193=CARTESIAN_POINT('Origin',(0.,98.4999999999997,1.5));
#5194=CARTESIAN_POINT('',(0.,100.6,1.5));
#5195=CARTESIAN_POINT('Origin',(0.,98.4999999999997,-1.5));
#5196=CARTESIAN_POINT('',(0.,100.6,-1.5));
#5197=CARTESIAN_POINT('',(0.,100.6,-1.5));
#5198=CARTESIAN_POINT('Origin',(0.,98.4999999999997,-1.5));
#5199=CARTESIAN_POINT('Origin',(0.,100.6,-3.5));
#5200=CARTESIAN_POINT('',(0.,100.6,-1.74999999999998));
#5201=CARTESIAN_POINT('Origin',(0.,77.3999999999997,3.5));
#5202=CARTESIAN_POINT('',(0.,77.3999999999997,1.75000000000002));
#5203=CARTESIAN_POINT('Origin',(3.6,-3.19744231092045E-13,2.66453525910038E-14));
#5204=CARTESIAN_POINT('Origin',(3.25,65.4999999999997,-3.33066907387547E-15));
#5205=CARTESIAN_POINT('',(3.35,65.4999999999997,-2.5));
#5206=CARTESIAN_POINT('Origin',(3.35,65.4999999999997,-3.33066907387547E-15));
#5207=CARTESIAN_POINT('',(5.35,65.4999999999997,-2.5));
#5208=CARTESIAN_POINT('',(3.25,65.4999999999997,-2.5));
#5209=CARTESIAN_POINT('Origin',(5.35,65.4999999999997,-3.33066907387547E-15));
#5210=CARTESIAN_POINT('Origin',(5.35,65.4999999999997,-3.33066907387547E-15));
#5211=CARTESIAN_POINT('',(5.35,65.4999999999997,-1.55));
#5212=CARTESIAN_POINT('Origin',(5.35,65.4999999999997,-3.60822483003176E-15));
#5213=CARTESIAN_POINT('Origin',(3.25,-74.5000000000003,2.22044604925031E-15));
#5214=CARTESIAN_POINT('',(3.35,-74.5000000000003,-2.5));
#5215=CARTESIAN_POINT('Origin',(3.35,-74.5000000000003,2.22044604925031E-15));
#5216=CARTESIAN_POINT('',(5.35,-74.5000000000003,-2.5));
#5217=CARTESIAN_POINT('',(3.25,-74.5000000000003,-2.5));
#5218=CARTESIAN_POINT('Origin',(5.35,-74.5000000000003,2.22044604925031E-15));
#5219=CARTESIAN_POINT('Origin',(5.35,-74.5000000000003,2.22044604925031E-15));
#5220=CARTESIAN_POINT('',(5.35,-74.5000000000003,-1.55));
#5221=CARTESIAN_POINT('Origin',(5.35,-74.5000000000003,8.32667268468867E-16));
#5222=CARTESIAN_POINT('Origin',(3.,-64.5000000000003,-6.60000000000002));
#5223=CARTESIAN_POINT('',(0.,-84.6000000000003,-6.60000000000002));
#5224=CARTESIAN_POINT('',(0.,-64.4000000000003,-6.60000000000002));
#5225=CARTESIAN_POINT('',(0.,-32.2500000000003,-6.60000000000002));
#5226=CARTESIAN_POINT('',(3.35,-84.6000000000003,-6.60000000000002));
#5227=CARTESIAN_POINT('',(1.5,-84.6000000000003,-6.60000000000002));
#5228=CARTESIAN_POINT('',(3.35,-64.4000000000003,-6.60000000000002));
#5229=CARTESIAN_POINT('',(3.35,-69.5000000000003,-6.60000000000002));
#5230=CARTESIAN_POINT('',(1.5,-64.4000000000003,-6.60000000000002));
#5231=CARTESIAN_POINT('Origin',(3.,-84.5000000000003,6.60000000000006));
#5232=CARTESIAN_POINT('',(0.,-64.4000000000003,6.60000000000006));
#5233=CARTESIAN_POINT('',(0.,-84.6000000000003,6.60000000000006));
#5234=CARTESIAN_POINT('',(0.,-42.2500000000003,6.60000000000006));
#5235=CARTESIAN_POINT('',(3.35,-64.4000000000003,6.60000000000006));
#5236=CARTESIAN_POINT('',(1.5,-64.4000000000003,6.60000000000006));
#5237=CARTESIAN_POINT('',(3.35,-84.6000000000003,6.60000000000006));
#5238=CARTESIAN_POINT('',(3.35,-79.5000000000003,6.60000000000006));
#5239=CARTESIAN_POINT('',(1.5,-84.6000000000003,6.60000000000006));
#5240=CARTESIAN_POINT('Origin',(0.,-3.01980662698043E-13,3.10862446895044E-14));
#5241=CARTESIAN_POINT('',(0.,-102.5,-6.99999999999997));
#5242=CARTESIAN_POINT('',(0.,-99.5000000000003,-9.99999999999997));
#5243=CARTESIAN_POINT('Origin',(0.,-99.5000000000003,-6.99999999999997));
#5244=CARTESIAN_POINT('',(0.,-102.5,7.00000000000003));
#5245=CARTESIAN_POINT('',(0.,-102.5,10.));
#5246=CARTESIAN_POINT('',(0.,-99.5000000000003,10.));
#5247=CARTESIAN_POINT('Origin',(0.,-99.5000000000003,7.00000000000003));
#5248=CARTESIAN_POINT('',(0.,99.4999999999997,9.99999999999991));
#5249=CARTESIAN_POINT('',(0.,102.5,9.99999999999991));
#5250=CARTESIAN_POINT('',(0.,102.5,6.9999999999999));
#5251=CARTESIAN_POINT('Origin',(0.,99.4999999999997,6.99999999999991));
#5252=CARTESIAN_POINT('',(0.,102.5,-6.99999999999997));
#5253=CARTESIAN_POINT('',(0.,102.5,-9.99999999999996));
#5254=CARTESIAN_POINT('',(0.,99.4999999999997,-9.99999999999996));
#5255=CARTESIAN_POINT('Origin',(0.,99.4999999999996,-6.99999999999996));
#5256=CARTESIAN_POINT('',(0.,-102.5,-9.99999999999997));
#5257=CARTESIAN_POINT('',(0.,55.3999999999997,6.60000000000005));
#5258=CARTESIAN_POINT('',(0.,55.3999999999997,-6.60000000000003));
#5259=CARTESIAN_POINT('',(0.,55.3999999999997,1.75000000000001));
#5260=CARTESIAN_POINT('',(0.,75.5999999999997,-6.60000000000003));
#5261=CARTESIAN_POINT('',(0.,37.7499999999997,-6.60000000000003));
#5262=CARTESIAN_POINT('',(0.,75.5999999999997,6.60000000000005));
#5263=CARTESIAN_POINT('',(0.,75.5999999999997,-1.74999999999999));
#5264=CARTESIAN_POINT('',(0.,27.7499999999997,6.60000000000005));
#5265=CARTESIAN_POINT('',(0.,-84.6000000000003,1.75000000000002));
#5266=CARTESIAN_POINT('',(0.,-64.4000000000003,-1.74999999999998));
#5267=CARTESIAN_POINT('Origin',(3.,75.4999999999997,-6.60000000000003));
#5268=CARTESIAN_POINT('',(3.35,55.3999999999997,-6.60000000000003));
#5269=CARTESIAN_POINT('',(1.5,55.3999999999997,-6.60000000000003));
#5270=CARTESIAN_POINT('',(3.35,75.5999999999997,-6.60000000000003));
#5271=CARTESIAN_POINT('',(3.35,70.4999999999997,-6.60000000000003));
#5272=CARTESIAN_POINT('',(1.5,75.5999999999997,-6.60000000000003));
#5273=CARTESIAN_POINT('Origin',(3.,55.4999999999997,6.60000000000005));
#5274=CARTESIAN_POINT('',(3.35,75.5999999999997,6.60000000000005));
#5275=CARTESIAN_POINT('',(1.5,75.5999999999997,6.60000000000005));
#5276=CARTESIAN_POINT('',(3.35,55.3999999999997,6.60000000000005));
#5277=CARTESIAN_POINT('',(3.35,60.4999999999997,6.60000000000005));
#5278=CARTESIAN_POINT('',(1.5,55.3999999999997,6.60000000000005));
#5279=CARTESIAN_POINT('Origin',(3.,65.4999999999997,-3.60822483003176E-15));
#5280=CARTESIAN_POINT('',(3.,65.4999999999997,-1.55));
#5281=CARTESIAN_POINT('Origin',(11.,65.4999999999997,-3.60822483003176E-15));
#5282=CARTESIAN_POINT('Origin',(3.,-74.5000000000003,8.32667268468867E-16));
#5283=CARTESIAN_POINT('',(3.,-74.5000000000003,-1.55));
#5284=CARTESIAN_POINT('Origin',(11.,-74.5000000000003,8.32667268468867E-16));
#5285=CARTESIAN_POINT('Origin',(0.,-64.4000000000003,-3.5));
#5286=CARTESIAN_POINT('',(3.35,-64.4000000000003,-1.75));
#5287=CARTESIAN_POINT('Origin',(0.,-84.6000000000003,3.5));
#5288=CARTESIAN_POINT('',(3.35,-84.6000000000003,1.75));
#5289=CARTESIAN_POINT('Origin',(3.35,-74.5000000000003,5.55111512312578E-16));
#5290=CARTESIAN_POINT('Origin',(0.,75.5999999999997,-3.5));
#5291=CARTESIAN_POINT('',(3.35,75.5999999999997,-1.75));
#5292=CARTESIAN_POINT('Origin',(0.,55.3999999999997,3.5));
#5293=CARTESIAN_POINT('',(3.35,55.3999999999997,1.75));
#5294=CARTESIAN_POINT('Origin',(3.35,65.4999999999997,-3.88578058618805E-15));
#5295=CARTESIAN_POINT('Origin',(0.,-99.5000000000003,-6.99999999999997));
#5296=CARTESIAN_POINT('',(34.,-99.5000000000003,-9.99999999999997));
#5297=CARTESIAN_POINT('',(34.,-102.5,-6.99999999999997));
#5298=CARTESIAN_POINT('Origin',(34.,-99.5000000000003,-6.99999999999997));
#5299=CARTESIAN_POINT('',(0.,-102.5,-6.99999999999997));
#5300=CARTESIAN_POINT('',(0.,-99.5000000000003,-9.99999999999997));
#5301=CARTESIAN_POINT('Origin',(0.,-102.5,10.));
#5302=CARTESIAN_POINT('',(34.,-102.5,7.00000000000003));
#5303=CARTESIAN_POINT('',(34.,-102.5,10.));
#5304=CARTESIAN_POINT('',(0.,-102.5,7.00000000000003));
#5305=CARTESIAN_POINT('Origin',(0.,-99.5000000000003,7.00000000000003));
#5306=CARTESIAN_POINT('',(34.,-99.5000000000003,10.));
#5307=CARTESIAN_POINT('Origin',(34.,-99.5000000000003,7.00000000000003));
#5308=CARTESIAN_POINT('',(0.,-99.5000000000003,10.));
#5309=CARTESIAN_POINT('Origin',(0.,99.4999999999996,-6.99999999999996));
#5310=CARTESIAN_POINT('',(34.,102.5,-6.99999999999997));
#5311=CARTESIAN_POINT('',(34.,99.4999999999997,-9.99999999999996));
#5312=CARTESIAN_POINT('Origin',(34.,99.4999999999996,-6.99999999999996));
#5313=CARTESIAN_POINT('',(0.,99.4999999999996,-9.99999999999996));
#5314=CARTESIAN_POINT('',(0.,102.5,-6.99999999999997));
#5315=CARTESIAN_POINT('Origin',(0.,102.5,-9.99999999999996));
#5316=CARTESIAN_POINT('',(34.,102.5,6.9999999999999));
#5317=CARTESIAN_POINT('',(0.,102.5,6.9999999999999));
#5318=CARTESIAN_POINT('',(34.,102.5,-9.99999999999996));
#5319=CARTESIAN_POINT('Origin',(0.,99.4999999999997,6.99999999999991));
#5320=CARTESIAN_POINT('',(34.,99.4999999999997,9.99999999999991));
#5321=CARTESIAN_POINT('Origin',(34.,99.4999999999997,6.99999999999991));
#5322=CARTESIAN_POINT('',(0.,99.4999999999997,9.99999999999991));
#5323=CARTESIAN_POINT('Origin',(0.,102.5,9.99999999999991));
#5324=CARTESIAN_POINT('',(34.,102.5,9.99999999999991));
#5325=CARTESIAN_POINT('Origin',(0.,-102.5,-9.99999999999997));
#5326=CARTESIAN_POINT('',(34.,-102.5,-9.99999999999997));
#5327=CARTESIAN_POINT('Origin',(34.,-3.01980662698043E-13,3.10862446895044E-14));
#5328=UNCERTAINTY_MEASURE_WITH_UNIT(LENGTH_MEASURE(0.01),#5332,
'DISTANCE_ACCURACY_VALUE',
'Maximum model space distance between geometric entities at asserted c
onnectivities');
#5329=UNCERTAINTY_MEASURE_WITH_UNIT(LENGTH_MEASURE(0.01),#5332,
'DISTANCE_ACCURACY_VALUE',
'Maximum model space distance between geometric entities at asserted c
onnectivities');
#5330=(
GEOMETRIC_REPRESENTATION_CONTEXT(3)
GLOBAL_UNCERTAINTY_ASSIGNED_CONTEXT((#5328))
GLOBAL_UNIT_ASSIGNED_CONTEXT((#5332,#5334,#5335))
REPRESENTATION_CONTEXT('','3D')
);
#5331=(
GEOMETRIC_REPRESENTATION_CONTEXT(3)
GLOBAL_UNCERTAINTY_ASSIGNED_CONTEXT((#5329))
GLOBAL_UNIT_ASSIGNED_CONTEXT((#5332,#5334,#5335))
REPRESENTATION_CONTEXT('','3D')
);
#5332=(
LENGTH_UNIT()
NAMED_UNIT(*)
SI_UNIT(.MILLI.,.METRE.)
);
#5333=(
LENGTH_UNIT()
NAMED_UNIT(*)
SI_UNIT($,.METRE.)
);
#5334=(
NAMED_UNIT(*)
PLANE_ANGLE_UNIT()
SI_UNIT($,.RADIAN.)
);
#5335=(
NAMED_UNIT(*)
SI_UNIT($,.STERADIAN.)
SOLID_ANGLE_UNIT()
);
#5336=SHAPE_DEFINITION_REPRESENTATION(#5337,#5338);
#5337=PRODUCT_DEFINITION_SHAPE('',$,#5340);
#5338=SHAPE_REPRESENTATION('',(#3124),#5330);
#5339=PRODUCT_DEFINITION_CONTEXT('part definition',#5344,'design');
#5340=PRODUCT_DEFINITION('2026-08-29-10-49-20-484','(Unsaved)',#5341,#5339);
#5341=PRODUCT_DEFINITION_FORMATION('',$,#5346);
#5342=PRODUCT_RELATED_PRODUCT_CATEGORY('(Unsaved)','(Unsaved)',(#5346));
#5343=APPLICATION_PROTOCOL_DEFINITION('international standard',
'automotive_design',2009,#5344);
#5344=APPLICATION_CONTEXT(
'Core Data for Automotive Mechanical Design Process');
#5345=PRODUCT_CONTEXT('part definition',#5344,'mechanical');
#5346=PRODUCT('2026-08-29-10-49-20-484','(Unsaved)',$,(#5345));
#5347=PRESENTATION_STYLE_ASSIGNMENT((#5348));
#5348=SURFACE_STYLE_USAGE(.BOTH.,#5349);
#5349=SURFACE_SIDE_STYLE('',(#5350));
#5350=SURFACE_STYLE_FILL_AREA(#5351);
#5351=FILL_AREA_STYLE('Steel - Satin',(#5352));
#5352=FILL_AREA_STYLE_COLOUR('Steel - Satin',#5353);
#5353=COLOUR_RGB('Steel - Satin',0.627450980392157,0.627450980392157,0.627450980392157);
ENDSEC;
END-ISO-10303-21;
