ISO-10303-21;
HEADER;
/* Generated by software containing ST-Developer
 * from STEP Tools, Inc. (www.steptools.com) 
 */

FILE_DESCRIPTION(
/* description */ (''),
/* implementation_level */ '2;1');

FILE_NAME(
/* name */ 'freestanding-base-outer-shell_v1.0.step',
/* time_stamp */ '2026-08-29T11:17:49-05:00',
/* author */ (''),
/* organization */ (''),
/* preprocessor_version */ 'ST-DEVELOPER v20.1',
/* originating_system */ 'Autodesk Translation Framework v15.8.0.0',
/* authorisation */ '');

FILE_SCHEMA (('AUTOMOTIVE_DESIGN { 1 0 10303 214 3 1 1 }'));
ENDSEC;

DATA;
#10=MECHANICAL_DESIGN_GEOMETRIC_PRESENTATION_REPRESENTATION('',(#13),#4967);
#11=SHAPE_REPRESENTATION_RELATIONSHIP('SRR','None',#4974,#12);
#12=ADVANCED_BREP_SHAPE_REPRESENTATION('',(#14),#4966);
#13=STYLED_ITEM('',(#4984),#14);
#14=MANIFOLD_SOLID_BREP('Outer',#2868);
#15=B_SPLINE_CURVE_WITH_KNOTS('',3,(#4520,#4521,#4522,#4523),
 .UNSPECIFIED.,.F.,.F.,(4,4),(1.66507097808271,1.66611911791358),
 .UNSPECIFIED.);
#16=B_SPLINE_CURVE_WITH_KNOTS('',3,(#4527,#4528,#4529,#4530),
 .UNSPECIFIED.,.F.,.F.,(4,4),(1.66611911791359,1.66706573311295),
 .UNSPECIFIED.);
#17=B_SPLINE_CURVE_WITH_KNOTS('',3,(#4577,#4578,#4579,#4580,#4581,#4582),
 .UNSPECIFIED.,.F.,.F.,(4,2,4),(2.16434281846327,2.21771585040873,2.2710888823542),
 .UNSPECIFIED.);
#18=B_SPLINE_CURVE_WITH_KNOTS('',3,(#4624,#4625,#4626,#4627),
 .UNSPECIFIED.,.F.,.F.,(4,4),(1.67386574918814,2.16434281846327),
 .UNSPECIFIED.);
#19=B_SPLINE_CURVE_WITH_KNOTS('',3,(#4630,#4631,#4632,#4633),
 .UNSPECIFIED.,.F.,.F.,(4,4),(2.2710888823542,2.76156595162933),
 .UNSPECIFIED.);
#20=B_SPLINE_CURVE_WITH_KNOTS('',3,(#4661,#4662,#4663,#4664),
 .UNSPECIFIED.,.F.,.F.,(4,4),(1.66496945914955,1.6661191179136),
 .UNSPECIFIED.);
#21=B_SPLINE_CURVE_WITH_KNOTS('',3,(#4667,#4668,#4669,#4670),
 .UNSPECIFIED.,.F.,.F.,(4,4),(1.66611911791359,1.66716725774446),
 .UNSPECIFIED.);
#22=B_SPLINE_CURVE_WITH_KNOTS('',3,(#4707,#4708,#4709,#4710,#4711,#4712),
 .UNSPECIFIED.,.F.,.F.,(4,2,4),(2.16434281846324,2.2177158504087,2.27108888235416),
 .UNSPECIFIED.);
#23=B_SPLINE_CURVE_WITH_KNOTS('',3,(#4754,#4755,#4756,#4757),
 .UNSPECIFIED.,.F.,.F.,(4,4),(1.6738657491882,2.16434281846324),
 .UNSPECIFIED.);
#24=B_SPLINE_CURVE_WITH_KNOTS('',3,(#4760,#4761,#4762,#4763),
 .UNSPECIFIED.,.F.,.F.,(4,4),(2.27108888235416,2.7615659516292),
 .UNSPECIFIED.);
#25=B_SPLINE_CURVE_WITH_KNOTS('',3,(#4787,#4788,#4789,#4790,#4791,#4792),
 .UNSPECIFIED.,.F.,.F.,(4,2,4),(1.62053256729093,2.00736685505733,2.39420114282375),
 .UNSPECIFIED.);
#26=B_SPLINE_CURVE_WITH_KNOTS('',3,(#4824,#4825,#4826,#4827,#4828,#4829),
 .UNSPECIFIED.,.F.,.F.,(4,2,4),(1.62053256729093,2.00736685505734,2.39420114282373),
 .UNSPECIFIED.);
#27=(
BOUNDED_CURVE()
B_SPLINE_CURVE(2,(#4413,#4414,#4415),.UNSPECIFIED.,.F.,.F.)
B_SPLINE_CURVE_WITH_KNOTS((3,3),(0.,0.038277037200941),.UNSPECIFIED.)
CURVE()
GEOMETRIC_REPRESENTATION_ITEM()
RATIONAL_B_SPLINE_CURVE((1.,1.00000314527458,1.00000285138149))
REPRESENTATION_ITEM('')
);
#28=(
BOUNDED_CURVE()
B_SPLINE_CURVE(2,(#4418,#4419,#4420),.UNSPECIFIED.,.F.,.F.)
B_SPLINE_CURVE_WITH_KNOTS((3,3),(0.0498837775101517,0.110225965569385),
 .UNSPECIFIED.)
CURVE()
GEOMETRIC_REPRESENTATION_ITEM()
RATIONAL_B_SPLINE_CURVE((1.,1.,1.))
REPRESENTATION_ITEM('')
);
#29=(
BOUNDED_CURVE()
B_SPLINE_CURVE(2,(#4433,#4434,#4435),.UNSPECIFIED.,.F.,.F.)
B_SPLINE_CURVE_WITH_KNOTS((3,3),(0.,0.060342188059368),.UNSPECIFIED.)
CURVE()
GEOMETRIC_REPRESENTATION_ITEM()
RATIONAL_B_SPLINE_CURVE((1.,1.,1.))
REPRESENTATION_ITEM('')
);
#30=(
BOUNDED_CURVE()
B_SPLINE_CURVE(2,(#4447,#4448,#4449),.UNSPECIFIED.,.F.,.F.)
B_SPLINE_CURVE_WITH_KNOTS((3,3),(0.0317351307011579,0.0700121679022625),
 .UNSPECIFIED.)
CURVE()
GEOMETRIC_REPRESENTATION_ITEM()
RATIONAL_B_SPLINE_CURVE((1.00000285140597,1.00000314530158,1.))
REPRESENTATION_ITEM('')
);
#31=(
BOUNDED_CURVE()
B_SPLINE_CURVE(2,(#4461,#4462,#4463),.UNSPECIFIED.,.F.,.F.)
B_SPLINE_CURVE_WITH_KNOTS((3,3),(0.,0.0382770372015537),.UNSPECIFIED.)
CURVE()
GEOMETRIC_REPRESENTATION_ITEM()
RATIONAL_B_SPLINE_CURVE((1.,1.00000314527132,1.00000285137854))
REPRESENTATION_ITEM('')
);
#32=(
BOUNDED_CURVE()
B_SPLINE_CURVE(2,(#4465,#4466,#4467),.UNSPECIFIED.,.F.,.F.)
B_SPLINE_CURVE_WITH_KNOTS((3,3),(0.0498837775100546,0.110225965569381),
 .UNSPECIFIED.)
CURVE()
GEOMETRIC_REPRESENTATION_ITEM()
RATIONAL_B_SPLINE_CURVE((1.,1.,1.))
REPRESENTATION_ITEM('')
);
#33=(
BOUNDED_CURVE()
B_SPLINE_CURVE(2,(#4471,#4472,#4473),.UNSPECIFIED.,.F.,.F.)
B_SPLINE_CURVE_WITH_KNOTS((3,3),(0.,0.0603421880592638),.UNSPECIFIED.)
CURVE()
GEOMETRIC_REPRESENTATION_ITEM()
RATIONAL_B_SPLINE_CURVE((1.,1.,1.))
REPRESENTATION_ITEM('')
);
#34=(
BOUNDED_CURVE()
B_SPLINE_CURVE(2,(#4475,#4476,#4477),.UNSPECIFIED.,.F.,.F.)
B_SPLINE_CURVE_WITH_KNOTS((3,3),(0.0317351307015525,0.0700121679022635),
 .UNSPECIFIED.)
CURVE()
GEOMETRIC_REPRESENTATION_ITEM()
RATIONAL_B_SPLINE_CURVE((1.00000285133656,1.00000314522501,1.))
REPRESENTATION_ITEM('')
);
#35=ELLIPSE('',#2897,1.4142135623731,1.);
#36=ELLIPSE('',#2898,1.4142135623731,1.);
#37=ELLIPSE('',#2911,1.41421356237309,1.);
#38=ELLIPSE('',#2912,1.41421356237309,1.);
#39=ELLIPSE('',#2916,1.4142135623731,1.);
#40=ELLIPSE('',#2917,1.4142135623731,1.);
#41=ELLIPSE('',#2930,1.41421356237309,1.);
#42=ELLIPSE('',#2931,1.41421356237309,1.);
#43=FACE_BOUND('',#378,.T.);
#44=FACE_BOUND('',#382,.T.);
#45=FACE_BOUND('',#386,.T.);
#46=FACE_BOUND('',#392,.T.);
#47=FACE_BOUND('',#422,.T.);
#48=FACE_BOUND('',#428,.T.);
#49=FACE_BOUND('',#433,.T.);
#50=FACE_BOUND('',#438,.T.);
#51=FACE_BOUND('',#461,.T.);
#52=FACE_BOUND('',#479,.T.);
#53=FACE_BOUND('',#535,.T.);
#54=FACE_BOUND('',#540,.T.);
#55=FACE_BOUND('',#542,.T.);
#56=FACE_BOUND('',#543,.T.);
#57=FACE_BOUND('',#544,.T.);
#58=FACE_BOUND('',#551,.T.);
#59=FACE_BOUND('',#554,.T.);
#60=FACE_BOUND('',#555,.T.);
#61=FACE_BOUND('',#556,.T.);
#62=FACE_BOUND('',#557,.T.);
#63=FACE_BOUND('',#558,.T.);
#64=PLANE('',#2887);
#65=PLANE('',#2894);
#66=PLANE('',#2896);
#67=PLANE('',#2901);
#68=PLANE('',#2910);
#69=PLANE('',#2915);
#70=PLANE('',#2920);
#71=PLANE('',#2929);
#72=PLANE('',#2938);
#73=PLANE('',#2939);
#74=PLANE('',#2940);
#75=PLANE('',#2941);
#76=PLANE('',#2942);
#77=PLANE('',#2943);
#78=PLANE('',#2946);
#79=PLANE('',#2949);
#80=PLANE('',#2950);
#81=PLANE('',#2951);
#82=PLANE('',#2952);
#83=PLANE('',#2953);
#84=PLANE('',#2954);
#85=PLANE('',#2955);
#86=PLANE('',#2956);
#87=PLANE('',#2957);
#88=PLANE('',#2958);
#89=PLANE('',#2959);
#90=PLANE('',#2960);
#91=PLANE('',#2961);
#92=PLANE('',#2962);
#93=PLANE('',#2963);
#94=PLANE('',#2964);
#95=PLANE('',#2977);
#96=PLANE('',#2978);
#97=PLANE('',#2979);
#98=PLANE('',#2980);
#99=PLANE('',#2982);
#100=PLANE('',#2983);
#101=PLANE('',#2984);
#102=PLANE('',#2985);
#103=PLANE('',#2987);
#104=PLANE('',#2988);
#105=PLANE('',#2989);
#106=PLANE('',#2990);
#107=PLANE('',#2992);
#108=PLANE('',#2993);
#109=PLANE('',#2994);
#110=PLANE('',#2995);
#111=PLANE('',#2996);
#112=PLANE('',#2997);
#113=PLANE('',#2998);
#114=PLANE('',#3006);
#115=PLANE('',#3007);
#116=PLANE('',#3008);
#117=PLANE('',#3009);
#118=PLANE('',#3010);
#119=PLANE('',#3011);
#120=PLANE('',#3012);
#121=PLANE('',#3013);
#122=PLANE('',#3021);
#123=PLANE('',#3025);
#124=PLANE('',#3040);
#125=PLANE('',#3048);
#126=PLANE('',#3053);
#127=PLANE('',#3054);
#128=PLANE('',#3065);
#129=PLANE('',#3080);
#130=PLANE('',#3088);
#131=PLANE('',#3093);
#132=PLANE('',#3095);
#133=PLANE('',#3097);
#134=PLANE('',#3111);
#135=PLANE('',#3112);
#136=PLANE('',#3114);
#137=PLANE('',#3123);
#138=PLANE('',#3124);
#139=PLANE('',#3133);
#140=PLANE('',#3134);
#141=PLANE('',#3140);
#142=PLANE('',#3141);
#143=PLANE('',#3148);
#144=PLANE('',#3149);
#145=PLANE('',#3157);
#146=PLANE('',#3169);
#147=PLANE('',#3176);
#148=PLANE('',#3178);
#149=PLANE('',#3190);
#150=PLANE('',#3193);
#151=CYLINDRICAL_SURFACE('',#2885,2.325);
#152=CYLINDRICAL_SURFACE('',#2892,2.325);
#153=CYLINDRICAL_SURFACE('',#2899,1.);
#154=CYLINDRICAL_SURFACE('',#2913,1.);
#155=CYLINDRICAL_SURFACE('',#2918,1.);
#156=CYLINDRICAL_SURFACE('',#2932,1.);
#157=CYLINDRICAL_SURFACE('',#2934,1.);
#158=CYLINDRICAL_SURFACE('',#2936,1.);
#159=CYLINDRICAL_SURFACE('',#2944,1.);
#160=CYLINDRICAL_SURFACE('',#2947,1.);
#161=CYLINDRICAL_SURFACE('',#2967,47.6);
#162=CYLINDRICAL_SURFACE('',#3017,61.9216122438333);
#163=CYLINDRICAL_SURFACE('',#3022,2.99999999999999);
#164=CYLINDRICAL_SURFACE('',#3032,81.5000000000003);
#165=CYLINDRICAL_SURFACE('',#3034,81.5000000000003);
#166=CYLINDRICAL_SURFACE('',#3037,81.5000000000003);
#167=CYLINDRICAL_SURFACE('',#3045,84.5000000000003);
#168=CYLINDRICAL_SURFACE('',#3049,81.5);
#169=CYLINDRICAL_SURFACE('',#3051,81.5);
#170=CYLINDRICAL_SURFACE('',#3058,61.9216122438333);
#171=CYLINDRICAL_SURFACE('',#3062,3.00000000000001);
#172=CYLINDRICAL_SURFACE('',#3072,81.5000000000003);
#173=CYLINDRICAL_SURFACE('',#3074,81.5000000000003);
#174=CYLINDRICAL_SURFACE('',#3077,81.5000000000003);
#175=CYLINDRICAL_SURFACE('',#3085,84.5000000000003);
#176=CYLINDRICAL_SURFACE('',#3089,81.5000000000003);
#177=CYLINDRICAL_SURFACE('',#3091,81.5000000000003);
#178=CYLINDRICAL_SURFACE('',#3094,66.5);
#179=CYLINDRICAL_SURFACE('',#3096,79.5);
#180=CYLINDRICAL_SURFACE('',#3098,3.00000000000001);
#181=CYLINDRICAL_SURFACE('',#3100,63.5);
#182=CYLINDRICAL_SURFACE('',#3103,63.5);
#183=CYLINDRICAL_SURFACE('',#3105,3.00000000000002);
#184=CYLINDRICAL_SURFACE('',#3107,3.);
#185=CYLINDRICAL_SURFACE('',#3109,2.99999999999997);
#186=CYLINDRICAL_SURFACE('',#3113,66.5);
#187=CYLINDRICAL_SURFACE('',#3115,79.5);
#188=CYLINDRICAL_SURFACE('',#3116,63.5);
#189=CYLINDRICAL_SURFACE('',#3119,3.);
#190=CYLINDRICAL_SURFACE('',#3121,3.);
#191=CYLINDRICAL_SURFACE('',#3125,3.00000000000017);
#192=CYLINDRICAL_SURFACE('',#3127,3.);
#193=CYLINDRICAL_SURFACE('',#3129,3.);
#194=CYLINDRICAL_SURFACE('',#3131,81.5);
#195=CYLINDRICAL_SURFACE('',#3142,6.);
#196=CYLINDRICAL_SURFACE('',#3150,63.5);
#197=CYLINDRICAL_SURFACE('',#3152,6.);
#198=CYLINDRICAL_SURFACE('',#3153,3.00000000000017);
#199=CYLINDRICAL_SURFACE('',#3155,2.99999999999999);
#200=CYLINDRICAL_SURFACE('',#3158,3.);
#201=CYLINDRICAL_SURFACE('',#3160,3.00000000000002);
#202=CYLINDRICAL_SURFACE('',#3162,81.5000000000003);
#203=CYLINDRICAL_SURFACE('',#3164,2.99999999999997);
#204=CYLINDRICAL_SURFACE('',#3171,87.5);
#205=CYLINDRICAL_SURFACE('',#3175,44.);
#206=CYLINDRICAL_SURFACE('',#3180,2.75);
#207=CYLINDRICAL_SURFACE('',#3182,2.75);
#208=CYLINDRICAL_SURFACE('',#3184,2.75);
#209=CYLINDRICAL_SURFACE('',#3186,2.75);
#210=CYLINDRICAL_SURFACE('',#3188,33.);
#211=CYLINDRICAL_SURFACE('',#3191,60.5);
#212=FACE_OUTER_BOUND('',#375,.T.);
#213=FACE_OUTER_BOUND('',#376,.T.);
#214=FACE_OUTER_BOUND('',#377,.T.);
#215=FACE_OUTER_BOUND('',#379,.T.);
#216=FACE_OUTER_BOUND('',#380,.T.);
#217=FACE_OUTER_BOUND('',#381,.T.);
#218=FACE_OUTER_BOUND('',#383,.T.);
#219=FACE_OUTER_BOUND('',#384,.T.);
#220=FACE_OUTER_BOUND('',#385,.T.);
#221=FACE_OUTER_BOUND('',#387,.T.);
#222=FACE_OUTER_BOUND('',#388,.T.);
#223=FACE_OUTER_BOUND('',#389,.T.);
#224=FACE_OUTER_BOUND('',#390,.T.);
#225=FACE_OUTER_BOUND('',#391,.T.);
#226=FACE_OUTER_BOUND('',#393,.T.);
#227=FACE_OUTER_BOUND('',#394,.T.);
#228=FACE_OUTER_BOUND('',#395,.T.);
#229=FACE_OUTER_BOUND('',#396,.T.);
#230=FACE_OUTER_BOUND('',#397,.T.);
#231=FACE_OUTER_BOUND('',#398,.T.);
#232=FACE_OUTER_BOUND('',#399,.T.);
#233=FACE_OUTER_BOUND('',#400,.T.);
#234=FACE_OUTER_BOUND('',#401,.T.);
#235=FACE_OUTER_BOUND('',#402,.T.);
#236=FACE_OUTER_BOUND('',#403,.T.);
#237=FACE_OUTER_BOUND('',#404,.T.);
#238=FACE_OUTER_BOUND('',#405,.T.);
#239=FACE_OUTER_BOUND('',#406,.T.);
#240=FACE_OUTER_BOUND('',#407,.T.);
#241=FACE_OUTER_BOUND('',#408,.T.);
#242=FACE_OUTER_BOUND('',#409,.T.);
#243=FACE_OUTER_BOUND('',#410,.T.);
#244=FACE_OUTER_BOUND('',#411,.T.);
#245=FACE_OUTER_BOUND('',#412,.T.);
#246=FACE_OUTER_BOUND('',#413,.T.);
#247=FACE_OUTER_BOUND('',#414,.T.);
#248=FACE_OUTER_BOUND('',#415,.T.);
#249=FACE_OUTER_BOUND('',#416,.T.);
#250=FACE_OUTER_BOUND('',#417,.T.);
#251=FACE_OUTER_BOUND('',#418,.T.);
#252=FACE_OUTER_BOUND('',#419,.T.);
#253=FACE_OUTER_BOUND('',#420,.T.);
#254=FACE_OUTER_BOUND('',#421,.T.);
#255=FACE_OUTER_BOUND('',#423,.T.);
#256=FACE_OUTER_BOUND('',#424,.T.);
#257=FACE_OUTER_BOUND('',#425,.T.);
#258=FACE_OUTER_BOUND('',#426,.T.);
#259=FACE_OUTER_BOUND('',#427,.T.);
#260=FACE_OUTER_BOUND('',#429,.T.);
#261=FACE_OUTER_BOUND('',#430,.T.);
#262=FACE_OUTER_BOUND('',#431,.T.);
#263=FACE_OUTER_BOUND('',#432,.T.);
#264=FACE_OUTER_BOUND('',#434,.T.);
#265=FACE_OUTER_BOUND('',#435,.T.);
#266=FACE_OUTER_BOUND('',#436,.T.);
#267=FACE_OUTER_BOUND('',#437,.T.);
#268=FACE_OUTER_BOUND('',#439,.T.);
#269=FACE_OUTER_BOUND('',#440,.T.);
#270=FACE_OUTER_BOUND('',#441,.T.);
#271=FACE_OUTER_BOUND('',#442,.T.);
#272=FACE_OUTER_BOUND('',#443,.T.);
#273=FACE_OUTER_BOUND('',#444,.T.);
#274=FACE_OUTER_BOUND('',#445,.T.);
#275=FACE_OUTER_BOUND('',#446,.T.);
#276=FACE_OUTER_BOUND('',#447,.T.);
#277=FACE_OUTER_BOUND('',#448,.T.);
#278=FACE_OUTER_BOUND('',#449,.T.);
#279=FACE_OUTER_BOUND('',#450,.T.);
#280=FACE_OUTER_BOUND('',#451,.T.);
#281=FACE_OUTER_BOUND('',#452,.T.);
#282=FACE_OUTER_BOUND('',#453,.T.);
#283=FACE_OUTER_BOUND('',#454,.T.);
#284=FACE_OUTER_BOUND('',#455,.T.);
#285=FACE_OUTER_BOUND('',#456,.T.);
#286=FACE_OUTER_BOUND('',#457,.T.);
#287=FACE_OUTER_BOUND('',#458,.T.);
#288=FACE_OUTER_BOUND('',#459,.T.);
#289=FACE_OUTER_BOUND('',#460,.T.);
#290=FACE_OUTER_BOUND('',#462,.T.);
#291=FACE_OUTER_BOUND('',#463,.T.);
#292=FACE_OUTER_BOUND('',#464,.T.);
#293=FACE_OUTER_BOUND('',#465,.T.);
#294=FACE_OUTER_BOUND('',#466,.T.);
#295=FACE_OUTER_BOUND('',#467,.T.);
#296=FACE_OUTER_BOUND('',#468,.T.);
#297=FACE_OUTER_BOUND('',#469,.T.);
#298=FACE_OUTER_BOUND('',#470,.T.);
#299=FACE_OUTER_BOUND('',#471,.T.);
#300=FACE_OUTER_BOUND('',#472,.T.);
#301=FACE_OUTER_BOUND('',#473,.T.);
#302=FACE_OUTER_BOUND('',#474,.T.);
#303=FACE_OUTER_BOUND('',#475,.T.);
#304=FACE_OUTER_BOUND('',#476,.T.);
#305=FACE_OUTER_BOUND('',#477,.T.);
#306=FACE_OUTER_BOUND('',#478,.T.);
#307=FACE_OUTER_BOUND('',#480,.T.);
#308=FACE_OUTER_BOUND('',#481,.T.);
#309=FACE_OUTER_BOUND('',#482,.T.);
#310=FACE_OUTER_BOUND('',#483,.T.);
#311=FACE_OUTER_BOUND('',#484,.T.);
#312=FACE_OUTER_BOUND('',#485,.T.);
#313=FACE_OUTER_BOUND('',#486,.T.);
#314=FACE_OUTER_BOUND('',#487,.T.);
#315=FACE_OUTER_BOUND('',#488,.T.);
#316=FACE_OUTER_BOUND('',#489,.T.);
#317=FACE_OUTER_BOUND('',#490,.T.);
#318=FACE_OUTER_BOUND('',#491,.T.);
#319=FACE_OUTER_BOUND('',#492,.T.);
#320=FACE_OUTER_BOUND('',#493,.T.);
#321=FACE_OUTER_BOUND('',#494,.T.);
#322=FACE_OUTER_BOUND('',#495,.T.);
#323=FACE_OUTER_BOUND('',#496,.T.);
#324=FACE_OUTER_BOUND('',#497,.T.);
#325=FACE_OUTER_BOUND('',#498,.T.);
#326=FACE_OUTER_BOUND('',#499,.T.);
#327=FACE_OUTER_BOUND('',#500,.T.);
#328=FACE_OUTER_BOUND('',#501,.T.);
#329=FACE_OUTER_BOUND('',#502,.T.);
#330=FACE_OUTER_BOUND('',#503,.T.);
#331=FACE_OUTER_BOUND('',#504,.T.);
#332=FACE_OUTER_BOUND('',#505,.T.);
#333=FACE_OUTER_BOUND('',#506,.T.);
#334=FACE_OUTER_BOUND('',#507,.T.);
#335=FACE_OUTER_BOUND('',#508,.T.);
#336=FACE_OUTER_BOUND('',#509,.T.);
#337=FACE_OUTER_BOUND('',#510,.T.);
#338=FACE_OUTER_BOUND('',#511,.T.);
#339=FACE_OUTER_BOUND('',#512,.T.);
#340=FACE_OUTER_BOUND('',#513,.T.);
#341=FACE_OUTER_BOUND('',#514,.T.);
#342=FACE_OUTER_BOUND('',#515,.T.);
#343=FACE_OUTER_BOUND('',#516,.T.);
#344=FACE_OUTER_BOUND('',#517,.T.);
#345=FACE_OUTER_BOUND('',#518,.T.);
#346=FACE_OUTER_BOUND('',#519,.T.);
#347=FACE_OUTER_BOUND('',#520,.T.);
#348=FACE_OUTER_BOUND('',#521,.T.);
#349=FACE_OUTER_BOUND('',#522,.T.);
#350=FACE_OUTER_BOUND('',#523,.T.);
#351=FACE_OUTER_BOUND('',#524,.T.);
#352=FACE_OUTER_BOUND('',#525,.T.);
#353=FACE_OUTER_BOUND('',#526,.T.);
#354=FACE_OUTER_BOUND('',#527,.T.);
#355=FACE_OUTER_BOUND('',#528,.T.);
#356=FACE_OUTER_BOUND('',#529,.T.);
#357=FACE_OUTER_BOUND('',#530,.T.);
#358=FACE_OUTER_BOUND('',#531,.T.);
#359=FACE_OUTER_BOUND('',#532,.T.);
#360=FACE_OUTER_BOUND('',#533,.T.);
#361=FACE_OUTER_BOUND('',#534,.T.);
#362=FACE_OUTER_BOUND('',#536,.T.);
#363=FACE_OUTER_BOUND('',#537,.T.);
#364=FACE_OUTER_BOUND('',#538,.T.);
#365=FACE_OUTER_BOUND('',#539,.T.);
#366=FACE_OUTER_BOUND('',#541,.T.);
#367=FACE_OUTER_BOUND('',#545,.T.);
#368=FACE_OUTER_BOUND('',#546,.T.);
#369=FACE_OUTER_BOUND('',#547,.T.);
#370=FACE_OUTER_BOUND('',#548,.T.);
#371=FACE_OUTER_BOUND('',#549,.T.);
#372=FACE_OUTER_BOUND('',#550,.T.);
#373=FACE_OUTER_BOUND('',#552,.T.);
#374=FACE_OUTER_BOUND('',#553,.T.);
#375=EDGE_LOOP('',(#1864,#1865,#1866,#1867));
#376=EDGE_LOOP('',(#1868,#1869,#1870,#1871));
#377=EDGE_LOOP('',(#1872));
#378=EDGE_LOOP('',(#1873));
#379=EDGE_LOOP('',(#1874,#1875,#1876,#1877));
#380=EDGE_LOOP('',(#1878,#1879,#1880,#1881));
#381=EDGE_LOOP('',(#1882));
#382=EDGE_LOOP('',(#1883));
#383=EDGE_LOOP('',(#1884,#1885,#1886,#1887));
#384=EDGE_LOOP('',(#1888,#1889,#1890,#1891));
#385=EDGE_LOOP('',(#1892,#1893,#1894,#1895,#1896,#1897,#1898,#1899,#1900,
#1901,#1902,#1903));
#386=EDGE_LOOP('',(#1904,#1905,#1906,#1907));
#387=EDGE_LOOP('',(#1908,#1909,#1910,#1911));
#388=EDGE_LOOP('',(#1912,#1913,#1914,#1915));
#389=EDGE_LOOP('',(#1916,#1917,#1918,#1919));
#390=EDGE_LOOP('',(#1920,#1921,#1922,#1923));
#391=EDGE_LOOP('',(#1924,#1925,#1926,#1927,#1928,#1929,#1930,#1931,#1932,
#1933,#1934,#1935));
#392=EDGE_LOOP('',(#1936,#1937,#1938,#1939));
#393=EDGE_LOOP('',(#1940,#1941,#1942,#1943));
#394=EDGE_LOOP('',(#1944,#1945,#1946,#1947));
#395=EDGE_LOOP('',(#1948,#1949,#1950,#1951));
#396=EDGE_LOOP('',(#1952,#1953,#1954,#1955));
#397=EDGE_LOOP('',(#1956,#1957,#1958,#1959));
#398=EDGE_LOOP('',(#1960,#1961,#1962,#1963));
#399=EDGE_LOOP('',(#1964,#1965,#1966,#1967,#1968,#1969));
#400=EDGE_LOOP('',(#1970,#1971,#1972,#1973));
#401=EDGE_LOOP('',(#1974,#1975,#1976,#1977));
#402=EDGE_LOOP('',(#1978,#1979,#1980,#1981));
#403=EDGE_LOOP('',(#1982,#1983,#1984,#1985));
#404=EDGE_LOOP('',(#1986,#1987,#1988,#1989));
#405=EDGE_LOOP('',(#1990,#1991,#1992,#1993));
#406=EDGE_LOOP('',(#1994,#1995,#1996,#1997));
#407=EDGE_LOOP('',(#1998,#1999,#2000,#2001));
#408=EDGE_LOOP('',(#2002,#2003,#2004,#2005));
#409=EDGE_LOOP('',(#2006,#2007,#2008,#2009));
#410=EDGE_LOOP('',(#2010,#2011,#2012,#2013));
#411=EDGE_LOOP('',(#2014,#2015,#2016,#2017,#2018,#2019));
#412=EDGE_LOOP('',(#2020,#2021,#2022,#2023,#2024,#2025));
#413=EDGE_LOOP('',(#2026,#2027,#2028,#2029));
#414=EDGE_LOOP('',(#2030,#2031,#2032,#2033,#2034,#2035));
#415=EDGE_LOOP('',(#2036,#2037,#2038,#2039));
#416=EDGE_LOOP('',(#2040,#2041,#2042,#2043));
#417=EDGE_LOOP('',(#2044,#2045,#2046,#2047));
#418=EDGE_LOOP('',(#2048,#2049,#2050,#2051));
#419=EDGE_LOOP('',(#2052,#2053,#2054,#2055));
#420=EDGE_LOOP('',(#2056,#2057,#2058,#2059));
#421=EDGE_LOOP('',(#2060,#2061,#2062,#2063));
#422=EDGE_LOOP('',(#2064));
#423=EDGE_LOOP('',(#2065,#2066,#2067,#2068,#2069,#2070,#2071,#2072,#2073,
#2074,#2075,#2076,#2077,#2078,#2079,#2080,#2081,#2082,#2083,#2084));
#424=EDGE_LOOP('',(#2085,#2086,#2087,#2088));
#425=EDGE_LOOP('',(#2089,#2090,#2091,#2092));
#426=EDGE_LOOP('',(#2093,#2094,#2095,#2096));
#427=EDGE_LOOP('',(#2097,#2098,#2099,#2100));
#428=EDGE_LOOP('',(#2101));
#429=EDGE_LOOP('',(#2102,#2103,#2104,#2105));
#430=EDGE_LOOP('',(#2106,#2107,#2108,#2109));
#431=EDGE_LOOP('',(#2110,#2111,#2112,#2113));
#432=EDGE_LOOP('',(#2114,#2115,#2116,#2117,#2118));
#433=EDGE_LOOP('',(#2119));
#434=EDGE_LOOP('',(#2120,#2121,#2122,#2123));
#435=EDGE_LOOP('',(#2124,#2125,#2126,#2127));
#436=EDGE_LOOP('',(#2128,#2129,#2130,#2131));
#437=EDGE_LOOP('',(#2132,#2133,#2134,#2135));
#438=EDGE_LOOP('',(#2136));
#439=EDGE_LOOP('',(#2137,#2138,#2139,#2140));
#440=EDGE_LOOP('',(#2141,#2142,#2143,#2144,#2145));
#441=EDGE_LOOP('',(#2146,#2147,#2148,#2149,#2150));
#442=EDGE_LOOP('',(#2151,#2152,#2153,#2154));
#443=EDGE_LOOP('',(#2155,#2156,#2157,#2158));
#444=EDGE_LOOP('',(#2159,#2160,#2161,#2162));
#445=EDGE_LOOP('',(#2163,#2164,#2165,#2166));
#446=EDGE_LOOP('',(#2167,#2168,#2169,#2170,#2171,#2172,#2173,#2174,#2175,
#2176,#2177,#2178,#2179,#2180,#2181,#2182));
#447=EDGE_LOOP('',(#2183,#2184,#2185,#2186));
#448=EDGE_LOOP('',(#2187,#2188,#2189,#2190,#2191));
#449=EDGE_LOOP('',(#2192,#2193,#2194,#2195,#2196));
#450=EDGE_LOOP('',(#2197,#2198,#2199,#2200));
#451=EDGE_LOOP('',(#2201,#2202,#2203,#2204));
#452=EDGE_LOOP('',(#2205,#2206,#2207,#2208));
#453=EDGE_LOOP('',(#2209,#2210,#2211));
#454=EDGE_LOOP('',(#2212,#2213,#2214,#2215,#2216));
#455=EDGE_LOOP('',(#2217,#2218,#2219,#2220,#2221,#2222));
#456=EDGE_LOOP('',(#2223,#2224,#2225,#2226));
#457=EDGE_LOOP('',(#2227,#2228,#2229,#2230));
#458=EDGE_LOOP('',(#2231,#2232,#2233,#2234,#2235));
#459=EDGE_LOOP('',(#2236,#2237,#2238,#2239,#2240,#2241));
#460=EDGE_LOOP('',(#2242,#2243,#2244,#2245,#2246,#2247,#2248,#2249,#2250,
#2251));
#461=EDGE_LOOP('',(#2252,#2253,#2254,#2255));
#462=EDGE_LOOP('',(#2256,#2257));
#463=EDGE_LOOP('',(#2258,#2259,#2260,#2261));
#464=EDGE_LOOP('',(#2262,#2263,#2264,#2265));
#465=EDGE_LOOP('',(#2266,#2267,#2268,#2269));
#466=EDGE_LOOP('',(#2270,#2271,#2272,#2273,#2274,#2275,#2276,#2277));
#467=EDGE_LOOP('',(#2278,#2279,#2280,#2281));
#468=EDGE_LOOP('',(#2282,#2283,#2284,#2285,#2286,#2287));
#469=EDGE_LOOP('',(#2288,#2289,#2290,#2291));
#470=EDGE_LOOP('',(#2292,#2293,#2294,#2295));
#471=EDGE_LOOP('',(#2296,#2297,#2298,#2299));
#472=EDGE_LOOP('',(#2300,#2301,#2302,#2303,#2304));
#473=EDGE_LOOP('',(#2305,#2306,#2307,#2308,#2309));
#474=EDGE_LOOP('',(#2310,#2311,#2312,#2313,#2314,#2315));
#475=EDGE_LOOP('',(#2316,#2317,#2318,#2319));
#476=EDGE_LOOP('',(#2320,#2321,#2322,#2323));
#477=EDGE_LOOP('',(#2324,#2325,#2326,#2327,#2328,#2329));
#478=EDGE_LOOP('',(#2330,#2331,#2332,#2333,#2334,#2335,#2336,#2337,#2338,
#2339));
#479=EDGE_LOOP('',(#2340,#2341,#2342,#2343));
#480=EDGE_LOOP('',(#2344,#2345));
#481=EDGE_LOOP('',(#2346,#2347,#2348,#2349));
#482=EDGE_LOOP('',(#2350,#2351,#2352,#2353));
#483=EDGE_LOOP('',(#2354,#2355,#2356,#2357));
#484=EDGE_LOOP('',(#2358,#2359,#2360,#2361,#2362,#2363,#2364,#2365));
#485=EDGE_LOOP('',(#2366,#2367,#2368,#2369));
#486=EDGE_LOOP('',(#2370,#2371,#2372,#2373,#2374,#2375));
#487=EDGE_LOOP('',(#2376,#2377,#2378,#2379));
#488=EDGE_LOOP('',(#2380,#2381,#2382,#2383));
#489=EDGE_LOOP('',(#2384,#2385,#2386,#2387));
#490=EDGE_LOOP('',(#2388,#2389,#2390,#2391));
#491=EDGE_LOOP('',(#2392,#2393,#2394,#2395));
#492=EDGE_LOOP('',(#2396,#2397,#2398,#2399));
#493=EDGE_LOOP('',(#2400,#2401,#2402,#2403));
#494=EDGE_LOOP('',(#2404,#2405,#2406,#2407));
#495=EDGE_LOOP('',(#2408,#2409,#2410,#2411,#2412));
#496=EDGE_LOOP('',(#2413,#2414,#2415,#2416,#2417,#2418));
#497=EDGE_LOOP('',(#2419,#2420,#2421,#2422));
#498=EDGE_LOOP('',(#2423,#2424,#2425,#2426,#2427));
#499=EDGE_LOOP('',(#2428,#2429,#2430,#2431,#2432,#2433));
#500=EDGE_LOOP('',(#2434,#2435,#2436,#2437,#2438));
#501=EDGE_LOOP('',(#2439,#2440,#2441,#2442));
#502=EDGE_LOOP('',(#2443,#2444,#2445,#2446));
#503=EDGE_LOOP('',(#2447,#2448,#2449,#2450));
#504=EDGE_LOOP('',(#2451,#2452,#2453,#2454));
#505=EDGE_LOOP('',(#2455,#2456,#2457,#2458));
#506=EDGE_LOOP('',(#2459,#2460,#2461,#2462,#2463,#2464));
#507=EDGE_LOOP('',(#2465,#2466,#2467,#2468,#2469,#2470));
#508=EDGE_LOOP('',(#2471,#2472,#2473,#2474,#2475));
#509=EDGE_LOOP('',(#2476,#2477,#2478,#2479));
#510=EDGE_LOOP('',(#2480,#2481,#2482,#2483));
#511=EDGE_LOOP('',(#2484,#2485,#2486,#2487,#2488));
#512=EDGE_LOOP('',(#2489,#2490,#2491,#2492,#2493));
#513=EDGE_LOOP('',(#2494,#2495,#2496,#2497,#2498));
#514=EDGE_LOOP('',(#2499,#2500,#2501,#2502));
#515=EDGE_LOOP('',(#2503));
#516=EDGE_LOOP('',(#2504));
#517=EDGE_LOOP('',(#2505,#2506,#2507,#2508,#2509,#2510,#2511,#2512,#2513,
#2514));
#518=EDGE_LOOP('',(#2515,#2516,#2517,#2518,#2519,#2520));
#519=EDGE_LOOP('',(#2521,#2522,#2523,#2524,#2525,#2526,#2527));
#520=EDGE_LOOP('',(#2528,#2529,#2530,#2531));
#521=EDGE_LOOP('',(#2532,#2533,#2534,#2535,#2536,#2537,#2538,#2539,#2540,
#2541));
#522=EDGE_LOOP('',(#2542,#2543,#2544,#2545,#2546,#2547));
#523=EDGE_LOOP('',(#2548,#2549,#2550,#2551,#2552,#2553,#2554));
#524=EDGE_LOOP('',(#2555,#2556,#2557,#2558));
#525=EDGE_LOOP('',(#2559,#2560,#2561,#2562));
#526=EDGE_LOOP('',(#2563,#2564,#2565,#2566,#2567));
#527=EDGE_LOOP('',(#2568,#2569,#2570,#2571,#2572));
#528=EDGE_LOOP('',(#2573,#2574,#2575,#2576));
#529=EDGE_LOOP('',(#2577,#2578,#2579,#2580,#2581));
#530=EDGE_LOOP('',(#2582,#2583,#2584,#2585,#2586));
#531=EDGE_LOOP('',(#2587,#2588,#2589,#2590));
#532=EDGE_LOOP('',(#2591,#2592,#2593,#2594,#2595));
#533=EDGE_LOOP('',(#2596,#2597,#2598,#2599));
#534=EDGE_LOOP('',(#2600));
#535=EDGE_LOOP('',(#2601));
#536=EDGE_LOOP('',(#2602,#2603,#2604,#2605));
#537=EDGE_LOOP('',(#2606,#2607,#2608,#2609));
#538=EDGE_LOOP('',(#2610,#2611,#2612,#2613));
#539=EDGE_LOOP('',(#2614));
#540=EDGE_LOOP('',(#2615));
#541=EDGE_LOOP('',(#2616,#2617,#2618,#2619,#2620,#2621,#2622,#2623,#2624,
#2625));
#542=EDGE_LOOP('',(#2626,#2627,#2628,#2629,#2630,#2631,#2632,#2633));
#543=EDGE_LOOP('',(#2634,#2635,#2636,#2637,#2638,#2639,#2640,#2641));
#544=EDGE_LOOP('',(#2642));
#545=EDGE_LOOP('',(#2643,#2644,#2645,#2646));
#546=EDGE_LOOP('',(#2647,#2648,#2649,#2650));
#547=EDGE_LOOP('',(#2651,#2652,#2653,#2654));
#548=EDGE_LOOP('',(#2655,#2656,#2657,#2658));
#549=EDGE_LOOP('',(#2659,#2660,#2661,#2662));
#550=EDGE_LOOP('',(#2663,#2664,#2665,#2666,#2667,#2668,#2669,#2670,#2671,
#2672,#2673,#2674,#2675,#2676,#2677,#2678));
#551=EDGE_LOOP('',(#2679));
#552=EDGE_LOOP('',(#2680,#2681,#2682,#2683));
#553=EDGE_LOOP('',(#2684));
#554=EDGE_LOOP('',(#2685));
#555=EDGE_LOOP('',(#2686));
#556=EDGE_LOOP('',(#2687));
#557=EDGE_LOOP('',(#2688));
#558=EDGE_LOOP('',(#2689));
#559=LINE('',#4069,#803);
#560=LINE('',#4073,#804);
#561=LINE('',#4082,#805);
#562=LINE('',#4086,#806);
#563=LINE('',#4096,#807);
#564=LINE('',#4099,#808);
#565=LINE('',#4102,#809);
#566=LINE('',#4105,#810);
#567=LINE('',#4108,#811);
#568=LINE('',#4116,#812);
#569=LINE('',#4118,#813);
#570=LINE('',#4120,#814);
#571=LINE('',#4127,#815);
#572=LINE('',#4132,#816);
#573=LINE('',#4135,#817);
#574=LINE('',#4141,#818);
#575=LINE('',#4144,#819);
#576=LINE('',#4147,#820);
#577=LINE('',#4153,#821);
#578=LINE('',#4156,#822);
#579=LINE('',#4159,#823);
#580=LINE('',#4162,#824);
#581=LINE('',#4165,#825);
#582=LINE('',#4173,#826);
#583=LINE('',#4175,#827);
#584=LINE('',#4177,#828);
#585=LINE('',#4184,#829);
#586=LINE('',#4189,#830);
#587=LINE('',#4192,#831);
#588=LINE('',#4198,#832);
#589=LINE('',#4201,#833);
#590=LINE('',#4204,#834);
#591=LINE('',#4207,#835);
#592=LINE('',#4210,#836);
#593=LINE('',#4213,#837);
#594=LINE('',#4216,#838);
#595=LINE('',#4218,#839);
#596=LINE('',#4220,#840);
#597=LINE('',#4223,#841);
#598=LINE('',#4225,#842);
#599=LINE('',#4226,#843);
#600=LINE('',#4228,#844);
#601=LINE('',#4230,#845);
#602=LINE('',#4233,#846);
#603=LINE('',#4234,#847);
#604=LINE('',#4237,#848);
#605=LINE('',#4240,#849);
#606=LINE('',#4242,#850);
#607=LINE('',#4245,#851);
#608=LINE('',#4248,#852);
#609=LINE('',#4250,#853);
#610=LINE('',#4253,#854);
#611=LINE('',#4254,#855);
#612=LINE('',#4257,#856);
#613=LINE('',#4258,#857);
#614=LINE('',#4261,#858);
#615=LINE('',#4262,#859);
#616=LINE('',#4265,#860);
#617=LINE('',#4266,#861);
#618=LINE('',#4268,#862);
#619=LINE('',#4270,#863);
#620=LINE('',#4273,#864);
#621=LINE('',#4275,#865);
#622=LINE('',#4276,#866);
#623=LINE('',#4279,#867);
#624=LINE('',#4280,#868);
#625=LINE('',#4282,#869);
#626=LINE('',#4285,#870);
#627=LINE('',#4287,#871);
#628=LINE('',#4288,#872);
#629=LINE('',#4291,#873);
#630=LINE('',#4293,#874);
#631=LINE('',#4294,#875);
#632=LINE('',#4298,#876);
#633=LINE('',#4300,#877);
#634=LINE('',#4302,#878);
#635=LINE('',#4303,#879);
#636=LINE('',#4306,#880);
#637=LINE('',#4308,#881);
#638=LINE('',#4309,#882);
#639=LINE('',#4312,#883);
#640=LINE('',#4314,#884);
#641=LINE('',#4315,#885);
#642=LINE('',#4324,#886);
#643=LINE('',#4328,#887);
#644=LINE('',#4332,#888);
#645=LINE('',#4336,#889);
#646=LINE('',#4341,#890);
#647=LINE('',#4345,#891);
#648=LINE('',#4349,#892);
#649=LINE('',#4353,#893);
#650=LINE('',#4355,#894);
#651=LINE('',#4356,#895);
#652=LINE('',#4359,#896);
#653=LINE('',#4361,#897);
#654=LINE('',#4362,#898);
#655=LINE('',#4364,#899);
#656=LINE('',#4365,#900);
#657=LINE('',#4371,#901);
#658=LINE('',#4373,#902);
#659=LINE('',#4374,#903);
#660=LINE('',#4377,#904);
#661=LINE('',#4379,#905);
#662=LINE('',#4380,#906);
#663=LINE('',#4382,#907);
#664=LINE('',#4383,#908);
#665=LINE('',#4389,#909);
#666=LINE('',#4391,#910);
#667=LINE('',#4392,#911);
#668=LINE('',#4395,#912);
#669=LINE('',#4397,#913);
#670=LINE('',#4398,#914);
#671=LINE('',#4400,#915);
#672=LINE('',#4401,#916);
#673=LINE('',#4408,#917);
#674=LINE('',#4410,#918);
#675=LINE('',#4412,#919);
#676=LINE('',#4422,#920);
#677=LINE('',#4424,#921);
#678=LINE('',#4425,#922);
#679=LINE('',#4428,#923);
#680=LINE('',#4430,#924);
#681=LINE('',#4432,#925);
#682=LINE('',#4438,#926);
#683=LINE('',#4439,#927);
#684=LINE('',#4442,#928);
#685=LINE('',#4443,#929);
#686=LINE('',#4446,#930);
#687=LINE('',#4456,#931);
#688=LINE('',#4481,#932);
#689=LINE('',#4483,#933);
#690=LINE('',#4484,#934);
#691=LINE('',#4487,#935);
#692=LINE('',#4489,#936);
#693=LINE('',#4490,#937);
#694=LINE('',#4492,#938);
#695=LINE('',#4494,#939);
#696=LINE('',#4495,#940);
#697=LINE('',#4498,#941);
#698=LINE('',#4499,#942);
#699=LINE('',#4502,#943);
#700=LINE('',#4503,#944);
#701=LINE('',#4505,#945);
#702=LINE('',#4510,#946);
#703=LINE('',#4512,#947);
#704=LINE('',#4514,#948);
#705=LINE('',#4516,#949);
#706=LINE('',#4517,#950);
#707=LINE('',#4532,#951);
#708=LINE('',#4536,#952);
#709=LINE('',#4540,#953);
#710=LINE('',#4544,#954);
#711=LINE('',#4545,#955);
#712=LINE('',#4550,#956);
#713=LINE('',#4553,#957);
#714=LINE('',#4558,#958);
#715=LINE('',#4565,#959);
#716=LINE('',#4570,#960);
#717=LINE('',#4573,#961);
#718=LINE('',#4586,#962);
#719=LINE('',#4590,#963);
#720=LINE('',#4594,#964);
#721=LINE('',#4598,#965);
#722=LINE('',#4602,#966);
#723=LINE('',#4604,#967);
#724=LINE('',#4605,#968);
#725=LINE('',#4610,#969);
#726=LINE('',#4614,#970);
#727=LINE('',#4617,#971);
#728=LINE('',#4621,#972);
#729=LINE('',#4636,#973);
#730=LINE('',#4640,#974);
#731=LINE('',#4642,#975);
#732=LINE('',#4644,#976);
#733=LINE('',#4646,#977);
#734=LINE('',#4647,#978);
#735=LINE('',#4651,#979);
#736=LINE('',#4653,#980);
#737=LINE('',#4655,#981);
#738=LINE('',#4657,#982);
#739=LINE('',#4658,#983);
#740=LINE('',#4680,#984);
#741=LINE('',#4683,#985);
#742=LINE('',#4688,#986);
#743=LINE('',#4695,#987);
#744=LINE('',#4700,#988);
#745=LINE('',#4703,#989);
#746=LINE('',#4716,#990);
#747=LINE('',#4720,#991);
#748=LINE('',#4724,#992);
#749=LINE('',#4728,#993);
#750=LINE('',#4732,#994);
#751=LINE('',#4734,#995);
#752=LINE('',#4735,#996);
#753=LINE('',#4739,#997);
#754=LINE('',#4745,#998);
#755=LINE('',#4747,#999);
#756=LINE('',#4751,#1000);
#757=LINE('',#4766,#1001);
#758=LINE('',#4768,#1002);
#759=LINE('',#4769,#1003);
#760=LINE('',#4771,#1004);
#761=LINE('',#4773,#1005);
#762=LINE('',#4777,#1006);
#763=LINE('',#4778,#1007);
#764=LINE('',#4781,#1008);
#765=LINE('',#4795,#1009);
#766=LINE('',#4798,#1010);
#767=LINE('',#4805,#1011);
#768=LINE('',#4808,#1012);
#769=LINE('',#4811,#1013);
#770=LINE('',#4813,#1014);
#771=LINE('',#4814,#1015);
#772=LINE('',#4816,#1016);
#773=LINE('',#4818,#1017);
#774=LINE('',#4832,#1018);
#775=LINE('',#4836,#1019);
#776=LINE('',#4840,#1020);
#777=LINE('',#4843,#1021);
#778=LINE('',#4844,#1022);
#779=LINE('',#4847,#1023);
#780=LINE('',#4848,#1024);
#781=LINE('',#4856,#1025);
#782=LINE('',#4860,#1026);
#783=LINE('',#4867,#1027);
#784=LINE('',#4874,#1028);
#785=LINE('',#4879,#1029);
#786=LINE('',#4888,#1030);
#787=LINE('',#4890,#1031);
#788=LINE('',#4897,#1032);
#789=LINE('',#4899,#1033);
#790=LINE('',#4900,#1034);
#791=LINE('',#4906,#1035);
#792=LINE('',#4910,#1036);
#793=LINE('',#4917,#1037);
#794=LINE('',#4923,#1038);
#795=LINE('',#4928,#1039);
#796=LINE('',#4931,#1040);
#797=LINE('',#4941,#1041);
#798=LINE('',#4945,#1042);
#799=LINE('',#4949,#1043);
#800=LINE('',#4953,#1044);
#801=LINE('',#4957,#1045);
#802=LINE('',#4961,#1046);
#803=VECTOR('',#3200,2.625);
#804=VECTOR('',#3205,2.325);
#805=VECTOR('',#3216,2.625);
#806=VECTOR('',#3221,2.325);
#807=VECTOR('',#3232,10.);
#808=VECTOR('',#3235,10.);
#809=VECTOR('',#3238,10.);
#810=VECTOR('',#3241,10.);
#811=VECTOR('',#3244,10.);
#812=VECTOR('',#3251,10.);
#813=VECTOR('',#3252,10.);
#814=VECTOR('',#3253,10.);
#815=VECTOR('',#3260,10.);
#816=VECTOR('',#3263,10.);
#817=VECTOR('',#3266,10.);
#818=VECTOR('',#3273,10.);
#819=VECTOR('',#3276,10.);
#820=VECTOR('',#3279,10.);
#821=VECTOR('',#3284,10.);
#822=VECTOR('',#3287,10.);
#823=VECTOR('',#3290,10.);
#824=VECTOR('',#3293,10.);
#825=VECTOR('',#3296,10.);
#826=VECTOR('',#3303,10.);
#827=VECTOR('',#3304,10.);
#828=VECTOR('',#3305,10.);
#829=VECTOR('',#3312,10.);
#830=VECTOR('',#3315,10.);
#831=VECTOR('',#3318,10.);
#832=VECTOR('',#3325,10.);
#833=VECTOR('',#3328,10.);
#834=VECTOR('',#3331,10.);
#835=VECTOR('',#3334,10.);
#836=VECTOR('',#3337,10.);
#837=VECTOR('',#3340,10.);
#838=VECTOR('',#3343,10.);
#839=VECTOR('',#3346,10.);
#840=VECTOR('',#3349,10.);
#841=VECTOR('',#3352,10.);
#842=VECTOR('',#3353,10.);
#843=VECTOR('',#3354,10.);
#844=VECTOR('',#3357,10.);
#845=VECTOR('',#3360,10.);
#846=VECTOR('',#3363,10.);
#847=VECTOR('',#3364,10.);
#848=VECTOR('',#3367,10.);
#849=VECTOR('',#3370,10.);
#850=VECTOR('',#3373,10.);
#851=VECTOR('',#3376,10.);
#852=VECTOR('',#3379,10.);
#853=VECTOR('',#3382,10.);
#854=VECTOR('',#3385,10.);
#855=VECTOR('',#3386,10.);
#856=VECTOR('',#3389,10.);
#857=VECTOR('',#3390,10.);
#858=VECTOR('',#3393,10.);
#859=VECTOR('',#3394,10.);
#860=VECTOR('',#3397,10.);
#861=VECTOR('',#3398,10.);
#862=VECTOR('',#3401,10.);
#863=VECTOR('',#3404,10.);
#864=VECTOR('',#3407,10.);
#865=VECTOR('',#3408,10.);
#866=VECTOR('',#3409,10.);
#867=VECTOR('',#3412,10.);
#868=VECTOR('',#3413,10.);
#869=VECTOR('',#3416,10.);
#870=VECTOR('',#3419,10.);
#871=VECTOR('',#3420,10.);
#872=VECTOR('',#3421,10.);
#873=VECTOR('',#3424,10.);
#874=VECTOR('',#3425,10.);
#875=VECTOR('',#3426,10.);
#876=VECTOR('',#3429,10.);
#877=VECTOR('',#3430,10.);
#878=VECTOR('',#3431,10.);
#879=VECTOR('',#3432,10.);
#880=VECTOR('',#3435,10.);
#881=VECTOR('',#3436,10.);
#882=VECTOR('',#3437,10.);
#883=VECTOR('',#3440,10.);
#884=VECTOR('',#3441,10.);
#885=VECTOR('',#3442,10.);
#886=VECTOR('',#3453,10.);
#887=VECTOR('',#3456,10.);
#888=VECTOR('',#3459,10.);
#889=VECTOR('',#3462,47.6);
#890=VECTOR('',#3467,10.);
#891=VECTOR('',#3470,10.);
#892=VECTOR('',#3473,10.);
#893=VECTOR('',#3478,10.);
#894=VECTOR('',#3479,10.);
#895=VECTOR('',#3480,10.);
#896=VECTOR('',#3483,10.);
#897=VECTOR('',#3484,10.);
#898=VECTOR('',#3485,10.);
#899=VECTOR('',#3488,10.);
#900=VECTOR('',#3489,10.);
#901=VECTOR('',#3496,10.);
#902=VECTOR('',#3497,10.);
#903=VECTOR('',#3498,10.);
#904=VECTOR('',#3501,10.);
#905=VECTOR('',#3502,10.);
#906=VECTOR('',#3503,10.);
#907=VECTOR('',#3506,10.);
#908=VECTOR('',#3507,10.);
#909=VECTOR('',#3514,10.);
#910=VECTOR('',#3515,10.);
#911=VECTOR('',#3516,10.);
#912=VECTOR('',#3519,10.);
#913=VECTOR('',#3520,10.);
#914=VECTOR('',#3521,10.);
#915=VECTOR('',#3524,10.);
#916=VECTOR('',#3525,10.);
#917=VECTOR('',#3532,10.);
#918=VECTOR('',#3533,10.);
#919=VECTOR('',#3534,10.);
#920=VECTOR('',#3537,10.);
#921=VECTOR('',#3538,10.);
#922=VECTOR('',#3539,10.);
#923=VECTOR('',#3542,10.);
#924=VECTOR('',#3543,10.);
#925=VECTOR('',#3544,10.);
#926=VECTOR('',#3547,10.);
#927=VECTOR('',#3548,10.);
#928=VECTOR('',#3551,10.);
#929=VECTOR('',#3552,10.);
#930=VECTOR('',#3555,10.);
#931=VECTOR('',#3564,86.);
#932=VECTOR('',#3575,10.);
#933=VECTOR('',#3576,10.);
#934=VECTOR('',#3577,10.);
#935=VECTOR('',#3580,10.);
#936=VECTOR('',#3581,10.);
#937=VECTOR('',#3582,10.);
#938=VECTOR('',#3585,10.);
#939=VECTOR('',#3586,10.);
#940=VECTOR('',#3587,10.);
#941=VECTOR('',#3590,10.);
#942=VECTOR('',#3591,10.);
#943=VECTOR('',#3594,10.);
#944=VECTOR('',#3595,10.);
#945=VECTOR('',#3598,10.);
#946=VECTOR('',#3603,10.);
#947=VECTOR('',#3604,10.);
#948=VECTOR('',#3605,10.);
#949=VECTOR('',#3606,10.);
#950=VECTOR('',#3607,10.);
#951=VECTOR('',#3612,10.);
#952=VECTOR('',#3617,10.);
#953=VECTOR('',#3622,10.);
#954=VECTOR('',#3627,10.);
#955=VECTOR('',#3628,10.);
#956=VECTOR('',#3633,10.);
#957=VECTOR('',#3636,10.);
#958=VECTOR('',#3641,10.);
#959=VECTOR('',#3648,10.);
#960=VECTOR('',#3651,10.);
#961=VECTOR('',#3654,10.);
#962=VECTOR('',#3661,10.);
#963=VECTOR('',#3664,10.);
#964=VECTOR('',#3669,10.);
#965=VECTOR('',#3672,10.);
#966=VECTOR('',#3677,10.);
#967=VECTOR('',#3678,10.);
#968=VECTOR('',#3679,10.);
#969=VECTOR('',#3686,10.);
#970=VECTOR('',#3691,10.);
#971=VECTOR('',#3696,10.);
#972=VECTOR('',#3701,10.);
#973=VECTOR('',#3708,10.);
#974=VECTOR('',#3711,10.);
#975=VECTOR('',#3712,10.);
#976=VECTOR('',#3713,10.);
#977=VECTOR('',#3714,10.);
#978=VECTOR('',#3715,10.);
#979=VECTOR('',#3718,10.);
#980=VECTOR('',#3719,10.);
#981=VECTOR('',#3720,10.);
#982=VECTOR('',#3721,10.);
#983=VECTOR('',#3722,10.);
#984=VECTOR('',#3741,10.);
#985=VECTOR('',#3744,10.);
#986=VECTOR('',#3749,10.);
#987=VECTOR('',#3756,10.);
#988=VECTOR('',#3759,10.);
#989=VECTOR('',#3762,10.);
#990=VECTOR('',#3769,10.);
#991=VECTOR('',#3772,10.);
#992=VECTOR('',#3777,10.);
#993=VECTOR('',#3780,10.);
#994=VECTOR('',#3785,10.);
#995=VECTOR('',#3786,10.);
#996=VECTOR('',#3787,10.);
#997=VECTOR('',#3792,10.);
#998=VECTOR('',#3801,10.);
#999=VECTOR('',#3804,10.);
#1000=VECTOR('',#3809,10.);
#1001=VECTOR('',#3816,10.);
#1002=VECTOR('',#3819,10.);
#1003=VECTOR('',#3820,10.);
#1004=VECTOR('',#3823,10.);
#1005=VECTOR('',#3826,10.);
#1006=VECTOR('',#3831,10.);
#1007=VECTOR('',#3832,10.);
#1008=VECTOR('',#3835,10.);
#1009=VECTOR('',#3844,10.);
#1010=VECTOR('',#3847,10.);
#1011=VECTOR('',#3858,10.);
#1012=VECTOR('',#3861,10.);
#1013=VECTOR('',#3866,10.);
#1014=VECTOR('',#3869,10.);
#1015=VECTOR('',#3870,10.);
#1016=VECTOR('',#3873,10.);
#1017=VECTOR('',#3876,10.);
#1018=VECTOR('',#3885,10.);
#1019=VECTOR('',#3890,10.);
#1020=VECTOR('',#3895,10.);
#1021=VECTOR('',#3898,10.);
#1022=VECTOR('',#3899,10.);
#1023=VECTOR('',#3902,10.);
#1024=VECTOR('',#3903,10.);
#1025=VECTOR('',#3916,10.);
#1026=VECTOR('',#3921,10.);
#1027=VECTOR('',#3930,8.);
#1028=VECTOR('',#3943,6.);
#1029=VECTOR('',#3948,8.);
#1030=VECTOR('',#3963,10.);
#1031=VECTOR('',#3966,6.);
#1032=VECTOR('',#3977,10.);
#1033=VECTOR('',#3978,10.);
#1034=VECTOR('',#3979,10.);
#1035=VECTOR('',#3988,10.);
#1036=VECTOR('',#3993,10.);
#1037=VECTOR('',#4002,86.);
#1038=VECTOR('',#4011,87.5);
#1039=VECTOR('',#4016,42.5);
#1040=VECTOR('',#4021,44.);
#1041=VECTOR('',#4034,2.75);
#1042=VECTOR('',#4039,2.75);
#1043=VECTOR('',#4044,2.75);
#1044=VECTOR('',#4049,2.75);
#1045=VECTOR('',#4054,32.5);
#1046=VECTOR('',#4059,60.);
#1047=CIRCLE('',#2883,2.925);
#1048=CIRCLE('',#2884,2.325);
#1049=CIRCLE('',#2886,2.325);
#1050=CIRCLE('',#2888,6.);
#1051=CIRCLE('',#2890,2.925);
#1052=CIRCLE('',#2891,2.325);
#1053=CIRCLE('',#2893,2.325);
#1054=CIRCLE('',#2895,6.);
#1055=CIRCLE('',#2900,1.);
#1056=CIRCLE('',#2902,3.);
#1057=CIRCLE('',#2903,63.5);
#1058=CIRCLE('',#2904,3.00000000000001);
#1059=CIRCLE('',#2905,3.00000000000002);
#1060=CIRCLE('',#2906,81.5000000000003);
#1061=CIRCLE('',#2907,2.99999999999997);
#1062=CIRCLE('',#2908,79.5);
#1063=CIRCLE('',#2909,66.5);
#1064=CIRCLE('',#2914,1.);
#1065=CIRCLE('',#2919,1.);
#1066=CIRCLE('',#2921,3.);
#1067=CIRCLE('',#2922,63.5);
#1068=CIRCLE('',#2923,2.99999999999999);
#1069=CIRCLE('',#2924,3.);
#1070=CIRCLE('',#2925,81.5);
#1071=CIRCLE('',#2926,3.00000000000017);
#1072=CIRCLE('',#2927,79.5);
#1073=CIRCLE('',#2928,66.5);
#1074=CIRCLE('',#2933,1.);
#1075=CIRCLE('',#2935,1.);
#1076=CIRCLE('',#2937,1.);
#1077=CIRCLE('',#2945,1.);
#1078=CIRCLE('',#2948,1.);
#1079=CIRCLE('',#2965,47.6);
#1080=CIRCLE('',#2966,2.75);
#1081=CIRCLE('',#2968,47.6);
#1082=CIRCLE('',#2969,47.6);
#1083=CIRCLE('',#2970,47.6);
#1084=CIRCLE('',#2971,47.6);
#1085=CIRCLE('',#2972,47.6);
#1086=CIRCLE('',#2973,47.6);
#1087=CIRCLE('',#2974,47.6);
#1088=CIRCLE('',#2975,47.6);
#1089=CIRCLE('',#2976,47.6);
#1090=CIRCLE('',#2981,2.75);
#1091=CIRCLE('',#2986,2.75);
#1092=CIRCLE('',#2991,2.75);
#1093=CIRCLE('',#2999,84.5);
#1094=CIRCLE('',#3000,84.5);
#1095=CIRCLE('',#3002,87.5);
#1096=CIRCLE('',#3003,84.5);
#1097=CIRCLE('',#3004,84.5);
#1098=CIRCLE('',#3005,84.5);
#1099=CIRCLE('',#3015,63.5);
#1100=CIRCLE('',#3016,61.9216122438333);
#1101=CIRCLE('',#3018,61.9216122438333);
#1102=CIRCLE('',#3020,63.5);
#1103=CIRCLE('',#3023,2.99999999999999);
#1104=CIRCLE('',#3024,2.99999999999999);
#1105=CIRCLE('',#3026,3.);
#1106=CIRCLE('',#3027,3.00000000000017);
#1107=CIRCLE('',#3028,81.5);
#1108=CIRCLE('',#3029,3.);
#1109=CIRCLE('',#3030,79.5);
#1110=CIRCLE('',#3031,66.5);
#1111=CIRCLE('',#3033,81.5000000000004);
#1112=CIRCLE('',#3035,81.5000000000004);
#1113=CIRCLE('',#3036,81.5000000000003);
#1114=CIRCLE('',#3038,81.5000000000003);
#1115=CIRCLE('',#3039,81.5000000000004);
#1116=CIRCLE('',#3042,81.5);
#1117=CIRCLE('',#3043,81.5);
#1118=CIRCLE('',#3044,84.5000000000003);
#1119=CIRCLE('',#3046,84.5000000000003);
#1120=CIRCLE('',#3050,81.5);
#1121=CIRCLE('',#3052,81.5);
#1122=CIRCLE('',#3056,63.5);
#1123=CIRCLE('',#3057,61.9216122438333);
#1124=CIRCLE('',#3059,61.9216122438333);
#1125=CIRCLE('',#3061,63.5);
#1126=CIRCLE('',#3063,3.00000000000001);
#1127=CIRCLE('',#3064,3.00000000000001);
#1128=CIRCLE('',#3066,3.);
#1129=CIRCLE('',#3067,2.99999999999997);
#1130=CIRCLE('',#3068,81.5000000000003);
#1131=CIRCLE('',#3069,3.00000000000002);
#1132=CIRCLE('',#3070,79.5);
#1133=CIRCLE('',#3071,66.5);
#1134=CIRCLE('',#3073,81.5000000000004);
#1135=CIRCLE('',#3075,81.5000000000004);
#1136=CIRCLE('',#3076,81.5000000000003);
#1137=CIRCLE('',#3078,81.5000000000003);
#1138=CIRCLE('',#3079,81.5000000000004);
#1139=CIRCLE('',#3082,84.5000000000003);
#1140=CIRCLE('',#3083,81.5000000000003);
#1141=CIRCLE('',#3084,81.5000000000003);
#1142=CIRCLE('',#3086,84.5000000000003);
#1143=CIRCLE('',#3090,81.5000000000003);
#1144=CIRCLE('',#3092,81.5000000000003);
#1145=CIRCLE('',#3099,3.00000000000001);
#1146=CIRCLE('',#3101,63.5);
#1147=CIRCLE('',#3102,63.5);
#1148=CIRCLE('',#3104,63.5);
#1149=CIRCLE('',#3106,3.00000000000002);
#1150=CIRCLE('',#3108,3.);
#1151=CIRCLE('',#3110,2.99999999999997);
#1152=CIRCLE('',#3117,63.5);
#1153=CIRCLE('',#3118,63.5);
#1154=CIRCLE('',#3120,3.);
#1155=CIRCLE('',#3122,3.);
#1156=CIRCLE('',#3126,3.00000000000017);
#1157=CIRCLE('',#3128,3.);
#1158=CIRCLE('',#3130,3.);
#1159=CIRCLE('',#3132,81.5);
#1160=CIRCLE('',#3136,10.);
#1161=CIRCLE('',#3137,6.);
#1162=CIRCLE('',#3138,10.);
#1163=CIRCLE('',#3139,10.);
#1164=CIRCLE('',#3144,10.);
#1165=CIRCLE('',#3145,6.);
#1166=CIRCLE('',#3146,10.);
#1167=CIRCLE('',#3147,10.);
#1168=CIRCLE('',#3151,63.5);
#1169=CIRCLE('',#3154,3.00000000000017);
#1170=CIRCLE('',#3156,2.99999999999999);
#1171=CIRCLE('',#3159,3.);
#1172=CIRCLE('',#3161,3.00000000000002);
#1173=CIRCLE('',#3163,81.5000000000003);
#1174=CIRCLE('',#3165,2.99999999999997);
#1175=CIRCLE('',#3167,87.5);
#1176=CIRCLE('',#3168,84.5);
#1177=CIRCLE('',#3170,44.);
#1178=CIRCLE('',#3173,41.);
#1179=CIRCLE('',#3174,44.);
#1180=CIRCLE('',#3177,33.);
#1181=CIRCLE('',#3179,60.5);
#1182=CIRCLE('',#3181,2.75);
#1183=CIRCLE('',#3183,2.75);
#1184=CIRCLE('',#3185,2.75);
#1185=CIRCLE('',#3187,2.75);
#1186=CIRCLE('',#3189,33.);
#1187=CIRCLE('',#3192,60.5);
#1188=VERTEX_POINT('',#4066);
#1189=VERTEX_POINT('',#4068);
#1190=VERTEX_POINT('',#4072);
#1191=VERTEX_POINT('',#4076);
#1192=VERTEX_POINT('',#4079);
#1193=VERTEX_POINT('',#4081);
#1194=VERTEX_POINT('',#4085);
#1195=VERTEX_POINT('',#4089);
#1196=VERTEX_POINT('',#4092);
#1197=VERTEX_POINT('',#4093);
#1198=VERTEX_POINT('',#4095);
#1199=VERTEX_POINT('',#4097);
#1200=VERTEX_POINT('',#4101);
#1201=VERTEX_POINT('',#4103);
#1202=VERTEX_POINT('',#4107);
#1203=VERTEX_POINT('',#4109);
#1204=VERTEX_POINT('',#4111);
#1205=VERTEX_POINT('',#4113);
#1206=VERTEX_POINT('',#4115);
#1207=VERTEX_POINT('',#4117);
#1208=VERTEX_POINT('',#4119);
#1209=VERTEX_POINT('',#4121);
#1210=VERTEX_POINT('',#4123);
#1211=VERTEX_POINT('',#4125);
#1212=VERTEX_POINT('',#4128);
#1213=VERTEX_POINT('',#4129);
#1214=VERTEX_POINT('',#4131);
#1215=VERTEX_POINT('',#4133);
#1216=VERTEX_POINT('',#4137);
#1217=VERTEX_POINT('',#4139);
#1218=VERTEX_POINT('',#4143);
#1219=VERTEX_POINT('',#4145);
#1220=VERTEX_POINT('',#4149);
#1221=VERTEX_POINT('',#4150);
#1222=VERTEX_POINT('',#4152);
#1223=VERTEX_POINT('',#4154);
#1224=VERTEX_POINT('',#4158);
#1225=VERTEX_POINT('',#4160);
#1226=VERTEX_POINT('',#4164);
#1227=VERTEX_POINT('',#4166);
#1228=VERTEX_POINT('',#4168);
#1229=VERTEX_POINT('',#4170);
#1230=VERTEX_POINT('',#4172);
#1231=VERTEX_POINT('',#4174);
#1232=VERTEX_POINT('',#4176);
#1233=VERTEX_POINT('',#4178);
#1234=VERTEX_POINT('',#4180);
#1235=VERTEX_POINT('',#4182);
#1236=VERTEX_POINT('',#4185);
#1237=VERTEX_POINT('',#4186);
#1238=VERTEX_POINT('',#4188);
#1239=VERTEX_POINT('',#4190);
#1240=VERTEX_POINT('',#4194);
#1241=VERTEX_POINT('',#4196);
#1242=VERTEX_POINT('',#4200);
#1243=VERTEX_POINT('',#4202);
#1244=VERTEX_POINT('',#4206);
#1245=VERTEX_POINT('',#4208);
#1246=VERTEX_POINT('',#4212);
#1247=VERTEX_POINT('',#4214);
#1248=VERTEX_POINT('',#4222);
#1249=VERTEX_POINT('',#4224);
#1250=VERTEX_POINT('',#4232);
#1251=VERTEX_POINT('',#4236);
#1252=VERTEX_POINT('',#4238);
#1253=VERTEX_POINT('',#4244);
#1254=VERTEX_POINT('',#4246);
#1255=VERTEX_POINT('',#4252);
#1256=VERTEX_POINT('',#4256);
#1257=VERTEX_POINT('',#4260);
#1258=VERTEX_POINT('',#4264);
#1259=VERTEX_POINT('',#4272);
#1260=VERTEX_POINT('',#4274);
#1261=VERTEX_POINT('',#4278);
#1262=VERTEX_POINT('',#4284);
#1263=VERTEX_POINT('',#4286);
#1264=VERTEX_POINT('',#4290);
#1265=VERTEX_POINT('',#4292);
#1266=VERTEX_POINT('',#4296);
#1267=VERTEX_POINT('',#4297);
#1268=VERTEX_POINT('',#4299);
#1269=VERTEX_POINT('',#4301);
#1270=VERTEX_POINT('',#4305);
#1271=VERTEX_POINT('',#4307);
#1272=VERTEX_POINT('',#4311);
#1273=VERTEX_POINT('',#4313);
#1274=VERTEX_POINT('',#4318);
#1275=VERTEX_POINT('',#4321);
#1276=VERTEX_POINT('',#4323);
#1277=VERTEX_POINT('',#4325);
#1278=VERTEX_POINT('',#4327);
#1279=VERTEX_POINT('',#4329);
#1280=VERTEX_POINT('',#4331);
#1281=VERTEX_POINT('',#4333);
#1282=VERTEX_POINT('',#4335);
#1283=VERTEX_POINT('',#4338);
#1284=VERTEX_POINT('',#4340);
#1285=VERTEX_POINT('',#4342);
#1286=VERTEX_POINT('',#4344);
#1287=VERTEX_POINT('',#4346);
#1288=VERTEX_POINT('',#4348);
#1289=VERTEX_POINT('',#4352);
#1290=VERTEX_POINT('',#4354);
#1291=VERTEX_POINT('',#4358);
#1292=VERTEX_POINT('',#4360);
#1293=VERTEX_POINT('',#4367);
#1294=VERTEX_POINT('',#4370);
#1295=VERTEX_POINT('',#4372);
#1296=VERTEX_POINT('',#4376);
#1297=VERTEX_POINT('',#4378);
#1298=VERTEX_POINT('',#4385);
#1299=VERTEX_POINT('',#4388);
#1300=VERTEX_POINT('',#4390);
#1301=VERTEX_POINT('',#4394);
#1302=VERTEX_POINT('',#4396);
#1303=VERTEX_POINT('',#4403);
#1304=VERTEX_POINT('',#4406);
#1305=VERTEX_POINT('',#4407);
#1306=VERTEX_POINT('',#4409);
#1307=VERTEX_POINT('',#4411);
#1308=VERTEX_POINT('',#4417);
#1309=VERTEX_POINT('',#4421);
#1310=VERTEX_POINT('',#4423);
#1311=VERTEX_POINT('',#4427);
#1312=VERTEX_POINT('',#4429);
#1313=VERTEX_POINT('',#4431);
#1314=VERTEX_POINT('',#4437);
#1315=VERTEX_POINT('',#4441);
#1316=VERTEX_POINT('',#4445);
#1317=VERTEX_POINT('',#4451);
#1318=VERTEX_POINT('',#4455);
#1319=VERTEX_POINT('',#4458);
#1320=VERTEX_POINT('',#4460);
#1321=VERTEX_POINT('',#4464);
#1322=VERTEX_POINT('',#4468);
#1323=VERTEX_POINT('',#4470);
#1324=VERTEX_POINT('',#4474);
#1325=VERTEX_POINT('',#4480);
#1326=VERTEX_POINT('',#4482);
#1327=VERTEX_POINT('',#4486);
#1328=VERTEX_POINT('',#4488);
#1329=VERTEX_POINT('',#4493);
#1330=VERTEX_POINT('',#4497);
#1331=VERTEX_POINT('',#4501);
#1332=VERTEX_POINT('',#4508);
#1333=VERTEX_POINT('',#4509);
#1334=VERTEX_POINT('',#4511);
#1335=VERTEX_POINT('',#4513);
#1336=VERTEX_POINT('',#4515);
#1337=VERTEX_POINT('',#4519);
#1338=VERTEX_POINT('',#4524);
#1339=VERTEX_POINT('',#4526);
#1340=VERTEX_POINT('',#4531);
#1341=VERTEX_POINT('',#4535);
#1342=VERTEX_POINT('',#4539);
#1343=VERTEX_POINT('',#4543);
#1344=VERTEX_POINT('',#4547);
#1345=VERTEX_POINT('',#4549);
#1346=VERTEX_POINT('',#4551);
#1347=VERTEX_POINT('',#4555);
#1348=VERTEX_POINT('',#4557);
#1349=VERTEX_POINT('',#4559);
#1350=VERTEX_POINT('',#4561);
#1351=VERTEX_POINT('',#4563);
#1352=VERTEX_POINT('',#4566);
#1353=VERTEX_POINT('',#4567);
#1354=VERTEX_POINT('',#4569);
#1355=VERTEX_POINT('',#4571);
#1356=VERTEX_POINT('',#4575);
#1357=VERTEX_POINT('',#4576);
#1358=VERTEX_POINT('',#4585);
#1359=VERTEX_POINT('',#4587);
#1360=VERTEX_POINT('',#4589);
#1361=VERTEX_POINT('',#4593);
#1362=VERTEX_POINT('',#4595);
#1363=VERTEX_POINT('',#4597);
#1364=VERTEX_POINT('',#4601);
#1365=VERTEX_POINT('',#4603);
#1366=VERTEX_POINT('',#4609);
#1367=VERTEX_POINT('',#4613);
#1368=VERTEX_POINT('',#4620);
#1369=VERTEX_POINT('',#4622);
#1370=VERTEX_POINT('',#4629);
#1371=VERTEX_POINT('',#4634);
#1372=VERTEX_POINT('',#4638);
#1373=VERTEX_POINT('',#4639);
#1374=VERTEX_POINT('',#4641);
#1375=VERTEX_POINT('',#4643);
#1376=VERTEX_POINT('',#4645);
#1377=VERTEX_POINT('',#4649);
#1378=VERTEX_POINT('',#4650);
#1379=VERTEX_POINT('',#4652);
#1380=VERTEX_POINT('',#4654);
#1381=VERTEX_POINT('',#4656);
#1382=VERTEX_POINT('',#4660);
#1383=VERTEX_POINT('',#4665);
#1384=VERTEX_POINT('',#4677);
#1385=VERTEX_POINT('',#4679);
#1386=VERTEX_POINT('',#4681);
#1387=VERTEX_POINT('',#4685);
#1388=VERTEX_POINT('',#4687);
#1389=VERTEX_POINT('',#4689);
#1390=VERTEX_POINT('',#4691);
#1391=VERTEX_POINT('',#4693);
#1392=VERTEX_POINT('',#4696);
#1393=VERTEX_POINT('',#4697);
#1394=VERTEX_POINT('',#4699);
#1395=VERTEX_POINT('',#4701);
#1396=VERTEX_POINT('',#4705);
#1397=VERTEX_POINT('',#4706);
#1398=VERTEX_POINT('',#4715);
#1399=VERTEX_POINT('',#4717);
#1400=VERTEX_POINT('',#4719);
#1401=VERTEX_POINT('',#4723);
#1402=VERTEX_POINT('',#4725);
#1403=VERTEX_POINT('',#4727);
#1404=VERTEX_POINT('',#4731);
#1405=VERTEX_POINT('',#4733);
#1406=VERTEX_POINT('',#4737);
#1407=VERTEX_POINT('',#4743);
#1408=VERTEX_POINT('',#4750);
#1409=VERTEX_POINT('',#4752);
#1410=VERTEX_POINT('',#4759);
#1411=VERTEX_POINT('',#4764);
#1412=VERTEX_POINT('',#4776);
#1413=VERTEX_POINT('',#4780);
#1414=VERTEX_POINT('',#4784);
#1415=VERTEX_POINT('',#4786);
#1416=VERTEX_POINT('',#4793);
#1417=VERTEX_POINT('',#4797);
#1418=VERTEX_POINT('',#4803);
#1419=VERTEX_POINT('',#4807);
#1420=VERTEX_POINT('',#4821);
#1421=VERTEX_POINT('',#4823);
#1422=VERTEX_POINT('',#4830);
#1423=VERTEX_POINT('',#4834);
#1424=VERTEX_POINT('',#4838);
#1425=VERTEX_POINT('',#4842);
#1426=VERTEX_POINT('',#4846);
#1427=VERTEX_POINT('',#4854);
#1428=VERTEX_POINT('',#4858);
#1429=VERTEX_POINT('',#4864);
#1430=VERTEX_POINT('',#4866);
#1431=VERTEX_POINT('',#4876);
#1432=VERTEX_POINT('',#4878);
#1433=VERTEX_POINT('',#4886);
#1434=VERTEX_POINT('',#4896);
#1435=VERTEX_POINT('',#4898);
#1436=VERTEX_POINT('',#4904);
#1437=VERTEX_POINT('',#4908);
#1438=VERTEX_POINT('',#4914);
#1439=VERTEX_POINT('',#4916);
#1440=VERTEX_POINT('',#4920);
#1441=VERTEX_POINT('',#4925);
#1442=VERTEX_POINT('',#4927);
#1443=VERTEX_POINT('',#4933);
#1444=VERTEX_POINT('',#4936);
#1445=VERTEX_POINT('',#4939);
#1446=VERTEX_POINT('',#4943);
#1447=VERTEX_POINT('',#4947);
#1448=VERTEX_POINT('',#4951);
#1449=VERTEX_POINT('',#4955);
#1450=VERTEX_POINT('',#4960);
#1451=EDGE_CURVE('',#1188,#1188,#1047,.T.);
#1452=EDGE_CURVE('',#1188,#1189,#559,.T.);
#1453=EDGE_CURVE('',#1189,#1189,#1048,.T.);
#1454=EDGE_CURVE('',#1189,#1190,#560,.T.);
#1455=EDGE_CURVE('',#1190,#1190,#1049,.T.);
#1456=EDGE_CURVE('',#1191,#1191,#1050,.T.);
#1457=EDGE_CURVE('',#1192,#1192,#1051,.T.);
#1458=EDGE_CURVE('',#1192,#1193,#561,.T.);
#1459=EDGE_CURVE('',#1193,#1193,#1052,.T.);
#1460=EDGE_CURVE('',#1193,#1194,#562,.T.);
#1461=EDGE_CURVE('',#1194,#1194,#1053,.T.);
#1462=EDGE_CURVE('',#1195,#1195,#1054,.T.);
#1463=EDGE_CURVE('',#1196,#1197,#35,.T.);
#1464=EDGE_CURVE('',#1196,#1198,#563,.T.);
#1465=EDGE_CURVE('',#1199,#1198,#36,.T.);
#1466=EDGE_CURVE('',#1199,#1197,#564,.T.);
#1467=EDGE_CURVE('',#1197,#1200,#565,.T.);
#1468=EDGE_CURVE('',#1201,#1200,#1055,.T.);
#1469=EDGE_CURVE('',#1201,#1196,#566,.T.);
#1470=EDGE_CURVE('',#1199,#1202,#567,.T.);
#1471=EDGE_CURVE('',#1203,#1202,#1056,.F.);
#1472=EDGE_CURVE('',#1204,#1203,#1057,.F.);
#1473=EDGE_CURVE('',#1205,#1204,#1058,.F.);
#1474=EDGE_CURVE('',#1205,#1206,#568,.T.);
#1475=EDGE_CURVE('',#1207,#1206,#569,.T.);
#1476=EDGE_CURVE('',#1207,#1208,#570,.T.);
#1477=EDGE_CURVE('',#1209,#1208,#1059,.F.);
#1478=EDGE_CURVE('',#1210,#1209,#1060,.F.);
#1479=EDGE_CURVE('',#1211,#1210,#1061,.F.);
#1480=EDGE_CURVE('',#1211,#1197,#571,.T.);
#1481=EDGE_CURVE('',#1212,#1213,#1062,.T.);
#1482=EDGE_CURVE('',#1213,#1214,#572,.T.);
#1483=EDGE_CURVE('',#1214,#1215,#1063,.T.);
#1484=EDGE_CURVE('',#1215,#1212,#573,.T.);
#1485=EDGE_CURVE('',#1207,#1216,#37,.T.);
#1486=EDGE_CURVE('',#1217,#1206,#38,.T.);
#1487=EDGE_CURVE('',#1217,#1216,#574,.T.);
#1488=EDGE_CURVE('',#1206,#1218,#575,.T.);
#1489=EDGE_CURVE('',#1219,#1218,#1064,.T.);
#1490=EDGE_CURVE('',#1219,#1217,#576,.T.);
#1491=EDGE_CURVE('',#1220,#1221,#39,.T.);
#1492=EDGE_CURVE('',#1220,#1222,#577,.T.);
#1493=EDGE_CURVE('',#1223,#1222,#40,.T.);
#1494=EDGE_CURVE('',#1223,#1221,#578,.T.);
#1495=EDGE_CURVE('',#1221,#1224,#579,.T.);
#1496=EDGE_CURVE('',#1225,#1224,#1065,.T.);
#1497=EDGE_CURVE('',#1225,#1220,#580,.T.);
#1498=EDGE_CURVE('',#1226,#1223,#581,.F.);
#1499=EDGE_CURVE('',#1227,#1226,#1066,.F.);
#1500=EDGE_CURVE('',#1228,#1227,#1067,.F.);
#1501=EDGE_CURVE('',#1229,#1228,#1068,.F.);
#1502=EDGE_CURVE('',#1230,#1229,#582,.F.);
#1503=EDGE_CURVE('',#1231,#1230,#583,.T.);
#1504=EDGE_CURVE('',#1232,#1231,#584,.F.);
#1505=EDGE_CURVE('',#1233,#1232,#1069,.F.);
#1506=EDGE_CURVE('',#1234,#1233,#1070,.F.);
#1507=EDGE_CURVE('',#1235,#1234,#1071,.F.);
#1508=EDGE_CURVE('',#1221,#1235,#585,.F.);
#1509=EDGE_CURVE('',#1236,#1237,#1072,.T.);
#1510=EDGE_CURVE('',#1237,#1238,#586,.T.);
#1511=EDGE_CURVE('',#1238,#1239,#1073,.T.);
#1512=EDGE_CURVE('',#1239,#1236,#587,.T.);
#1513=EDGE_CURVE('',#1231,#1240,#41,.T.);
#1514=EDGE_CURVE('',#1241,#1230,#42,.T.);
#1515=EDGE_CURVE('',#1241,#1240,#588,.T.);
#1516=EDGE_CURVE('',#1230,#1242,#589,.T.);
#1517=EDGE_CURVE('',#1243,#1242,#1074,.T.);
#1518=EDGE_CURVE('',#1243,#1241,#590,.T.);
#1519=EDGE_CURVE('',#1240,#1244,#591,.T.);
#1520=EDGE_CURVE('',#1245,#1244,#1075,.T.);
#1521=EDGE_CURVE('',#1245,#1231,#592,.T.);
#1522=EDGE_CURVE('',#1222,#1246,#593,.T.);
#1523=EDGE_CURVE('',#1247,#1246,#1076,.T.);
#1524=EDGE_CURVE('',#1247,#1223,#594,.T.);
#1525=EDGE_CURVE('',#1225,#1246,#595,.F.);
#1526=EDGE_CURVE('',#1243,#1244,#596,.F.);
#1527=EDGE_CURVE('',#1248,#1224,#597,.T.);
#1528=EDGE_CURVE('',#1249,#1248,#598,.T.);
#1529=EDGE_CURVE('',#1247,#1249,#599,.T.);
#1530=EDGE_CURVE('',#1248,#1235,#600,.T.);
#1531=EDGE_CURVE('',#1249,#1226,#601,.T.);
#1532=EDGE_CURVE('',#1245,#1250,#602,.T.);
#1533=EDGE_CURVE('',#1250,#1232,#603,.T.);
#1534=EDGE_CURVE('',#1198,#1251,#604,.T.);
#1535=EDGE_CURVE('',#1252,#1251,#1077,.T.);
#1536=EDGE_CURVE('',#1252,#1199,#605,.T.);
#1537=EDGE_CURVE('',#1201,#1251,#606,.F.);
#1538=EDGE_CURVE('',#1216,#1253,#607,.T.);
#1539=EDGE_CURVE('',#1254,#1253,#1078,.T.);
#1540=EDGE_CURVE('',#1254,#1207,#608,.T.);
#1541=EDGE_CURVE('',#1219,#1253,#609,.F.);
#1542=EDGE_CURVE('',#1255,#1205,#610,.T.);
#1543=EDGE_CURVE('',#1255,#1218,#611,.T.);
#1544=EDGE_CURVE('',#1252,#1256,#612,.T.);
#1545=EDGE_CURVE('',#1256,#1202,#613,.T.);
#1546=EDGE_CURVE('',#1254,#1257,#614,.T.);
#1547=EDGE_CURVE('',#1257,#1208,#615,.T.);
#1548=EDGE_CURVE('',#1258,#1211,#616,.T.);
#1549=EDGE_CURVE('',#1258,#1200,#617,.T.);
#1550=EDGE_CURVE('',#1257,#1255,#618,.T.);
#1551=EDGE_CURVE('',#1256,#1258,#619,.T.);
#1552=EDGE_CURVE('',#1259,#1255,#620,.T.);
#1553=EDGE_CURVE('',#1260,#1259,#621,.T.);
#1554=EDGE_CURVE('',#1260,#1257,#622,.T.);
#1555=EDGE_CURVE('',#1261,#1242,#623,.T.);
#1556=EDGE_CURVE('',#1250,#1261,#624,.T.);
#1557=EDGE_CURVE('',#1261,#1229,#625,.T.);
#1558=EDGE_CURVE('',#1262,#1248,#626,.T.);
#1559=EDGE_CURVE('',#1263,#1262,#627,.T.);
#1560=EDGE_CURVE('',#1263,#1249,#628,.T.);
#1561=EDGE_CURVE('',#1264,#1261,#629,.T.);
#1562=EDGE_CURVE('',#1265,#1264,#630,.T.);
#1563=EDGE_CURVE('',#1265,#1250,#631,.T.);
#1564=EDGE_CURVE('',#1266,#1267,#632,.T.);
#1565=EDGE_CURVE('',#1266,#1268,#633,.T.);
#1566=EDGE_CURVE('',#1268,#1269,#634,.T.);
#1567=EDGE_CURVE('',#1267,#1269,#635,.T.);
#1568=EDGE_CURVE('',#1270,#1266,#636,.T.);
#1569=EDGE_CURVE('',#1270,#1271,#637,.T.);
#1570=EDGE_CURVE('',#1271,#1268,#638,.T.);
#1571=EDGE_CURVE('',#1272,#1270,#639,.T.);
#1572=EDGE_CURVE('',#1273,#1272,#640,.T.);
#1573=EDGE_CURVE('',#1273,#1271,#641,.T.);
#1574=EDGE_CURVE('',#1269,#1273,#1079,.T.);
#1575=EDGE_CURVE('',#1274,#1274,#1080,.T.);
#1576=EDGE_CURVE('',#1272,#1275,#1081,.F.);
#1577=EDGE_CURVE('',#1275,#1276,#642,.T.);
#1578=EDGE_CURVE('',#1276,#1277,#1082,.T.);
#1579=EDGE_CURVE('',#1277,#1278,#643,.T.);
#1580=EDGE_CURVE('',#1278,#1279,#1083,.F.);
#1581=EDGE_CURVE('',#1279,#1280,#644,.T.);
#1582=EDGE_CURVE('',#1280,#1281,#1084,.T.);
#1583=EDGE_CURVE('',#1281,#1282,#645,.T.);
#1584=EDGE_CURVE('',#1282,#1282,#1085,.T.);
#1585=EDGE_CURVE('',#1281,#1283,#1086,.T.);
#1586=EDGE_CURVE('',#1283,#1284,#646,.T.);
#1587=EDGE_CURVE('',#1284,#1285,#1087,.F.);
#1588=EDGE_CURVE('',#1285,#1286,#647,.T.);
#1589=EDGE_CURVE('',#1286,#1287,#1088,.T.);
#1590=EDGE_CURVE('',#1287,#1288,#648,.T.);
#1591=EDGE_CURVE('',#1288,#1267,#1089,.F.);
#1592=EDGE_CURVE('',#1289,#1285,#649,.T.);
#1593=EDGE_CURVE('',#1289,#1290,#650,.T.);
#1594=EDGE_CURVE('',#1290,#1286,#651,.T.);
#1595=EDGE_CURVE('',#1291,#1289,#652,.T.);
#1596=EDGE_CURVE('',#1291,#1292,#653,.T.);
#1597=EDGE_CURVE('',#1292,#1290,#654,.T.);
#1598=EDGE_CURVE('',#1288,#1291,#655,.T.);
#1599=EDGE_CURVE('',#1287,#1292,#656,.T.);
#1600=EDGE_CURVE('',#1293,#1293,#1090,.T.);
#1601=EDGE_CURVE('',#1294,#1279,#657,.T.);
#1602=EDGE_CURVE('',#1294,#1295,#658,.T.);
#1603=EDGE_CURVE('',#1295,#1280,#659,.T.);
#1604=EDGE_CURVE('',#1296,#1294,#660,.T.);
#1605=EDGE_CURVE('',#1296,#1297,#661,.T.);
#1606=EDGE_CURVE('',#1297,#1295,#662,.T.);
#1607=EDGE_CURVE('',#1284,#1296,#663,.T.);
#1608=EDGE_CURVE('',#1283,#1297,#664,.T.);
#1609=EDGE_CURVE('',#1298,#1298,#1091,.T.);
#1610=EDGE_CURVE('',#1299,#1275,#665,.T.);
#1611=EDGE_CURVE('',#1299,#1300,#666,.T.);
#1612=EDGE_CURVE('',#1300,#1276,#667,.T.);
#1613=EDGE_CURVE('',#1301,#1299,#668,.T.);
#1614=EDGE_CURVE('',#1301,#1302,#669,.T.);
#1615=EDGE_CURVE('',#1302,#1300,#670,.T.);
#1616=EDGE_CURVE('',#1278,#1301,#671,.T.);
#1617=EDGE_CURVE('',#1277,#1302,#672,.T.);
#1618=EDGE_CURVE('',#1303,#1303,#1092,.T.);
#1619=EDGE_CURVE('',#1304,#1305,#673,.T.);
#1620=EDGE_CURVE('',#1304,#1306,#674,.T.);
#1621=EDGE_CURVE('',#1307,#1306,#675,.T.);
#1622=EDGE_CURVE('',#1305,#1307,#27,.T.);
#1623=EDGE_CURVE('',#1307,#1308,#28,.T.);
#1624=EDGE_CURVE('',#1306,#1309,#676,.T.);
#1625=EDGE_CURVE('',#1310,#1309,#677,.T.);
#1626=EDGE_CURVE('',#1308,#1310,#678,.T.);
#1627=EDGE_CURVE('',#1310,#1311,#679,.T.);
#1628=EDGE_CURVE('',#1309,#1312,#680,.T.);
#1629=EDGE_CURVE('',#1313,#1312,#681,.T.);
#1630=EDGE_CURVE('',#1311,#1313,#29,.T.);
#1631=EDGE_CURVE('',#1314,#1304,#682,.T.);
#1632=EDGE_CURVE('',#1314,#1309,#683,.T.);
#1633=EDGE_CURVE('',#1315,#1314,#684,.T.);
#1634=EDGE_CURVE('',#1315,#1312,#685,.T.);
#1635=EDGE_CURVE('',#1316,#1315,#686,.T.);
#1636=EDGE_CURVE('',#1313,#1316,#30,.T.);
#1637=EDGE_CURVE('',#1317,#1311,#1093,.T.);
#1638=EDGE_CURVE('',#1308,#1317,#1094,.T.);
#1639=EDGE_CURVE('',#1317,#1318,#687,.T.);
#1640=EDGE_CURVE('',#1318,#1318,#1095,.T.);
#1641=EDGE_CURVE('',#1316,#1319,#1096,.T.);
#1642=EDGE_CURVE('',#1319,#1320,#31,.T.);
#1643=EDGE_CURVE('',#1320,#1321,#32,.T.);
#1644=EDGE_CURVE('',#1321,#1322,#1097,.T.);
#1645=EDGE_CURVE('',#1322,#1323,#33,.T.);
#1646=EDGE_CURVE('',#1323,#1324,#34,.T.);
#1647=EDGE_CURVE('',#1324,#1305,#1098,.T.);
#1648=EDGE_CURVE('',#1325,#1319,#688,.T.);
#1649=EDGE_CURVE('',#1325,#1326,#689,.T.);
#1650=EDGE_CURVE('',#1320,#1326,#690,.T.);
#1651=EDGE_CURVE('',#1326,#1327,#691,.T.);
#1652=EDGE_CURVE('',#1328,#1327,#692,.T.);
#1653=EDGE_CURVE('',#1321,#1328,#693,.T.);
#1654=EDGE_CURVE('',#1328,#1322,#694,.T.);
#1655=EDGE_CURVE('',#1327,#1329,#695,.T.);
#1656=EDGE_CURVE('',#1323,#1329,#696,.T.);
#1657=EDGE_CURVE('',#1330,#1325,#697,.T.);
#1658=EDGE_CURVE('',#1330,#1327,#698,.T.);
#1659=EDGE_CURVE('',#1331,#1330,#699,.T.);
#1660=EDGE_CURVE('',#1331,#1329,#700,.T.);
#1661=EDGE_CURVE('',#1324,#1331,#701,.T.);
#1662=EDGE_CURVE('',#1332,#1333,#702,.T.);
#1663=EDGE_CURVE('',#1332,#1334,#703,.T.);
#1664=EDGE_CURVE('',#1334,#1335,#704,.T.);
#1665=EDGE_CURVE('',#1335,#1336,#705,.T.);
#1666=EDGE_CURVE('',#1336,#1333,#706,.T.);
#1667=EDGE_CURVE('',#1332,#1337,#15,.T.);
#1668=EDGE_CURVE('',#1338,#1337,#1099,.T.);
#1669=EDGE_CURVE('',#1338,#1339,#16,.T.);
#1670=EDGE_CURVE('',#1340,#1339,#707,.T.);
#1671=EDGE_CURVE('',#1340,#1334,#1100,.T.);
#1672=EDGE_CURVE('',#1341,#1340,#708,.T.);
#1673=EDGE_CURVE('',#1341,#1335,#1101,.T.);
#1674=EDGE_CURVE('',#1342,#1341,#709,.T.);
#1675=EDGE_CURVE('',#1342,#1336,#1102,.T.);
#1676=EDGE_CURVE('',#1343,#1339,#710,.T.);
#1677=EDGE_CURVE('',#1343,#1342,#711,.T.);
#1678=EDGE_CURVE('',#1333,#1344,#1103,.T.);
#1679=EDGE_CURVE('',#1344,#1345,#712,.T.);
#1680=EDGE_CURVE('',#1346,#1345,#1104,.F.);
#1681=EDGE_CURVE('',#1337,#1346,#713,.T.);
#1682=EDGE_CURVE('',#1347,#1343,#1105,.T.);
#1683=EDGE_CURVE('',#1348,#1347,#714,.T.);
#1684=EDGE_CURVE('',#1349,#1348,#1106,.T.);
#1685=EDGE_CURVE('',#1350,#1349,#1107,.T.);
#1686=EDGE_CURVE('',#1351,#1350,#1108,.T.);
#1687=EDGE_CURVE('',#1344,#1351,#715,.T.);
#1688=EDGE_CURVE('',#1352,#1353,#1109,.T.);
#1689=EDGE_CURVE('',#1353,#1354,#716,.T.);
#1690=EDGE_CURVE('',#1354,#1355,#1110,.T.);
#1691=EDGE_CURVE('',#1355,#1352,#717,.T.);
#1692=EDGE_CURVE('',#1356,#1357,#17,.T.);
#1693=EDGE_CURVE('',#1356,#1357,#1111,.T.);
#1694=EDGE_CURVE('',#1349,#1358,#718,.T.);
#1695=EDGE_CURVE('',#1359,#1358,#1112,.T.);
#1696=EDGE_CURVE('',#1360,#1359,#719,.T.);
#1697=EDGE_CURVE('',#1349,#1360,#1113,.T.);
#1698=EDGE_CURVE('',#1350,#1361,#720,.T.);
#1699=EDGE_CURVE('',#1362,#1350,#1114,.T.);
#1700=EDGE_CURVE('',#1363,#1362,#721,.T.);
#1701=EDGE_CURVE('',#1361,#1363,#1115,.T.);
#1702=EDGE_CURVE('',#1364,#1360,#722,.T.);
#1703=EDGE_CURVE('',#1359,#1365,#723,.T.);
#1704=EDGE_CURVE('',#1365,#1364,#724,.T.);
#1705=EDGE_CURVE('',#1356,#1358,#1116,.T.);
#1706=EDGE_CURVE('',#1361,#1357,#1117,.T.);
#1707=EDGE_CURVE('',#1366,#1363,#725,.T.);
#1708=EDGE_CURVE('',#1365,#1366,#1118,.T.);
#1709=EDGE_CURVE('',#1367,#1366,#726,.T.);
#1710=EDGE_CURVE('',#1364,#1367,#1119,.T.);
#1711=EDGE_CURVE('',#1362,#1367,#727,.T.);
#1712=EDGE_CURVE('',#1358,#1368,#728,.T.);
#1713=EDGE_CURVE('',#1369,#1368,#1120,.F.);
#1714=EDGE_CURVE('',#1369,#1356,#18,.T.);
#1715=EDGE_CURVE('',#1357,#1370,#19,.T.);
#1716=EDGE_CURVE('',#1371,#1370,#1121,.F.);
#1717=EDGE_CURVE('',#1361,#1371,#729,.T.);
#1718=EDGE_CURVE('',#1372,#1373,#730,.T.);
#1719=EDGE_CURVE('',#1374,#1372,#731,.T.);
#1720=EDGE_CURVE('',#1375,#1374,#732,.T.);
#1721=EDGE_CURVE('',#1376,#1375,#733,.T.);
#1722=EDGE_CURVE('',#1373,#1376,#734,.T.);
#1723=EDGE_CURVE('',#1377,#1378,#735,.T.);
#1724=EDGE_CURVE('',#1379,#1377,#736,.T.);
#1725=EDGE_CURVE('',#1380,#1379,#737,.T.);
#1726=EDGE_CURVE('',#1381,#1380,#738,.T.);
#1727=EDGE_CURVE('',#1378,#1381,#739,.T.);
#1728=EDGE_CURVE('',#1372,#1382,#20,.T.);
#1729=EDGE_CURVE('',#1383,#1382,#1122,.T.);
#1730=EDGE_CURVE('',#1383,#1378,#21,.T.);
#1731=EDGE_CURVE('',#1374,#1381,#1123,.T.);
#1732=EDGE_CURVE('',#1375,#1380,#1124,.T.);
#1733=EDGE_CURVE('',#1379,#1376,#1125,.T.);
#1734=EDGE_CURVE('',#1373,#1384,#1126,.T.);
#1735=EDGE_CURVE('',#1384,#1385,#740,.T.);
#1736=EDGE_CURVE('',#1386,#1385,#1127,.F.);
#1737=EDGE_CURVE('',#1382,#1386,#741,.T.);
#1738=EDGE_CURVE('',#1387,#1377,#1128,.T.);
#1739=EDGE_CURVE('',#1388,#1387,#742,.T.);
#1740=EDGE_CURVE('',#1389,#1388,#1129,.T.);
#1741=EDGE_CURVE('',#1390,#1389,#1130,.T.);
#1742=EDGE_CURVE('',#1391,#1390,#1131,.T.);
#1743=EDGE_CURVE('',#1384,#1391,#743,.T.);
#1744=EDGE_CURVE('',#1392,#1393,#1132,.T.);
#1745=EDGE_CURVE('',#1393,#1394,#744,.T.);
#1746=EDGE_CURVE('',#1394,#1395,#1133,.T.);
#1747=EDGE_CURVE('',#1395,#1392,#745,.T.);
#1748=EDGE_CURVE('',#1396,#1397,#22,.T.);
#1749=EDGE_CURVE('',#1397,#1396,#1134,.T.);
#1750=EDGE_CURVE('',#1389,#1398,#746,.T.);
#1751=EDGE_CURVE('',#1398,#1399,#1135,.T.);
#1752=EDGE_CURVE('',#1399,#1400,#747,.T.);
#1753=EDGE_CURVE('',#1400,#1389,#1136,.T.);
#1754=EDGE_CURVE('',#1390,#1401,#748,.T.);
#1755=EDGE_CURVE('',#1390,#1402,#1137,.T.);
#1756=EDGE_CURVE('',#1402,#1403,#749,.T.);
#1757=EDGE_CURVE('',#1403,#1401,#1138,.T.);
#1758=EDGE_CURVE('',#1404,#1402,#750,.T.);
#1759=EDGE_CURVE('',#1405,#1404,#751,.T.);
#1760=EDGE_CURVE('',#1403,#1405,#752,.T.);
#1761=EDGE_CURVE('',#1405,#1406,#1139,.T.);
#1762=EDGE_CURVE('',#1406,#1399,#753,.T.);
#1763=EDGE_CURVE('',#1396,#1398,#1140,.T.);
#1764=EDGE_CURVE('',#1401,#1397,#1141,.T.);
#1765=EDGE_CURVE('',#1404,#1407,#1142,.T.);
#1766=EDGE_CURVE('',#1407,#1406,#754,.T.);
#1767=EDGE_CURVE('',#1400,#1407,#755,.T.);
#1768=EDGE_CURVE('',#1398,#1408,#756,.T.);
#1769=EDGE_CURVE('',#1409,#1408,#1143,.F.);
#1770=EDGE_CURVE('',#1409,#1396,#23,.T.);
#1771=EDGE_CURVE('',#1397,#1410,#24,.T.);
#1772=EDGE_CURVE('',#1411,#1410,#1144,.F.);
#1773=EDGE_CURVE('',#1401,#1411,#757,.T.);
#1774=EDGE_CURVE('',#1213,#1392,#758,.T.);
#1775=EDGE_CURVE('',#1214,#1395,#759,.T.);
#1776=EDGE_CURVE('',#1215,#1394,#760,.T.);
#1777=EDGE_CURVE('',#1212,#1393,#761,.T.);
#1778=EDGE_CURVE('',#1391,#1412,#762,.T.);
#1779=EDGE_CURVE('',#1385,#1412,#763,.F.);
#1780=EDGE_CURVE('',#1413,#1204,#764,.T.);
#1781=EDGE_CURVE('',#1259,#1413,#1145,.T.);
#1782=EDGE_CURVE('',#1414,#1386,#1146,.F.);
#1783=EDGE_CURVE('',#1415,#1414,#25,.T.);
#1784=EDGE_CURVE('',#1416,#1415,#1147,.F.);
#1785=EDGE_CURVE('',#1383,#1416,#765,.T.);
#1786=EDGE_CURVE('',#1417,#1203,#766,.T.);
#1787=EDGE_CURVE('',#1413,#1417,#1148,.T.);
#1788=EDGE_CURVE('',#1412,#1411,#1149,.F.);
#1789=EDGE_CURVE('',#1418,#1416,#1150,.F.);
#1790=EDGE_CURVE('',#1387,#1418,#767,.T.);
#1791=EDGE_CURVE('',#1388,#1419,#768,.T.);
#1792=EDGE_CURVE('',#1408,#1419,#1151,.F.);
#1793=EDGE_CURVE('',#1419,#1418,#769,.F.);
#1794=EDGE_CURVE('',#1237,#1352,#770,.T.);
#1795=EDGE_CURVE('',#1238,#1355,#771,.T.);
#1796=EDGE_CURVE('',#1239,#1354,#772,.T.);
#1797=EDGE_CURVE('',#1236,#1353,#773,.T.);
#1798=EDGE_CURVE('',#1420,#1346,#1152,.F.);
#1799=EDGE_CURVE('',#1421,#1420,#26,.T.);
#1800=EDGE_CURVE('',#1422,#1421,#1153,.F.);
#1801=EDGE_CURVE('',#1338,#1422,#774,.T.);
#1802=EDGE_CURVE('',#1423,#1422,#1154,.F.);
#1803=EDGE_CURVE('',#1347,#1423,#775,.T.);
#1804=EDGE_CURVE('',#1424,#1263,#1155,.T.);
#1805=EDGE_CURVE('',#1424,#1227,#776,.T.);
#1806=EDGE_CURVE('',#1425,#1423,#777,.F.);
#1807=EDGE_CURVE('',#1348,#1425,#778,.T.);
#1808=EDGE_CURVE('',#1351,#1426,#779,.T.);
#1809=EDGE_CURVE('',#1345,#1426,#780,.F.);
#1810=EDGE_CURVE('',#1368,#1425,#1156,.F.);
#1811=EDGE_CURVE('',#1426,#1371,#1157,.F.);
#1812=EDGE_CURVE('',#1427,#1265,#1158,.T.);
#1813=EDGE_CURVE('',#1427,#1233,#781,.T.);
#1814=EDGE_CURVE('',#1428,#1427,#1159,.T.);
#1815=EDGE_CURVE('',#1428,#1234,#782,.T.);
#1816=EDGE_CURVE('',#1409,#1429,#1160,.T.);
#1817=EDGE_CURVE('',#1429,#1430,#783,.T.);
#1818=EDGE_CURVE('',#1430,#1430,#1161,.T.);
#1819=EDGE_CURVE('',#1429,#1415,#1162,.T.);
#1820=EDGE_CURVE('',#1414,#1410,#1163,.T.);
#1821=EDGE_CURVE('',#1430,#1191,#784,.T.);
#1822=EDGE_CURVE('',#1420,#1431,#1164,.T.);
#1823=EDGE_CURVE('',#1431,#1432,#785,.T.);
#1824=EDGE_CURVE('',#1432,#1432,#1165,.T.);
#1825=EDGE_CURVE('',#1431,#1370,#1166,.T.);
#1826=EDGE_CURVE('',#1369,#1421,#1167,.T.);
#1827=EDGE_CURVE('',#1433,#1424,#1168,.T.);
#1828=EDGE_CURVE('',#1433,#1228,#786,.T.);
#1829=EDGE_CURVE('',#1432,#1195,#787,.T.);
#1830=EDGE_CURVE('',#1262,#1428,#1169,.T.);
#1831=EDGE_CURVE('',#1264,#1433,#1170,.T.);
#1832=EDGE_CURVE('',#1434,#1258,#788,.T.);
#1833=EDGE_CURVE('',#1435,#1434,#789,.T.);
#1834=EDGE_CURVE('',#1435,#1256,#790,.T.);
#1835=EDGE_CURVE('',#1417,#1435,#1171,.T.);
#1836=EDGE_CURVE('',#1436,#1260,#1172,.T.);
#1837=EDGE_CURVE('',#1436,#1209,#791,.T.);
#1838=EDGE_CURVE('',#1437,#1436,#1173,.T.);
#1839=EDGE_CURVE('',#1437,#1210,#792,.T.);
#1840=EDGE_CURVE('',#1434,#1437,#1174,.T.);
#1841=EDGE_CURVE('',#1438,#1438,#1175,.T.);
#1842=EDGE_CURVE('',#1438,#1439,#793,.T.);
#1843=EDGE_CURVE('',#1439,#1439,#1176,.T.);
#1844=EDGE_CURVE('',#1440,#1440,#1177,.T.);
#1845=EDGE_CURVE('',#1438,#1318,#794,.T.);
#1846=EDGE_CURVE('',#1441,#1441,#1178,.T.);
#1847=EDGE_CURVE('',#1441,#1442,#795,.T.);
#1848=EDGE_CURVE('',#1442,#1442,#1179,.T.);
#1849=EDGE_CURVE('',#1442,#1440,#796,.T.);
#1850=EDGE_CURVE('',#1443,#1443,#1180,.F.);
#1851=EDGE_CURVE('',#1444,#1444,#1181,.F.);
#1852=EDGE_CURVE('',#1445,#1445,#1182,.T.);
#1853=EDGE_CURVE('',#1445,#1303,#797,.T.);
#1854=EDGE_CURVE('',#1446,#1446,#1183,.T.);
#1855=EDGE_CURVE('',#1446,#1274,#798,.T.);
#1856=EDGE_CURVE('',#1447,#1447,#1184,.T.);
#1857=EDGE_CURVE('',#1447,#1293,#799,.T.);
#1858=EDGE_CURVE('',#1448,#1448,#1185,.T.);
#1859=EDGE_CURVE('',#1448,#1298,#800,.T.);
#1860=EDGE_CURVE('',#1449,#1449,#1186,.F.);
#1861=EDGE_CURVE('',#1449,#1443,#801,.T.);
#1862=EDGE_CURVE('',#1444,#1450,#802,.T.);
#1863=EDGE_CURVE('',#1450,#1450,#1187,.T.);
#1864=ORIENTED_EDGE('',*,*,#1451,.T.);
#1865=ORIENTED_EDGE('',*,*,#1452,.T.);
#1866=ORIENTED_EDGE('',*,*,#1453,.T.);
#1867=ORIENTED_EDGE('',*,*,#1452,.F.);
#1868=ORIENTED_EDGE('',*,*,#1453,.F.);
#1869=ORIENTED_EDGE('',*,*,#1454,.T.);
#1870=ORIENTED_EDGE('',*,*,#1455,.T.);
#1871=ORIENTED_EDGE('',*,*,#1454,.F.);
#1872=ORIENTED_EDGE('',*,*,#1456,.F.);
#1873=ORIENTED_EDGE('',*,*,#1451,.F.);
#1874=ORIENTED_EDGE('',*,*,#1457,.T.);
#1875=ORIENTED_EDGE('',*,*,#1458,.T.);
#1876=ORIENTED_EDGE('',*,*,#1459,.T.);
#1877=ORIENTED_EDGE('',*,*,#1458,.F.);
#1878=ORIENTED_EDGE('',*,*,#1459,.F.);
#1879=ORIENTED_EDGE('',*,*,#1460,.T.);
#1880=ORIENTED_EDGE('',*,*,#1461,.T.);
#1881=ORIENTED_EDGE('',*,*,#1460,.F.);
#1882=ORIENTED_EDGE('',*,*,#1462,.F.);
#1883=ORIENTED_EDGE('',*,*,#1457,.F.);
#1884=ORIENTED_EDGE('',*,*,#1463,.F.);
#1885=ORIENTED_EDGE('',*,*,#1464,.T.);
#1886=ORIENTED_EDGE('',*,*,#1465,.F.);
#1887=ORIENTED_EDGE('',*,*,#1466,.T.);
#1888=ORIENTED_EDGE('',*,*,#1463,.T.);
#1889=ORIENTED_EDGE('',*,*,#1467,.T.);
#1890=ORIENTED_EDGE('',*,*,#1468,.F.);
#1891=ORIENTED_EDGE('',*,*,#1469,.T.);
#1892=ORIENTED_EDGE('',*,*,#1466,.F.);
#1893=ORIENTED_EDGE('',*,*,#1470,.T.);
#1894=ORIENTED_EDGE('',*,*,#1471,.F.);
#1895=ORIENTED_EDGE('',*,*,#1472,.F.);
#1896=ORIENTED_EDGE('',*,*,#1473,.F.);
#1897=ORIENTED_EDGE('',*,*,#1474,.T.);
#1898=ORIENTED_EDGE('',*,*,#1475,.F.);
#1899=ORIENTED_EDGE('',*,*,#1476,.T.);
#1900=ORIENTED_EDGE('',*,*,#1477,.F.);
#1901=ORIENTED_EDGE('',*,*,#1478,.F.);
#1902=ORIENTED_EDGE('',*,*,#1479,.F.);
#1903=ORIENTED_EDGE('',*,*,#1480,.T.);
#1904=ORIENTED_EDGE('',*,*,#1481,.T.);
#1905=ORIENTED_EDGE('',*,*,#1482,.T.);
#1906=ORIENTED_EDGE('',*,*,#1483,.T.);
#1907=ORIENTED_EDGE('',*,*,#1484,.T.);
#1908=ORIENTED_EDGE('',*,*,#1485,.F.);
#1909=ORIENTED_EDGE('',*,*,#1475,.T.);
#1910=ORIENTED_EDGE('',*,*,#1486,.F.);
#1911=ORIENTED_EDGE('',*,*,#1487,.T.);
#1912=ORIENTED_EDGE('',*,*,#1486,.T.);
#1913=ORIENTED_EDGE('',*,*,#1488,.T.);
#1914=ORIENTED_EDGE('',*,*,#1489,.F.);
#1915=ORIENTED_EDGE('',*,*,#1490,.T.);
#1916=ORIENTED_EDGE('',*,*,#1491,.F.);
#1917=ORIENTED_EDGE('',*,*,#1492,.T.);
#1918=ORIENTED_EDGE('',*,*,#1493,.F.);
#1919=ORIENTED_EDGE('',*,*,#1494,.T.);
#1920=ORIENTED_EDGE('',*,*,#1491,.T.);
#1921=ORIENTED_EDGE('',*,*,#1495,.T.);
#1922=ORIENTED_EDGE('',*,*,#1496,.F.);
#1923=ORIENTED_EDGE('',*,*,#1497,.T.);
#1924=ORIENTED_EDGE('',*,*,#1494,.F.);
#1925=ORIENTED_EDGE('',*,*,#1498,.F.);
#1926=ORIENTED_EDGE('',*,*,#1499,.F.);
#1927=ORIENTED_EDGE('',*,*,#1500,.F.);
#1928=ORIENTED_EDGE('',*,*,#1501,.F.);
#1929=ORIENTED_EDGE('',*,*,#1502,.F.);
#1930=ORIENTED_EDGE('',*,*,#1503,.F.);
#1931=ORIENTED_EDGE('',*,*,#1504,.F.);
#1932=ORIENTED_EDGE('',*,*,#1505,.F.);
#1933=ORIENTED_EDGE('',*,*,#1506,.F.);
#1934=ORIENTED_EDGE('',*,*,#1507,.F.);
#1935=ORIENTED_EDGE('',*,*,#1508,.F.);
#1936=ORIENTED_EDGE('',*,*,#1509,.T.);
#1937=ORIENTED_EDGE('',*,*,#1510,.T.);
#1938=ORIENTED_EDGE('',*,*,#1511,.T.);
#1939=ORIENTED_EDGE('',*,*,#1512,.T.);
#1940=ORIENTED_EDGE('',*,*,#1513,.F.);
#1941=ORIENTED_EDGE('',*,*,#1503,.T.);
#1942=ORIENTED_EDGE('',*,*,#1514,.F.);
#1943=ORIENTED_EDGE('',*,*,#1515,.T.);
#1944=ORIENTED_EDGE('',*,*,#1514,.T.);
#1945=ORIENTED_EDGE('',*,*,#1516,.T.);
#1946=ORIENTED_EDGE('',*,*,#1517,.F.);
#1947=ORIENTED_EDGE('',*,*,#1518,.T.);
#1948=ORIENTED_EDGE('',*,*,#1513,.T.);
#1949=ORIENTED_EDGE('',*,*,#1519,.T.);
#1950=ORIENTED_EDGE('',*,*,#1520,.F.);
#1951=ORIENTED_EDGE('',*,*,#1521,.T.);
#1952=ORIENTED_EDGE('',*,*,#1493,.T.);
#1953=ORIENTED_EDGE('',*,*,#1522,.T.);
#1954=ORIENTED_EDGE('',*,*,#1523,.F.);
#1955=ORIENTED_EDGE('',*,*,#1524,.T.);
#1956=ORIENTED_EDGE('',*,*,#1492,.F.);
#1957=ORIENTED_EDGE('',*,*,#1497,.F.);
#1958=ORIENTED_EDGE('',*,*,#1525,.T.);
#1959=ORIENTED_EDGE('',*,*,#1522,.F.);
#1960=ORIENTED_EDGE('',*,*,#1515,.F.);
#1961=ORIENTED_EDGE('',*,*,#1518,.F.);
#1962=ORIENTED_EDGE('',*,*,#1526,.T.);
#1963=ORIENTED_EDGE('',*,*,#1519,.F.);
#1964=ORIENTED_EDGE('',*,*,#1523,.T.);
#1965=ORIENTED_EDGE('',*,*,#1525,.F.);
#1966=ORIENTED_EDGE('',*,*,#1496,.T.);
#1967=ORIENTED_EDGE('',*,*,#1527,.F.);
#1968=ORIENTED_EDGE('',*,*,#1528,.F.);
#1969=ORIENTED_EDGE('',*,*,#1529,.F.);
#1970=ORIENTED_EDGE('',*,*,#1495,.F.);
#1971=ORIENTED_EDGE('',*,*,#1508,.T.);
#1972=ORIENTED_EDGE('',*,*,#1530,.F.);
#1973=ORIENTED_EDGE('',*,*,#1527,.T.);
#1974=ORIENTED_EDGE('',*,*,#1524,.F.);
#1975=ORIENTED_EDGE('',*,*,#1529,.T.);
#1976=ORIENTED_EDGE('',*,*,#1531,.T.);
#1977=ORIENTED_EDGE('',*,*,#1498,.T.);
#1978=ORIENTED_EDGE('',*,*,#1521,.F.);
#1979=ORIENTED_EDGE('',*,*,#1532,.T.);
#1980=ORIENTED_EDGE('',*,*,#1533,.T.);
#1981=ORIENTED_EDGE('',*,*,#1504,.T.);
#1982=ORIENTED_EDGE('',*,*,#1465,.T.);
#1983=ORIENTED_EDGE('',*,*,#1534,.T.);
#1984=ORIENTED_EDGE('',*,*,#1535,.F.);
#1985=ORIENTED_EDGE('',*,*,#1536,.T.);
#1986=ORIENTED_EDGE('',*,*,#1464,.F.);
#1987=ORIENTED_EDGE('',*,*,#1469,.F.);
#1988=ORIENTED_EDGE('',*,*,#1537,.T.);
#1989=ORIENTED_EDGE('',*,*,#1534,.F.);
#1990=ORIENTED_EDGE('',*,*,#1485,.T.);
#1991=ORIENTED_EDGE('',*,*,#1538,.T.);
#1992=ORIENTED_EDGE('',*,*,#1539,.F.);
#1993=ORIENTED_EDGE('',*,*,#1540,.T.);
#1994=ORIENTED_EDGE('',*,*,#1487,.F.);
#1995=ORIENTED_EDGE('',*,*,#1490,.F.);
#1996=ORIENTED_EDGE('',*,*,#1541,.T.);
#1997=ORIENTED_EDGE('',*,*,#1538,.F.);
#1998=ORIENTED_EDGE('',*,*,#1488,.F.);
#1999=ORIENTED_EDGE('',*,*,#1474,.F.);
#2000=ORIENTED_EDGE('',*,*,#1542,.F.);
#2001=ORIENTED_EDGE('',*,*,#1543,.T.);
#2002=ORIENTED_EDGE('',*,*,#1536,.F.);
#2003=ORIENTED_EDGE('',*,*,#1544,.T.);
#2004=ORIENTED_EDGE('',*,*,#1545,.T.);
#2005=ORIENTED_EDGE('',*,*,#1470,.F.);
#2006=ORIENTED_EDGE('',*,*,#1540,.F.);
#2007=ORIENTED_EDGE('',*,*,#1546,.T.);
#2008=ORIENTED_EDGE('',*,*,#1547,.T.);
#2009=ORIENTED_EDGE('',*,*,#1476,.F.);
#2010=ORIENTED_EDGE('',*,*,#1467,.F.);
#2011=ORIENTED_EDGE('',*,*,#1480,.F.);
#2012=ORIENTED_EDGE('',*,*,#1548,.F.);
#2013=ORIENTED_EDGE('',*,*,#1549,.T.);
#2014=ORIENTED_EDGE('',*,*,#1539,.T.);
#2015=ORIENTED_EDGE('',*,*,#1541,.F.);
#2016=ORIENTED_EDGE('',*,*,#1489,.T.);
#2017=ORIENTED_EDGE('',*,*,#1543,.F.);
#2018=ORIENTED_EDGE('',*,*,#1550,.F.);
#2019=ORIENTED_EDGE('',*,*,#1546,.F.);
#2020=ORIENTED_EDGE('',*,*,#1535,.T.);
#2021=ORIENTED_EDGE('',*,*,#1537,.F.);
#2022=ORIENTED_EDGE('',*,*,#1468,.T.);
#2023=ORIENTED_EDGE('',*,*,#1549,.F.);
#2024=ORIENTED_EDGE('',*,*,#1551,.F.);
#2025=ORIENTED_EDGE('',*,*,#1544,.F.);
#2026=ORIENTED_EDGE('',*,*,#1550,.T.);
#2027=ORIENTED_EDGE('',*,*,#1552,.F.);
#2028=ORIENTED_EDGE('',*,*,#1553,.F.);
#2029=ORIENTED_EDGE('',*,*,#1554,.T.);
#2030=ORIENTED_EDGE('',*,*,#1520,.T.);
#2031=ORIENTED_EDGE('',*,*,#1526,.F.);
#2032=ORIENTED_EDGE('',*,*,#1517,.T.);
#2033=ORIENTED_EDGE('',*,*,#1555,.F.);
#2034=ORIENTED_EDGE('',*,*,#1556,.F.);
#2035=ORIENTED_EDGE('',*,*,#1532,.F.);
#2036=ORIENTED_EDGE('',*,*,#1516,.F.);
#2037=ORIENTED_EDGE('',*,*,#1502,.T.);
#2038=ORIENTED_EDGE('',*,*,#1557,.F.);
#2039=ORIENTED_EDGE('',*,*,#1555,.T.);
#2040=ORIENTED_EDGE('',*,*,#1528,.T.);
#2041=ORIENTED_EDGE('',*,*,#1558,.F.);
#2042=ORIENTED_EDGE('',*,*,#1559,.F.);
#2043=ORIENTED_EDGE('',*,*,#1560,.T.);
#2044=ORIENTED_EDGE('',*,*,#1556,.T.);
#2045=ORIENTED_EDGE('',*,*,#1561,.F.);
#2046=ORIENTED_EDGE('',*,*,#1562,.F.);
#2047=ORIENTED_EDGE('',*,*,#1563,.T.);
#2048=ORIENTED_EDGE('',*,*,#1564,.F.);
#2049=ORIENTED_EDGE('',*,*,#1565,.T.);
#2050=ORIENTED_EDGE('',*,*,#1566,.T.);
#2051=ORIENTED_EDGE('',*,*,#1567,.F.);
#2052=ORIENTED_EDGE('',*,*,#1568,.F.);
#2053=ORIENTED_EDGE('',*,*,#1569,.T.);
#2054=ORIENTED_EDGE('',*,*,#1570,.T.);
#2055=ORIENTED_EDGE('',*,*,#1565,.F.);
#2056=ORIENTED_EDGE('',*,*,#1571,.F.);
#2057=ORIENTED_EDGE('',*,*,#1572,.F.);
#2058=ORIENTED_EDGE('',*,*,#1573,.T.);
#2059=ORIENTED_EDGE('',*,*,#1569,.F.);
#2060=ORIENTED_EDGE('',*,*,#1573,.F.);
#2061=ORIENTED_EDGE('',*,*,#1574,.F.);
#2062=ORIENTED_EDGE('',*,*,#1566,.F.);
#2063=ORIENTED_EDGE('',*,*,#1570,.F.);
#2064=ORIENTED_EDGE('',*,*,#1575,.F.);
#2065=ORIENTED_EDGE('',*,*,#1567,.T.);
#2066=ORIENTED_EDGE('',*,*,#1574,.T.);
#2067=ORIENTED_EDGE('',*,*,#1572,.T.);
#2068=ORIENTED_EDGE('',*,*,#1576,.T.);
#2069=ORIENTED_EDGE('',*,*,#1577,.T.);
#2070=ORIENTED_EDGE('',*,*,#1578,.T.);
#2071=ORIENTED_EDGE('',*,*,#1579,.T.);
#2072=ORIENTED_EDGE('',*,*,#1580,.T.);
#2073=ORIENTED_EDGE('',*,*,#1581,.T.);
#2074=ORIENTED_EDGE('',*,*,#1582,.T.);
#2075=ORIENTED_EDGE('',*,*,#1583,.T.);
#2076=ORIENTED_EDGE('',*,*,#1584,.T.);
#2077=ORIENTED_EDGE('',*,*,#1583,.F.);
#2078=ORIENTED_EDGE('',*,*,#1585,.T.);
#2079=ORIENTED_EDGE('',*,*,#1586,.T.);
#2080=ORIENTED_EDGE('',*,*,#1587,.T.);
#2081=ORIENTED_EDGE('',*,*,#1588,.T.);
#2082=ORIENTED_EDGE('',*,*,#1589,.T.);
#2083=ORIENTED_EDGE('',*,*,#1590,.T.);
#2084=ORIENTED_EDGE('',*,*,#1591,.T.);
#2085=ORIENTED_EDGE('',*,*,#1592,.F.);
#2086=ORIENTED_EDGE('',*,*,#1593,.T.);
#2087=ORIENTED_EDGE('',*,*,#1594,.T.);
#2088=ORIENTED_EDGE('',*,*,#1588,.F.);
#2089=ORIENTED_EDGE('',*,*,#1595,.F.);
#2090=ORIENTED_EDGE('',*,*,#1596,.T.);
#2091=ORIENTED_EDGE('',*,*,#1597,.T.);
#2092=ORIENTED_EDGE('',*,*,#1593,.F.);
#2093=ORIENTED_EDGE('',*,*,#1598,.F.);
#2094=ORIENTED_EDGE('',*,*,#1590,.F.);
#2095=ORIENTED_EDGE('',*,*,#1599,.T.);
#2096=ORIENTED_EDGE('',*,*,#1596,.F.);
#2097=ORIENTED_EDGE('',*,*,#1599,.F.);
#2098=ORIENTED_EDGE('',*,*,#1589,.F.);
#2099=ORIENTED_EDGE('',*,*,#1594,.F.);
#2100=ORIENTED_EDGE('',*,*,#1597,.F.);
#2101=ORIENTED_EDGE('',*,*,#1600,.F.);
#2102=ORIENTED_EDGE('',*,*,#1601,.F.);
#2103=ORIENTED_EDGE('',*,*,#1602,.T.);
#2104=ORIENTED_EDGE('',*,*,#1603,.T.);
#2105=ORIENTED_EDGE('',*,*,#1581,.F.);
#2106=ORIENTED_EDGE('',*,*,#1604,.F.);
#2107=ORIENTED_EDGE('',*,*,#1605,.T.);
#2108=ORIENTED_EDGE('',*,*,#1606,.T.);
#2109=ORIENTED_EDGE('',*,*,#1602,.F.);
#2110=ORIENTED_EDGE('',*,*,#1607,.F.);
#2111=ORIENTED_EDGE('',*,*,#1586,.F.);
#2112=ORIENTED_EDGE('',*,*,#1608,.T.);
#2113=ORIENTED_EDGE('',*,*,#1605,.F.);
#2114=ORIENTED_EDGE('',*,*,#1608,.F.);
#2115=ORIENTED_EDGE('',*,*,#1585,.F.);
#2116=ORIENTED_EDGE('',*,*,#1582,.F.);
#2117=ORIENTED_EDGE('',*,*,#1603,.F.);
#2118=ORIENTED_EDGE('',*,*,#1606,.F.);
#2119=ORIENTED_EDGE('',*,*,#1609,.F.);
#2120=ORIENTED_EDGE('',*,*,#1610,.F.);
#2121=ORIENTED_EDGE('',*,*,#1611,.T.);
#2122=ORIENTED_EDGE('',*,*,#1612,.T.);
#2123=ORIENTED_EDGE('',*,*,#1577,.F.);
#2124=ORIENTED_EDGE('',*,*,#1613,.F.);
#2125=ORIENTED_EDGE('',*,*,#1614,.T.);
#2126=ORIENTED_EDGE('',*,*,#1615,.T.);
#2127=ORIENTED_EDGE('',*,*,#1611,.F.);
#2128=ORIENTED_EDGE('',*,*,#1616,.F.);
#2129=ORIENTED_EDGE('',*,*,#1579,.F.);
#2130=ORIENTED_EDGE('',*,*,#1617,.T.);
#2131=ORIENTED_EDGE('',*,*,#1614,.F.);
#2132=ORIENTED_EDGE('',*,*,#1617,.F.);
#2133=ORIENTED_EDGE('',*,*,#1578,.F.);
#2134=ORIENTED_EDGE('',*,*,#1612,.F.);
#2135=ORIENTED_EDGE('',*,*,#1615,.F.);
#2136=ORIENTED_EDGE('',*,*,#1618,.F.);
#2137=ORIENTED_EDGE('',*,*,#1619,.F.);
#2138=ORIENTED_EDGE('',*,*,#1620,.T.);
#2139=ORIENTED_EDGE('',*,*,#1621,.F.);
#2140=ORIENTED_EDGE('',*,*,#1622,.F.);
#2141=ORIENTED_EDGE('',*,*,#1623,.F.);
#2142=ORIENTED_EDGE('',*,*,#1621,.T.);
#2143=ORIENTED_EDGE('',*,*,#1624,.T.);
#2144=ORIENTED_EDGE('',*,*,#1625,.F.);
#2145=ORIENTED_EDGE('',*,*,#1626,.F.);
#2146=ORIENTED_EDGE('',*,*,#1627,.F.);
#2147=ORIENTED_EDGE('',*,*,#1625,.T.);
#2148=ORIENTED_EDGE('',*,*,#1628,.T.);
#2149=ORIENTED_EDGE('',*,*,#1629,.F.);
#2150=ORIENTED_EDGE('',*,*,#1630,.F.);
#2151=ORIENTED_EDGE('',*,*,#1624,.F.);
#2152=ORIENTED_EDGE('',*,*,#1620,.F.);
#2153=ORIENTED_EDGE('',*,*,#1631,.F.);
#2154=ORIENTED_EDGE('',*,*,#1632,.T.);
#2155=ORIENTED_EDGE('',*,*,#1628,.F.);
#2156=ORIENTED_EDGE('',*,*,#1632,.F.);
#2157=ORIENTED_EDGE('',*,*,#1633,.F.);
#2158=ORIENTED_EDGE('',*,*,#1634,.T.);
#2159=ORIENTED_EDGE('',*,*,#1635,.F.);
#2160=ORIENTED_EDGE('',*,*,#1636,.F.);
#2161=ORIENTED_EDGE('',*,*,#1629,.T.);
#2162=ORIENTED_EDGE('',*,*,#1634,.F.);
#2163=ORIENTED_EDGE('',*,*,#1626,.T.);
#2164=ORIENTED_EDGE('',*,*,#1627,.T.);
#2165=ORIENTED_EDGE('',*,*,#1637,.F.);
#2166=ORIENTED_EDGE('',*,*,#1638,.F.);
#2167=ORIENTED_EDGE('',*,*,#1622,.T.);
#2168=ORIENTED_EDGE('',*,*,#1623,.T.);
#2169=ORIENTED_EDGE('',*,*,#1638,.T.);
#2170=ORIENTED_EDGE('',*,*,#1639,.T.);
#2171=ORIENTED_EDGE('',*,*,#1640,.T.);
#2172=ORIENTED_EDGE('',*,*,#1639,.F.);
#2173=ORIENTED_EDGE('',*,*,#1637,.T.);
#2174=ORIENTED_EDGE('',*,*,#1630,.T.);
#2175=ORIENTED_EDGE('',*,*,#1636,.T.);
#2176=ORIENTED_EDGE('',*,*,#1641,.T.);
#2177=ORIENTED_EDGE('',*,*,#1642,.T.);
#2178=ORIENTED_EDGE('',*,*,#1643,.T.);
#2179=ORIENTED_EDGE('',*,*,#1644,.T.);
#2180=ORIENTED_EDGE('',*,*,#1645,.T.);
#2181=ORIENTED_EDGE('',*,*,#1646,.T.);
#2182=ORIENTED_EDGE('',*,*,#1647,.T.);
#2183=ORIENTED_EDGE('',*,*,#1648,.F.);
#2184=ORIENTED_EDGE('',*,*,#1649,.T.);
#2185=ORIENTED_EDGE('',*,*,#1650,.F.);
#2186=ORIENTED_EDGE('',*,*,#1642,.F.);
#2187=ORIENTED_EDGE('',*,*,#1643,.F.);
#2188=ORIENTED_EDGE('',*,*,#1650,.T.);
#2189=ORIENTED_EDGE('',*,*,#1651,.T.);
#2190=ORIENTED_EDGE('',*,*,#1652,.F.);
#2191=ORIENTED_EDGE('',*,*,#1653,.F.);
#2192=ORIENTED_EDGE('',*,*,#1654,.F.);
#2193=ORIENTED_EDGE('',*,*,#1652,.T.);
#2194=ORIENTED_EDGE('',*,*,#1655,.T.);
#2195=ORIENTED_EDGE('',*,*,#1656,.F.);
#2196=ORIENTED_EDGE('',*,*,#1645,.F.);
#2197=ORIENTED_EDGE('',*,*,#1651,.F.);
#2198=ORIENTED_EDGE('',*,*,#1649,.F.);
#2199=ORIENTED_EDGE('',*,*,#1657,.F.);
#2200=ORIENTED_EDGE('',*,*,#1658,.T.);
#2201=ORIENTED_EDGE('',*,*,#1655,.F.);
#2202=ORIENTED_EDGE('',*,*,#1658,.F.);
#2203=ORIENTED_EDGE('',*,*,#1659,.F.);
#2204=ORIENTED_EDGE('',*,*,#1660,.T.);
#2205=ORIENTED_EDGE('',*,*,#1661,.F.);
#2206=ORIENTED_EDGE('',*,*,#1646,.F.);
#2207=ORIENTED_EDGE('',*,*,#1656,.T.);
#2208=ORIENTED_EDGE('',*,*,#1660,.F.);
#2209=ORIENTED_EDGE('',*,*,#1653,.T.);
#2210=ORIENTED_EDGE('',*,*,#1654,.T.);
#2211=ORIENTED_EDGE('',*,*,#1644,.F.);
#2212=ORIENTED_EDGE('',*,*,#1662,.F.);
#2213=ORIENTED_EDGE('',*,*,#1663,.T.);
#2214=ORIENTED_EDGE('',*,*,#1664,.T.);
#2215=ORIENTED_EDGE('',*,*,#1665,.T.);
#2216=ORIENTED_EDGE('',*,*,#1666,.T.);
#2217=ORIENTED_EDGE('',*,*,#1667,.T.);
#2218=ORIENTED_EDGE('',*,*,#1668,.F.);
#2219=ORIENTED_EDGE('',*,*,#1669,.T.);
#2220=ORIENTED_EDGE('',*,*,#1670,.F.);
#2221=ORIENTED_EDGE('',*,*,#1671,.T.);
#2222=ORIENTED_EDGE('',*,*,#1663,.F.);
#2223=ORIENTED_EDGE('',*,*,#1671,.F.);
#2224=ORIENTED_EDGE('',*,*,#1672,.F.);
#2225=ORIENTED_EDGE('',*,*,#1673,.T.);
#2226=ORIENTED_EDGE('',*,*,#1664,.F.);
#2227=ORIENTED_EDGE('',*,*,#1673,.F.);
#2228=ORIENTED_EDGE('',*,*,#1674,.F.);
#2229=ORIENTED_EDGE('',*,*,#1675,.T.);
#2230=ORIENTED_EDGE('',*,*,#1665,.F.);
#2231=ORIENTED_EDGE('',*,*,#1676,.F.);
#2232=ORIENTED_EDGE('',*,*,#1677,.T.);
#2233=ORIENTED_EDGE('',*,*,#1674,.T.);
#2234=ORIENTED_EDGE('',*,*,#1672,.T.);
#2235=ORIENTED_EDGE('',*,*,#1670,.T.);
#2236=ORIENTED_EDGE('',*,*,#1667,.F.);
#2237=ORIENTED_EDGE('',*,*,#1662,.T.);
#2238=ORIENTED_EDGE('',*,*,#1678,.T.);
#2239=ORIENTED_EDGE('',*,*,#1679,.T.);
#2240=ORIENTED_EDGE('',*,*,#1680,.F.);
#2241=ORIENTED_EDGE('',*,*,#1681,.F.);
#2242=ORIENTED_EDGE('',*,*,#1675,.F.);
#2243=ORIENTED_EDGE('',*,*,#1677,.F.);
#2244=ORIENTED_EDGE('',*,*,#1682,.F.);
#2245=ORIENTED_EDGE('',*,*,#1683,.F.);
#2246=ORIENTED_EDGE('',*,*,#1684,.F.);
#2247=ORIENTED_EDGE('',*,*,#1685,.F.);
#2248=ORIENTED_EDGE('',*,*,#1686,.F.);
#2249=ORIENTED_EDGE('',*,*,#1687,.F.);
#2250=ORIENTED_EDGE('',*,*,#1678,.F.);
#2251=ORIENTED_EDGE('',*,*,#1666,.F.);
#2252=ORIENTED_EDGE('',*,*,#1688,.T.);
#2253=ORIENTED_EDGE('',*,*,#1689,.T.);
#2254=ORIENTED_EDGE('',*,*,#1690,.T.);
#2255=ORIENTED_EDGE('',*,*,#1691,.T.);
#2256=ORIENTED_EDGE('',*,*,#1692,.T.);
#2257=ORIENTED_EDGE('',*,*,#1693,.F.);
#2258=ORIENTED_EDGE('',*,*,#1694,.T.);
#2259=ORIENTED_EDGE('',*,*,#1695,.F.);
#2260=ORIENTED_EDGE('',*,*,#1696,.F.);
#2261=ORIENTED_EDGE('',*,*,#1697,.F.);
#2262=ORIENTED_EDGE('',*,*,#1698,.F.);
#2263=ORIENTED_EDGE('',*,*,#1699,.F.);
#2264=ORIENTED_EDGE('',*,*,#1700,.F.);
#2265=ORIENTED_EDGE('',*,*,#1701,.F.);
#2266=ORIENTED_EDGE('',*,*,#1702,.T.);
#2267=ORIENTED_EDGE('',*,*,#1696,.T.);
#2268=ORIENTED_EDGE('',*,*,#1703,.T.);
#2269=ORIENTED_EDGE('',*,*,#1704,.T.);
#2270=ORIENTED_EDGE('',*,*,#1695,.T.);
#2271=ORIENTED_EDGE('',*,*,#1705,.F.);
#2272=ORIENTED_EDGE('',*,*,#1693,.T.);
#2273=ORIENTED_EDGE('',*,*,#1706,.F.);
#2274=ORIENTED_EDGE('',*,*,#1701,.T.);
#2275=ORIENTED_EDGE('',*,*,#1707,.F.);
#2276=ORIENTED_EDGE('',*,*,#1708,.F.);
#2277=ORIENTED_EDGE('',*,*,#1703,.F.);
#2278=ORIENTED_EDGE('',*,*,#1708,.T.);
#2279=ORIENTED_EDGE('',*,*,#1709,.F.);
#2280=ORIENTED_EDGE('',*,*,#1710,.F.);
#2281=ORIENTED_EDGE('',*,*,#1704,.F.);
#2282=ORIENTED_EDGE('',*,*,#1710,.T.);
#2283=ORIENTED_EDGE('',*,*,#1711,.F.);
#2284=ORIENTED_EDGE('',*,*,#1699,.T.);
#2285=ORIENTED_EDGE('',*,*,#1685,.T.);
#2286=ORIENTED_EDGE('',*,*,#1697,.T.);
#2287=ORIENTED_EDGE('',*,*,#1702,.F.);
#2288=ORIENTED_EDGE('',*,*,#1711,.T.);
#2289=ORIENTED_EDGE('',*,*,#1709,.T.);
#2290=ORIENTED_EDGE('',*,*,#1707,.T.);
#2291=ORIENTED_EDGE('',*,*,#1700,.T.);
#2292=ORIENTED_EDGE('',*,*,#1705,.T.);
#2293=ORIENTED_EDGE('',*,*,#1712,.T.);
#2294=ORIENTED_EDGE('',*,*,#1713,.F.);
#2295=ORIENTED_EDGE('',*,*,#1714,.T.);
#2296=ORIENTED_EDGE('',*,*,#1706,.T.);
#2297=ORIENTED_EDGE('',*,*,#1715,.T.);
#2298=ORIENTED_EDGE('',*,*,#1716,.F.);
#2299=ORIENTED_EDGE('',*,*,#1717,.F.);
#2300=ORIENTED_EDGE('',*,*,#1718,.F.);
#2301=ORIENTED_EDGE('',*,*,#1719,.F.);
#2302=ORIENTED_EDGE('',*,*,#1720,.F.);
#2303=ORIENTED_EDGE('',*,*,#1721,.F.);
#2304=ORIENTED_EDGE('',*,*,#1722,.F.);
#2305=ORIENTED_EDGE('',*,*,#1723,.F.);
#2306=ORIENTED_EDGE('',*,*,#1724,.F.);
#2307=ORIENTED_EDGE('',*,*,#1725,.F.);
#2308=ORIENTED_EDGE('',*,*,#1726,.F.);
#2309=ORIENTED_EDGE('',*,*,#1727,.F.);
#2310=ORIENTED_EDGE('',*,*,#1728,.T.);
#2311=ORIENTED_EDGE('',*,*,#1729,.F.);
#2312=ORIENTED_EDGE('',*,*,#1730,.T.);
#2313=ORIENTED_EDGE('',*,*,#1727,.T.);
#2314=ORIENTED_EDGE('',*,*,#1731,.F.);
#2315=ORIENTED_EDGE('',*,*,#1719,.T.);
#2316=ORIENTED_EDGE('',*,*,#1731,.T.);
#2317=ORIENTED_EDGE('',*,*,#1726,.T.);
#2318=ORIENTED_EDGE('',*,*,#1732,.F.);
#2319=ORIENTED_EDGE('',*,*,#1720,.T.);
#2320=ORIENTED_EDGE('',*,*,#1732,.T.);
#2321=ORIENTED_EDGE('',*,*,#1725,.T.);
#2322=ORIENTED_EDGE('',*,*,#1733,.T.);
#2323=ORIENTED_EDGE('',*,*,#1721,.T.);
#2324=ORIENTED_EDGE('',*,*,#1728,.F.);
#2325=ORIENTED_EDGE('',*,*,#1718,.T.);
#2326=ORIENTED_EDGE('',*,*,#1734,.T.);
#2327=ORIENTED_EDGE('',*,*,#1735,.T.);
#2328=ORIENTED_EDGE('',*,*,#1736,.F.);
#2329=ORIENTED_EDGE('',*,*,#1737,.F.);
#2330=ORIENTED_EDGE('',*,*,#1733,.F.);
#2331=ORIENTED_EDGE('',*,*,#1724,.T.);
#2332=ORIENTED_EDGE('',*,*,#1738,.F.);
#2333=ORIENTED_EDGE('',*,*,#1739,.F.);
#2334=ORIENTED_EDGE('',*,*,#1740,.F.);
#2335=ORIENTED_EDGE('',*,*,#1741,.F.);
#2336=ORIENTED_EDGE('',*,*,#1742,.F.);
#2337=ORIENTED_EDGE('',*,*,#1743,.F.);
#2338=ORIENTED_EDGE('',*,*,#1734,.F.);
#2339=ORIENTED_EDGE('',*,*,#1722,.T.);
#2340=ORIENTED_EDGE('',*,*,#1744,.T.);
#2341=ORIENTED_EDGE('',*,*,#1745,.T.);
#2342=ORIENTED_EDGE('',*,*,#1746,.T.);
#2343=ORIENTED_EDGE('',*,*,#1747,.T.);
#2344=ORIENTED_EDGE('',*,*,#1748,.T.);
#2345=ORIENTED_EDGE('',*,*,#1749,.T.);
#2346=ORIENTED_EDGE('',*,*,#1750,.T.);
#2347=ORIENTED_EDGE('',*,*,#1751,.T.);
#2348=ORIENTED_EDGE('',*,*,#1752,.T.);
#2349=ORIENTED_EDGE('',*,*,#1753,.T.);
#2350=ORIENTED_EDGE('',*,*,#1754,.F.);
#2351=ORIENTED_EDGE('',*,*,#1755,.T.);
#2352=ORIENTED_EDGE('',*,*,#1756,.T.);
#2353=ORIENTED_EDGE('',*,*,#1757,.T.);
#2354=ORIENTED_EDGE('',*,*,#1758,.F.);
#2355=ORIENTED_EDGE('',*,*,#1759,.F.);
#2356=ORIENTED_EDGE('',*,*,#1760,.F.);
#2357=ORIENTED_EDGE('',*,*,#1756,.F.);
#2358=ORIENTED_EDGE('',*,*,#1757,.F.);
#2359=ORIENTED_EDGE('',*,*,#1760,.T.);
#2360=ORIENTED_EDGE('',*,*,#1761,.T.);
#2361=ORIENTED_EDGE('',*,*,#1762,.T.);
#2362=ORIENTED_EDGE('',*,*,#1751,.F.);
#2363=ORIENTED_EDGE('',*,*,#1763,.F.);
#2364=ORIENTED_EDGE('',*,*,#1749,.F.);
#2365=ORIENTED_EDGE('',*,*,#1764,.F.);
#2366=ORIENTED_EDGE('',*,*,#1761,.F.);
#2367=ORIENTED_EDGE('',*,*,#1759,.T.);
#2368=ORIENTED_EDGE('',*,*,#1765,.T.);
#2369=ORIENTED_EDGE('',*,*,#1766,.T.);
#2370=ORIENTED_EDGE('',*,*,#1765,.F.);
#2371=ORIENTED_EDGE('',*,*,#1758,.T.);
#2372=ORIENTED_EDGE('',*,*,#1755,.F.);
#2373=ORIENTED_EDGE('',*,*,#1741,.T.);
#2374=ORIENTED_EDGE('',*,*,#1753,.F.);
#2375=ORIENTED_EDGE('',*,*,#1767,.T.);
#2376=ORIENTED_EDGE('',*,*,#1767,.F.);
#2377=ORIENTED_EDGE('',*,*,#1752,.F.);
#2378=ORIENTED_EDGE('',*,*,#1762,.F.);
#2379=ORIENTED_EDGE('',*,*,#1766,.F.);
#2380=ORIENTED_EDGE('',*,*,#1763,.T.);
#2381=ORIENTED_EDGE('',*,*,#1768,.T.);
#2382=ORIENTED_EDGE('',*,*,#1769,.F.);
#2383=ORIENTED_EDGE('',*,*,#1770,.T.);
#2384=ORIENTED_EDGE('',*,*,#1764,.T.);
#2385=ORIENTED_EDGE('',*,*,#1771,.T.);
#2386=ORIENTED_EDGE('',*,*,#1772,.F.);
#2387=ORIENTED_EDGE('',*,*,#1773,.F.);
#2388=ORIENTED_EDGE('',*,*,#1482,.F.);
#2389=ORIENTED_EDGE('',*,*,#1774,.T.);
#2390=ORIENTED_EDGE('',*,*,#1747,.F.);
#2391=ORIENTED_EDGE('',*,*,#1775,.F.);
#2392=ORIENTED_EDGE('',*,*,#1483,.F.);
#2393=ORIENTED_EDGE('',*,*,#1775,.T.);
#2394=ORIENTED_EDGE('',*,*,#1746,.F.);
#2395=ORIENTED_EDGE('',*,*,#1776,.F.);
#2396=ORIENTED_EDGE('',*,*,#1484,.F.);
#2397=ORIENTED_EDGE('',*,*,#1776,.T.);
#2398=ORIENTED_EDGE('',*,*,#1745,.F.);
#2399=ORIENTED_EDGE('',*,*,#1777,.F.);
#2400=ORIENTED_EDGE('',*,*,#1481,.F.);
#2401=ORIENTED_EDGE('',*,*,#1777,.T.);
#2402=ORIENTED_EDGE('',*,*,#1744,.F.);
#2403=ORIENTED_EDGE('',*,*,#1774,.F.);
#2404=ORIENTED_EDGE('',*,*,#1743,.T.);
#2405=ORIENTED_EDGE('',*,*,#1778,.T.);
#2406=ORIENTED_EDGE('',*,*,#1779,.F.);
#2407=ORIENTED_EDGE('',*,*,#1735,.F.);
#2408=ORIENTED_EDGE('',*,*,#1473,.T.);
#2409=ORIENTED_EDGE('',*,*,#1780,.F.);
#2410=ORIENTED_EDGE('',*,*,#1781,.F.);
#2411=ORIENTED_EDGE('',*,*,#1552,.T.);
#2412=ORIENTED_EDGE('',*,*,#1542,.T.);
#2413=ORIENTED_EDGE('',*,*,#1729,.T.);
#2414=ORIENTED_EDGE('',*,*,#1737,.T.);
#2415=ORIENTED_EDGE('',*,*,#1782,.F.);
#2416=ORIENTED_EDGE('',*,*,#1783,.F.);
#2417=ORIENTED_EDGE('',*,*,#1784,.F.);
#2418=ORIENTED_EDGE('',*,*,#1785,.F.);
#2419=ORIENTED_EDGE('',*,*,#1472,.T.);
#2420=ORIENTED_EDGE('',*,*,#1786,.F.);
#2421=ORIENTED_EDGE('',*,*,#1787,.F.);
#2422=ORIENTED_EDGE('',*,*,#1780,.T.);
#2423=ORIENTED_EDGE('',*,*,#1742,.T.);
#2424=ORIENTED_EDGE('',*,*,#1754,.T.);
#2425=ORIENTED_EDGE('',*,*,#1773,.T.);
#2426=ORIENTED_EDGE('',*,*,#1788,.F.);
#2427=ORIENTED_EDGE('',*,*,#1778,.F.);
#2428=ORIENTED_EDGE('',*,*,#1730,.F.);
#2429=ORIENTED_EDGE('',*,*,#1785,.T.);
#2430=ORIENTED_EDGE('',*,*,#1789,.F.);
#2431=ORIENTED_EDGE('',*,*,#1790,.F.);
#2432=ORIENTED_EDGE('',*,*,#1738,.T.);
#2433=ORIENTED_EDGE('',*,*,#1723,.T.);
#2434=ORIENTED_EDGE('',*,*,#1740,.T.);
#2435=ORIENTED_EDGE('',*,*,#1791,.T.);
#2436=ORIENTED_EDGE('',*,*,#1792,.F.);
#2437=ORIENTED_EDGE('',*,*,#1768,.F.);
#2438=ORIENTED_EDGE('',*,*,#1750,.F.);
#2439=ORIENTED_EDGE('',*,*,#1739,.T.);
#2440=ORIENTED_EDGE('',*,*,#1790,.T.);
#2441=ORIENTED_EDGE('',*,*,#1793,.F.);
#2442=ORIENTED_EDGE('',*,*,#1791,.F.);
#2443=ORIENTED_EDGE('',*,*,#1510,.F.);
#2444=ORIENTED_EDGE('',*,*,#1794,.T.);
#2445=ORIENTED_EDGE('',*,*,#1691,.F.);
#2446=ORIENTED_EDGE('',*,*,#1795,.F.);
#2447=ORIENTED_EDGE('',*,*,#1511,.F.);
#2448=ORIENTED_EDGE('',*,*,#1795,.T.);
#2449=ORIENTED_EDGE('',*,*,#1690,.F.);
#2450=ORIENTED_EDGE('',*,*,#1796,.F.);
#2451=ORIENTED_EDGE('',*,*,#1512,.F.);
#2452=ORIENTED_EDGE('',*,*,#1796,.T.);
#2453=ORIENTED_EDGE('',*,*,#1689,.F.);
#2454=ORIENTED_EDGE('',*,*,#1797,.F.);
#2455=ORIENTED_EDGE('',*,*,#1509,.F.);
#2456=ORIENTED_EDGE('',*,*,#1797,.T.);
#2457=ORIENTED_EDGE('',*,*,#1688,.F.);
#2458=ORIENTED_EDGE('',*,*,#1794,.F.);
#2459=ORIENTED_EDGE('',*,*,#1668,.T.);
#2460=ORIENTED_EDGE('',*,*,#1681,.T.);
#2461=ORIENTED_EDGE('',*,*,#1798,.F.);
#2462=ORIENTED_EDGE('',*,*,#1799,.F.);
#2463=ORIENTED_EDGE('',*,*,#1800,.F.);
#2464=ORIENTED_EDGE('',*,*,#1801,.F.);
#2465=ORIENTED_EDGE('',*,*,#1669,.F.);
#2466=ORIENTED_EDGE('',*,*,#1801,.T.);
#2467=ORIENTED_EDGE('',*,*,#1802,.F.);
#2468=ORIENTED_EDGE('',*,*,#1803,.F.);
#2469=ORIENTED_EDGE('',*,*,#1682,.T.);
#2470=ORIENTED_EDGE('',*,*,#1676,.T.);
#2471=ORIENTED_EDGE('',*,*,#1499,.T.);
#2472=ORIENTED_EDGE('',*,*,#1531,.F.);
#2473=ORIENTED_EDGE('',*,*,#1560,.F.);
#2474=ORIENTED_EDGE('',*,*,#1804,.F.);
#2475=ORIENTED_EDGE('',*,*,#1805,.T.);
#2476=ORIENTED_EDGE('',*,*,#1683,.T.);
#2477=ORIENTED_EDGE('',*,*,#1803,.T.);
#2478=ORIENTED_EDGE('',*,*,#1806,.F.);
#2479=ORIENTED_EDGE('',*,*,#1807,.F.);
#2480=ORIENTED_EDGE('',*,*,#1687,.T.);
#2481=ORIENTED_EDGE('',*,*,#1808,.T.);
#2482=ORIENTED_EDGE('',*,*,#1809,.F.);
#2483=ORIENTED_EDGE('',*,*,#1679,.F.);
#2484=ORIENTED_EDGE('',*,*,#1684,.T.);
#2485=ORIENTED_EDGE('',*,*,#1807,.T.);
#2486=ORIENTED_EDGE('',*,*,#1810,.F.);
#2487=ORIENTED_EDGE('',*,*,#1712,.F.);
#2488=ORIENTED_EDGE('',*,*,#1694,.F.);
#2489=ORIENTED_EDGE('',*,*,#1686,.T.);
#2490=ORIENTED_EDGE('',*,*,#1698,.T.);
#2491=ORIENTED_EDGE('',*,*,#1717,.T.);
#2492=ORIENTED_EDGE('',*,*,#1811,.F.);
#2493=ORIENTED_EDGE('',*,*,#1808,.F.);
#2494=ORIENTED_EDGE('',*,*,#1505,.T.);
#2495=ORIENTED_EDGE('',*,*,#1533,.F.);
#2496=ORIENTED_EDGE('',*,*,#1563,.F.);
#2497=ORIENTED_EDGE('',*,*,#1812,.F.);
#2498=ORIENTED_EDGE('',*,*,#1813,.T.);
#2499=ORIENTED_EDGE('',*,*,#1506,.T.);
#2500=ORIENTED_EDGE('',*,*,#1813,.F.);
#2501=ORIENTED_EDGE('',*,*,#1814,.F.);
#2502=ORIENTED_EDGE('',*,*,#1815,.T.);
#2503=ORIENTED_EDGE('',*,*,#1461,.F.);
#2504=ORIENTED_EDGE('',*,*,#1455,.F.);
#2505=ORIENTED_EDGE('',*,*,#1770,.F.);
#2506=ORIENTED_EDGE('',*,*,#1816,.T.);
#2507=ORIENTED_EDGE('',*,*,#1817,.T.);
#2508=ORIENTED_EDGE('',*,*,#1818,.T.);
#2509=ORIENTED_EDGE('',*,*,#1817,.F.);
#2510=ORIENTED_EDGE('',*,*,#1819,.T.);
#2511=ORIENTED_EDGE('',*,*,#1783,.T.);
#2512=ORIENTED_EDGE('',*,*,#1820,.T.);
#2513=ORIENTED_EDGE('',*,*,#1771,.F.);
#2514=ORIENTED_EDGE('',*,*,#1748,.F.);
#2515=ORIENTED_EDGE('',*,*,#1820,.F.);
#2516=ORIENTED_EDGE('',*,*,#1782,.T.);
#2517=ORIENTED_EDGE('',*,*,#1736,.T.);
#2518=ORIENTED_EDGE('',*,*,#1779,.T.);
#2519=ORIENTED_EDGE('',*,*,#1788,.T.);
#2520=ORIENTED_EDGE('',*,*,#1772,.T.);
#2521=ORIENTED_EDGE('',*,*,#1816,.F.);
#2522=ORIENTED_EDGE('',*,*,#1769,.T.);
#2523=ORIENTED_EDGE('',*,*,#1792,.T.);
#2524=ORIENTED_EDGE('',*,*,#1793,.T.);
#2525=ORIENTED_EDGE('',*,*,#1789,.T.);
#2526=ORIENTED_EDGE('',*,*,#1784,.T.);
#2527=ORIENTED_EDGE('',*,*,#1819,.F.);
#2528=ORIENTED_EDGE('',*,*,#1818,.F.);
#2529=ORIENTED_EDGE('',*,*,#1821,.T.);
#2530=ORIENTED_EDGE('',*,*,#1456,.T.);
#2531=ORIENTED_EDGE('',*,*,#1821,.F.);
#2532=ORIENTED_EDGE('',*,*,#1799,.T.);
#2533=ORIENTED_EDGE('',*,*,#1822,.T.);
#2534=ORIENTED_EDGE('',*,*,#1823,.T.);
#2535=ORIENTED_EDGE('',*,*,#1824,.T.);
#2536=ORIENTED_EDGE('',*,*,#1823,.F.);
#2537=ORIENTED_EDGE('',*,*,#1825,.T.);
#2538=ORIENTED_EDGE('',*,*,#1715,.F.);
#2539=ORIENTED_EDGE('',*,*,#1692,.F.);
#2540=ORIENTED_EDGE('',*,*,#1714,.F.);
#2541=ORIENTED_EDGE('',*,*,#1826,.T.);
#2542=ORIENTED_EDGE('',*,*,#1826,.F.);
#2543=ORIENTED_EDGE('',*,*,#1713,.T.);
#2544=ORIENTED_EDGE('',*,*,#1810,.T.);
#2545=ORIENTED_EDGE('',*,*,#1806,.T.);
#2546=ORIENTED_EDGE('',*,*,#1802,.T.);
#2547=ORIENTED_EDGE('',*,*,#1800,.T.);
#2548=ORIENTED_EDGE('',*,*,#1822,.F.);
#2549=ORIENTED_EDGE('',*,*,#1798,.T.);
#2550=ORIENTED_EDGE('',*,*,#1680,.T.);
#2551=ORIENTED_EDGE('',*,*,#1809,.T.);
#2552=ORIENTED_EDGE('',*,*,#1811,.T.);
#2553=ORIENTED_EDGE('',*,*,#1716,.T.);
#2554=ORIENTED_EDGE('',*,*,#1825,.F.);
#2555=ORIENTED_EDGE('',*,*,#1500,.T.);
#2556=ORIENTED_EDGE('',*,*,#1805,.F.);
#2557=ORIENTED_EDGE('',*,*,#1827,.F.);
#2558=ORIENTED_EDGE('',*,*,#1828,.T.);
#2559=ORIENTED_EDGE('',*,*,#1824,.F.);
#2560=ORIENTED_EDGE('',*,*,#1829,.T.);
#2561=ORIENTED_EDGE('',*,*,#1462,.T.);
#2562=ORIENTED_EDGE('',*,*,#1829,.F.);
#2563=ORIENTED_EDGE('',*,*,#1507,.T.);
#2564=ORIENTED_EDGE('',*,*,#1815,.F.);
#2565=ORIENTED_EDGE('',*,*,#1830,.F.);
#2566=ORIENTED_EDGE('',*,*,#1558,.T.);
#2567=ORIENTED_EDGE('',*,*,#1530,.T.);
#2568=ORIENTED_EDGE('',*,*,#1501,.T.);
#2569=ORIENTED_EDGE('',*,*,#1828,.F.);
#2570=ORIENTED_EDGE('',*,*,#1831,.F.);
#2571=ORIENTED_EDGE('',*,*,#1561,.T.);
#2572=ORIENTED_EDGE('',*,*,#1557,.T.);
#2573=ORIENTED_EDGE('',*,*,#1551,.T.);
#2574=ORIENTED_EDGE('',*,*,#1832,.F.);
#2575=ORIENTED_EDGE('',*,*,#1833,.F.);
#2576=ORIENTED_EDGE('',*,*,#1834,.T.);
#2577=ORIENTED_EDGE('',*,*,#1471,.T.);
#2578=ORIENTED_EDGE('',*,*,#1545,.F.);
#2579=ORIENTED_EDGE('',*,*,#1834,.F.);
#2580=ORIENTED_EDGE('',*,*,#1835,.F.);
#2581=ORIENTED_EDGE('',*,*,#1786,.T.);
#2582=ORIENTED_EDGE('',*,*,#1477,.T.);
#2583=ORIENTED_EDGE('',*,*,#1547,.F.);
#2584=ORIENTED_EDGE('',*,*,#1554,.F.);
#2585=ORIENTED_EDGE('',*,*,#1836,.F.);
#2586=ORIENTED_EDGE('',*,*,#1837,.T.);
#2587=ORIENTED_EDGE('',*,*,#1478,.T.);
#2588=ORIENTED_EDGE('',*,*,#1837,.F.);
#2589=ORIENTED_EDGE('',*,*,#1838,.F.);
#2590=ORIENTED_EDGE('',*,*,#1839,.T.);
#2591=ORIENTED_EDGE('',*,*,#1479,.T.);
#2592=ORIENTED_EDGE('',*,*,#1839,.F.);
#2593=ORIENTED_EDGE('',*,*,#1840,.F.);
#2594=ORIENTED_EDGE('',*,*,#1832,.T.);
#2595=ORIENTED_EDGE('',*,*,#1548,.T.);
#2596=ORIENTED_EDGE('',*,*,#1841,.T.);
#2597=ORIENTED_EDGE('',*,*,#1842,.T.);
#2598=ORIENTED_EDGE('',*,*,#1843,.T.);
#2599=ORIENTED_EDGE('',*,*,#1842,.F.);
#2600=ORIENTED_EDGE('',*,*,#1843,.F.);
#2601=ORIENTED_EDGE('',*,*,#1844,.F.);
#2602=ORIENTED_EDGE('',*,*,#1841,.F.);
#2603=ORIENTED_EDGE('',*,*,#1845,.T.);
#2604=ORIENTED_EDGE('',*,*,#1640,.F.);
#2605=ORIENTED_EDGE('',*,*,#1845,.F.);
#2606=ORIENTED_EDGE('',*,*,#1846,.T.);
#2607=ORIENTED_EDGE('',*,*,#1847,.T.);
#2608=ORIENTED_EDGE('',*,*,#1848,.T.);
#2609=ORIENTED_EDGE('',*,*,#1847,.F.);
#2610=ORIENTED_EDGE('',*,*,#1848,.F.);
#2611=ORIENTED_EDGE('',*,*,#1849,.T.);
#2612=ORIENTED_EDGE('',*,*,#1844,.T.);
#2613=ORIENTED_EDGE('',*,*,#1849,.F.);
#2614=ORIENTED_EDGE('',*,*,#1846,.F.);
#2615=ORIENTED_EDGE('',*,*,#1850,.T.);
#2616=ORIENTED_EDGE('',*,*,#1619,.T.);
#2617=ORIENTED_EDGE('',*,*,#1647,.F.);
#2618=ORIENTED_EDGE('',*,*,#1661,.T.);
#2619=ORIENTED_EDGE('',*,*,#1659,.T.);
#2620=ORIENTED_EDGE('',*,*,#1657,.T.);
#2621=ORIENTED_EDGE('',*,*,#1648,.T.);
#2622=ORIENTED_EDGE('',*,*,#1641,.F.);
#2623=ORIENTED_EDGE('',*,*,#1635,.T.);
#2624=ORIENTED_EDGE('',*,*,#1633,.T.);
#2625=ORIENTED_EDGE('',*,*,#1631,.T.);
#2626=ORIENTED_EDGE('',*,*,#1814,.T.);
#2627=ORIENTED_EDGE('',*,*,#1812,.T.);
#2628=ORIENTED_EDGE('',*,*,#1562,.T.);
#2629=ORIENTED_EDGE('',*,*,#1831,.T.);
#2630=ORIENTED_EDGE('',*,*,#1827,.T.);
#2631=ORIENTED_EDGE('',*,*,#1804,.T.);
#2632=ORIENTED_EDGE('',*,*,#1559,.T.);
#2633=ORIENTED_EDGE('',*,*,#1830,.T.);
#2634=ORIENTED_EDGE('',*,*,#1833,.T.);
#2635=ORIENTED_EDGE('',*,*,#1840,.T.);
#2636=ORIENTED_EDGE('',*,*,#1838,.T.);
#2637=ORIENTED_EDGE('',*,*,#1836,.T.);
#2638=ORIENTED_EDGE('',*,*,#1553,.T.);
#2639=ORIENTED_EDGE('',*,*,#1781,.T.);
#2640=ORIENTED_EDGE('',*,*,#1787,.T.);
#2641=ORIENTED_EDGE('',*,*,#1835,.T.);
#2642=ORIENTED_EDGE('',*,*,#1851,.T.);
#2643=ORIENTED_EDGE('',*,*,#1852,.F.);
#2644=ORIENTED_EDGE('',*,*,#1853,.T.);
#2645=ORIENTED_EDGE('',*,*,#1618,.T.);
#2646=ORIENTED_EDGE('',*,*,#1853,.F.);
#2647=ORIENTED_EDGE('',*,*,#1854,.F.);
#2648=ORIENTED_EDGE('',*,*,#1855,.T.);
#2649=ORIENTED_EDGE('',*,*,#1575,.T.);
#2650=ORIENTED_EDGE('',*,*,#1855,.F.);
#2651=ORIENTED_EDGE('',*,*,#1856,.F.);
#2652=ORIENTED_EDGE('',*,*,#1857,.T.);
#2653=ORIENTED_EDGE('',*,*,#1600,.T.);
#2654=ORIENTED_EDGE('',*,*,#1857,.F.);
#2655=ORIENTED_EDGE('',*,*,#1858,.F.);
#2656=ORIENTED_EDGE('',*,*,#1859,.T.);
#2657=ORIENTED_EDGE('',*,*,#1609,.T.);
#2658=ORIENTED_EDGE('',*,*,#1859,.F.);
#2659=ORIENTED_EDGE('',*,*,#1860,.F.);
#2660=ORIENTED_EDGE('',*,*,#1861,.T.);
#2661=ORIENTED_EDGE('',*,*,#1850,.F.);
#2662=ORIENTED_EDGE('',*,*,#1861,.F.);
#2663=ORIENTED_EDGE('',*,*,#1580,.F.);
#2664=ORIENTED_EDGE('',*,*,#1616,.T.);
#2665=ORIENTED_EDGE('',*,*,#1613,.T.);
#2666=ORIENTED_EDGE('',*,*,#1610,.T.);
#2667=ORIENTED_EDGE('',*,*,#1576,.F.);
#2668=ORIENTED_EDGE('',*,*,#1571,.T.);
#2669=ORIENTED_EDGE('',*,*,#1568,.T.);
#2670=ORIENTED_EDGE('',*,*,#1564,.T.);
#2671=ORIENTED_EDGE('',*,*,#1591,.F.);
#2672=ORIENTED_EDGE('',*,*,#1598,.T.);
#2673=ORIENTED_EDGE('',*,*,#1595,.T.);
#2674=ORIENTED_EDGE('',*,*,#1592,.T.);
#2675=ORIENTED_EDGE('',*,*,#1587,.F.);
#2676=ORIENTED_EDGE('',*,*,#1607,.T.);
#2677=ORIENTED_EDGE('',*,*,#1604,.T.);
#2678=ORIENTED_EDGE('',*,*,#1601,.T.);
#2679=ORIENTED_EDGE('',*,*,#1860,.T.);
#2680=ORIENTED_EDGE('',*,*,#1851,.F.);
#2681=ORIENTED_EDGE('',*,*,#1862,.T.);
#2682=ORIENTED_EDGE('',*,*,#1863,.F.);
#2683=ORIENTED_EDGE('',*,*,#1862,.F.);
#2684=ORIENTED_EDGE('',*,*,#1863,.T.);
#2685=ORIENTED_EDGE('',*,*,#1852,.T.);
#2686=ORIENTED_EDGE('',*,*,#1854,.T.);
#2687=ORIENTED_EDGE('',*,*,#1856,.T.);
#2688=ORIENTED_EDGE('',*,*,#1858,.T.);
#2689=ORIENTED_EDGE('',*,*,#1584,.F.);
#2690=CONICAL_SURFACE('',#2882,2.625,0.785398163397449);
#2691=CONICAL_SURFACE('',#2889,2.625,0.785398163397449);
#2692=CONICAL_SURFACE('',#3001,86.,0.78539816339745);
#2693=CONICAL_SURFACE('',#3014,62.7216122438333,0.785398163397455);
#2694=CONICAL_SURFACE('',#3019,62.7108061219167,0.785398163397395);
#2695=CONICAL_SURFACE('',#3041,83.0000000000003,0.785398163397438);
#2696=CONICAL_SURFACE('',#3047,83.0000000000003,0.785398163397476);
#2697=CONICAL_SURFACE('',#3055,62.7216122438333,0.785398163397455);
#2698=CONICAL_SURFACE('',#3060,62.7108061219167,0.785398163397395);
#2699=CONICAL_SURFACE('',#3081,83.0000000000003,0.785398163397438);
#2700=CONICAL_SURFACE('',#3087,83.0000000000003,0.785398163397476);
#2701=CONICAL_SURFACE('',#3135,8.00000000000001,0.785398163397448);
#2702=CONICAL_SURFACE('',#3143,8.,0.785398163397448);
#2703=CONICAL_SURFACE('',#3166,86.,0.78539816339745);
#2704=CONICAL_SURFACE('',#3172,42.5,0.785398163397448);
#2705=ADVANCED_FACE('',(#212),#2690,.F.);
#2706=ADVANCED_FACE('',(#213),#151,.F.);
#2707=ADVANCED_FACE('',(#214,#43),#64,.T.);
#2708=ADVANCED_FACE('',(#215),#2691,.F.);
#2709=ADVANCED_FACE('',(#216),#152,.F.);
#2710=ADVANCED_FACE('',(#217,#44),#65,.T.);
#2711=ADVANCED_FACE('',(#218),#66,.T.);
#2712=ADVANCED_FACE('',(#219),#153,.F.);
#2713=ADVANCED_FACE('',(#220,#45),#67,.T.);
#2714=ADVANCED_FACE('',(#221),#68,.T.);
#2715=ADVANCED_FACE('',(#222),#154,.F.);
#2716=ADVANCED_FACE('',(#223),#69,.T.);
#2717=ADVANCED_FACE('',(#224),#155,.F.);
#2718=ADVANCED_FACE('',(#225,#46),#70,.T.);
#2719=ADVANCED_FACE('',(#226),#71,.T.);
#2720=ADVANCED_FACE('',(#227),#156,.F.);
#2721=ADVANCED_FACE('',(#228),#157,.F.);
#2722=ADVANCED_FACE('',(#229),#158,.F.);
#2723=ADVANCED_FACE('',(#230),#72,.F.);
#2724=ADVANCED_FACE('',(#231),#73,.F.);
#2725=ADVANCED_FACE('',(#232),#74,.F.);
#2726=ADVANCED_FACE('',(#233),#75,.F.);
#2727=ADVANCED_FACE('',(#234),#76,.F.);
#2728=ADVANCED_FACE('',(#235),#77,.F.);
#2729=ADVANCED_FACE('',(#236),#159,.F.);
#2730=ADVANCED_FACE('',(#237),#78,.F.);
#2731=ADVANCED_FACE('',(#238),#160,.F.);
#2732=ADVANCED_FACE('',(#239),#79,.F.);
#2733=ADVANCED_FACE('',(#240),#80,.F.);
#2734=ADVANCED_FACE('',(#241),#81,.F.);
#2735=ADVANCED_FACE('',(#242),#82,.F.);
#2736=ADVANCED_FACE('',(#243),#83,.F.);
#2737=ADVANCED_FACE('',(#244),#84,.F.);
#2738=ADVANCED_FACE('',(#245),#85,.F.);
#2739=ADVANCED_FACE('',(#246),#86,.F.);
#2740=ADVANCED_FACE('',(#247),#87,.F.);
#2741=ADVANCED_FACE('',(#248),#88,.F.);
#2742=ADVANCED_FACE('',(#249),#89,.F.);
#2743=ADVANCED_FACE('',(#250),#90,.F.);
#2744=ADVANCED_FACE('',(#251),#91,.F.);
#2745=ADVANCED_FACE('',(#252),#92,.F.);
#2746=ADVANCED_FACE('',(#253),#93,.F.);
#2747=ADVANCED_FACE('',(#254,#47),#94,.F.);
#2748=ADVANCED_FACE('',(#255),#161,.F.);
#2749=ADVANCED_FACE('',(#256),#95,.F.);
#2750=ADVANCED_FACE('',(#257),#96,.F.);
#2751=ADVANCED_FACE('',(#258),#97,.F.);
#2752=ADVANCED_FACE('',(#259,#48),#98,.F.);
#2753=ADVANCED_FACE('',(#260),#99,.F.);
#2754=ADVANCED_FACE('',(#261),#100,.F.);
#2755=ADVANCED_FACE('',(#262),#101,.F.);
#2756=ADVANCED_FACE('',(#263,#49),#102,.F.);
#2757=ADVANCED_FACE('',(#264),#103,.F.);
#2758=ADVANCED_FACE('',(#265),#104,.F.);
#2759=ADVANCED_FACE('',(#266),#105,.F.);
#2760=ADVANCED_FACE('',(#267,#50),#106,.F.);
#2761=ADVANCED_FACE('',(#268),#107,.T.);
#2762=ADVANCED_FACE('',(#269),#108,.T.);
#2763=ADVANCED_FACE('',(#270),#109,.T.);
#2764=ADVANCED_FACE('',(#271),#110,.F.);
#2765=ADVANCED_FACE('',(#272),#111,.F.);
#2766=ADVANCED_FACE('',(#273),#112,.T.);
#2767=ADVANCED_FACE('',(#274),#113,.T.);
#2768=ADVANCED_FACE('',(#275),#2692,.T.);
#2769=ADVANCED_FACE('',(#276),#114,.T.);
#2770=ADVANCED_FACE('',(#277),#115,.T.);
#2771=ADVANCED_FACE('',(#278),#116,.T.);
#2772=ADVANCED_FACE('',(#279),#117,.F.);
#2773=ADVANCED_FACE('',(#280),#118,.F.);
#2774=ADVANCED_FACE('',(#281),#119,.T.);
#2775=ADVANCED_FACE('',(#282),#120,.T.);
#2776=ADVANCED_FACE('',(#283),#121,.T.);
#2777=ADVANCED_FACE('',(#284),#2693,.T.);
#2778=ADVANCED_FACE('',(#285),#162,.T.);
#2779=ADVANCED_FACE('',(#286),#2694,.T.);
#2780=ADVANCED_FACE('',(#287),#122,.F.);
#2781=ADVANCED_FACE('',(#288),#163,.F.);
#2782=ADVANCED_FACE('',(#289,#51),#123,.F.);
#2783=ADVANCED_FACE('',(#290),#164,.T.);
#2784=ADVANCED_FACE('',(#291),#165,.T.);
#2785=ADVANCED_FACE('',(#292),#166,.T.);
#2786=ADVANCED_FACE('',(#293),#124,.F.);
#2787=ADVANCED_FACE('',(#294),#2695,.F.);
#2788=ADVANCED_FACE('',(#295),#167,.F.);
#2789=ADVANCED_FACE('',(#296),#2696,.F.);
#2790=ADVANCED_FACE('',(#297),#125,.T.);
#2791=ADVANCED_FACE('',(#298),#168,.F.);
#2792=ADVANCED_FACE('',(#299),#169,.F.);
#2793=ADVANCED_FACE('',(#300),#126,.T.);
#2794=ADVANCED_FACE('',(#301),#127,.F.);
#2795=ADVANCED_FACE('',(#302),#2697,.T.);
#2796=ADVANCED_FACE('',(#303),#170,.T.);
#2797=ADVANCED_FACE('',(#304),#2698,.T.);
#2798=ADVANCED_FACE('',(#305),#171,.F.);
#2799=ADVANCED_FACE('',(#306,#52),#128,.F.);
#2800=ADVANCED_FACE('',(#307),#172,.T.);
#2801=ADVANCED_FACE('',(#308),#173,.T.);
#2802=ADVANCED_FACE('',(#309),#174,.T.);
#2803=ADVANCED_FACE('',(#310),#129,.T.);
#2804=ADVANCED_FACE('',(#311),#2699,.F.);
#2805=ADVANCED_FACE('',(#312),#175,.F.);
#2806=ADVANCED_FACE('',(#313),#2700,.F.);
#2807=ADVANCED_FACE('',(#314),#130,.F.);
#2808=ADVANCED_FACE('',(#315),#176,.F.);
#2809=ADVANCED_FACE('',(#316),#177,.F.);
#2810=ADVANCED_FACE('',(#317),#131,.T.);
#2811=ADVANCED_FACE('',(#318),#178,.T.);
#2812=ADVANCED_FACE('',(#319),#132,.T.);
#2813=ADVANCED_FACE('',(#320),#179,.F.);
#2814=ADVANCED_FACE('',(#321),#133,.F.);
#2815=ADVANCED_FACE('',(#322),#180,.F.);
#2816=ADVANCED_FACE('',(#323),#181,.T.);
#2817=ADVANCED_FACE('',(#324),#182,.T.);
#2818=ADVANCED_FACE('',(#325),#183,.F.);
#2819=ADVANCED_FACE('',(#326),#184,.F.);
#2820=ADVANCED_FACE('',(#327),#185,.F.);
#2821=ADVANCED_FACE('',(#328),#134,.F.);
#2822=ADVANCED_FACE('',(#329),#135,.T.);
#2823=ADVANCED_FACE('',(#330),#186,.T.);
#2824=ADVANCED_FACE('',(#331),#136,.T.);
#2825=ADVANCED_FACE('',(#332),#187,.F.);
#2826=ADVANCED_FACE('',(#333),#188,.T.);
#2827=ADVANCED_FACE('',(#334),#189,.F.);
#2828=ADVANCED_FACE('',(#335),#190,.F.);
#2829=ADVANCED_FACE('',(#336),#137,.F.);
#2830=ADVANCED_FACE('',(#337),#138,.F.);
#2831=ADVANCED_FACE('',(#338),#191,.F.);
#2832=ADVANCED_FACE('',(#339),#192,.F.);
#2833=ADVANCED_FACE('',(#340),#193,.F.);
#2834=ADVANCED_FACE('',(#341),#194,.F.);
#2835=ADVANCED_FACE('',(#342),#139,.T.);
#2836=ADVANCED_FACE('',(#343),#140,.T.);
#2837=ADVANCED_FACE('',(#344),#2701,.T.);
#2838=ADVANCED_FACE('',(#345),#141,.F.);
#2839=ADVANCED_FACE('',(#346),#142,.F.);
#2840=ADVANCED_FACE('',(#347),#195,.T.);
#2841=ADVANCED_FACE('',(#348),#2702,.T.);
#2842=ADVANCED_FACE('',(#349),#143,.F.);
#2843=ADVANCED_FACE('',(#350),#144,.F.);
#2844=ADVANCED_FACE('',(#351),#196,.T.);
#2845=ADVANCED_FACE('',(#352),#197,.T.);
#2846=ADVANCED_FACE('',(#353),#198,.F.);
#2847=ADVANCED_FACE('',(#354),#199,.F.);
#2848=ADVANCED_FACE('',(#355),#145,.F.);
#2849=ADVANCED_FACE('',(#356),#200,.F.);
#2850=ADVANCED_FACE('',(#357),#201,.F.);
#2851=ADVANCED_FACE('',(#358),#202,.F.);
#2852=ADVANCED_FACE('',(#359),#203,.F.);
#2853=ADVANCED_FACE('',(#360),#2703,.T.);
#2854=ADVANCED_FACE('',(#361,#53),#146,.T.);
#2855=ADVANCED_FACE('',(#362),#204,.T.);
#2856=ADVANCED_FACE('',(#363),#2704,.T.);
#2857=ADVANCED_FACE('',(#364),#205,.T.);
#2858=ADVANCED_FACE('',(#365,#54),#147,.T.);
#2859=ADVANCED_FACE('',(#366,#55,#56,#57),#148,.T.);
#2860=ADVANCED_FACE('',(#367),#206,.F.);
#2861=ADVANCED_FACE('',(#368),#207,.F.);
#2862=ADVANCED_FACE('',(#369),#208,.F.);
#2863=ADVANCED_FACE('',(#370),#209,.F.);
#2864=ADVANCED_FACE('',(#371),#210,.F.);
#2865=ADVANCED_FACE('',(#372,#58),#149,.F.);
#2866=ADVANCED_FACE('',(#373),#211,.F.);
#2867=ADVANCED_FACE('',(#374,#59,#60,#61,#62,#63),#150,.F.);
#2868=CLOSED_SHELL('',(#2705,#2706,#2707,#2708,#2709,#2710,#2711,#2712,
#2713,#2714,#2715,#2716,#2717,#2718,#2719,#2720,#2721,#2722,#2723,#2724,
#2725,#2726,#2727,#2728,#2729,#2730,#2731,#2732,#2733,#2734,#2735,#2736,
#2737,#2738,#2739,#2740,#2741,#2742,#2743,#2744,#2745,#2746,#2747,#2748,
#2749,#2750,#2751,#2752,#2753,#2754,#2755,#2756,#2757,#2758,#2759,#2760,
#2761,#2762,#2763,#2764,#2765,#2766,#2767,#2768,#2769,#2770,#2771,#2772,
#2773,#2774,#2775,#2776,#2777,#2778,#2779,#2780,#2781,#2782,#2783,#2784,
#2785,#2786,#2787,#2788,#2789,#2790,#2791,#2792,#2793,#2794,#2795,#2796,
#2797,#2798,#2799,#2800,#2801,#2802,#2803,#2804,#2805,#2806,#2807,#2808,
#2809,#2810,#2811,#2812,#2813,#2814,#2815,#2816,#2817,#2818,#2819,#2820,
#2821,#2822,#2823,#2824,#2825,#2826,#2827,#2828,#2829,#2830,#2831,#2832,
#2833,#2834,#2835,#2836,#2837,#2838,#2839,#2840,#2841,#2842,#2843,#2844,
#2845,#2846,#2847,#2848,#2849,#2850,#2851,#2852,#2853,#2854,#2855,#2856,
#2857,#2858,#2859,#2860,#2861,#2862,#2863,#2864,#2865,#2866,#2867));
#2869=DERIVED_UNIT_ELEMENT(#2871,1.);
#2870=DERIVED_UNIT_ELEMENT(#4969,-3.);
#2871=(
MASS_UNIT()
NAMED_UNIT(*)
SI_UNIT(.KILO.,.GRAM.)
);
#2872=DERIVED_UNIT((#2869,#2870));
#2873=MEASURE_REPRESENTATION_ITEM('density measure',
POSITIVE_RATIO_MEASURE(7850.),#2872);
#2874=PROPERTY_DEFINITION_REPRESENTATION(#2879,#2876);
#2875=PROPERTY_DEFINITION_REPRESENTATION(#2880,#2877);
#2876=REPRESENTATION('material name',(#2878),#4966);
#2877=REPRESENTATION('density',(#2873),#4966);
#2878=DESCRIPTIVE_REPRESENTATION_ITEM('Steel','Steel');
#2879=PROPERTY_DEFINITION('material property','material name',#4976);
#2880=PROPERTY_DEFINITION('material property','density of part',#4976);
#2881=AXIS2_PLACEMENT_3D('',#4064,#3194,#3195);
#2882=AXIS2_PLACEMENT_3D('',#4065,#3196,#3197);
#2883=AXIS2_PLACEMENT_3D('',#4067,#3198,#3199);
#2884=AXIS2_PLACEMENT_3D('',#4070,#3201,#3202);
#2885=AXIS2_PLACEMENT_3D('',#4071,#3203,#3204);
#2886=AXIS2_PLACEMENT_3D('',#4074,#3206,#3207);
#2887=AXIS2_PLACEMENT_3D('',#4075,#3208,#3209);
#2888=AXIS2_PLACEMENT_3D('',#4077,#3210,#3211);
#2889=AXIS2_PLACEMENT_3D('',#4078,#3212,#3213);
#2890=AXIS2_PLACEMENT_3D('',#4080,#3214,#3215);
#2891=AXIS2_PLACEMENT_3D('',#4083,#3217,#3218);
#2892=AXIS2_PLACEMENT_3D('',#4084,#3219,#3220);
#2893=AXIS2_PLACEMENT_3D('',#4087,#3222,#3223);
#2894=AXIS2_PLACEMENT_3D('',#4088,#3224,#3225);
#2895=AXIS2_PLACEMENT_3D('',#4090,#3226,#3227);
#2896=AXIS2_PLACEMENT_3D('',#4091,#3228,#3229);
#2897=AXIS2_PLACEMENT_3D('',#4094,#3230,#3231);
#2898=AXIS2_PLACEMENT_3D('',#4098,#3233,#3234);
#2899=AXIS2_PLACEMENT_3D('',#4100,#3236,#3237);
#2900=AXIS2_PLACEMENT_3D('',#4104,#3239,#3240);
#2901=AXIS2_PLACEMENT_3D('',#4106,#3242,#3243);
#2902=AXIS2_PLACEMENT_3D('',#4110,#3245,#3246);
#2903=AXIS2_PLACEMENT_3D('',#4112,#3247,#3248);
#2904=AXIS2_PLACEMENT_3D('',#4114,#3249,#3250);
#2905=AXIS2_PLACEMENT_3D('',#4122,#3254,#3255);
#2906=AXIS2_PLACEMENT_3D('',#4124,#3256,#3257);
#2907=AXIS2_PLACEMENT_3D('',#4126,#3258,#3259);
#2908=AXIS2_PLACEMENT_3D('',#4130,#3261,#3262);
#2909=AXIS2_PLACEMENT_3D('',#4134,#3264,#3265);
#2910=AXIS2_PLACEMENT_3D('',#4136,#3267,#3268);
#2911=AXIS2_PLACEMENT_3D('',#4138,#3269,#3270);
#2912=AXIS2_PLACEMENT_3D('',#4140,#3271,#3272);
#2913=AXIS2_PLACEMENT_3D('',#4142,#3274,#3275);
#2914=AXIS2_PLACEMENT_3D('',#4146,#3277,#3278);
#2915=AXIS2_PLACEMENT_3D('',#4148,#3280,#3281);
#2916=AXIS2_PLACEMENT_3D('',#4151,#3282,#3283);
#2917=AXIS2_PLACEMENT_3D('',#4155,#3285,#3286);
#2918=AXIS2_PLACEMENT_3D('',#4157,#3288,#3289);
#2919=AXIS2_PLACEMENT_3D('',#4161,#3291,#3292);
#2920=AXIS2_PLACEMENT_3D('',#4163,#3294,#3295);
#2921=AXIS2_PLACEMENT_3D('',#4167,#3297,#3298);
#2922=AXIS2_PLACEMENT_3D('',#4169,#3299,#3300);
#2923=AXIS2_PLACEMENT_3D('',#4171,#3301,#3302);
#2924=AXIS2_PLACEMENT_3D('',#4179,#3306,#3307);
#2925=AXIS2_PLACEMENT_3D('',#4181,#3308,#3309);
#2926=AXIS2_PLACEMENT_3D('',#4183,#3310,#3311);
#2927=AXIS2_PLACEMENT_3D('',#4187,#3313,#3314);
#2928=AXIS2_PLACEMENT_3D('',#4191,#3316,#3317);
#2929=AXIS2_PLACEMENT_3D('',#4193,#3319,#3320);
#2930=AXIS2_PLACEMENT_3D('',#4195,#3321,#3322);
#2931=AXIS2_PLACEMENT_3D('',#4197,#3323,#3324);
#2932=AXIS2_PLACEMENT_3D('',#4199,#3326,#3327);
#2933=AXIS2_PLACEMENT_3D('',#4203,#3329,#3330);
#2934=AXIS2_PLACEMENT_3D('',#4205,#3332,#3333);
#2935=AXIS2_PLACEMENT_3D('',#4209,#3335,#3336);
#2936=AXIS2_PLACEMENT_3D('',#4211,#3338,#3339);
#2937=AXIS2_PLACEMENT_3D('',#4215,#3341,#3342);
#2938=AXIS2_PLACEMENT_3D('',#4217,#3344,#3345);
#2939=AXIS2_PLACEMENT_3D('',#4219,#3347,#3348);
#2940=AXIS2_PLACEMENT_3D('',#4221,#3350,#3351);
#2941=AXIS2_PLACEMENT_3D('',#4227,#3355,#3356);
#2942=AXIS2_PLACEMENT_3D('',#4229,#3358,#3359);
#2943=AXIS2_PLACEMENT_3D('',#4231,#3361,#3362);
#2944=AXIS2_PLACEMENT_3D('',#4235,#3365,#3366);
#2945=AXIS2_PLACEMENT_3D('',#4239,#3368,#3369);
#2946=AXIS2_PLACEMENT_3D('',#4241,#3371,#3372);
#2947=AXIS2_PLACEMENT_3D('',#4243,#3374,#3375);
#2948=AXIS2_PLACEMENT_3D('',#4247,#3377,#3378);
#2949=AXIS2_PLACEMENT_3D('',#4249,#3380,#3381);
#2950=AXIS2_PLACEMENT_3D('',#4251,#3383,#3384);
#2951=AXIS2_PLACEMENT_3D('',#4255,#3387,#3388);
#2952=AXIS2_PLACEMENT_3D('',#4259,#3391,#3392);
#2953=AXIS2_PLACEMENT_3D('',#4263,#3395,#3396);
#2954=AXIS2_PLACEMENT_3D('',#4267,#3399,#3400);
#2955=AXIS2_PLACEMENT_3D('',#4269,#3402,#3403);
#2956=AXIS2_PLACEMENT_3D('',#4271,#3405,#3406);
#2957=AXIS2_PLACEMENT_3D('',#4277,#3410,#3411);
#2958=AXIS2_PLACEMENT_3D('',#4281,#3414,#3415);
#2959=AXIS2_PLACEMENT_3D('',#4283,#3417,#3418);
#2960=AXIS2_PLACEMENT_3D('',#4289,#3422,#3423);
#2961=AXIS2_PLACEMENT_3D('',#4295,#3427,#3428);
#2962=AXIS2_PLACEMENT_3D('',#4304,#3433,#3434);
#2963=AXIS2_PLACEMENT_3D('',#4310,#3438,#3439);
#2964=AXIS2_PLACEMENT_3D('',#4316,#3443,#3444);
#2965=AXIS2_PLACEMENT_3D('',#4317,#3445,#3446);
#2966=AXIS2_PLACEMENT_3D('',#4319,#3447,#3448);
#2967=AXIS2_PLACEMENT_3D('',#4320,#3449,#3450);
#2968=AXIS2_PLACEMENT_3D('',#4322,#3451,#3452);
#2969=AXIS2_PLACEMENT_3D('',#4326,#3454,#3455);
#2970=AXIS2_PLACEMENT_3D('',#4330,#3457,#3458);
#2971=AXIS2_PLACEMENT_3D('',#4334,#3460,#3461);
#2972=AXIS2_PLACEMENT_3D('',#4337,#3463,#3464);
#2973=AXIS2_PLACEMENT_3D('',#4339,#3465,#3466);
#2974=AXIS2_PLACEMENT_3D('',#4343,#3468,#3469);
#2975=AXIS2_PLACEMENT_3D('',#4347,#3471,#3472);
#2976=AXIS2_PLACEMENT_3D('',#4350,#3474,#3475);
#2977=AXIS2_PLACEMENT_3D('',#4351,#3476,#3477);
#2978=AXIS2_PLACEMENT_3D('',#4357,#3481,#3482);
#2979=AXIS2_PLACEMENT_3D('',#4363,#3486,#3487);
#2980=AXIS2_PLACEMENT_3D('',#4366,#3490,#3491);
#2981=AXIS2_PLACEMENT_3D('',#4368,#3492,#3493);
#2982=AXIS2_PLACEMENT_3D('',#4369,#3494,#3495);
#2983=AXIS2_PLACEMENT_3D('',#4375,#3499,#3500);
#2984=AXIS2_PLACEMENT_3D('',#4381,#3504,#3505);
#2985=AXIS2_PLACEMENT_3D('',#4384,#3508,#3509);
#2986=AXIS2_PLACEMENT_3D('',#4386,#3510,#3511);
#2987=AXIS2_PLACEMENT_3D('',#4387,#3512,#3513);
#2988=AXIS2_PLACEMENT_3D('',#4393,#3517,#3518);
#2989=AXIS2_PLACEMENT_3D('',#4399,#3522,#3523);
#2990=AXIS2_PLACEMENT_3D('',#4402,#3526,#3527);
#2991=AXIS2_PLACEMENT_3D('',#4404,#3528,#3529);
#2992=AXIS2_PLACEMENT_3D('',#4405,#3530,#3531);
#2993=AXIS2_PLACEMENT_3D('',#4416,#3535,#3536);
#2994=AXIS2_PLACEMENT_3D('',#4426,#3540,#3541);
#2995=AXIS2_PLACEMENT_3D('',#4436,#3545,#3546);
#2996=AXIS2_PLACEMENT_3D('',#4440,#3549,#3550);
#2997=AXIS2_PLACEMENT_3D('',#4444,#3553,#3554);
#2998=AXIS2_PLACEMENT_3D('',#4450,#3556,#3557);
#2999=AXIS2_PLACEMENT_3D('',#4452,#3558,#3559);
#3000=AXIS2_PLACEMENT_3D('',#4453,#3560,#3561);
#3001=AXIS2_PLACEMENT_3D('',#4454,#3562,#3563);
#3002=AXIS2_PLACEMENT_3D('',#4457,#3565,#3566);
#3003=AXIS2_PLACEMENT_3D('',#4459,#3567,#3568);
#3004=AXIS2_PLACEMENT_3D('',#4469,#3569,#3570);
#3005=AXIS2_PLACEMENT_3D('',#4478,#3571,#3572);
#3006=AXIS2_PLACEMENT_3D('',#4479,#3573,#3574);
#3007=AXIS2_PLACEMENT_3D('',#4485,#3578,#3579);
#3008=AXIS2_PLACEMENT_3D('',#4491,#3583,#3584);
#3009=AXIS2_PLACEMENT_3D('',#4496,#3588,#3589);
#3010=AXIS2_PLACEMENT_3D('',#4500,#3592,#3593);
#3011=AXIS2_PLACEMENT_3D('',#4504,#3596,#3597);
#3012=AXIS2_PLACEMENT_3D('',#4506,#3599,#3600);
#3013=AXIS2_PLACEMENT_3D('',#4507,#3601,#3602);
#3014=AXIS2_PLACEMENT_3D('',#4518,#3608,#3609);
#3015=AXIS2_PLACEMENT_3D('',#4525,#3610,#3611);
#3016=AXIS2_PLACEMENT_3D('',#4533,#3613,#3614);
#3017=AXIS2_PLACEMENT_3D('',#4534,#3615,#3616);
#3018=AXIS2_PLACEMENT_3D('',#4537,#3618,#3619);
#3019=AXIS2_PLACEMENT_3D('',#4538,#3620,#3621);
#3020=AXIS2_PLACEMENT_3D('',#4541,#3623,#3624);
#3021=AXIS2_PLACEMENT_3D('',#4542,#3625,#3626);
#3022=AXIS2_PLACEMENT_3D('',#4546,#3629,#3630);
#3023=AXIS2_PLACEMENT_3D('',#4548,#3631,#3632);
#3024=AXIS2_PLACEMENT_3D('',#4552,#3634,#3635);
#3025=AXIS2_PLACEMENT_3D('',#4554,#3637,#3638);
#3026=AXIS2_PLACEMENT_3D('',#4556,#3639,#3640);
#3027=AXIS2_PLACEMENT_3D('',#4560,#3642,#3643);
#3028=AXIS2_PLACEMENT_3D('',#4562,#3644,#3645);
#3029=AXIS2_PLACEMENT_3D('',#4564,#3646,#3647);
#3030=AXIS2_PLACEMENT_3D('',#4568,#3649,#3650);
#3031=AXIS2_PLACEMENT_3D('',#4572,#3652,#3653);
#3032=AXIS2_PLACEMENT_3D('',#4574,#3655,#3656);
#3033=AXIS2_PLACEMENT_3D('',#4583,#3657,#3658);
#3034=AXIS2_PLACEMENT_3D('',#4584,#3659,#3660);
#3035=AXIS2_PLACEMENT_3D('',#4588,#3662,#3663);
#3036=AXIS2_PLACEMENT_3D('',#4591,#3665,#3666);
#3037=AXIS2_PLACEMENT_3D('',#4592,#3667,#3668);
#3038=AXIS2_PLACEMENT_3D('',#4596,#3670,#3671);
#3039=AXIS2_PLACEMENT_3D('',#4599,#3673,#3674);
#3040=AXIS2_PLACEMENT_3D('',#4600,#3675,#3676);
#3041=AXIS2_PLACEMENT_3D('',#4606,#3680,#3681);
#3042=AXIS2_PLACEMENT_3D('',#4607,#3682,#3683);
#3043=AXIS2_PLACEMENT_3D('',#4608,#3684,#3685);
#3044=AXIS2_PLACEMENT_3D('',#4611,#3687,#3688);
#3045=AXIS2_PLACEMENT_3D('',#4612,#3689,#3690);
#3046=AXIS2_PLACEMENT_3D('',#4615,#3692,#3693);
#3047=AXIS2_PLACEMENT_3D('',#4616,#3694,#3695);
#3048=AXIS2_PLACEMENT_3D('',#4618,#3697,#3698);
#3049=AXIS2_PLACEMENT_3D('',#4619,#3699,#3700);
#3050=AXIS2_PLACEMENT_3D('',#4623,#3702,#3703);
#3051=AXIS2_PLACEMENT_3D('',#4628,#3704,#3705);
#3052=AXIS2_PLACEMENT_3D('',#4635,#3706,#3707);
#3053=AXIS2_PLACEMENT_3D('',#4637,#3709,#3710);
#3054=AXIS2_PLACEMENT_3D('',#4648,#3716,#3717);
#3055=AXIS2_PLACEMENT_3D('',#4659,#3723,#3724);
#3056=AXIS2_PLACEMENT_3D('',#4666,#3725,#3726);
#3057=AXIS2_PLACEMENT_3D('',#4671,#3727,#3728);
#3058=AXIS2_PLACEMENT_3D('',#4672,#3729,#3730);
#3059=AXIS2_PLACEMENT_3D('',#4673,#3731,#3732);
#3060=AXIS2_PLACEMENT_3D('',#4674,#3733,#3734);
#3061=AXIS2_PLACEMENT_3D('',#4675,#3735,#3736);
#3062=AXIS2_PLACEMENT_3D('',#4676,#3737,#3738);
#3063=AXIS2_PLACEMENT_3D('',#4678,#3739,#3740);
#3064=AXIS2_PLACEMENT_3D('',#4682,#3742,#3743);
#3065=AXIS2_PLACEMENT_3D('',#4684,#3745,#3746);
#3066=AXIS2_PLACEMENT_3D('',#4686,#3747,#3748);
#3067=AXIS2_PLACEMENT_3D('',#4690,#3750,#3751);
#3068=AXIS2_PLACEMENT_3D('',#4692,#3752,#3753);
#3069=AXIS2_PLACEMENT_3D('',#4694,#3754,#3755);
#3070=AXIS2_PLACEMENT_3D('',#4698,#3757,#3758);
#3071=AXIS2_PLACEMENT_3D('',#4702,#3760,#3761);
#3072=AXIS2_PLACEMENT_3D('',#4704,#3763,#3764);
#3073=AXIS2_PLACEMENT_3D('',#4713,#3765,#3766);
#3074=AXIS2_PLACEMENT_3D('',#4714,#3767,#3768);
#3075=AXIS2_PLACEMENT_3D('',#4718,#3770,#3771);
#3076=AXIS2_PLACEMENT_3D('',#4721,#3773,#3774);
#3077=AXIS2_PLACEMENT_3D('',#4722,#3775,#3776);
#3078=AXIS2_PLACEMENT_3D('',#4726,#3778,#3779);
#3079=AXIS2_PLACEMENT_3D('',#4729,#3781,#3782);
#3080=AXIS2_PLACEMENT_3D('',#4730,#3783,#3784);
#3081=AXIS2_PLACEMENT_3D('',#4736,#3788,#3789);
#3082=AXIS2_PLACEMENT_3D('',#4738,#3790,#3791);
#3083=AXIS2_PLACEMENT_3D('',#4740,#3793,#3794);
#3084=AXIS2_PLACEMENT_3D('',#4741,#3795,#3796);
#3085=AXIS2_PLACEMENT_3D('',#4742,#3797,#3798);
#3086=AXIS2_PLACEMENT_3D('',#4744,#3799,#3800);
#3087=AXIS2_PLACEMENT_3D('',#4746,#3802,#3803);
#3088=AXIS2_PLACEMENT_3D('',#4748,#3805,#3806);
#3089=AXIS2_PLACEMENT_3D('',#4749,#3807,#3808);
#3090=AXIS2_PLACEMENT_3D('',#4753,#3810,#3811);
#3091=AXIS2_PLACEMENT_3D('',#4758,#3812,#3813);
#3092=AXIS2_PLACEMENT_3D('',#4765,#3814,#3815);
#3093=AXIS2_PLACEMENT_3D('',#4767,#3817,#3818);
#3094=AXIS2_PLACEMENT_3D('',#4770,#3821,#3822);
#3095=AXIS2_PLACEMENT_3D('',#4772,#3824,#3825);
#3096=AXIS2_PLACEMENT_3D('',#4774,#3827,#3828);
#3097=AXIS2_PLACEMENT_3D('',#4775,#3829,#3830);
#3098=AXIS2_PLACEMENT_3D('',#4779,#3833,#3834);
#3099=AXIS2_PLACEMENT_3D('',#4782,#3836,#3837);
#3100=AXIS2_PLACEMENT_3D('',#4783,#3838,#3839);
#3101=AXIS2_PLACEMENT_3D('',#4785,#3840,#3841);
#3102=AXIS2_PLACEMENT_3D('',#4794,#3842,#3843);
#3103=AXIS2_PLACEMENT_3D('',#4796,#3845,#3846);
#3104=AXIS2_PLACEMENT_3D('',#4799,#3848,#3849);
#3105=AXIS2_PLACEMENT_3D('',#4800,#3850,#3851);
#3106=AXIS2_PLACEMENT_3D('',#4801,#3852,#3853);
#3107=AXIS2_PLACEMENT_3D('',#4802,#3854,#3855);
#3108=AXIS2_PLACEMENT_3D('',#4804,#3856,#3857);
#3109=AXIS2_PLACEMENT_3D('',#4806,#3859,#3860);
#3110=AXIS2_PLACEMENT_3D('',#4809,#3862,#3863);
#3111=AXIS2_PLACEMENT_3D('',#4810,#3864,#3865);
#3112=AXIS2_PLACEMENT_3D('',#4812,#3867,#3868);
#3113=AXIS2_PLACEMENT_3D('',#4815,#3871,#3872);
#3114=AXIS2_PLACEMENT_3D('',#4817,#3874,#3875);
#3115=AXIS2_PLACEMENT_3D('',#4819,#3877,#3878);
#3116=AXIS2_PLACEMENT_3D('',#4820,#3879,#3880);
#3117=AXIS2_PLACEMENT_3D('',#4822,#3881,#3882);
#3118=AXIS2_PLACEMENT_3D('',#4831,#3883,#3884);
#3119=AXIS2_PLACEMENT_3D('',#4833,#3886,#3887);
#3120=AXIS2_PLACEMENT_3D('',#4835,#3888,#3889);
#3121=AXIS2_PLACEMENT_3D('',#4837,#3891,#3892);
#3122=AXIS2_PLACEMENT_3D('',#4839,#3893,#3894);
#3123=AXIS2_PLACEMENT_3D('',#4841,#3896,#3897);
#3124=AXIS2_PLACEMENT_3D('',#4845,#3900,#3901);
#3125=AXIS2_PLACEMENT_3D('',#4849,#3904,#3905);
#3126=AXIS2_PLACEMENT_3D('',#4850,#3906,#3907);
#3127=AXIS2_PLACEMENT_3D('',#4851,#3908,#3909);
#3128=AXIS2_PLACEMENT_3D('',#4852,#3910,#3911);
#3129=AXIS2_PLACEMENT_3D('',#4853,#3912,#3913);
#3130=AXIS2_PLACEMENT_3D('',#4855,#3914,#3915);
#3131=AXIS2_PLACEMENT_3D('',#4857,#3917,#3918);
#3132=AXIS2_PLACEMENT_3D('',#4859,#3919,#3920);
#3133=AXIS2_PLACEMENT_3D('',#4861,#3922,#3923);
#3134=AXIS2_PLACEMENT_3D('',#4862,#3924,#3925);
#3135=AXIS2_PLACEMENT_3D('',#4863,#3926,#3927);
#3136=AXIS2_PLACEMENT_3D('',#4865,#3928,#3929);
#3137=AXIS2_PLACEMENT_3D('',#4868,#3931,#3932);
#3138=AXIS2_PLACEMENT_3D('',#4869,#3933,#3934);
#3139=AXIS2_PLACEMENT_3D('',#4870,#3935,#3936);
#3140=AXIS2_PLACEMENT_3D('',#4871,#3937,#3938);
#3141=AXIS2_PLACEMENT_3D('',#4872,#3939,#3940);
#3142=AXIS2_PLACEMENT_3D('',#4873,#3941,#3942);
#3143=AXIS2_PLACEMENT_3D('',#4875,#3944,#3945);
#3144=AXIS2_PLACEMENT_3D('',#4877,#3946,#3947);
#3145=AXIS2_PLACEMENT_3D('',#4880,#3949,#3950);
#3146=AXIS2_PLACEMENT_3D('',#4881,#3951,#3952);
#3147=AXIS2_PLACEMENT_3D('',#4882,#3953,#3954);
#3148=AXIS2_PLACEMENT_3D('',#4883,#3955,#3956);
#3149=AXIS2_PLACEMENT_3D('',#4884,#3957,#3958);
#3150=AXIS2_PLACEMENT_3D('',#4885,#3959,#3960);
#3151=AXIS2_PLACEMENT_3D('',#4887,#3961,#3962);
#3152=AXIS2_PLACEMENT_3D('',#4889,#3964,#3965);
#3153=AXIS2_PLACEMENT_3D('',#4891,#3967,#3968);
#3154=AXIS2_PLACEMENT_3D('',#4892,#3969,#3970);
#3155=AXIS2_PLACEMENT_3D('',#4893,#3971,#3972);
#3156=AXIS2_PLACEMENT_3D('',#4894,#3973,#3974);
#3157=AXIS2_PLACEMENT_3D('',#4895,#3975,#3976);
#3158=AXIS2_PLACEMENT_3D('',#4901,#3980,#3981);
#3159=AXIS2_PLACEMENT_3D('',#4902,#3982,#3983);
#3160=AXIS2_PLACEMENT_3D('',#4903,#3984,#3985);
#3161=AXIS2_PLACEMENT_3D('',#4905,#3986,#3987);
#3162=AXIS2_PLACEMENT_3D('',#4907,#3989,#3990);
#3163=AXIS2_PLACEMENT_3D('',#4909,#3991,#3992);
#3164=AXIS2_PLACEMENT_3D('',#4911,#3994,#3995);
#3165=AXIS2_PLACEMENT_3D('',#4912,#3996,#3997);
#3166=AXIS2_PLACEMENT_3D('',#4913,#3998,#3999);
#3167=AXIS2_PLACEMENT_3D('',#4915,#4000,#4001);
#3168=AXIS2_PLACEMENT_3D('',#4918,#4003,#4004);
#3169=AXIS2_PLACEMENT_3D('',#4919,#4005,#4006);
#3170=AXIS2_PLACEMENT_3D('',#4921,#4007,#4008);
#3171=AXIS2_PLACEMENT_3D('',#4922,#4009,#4010);
#3172=AXIS2_PLACEMENT_3D('',#4924,#4012,#4013);
#3173=AXIS2_PLACEMENT_3D('',#4926,#4014,#4015);
#3174=AXIS2_PLACEMENT_3D('',#4929,#4017,#4018);
#3175=AXIS2_PLACEMENT_3D('',#4930,#4019,#4020);
#3176=AXIS2_PLACEMENT_3D('',#4932,#4022,#4023);
#3177=AXIS2_PLACEMENT_3D('',#4934,#4024,#4025);
#3178=AXIS2_PLACEMENT_3D('',#4935,#4026,#4027);
#3179=AXIS2_PLACEMENT_3D('',#4937,#4028,#4029);
#3180=AXIS2_PLACEMENT_3D('',#4938,#4030,#4031);
#3181=AXIS2_PLACEMENT_3D('',#4940,#4032,#4033);
#3182=AXIS2_PLACEMENT_3D('',#4942,#4035,#4036);
#3183=AXIS2_PLACEMENT_3D('',#4944,#4037,#4038);
#3184=AXIS2_PLACEMENT_3D('',#4946,#4040,#4041);
#3185=AXIS2_PLACEMENT_3D('',#4948,#4042,#4043);
#3186=AXIS2_PLACEMENT_3D('',#4950,#4045,#4046);
#3187=AXIS2_PLACEMENT_3D('',#4952,#4047,#4048);
#3188=AXIS2_PLACEMENT_3D('',#4954,#4050,#4051);
#3189=AXIS2_PLACEMENT_3D('',#4956,#4052,#4053);
#3190=AXIS2_PLACEMENT_3D('',#4958,#4055,#4056);
#3191=AXIS2_PLACEMENT_3D('',#4959,#4057,#4058);
#3192=AXIS2_PLACEMENT_3D('',#4962,#4060,#4061);
#3193=AXIS2_PLACEMENT_3D('',#4963,#4062,#4063);
#3194=DIRECTION('axis',(0.,0.,1.));
#3195=DIRECTION('refdir',(1.,0.,0.));
#3196=DIRECTION('center_axis',(0.,-1.,0.));
#3197=DIRECTION('ref_axis',(1.,0.,0.));
#3198=DIRECTION('center_axis',(0.,-1.,0.));
#3199=DIRECTION('ref_axis',(1.,0.,0.));
#3200=DIRECTION('',(0.707106781186548,0.707106781186547,8.65956056235494E-17));
#3201=DIRECTION('center_axis',(0.,1.,0.));
#3202=DIRECTION('ref_axis',(1.,0.,0.));
#3203=DIRECTION('center_axis',(0.,1.,0.));
#3204=DIRECTION('ref_axis',(1.,0.,0.));
#3205=DIRECTION('',(0.,1.,0.));
#3206=DIRECTION('center_axis',(0.,1.,0.));
#3207=DIRECTION('ref_axis',(1.,0.,0.));
#3208=DIRECTION('center_axis',(0.,-1.,0.));
#3209=DIRECTION('ref_axis',(1.,0.,0.));
#3210=DIRECTION('center_axis',(0.,1.,0.));
#3211=DIRECTION('ref_axis',(-1.,0.,0.));
#3212=DIRECTION('center_axis',(0.,-1.,0.));
#3213=DIRECTION('ref_axis',(1.,0.,0.));
#3214=DIRECTION('center_axis',(0.,-1.,0.));
#3215=DIRECTION('ref_axis',(1.,0.,0.));
#3216=DIRECTION('',(0.707106781186548,0.707106781186547,8.65956056235494E-17));
#3217=DIRECTION('center_axis',(0.,1.,0.));
#3218=DIRECTION('ref_axis',(1.,0.,0.));
#3219=DIRECTION('center_axis',(0.,1.,0.));
#3220=DIRECTION('ref_axis',(1.,0.,0.));
#3221=DIRECTION('',(0.,1.,0.));
#3222=DIRECTION('center_axis',(0.,1.,0.));
#3223=DIRECTION('ref_axis',(1.,0.,0.));
#3224=DIRECTION('center_axis',(0.,-1.,0.));
#3225=DIRECTION('ref_axis',(1.,0.,0.));
#3226=DIRECTION('center_axis',(0.,1.,0.));
#3227=DIRECTION('ref_axis',(-1.,0.,0.));
#3228=DIRECTION('center_axis',(2.43818331421878E-17,-0.707106781186546,
-0.70710678118655));
#3229=DIRECTION('ref_axis',(-1.,0.,-3.44811191051997E-17));
#3230=DIRECTION('center_axis',(-2.43818331421878E-17,0.707106781186546,
0.70710678118655));
#3231=DIRECTION('ref_axis',(4.90653893338678E-17,-0.70710678118655,0.707106781186545));
#3232=DIRECTION('',(-1.,0.,-3.44811191051997E-17));
#3233=DIRECTION('center_axis',(-2.43818331421878E-17,0.707106781186546,
0.70710678118655));
#3234=DIRECTION('ref_axis',(-4.90653893338678E-17,-0.70710678118655,0.707106781186545));
#3235=DIRECTION('',(1.,0.,3.44811191051997E-17));
#3236=DIRECTION('center_axis',(0.,1.,0.));
#3237=DIRECTION('ref_axis',(0.707106781186546,0.,0.707106781186549));
#3238=DIRECTION('',(0.,-1.,0.));
#3239=DIRECTION('center_axis',(0.,1.,0.));
#3240=DIRECTION('ref_axis',(0.707106781186546,0.,0.707106781186549));
#3241=DIRECTION('',(0.,1.,0.));
#3242=DIRECTION('center_axis',(0.,-1.,0.));
#3243=DIRECTION('ref_axis',(1.,0.,0.));
#3244=DIRECTION('',(0.,0.,-1.));
#3245=DIRECTION('center_axis',(0.,-1.,0.));
#3246=DIRECTION('ref_axis',(0.,0.,1.));
#3247=DIRECTION('center_axis',(0.,1.,0.));
#3248=DIRECTION('ref_axis',(-0.992735567946586,0.,-0.120316632822605));
#3249=DIRECTION('center_axis',(0.,-1.,0.));
#3250=DIRECTION('ref_axis',(0.992735567946586,0.,0.120316632822604));
#3251=DIRECTION('',(0.,0.,1.));
#3252=DIRECTION('',(1.,0.,0.));
#3253=DIRECTION('',(0.,0.,-1.));
#3254=DIRECTION('center_axis',(0.,-1.,0.));
#3255=DIRECTION('ref_axis',(-1.59971376323397E-5,0.,0.999999999872046));
#3256=DIRECTION('center_axis',(0.,-1.,0.));
#3257=DIRECTION('ref_axis',(-0.99479190753317,0.,-0.101926741861578));
#3258=DIRECTION('center_axis',(0.,-1.,0.));
#3259=DIRECTION('ref_axis',(0.994793537942,0.,-0.101910828025478));
#3260=DIRECTION('',(0.,0.,1.));
#3261=DIRECTION('center_axis',(0.,1.,0.));
#3262=DIRECTION('ref_axis',(-0.994924026387193,0.,-0.10062893081761));
#3263=DIRECTION('',(1.,0.,1.48059620872539E-15));
#3264=DIRECTION('center_axis',(0.,-1.,0.));
#3265=DIRECTION('ref_axis',(-0.992737492541296,0.,-0.120300751879699));
#3266=DIRECTION('',(0.999999999872046,0.,1.59971376186249E-5));
#3267=DIRECTION('center_axis',(0.,-0.707106781186548,-0.707106781186547));
#3268=DIRECTION('ref_axis',(-1.,0.,0.));
#3269=DIRECTION('center_axis',(0.,0.707106781186548,0.707106781186547));
#3270=DIRECTION('ref_axis',(9.8130778667736E-17,-0.707106781186547,0.707106781186548));
#3271=DIRECTION('center_axis',(0.,0.707106781186548,0.707106781186547));
#3272=DIRECTION('ref_axis',(0.,-0.707106781186547,0.707106781186548));
#3273=DIRECTION('',(-1.,0.,0.));
#3274=DIRECTION('center_axis',(0.,1.,0.));
#3275=DIRECTION('ref_axis',(0.707106781186546,0.,0.707106781186549));
#3276=DIRECTION('',(0.,-1.,0.));
#3277=DIRECTION('center_axis',(0.,1.,0.));
#3278=DIRECTION('ref_axis',(0.707106781186546,0.,0.707106781186549));
#3279=DIRECTION('',(0.,1.,0.));
#3280=DIRECTION('center_axis',(0.,-0.707106781186546,0.707106781186549));
#3281=DIRECTION('ref_axis',(1.,0.,0.));
#3282=DIRECTION('center_axis',(0.,0.707106781186546,-0.707106781186549));
#3283=DIRECTION('ref_axis',(-4.90653893338679E-17,-0.707106781186549,-0.707106781186546));
#3284=DIRECTION('',(1.,0.,0.));
#3285=DIRECTION('center_axis',(0.,0.707106781186546,-0.707106781186549));
#3286=DIRECTION('ref_axis',(0.,-0.707106781186549,-0.707106781186546));
#3287=DIRECTION('',(-1.,0.,0.));
#3288=DIRECTION('center_axis',(0.,1.,0.));
#3289=DIRECTION('ref_axis',(-0.707106781186546,0.,-0.707106781186549));
#3290=DIRECTION('',(0.,-1.,0.));
#3291=DIRECTION('center_axis',(0.,1.,0.));
#3292=DIRECTION('ref_axis',(-0.707106781186546,0.,-0.707106781186549));
#3293=DIRECTION('',(0.,1.,0.));
#3294=DIRECTION('center_axis',(0.,-1.,0.));
#3295=DIRECTION('ref_axis',(1.,0.,0.));
#3296=DIRECTION('',(0.,0.,1.));
#3297=DIRECTION('center_axis',(0.,-1.,0.));
#3298=DIRECTION('ref_axis',(1.59971376293792E-5,0.,-0.999999999872046));
#3299=DIRECTION('center_axis',(0.,1.,0.));
#3300=DIRECTION('ref_axis',(0.992737492541296,0.,0.120300751879699));
#3301=DIRECTION('center_axis',(0.,-1.,0.));
#3302=DIRECTION('ref_axis',(-0.992737492541296,0.,-0.1203007518797));
#3303=DIRECTION('',(0.,0.,-1.));
#3304=DIRECTION('',(-1.,0.,-3.44811191051997E-17));
#3305=DIRECTION('',(0.,0.,1.));
#3306=DIRECTION('center_axis',(0.,-1.,0.));
#3307=DIRECTION('ref_axis',(0.,0.,-1.));
#3308=DIRECTION('center_axis',(0.,-1.,0.));
#3309=DIRECTION('ref_axis',(0.994793537942,0.,0.101910828025478));
#3310=DIRECTION('center_axis',(0.,-1.,0.));
#3311=DIRECTION('ref_axis',(-0.994795168096254,0.,0.101894914163299));
#3312=DIRECTION('',(0.,0.,-1.));
#3313=DIRECTION('center_axis',(0.,1.,0.));
#3314=DIRECTION('ref_axis',(0.994924026387193,0.,0.10062893081761));
#3315=DIRECTION('',(-1.,0.,-1.35813152881065E-15));
#3316=DIRECTION('center_axis',(0.,-1.,0.));
#3317=DIRECTION('ref_axis',(0.992737492541296,0.,0.120300751879699));
#3318=DIRECTION('',(-0.999999999872046,0.,-1.59971376185025E-5));
#3319=DIRECTION('center_axis',(-2.43818331421877E-17,-0.707106781186548,
0.707106781186547));
#3320=DIRECTION('ref_axis',(1.,0.,3.44811191051997E-17));
#3321=DIRECTION('center_axis',(2.43818331421877E-17,0.707106781186548,-0.707106781186547));
#3322=DIRECTION('ref_axis',(0.,-0.707106781186547,-0.707106781186548));
#3323=DIRECTION('center_axis',(2.43818331421877E-17,0.707106781186548,-0.707106781186547));
#3324=DIRECTION('ref_axis',(-4.9065389333868E-17,-0.707106781186547,-0.707106781186548));
#3325=DIRECTION('',(1.,0.,3.44811191051997E-17));
#3326=DIRECTION('center_axis',(0.,1.,0.));
#3327=DIRECTION('ref_axis',(-0.707106781186546,0.,-0.707106781186549));
#3328=DIRECTION('',(0.,-1.,0.));
#3329=DIRECTION('center_axis',(0.,1.,0.));
#3330=DIRECTION('ref_axis',(-0.707106781186546,0.,-0.707106781186549));
#3331=DIRECTION('',(0.,1.,0.));
#3332=DIRECTION('center_axis',(0.,1.,0.));
#3333=DIRECTION('ref_axis',(0.707106781186546,0.,-0.707106781186549));
#3334=DIRECTION('',(0.,-1.,0.));
#3335=DIRECTION('center_axis',(0.,1.,0.));
#3336=DIRECTION('ref_axis',(0.707106781186546,0.,-0.707106781186549));
#3337=DIRECTION('',(0.,1.,0.));
#3338=DIRECTION('center_axis',(0.,-1.,0.));
#3339=DIRECTION('ref_axis',(0.707106781186553,0.,-0.707106781186542));
#3340=DIRECTION('',(0.,-1.,0.));
#3341=DIRECTION('center_axis',(0.,1.,0.));
#3342=DIRECTION('ref_axis',(0.707106781186553,0.,-0.707106781186542));
#3343=DIRECTION('',(0.,1.,0.));
#3344=DIRECTION('center_axis',(0.,0.,-1.));
#3345=DIRECTION('ref_axis',(1.,0.,0.));
#3346=DIRECTION('',(-1.,0.,0.));
#3347=DIRECTION('center_axis',(3.44811191051997E-17,0.,-1.));
#3348=DIRECTION('ref_axis',(1.,0.,3.44811191051997E-17));
#3349=DIRECTION('',(-1.,0.,-3.44811191051997E-17));
#3350=DIRECTION('center_axis',(0.,-1.,0.));
#3351=DIRECTION('ref_axis',(0.,0.,-1.));
#3352=DIRECTION('',(0.,0.,-1.));
#3353=DIRECTION('',(-0.999999999872046,0.,-1.59971376303507E-5));
#3354=DIRECTION('',(0.,0.,1.));
#3355=DIRECTION('center_axis',(-1.,0.,0.));
#3356=DIRECTION('ref_axis',(0.,0.,-1.));
#3357=DIRECTION('',(0.,1.,0.));
#3358=DIRECTION('center_axis',(1.,0.,0.));
#3359=DIRECTION('ref_axis',(0.,0.,1.));
#3360=DIRECTION('',(0.,1.,0.));
#3361=DIRECTION('center_axis',(1.,0.,0.));
#3362=DIRECTION('ref_axis',(0.,0.,1.));
#3363=DIRECTION('',(0.,0.,1.));
#3364=DIRECTION('',(0.,1.,0.));
#3365=DIRECTION('center_axis',(0.,1.,0.));
#3366=DIRECTION('ref_axis',(-0.707106781186546,0.,0.707106781186549));
#3367=DIRECTION('',(0.,-1.,0.));
#3368=DIRECTION('center_axis',(0.,1.,0.));
#3369=DIRECTION('ref_axis',(-0.707106781186546,0.,0.707106781186549));
#3370=DIRECTION('',(0.,1.,0.));
#3371=DIRECTION('center_axis',(-3.44811191051997E-17,0.,1.));
#3372=DIRECTION('ref_axis',(-1.,0.,-3.44811191051997E-17));
#3373=DIRECTION('',(1.,0.,3.44811191051997E-17));
#3374=DIRECTION('center_axis',(0.,-1.,0.));
#3375=DIRECTION('ref_axis',(-0.70710678118654,0.,0.707106781186555));
#3376=DIRECTION('',(0.,-1.,0.));
#3377=DIRECTION('center_axis',(0.,1.,0.));
#3378=DIRECTION('ref_axis',(-0.70710678118654,0.,0.707106781186555));
#3379=DIRECTION('',(0.,1.,0.));
#3380=DIRECTION('center_axis',(0.,0.,1.));
#3381=DIRECTION('ref_axis',(-1.,0.,0.));
#3382=DIRECTION('',(1.,0.,0.));
#3383=DIRECTION('center_axis',(1.,0.,0.));
#3384=DIRECTION('ref_axis',(0.,0.,1.));
#3385=DIRECTION('',(0.,1.,0.));
#3386=DIRECTION('',(0.,0.,1.));
#3387=DIRECTION('center_axis',(-1.,0.,0.));
#3388=DIRECTION('ref_axis',(0.,0.,-1.));
#3389=DIRECTION('',(0.,0.,-1.));
#3390=DIRECTION('',(0.,1.,0.));
#3391=DIRECTION('center_axis',(-1.,0.,0.));
#3392=DIRECTION('ref_axis',(0.,0.,-1.));
#3393=DIRECTION('',(0.,0.,-1.));
#3394=DIRECTION('',(0.,1.,0.));
#3395=DIRECTION('center_axis',(1.,0.,0.));
#3396=DIRECTION('ref_axis',(0.,0.,1.));
#3397=DIRECTION('',(0.,1.,0.));
#3398=DIRECTION('',(0.,0.,1.));
#3399=DIRECTION('center_axis',(0.,-1.,0.));
#3400=DIRECTION('ref_axis',(0.,0.,-1.));
#3401=DIRECTION('',(0.999999999872046,0.,1.59971376303045E-5));
#3402=DIRECTION('center_axis',(0.,-1.,0.));
#3403=DIRECTION('ref_axis',(0.,0.,-1.));
#3404=DIRECTION('',(1.,0.,0.));
#3405=DIRECTION('center_axis',(-1.59971376303045E-5,0.,0.999999999872046));
#3406=DIRECTION('ref_axis',(0.999999999872046,0.,1.59971376303045E-5));
#3407=DIRECTION('',(0.,1.,0.));
#3408=DIRECTION('',(0.999999999872046,0.,1.59971376303045E-5));
#3409=DIRECTION('',(0.,1.,0.));
#3410=DIRECTION('center_axis',(0.,-1.,0.));
#3411=DIRECTION('ref_axis',(0.,0.,-1.));
#3412=DIRECTION('',(0.,0.,-1.));
#3413=DIRECTION('',(-1.,0.,0.));
#3414=DIRECTION('center_axis',(-1.,0.,0.));
#3415=DIRECTION('ref_axis',(0.,0.,-1.));
#3416=DIRECTION('',(0.,1.,0.));
#3417=DIRECTION('center_axis',(1.59971376303507E-5,0.,-0.999999999872046));
#3418=DIRECTION('ref_axis',(-0.999999999872046,0.,-1.59971376303507E-5));
#3419=DIRECTION('',(0.,1.,0.));
#3420=DIRECTION('',(-0.999999999872046,0.,-1.59971376303507E-5));
#3421=DIRECTION('',(0.,1.,0.));
#3422=DIRECTION('center_axis',(0.,0.,-1.));
#3423=DIRECTION('ref_axis',(-1.,0.,0.));
#3424=DIRECTION('',(0.,1.,0.));
#3425=DIRECTION('',(-1.,0.,0.));
#3426=DIRECTION('',(0.,1.,0.));
#3427=DIRECTION('center_axis',(1.83697019872103E-16,0.,-1.));
#3428=DIRECTION('ref_axis',(1.,0.,1.83697019872103E-16));
#3429=DIRECTION('',(1.,0.,1.83697019872103E-16));
#3430=DIRECTION('',(0.,-1.,0.));
#3431=DIRECTION('',(1.,0.,1.83697019872103E-16));
#3432=DIRECTION('',(0.,-1.,0.));
#3433=DIRECTION('center_axis',(-1.,0.,-1.83697019872103E-16));
#3434=DIRECTION('ref_axis',(1.83697019872103E-16,0.,-1.));
#3435=DIRECTION('',(1.83697019872103E-16,0.,-1.));
#3436=DIRECTION('',(0.,-1.,0.));
#3437=DIRECTION('',(1.83697019872103E-16,0.,-1.));
#3438=DIRECTION('center_axis',(-1.49002550352567E-16,0.,1.));
#3439=DIRECTION('ref_axis',(-1.,0.,-1.49002550352567E-16));
#3440=DIRECTION('',(-1.,0.,-1.49002550352567E-16));
#3441=DIRECTION('',(0.,1.,0.));
#3442=DIRECTION('',(-1.,0.,-1.49002550352567E-16));
#3443=DIRECTION('center_axis',(0.,-1.,0.));
#3444=DIRECTION('ref_axis',(-1.83697019872103E-16,0.,1.));
#3445=DIRECTION('center_axis',(0.,1.,0.));
#3446=DIRECTION('ref_axis',(-1.,0.,0.));
#3447=DIRECTION('center_axis',(0.,1.,0.));
#3448=DIRECTION('ref_axis',(-1.,0.,0.));
#3449=DIRECTION('center_axis',(0.,1.,0.));
#3450=DIRECTION('ref_axis',(-1.,0.,0.));
#3451=DIRECTION('center_axis',(0.,-1.,0.));
#3452=DIRECTION('ref_axis',(-1.,0.,0.));
#3453=DIRECTION('',(0.,-1.,0.));
#3454=DIRECTION('center_axis',(0.,1.,0.));
#3455=DIRECTION('ref_axis',(-1.,0.,0.));
#3456=DIRECTION('',(0.,1.,0.));
#3457=DIRECTION('center_axis',(0.,-1.,0.));
#3458=DIRECTION('ref_axis',(-1.,0.,0.));
#3459=DIRECTION('',(0.,-1.,0.));
#3460=DIRECTION('center_axis',(0.,1.,0.));
#3461=DIRECTION('ref_axis',(-1.,0.,0.));
#3462=DIRECTION('',(0.,-1.,0.));
#3463=DIRECTION('center_axis',(0.,-1.,0.));
#3464=DIRECTION('ref_axis',(-1.,0.,0.));
#3465=DIRECTION('center_axis',(0.,1.,0.));
#3466=DIRECTION('ref_axis',(-1.,0.,0.));
#3467=DIRECTION('',(0.,1.,0.));
#3468=DIRECTION('center_axis',(0.,-1.,0.));
#3469=DIRECTION('ref_axis',(-1.,0.,0.));
#3470=DIRECTION('',(0.,-1.,0.));
#3471=DIRECTION('center_axis',(0.,1.,0.));
#3472=DIRECTION('ref_axis',(-1.,0.,0.));
#3473=DIRECTION('',(0.,1.,0.));
#3474=DIRECTION('center_axis',(0.,-1.,0.));
#3475=DIRECTION('ref_axis',(-1.,0.,0.));
#3476=DIRECTION('center_axis',(1.,0.,1.22464679914735E-16));
#3477=DIRECTION('ref_axis',(-1.22464679914735E-16,0.,1.));
#3478=DIRECTION('',(-1.22464679914735E-16,0.,1.));
#3479=DIRECTION('',(0.,-1.,0.));
#3480=DIRECTION('',(-1.22464679914735E-16,0.,1.));
#3481=DIRECTION('center_axis',(1.22464679914735E-16,0.,-1.));
#3482=DIRECTION('ref_axis',(1.,0.,1.22464679914735E-16));
#3483=DIRECTION('',(1.,0.,1.22464679914735E-16));
#3484=DIRECTION('',(0.,-1.,0.));
#3485=DIRECTION('',(1.,0.,1.22464679914735E-16));
#3486=DIRECTION('center_axis',(-1.,0.,-8.77702103951992E-17));
#3487=DIRECTION('ref_axis',(8.77702103951992E-17,0.,-1.));
#3488=DIRECTION('',(8.77702103951992E-17,0.,-1.));
#3489=DIRECTION('',(8.77702103951992E-17,0.,-1.));
#3490=DIRECTION('center_axis',(0.,-1.,0.));
#3491=DIRECTION('ref_axis',(-1.,0.,-1.22464679914735E-16));
#3492=DIRECTION('center_axis',(0.,1.,0.));
#3493=DIRECTION('ref_axis',(-1.,0.,0.));
#3494=DIRECTION('center_axis',(-6.12323399573677E-17,0.,1.));
#3495=DIRECTION('ref_axis',(-1.,0.,-6.12323399573677E-17));
#3496=DIRECTION('',(-1.,0.,-6.12323399573677E-17));
#3497=DIRECTION('',(0.,-1.,0.));
#3498=DIRECTION('',(-1.,0.,-6.12323399573677E-17));
#3499=DIRECTION('center_axis',(1.,0.,6.12323399573677E-17));
#3500=DIRECTION('ref_axis',(-6.12323399573677E-17,0.,1.));
#3501=DIRECTION('',(-6.12323399573677E-17,0.,1.));
#3502=DIRECTION('',(0.,-1.,0.));
#3503=DIRECTION('',(-6.12323399573677E-17,0.,1.));
#3504=DIRECTION('center_axis',(2.65378704378315E-17,0.,-1.));
#3505=DIRECTION('ref_axis',(1.,0.,2.65378704378315E-17));
#3506=DIRECTION('',(1.,0.,2.65378704378315E-17));
#3507=DIRECTION('',(1.,0.,2.65378704378315E-17));
#3508=DIRECTION('center_axis',(0.,-1.,0.));
#3509=DIRECTION('ref_axis',(6.12323399573677E-17,0.,-1.));
#3510=DIRECTION('center_axis',(0.,1.,0.));
#3511=DIRECTION('ref_axis',(-1.,0.,0.));
#3512=DIRECTION('center_axis',(-1.,0.,0.));
#3513=DIRECTION('ref_axis',(0.,0.,-1.));
#3514=DIRECTION('',(0.,0.,-1.));
#3515=DIRECTION('',(0.,-1.,0.));
#3516=DIRECTION('',(0.,0.,-1.));
#3517=DIRECTION('center_axis',(0.,0.,1.));
#3518=DIRECTION('ref_axis',(-1.,0.,0.));
#3519=DIRECTION('',(-1.,0.,0.));
#3520=DIRECTION('',(0.,-1.,0.));
#3521=DIRECTION('',(-1.,0.,0.));
#3522=DIRECTION('center_axis',(1.,0.,-3.46944695195362E-17));
#3523=DIRECTION('ref_axis',(3.46944695195362E-17,0.,1.));
#3524=DIRECTION('',(3.46944695195362E-17,0.,1.));
#3525=DIRECTION('',(3.46944695195362E-17,0.,1.));
#3526=DIRECTION('center_axis',(0.,-1.,0.));
#3527=DIRECTION('ref_axis',(1.,0.,0.));
#3528=DIRECTION('center_axis',(0.,1.,0.));
#3529=DIRECTION('ref_axis',(-1.,0.,0.));
#3530=DIRECTION('center_axis',(-0.707106781186446,5.8564264548977E-15,-0.707106781186649));
#3531=DIRECTION('ref_axis',(-0.707106781186649,0.,0.707106781186446));
#3532=DIRECTION('',(0.707106781186649,0.,-0.707106781186446));
#3533=DIRECTION('',(0.500000000000078,0.707106781186544,-0.499999999999928));
#3534=DIRECTION('',(-0.500000000000066,0.707106781186551,0.499999999999928));
#3535=DIRECTION('center_axis',(-0.500000000000072,-0.707106781186544,0.499999999999934));
#3536=DIRECTION('ref_axis',(0.70710678118645,0.,0.707106781186645));
#3537=DIRECTION('',(-0.70710678118645,0.,-0.707106781186645));
#3538=DIRECTION('',(-0.816496580927701,0.577350269189661,-4.63151952218554E-14));
#3539=DIRECTION('',(-0.70710678118645,0.,-0.707106781186645));
#3540=DIRECTION('center_axis',(-0.500000000000014,-0.707106781186543,-0.499999999999993));
#3541=DIRECTION('ref_axis',(-0.707106781186532,0.,0.707106781186563));
#3542=DIRECTION('',(0.707106781186532,0.,-0.707106781186563));
#3543=DIRECTION('',(0.707106781186532,0.,-0.707106781186563));
#3544=DIRECTION('',(-0.500000000000007,0.707106781186552,-0.499999999999986));
#3545=DIRECTION('center_axis',(-0.500000000000066,0.707106781186551,0.499999999999928));
#3546=DIRECTION('ref_axis',(0.70710678118645,0.,0.707106781186645));
#3547=DIRECTION('',(0.70710678118645,0.,0.707106781186645));
#3548=DIRECTION('',(0.816496580927708,0.577350269189652,4.86227504455162E-14));
#3549=DIRECTION('center_axis',(-0.500000000000007,0.707106781186552,-0.499999999999986));
#3550=DIRECTION('ref_axis',(-0.707106781186532,0.,0.707106781186563));
#3551=DIRECTION('',(-0.707106781186532,0.,0.707106781186563));
#3552=DIRECTION('',(0.500000000000016,0.707106781186545,0.499999999999987));
#3553=DIRECTION('center_axis',(-0.70710678118653,3.33066907387547E-15,0.707106781186565));
#3554=DIRECTION('ref_axis',(0.707106781186565,0.,0.70710678118653));
#3555=DIRECTION('',(-0.707106781186565,0.,-0.70710678118653));
#3556=DIRECTION('center_axis',(0.,-1.,0.));
#3557=DIRECTION('ref_axis',(0.,0.,-1.));
#3558=DIRECTION('center_axis',(0.,1.,0.));
#3559=DIRECTION('ref_axis',(-1.,0.,0.));
#3560=DIRECTION('center_axis',(0.,1.,0.));
#3561=DIRECTION('ref_axis',(-1.,0.,0.));
#3562=DIRECTION('center_axis',(0.,1.,0.));
#3563=DIRECTION('ref_axis',(-1.,0.,0.));
#3564=DIRECTION('',(0.707106781186548,0.707106781186547,8.65956056235494E-17));
#3565=DIRECTION('center_axis',(0.,-1.,0.));
#3566=DIRECTION('ref_axis',(-1.,0.,0.));
#3567=DIRECTION('center_axis',(0.,1.,0.));
#3568=DIRECTION('ref_axis',(-1.,0.,0.));
#3569=DIRECTION('center_axis',(0.,1.,0.));
#3570=DIRECTION('ref_axis',(-1.,0.,0.));
#3571=DIRECTION('center_axis',(0.,1.,0.));
#3572=DIRECTION('ref_axis',(-1.,0.,0.));
#3573=DIRECTION('center_axis',(0.707106781186446,5.8564264548977E-15,0.707106781186649));
#3574=DIRECTION('ref_axis',(0.707106781186649,0.,-0.707106781186446));
#3575=DIRECTION('',(-0.707106781186649,0.,0.707106781186446));
#3576=DIRECTION('',(-0.500000000000077,0.707106781186544,0.499999999999928));
#3577=DIRECTION('',(0.500000000000066,0.707106781186551,-0.499999999999928));
#3578=DIRECTION('center_axis',(0.500000000000072,-0.707106781186544,-0.499999999999934));
#3579=DIRECTION('ref_axis',(-0.70710678118645,0.,-0.707106781186645));
#3580=DIRECTION('',(0.70710678118645,0.,0.707106781186645));
#3581=DIRECTION('',(0.816496580927701,0.577350269189661,4.62152032294206E-14));
#3582=DIRECTION('',(0.70710678118645,0.,0.707106781186645));
#3583=DIRECTION('center_axis',(0.500000000000014,-0.707106781186543,0.499999999999992));
#3584=DIRECTION('ref_axis',(0.707106781186532,0.,-0.707106781186563));
#3585=DIRECTION('',(-0.707106781186532,0.,0.707106781186563));
#3586=DIRECTION('',(-0.707106781186532,0.,0.707106781186563));
#3587=DIRECTION('',(0.500000000000008,0.707106781186552,0.499999999999986));
#3588=DIRECTION('center_axis',(0.500000000000066,0.707106781186551,-0.499999999999928));
#3589=DIRECTION('ref_axis',(-0.70710678118645,0.,-0.707106781186645));
#3590=DIRECTION('',(-0.70710678118645,0.,-0.707106781186645));
#3591=DIRECTION('',(-0.816496580927708,0.577350269189652,-4.85227584530814E-14));
#3592=DIRECTION('center_axis',(0.500000000000008,0.707106781186552,0.499999999999986));
#3593=DIRECTION('ref_axis',(0.707106781186532,0.,-0.707106781186563));
#3594=DIRECTION('',(0.707106781186532,0.,-0.707106781186563));
#3595=DIRECTION('',(-0.500000000000016,0.707106781186545,-0.499999999999987));
#3596=DIRECTION('center_axis',(0.70710678118653,3.33066907387547E-15,-0.707106781186565));
#3597=DIRECTION('ref_axis',(-0.707106781186565,0.,-0.70710678118653));
#3598=DIRECTION('',(0.707106781186565,0.,0.70710678118653));
#3599=DIRECTION('center_axis',(0.,-1.,0.));
#3600=DIRECTION('ref_axis',(0.,0.,-1.));
#3601=DIRECTION('center_axis',(-0.120136838834647,0.,0.992757341929446));
#3602=DIRECTION('ref_axis',(0.992757341929446,0.,0.120136838834647));
#3603=DIRECTION('',(0.,-1.,0.));
#3604=DIRECTION('',(-0.701985448551048,-0.707106781186543,-0.084949573410295));
#3605=DIRECTION('',(-1.25900419142459E-15,-1.,-1.52356247845378E-16));
#3606=DIRECTION('',(0.701985448551006,-0.707106781186585,0.0849495734102899));
#3607=DIRECTION('',(0.992757341929446,0.,0.120136838834647));
#3608=DIRECTION('center_axis',(0.,1.,0.));
#3609=DIRECTION('ref_axis',(0.,0.,1.));
#3610=DIRECTION('center_axis',(0.,1.,0.));
#3611=DIRECTION('ref_axis',(0.992737492541296,0.,0.120300751879699));
#3612=DIRECTION('',(-0.701985448551048,0.707106781186543,0.084949573410295));
#3613=DIRECTION('center_axis',(0.,1.,0.));
#3614=DIRECTION('ref_axis',(0.,0.,1.));
#3615=DIRECTION('center_axis',(0.,-1.,0.));
#3616=DIRECTION('ref_axis',(0.,0.,1.));
#3617=DIRECTION('',(-1.25900419142459E-15,1.,1.52356247845378E-16));
#3618=DIRECTION('center_axis',(0.,1.,0.));
#3619=DIRECTION('ref_axis',(0.,0.,1.));
#3620=DIRECTION('center_axis',(0.,-1.,0.));
#3621=DIRECTION('ref_axis',(0.,0.,1.));
#3622=DIRECTION('',(0.701985448551006,0.707106781186585,-0.0849495734102899));
#3623=DIRECTION('center_axis',(0.,1.,0.));
#3624=DIRECTION('ref_axis',(0.992737492541296,0.,0.120300751879699));
#3625=DIRECTION('center_axis',(-0.120136838834647,0.,-0.992757341929446));
#3626=DIRECTION('ref_axis',(-0.992757341929446,0.,0.120136838834647));
#3627=DIRECTION('',(0.,1.,0.));
#3628=DIRECTION('',(0.992757341929446,0.,-0.120136838834647));
#3629=DIRECTION('center_axis',(0.,1.,0.));
#3630=DIRECTION('ref_axis',(-0.992737492541296,0.,-0.1203007518797));
#3631=DIRECTION('center_axis',(0.,-1.,0.));
#3632=DIRECTION('ref_axis',(-0.992737492541296,0.,-0.1203007518797));
#3633=DIRECTION('',(0.,1.,0.));
#3634=DIRECTION('center_axis',(0.,1.,0.));
#3635=DIRECTION('ref_axis',(-0.992737492541296,0.,-0.1203007518797));
#3636=DIRECTION('',(0.,1.,0.));
#3637=DIRECTION('center_axis',(0.,-1.,0.));
#3638=DIRECTION('ref_axis',(1.,0.,0.));
#3639=DIRECTION('center_axis',(0.,-1.,0.));
#3640=DIRECTION('ref_axis',(1.59971376293792E-5,0.,-0.999999999872046));
#3641=DIRECTION('',(0.999999999872046,0.,1.59971376303507E-5));
#3642=DIRECTION('center_axis',(0.,-1.,0.));
#3643=DIRECTION('ref_axis',(-0.994795168096254,0.,0.101894914163299));
#3644=DIRECTION('center_axis',(0.,-1.,0.));
#3645=DIRECTION('ref_axis',(0.994793537942,0.,0.101910828025478));
#3646=DIRECTION('center_axis',(0.,-1.,0.));
#3647=DIRECTION('ref_axis',(0.,0.,-1.));
#3648=DIRECTION('',(1.,0.,0.));
#3649=DIRECTION('center_axis',(0.,-1.,0.));
#3650=DIRECTION('ref_axis',(0.994924026387193,0.,0.10062893081761));
#3651=DIRECTION('',(0.999999999872046,0.,1.59971376185025E-5));
#3652=DIRECTION('center_axis',(0.,1.,0.));
#3653=DIRECTION('ref_axis',(0.992737492541296,0.,0.120300751879699));
#3654=DIRECTION('',(1.,0.,1.35813152881065E-15));
#3655=DIRECTION('center_axis',(0.,1.,0.));
#3656=DIRECTION('ref_axis',(0.,0.,1.));
#3657=DIRECTION('center_axis',(4.06282539138468E-17,1.,1.05530968053705E-16));
#3658=DIRECTION('ref_axis',(-4.35915788809875E-16,-1.08978947202469E-16,
1.));
#3659=DIRECTION('center_axis',(0.,1.,0.));
#3660=DIRECTION('ref_axis',(0.,0.,1.));
#3661=DIRECTION('',(0.,1.,0.));
#3662=DIRECTION('center_axis',(4.06282539138468E-17,1.,1.05530968053705E-16));
#3663=DIRECTION('ref_axis',(-4.35915788809875E-16,-1.08978947202469E-16,
1.));
#3664=DIRECTION('',(-7.01746977762783E-15,1.,7.09876628151869E-16));
#3665=DIRECTION('center_axis',(0.,-1.,0.));
#3666=DIRECTION('ref_axis',(0.,0.,1.));
#3667=DIRECTION('center_axis',(0.,1.,0.));
#3668=DIRECTION('ref_axis',(0.,0.,1.));
#3669=DIRECTION('',(0.,1.,0.));
#3670=DIRECTION('center_axis',(0.,-1.,0.));
#3671=DIRECTION('ref_axis',(0.,0.,1.));
#3672=DIRECTION('',(-7.0174811327244E-15,-1.,-7.0976436862758E-16));
#3673=DIRECTION('center_axis',(4.06282539138468E-17,1.,1.05530968053705E-16));
#3674=DIRECTION('ref_axis',(-4.35915788809875E-16,-1.08978947202469E-16,
1.));
#3675=DIRECTION('center_axis',(-0.100644846742153,0.,-0.994922416484948));
#3676=DIRECTION('ref_axis',(-0.994922416484948,0.,0.100644846742153));
#3677=DIRECTION('',(0.703516387451033,-0.707106781186528,-0.0711666536228593));
#3678=DIRECTION('',(-0.703516387451006,-0.707106781186555,0.0711666536228566));
#3679=DIRECTION('',(0.,-1.,0.));
#3680=DIRECTION('center_axis',(0.,-1.,0.));
#3681=DIRECTION('ref_axis',(0.,0.,1.));
#3682=DIRECTION('center_axis',(0.,-1.,0.));
#3683=DIRECTION('ref_axis',(0.994793537942,0.,0.101910828025478));
#3684=DIRECTION('center_axis',(0.,-1.,0.));
#3685=DIRECTION('ref_axis',(0.994793537942,0.,0.101910828025478));
#3686=DIRECTION('',(-0.703517525823777,0.707106781186555,-0.0711553993649135));
#3687=DIRECTION('center_axis',(1.95929153489853E-17,1.,5.08921532329997E-17));
#3688=DIRECTION('ref_axis',(-2.10219744307721E-16,-5.25549360769303E-17,
1.));
#3689=DIRECTION('center_axis',(0.,1.,0.));
#3690=DIRECTION('ref_axis',(0.,0.,1.));
#3691=DIRECTION('',(0.,1.,0.));
#3692=DIRECTION('center_axis',(0.,1.,0.));
#3693=DIRECTION('ref_axis',(-2.10219744307721E-16,0.,1.));
#3694=DIRECTION('center_axis',(0.,1.,0.));
#3695=DIRECTION('ref_axis',(0.,0.,1.));
#3696=DIRECTION('',(0.703517525823804,0.707106781186528,0.0711553993649162));
#3697=DIRECTION('center_axis',(-0.100628930817936,0.,0.99492402638716));
#3698=DIRECTION('ref_axis',(0.99492402638716,0.,0.100628930817936));
#3699=DIRECTION('center_axis',(0.,1.,0.));
#3700=DIRECTION('ref_axis',(0.994793537942,0.,0.101910828025478));
#3701=DIRECTION('',(0.,1.,0.));
#3702=DIRECTION('center_axis',(0.,1.,0.));
#3703=DIRECTION('ref_axis',(0.994793537942,0.,0.101910828025478));
#3704=DIRECTION('center_axis',(0.,1.,0.));
#3705=DIRECTION('ref_axis',(0.994793537942,0.,0.101910828025478));
#3706=DIRECTION('center_axis',(0.,1.,0.));
#3707=DIRECTION('ref_axis',(0.994793537942,0.,0.101910828025478));
#3708=DIRECTION('',(0.,1.,0.));
#3709=DIRECTION('center_axis',(0.120136838834647,0.,-0.992757341929446));
#3710=DIRECTION('ref_axis',(-0.992757341929446,0.,-0.120136838834647));
#3711=DIRECTION('',(0.,-1.,0.));
#3712=DIRECTION('',(-0.701985448551048,0.707106781186543,-0.084949573410295));
#3713=DIRECTION('',(-1.25900419142459E-15,1.,-1.52356247845378E-16));
#3714=DIRECTION('',(0.701985448551006,0.707106781186585,0.0849495734102899));
#3715=DIRECTION('',(0.992757341929446,0.,0.120136838834647));
#3716=DIRECTION('center_axis',(0.120136838834647,0.,0.992757341929446));
#3717=DIRECTION('ref_axis',(0.992757341929446,0.,-0.120136838834647));
#3718=DIRECTION('',(0.,1.,0.));
#3719=DIRECTION('',(0.992757341929446,0.,-0.120136838834647));
#3720=DIRECTION('',(0.701985448551006,-0.707106781186585,-0.0849495734102899));
#3721=DIRECTION('',(-1.25900419142459E-15,-1.,1.52356247845378E-16));
#3722=DIRECTION('',(-0.701985448551048,-0.707106781186543,0.084949573410295));
#3723=DIRECTION('center_axis',(0.,1.,0.));
#3724=DIRECTION('ref_axis',(0.,0.,-1.));
#3725=DIRECTION('center_axis',(0.,1.,0.));
#3726=DIRECTION('ref_axis',(-0.992735567946586,0.,-0.120316632822605));
#3727=DIRECTION('center_axis',(0.,-1.,0.));
#3728=DIRECTION('ref_axis',(0.,0.,-1.));
#3729=DIRECTION('center_axis',(0.,1.,0.));
#3730=DIRECTION('ref_axis',(0.,0.,-1.));
#3731=DIRECTION('center_axis',(0.,-1.,0.));
#3732=DIRECTION('ref_axis',(0.,0.,-1.));
#3733=DIRECTION('center_axis',(0.,-1.,0.));
#3734=DIRECTION('ref_axis',(0.,0.,-1.));
#3735=DIRECTION('center_axis',(0.,1.,0.));
#3736=DIRECTION('ref_axis',(-0.992735567946586,0.,-0.120316632822605));
#3737=DIRECTION('center_axis',(0.,1.,0.));
#3738=DIRECTION('ref_axis',(0.992735567946586,0.,0.120316632822604));
#3739=DIRECTION('center_axis',(0.,-1.,0.));
#3740=DIRECTION('ref_axis',(0.992735567946586,0.,0.120316632822604));
#3741=DIRECTION('',(0.,1.,0.));
#3742=DIRECTION('center_axis',(0.,1.,0.));
#3743=DIRECTION('ref_axis',(0.992735567946586,0.,0.120316632822604));
#3744=DIRECTION('',(0.,1.,0.));
#3745=DIRECTION('center_axis',(0.,-1.,0.));
#3746=DIRECTION('ref_axis',(-1.,0.,-1.22464679914735E-16));
#3747=DIRECTION('center_axis',(0.,-1.,0.));
#3748=DIRECTION('ref_axis',(0.,0.,1.));
#3749=DIRECTION('',(-1.,0.,0.));
#3750=DIRECTION('center_axis',(0.,-1.,0.));
#3751=DIRECTION('ref_axis',(0.994793537942,0.,-0.101910828025478));
#3752=DIRECTION('center_axis',(0.,-1.,0.));
#3753=DIRECTION('ref_axis',(-0.99479190753317,0.,-0.101926741861578));
#3754=DIRECTION('center_axis',(0.,-1.,0.));
#3755=DIRECTION('ref_axis',(-1.59971376323397E-5,0.,0.999999999872046));
#3756=DIRECTION('',(-0.999999999872046,0.,-1.59971376303045E-5));
#3757=DIRECTION('center_axis',(0.,-1.,0.));
#3758=DIRECTION('ref_axis',(-0.994924026387193,0.,-0.10062893081761));
#3759=DIRECTION('',(-0.999999999872046,0.,-1.59971376186249E-5));
#3760=DIRECTION('center_axis',(0.,1.,0.));
#3761=DIRECTION('ref_axis',(-0.992737492541296,0.,-0.120300751879699));
#3762=DIRECTION('',(-1.,0.,-1.48059620872539E-15));
#3763=DIRECTION('center_axis',(0.,-1.,0.));
#3764=DIRECTION('ref_axis',(0.,0.,-1.));
#3765=DIRECTION('center_axis',(-4.06282539138468E-17,-1.,1.05530968053705E-16));
#3766=DIRECTION('ref_axis',(-4.35915788809875E-16,-1.08978947202469E-16,
-1.));
#3767=DIRECTION('center_axis',(0.,-1.,0.));
#3768=DIRECTION('ref_axis',(0.,0.,-1.));
#3769=DIRECTION('',(0.,1.,0.));
#3770=DIRECTION('center_axis',(-4.06282539138468E-17,-1.,1.05530968053705E-16));
#3771=DIRECTION('ref_axis',(-4.35915788809875E-16,-1.08978947202469E-16,
-1.));
#3772=DIRECTION('',(-7.0174811327244E-15,-1.,7.0976436862758E-16));
#3773=DIRECTION('center_axis',(0.,1.,0.));
#3774=DIRECTION('ref_axis',(0.,0.,-1.));
#3775=DIRECTION('center_axis',(0.,-1.,0.));
#3776=DIRECTION('ref_axis',(0.,0.,-1.));
#3777=DIRECTION('',(0.,1.,0.));
#3778=DIRECTION('center_axis',(0.,1.,0.));
#3779=DIRECTION('ref_axis',(0.,0.,-1.));
#3780=DIRECTION('',(-7.01746977762783E-15,1.,-7.09876628151869E-16));
#3781=DIRECTION('center_axis',(-4.06282539138468E-17,-1.,1.05530968053705E-16));
#3782=DIRECTION('ref_axis',(-4.35915788809875E-16,-1.08978947202469E-16,
-1.));
#3783=DIRECTION('center_axis',(0.100644846742153,0.,-0.994922416484948));
#3784=DIRECTION('ref_axis',(-0.994922416484948,0.,-0.100644846742153));
#3785=DIRECTION('',(0.703516387451033,-0.707106781186528,0.0711666536228593));
#3786=DIRECTION('',(0.,-1.,0.));
#3787=DIRECTION('',(-0.703516387451006,-0.707106781186555,-0.0711666536228566));
#3788=DIRECTION('center_axis',(0.,-1.,0.));
#3789=DIRECTION('ref_axis',(0.,0.,-1.));
#3790=DIRECTION('center_axis',(-1.95929153489853E-17,-1.,5.08921532329997E-17));
#3791=DIRECTION('ref_axis',(-2.10219744307721E-16,-5.25549360769303E-17,
-1.));
#3792=DIRECTION('',(-0.703517525823777,0.707106781186555,0.0711553993649135));
#3793=DIRECTION('center_axis',(0.,-1.,0.));
#3794=DIRECTION('ref_axis',(-0.99479190753317,0.,-0.101926741861578));
#3795=DIRECTION('center_axis',(0.,-1.,0.));
#3796=DIRECTION('ref_axis',(-0.99479190753317,0.,-0.101926741861578));
#3797=DIRECTION('center_axis',(0.,-1.,0.));
#3798=DIRECTION('ref_axis',(0.,0.,-1.));
#3799=DIRECTION('center_axis',(0.,-1.,0.));
#3800=DIRECTION('ref_axis',(-2.10219744307721E-16,0.,-1.));
#3801=DIRECTION('',(0.,1.,0.));
#3802=DIRECTION('center_axis',(0.,1.,0.));
#3803=DIRECTION('ref_axis',(0.,0.,-1.));
#3804=DIRECTION('',(0.703517525823804,0.707106781186528,-0.0711553993649162));
#3805=DIRECTION('center_axis',(0.100628930817936,0.,0.99492402638716));
#3806=DIRECTION('ref_axis',(0.99492402638716,0.,-0.100628930817936));
#3807=DIRECTION('center_axis',(0.,1.,0.));
#3808=DIRECTION('ref_axis',(-0.99479190753317,0.,-0.101926741861578));
#3809=DIRECTION('',(0.,1.,0.));
#3810=DIRECTION('center_axis',(0.,1.,0.));
#3811=DIRECTION('ref_axis',(-0.99479190753317,0.,-0.101926741861578));
#3812=DIRECTION('center_axis',(0.,1.,0.));
#3813=DIRECTION('ref_axis',(-0.99479190753317,0.,-0.101926741861578));
#3814=DIRECTION('center_axis',(0.,1.,0.));
#3815=DIRECTION('ref_axis',(-0.99479190753317,0.,-0.101926741861578));
#3816=DIRECTION('',(0.,1.,0.));
#3817=DIRECTION('center_axis',(1.48059620872539E-15,0.,-1.));
#3818=DIRECTION('ref_axis',(-1.,0.,-1.48059620872539E-15));
#3819=DIRECTION('',(0.,1.,0.));
#3820=DIRECTION('',(0.,1.,0.));
#3821=DIRECTION('center_axis',(0.,1.,0.));
#3822=DIRECTION('ref_axis',(-0.992737492541296,0.,-0.120300751879699));
#3823=DIRECTION('',(0.,1.,0.));
#3824=DIRECTION('center_axis',(1.59971376186249E-5,0.,-0.999999999872046));
#3825=DIRECTION('ref_axis',(-0.999999999872046,0.,-1.59971376186249E-5));
#3826=DIRECTION('',(0.,1.,0.));
#3827=DIRECTION('center_axis',(0.,1.,0.));
#3828=DIRECTION('ref_axis',(-0.994924026387193,0.,-0.10062893081761));
#3829=DIRECTION('center_axis',(-1.59971376303045E-5,0.,0.999999999872046));
#3830=DIRECTION('ref_axis',(0.999999999872046,0.,1.59971376303045E-5));
#3831=DIRECTION('',(0.,1.,0.));
#3832=DIRECTION('',(0.999999999872046,0.,1.59971376303045E-5));
#3833=DIRECTION('center_axis',(0.,1.,0.));
#3834=DIRECTION('ref_axis',(0.992735567946586,0.,0.120316632822604));
#3835=DIRECTION('',(0.,1.,0.));
#3836=DIRECTION('center_axis',(0.,1.,0.));
#3837=DIRECTION('ref_axis',(0.992735567946586,0.,0.120316632822604));
#3838=DIRECTION('center_axis',(0.,1.,0.));
#3839=DIRECTION('ref_axis',(-0.992735567946586,0.,-0.120316632822605));
#3840=DIRECTION('center_axis',(0.,-1.,0.));
#3841=DIRECTION('ref_axis',(-0.992735567946586,0.,-0.120316632822605));
#3842=DIRECTION('center_axis',(0.,-1.,0.));
#3843=DIRECTION('ref_axis',(-0.992735567946586,0.,-0.120316632822605));
#3844=DIRECTION('',(0.,1.,0.));
#3845=DIRECTION('center_axis',(0.,1.,0.));
#3846=DIRECTION('ref_axis',(-0.992735567946586,0.,-0.120316632822605));
#3847=DIRECTION('',(0.,1.,0.));
#3848=DIRECTION('center_axis',(0.,-1.,0.));
#3849=DIRECTION('ref_axis',(-0.992735567946586,0.,-0.120316632822605));
#3850=DIRECTION('center_axis',(0.,1.,0.));
#3851=DIRECTION('ref_axis',(-1.59971376323397E-5,0.,0.999999999872046));
#3852=DIRECTION('center_axis',(0.,1.,0.));
#3853=DIRECTION('ref_axis',(-1.59971376323397E-5,0.,0.999999999872046));
#3854=DIRECTION('center_axis',(0.,1.,0.));
#3855=DIRECTION('ref_axis',(0.,0.,1.));
#3856=DIRECTION('center_axis',(0.,1.,0.));
#3857=DIRECTION('ref_axis',(0.,0.,1.));
#3858=DIRECTION('',(0.,1.,0.));
#3859=DIRECTION('center_axis',(0.,1.,0.));
#3860=DIRECTION('ref_axis',(0.994793537942,0.,-0.101910828025478));
#3861=DIRECTION('',(0.,1.,0.));
#3862=DIRECTION('center_axis',(0.,1.,0.));
#3863=DIRECTION('ref_axis',(0.994793537942,0.,-0.101910828025478));
#3864=DIRECTION('center_axis',(0.,0.,1.));
#3865=DIRECTION('ref_axis',(1.,0.,0.));
#3866=DIRECTION('',(1.,0.,0.));
#3867=DIRECTION('center_axis',(-1.35813152881065E-15,0.,1.));
#3868=DIRECTION('ref_axis',(1.,0.,1.35813152881065E-15));
#3869=DIRECTION('',(0.,1.,0.));
#3870=DIRECTION('',(0.,1.,0.));
#3871=DIRECTION('center_axis',(0.,1.,0.));
#3872=DIRECTION('ref_axis',(0.992737492541296,0.,0.120300751879699));
#3873=DIRECTION('',(0.,1.,0.));
#3874=DIRECTION('center_axis',(-1.59971376185025E-5,0.,0.999999999872046));
#3875=DIRECTION('ref_axis',(0.999999999872046,0.,1.59971376185025E-5));
#3876=DIRECTION('',(0.,1.,0.));
#3877=DIRECTION('center_axis',(0.,1.,0.));
#3878=DIRECTION('ref_axis',(0.994924026387193,0.,0.10062893081761));
#3879=DIRECTION('center_axis',(0.,1.,0.));
#3880=DIRECTION('ref_axis',(0.992737492541296,0.,0.120300751879699));
#3881=DIRECTION('center_axis',(0.,-1.,0.));
#3882=DIRECTION('ref_axis',(0.992737492541296,0.,0.120300751879699));
#3883=DIRECTION('center_axis',(0.,-1.,0.));
#3884=DIRECTION('ref_axis',(0.992737492541296,0.,0.120300751879699));
#3885=DIRECTION('',(0.,1.,0.));
#3886=DIRECTION('center_axis',(0.,1.,0.));
#3887=DIRECTION('ref_axis',(1.59971376293792E-5,0.,-0.999999999872046));
#3888=DIRECTION('center_axis',(0.,1.,0.));
#3889=DIRECTION('ref_axis',(1.59971376293792E-5,0.,-0.999999999872046));
#3890=DIRECTION('',(0.,1.,0.));
#3891=DIRECTION('center_axis',(0.,1.,0.));
#3892=DIRECTION('ref_axis',(1.59971376293792E-5,0.,-0.999999999872046));
#3893=DIRECTION('center_axis',(0.,1.,0.));
#3894=DIRECTION('ref_axis',(1.59971376293792E-5,0.,-0.999999999872046));
#3895=DIRECTION('',(0.,1.,0.));
#3896=DIRECTION('center_axis',(1.59971376303507E-5,0.,-0.999999999872046));
#3897=DIRECTION('ref_axis',(-0.999999999872046,0.,-1.59971376303507E-5));
#3898=DIRECTION('',(-0.999999999872046,0.,-1.59971376303507E-5));
#3899=DIRECTION('',(0.,1.,0.));
#3900=DIRECTION('center_axis',(0.,0.,-1.));
#3901=DIRECTION('ref_axis',(-1.,0.,0.));
#3902=DIRECTION('',(0.,1.,0.));
#3903=DIRECTION('',(-1.,0.,0.));
#3904=DIRECTION('center_axis',(0.,1.,0.));
#3905=DIRECTION('ref_axis',(-0.994795168096254,0.,0.101894914163299));
#3906=DIRECTION('center_axis',(0.,1.,0.));
#3907=DIRECTION('ref_axis',(-0.994795168096254,0.,0.101894914163299));
#3908=DIRECTION('center_axis',(0.,1.,0.));
#3909=DIRECTION('ref_axis',(0.,0.,-1.));
#3910=DIRECTION('center_axis',(0.,1.,0.));
#3911=DIRECTION('ref_axis',(0.,0.,-1.));
#3912=DIRECTION('center_axis',(0.,1.,0.));
#3913=DIRECTION('ref_axis',(0.,0.,-1.));
#3914=DIRECTION('center_axis',(0.,1.,0.));
#3915=DIRECTION('ref_axis',(0.,0.,-1.));
#3916=DIRECTION('',(0.,1.,0.));
#3917=DIRECTION('center_axis',(0.,1.,0.));
#3918=DIRECTION('ref_axis',(0.994793537942,0.,0.101910828025478));
#3919=DIRECTION('center_axis',(0.,1.,0.));
#3920=DIRECTION('ref_axis',(0.994793537942,0.,0.101910828025478));
#3921=DIRECTION('',(0.,1.,0.));
#3922=DIRECTION('center_axis',(0.,-1.,0.));
#3923=DIRECTION('ref_axis',(1.,0.,0.));
#3924=DIRECTION('center_axis',(0.,-1.,0.));
#3925=DIRECTION('ref_axis',(1.,0.,0.));
#3926=DIRECTION('center_axis',(0.,1.,0.));
#3927=DIRECTION('ref_axis',(-1.,0.,0.));
#3928=DIRECTION('center_axis',(0.,-1.,0.));
#3929=DIRECTION('ref_axis',(-1.,0.,0.));
#3930=DIRECTION('',(-0.707106781186548,-0.707106781186548,8.65956056235493E-17));
#3931=DIRECTION('center_axis',(0.,1.,0.));
#3932=DIRECTION('ref_axis',(-1.,0.,0.));
#3933=DIRECTION('center_axis',(0.,-1.,0.));
#3934=DIRECTION('ref_axis',(-1.,0.,0.));
#3935=DIRECTION('center_axis',(0.,-1.,0.));
#3936=DIRECTION('ref_axis',(-1.,0.,0.));
#3937=DIRECTION('center_axis',(0.,1.,0.));
#3938=DIRECTION('ref_axis',(0.,0.,1.));
#3939=DIRECTION('center_axis',(0.,1.,0.));
#3940=DIRECTION('ref_axis',(0.,0.,1.));
#3941=DIRECTION('center_axis',(0.,1.,0.));
#3942=DIRECTION('ref_axis',(-1.,0.,0.));
#3943=DIRECTION('',(0.,-1.,0.));
#3944=DIRECTION('center_axis',(0.,1.,0.));
#3945=DIRECTION('ref_axis',(-1.,0.,0.));
#3946=DIRECTION('center_axis',(0.,-1.,0.));
#3947=DIRECTION('ref_axis',(-1.,0.,0.));
#3948=DIRECTION('',(-0.707106781186548,-0.707106781186548,8.65956056235493E-17));
#3949=DIRECTION('center_axis',(0.,1.,0.));
#3950=DIRECTION('ref_axis',(-1.,0.,0.));
#3951=DIRECTION('center_axis',(0.,-1.,0.));
#3952=DIRECTION('ref_axis',(-1.,0.,0.));
#3953=DIRECTION('center_axis',(0.,-1.,0.));
#3954=DIRECTION('ref_axis',(-1.,0.,0.));
#3955=DIRECTION('center_axis',(0.,1.,0.));
#3956=DIRECTION('ref_axis',(0.,0.,1.));
#3957=DIRECTION('center_axis',(0.,1.,0.));
#3958=DIRECTION('ref_axis',(0.,0.,1.));
#3959=DIRECTION('center_axis',(0.,1.,0.));
#3960=DIRECTION('ref_axis',(0.992737492541296,0.,0.120300751879699));
#3961=DIRECTION('center_axis',(0.,-1.,0.));
#3962=DIRECTION('ref_axis',(0.992737492541296,0.,0.120300751879699));
#3963=DIRECTION('',(0.,1.,0.));
#3964=DIRECTION('center_axis',(0.,1.,0.));
#3965=DIRECTION('ref_axis',(-1.,0.,0.));
#3966=DIRECTION('',(0.,-1.,0.));
#3967=DIRECTION('center_axis',(0.,1.,0.));
#3968=DIRECTION('ref_axis',(-0.994795168096254,0.,0.101894914163299));
#3969=DIRECTION('center_axis',(0.,1.,0.));
#3970=DIRECTION('ref_axis',(-0.994795168096254,0.,0.101894914163299));
#3971=DIRECTION('center_axis',(0.,1.,0.));
#3972=DIRECTION('ref_axis',(-0.992737492541296,0.,-0.1203007518797));
#3973=DIRECTION('center_axis',(0.,1.,0.));
#3974=DIRECTION('ref_axis',(-0.992737492541296,0.,-0.1203007518797));
#3975=DIRECTION('center_axis',(0.,0.,1.));
#3976=DIRECTION('ref_axis',(1.,0.,0.));
#3977=DIRECTION('',(0.,1.,0.));
#3978=DIRECTION('',(1.,0.,0.));
#3979=DIRECTION('',(0.,1.,0.));
#3980=DIRECTION('center_axis',(0.,1.,0.));
#3981=DIRECTION('ref_axis',(0.,0.,1.));
#3982=DIRECTION('center_axis',(0.,1.,0.));
#3983=DIRECTION('ref_axis',(0.,0.,1.));
#3984=DIRECTION('center_axis',(0.,1.,0.));
#3985=DIRECTION('ref_axis',(-1.59971376323397E-5,0.,0.999999999872046));
#3986=DIRECTION('center_axis',(0.,1.,0.));
#3987=DIRECTION('ref_axis',(-1.59971376323397E-5,0.,0.999999999872046));
#3988=DIRECTION('',(0.,1.,0.));
#3989=DIRECTION('center_axis',(0.,1.,0.));
#3990=DIRECTION('ref_axis',(-0.99479190753317,0.,-0.101926741861578));
#3991=DIRECTION('center_axis',(0.,1.,0.));
#3992=DIRECTION('ref_axis',(-0.99479190753317,0.,-0.101926741861578));
#3993=DIRECTION('',(0.,1.,0.));
#3994=DIRECTION('center_axis',(0.,1.,0.));
#3995=DIRECTION('ref_axis',(0.994793537942,0.,-0.101910828025478));
#3996=DIRECTION('center_axis',(0.,1.,0.));
#3997=DIRECTION('ref_axis',(0.994793537942,0.,-0.101910828025478));
#3998=DIRECTION('center_axis',(0.,-1.,0.));
#3999=DIRECTION('ref_axis',(-1.,0.,0.));
#4000=DIRECTION('center_axis',(0.,1.,0.));
#4001=DIRECTION('ref_axis',(-1.,0.,0.));
#4002=DIRECTION('',(-0.707106781186548,0.707106781186547,-8.65956056235494E-17));
#4003=DIRECTION('center_axis',(0.,-1.,0.));
#4004=DIRECTION('ref_axis',(-1.,0.,0.));
#4005=DIRECTION('center_axis',(0.,1.,0.));
#4006=DIRECTION('ref_axis',(-1.,0.,0.));
#4007=DIRECTION('center_axis',(0.,1.,0.));
#4008=DIRECTION('ref_axis',(-1.,0.,0.));
#4009=DIRECTION('center_axis',(0.,1.,0.));
#4010=DIRECTION('ref_axis',(-1.,0.,0.));
#4011=DIRECTION('',(0.,-1.,0.));
#4012=DIRECTION('center_axis',(0.,-1.,0.));
#4013=DIRECTION('ref_axis',(-1.,0.,0.));
#4014=DIRECTION('center_axis',(0.,-1.,0.));
#4015=DIRECTION('ref_axis',(-1.,0.,0.));
#4016=DIRECTION('',(0.707106781186547,-0.707106781186547,-8.65956056235493E-17));
#4017=DIRECTION('center_axis',(0.,1.,0.));
#4018=DIRECTION('ref_axis',(-1.,0.,0.));
#4019=DIRECTION('center_axis',(0.,-1.,0.));
#4020=DIRECTION('ref_axis',(-1.,0.,0.));
#4021=DIRECTION('',(0.,-1.,0.));
#4022=DIRECTION('center_axis',(0.,1.,0.));
#4023=DIRECTION('ref_axis',(-1.,0.,0.));
#4024=DIRECTION('center_axis',(0.,1.,0.));
#4025=DIRECTION('ref_axis',(-1.,0.,0.));
#4026=DIRECTION('center_axis',(0.,-1.,0.));
#4027=DIRECTION('ref_axis',(0.,0.,-1.));
#4028=DIRECTION('center_axis',(0.,-1.,0.));
#4029=DIRECTION('ref_axis',(-1.,0.,0.));
#4030=DIRECTION('center_axis',(0.,1.,0.));
#4031=DIRECTION('ref_axis',(-1.,0.,0.));
#4032=DIRECTION('center_axis',(0.,1.,0.));
#4033=DIRECTION('ref_axis',(-1.,0.,0.));
#4034=DIRECTION('',(0.,1.,0.));
#4035=DIRECTION('center_axis',(0.,1.,0.));
#4036=DIRECTION('ref_axis',(-1.,0.,0.));
#4037=DIRECTION('center_axis',(0.,1.,0.));
#4038=DIRECTION('ref_axis',(-1.,0.,0.));
#4039=DIRECTION('',(0.,1.,0.));
#4040=DIRECTION('center_axis',(0.,1.,0.));
#4041=DIRECTION('ref_axis',(-1.,0.,0.));
#4042=DIRECTION('center_axis',(0.,1.,0.));
#4043=DIRECTION('ref_axis',(-1.,0.,0.));
#4044=DIRECTION('',(0.,1.,0.));
#4045=DIRECTION('center_axis',(0.,1.,0.));
#4046=DIRECTION('ref_axis',(-1.,0.,0.));
#4047=DIRECTION('center_axis',(0.,1.,0.));
#4048=DIRECTION('ref_axis',(-1.,0.,0.));
#4049=DIRECTION('',(0.,1.,0.));
#4050=DIRECTION('center_axis',(0.,-1.,0.));
#4051=DIRECTION('ref_axis',(-1.,0.,0.));
#4052=DIRECTION('center_axis',(0.,-1.,0.));
#4053=DIRECTION('ref_axis',(-1.,0.,0.));
#4054=DIRECTION('',(0.,1.,0.));
#4055=DIRECTION('center_axis',(0.,1.,0.));
#4056=DIRECTION('ref_axis',(0.,0.,1.));
#4057=DIRECTION('center_axis',(0.,-1.,0.));
#4058=DIRECTION('ref_axis',(-1.,0.,0.));
#4059=DIRECTION('',(0.,1.,0.));
#4060=DIRECTION('center_axis',(0.,-1.,0.));
#4061=DIRECTION('ref_axis',(-1.,0.,0.));
#4062=DIRECTION('center_axis',(0.,1.,0.));
#4063=DIRECTION('ref_axis',(-1.,0.,0.));
#4064=CARTESIAN_POINT('',(0.,0.,0.));
#4065=CARTESIAN_POINT('Origin',(0.,-8.9,-72.728826566614));
#4066=CARTESIAN_POINT('',(-2.925,-9.2,-72.728826566614));
#4067=CARTESIAN_POINT('Origin',(0.,-9.2,-72.728826566614));
#4068=CARTESIAN_POINT('',(-2.325,-8.6,-72.728826566614));
#4069=CARTESIAN_POINT('',(-2.625,-8.9,-72.728826566614));
#4070=CARTESIAN_POINT('Origin',(0.,-8.6,-72.728826566614));
#4071=CARTESIAN_POINT('Origin',(0.,-9.4,-72.728826566614));
#4072=CARTESIAN_POINT('',(-2.325,-4.4,-72.728826566614));
#4073=CARTESIAN_POINT('',(-2.325,-9.4,-72.728826566614));
#4074=CARTESIAN_POINT('Origin',(0.,-4.4,-72.728826566614));
#4075=CARTESIAN_POINT('Origin',(-6.398349016834E-5,-9.2,43.7493673410091));
#4076=CARTESIAN_POINT('',(6.,-9.2,-72.728826566614));
#4077=CARTESIAN_POINT('Origin',(-5.8723794769618E-15,-9.2,-72.728826566614));
#4078=CARTESIAN_POINT('Origin',(0.,-8.9,72.7288265666141));
#4079=CARTESIAN_POINT('',(-2.925,-9.2,72.7288265666141));
#4080=CARTESIAN_POINT('Origin',(0.,-9.2,72.7288265666141));
#4081=CARTESIAN_POINT('',(-2.325,-8.6,72.7288265666141));
#4082=CARTESIAN_POINT('',(-2.625,-8.9,72.7288265666141));
#4083=CARTESIAN_POINT('Origin',(0.,-8.6,72.7288265666141));
#4084=CARTESIAN_POINT('Origin',(0.,-9.4,72.7288265666141));
#4085=CARTESIAN_POINT('',(-2.325,-4.4,72.7288265666141));
#4086=CARTESIAN_POINT('',(-2.325,-9.4,72.7288265666141));
#4087=CARTESIAN_POINT('Origin',(0.,-4.4,72.7288265666141));
#4088=CARTESIAN_POINT('Origin',(-6.398349016834E-5,-9.2,43.7493673410091));
#4089=CARTESIAN_POINT('',(6.00000000000001,-9.2,72.7288265666141));
#4090=CARTESIAN_POINT('Origin',(4.42842796397391E-15,-9.2,72.7288265666141));
#4091=CARTESIAN_POINT('Origin',(39.0456143724784,-9.7,-1.35));
#4092=CARTESIAN_POINT('',(77.091292728447,-10.2,-0.850000000000001));
#4093=CARTESIAN_POINT('',(78.091292728447,-9.2,-1.85));
#4094=CARTESIAN_POINT('Origin',(77.091292728447,-9.19999999999999,-1.85));
#4095=CARTESIAN_POINT('',(67.0170432539961,-10.2,-0.850000000000001));
#4096=CARTESIAN_POINT('',(39.0456143724784,-10.2,-0.850000000000002));
#4097=CARTESIAN_POINT('',(66.0170432539961,-9.2,-1.85));
#4098=CARTESIAN_POINT('Origin',(67.0170432539961,-9.19999999999999,-1.85));
#4099=CARTESIAN_POINT('',(39.0456143724784,-9.2,-1.85));
#4100=CARTESIAN_POINT('Origin',(77.091292728447,-9.4,-1.85));
#4101=CARTESIAN_POINT('',(78.091292728447,-11.4,-1.85));
#4102=CARTESIAN_POINT('',(78.091292728447,-9.4,-1.85));
#4103=CARTESIAN_POINT('',(77.091292728447,-11.4,-0.850000000000001));
#4104=CARTESIAN_POINT('Origin',(77.091292728447,-11.4,-1.85));
#4105=CARTESIAN_POINT('',(77.091292728447,-9.4,-0.850000000000001));
#4106=CARTESIAN_POINT('Origin',(-6.398349016834E-5,-9.2,43.7493673410091));
#4107=CARTESIAN_POINT('',(66.0170432539961,-9.2,-5.));
#4108=CARTESIAN_POINT('',(66.0170432539961,-9.2,21.2996836705045));
#4109=CARTESIAN_POINT('',(63.0388307763723,-9.2,-7.6390977443609));
#4110=CARTESIAN_POINT('Origin',(66.0170432539961,-9.2,-8.));
#4111=CARTESIAN_POINT('',(-63.0387085646082,-9.2,-7.64010618423541));
#4112=CARTESIAN_POINT('Origin',(0.,-9.2,0.));
#4113=CARTESIAN_POINT('',(-66.0169632598609,-9.2,-5.00105608308708));
#4114=CARTESIAN_POINT('Origin',(-66.016915268448,-9.2,-8.00105608270322));
#4115=CARTESIAN_POINT('',(-66.0169608602902,-9.2,-1.85124923649851));
#4116=CARTESIAN_POINT('',(-66.0169608602902,-9.2,19.2990590522553));
#4117=CARTESIAN_POINT('',(-78.0912103331964,-9.2,-1.85124923649851));
#4118=CARTESIAN_POINT('',(-33.0085124218902,-9.2,-1.85124923649851));
#4119=CARTESIAN_POINT('',(-78.091212732767,-9.2,-5.0012492365177));
#4120=CARTESIAN_POINT('',(-78.0912103331964,-9.2,21.2990590522553));
#4121=CARTESIAN_POINT('',(-81.0755404639536,-9.2,-8.30702946171861));
#4122=CARTESIAN_POINT('Origin',(-78.0911647413541,-9.2,-8.00124923613386));
#4123=CARTESIAN_POINT('',(81.075673342273,-9.2,-8.30573248407641));
#4124=CARTESIAN_POINT('Origin',(0.,-9.2,0.));
#4125=CARTESIAN_POINT('',(78.091292728447,-9.2,-5.00000000000002));
#4126=CARTESIAN_POINT('Origin',(78.091292728447,-9.2,-7.99999999999998));
#4127=CARTESIAN_POINT('',(78.091292728447,-9.2,19.2996836705045));
#4128=CARTESIAN_POINT('',(79.0965880647622,-9.2,-7.99873468201822));
#4129=CARTESIAN_POINT('',(-79.0964600977819,-9.2,-8.00000000000002));
#4130=CARTESIAN_POINT('Origin',(8.88178419700125E-15,-9.2,1.08770485875751E-30));
#4131=CARTESIAN_POINT('',(-66.0170432539961,-9.2,-8.00000000000001));
#4132=CARTESIAN_POINT('',(-33.0085536187431,-9.2,-7.99999999999996));
#4133=CARTESIAN_POINT('',(66.0171712226501,-9.2,-7.99894391524945));
#4134=CARTESIAN_POINT('Origin',(8.88178419700125E-15,-9.2,1.08770485875751E-30));
#4135=CARTESIAN_POINT('',(39.5486759615114,-9.2,-7.9993673354108));
#4136=CARTESIAN_POINT('Origin',(-33.0085124218902,-9.7,-1.35124923649851));
#4137=CARTESIAN_POINT('',(-77.0912103331964,-10.2,-0.851249236498508));
#4138=CARTESIAN_POINT('Origin',(-77.0912103331964,-9.2,-1.85124923649851));
#4139=CARTESIAN_POINT('',(-67.0169608602902,-10.2,-0.851249236498508));
#4140=CARTESIAN_POINT('Origin',(-67.0169608602902,-9.2,-1.85124923649851));
#4141=CARTESIAN_POINT('',(-33.0085124218902,-10.2,-0.851249236498508));
#4142=CARTESIAN_POINT('Origin',(-67.0169608602902,-9.4,-1.85124923649851));
#4143=CARTESIAN_POINT('',(-66.0169608602902,-11.4,-1.85124923649851));
#4144=CARTESIAN_POINT('',(-66.0169608602902,-9.4,-1.85124923649851));
#4145=CARTESIAN_POINT('',(-67.0169608602902,-11.4,-0.851249236498507));
#4146=CARTESIAN_POINT('Origin',(-67.0169608602902,-11.4,-1.85124923649851));
#4147=CARTESIAN_POINT('',(-67.0169608602902,-9.4,-0.851249236498508));
#4148=CARTESIAN_POINT('Origin',(-39.045719543602,-9.7,1.34875076218353));
#4149=CARTESIAN_POINT('',(-77.0913751037138,-10.2,0.848750762183537));
#4150=CARTESIAN_POINT('',(-78.0913751037138,-9.2,1.84875076218353));
#4151=CARTESIAN_POINT('Origin',(-77.0913751037138,-9.2,1.84875076218354));
#4152=CARTESIAN_POINT('',(-67.0171256308078,-10.2,0.848750762183537));
#4153=CARTESIAN_POINT('',(-39.045719543602,-10.2,0.848750762183537));
#4154=CARTESIAN_POINT('',(-66.0171256308078,-9.2,1.84875076218353));
#4155=CARTESIAN_POINT('Origin',(-67.0171256308078,-9.2,1.84875076218354));
#4156=CARTESIAN_POINT('',(-39.045719543602,-9.2,1.84875076218353));
#4157=CARTESIAN_POINT('Origin',(-77.0913751037138,-9.4,1.84875076218354));
#4158=CARTESIAN_POINT('',(-78.0913751037138,-11.4,1.84875076218354));
#4159=CARTESIAN_POINT('',(-78.0913751037138,-9.4,1.84875076218354));
#4160=CARTESIAN_POINT('',(-77.0913751037138,-11.4,0.848750762183537));
#4161=CARTESIAN_POINT('Origin',(-77.0913751037138,-11.4,1.84875076218354));
#4162=CARTESIAN_POINT('',(-77.0913751037138,-9.4,0.848750762183537));
#4163=CARTESIAN_POINT('Origin',(-6.398349016834E-5,-9.2,43.7493673410091));
#4164=CARTESIAN_POINT('',(-66.0171232312372,-9.2,4.99894391563338));
#4165=CARTESIAN_POINT('',(-66.0171256308078,-9.2,22.4490590515963));
#4166=CARTESIAN_POINT('',(-63.0389529720042,-9.2,7.63808930253149));
#4167=CARTESIAN_POINT('Origin',(-66.0171712226501,-9.2,7.99894391524951));
#4168=CARTESIAN_POINT('',(63.0388307763723,-9.2,7.6390977443609));
#4169=CARTESIAN_POINT('Origin',(0.,-9.2,0.));
#4170=CARTESIAN_POINT('',(66.0170432539961,-9.2,5.00000000000001));
#4171=CARTESIAN_POINT('Origin',(66.0170432539961,-9.2,8.));
#4172=CARTESIAN_POINT('',(66.0170432539961,-9.2,1.85000000000001));
#4173=CARTESIAN_POINT('',(66.0170432539961,-9.2,24.4496836705045));
#4174=CARTESIAN_POINT('',(78.091292728447,-9.2,1.85000000000001));
#4175=CARTESIAN_POINT('',(33.008489635253,-9.2,1.85000000000001));
#4176=CARTESIAN_POINT('',(78.091292728447,-9.2,5.));
#4177=CARTESIAN_POINT('',(78.091292728447,-9.2,22.4496836705045));
#4178=CARTESIAN_POINT('',(81.075673342273,-9.2,8.30573248407643));
#4179=CARTESIAN_POINT('Origin',(78.091292728447,-9.2,8.));
#4180=CARTESIAN_POINT('',(-81.075806199845,-9.2,8.30443550430896));
#4181=CARTESIAN_POINT('Origin',(0.,-9.2,0.));
#4182=CARTESIAN_POINT('',(-78.0913727041432,-9.2,4.99875076220273));
#4183=CARTESIAN_POINT('Origin',(-78.091420695556,-9.2,7.99875076181904));
#4184=CARTESIAN_POINT('',(-78.0913751037138,-9.2,24.4490590515963));
#4185=CARTESIAN_POINT('',(-79.0965880647622,-9.2,7.99873468201823));
#4186=CARTESIAN_POINT('',(79.0964600977819,-9.2,8.00000000000002));
#4187=CARTESIAN_POINT('Origin',(-8.88178419700125E-15,-9.2,0.));
#4188=CARTESIAN_POINT('',(66.0170432539961,-9.2,8.));
#4189=CARTESIAN_POINT('',(33.008489635253,-9.2,7.99999999999995));
#4190=CARTESIAN_POINT('',(-66.0171712226501,-9.2,7.99894391524946));
#4191=CARTESIAN_POINT('Origin',(-8.88178419700125E-15,-9.2,0.));
#4192=CARTESIAN_POINT('',(-39.5480400803516,-9.2,7.99936734558308));
#4193=CARTESIAN_POINT('Origin',(33.008489635253,-9.7,1.35000000000001));
#4194=CARTESIAN_POINT('',(77.091292728447,-10.2,0.850000000000015));
#4195=CARTESIAN_POINT('Origin',(77.091292728447,-9.2,1.85000000000001));
#4196=CARTESIAN_POINT('',(67.0170432539961,-10.2,0.850000000000014));
#4197=CARTESIAN_POINT('Origin',(67.0170432539961,-9.2,1.85000000000001));
#4198=CARTESIAN_POINT('',(33.008489635253,-10.2,0.850000000000013));
#4199=CARTESIAN_POINT('Origin',(67.0170432539961,-9.4,1.85000000000001));
#4200=CARTESIAN_POINT('',(66.0170432539961,-11.4,1.85000000000001));
#4201=CARTESIAN_POINT('',(66.0170432539961,-9.4,1.85000000000001));
#4202=CARTESIAN_POINT('',(67.0170432539961,-11.4,0.850000000000015));
#4203=CARTESIAN_POINT('Origin',(67.0170432539961,-11.4,1.85000000000001));
#4204=CARTESIAN_POINT('',(67.0170432539961,-9.4,0.850000000000014));
#4205=CARTESIAN_POINT('Origin',(77.091292728447,-9.4,1.85000000000001));
#4206=CARTESIAN_POINT('',(77.091292728447,-11.4,0.850000000000015));
#4207=CARTESIAN_POINT('',(77.091292728447,-9.4,0.850000000000015));
#4208=CARTESIAN_POINT('',(78.091292728447,-11.4,1.85000000000001));
#4209=CARTESIAN_POINT('Origin',(77.091292728447,-11.4,1.85000000000001));
#4210=CARTESIAN_POINT('',(78.091292728447,-9.4,1.85000000000001));
#4211=CARTESIAN_POINT('Origin',(-67.0171256308078,-9.4,1.84875076218354));
#4212=CARTESIAN_POINT('',(-67.0171256308078,-11.4,0.848750762183537));
#4213=CARTESIAN_POINT('',(-67.0171256308078,-9.4,0.848750762183537));
#4214=CARTESIAN_POINT('',(-66.0171256308078,-11.4,1.84875076218354));
#4215=CARTESIAN_POINT('Origin',(-67.0171256308078,-11.4,1.84875076218354));
#4216=CARTESIAN_POINT('',(-66.0171256308078,-9.4,1.84875076218354));
#4217=CARTESIAN_POINT('Origin',(-78.0913751037138,-9.4,0.848750762183537));
#4218=CARTESIAN_POINT('',(-3.01860355624612,-11.4,0.848750762183537));
#4219=CARTESIAN_POINT('Origin',(66.0170432539961,-9.4,0.850000000000014));
#4220=CARTESIAN_POINT('',(69.0356056226089,-11.4,0.850000000000015));
#4221=CARTESIAN_POINT('Origin',(72.0541679912216,-11.4,3.15000000000001));
#4222=CARTESIAN_POINT('',(-78.0913751037138,-11.4,4.99875076216436));
#4223=CARTESIAN_POINT('',(-78.0913751037138,-11.4,1.14875076218354));
#4224=CARTESIAN_POINT('',(-66.0171256308078,-11.4,4.99894391559595));
#4225=CARTESIAN_POINT('',(-69.0357015973738,-11.4,4.9988956270198));
#4226=CARTESIAN_POINT('',(-66.0171256308078,-11.4,5.14875076218354));
#4227=CARTESIAN_POINT('Origin',(-78.0913751037138,-9.4,5.14875076218353));
#4228=CARTESIAN_POINT('',(-78.0913727041432,-13.4,4.99875076220273));
#4229=CARTESIAN_POINT('Origin',(-66.0171256308078,-9.4,1.14875076218354));
#4230=CARTESIAN_POINT('',(-66.0171232312372,-13.4,4.99894391563338));
#4231=CARTESIAN_POINT('Origin',(78.091292728447,-9.4,1.15000000000002));
#4232=CARTESIAN_POINT('',(78.091292728447,-11.4,5.));
#4233=CARTESIAN_POINT('',(78.091292728447,-11.4,5.15000000000001));
#4234=CARTESIAN_POINT('',(78.091292728447,-13.4,5.));
#4235=CARTESIAN_POINT('Origin',(67.0170432539961,-9.4,-1.85));
#4236=CARTESIAN_POINT('',(67.0170432539962,-11.4,-0.850000000000001));
#4237=CARTESIAN_POINT('',(67.0170432539961,-9.4,-0.850000000000001));
#4238=CARTESIAN_POINT('',(66.0170432539961,-11.4,-1.85));
#4239=CARTESIAN_POINT('Origin',(67.0170432539961,-11.4,-1.85));
#4240=CARTESIAN_POINT('',(66.0170432539961,-9.4,-1.85));
#4241=CARTESIAN_POINT('Origin',(78.091292728447,-9.4,-0.850000000000001));
#4242=CARTESIAN_POINT('',(3.01860356585185,-11.4,-0.850000000000003));
#4243=CARTESIAN_POINT('Origin',(-77.0912103331964,-9.4,-1.85124923649851));
#4244=CARTESIAN_POINT('',(-77.0912103331964,-11.4,-0.851249236498507));
#4245=CARTESIAN_POINT('',(-77.0912103331964,-9.4,-0.851249236498508));
#4246=CARTESIAN_POINT('',(-78.0912103331964,-11.4,-1.85124923649851));
#4247=CARTESIAN_POINT('Origin',(-77.0912103331964,-11.4,-1.85124923649851));
#4248=CARTESIAN_POINT('',(-78.0912103331964,-9.4,-1.85124923649851));
#4249=CARTESIAN_POINT('Origin',(-66.0169608602902,-9.4,-0.851249236498508));
#4250=CARTESIAN_POINT('',(-69.0355232285168,-11.4,-0.851249236498507));
#4251=CARTESIAN_POINT('Origin',(-66.0169608602902,-9.4,-5.15124923649851));
#4252=CARTESIAN_POINT('',(-66.0169608602902,-11.4,-5.00105608304869));
#4253=CARTESIAN_POINT('',(-66.0169632598609,-13.4,-5.00105608308708));
#4254=CARTESIAN_POINT('',(-66.0169608602902,-11.4,-5.15124923649851));
#4255=CARTESIAN_POINT('Origin',(66.0170432539961,-9.4,-1.15));
#4256=CARTESIAN_POINT('',(66.0170432539961,-11.4,-5.));
#4257=CARTESIAN_POINT('',(66.0170432539961,-11.4,-1.15));
#4258=CARTESIAN_POINT('',(66.0170432539961,-13.4,-5.));
#4259=CARTESIAN_POINT('Origin',(-78.0912103331964,-9.4,-1.15124923649851));
#4260=CARTESIAN_POINT('',(-78.0912103331964,-11.4,-5.00124923647932));
#4261=CARTESIAN_POINT('',(-78.0912103331964,-11.4,-1.15124923649851));
#4262=CARTESIAN_POINT('',(-78.091212732767,-13.4,-5.0012492365177));
#4263=CARTESIAN_POINT('Origin',(78.091292728447,-9.4,-5.15));
#4264=CARTESIAN_POINT('',(78.091292728447,-11.4,-5.));
#4265=CARTESIAN_POINT('',(78.091292728447,-13.4,-5.00000000000002));
#4266=CARTESIAN_POINT('',(78.091292728447,-11.4,-5.15));
#4267=CARTESIAN_POINT('Origin',(-72.0540855967433,-11.4,-3.15124923649851));
#4268=CARTESIAN_POINT('',(-75.0726343681753,-11.4,-5.00120094790415));
#4269=CARTESIAN_POINT('Origin',(-72.0540855967433,-11.4,-3.15124923649851));
#4270=CARTESIAN_POINT('',(69.0356056226089,-11.4,-5.));
#4271=CARTESIAN_POINT('Origin',(-78.091212732767,-13.4,-5.0012492365177));
#4272=CARTESIAN_POINT('',(-66.0169632598609,-13.4,-5.00105608308708));
#4273=CARTESIAN_POINT('',(-66.0169632598609,-13.4,-5.00105608308708));
#4274=CARTESIAN_POINT('',(-78.091212732767,-13.4,-5.0012492365177));
#4275=CARTESIAN_POINT('',(-39.0455663735394,-13.4,-5.00062461793895));
#4276=CARTESIAN_POINT('',(-78.091212732767,-13.4,-5.0012492365177));
#4277=CARTESIAN_POINT('Origin',(72.0541679912216,-11.4,3.15000000000001));
#4278=CARTESIAN_POINT('',(66.0170432539961,-11.4,5.00000000000001));
#4279=CARTESIAN_POINT('',(66.0170432539961,-11.4,1.15000000000001));
#4280=CARTESIAN_POINT('',(75.0727303598343,-11.4,5.));
#4281=CARTESIAN_POINT('Origin',(66.0170432539961,-9.4,5.15000000000001));
#4282=CARTESIAN_POINT('',(66.0170432539961,-13.4,5.00000000000001));
#4283=CARTESIAN_POINT('Origin',(-66.0171232312372,-13.4,4.99894391563338));
#4284=CARTESIAN_POINT('',(-78.0913727041432,-13.4,4.99875076220273));
#4285=CARTESIAN_POINT('',(-78.0913727041432,-13.4,4.99875076220273));
#4286=CARTESIAN_POINT('',(-66.0171232312372,-13.4,4.99894391563338));
#4287=CARTESIAN_POINT('',(-33.0086016084627,-13.4,4.99947195749682));
#4288=CARTESIAN_POINT('',(-66.0171232312372,-13.4,4.99894391563338));
#4289=CARTESIAN_POINT('Origin',(78.091292728447,-13.4,5.));
#4290=CARTESIAN_POINT('',(66.0170432539961,-13.4,5.00000000000001));
#4291=CARTESIAN_POINT('',(66.0170432539961,-13.4,5.00000000000001));
#4292=CARTESIAN_POINT('',(78.091292728447,-13.4,5.));
#4293=CARTESIAN_POINT('',(39.0456463642235,-13.4,5.));
#4294=CARTESIAN_POINT('',(78.091292728447,-13.4,5.));
#4295=CARTESIAN_POINT('Origin',(-57.85,13.6,-4.05000000000003));
#4296=CARTESIAN_POINT('',(-57.85,13.6,-4.05000000000003));
#4297=CARTESIAN_POINT('',(-47.4273918743167,13.6,-4.05000000000002));
#4298=CARTESIAN_POINT('',(-57.85,13.6,-4.05000000000003));
#4299=CARTESIAN_POINT('',(-57.85,9.6,-4.05000000000003));
#4300=CARTESIAN_POINT('',(-57.85,13.6,-4.05000000000003));
#4301=CARTESIAN_POINT('',(-47.4273918743167,9.6,-4.05000000000002));
#4302=CARTESIAN_POINT('',(-57.85,9.6,-4.05000000000003));
#4303=CARTESIAN_POINT('',(-47.4273918743167,8.,-4.05000000000002));
#4304=CARTESIAN_POINT('Origin',(-57.85,13.6,3.97499999999998));
#4305=CARTESIAN_POINT('',(-57.85,13.6,3.97499999999998));
#4306=CARTESIAN_POINT('',(-57.85,13.6,3.97499999999998));
#4307=CARTESIAN_POINT('',(-57.85,9.6,3.97499999999998));
#4308=CARTESIAN_POINT('',(-57.85,13.6,3.97499999999998));
#4309=CARTESIAN_POINT('',(-57.85,9.6,3.97499999999998));
#4310=CARTESIAN_POINT('Origin',(-47.4337366754929,13.6,3.97499999999998));
#4311=CARTESIAN_POINT('',(-47.4337366754929,13.6,3.975));
#4312=CARTESIAN_POINT('',(-41.85,13.6,3.97499999999998));
#4313=CARTESIAN_POINT('',(-47.4337366754929,9.6,3.975));
#4314=CARTESIAN_POINT('',(-47.4337366754929,8.,3.97499999999998));
#4315=CARTESIAN_POINT('',(-41.85,9.6,3.97499999999998));
#4316=CARTESIAN_POINT('Origin',(-53.8,9.6,-1.98749068907455E-14));
#4317=CARTESIAN_POINT('Origin',(0.,9.6,0.));
#4318=CARTESIAN_POINT('',(-51.05,9.6,-1.3468053173623E-14));
#4319=CARTESIAN_POINT('Origin',(-53.8,9.6,-1.31312753038575E-14));
#4320=CARTESIAN_POINT('Origin',(0.,8.,0.));
#4321=CARTESIAN_POINT('',(-4.05000000000001,13.6,47.4273918743167));
#4322=CARTESIAN_POINT('Origin',(0.,13.6,0.));
#4323=CARTESIAN_POINT('',(-4.05000000000001,9.6,47.4273918743167));
#4324=CARTESIAN_POINT('',(-4.05000000000001,8.,47.4273918743167));
#4325=CARTESIAN_POINT('',(3.97500000000001,9.6,47.4337366754929));
#4326=CARTESIAN_POINT('Origin',(0.,9.6,0.));
#4327=CARTESIAN_POINT('',(3.97500000000001,13.6,47.4337366754929));
#4328=CARTESIAN_POINT('',(3.97499999999999,8.,47.4337366754929));
#4329=CARTESIAN_POINT('',(47.4273918743167,13.6,4.05000000000001));
#4330=CARTESIAN_POINT('Origin',(0.,13.6,0.));
#4331=CARTESIAN_POINT('',(47.4273918743167,9.6,4.05000000000001));
#4332=CARTESIAN_POINT('',(47.4273918743167,8.,4.05000000000002));
#4333=CARTESIAN_POINT('',(47.6,9.6,-5.8293187639414E-15));
#4334=CARTESIAN_POINT('Origin',(0.,9.6,0.));
#4335=CARTESIAN_POINT('',(47.6,6.45,5.8293187639414E-15));
#4336=CARTESIAN_POINT('',(47.6,8.,-5.8293187639414E-15));
#4337=CARTESIAN_POINT('Origin',(0.,6.45,0.));
#4338=CARTESIAN_POINT('',(47.4337366754929,9.6,-3.97500000000001));
#4339=CARTESIAN_POINT('Origin',(0.,9.6,0.));
#4340=CARTESIAN_POINT('',(47.4337366754929,13.6,-3.97500000000001));
#4341=CARTESIAN_POINT('',(47.4337366754929,8.,-3.97499999999999));
#4342=CARTESIAN_POINT('',(4.05000000000002,13.6,-47.4273918743167));
#4343=CARTESIAN_POINT('Origin',(0.,13.6,0.));
#4344=CARTESIAN_POINT('',(4.05000000000002,9.6,-47.4273918743167));
#4345=CARTESIAN_POINT('',(4.05000000000002,8.,-47.4273918743167));
#4346=CARTESIAN_POINT('',(-3.97500000000001,9.6,-47.4337366754929));
#4347=CARTESIAN_POINT('Origin',(0.,9.6,0.));
#4348=CARTESIAN_POINT('',(-3.97500000000001,13.6,-47.4337366754929));
#4349=CARTESIAN_POINT('',(-3.97499999999998,8.,-47.4337366754929));
#4350=CARTESIAN_POINT('Origin',(0.,13.6,0.));
#4351=CARTESIAN_POINT('Origin',(4.05000000000002,13.6,-57.85));
#4352=CARTESIAN_POINT('',(4.05000000000002,13.6,-57.85));
#4353=CARTESIAN_POINT('',(4.05000000000002,13.6,-57.85));
#4354=CARTESIAN_POINT('',(4.05000000000002,9.6,-57.85));
#4355=CARTESIAN_POINT('',(4.05000000000002,13.6,-57.85));
#4356=CARTESIAN_POINT('',(4.05000000000002,9.6,-57.85));
#4357=CARTESIAN_POINT('Origin',(-3.97499999999998,13.6,-57.85));
#4358=CARTESIAN_POINT('',(-3.97499999999998,13.6,-57.85));
#4359=CARTESIAN_POINT('',(-3.97499999999998,13.6,-57.85));
#4360=CARTESIAN_POINT('',(-3.97499999999998,9.6,-57.85));
#4361=CARTESIAN_POINT('',(-3.97499999999998,13.6,-57.85));
#4362=CARTESIAN_POINT('',(-3.97499999999998,9.6,-57.85));
#4363=CARTESIAN_POINT('Origin',(-3.97499999999998,13.6,-47.4337366754929));
#4364=CARTESIAN_POINT('',(-3.97499999999998,13.6,-41.85));
#4365=CARTESIAN_POINT('',(-3.97499999999998,9.6,-41.85));
#4366=CARTESIAN_POINT('Origin',(1.65806070010392E-14,9.6,-53.8));
#4367=CARTESIAN_POINT('',(2.75000000000001,9.6,-53.8));
#4368=CARTESIAN_POINT('Origin',(9.85228349914046E-15,9.6,-53.8));
#4369=CARTESIAN_POINT('Origin',(57.85,13.6,4.05000000000002));
#4370=CARTESIAN_POINT('',(57.85,13.6,4.05000000000002));
#4371=CARTESIAN_POINT('',(57.85,13.6,4.05000000000002));
#4372=CARTESIAN_POINT('',(57.85,9.6,4.05000000000002));
#4373=CARTESIAN_POINT('',(57.85,13.6,4.05000000000002));
#4374=CARTESIAN_POINT('',(57.85,9.6,4.05000000000002));
#4375=CARTESIAN_POINT('Origin',(57.85,13.6,-3.97499999999999));
#4376=CARTESIAN_POINT('',(57.85,13.6,-3.97499999999999));
#4377=CARTESIAN_POINT('',(57.85,13.6,-3.97499999999999));
#4378=CARTESIAN_POINT('',(57.85,9.6,-3.97499999999999));
#4379=CARTESIAN_POINT('',(57.85,13.6,-3.97499999999999));
#4380=CARTESIAN_POINT('',(57.85,9.6,-3.97499999999999));
#4381=CARTESIAN_POINT('Origin',(47.4337366754929,13.6,-3.97499999999999));
#4382=CARTESIAN_POINT('',(41.85,13.6,-3.97499999999999));
#4383=CARTESIAN_POINT('',(41.85,9.6,-3.97499999999999));
#4384=CARTESIAN_POINT('Origin',(53.8,9.6,1.32863071113328E-14));
#4385=CARTESIAN_POINT('',(56.55,9.6,6.22120573966855E-15));
#4386=CARTESIAN_POINT('Origin',(53.8,9.6,6.55798360943408E-15));
#4387=CARTESIAN_POINT('Origin',(-4.05000000000001,13.6,57.85));
#4388=CARTESIAN_POINT('',(-4.05000000000001,13.6,57.85));
#4389=CARTESIAN_POINT('',(-4.05000000000001,13.6,57.85));
#4390=CARTESIAN_POINT('',(-4.05000000000001,9.6,57.85));
#4391=CARTESIAN_POINT('',(-4.05000000000001,13.6,57.85));
#4392=CARTESIAN_POINT('',(-4.05000000000001,9.6,57.85));
#4393=CARTESIAN_POINT('Origin',(3.97499999999999,13.6,57.85));
#4394=CARTESIAN_POINT('',(3.97499999999999,13.6,57.85));
#4395=CARTESIAN_POINT('',(3.97499999999999,13.6,57.85));
#4396=CARTESIAN_POINT('',(3.97499999999999,9.6,57.85));
#4397=CARTESIAN_POINT('',(3.97499999999999,13.6,57.85));
#4398=CARTESIAN_POINT('',(3.97499999999999,9.6,57.85));
#4399=CARTESIAN_POINT('Origin',(3.97499999999999,13.6,47.4337366754929));
#4400=CARTESIAN_POINT('',(3.97499999999999,13.6,41.85));
#4401=CARTESIAN_POINT('',(3.97499999999999,9.6,41.85));
#4402=CARTESIAN_POINT('Origin',(-9.99200722162641E-15,9.6,53.8));
#4403=CARTESIAN_POINT('',(2.75,9.6,53.8));
#4404=CARTESIAN_POINT('Origin',(-3.29429988970638E-15,9.6,53.8));
#4405=CARTESIAN_POINT('Origin',(84.4384788604305,-13.2,1.55563491861076));
#4406=CARTESIAN_POINT('',(84.2970575041932,-13.4,1.69705627484805));
#4407=CARTESIAN_POINT('',(84.4865507263864,-13.4,1.50756305265484));
#4408=CARTESIAN_POINT('',(63.7177678749695,-13.4,22.2763459040658));
#4409=CARTESIAN_POINT('',(84.5799002166679,-13.,1.41421356237347));
#4410=CARTESIAN_POINT('',(84.2970575041932,-13.4,1.69705627484805));
#4411=CARTESIAN_POINT('',(84.7084488011581,-13.18179515161,1.28566497788325));
#4412=CARTESIAN_POINT('',(84.5799002166679,-13.,1.41421356237347));
#4413=CARTESIAN_POINT('Ctrl Pts',(84.4865507263864,-13.4,1.50756305265486));
#4414=CARTESIAN_POINT('Ctrl Pts',(84.5973566963229,-13.2911885536859,1.39675708271837));
#4415=CARTESIAN_POINT('Ctrl Pts',(84.7084488011581,-13.18179515161,1.28566497788325));
#4416=CARTESIAN_POINT('Origin',(83.8727934354814,-13.,0.707106781186856));
#4417=CARTESIAN_POINT('',(84.4965355787972,-13.4,0.765163499553561));
#4418=CARTESIAN_POINT('Ctrl Pts',(84.7084488011581,-13.18179515161,1.28566497788325));
#4419=CARTESIAN_POINT('Ctrl Pts',(84.6028221270634,-13.291364177306,1.02508430163325));
#4420=CARTESIAN_POINT('Ctrl Pts',(84.4965355787972,-13.4,0.765163499553517));
#4421=CARTESIAN_POINT('',(83.165686654295,-13.,2.35074410621644E-13));
#4422=CARTESIAN_POINT('',(82.8828439418205,-13.,-0.282842712474384));
#4423=CARTESIAN_POINT('',(83.7313720792442,-13.4,2.61851952335205E-13));
#4424=CARTESIAN_POINT('',(83.637091175086,-13.3333333333333,2.56503934249424E-13));
#4425=CARTESIAN_POINT('',(63.0106610937948,-13.4,-20.7207109854548));
#4426=CARTESIAN_POINT('Origin',(83.8727934354816,-13.,-0.70710678118641));
#4427=CARTESIAN_POINT('',(84.4965355787973,-13.4,-0.765163499552859));
#4428=CARTESIAN_POINT('',(63.0106610937901,-13.4,20.7207109854552));
#4429=CARTESIAN_POINT('',(84.5799002166682,-13.,-1.41421356237304));
#4430=CARTESIAN_POINT('',(82.8828439418204,-13.,0.28284271247481));
#4431=CARTESIAN_POINT('',(84.7084488011583,-13.1817951516098,-1.28566497788295));
#4432=CARTESIAN_POINT('',(84.5799002166682,-13.,-1.41421356237304));
#4433=CARTESIAN_POINT('Ctrl Pts',(84.4965355787972,-13.4,-0.765163499552828));
#4434=CARTESIAN_POINT('Ctrl Pts',(84.6028221270633,-13.291364177306,-1.0250843016323));
#4435=CARTESIAN_POINT('Ctrl Pts',(84.7084488011583,-13.1817951516098,-1.28566497788295));
#4436=CARTESIAN_POINT('Origin',(84.2970575041932,-13.4,1.69705627484805));
#4437=CARTESIAN_POINT('',(82.6000012293458,-13.4,1.96621556284293E-13));
#4438=CARTESIAN_POINT('',(62.7985290594387,-13.4,-19.8014721699124));
#4439=CARTESIAN_POINT('',(83.1656866542949,-13.,2.35074410621641E-13));
#4440=CARTESIAN_POINT('Origin',(82.6000012293458,-13.4,1.96621556284293E-13));
#4441=CARTESIAN_POINT('',(84.2970575041936,-13.4,-1.69705627484765));
#4442=CARTESIAN_POINT('',(61.9500009220103,-13.4,20.6500003073366));
#4443=CARTESIAN_POINT('',(84.2970575041936,-13.4,-1.69705627484765));
#4444=CARTESIAN_POINT('Origin',(84.4384788604309,-13.2,-1.55563491861035));
#4445=CARTESIAN_POINT('',(84.4865507263864,-13.4,-1.50756305265481));
#4446=CARTESIAN_POINT('',(63.7177678749747,-13.4,-22.2763459040655));
#4447=CARTESIAN_POINT('Ctrl Pts',(84.7084488011583,-13.1817951516098,-1.28566497788295));
#4448=CARTESIAN_POINT('Ctrl Pts',(84.5973566963256,-13.2911885536833,-1.39675708271564));
#4449=CARTESIAN_POINT('Ctrl Pts',(84.4865507263864,-13.4,-1.50756305265482));
#4450=CARTESIAN_POINT('Origin',(0.,-13.4,0.));
#4451=CARTESIAN_POINT('',(84.5,-13.4,1.03482654527951E-14));
#4452=CARTESIAN_POINT('Origin',(0.,-13.4,0.));
#4453=CARTESIAN_POINT('Origin',(0.,-13.4,0.));
#4454=CARTESIAN_POINT('Origin',(0.,-11.9,0.));
#4455=CARTESIAN_POINT('',(87.5,-10.4,1.07156594925393E-14));
#4456=CARTESIAN_POINT('',(86.,-11.9,1.05319624726672E-14));
#4457=CARTESIAN_POINT('Origin',(0.,-10.4,0.));
#4458=CARTESIAN_POINT('',(-84.4865507263864,-13.4,-1.50756305265485));
#4459=CARTESIAN_POINT('Origin',(0.,-13.4,0.));
#4460=CARTESIAN_POINT('',(-84.7084488011581,-13.18179515161,-1.28566497788324));
#4461=CARTESIAN_POINT('Ctrl Pts',(-84.4865507263864,-13.4,-1.50756305265485));
#4462=CARTESIAN_POINT('Ctrl Pts',(-84.5973566963204,-13.2911885536884,-1.39675708272087));
#4463=CARTESIAN_POINT('Ctrl Pts',(-84.7084488011581,-13.18179515161,-1.28566497788324));
#4464=CARTESIAN_POINT('',(-84.4965355787972,-13.4,-0.765163499553543));
#4465=CARTESIAN_POINT('Ctrl Pts',(-84.7084488011581,-13.18179515161,-1.28566497788324));
#4466=CARTESIAN_POINT('Ctrl Pts',(-84.6028221270632,-13.2913641773062,-1.02508430163274));
#4467=CARTESIAN_POINT('Ctrl Pts',(-84.4965355787973,-13.4,-0.765163499553552));
#4468=CARTESIAN_POINT('',(-84.4965355787973,-13.4,0.765163499552868));
#4469=CARTESIAN_POINT('Origin',(0.,-13.4,0.));
#4470=CARTESIAN_POINT('',(-84.7084488011583,-13.1817951516098,1.28566497788297));
#4471=CARTESIAN_POINT('Ctrl Pts',(-84.4965355787973,-13.4,0.765163499552872));
#4472=CARTESIAN_POINT('Ctrl Pts',(-84.6028221270636,-13.2913641773058,1.02508430163285));
#4473=CARTESIAN_POINT('Ctrl Pts',(-84.7084488011583,-13.1817951516098,1.28566497788297));
#4474=CARTESIAN_POINT('',(-84.4865507263864,-13.4,1.50756305265482));
#4475=CARTESIAN_POINT('Ctrl Pts',(-84.7084488011583,-13.1817951516098,1.28566497788297));
#4476=CARTESIAN_POINT('Ctrl Pts',(-84.5973566963185,-13.2911885536903,1.39675708272278));
#4477=CARTESIAN_POINT('Ctrl Pts',(-84.4865507263864,-13.4,1.50756305265483));
#4478=CARTESIAN_POINT('Origin',(0.,-13.4,0.));
#4479=CARTESIAN_POINT('Origin',(-84.4384788604305,-13.2,-1.55563491861075));
#4480=CARTESIAN_POINT('',(-84.2970575041932,-13.4,-1.69705627484804));
#4481=CARTESIAN_POINT('',(-63.7177678749695,-13.4,-22.2763459040658));
#4482=CARTESIAN_POINT('',(-84.5799002166679,-13.,-1.41421356237346));
#4483=CARTESIAN_POINT('',(-84.2970575041932,-13.4,-1.69705627484804));
#4484=CARTESIAN_POINT('',(-84.5799002166679,-13.,-1.41421356237346));
#4485=CARTESIAN_POINT('Origin',(-83.8727934354814,-13.,-0.707106781186846));
#4486=CARTESIAN_POINT('',(-83.165686654295,-13.,-2.24889551425637E-13));
#4487=CARTESIAN_POINT('',(-82.8828439418205,-13.,0.282842712474394));
#4488=CARTESIAN_POINT('',(-83.7313720792442,-13.4,-2.51597816654699E-13));
#4489=CARTESIAN_POINT('',(-83.637091175086,-13.3333333333333,-2.46261344649668E-13));
#4490=CARTESIAN_POINT('',(-63.0106610937948,-13.4,20.7207109854549));
#4491=CARTESIAN_POINT('Origin',(-83.8727934354816,-13.,0.70710678118642));
#4492=CARTESIAN_POINT('',(-63.0106610937901,-13.4,-20.7207109854552));
#4493=CARTESIAN_POINT('',(-84.5799002166682,-13.,1.41421356237305));
#4494=CARTESIAN_POINT('',(-82.8828439418204,-13.,-0.2828427124748));
#4495=CARTESIAN_POINT('',(-84.5799002166682,-13.,1.41421356237305));
#4496=CARTESIAN_POINT('Origin',(-84.2970575041932,-13.4,-1.69705627484804));
#4497=CARTESIAN_POINT('',(-82.6000012293458,-13.4,-1.86505973572784E-13));
#4498=CARTESIAN_POINT('',(-62.7985290594387,-13.4,19.8014721699124));
#4499=CARTESIAN_POINT('',(-83.1656866542949,-13.,-2.24889551425633E-13));
#4500=CARTESIAN_POINT('Origin',(-82.6000012293458,-13.4,-1.86505973572784E-13));
#4501=CARTESIAN_POINT('',(-84.2970575041936,-13.4,1.69705627484766));
#4502=CARTESIAN_POINT('',(-61.9500009220103,-13.4,-20.6500003073366));
#4503=CARTESIAN_POINT('',(-84.2970575041936,-13.4,1.69705627484766));
#4504=CARTESIAN_POINT('Origin',(-84.4384788604309,-13.2,1.55563491861036));
#4505=CARTESIAN_POINT('',(-63.7177678749747,-13.4,22.2763459040655));
#4506=CARTESIAN_POINT('Origin',(0.,-13.4,0.));
#4507=CARTESIAN_POINT('Origin',(45.7358828822347,1.3,5.53464996804206));
#4508=CARTESIAN_POINT('',(63.0401102600315,10.7638274490766,7.62869157100229));
#4509=CARTESIAN_POINT('',(63.0401102600315,-6.4,7.62869157100229));
#4510=CARTESIAN_POINT('',(63.0401102600315,-13.4,7.62869157100229));
#4511=CARTESIAN_POINT('',(61.4731351791738,9.18542050643716,7.43906675051892));
#4512=CARTESIAN_POINT('',(61.4731351791738,9.18542050643716,7.43906675051892));
#4513=CARTESIAN_POINT('',(61.4731351791738,-4.82161224383314,7.43906675051892));
#4514=CARTESIAN_POINT('',(61.4731351791738,-4.82161224383314,7.43906675051892));
#4515=CARTESIAN_POINT('',(63.0400912125198,-6.4,7.6286892660001));
#4516=CARTESIAN_POINT('',(63.0400912125198,-6.4,7.6286892660001));
#4517=CARTESIAN_POINT('',(8.24557690366878,-6.4,0.997824444843185));
#4518=CARTESIAN_POINT('Origin',(0.,9.98542050643714,0.));
#4519=CARTESIAN_POINT('',(63.0388307763723,10.7638082626038,7.6390977443609));
#4520=CARTESIAN_POINT('Ctrl Pts',(63.0401102600315,10.7638274490766,7.62869157100229));
#4521=CARTESIAN_POINT('Ctrl Pts',(63.039677575908,10.7638146543047,7.63216057828225));
#4522=CARTESIAN_POINT('Ctrl Pts',(63.0392510830714,10.7638082626038,7.63562931866912));
#4523=CARTESIAN_POINT('Ctrl Pts',(63.0388307763723,10.7638082626038,7.6390977443609));
#4524=CARTESIAN_POINT('',(-63.0389529720042,10.7638082626038,7.63808930253149));
#4525=CARTESIAN_POINT('Origin',(0.,10.7638082626038,0.));
#4526=CARTESIAN_POINT('',(-63.0401067478942,10.7638239113165,7.62869114598697));
#4527=CARTESIAN_POINT('Ctrl Pts',(-63.0389529720042,10.7638082626038,7.63808930253149));
#4528=CARTESIAN_POINT('Ctrl Pts',(-63.0393325169611,10.7638082626038,7.63495682846142));
#4529=CARTESIAN_POINT('Ctrl Pts',(-63.0397171076551,10.7638134760449,7.63182409787824));
#4530=CARTESIAN_POINT('Ctrl Pts',(-63.0401067478942,10.7638239113165,7.62869114598697));
#4531=CARTESIAN_POINT('',(-61.4731351791738,9.18542050643716,7.43906675051892));
#4532=CARTESIAN_POINT('',(-61.4731351791738,9.18542050643716,7.43906675051892));
#4533=CARTESIAN_POINT('Origin',(0.,9.18542050643716,1.77635683940025E-14));
#4534=CARTESIAN_POINT('Origin',(0.,2.18190413130201,0.));
#4535=CARTESIAN_POINT('',(-61.4731351791738,-4.82161224383314,7.43906675051892));
#4536=CARTESIAN_POINT('',(-61.4731351791738,-4.82161224383314,7.43906675051892));
#4537=CARTESIAN_POINT('Origin',(0.,-4.82161224383314,0.));
#4538=CARTESIAN_POINT('Origin',(0.,-5.61080612191657,0.));
#4539=CARTESIAN_POINT('',(-63.0400912125198,-6.4,7.6286892660001));
#4540=CARTESIAN_POINT('',(-63.0400912125198,-6.4,7.6286892660001));
#4541=CARTESIAN_POINT('Origin',(0.,-6.4,0.));
#4542=CARTESIAN_POINT('Origin',(-45.7358828822347,1.3,5.53464996804206));
#4543=CARTESIAN_POINT('',(-63.0401067478942,-6.4,7.62869114598697));
#4544=CARTESIAN_POINT('',(-63.0401067478942,-13.4,7.62869114598697));
#4545=CARTESIAN_POINT('',(-8.24557690366878,-6.4,0.997824444843185));
#4546=CARTESIAN_POINT('Origin',(66.0170432539961,-13.4,8.));
#4547=CARTESIAN_POINT('',(66.0170432539962,-6.4,5.00000000000001));
#4548=CARTESIAN_POINT('Origin',(66.0170432539961,-6.4,8.));
#4549=CARTESIAN_POINT('',(66.0170432539961,12.,5.00000000000001));
#4550=CARTESIAN_POINT('',(66.0170432539961,-13.4,5.00000000000001));
#4551=CARTESIAN_POINT('',(63.0388307763723,12.,7.6390977443609));
#4552=CARTESIAN_POINT('Origin',(66.0170432539961,12.,8.));
#4553=CARTESIAN_POINT('',(63.0388307763723,-13.4,7.6390977443609));
#4554=CARTESIAN_POINT('Origin',(-6.398349016834E-5,-6.4,43.7493673410091));
#4555=CARTESIAN_POINT('',(-66.0171232312372,-6.4,4.99894391563338));
#4556=CARTESIAN_POINT('Origin',(-66.0171712226501,-6.4,7.99894391524951));
#4557=CARTESIAN_POINT('',(-78.0913727041431,-6.4,4.99875076220275));
#4558=CARTESIAN_POINT('',(-33.0082836678825,-6.4,4.99947196258296));
#4559=CARTESIAN_POINT('',(-81.075806199845,-6.4,8.30443550430896));
#4560=CARTESIAN_POINT('Origin',(-78.091420695556,-6.4,7.99875076181904));
#4561=CARTESIAN_POINT('',(81.075673342273,-6.4,8.30573248407643));
#4562=CARTESIAN_POINT('Origin',(0.,-6.4,0.));
#4563=CARTESIAN_POINT('',(78.091292728447,-6.4,5.));
#4564=CARTESIAN_POINT('Origin',(78.091292728447,-6.4,8.));
#4565=CARTESIAN_POINT('',(39.0456143724784,-6.4,5.));
#4566=CARTESIAN_POINT('',(79.0964600977819,-6.4,8.00000000000002));
#4567=CARTESIAN_POINT('',(-79.0965880647622,-6.4,7.99873468201823));
#4568=CARTESIAN_POINT('Origin',(-8.88178419700125E-15,-6.4,0.));
#4569=CARTESIAN_POINT('',(-66.0171712226501,-6.4,7.99894391524946));
#4570=CARTESIAN_POINT('',(-66.0171712226501,-6.4,7.9989439152495));
#4571=CARTESIAN_POINT('',(66.0170432539962,-6.4,8.));
#4572=CARTESIAN_POINT('Origin',(-8.88178419700125E-15,-6.4,0.));
#4573=CARTESIAN_POINT('',(79.0964600977819,-6.4,8.00000000000002));
#4574=CARTESIAN_POINT('Origin',(0.,2.19271025321856,0.));
#4575=CARTESIAN_POINT('',(-0.529427116034172,10.7854205064371,81.4982803924651));
#4576=CARTESIAN_POINT('',(0.529427116034173,10.7854205064371,81.4982803924651));
#4577=CARTESIAN_POINT('Ctrl Pts',(-0.529427116034294,10.7854205064368,81.4982803924647));
#4578=CARTESIAN_POINT('Ctrl Pts',(-0.354354627686997,10.7760055206772,81.4994176940392));
#4579=CARTESIAN_POINT('Ctrl Pts',(-0.177910106484872,10.7711734333859,81.5));
#4580=CARTESIAN_POINT('Ctrl Pts',(0.177910106484878,10.7711734333859,81.5));
#4581=CARTESIAN_POINT('Ctrl Pts',(0.354354627687,10.7760055206772,81.4994176940392));
#4582=CARTESIAN_POINT('Ctrl Pts',(0.529427116034294,10.7854205064368,81.4982803924647));
#4583=CARTESIAN_POINT('Origin',(3.5527136788005E-14,10.7854205064371,-8.88178419700125E-15));
#4584=CARTESIAN_POINT('Origin',(0.,2.19271025321856,0.));
#4585=CARTESIAN_POINT('',(-81.075806199845,10.7854205064371,8.30443550430896));
#4586=CARTESIAN_POINT('',(-81.075806199845,-13.4,8.30443550430896));
#4587=CARTESIAN_POINT('',(-81.0861769435236,10.7854205064371,8.20255500948553));
#4588=CARTESIAN_POINT('Origin',(3.5527136788005E-14,10.7854205064371,-8.88178419700125E-15));
#4589=CARTESIAN_POINT('',(-81.0861769435235,-6.4,8.20255500948551));
#4590=CARTESIAN_POINT('',(-81.0861769435235,-13.3994010204051,8.20255500948551));
#4591=CARTESIAN_POINT('Origin',(0.,-6.4,8.88178419700125E-15));
#4592=CARTESIAN_POINT('Origin',(0.,2.19271025321856,0.));
#4593=CARTESIAN_POINT('',(81.0756733422734,10.7854205064371,8.30573248407648));
#4594=CARTESIAN_POINT('',(81.075673342273,-13.4,8.30573248407643));
#4595=CARTESIAN_POINT('',(81.0863081505538,-6.4,8.20125786166178));
#4596=CARTESIAN_POINT('Origin',(0.,-6.4,8.88178419700125E-15));
#4597=CARTESIAN_POINT('',(81.0863081505539,10.7854205064371,8.20125786166179));
#4598=CARTESIAN_POINT('',(81.0863081505538,-13.3994010204051,8.20125786166178));
#4599=CARTESIAN_POINT('Origin',(3.5527136788005E-14,10.7854205064371,-8.88178419700125E-15));
#4600=CARTESIAN_POINT('Origin',(-82.578560568251,2.19271025321856,8.35352227959875));
#4601=CARTESIAN_POINT('',(-84.0709441929784,-3.40000000000014,8.50448954971198));
#4602=CARTESIAN_POINT('',(-81.0861769435235,-6.4,8.20255500948551));
#4603=CARTESIAN_POINT('',(-84.0709441929784,7.78542050643715,8.50448954971198));
#4604=CARTESIAN_POINT('',(-84.0709441929784,7.78542050643715,8.50448954971198));
#4605=CARTESIAN_POINT('',(-84.0709441929784,-3.40000000000014,8.50448954971198));
#4606=CARTESIAN_POINT('Origin',(0.,9.28542050643714,0.));
#4607=CARTESIAN_POINT('Origin',(0.,10.7854205064375,0.));
#4608=CARTESIAN_POINT('Origin',(0.,10.7854205064375,0.));
#4609=CARTESIAN_POINT('',(84.0710802297153,7.78542050643715,8.50314465411559));
#4610=CARTESIAN_POINT('',(84.0710802297153,7.78542050643715,8.50314465411559));
#4611=CARTESIAN_POINT('Origin',(1.77635683940025E-14,7.78542050643715,8.88178419700125E-15));
#4612=CARTESIAN_POINT('Origin',(0.,2.1927102532185,0.));
#4613=CARTESIAN_POINT('',(84.0710802297153,-3.40000000000014,8.50314465411559));
#4614=CARTESIAN_POINT('',(84.0710802297153,-3.40000000000014,8.50314465411559));
#4615=CARTESIAN_POINT('Origin',(1.77635683940025E-14,-3.40000000000014,
8.88178419700125E-15));
#4616=CARTESIAN_POINT('Origin',(0.,-4.90000000000007,0.));
#4617=CARTESIAN_POINT('',(81.0863081505538,-6.4,8.20125786166178));
#4618=CARTESIAN_POINT('Origin',(82.5786941901346,2.19271025321856,8.35220125788869));
#4619=CARTESIAN_POINT('Origin',(0.,-13.4,0.));
#4620=CARTESIAN_POINT('',(-81.075806199845,12.,8.30443550430896));
#4621=CARTESIAN_POINT('',(-81.075806199845,-13.4,8.30443550430896));
#4622=CARTESIAN_POINT('',(-5.08165481284398,12.,81.3414210864495));
#4623=CARTESIAN_POINT('Origin',(0.,12.,0.));
#4624=CARTESIAN_POINT('Ctrl Pts',(-5.08165481284398,12.,81.3414210864495));
#4625=CARTESIAN_POINT('Ctrl Pts',(-3.63150055916776,11.3411080724924,81.4320167908783));
#4626=CARTESIAN_POINT('Ctrl Pts',(-2.13827409109519,10.8719405045386,81.4878290404847));
#4627=CARTESIAN_POINT('Ctrl Pts',(-0.529427116034293,10.7854205064368,81.4982803924647));
#4628=CARTESIAN_POINT('Origin',(0.,-13.4,0.));
#4629=CARTESIAN_POINT('',(5.08165481284399,12.,81.3414210864495));
#4630=CARTESIAN_POINT('Ctrl Pts',(0.529427116034295,10.7854205064368,81.4982803924647));
#4631=CARTESIAN_POINT('Ctrl Pts',(2.1382740910952,10.8719405045386,81.4878290404847));
#4632=CARTESIAN_POINT('Ctrl Pts',(3.63150055916777,11.3411080724924,81.4320167908783));
#4633=CARTESIAN_POINT('Ctrl Pts',(5.08165481284399,12.,81.3414210864495));
#4634=CARTESIAN_POINT('',(81.075673342273,12.,8.30573248407643));
#4635=CARTESIAN_POINT('Origin',(0.,12.,0.));
#4636=CARTESIAN_POINT('',(81.075673342273,-13.4,8.30573248407643));
#4637=CARTESIAN_POINT('Origin',(-45.7358828822347,1.3,-5.53464996804206));
#4638=CARTESIAN_POINT('',(-63.0401141297799,10.7638313470567,-7.6286920392933));
#4639=CARTESIAN_POINT('',(-63.0401141297799,-6.4,-7.6286920392933));
#4640=CARTESIAN_POINT('',(-63.0401141297799,-13.4,-7.6286920392933));
#4641=CARTESIAN_POINT('',(-61.4731351791738,9.18542050643716,-7.43906675051892));
#4642=CARTESIAN_POINT('',(-61.4731351791738,9.18542050643716,-7.43906675051892));
#4643=CARTESIAN_POINT('',(-61.4731351791738,-4.82161224383314,-7.43906675051892));
#4644=CARTESIAN_POINT('',(-61.4731351791738,-4.82161224383314,-7.43906675051892));
#4645=CARTESIAN_POINT('',(-63.0400912125198,-6.4,-7.6286892660001));
#4646=CARTESIAN_POINT('',(-63.0400912125198,-6.4,-7.6286892660001));
#4647=CARTESIAN_POINT('',(-8.24557690366878,-6.4,-0.997824444843185));
#4648=CARTESIAN_POINT('Origin',(45.7358828822347,1.3,-5.53464996804206));
#4649=CARTESIAN_POINT('',(63.0401102600315,-6.4,-7.62869157100229));
#4650=CARTESIAN_POINT('',(63.0401102600315,10.7638274490766,-7.62869157100229));
#4651=CARTESIAN_POINT('',(63.0401102600315,-13.4,-7.62869157100229));
#4652=CARTESIAN_POINT('',(63.0400912125198,-6.4,-7.6286892660001));
#4653=CARTESIAN_POINT('',(8.24557690366878,-6.4,-0.997824444843185));
#4654=CARTESIAN_POINT('',(61.4731351791738,-4.82161224383314,-7.43906675051892));
#4655=CARTESIAN_POINT('',(63.0400912125198,-6.4,-7.6286892660001));
#4656=CARTESIAN_POINT('',(61.4731351791738,9.18542050643716,-7.43906675051892));
#4657=CARTESIAN_POINT('',(61.4731351791738,-4.82161224383314,-7.43906675051892));
#4658=CARTESIAN_POINT('',(61.4731351791738,9.18542050643716,-7.43906675051892));
#4659=CARTESIAN_POINT('Origin',(0.,9.98542050643714,0.));
#4660=CARTESIAN_POINT('',(-63.0387085646082,10.7638082626038,-7.64010618423541));
#4661=CARTESIAN_POINT('Ctrl Pts',(-63.0401141297799,10.7638313470567,-7.6286920392933));
#4662=CARTESIAN_POINT('Ctrl Pts',(-63.0396381609803,10.7638159524283,-7.63249709106923));
#4663=CARTESIAN_POINT('Ctrl Pts',(-63.0391696415128,10.7638082626038,-7.63630182708183));
#4664=CARTESIAN_POINT('Ctrl Pts',(-63.0387085646082,10.7638082626038,-7.64010618423541));
#4665=CARTESIAN_POINT('',(63.0388307763723,10.7638082626038,-7.6390977443609));
#4666=CARTESIAN_POINT('Origin',(0.,10.7638082626038,0.));
#4667=CARTESIAN_POINT('Ctrl Pts',(63.0388307763723,10.7638082626038,-7.6390977443609));
#4668=CARTESIAN_POINT('Ctrl Pts',(63.0392510830714,10.7638082626038,-7.63562931866912));
#4669=CARTESIAN_POINT('Ctrl Pts',(63.039677575908,10.7638146543047,-7.63216057828224));
#4670=CARTESIAN_POINT('Ctrl Pts',(63.0401102600315,10.7638274490766,-7.62869157100229));
#4671=CARTESIAN_POINT('Origin',(0.,9.18542050643716,-1.77635683940025E-14));
#4672=CARTESIAN_POINT('Origin',(0.,2.18190413130201,0.));
#4673=CARTESIAN_POINT('Origin',(0.,-4.82161224383314,0.));
#4674=CARTESIAN_POINT('Origin',(0.,-5.61080612191657,0.));
#4675=CARTESIAN_POINT('Origin',(0.,-6.4,0.));
#4676=CARTESIAN_POINT('Origin',(-66.016915268448,-13.4,-8.00105608270322));
#4677=CARTESIAN_POINT('',(-66.0169632598609,-6.4,-5.00105608308708));
#4678=CARTESIAN_POINT('Origin',(-66.016915268448,-6.4,-8.00105608270322));
#4679=CARTESIAN_POINT('',(-66.0169632598609,12.,-5.00105608308708));
#4680=CARTESIAN_POINT('',(-66.0169632598609,-13.4,-5.00105608308708));
#4681=CARTESIAN_POINT('',(-63.0387085646082,12.,-7.64010618423541));
#4682=CARTESIAN_POINT('Origin',(-66.016915268448,12.,-8.00105608270322));
#4683=CARTESIAN_POINT('',(-63.0387085646082,-13.4,-7.64010618423541));
#4684=CARTESIAN_POINT('Origin',(6.39834901736978E-5,-6.4,-43.7493673410091));
#4685=CARTESIAN_POINT('',(66.0170432539961,-6.4,-5.));
#4686=CARTESIAN_POINT('Origin',(66.0170432539961,-6.4,-8.));
#4687=CARTESIAN_POINT('',(78.091292728447,-6.4,-5.00000000000002));
#4688=CARTESIAN_POINT('',(33.0085536187432,-6.4,-5.));
#4689=CARTESIAN_POINT('',(81.075673342273,-6.4,-8.30573248407642));
#4690=CARTESIAN_POINT('Origin',(78.091292728447,-6.4,-7.99999999999998));
#4691=CARTESIAN_POINT('',(-81.0755404639536,-6.4,-8.30702946171861));
#4692=CARTESIAN_POINT('Origin',(0.,-6.4,0.));
#4693=CARTESIAN_POINT('',(-78.091212732767,-6.4,-5.0012492365177));
#4694=CARTESIAN_POINT('Origin',(-78.0911647413541,-6.4,-8.00124923613386));
#4695=CARTESIAN_POINT('',(-39.0458843141196,-6.4,-5.00062462302509));
#4696=CARTESIAN_POINT('',(-79.0964600977819,-6.4,-8.00000000000003));
#4697=CARTESIAN_POINT('',(79.0965880647622,-6.4,-7.99873468201822));
#4698=CARTESIAN_POINT('Origin',(8.88178419700125E-15,-6.4,1.08770485875751E-30));
#4699=CARTESIAN_POINT('',(66.0171712226501,-6.4,-7.99894391524945));
#4700=CARTESIAN_POINT('',(66.0171712226501,-6.4,-7.9989439152495));
#4701=CARTESIAN_POINT('',(-66.0170432539962,-6.4,-8.00000000000001));
#4702=CARTESIAN_POINT('Origin',(8.88178419700125E-15,-6.4,1.08770485875751E-30));
#4703=CARTESIAN_POINT('',(-79.0964600977819,-6.4,-8.00000000000003));
#4704=CARTESIAN_POINT('Origin',(0.,2.19271025321856,0.));
#4705=CARTESIAN_POINT('',(0.529427116034162,10.7854205064371,-81.4982803924651));
#4706=CARTESIAN_POINT('',(-0.529427116034184,10.7854205064371,-81.4982803924651));
#4707=CARTESIAN_POINT('Ctrl Pts',(0.529427116034267,10.7854205064371,-81.4982803924651));
#4708=CARTESIAN_POINT('Ctrl Pts',(0.354354627686979,10.7760055206775,-81.4994176940395));
#4709=CARTESIAN_POINT('Ctrl Pts',(0.177910106484863,10.7711734333862,-81.5000000000003));
#4710=CARTESIAN_POINT('Ctrl Pts',(-0.177910106484876,10.7711734333862,-81.5000000000003));
#4711=CARTESIAN_POINT('Ctrl Pts',(-0.354354627686997,10.7760055206775,-81.4994176940395));
#4712=CARTESIAN_POINT('Ctrl Pts',(-0.529427116034289,10.7854205064371,-81.4982803924651));
#4713=CARTESIAN_POINT('Origin',(3.5527136788005E-14,10.7854205064371,8.88178419700125E-15));
#4714=CARTESIAN_POINT('Origin',(0.,2.19271025321856,0.));
#4715=CARTESIAN_POINT('',(81.0756733422734,10.7854205064371,-8.30573248407646));
#4716=CARTESIAN_POINT('',(81.075673342273,-13.4,-8.30573248407642));
#4717=CARTESIAN_POINT('',(81.0863081505539,10.7854205064371,-8.20125786166179));
#4718=CARTESIAN_POINT('Origin',(3.5527136788005E-14,10.7854205064371,8.88178419700125E-15));
#4719=CARTESIAN_POINT('',(81.0863081505538,-6.4,-8.20125786166178));
#4720=CARTESIAN_POINT('',(81.0863081505538,-13.3994010204051,-8.20125786166178));
#4721=CARTESIAN_POINT('Origin',(0.,-6.4,-8.88178419700125E-15));
#4722=CARTESIAN_POINT('Origin',(0.,2.19271025321856,0.));
#4723=CARTESIAN_POINT('',(-81.0755404639537,10.7854205064371,-8.3070294617186));
#4724=CARTESIAN_POINT('',(-81.0755404639536,-13.4,-8.30702946171861));
#4725=CARTESIAN_POINT('',(-81.0861769435235,-6.4,-8.20255500948551));
#4726=CARTESIAN_POINT('Origin',(0.,-6.4,-8.88178419700125E-15));
#4727=CARTESIAN_POINT('',(-81.0861769435236,10.7854205064371,-8.20255500948553));
#4728=CARTESIAN_POINT('',(-81.0861769435235,-13.3994010204051,-8.20255500948551));
#4729=CARTESIAN_POINT('Origin',(3.5527136788005E-14,10.7854205064371,8.88178419700125E-15));
#4730=CARTESIAN_POINT('Origin',(-82.578560568251,2.19271025321856,-8.35352227959875));
#4731=CARTESIAN_POINT('',(-84.0709441929784,-3.40000000000014,-8.50448954971198));
#4732=CARTESIAN_POINT('',(-81.0861769435235,-6.4,-8.20255500948551));
#4733=CARTESIAN_POINT('',(-84.0709441929784,7.78542050643715,-8.50448954971198));
#4734=CARTESIAN_POINT('',(-84.0709441929784,-3.40000000000014,-8.50448954971198));
#4735=CARTESIAN_POINT('',(-84.0709441929784,7.78542050643715,-8.50448954971198));
#4736=CARTESIAN_POINT('Origin',(0.,9.28542050643714,0.));
#4737=CARTESIAN_POINT('',(84.0710802297153,7.78542050643715,-8.50314465411559));
#4738=CARTESIAN_POINT('Origin',(1.77635683940025E-14,7.78542050643715,-8.88178419700125E-15));
#4739=CARTESIAN_POINT('',(84.0710802297153,7.78542050643715,-8.50314465411559));
#4740=CARTESIAN_POINT('Origin',(0.,10.7854205064372,0.));
#4741=CARTESIAN_POINT('Origin',(0.,10.7854205064372,0.));
#4742=CARTESIAN_POINT('Origin',(0.,2.1927102532185,0.));
#4743=CARTESIAN_POINT('',(84.0710802297153,-3.40000000000014,-8.50314465411559));
#4744=CARTESIAN_POINT('Origin',(1.77635683940025E-14,-3.40000000000014,
-8.88178419700125E-15));
#4745=CARTESIAN_POINT('',(84.0710802297153,-3.40000000000014,-8.50314465411559));
#4746=CARTESIAN_POINT('Origin',(0.,-4.90000000000007,0.));
#4747=CARTESIAN_POINT('',(81.0863081505538,-6.4,-8.20125786166178));
#4748=CARTESIAN_POINT('Origin',(82.5786941901346,2.19271025321856,-8.35220125788869));
#4749=CARTESIAN_POINT('Origin',(0.,-13.4,0.));
#4750=CARTESIAN_POINT('',(81.075673342273,12.,-8.30573248407642));
#4751=CARTESIAN_POINT('',(81.075673342273,-13.4,-8.30573248407642));
#4752=CARTESIAN_POINT('',(5.08165481284314,12.,-81.3414210864499));
#4753=CARTESIAN_POINT('Origin',(0.,12.,0.));
#4754=CARTESIAN_POINT('Ctrl Pts',(5.08165481284318,11.9999999999999,-81.3414210864499));
#4755=CARTESIAN_POINT('Ctrl Pts',(3.6315005591672,11.3411080724925,-81.4320167908786));
#4756=CARTESIAN_POINT('Ctrl Pts',(2.13827409109486,10.8719405045389,-81.4878290404851));
#4757=CARTESIAN_POINT('Ctrl Pts',(0.529427116034267,10.7854205064371,-81.4982803924651));
#4758=CARTESIAN_POINT('Origin',(0.,-13.4,0.));
#4759=CARTESIAN_POINT('',(-5.08165481284315,12.,-81.3414210864499));
#4760=CARTESIAN_POINT('Ctrl Pts',(-0.52942711603429,10.7854205064371,-81.4982803924651));
#4761=CARTESIAN_POINT('Ctrl Pts',(-2.13827409109489,10.8719405045389,-81.4878290404851));
#4762=CARTESIAN_POINT('Ctrl Pts',(-3.63150055916722,11.3411080724925,-81.4320167908786));
#4763=CARTESIAN_POINT('Ctrl Pts',(-5.08165481284319,11.9999999999999,-81.3414210864499));
#4764=CARTESIAN_POINT('',(-81.0755404639536,12.,-8.30702946171861));
#4765=CARTESIAN_POINT('Origin',(0.,12.,0.));
#4766=CARTESIAN_POINT('',(-81.0755404639536,-13.4,-8.30702946171861));
#4767=CARTESIAN_POINT('Origin',(-66.0170432539961,-9.4,-8.00000000000001));
#4768=CARTESIAN_POINT('',(-79.0964600977819,-9.4,-8.00000000000003));
#4769=CARTESIAN_POINT('',(-66.0170432539961,-9.4,-8.00000000000001));
#4770=CARTESIAN_POINT('Origin',(8.88178419700125E-15,-9.4,1.08770485875751E-30));
#4771=CARTESIAN_POINT('',(66.0171712226501,-9.4,-7.99894391524945));
#4772=CARTESIAN_POINT('Origin',(79.096588064762,-9.4,-7.99873468201827));
#4773=CARTESIAN_POINT('',(79.0965880647622,-9.4,-7.99873468201822));
#4774=CARTESIAN_POINT('Origin',(8.88178419700125E-15,-9.4,1.08770485875751E-30));
#4775=CARTESIAN_POINT('Origin',(-78.091212732767,-13.4,-5.0012492365177));
#4776=CARTESIAN_POINT('',(-78.091212732767,12.,-5.0012492365177));
#4777=CARTESIAN_POINT('',(-78.091212732767,-13.4,-5.0012492365177));
#4778=CARTESIAN_POINT('',(-39.0455983653167,12.,-5.00062461845073));
#4779=CARTESIAN_POINT('Origin',(-66.016915268448,-13.4,-8.00105608270322));
#4780=CARTESIAN_POINT('',(-63.0387085646082,-13.4,-7.64010618423541));
#4781=CARTESIAN_POINT('',(-63.0387085646082,-13.4,-7.64010618423541));
#4782=CARTESIAN_POINT('Origin',(-66.016915268448,-13.4,-8.00105608270322));
#4783=CARTESIAN_POINT('Origin',(0.,-13.4,0.));
#4784=CARTESIAN_POINT('',(-3.59676128475461,12.,-63.3980544516982));
#4785=CARTESIAN_POINT('Origin',(0.,12.,0.));
#4786=CARTESIAN_POINT('',(3.5967612847546,12.,-63.3980544516982));
#4787=CARTESIAN_POINT('Ctrl Pts',(3.5967612847546,12.,-63.3980544516982));
#4788=CARTESIAN_POINT('Ctrl Pts',(2.46710450604627,11.5338896166685,-63.4621432601303));
#4789=CARTESIAN_POINT('Ctrl Pts',(1.28944762588805,11.228826566614,-63.5));
#4790=CARTESIAN_POINT('Ctrl Pts',(-1.28944762588801,11.228826566614,-63.5));
#4791=CARTESIAN_POINT('Ctrl Pts',(-2.46710450604626,11.5338896166685,-63.4621432601303));
#4792=CARTESIAN_POINT('Ctrl Pts',(-3.59676128475461,12.,-63.3980544516982));
#4793=CARTESIAN_POINT('',(63.0388307763723,12.,-7.6390977443609));
#4794=CARTESIAN_POINT('Origin',(0.,12.,0.));
#4795=CARTESIAN_POINT('',(63.0388307763723,-13.4,-7.6390977443609));
#4796=CARTESIAN_POINT('Origin',(0.,-13.4,0.));
#4797=CARTESIAN_POINT('',(63.0388307763723,-13.4,-7.6390977443609));
#4798=CARTESIAN_POINT('',(63.0388307763723,-13.4,-7.6390977443609));
#4799=CARTESIAN_POINT('Origin',(0.,-13.4,0.));
#4800=CARTESIAN_POINT('Origin',(-78.0911647413541,-13.4,-8.00124923613386));
#4801=CARTESIAN_POINT('Origin',(-78.0911647413541,12.,-8.00124923613386));
#4802=CARTESIAN_POINT('Origin',(66.0170432539961,-13.4,-8.));
#4803=CARTESIAN_POINT('',(66.0170432539961,12.,-5.));
#4804=CARTESIAN_POINT('Origin',(66.0170432539961,12.,-8.));
#4805=CARTESIAN_POINT('',(66.0170432539961,-13.4,-5.));
#4806=CARTESIAN_POINT('Origin',(78.091292728447,-13.4,-7.99999999999998));
#4807=CARTESIAN_POINT('',(78.091292728447,12.,-5.00000000000002));
#4808=CARTESIAN_POINT('',(78.091292728447,-13.4,-5.00000000000002));
#4809=CARTESIAN_POINT('Origin',(78.091292728447,12.,-7.99999999999998));
#4810=CARTESIAN_POINT('Origin',(66.0170432539961,-13.4,-5.));
#4811=CARTESIAN_POINT('',(33.0084896352208,12.,-5.));
#4812=CARTESIAN_POINT('Origin',(66.0170432539961,-9.4,8.));
#4813=CARTESIAN_POINT('',(79.0964600977819,-9.4,8.00000000000002));
#4814=CARTESIAN_POINT('',(66.0170432539961,-9.4,8.));
#4815=CARTESIAN_POINT('Origin',(-8.88178419700125E-15,-9.4,0.));
#4816=CARTESIAN_POINT('',(-66.0171712226501,-9.4,7.99894391524946));
#4817=CARTESIAN_POINT('Origin',(-79.096588064762,-9.4,7.99873468201828));
#4818=CARTESIAN_POINT('',(-79.0965880647622,-9.4,7.99873468201823));
#4819=CARTESIAN_POINT('Origin',(-8.88178419700125E-15,-9.4,0.));
#4820=CARTESIAN_POINT('Origin',(0.,-13.4,0.));
#4821=CARTESIAN_POINT('',(3.59676128475451,12.,63.3980544516982));
#4822=CARTESIAN_POINT('Origin',(0.,12.,0.));
#4823=CARTESIAN_POINT('',(-3.5967612847545,12.,63.3980544516982));
#4824=CARTESIAN_POINT('Ctrl Pts',(-3.59676128475451,12.,63.3980544516982));
#4825=CARTESIAN_POINT('Ctrl Pts',(-2.46710450604619,11.5338896166686,63.4621432601302));
#4826=CARTESIAN_POINT('Ctrl Pts',(-1.28944762588798,11.228826566614,63.5));
#4827=CARTESIAN_POINT('Ctrl Pts',(1.28944762588801,11.228826566614,63.5));
#4828=CARTESIAN_POINT('Ctrl Pts',(2.46710450604621,11.5338896166686,63.4621432601302));
#4829=CARTESIAN_POINT('Ctrl Pts',(3.59676128475451,12.,63.3980544516982));
#4830=CARTESIAN_POINT('',(-63.0389529720042,12.,7.63808930253149));
#4831=CARTESIAN_POINT('Origin',(0.,12.,0.));
#4832=CARTESIAN_POINT('',(-63.0389529720042,-13.4,7.63808930253149));
#4833=CARTESIAN_POINT('Origin',(-66.0171712226501,-13.4,7.99894391524951));
#4834=CARTESIAN_POINT('',(-66.0171232312372,12.,4.99894391563338));
#4835=CARTESIAN_POINT('Origin',(-66.0171712226501,12.,7.99894391524951));
#4836=CARTESIAN_POINT('',(-66.0171232312372,-13.4,4.99894391563338));
#4837=CARTESIAN_POINT('Origin',(-66.0171712226501,-13.4,7.99894391524951));
#4838=CARTESIAN_POINT('',(-63.0389529720042,-13.4,7.63808930253149));
#4839=CARTESIAN_POINT('Origin',(-66.0171712226501,-13.4,7.99894391524951));
#4840=CARTESIAN_POINT('',(-63.0389529720042,-13.4,7.63808930253149));
#4841=CARTESIAN_POINT('Origin',(-66.0171232312372,-13.4,4.99894391563338));
#4842=CARTESIAN_POINT('',(-78.0913727041432,12.,4.99875076220273));
#4843=CARTESIAN_POINT('',(-33.00863360024,12.,4.99947195698504));
#4844=CARTESIAN_POINT('',(-78.0913727041432,-13.4,4.99875076220273));
#4845=CARTESIAN_POINT('Origin',(78.091292728447,-13.4,5.));
#4846=CARTESIAN_POINT('',(78.091292728447,12.,5.));
#4847=CARTESIAN_POINT('',(78.091292728447,-13.4,5.));
#4848=CARTESIAN_POINT('',(39.0456143724462,12.,5.));
#4849=CARTESIAN_POINT('Origin',(-78.091420695556,-13.4,7.99875076181904));
#4850=CARTESIAN_POINT('Origin',(-78.091420695556,12.,7.99875076181904));
#4851=CARTESIAN_POINT('Origin',(78.091292728447,-13.4,8.));
#4852=CARTESIAN_POINT('Origin',(78.091292728447,12.,8.));
#4853=CARTESIAN_POINT('Origin',(78.091292728447,-13.4,8.));
#4854=CARTESIAN_POINT('',(81.075673342273,-13.4,8.30573248407643));
#4855=CARTESIAN_POINT('Origin',(78.091292728447,-13.4,8.));
#4856=CARTESIAN_POINT('',(81.075673342273,-13.4,8.30573248407643));
#4857=CARTESIAN_POINT('Origin',(0.,-13.4,0.));
#4858=CARTESIAN_POINT('',(-81.075806199845,-13.4,8.30443550430896));
#4859=CARTESIAN_POINT('Origin',(0.,-13.4,0.));
#4860=CARTESIAN_POINT('',(-81.075806199845,-13.4,8.30443550430896));
#4861=CARTESIAN_POINT('Origin',(0.,-4.4,72.7288265666141));
#4862=CARTESIAN_POINT('Origin',(0.,-4.4,-72.728826566614));
#4863=CARTESIAN_POINT('Origin',(-5.8723794769618E-15,10.,-72.728826566614));
#4864=CARTESIAN_POINT('',(10.,12.,-72.728826566614));
#4865=CARTESIAN_POINT('Origin',(-5.8723794769618E-15,12.,-72.728826566614));
#4866=CARTESIAN_POINT('',(6.,8.,-72.728826566614));
#4867=CARTESIAN_POINT('',(8.,10.,-72.728826566614));
#4868=CARTESIAN_POINT('Origin',(-5.8723794769618E-15,8.,-72.728826566614));
#4869=CARTESIAN_POINT('Origin',(-5.8723794769618E-15,12.,-72.728826566614));
#4870=CARTESIAN_POINT('Origin',(-5.8723794769618E-15,12.,-72.728826566614));
#4871=CARTESIAN_POINT('Origin',(-6.3983554623448E-5,12.,-1.50990331349021E-13));
#4872=CARTESIAN_POINT('Origin',(-6.3983554623448E-5,12.,-1.50990331349021E-13));
#4873=CARTESIAN_POINT('Origin',(-5.8723794769618E-15,-9.4,-72.728826566614));
#4874=CARTESIAN_POINT('',(6.,-9.4,-72.728826566614));
#4875=CARTESIAN_POINT('Origin',(4.42842796397391E-15,10.,72.7288265666141));
#4876=CARTESIAN_POINT('',(10.,12.,72.7288265666141));
#4877=CARTESIAN_POINT('Origin',(4.42842796397391E-15,12.,72.7288265666141));
#4878=CARTESIAN_POINT('',(6.00000000000001,8.,72.7288265666141));
#4879=CARTESIAN_POINT('',(8.00000000000001,10.,72.7288265666141));
#4880=CARTESIAN_POINT('Origin',(4.42842796397391E-15,8.,72.7288265666141));
#4881=CARTESIAN_POINT('Origin',(4.42842796397391E-15,12.,72.7288265666141));
#4882=CARTESIAN_POINT('Origin',(4.42842796397391E-15,12.,72.7288265666141));
#4883=CARTESIAN_POINT('Origin',(-6.3983554623448E-5,12.,-1.50990331349021E-13));
#4884=CARTESIAN_POINT('Origin',(-6.3983554623448E-5,12.,-1.50990331349021E-13));
#4885=CARTESIAN_POINT('Origin',(0.,-13.4,0.));
#4886=CARTESIAN_POINT('',(63.0388307763723,-13.4,7.6390977443609));
#4887=CARTESIAN_POINT('Origin',(0.,-13.4,0.));
#4888=CARTESIAN_POINT('',(63.0388307763723,-13.4,7.6390977443609));
#4889=CARTESIAN_POINT('Origin',(4.42842796397391E-15,-9.4,72.7288265666141));
#4890=CARTESIAN_POINT('',(6.00000000000001,-9.4,72.7288265666141));
#4891=CARTESIAN_POINT('Origin',(-78.091420695556,-13.4,7.99875076181904));
#4892=CARTESIAN_POINT('Origin',(-78.091420695556,-13.4,7.99875076181904));
#4893=CARTESIAN_POINT('Origin',(66.0170432539961,-13.4,8.));
#4894=CARTESIAN_POINT('Origin',(66.0170432539961,-13.4,8.));
#4895=CARTESIAN_POINT('Origin',(66.0170432539961,-13.4,-5.));
#4896=CARTESIAN_POINT('',(78.091292728447,-13.4,-5.00000000000002));
#4897=CARTESIAN_POINT('',(78.091292728447,-13.4,-5.00000000000002));
#4898=CARTESIAN_POINT('',(66.0170432539961,-13.4,-5.));
#4899=CARTESIAN_POINT('',(33.0085216269981,-13.4,-5.));
#4900=CARTESIAN_POINT('',(66.0170432539961,-13.4,-5.));
#4901=CARTESIAN_POINT('Origin',(66.0170432539961,-13.4,-8.));
#4902=CARTESIAN_POINT('Origin',(66.0170432539961,-13.4,-8.));
#4903=CARTESIAN_POINT('Origin',(-78.0911647413541,-13.4,-8.00124923613386));
#4904=CARTESIAN_POINT('',(-81.0755404639536,-13.4,-8.30702946171861));
#4905=CARTESIAN_POINT('Origin',(-78.0911647413541,-13.4,-8.00124923613386));
#4906=CARTESIAN_POINT('',(-81.0755404639536,-13.4,-8.30702946171861));
#4907=CARTESIAN_POINT('Origin',(0.,-13.4,0.));
#4908=CARTESIAN_POINT('',(81.075673342273,-13.4,-8.30573248407642));
#4909=CARTESIAN_POINT('Origin',(0.,-13.4,0.));
#4910=CARTESIAN_POINT('',(81.075673342273,-13.4,-8.30573248407642));
#4911=CARTESIAN_POINT('Origin',(78.091292728447,-13.4,-7.99999999999998));
#4912=CARTESIAN_POINT('Origin',(78.091292728447,-13.4,-7.99999999999998));
#4913=CARTESIAN_POINT('Origin',(0.,13.5,0.));
#4914=CARTESIAN_POINT('',(87.5,12.,-1.07156594925393E-14));
#4915=CARTESIAN_POINT('Origin',(0.,12.,0.));
#4916=CARTESIAN_POINT('',(84.5,15.,1.03482654527951E-14));
#4917=CARTESIAN_POINT('',(86.,13.5,1.05319624726672E-14));
#4918=CARTESIAN_POINT('Origin',(0.,15.,0.));
#4919=CARTESIAN_POINT('Origin',(0.,15.,0.));
#4920=CARTESIAN_POINT('',(44.,15.,-5.38844591624836E-15));
#4921=CARTESIAN_POINT('Origin',(0.,15.,0.));
#4922=CARTESIAN_POINT('Origin',(0.,8.,0.));
#4923=CARTESIAN_POINT('',(87.5,8.,-1.07156594925393E-14));
#4924=CARTESIAN_POINT('Origin',(0.,23.5,0.));
#4925=CARTESIAN_POINT('',(41.,25.,5.02105187650415E-15));
#4926=CARTESIAN_POINT('Origin',(0.,25.,0.));
#4927=CARTESIAN_POINT('',(44.,22.,-5.38844591624836E-15));
#4928=CARTESIAN_POINT('',(42.5,23.5,-5.20474889637625E-15));
#4929=CARTESIAN_POINT('Origin',(0.,22.,0.));
#4930=CARTESIAN_POINT('Origin',(0.,25.,0.));
#4931=CARTESIAN_POINT('',(44.,25.,5.38844591624836E-15));
#4932=CARTESIAN_POINT('Origin',(0.,25.,0.));
#4933=CARTESIAN_POINT('',(33.,25.,-4.04133443718627E-15));
#4934=CARTESIAN_POINT('Origin',(0.,25.,0.));
#4935=CARTESIAN_POINT('Origin',(0.,-13.4,0.));
#4936=CARTESIAN_POINT('',(60.5,-13.4,7.40911313484149E-15));
#4937=CARTESIAN_POINT('Origin',(0.,-13.4,0.));
#4938=CARTESIAN_POINT('Origin',(-3.29429988970638E-15,8.,53.8));
#4939=CARTESIAN_POINT('',(2.75,6.45,53.8));
#4940=CARTESIAN_POINT('Origin',(-3.29429988970638E-15,6.45,53.8));
#4941=CARTESIAN_POINT('',(2.75,8.,53.8));
#4942=CARTESIAN_POINT('Origin',(-53.8,8.,-1.31312753038575E-14));
#4943=CARTESIAN_POINT('',(-51.05,6.45,-1.3468053173623E-14));
#4944=CARTESIAN_POINT('Origin',(-53.8,6.45,-1.31312753038575E-14));
#4945=CARTESIAN_POINT('',(-51.05,8.,-1.3468053173623E-14));
#4946=CARTESIAN_POINT('Origin',(9.85228349914046E-15,8.,-53.8));
#4947=CARTESIAN_POINT('',(2.75000000000001,6.45,-53.8));
#4948=CARTESIAN_POINT('Origin',(9.85228349914046E-15,6.45,-53.8));
#4949=CARTESIAN_POINT('',(2.75000000000001,8.,-53.8));
#4950=CARTESIAN_POINT('Origin',(53.8,8.,6.55798360943408E-15));
#4951=CARTESIAN_POINT('',(56.55,6.45,6.22120573966855E-15));
#4952=CARTESIAN_POINT('Origin',(53.8,6.45,6.55798360943408E-15));
#4953=CARTESIAN_POINT('',(56.55,8.,6.22120573966855E-15));
#4954=CARTESIAN_POINT('Origin',(0.,25.,0.));
#4955=CARTESIAN_POINT('',(33.,13.6,4.04133443718627E-15));
#4956=CARTESIAN_POINT('Origin',(0.,13.6,0.));
#4957=CARTESIAN_POINT('',(33.,25.,4.04133443718627E-15));
#4958=CARTESIAN_POINT('Origin',(0.,13.6,0.));
#4959=CARTESIAN_POINT('Origin',(0.,8.,0.));
#4960=CARTESIAN_POINT('',(60.5,6.45,7.40911313484149E-15));
#4961=CARTESIAN_POINT('',(60.5,8.,7.40911313484149E-15));
#4962=CARTESIAN_POINT('Origin',(0.,6.45,0.));
#4963=CARTESIAN_POINT('Origin',(0.,6.45,0.));
#4964=UNCERTAINTY_MEASURE_WITH_UNIT(LENGTH_MEASURE(0.01),#4968,
'DISTANCE_ACCURACY_VALUE',
'Maximum model space distance between geometric entities at asserted c
onnectivities');
#4965=UNCERTAINTY_MEASURE_WITH_UNIT(LENGTH_MEASURE(0.01),#4968,
'DISTANCE_ACCURACY_VALUE',
'Maximum model space distance between geometric entities at asserted c
onnectivities');
#4966=(
GEOMETRIC_REPRESENTATION_CONTEXT(3)
GLOBAL_UNCERTAINTY_ASSIGNED_CONTEXT((#4964))
GLOBAL_UNIT_ASSIGNED_CONTEXT((#4968,#4970,#4971))
REPRESENTATION_CONTEXT('','3D')
);
#4967=(
GEOMETRIC_REPRESENTATION_CONTEXT(3)
GLOBAL_UNCERTAINTY_ASSIGNED_CONTEXT((#4965))
GLOBAL_UNIT_ASSIGNED_CONTEXT((#4968,#4970,#4971))
REPRESENTATION_CONTEXT('','3D')
);
#4968=(
LENGTH_UNIT()
NAMED_UNIT(*)
SI_UNIT(.MILLI.,.METRE.)
);
#4969=(
LENGTH_UNIT()
NAMED_UNIT(*)
SI_UNIT($,.METRE.)
);
#4970=(
NAMED_UNIT(*)
PLANE_ANGLE_UNIT()
SI_UNIT($,.RADIAN.)
);
#4971=(
NAMED_UNIT(*)
SI_UNIT($,.STERADIAN.)
SOLID_ANGLE_UNIT()
);
#4972=SHAPE_DEFINITION_REPRESENTATION(#4973,#4974);
#4973=PRODUCT_DEFINITION_SHAPE('',$,#4976);
#4974=SHAPE_REPRESENTATION('',(#2881),#4966);
#4975=PRODUCT_DEFINITION_CONTEXT('part definition',#4980,'design');
#4976=PRODUCT_DEFINITION('2026-08-29-11-17-49-422','shell',#4977,#4975);
#4977=PRODUCT_DEFINITION_FORMATION('',$,#4982);
#4978=PRODUCT_RELATED_PRODUCT_CATEGORY('shell','shell',(#4982));
#4979=APPLICATION_PROTOCOL_DEFINITION('international standard',
'automotive_design',2009,#4980);
#4980=APPLICATION_CONTEXT(
'Core Data for Automotive Mechanical Design Process');
#4981=PRODUCT_CONTEXT('part definition',#4980,'mechanical');
#4982=PRODUCT('2026-08-29-11-17-49-422','shell',$,(#4981));
#4983=PRESENTATION_STYLE_ASSIGNMENT((#4985));
#4984=PRESENTATION_STYLE_ASSIGNMENT((#4986));
#4985=SURFACE_STYLE_USAGE(.BOTH.,#4987);
#4986=SURFACE_STYLE_USAGE(.BOTH.,#4988);
#4987=SURFACE_SIDE_STYLE('',(#4989));
#4988=SURFACE_SIDE_STYLE('',(#4990));
#4989=SURFACE_STYLE_FILL_AREA(#4991);
#4990=SURFACE_STYLE_FILL_AREA(#4992);
#4991=FILL_AREA_STYLE('Steel - Satin',(#4993));
#4992=FILL_AREA_STYLE('Plastic - Matte (Black)',(#4994));
#4993=FILL_AREA_STYLE_COLOUR('Steel - Satin',#4995);
#4994=FILL_AREA_STYLE_COLOUR('Plastic - Matte (Black)',#4996);
#4995=COLOUR_RGB('Steel - Satin',0.627450980392157,0.627450980392157,0.627450980392157);
#4996=COLOUR_RGB('Plastic - Matte (Black)',0.0980392156862745,0.0980392156862745,
0.0980392156862745);
ENDSEC;
END-ISO-10303-21;
