ISO-10303-21;
HEADER;
/* Generated by software containing ST-Developer
 * from STEP Tools, Inc. (www.steptools.com) 
 */

FILE_DESCRIPTION(
/* description */ (''),
/* implementation_level */ '2;1');

FILE_NAME(
/* name */ 'freestanding-base-outer-shell_v1.1.otl-export-tmp.step',
/* time_stamp */ '2026-09-16T14:33:08-05:00',
/* author */ (''),
/* organization */ (''),
/* preprocessor_version */ 'ST-DEVELOPER v20.2',
/* originating_system */ 'Autodesk Translation Framework v15.15.0.0',
/* authorisation */ '');

FILE_SCHEMA (('AUTOMOTIVE_DESIGN { 1 0 10303 214 3 1 1 }'));
ENDSEC;

DATA;
#10=MECHANICAL_DESIGN_GEOMETRIC_PRESENTATION_REPRESENTATION('',(#13),#5775);
#11=SHAPE_REPRESENTATION_RELATIONSHIP('SRR','None',#5782,#12);
#12=ADVANCED_BREP_SHAPE_REPRESENTATION('',(#14),#5774);
#13=STYLED_ITEM('',(#5791),#14);
#14=MANIFOLD_SOLID_BREP('Body1',#3350);
#15=B_SPLINE_CURVE_WITH_KNOTS('',3,(#5436,#5437,#5438,#5439),
 .UNSPECIFIED.,.F.,.F.,(4,4),(1.66611911791359,1.66716725774446),
 .UNSPECIFIED.);
#16=FACE_BOUND('',#425,.T.);
#17=FACE_BOUND('',#453,.T.);
#18=FACE_BOUND('',#454,.T.);
#19=FACE_BOUND('',#455,.T.);
#20=FACE_BOUND('',#458,.T.);
#21=FACE_BOUND('',#459,.T.);
#22=FACE_BOUND('',#460,.T.);
#23=FACE_BOUND('',#491,.T.);
#24=FACE_BOUND('',#497,.T.);
#25=FACE_BOUND('',#502,.T.);
#26=FACE_BOUND('',#507,.T.);
#27=FACE_BOUND('',#550,.T.);
#28=FACE_BOUND('',#555,.T.);
#29=FACE_BOUND('',#557,.T.);
#30=FACE_BOUND('',#558,.T.);
#31=FACE_BOUND('',#559,.T.);
#32=FACE_BOUND('',#567,.T.);
#33=FACE_BOUND('',#568,.T.);
#34=FACE_BOUND('',#569,.T.);
#35=FACE_BOUND('',#570,.T.);
#36=FACE_BOUND('',#571,.T.);
#37=CONICAL_SURFACE('',#3417,83.0000000000003,0.785398163397438);
#38=CONICAL_SURFACE('',#3421,83.0000000000003,0.785398163397476);
#39=CONICAL_SURFACE('',#3425,62.7216122438333,0.785398163397455);
#40=CONICAL_SURFACE('',#3442,83.0000000000003,0.785398163397438);
#41=CONICAL_SURFACE('',#3443,83.0000000000003,0.785398163397476);
#42=CONICAL_SURFACE('',#3444,62.7216122438333,0.78539816339739);
#43=CONICAL_SURFACE('',#3451,62.7216122438333,0.785398163397455);
#44=CONICAL_SURFACE('',#3469,83.0000000000003,0.785398163397438);
#45=CONICAL_SURFACE('',#3473,83.0000000000003,0.785398163397476);
#46=CONICAL_SURFACE('',#3477,62.7216122438333,0.785398163397455);
#47=CONICAL_SURFACE('',#3547,62.7216122438333,0.78539816339739);
#48=CONICAL_SURFACE('',#3555,83.0000000000003,0.785398163397476);
#49=CONICAL_SURFACE('',#3566,62.7216122438333,0.78539816339739);
#50=CONICAL_SURFACE('',#3573,62.7216122438333,0.78539816339739);
#51=CONICAL_SURFACE('',#3577,83.0000000000003,0.785398163397438);
#52=CONICAL_SURFACE('',#3584,2.625,0.785398163397449);
#53=CONICAL_SURFACE('',#3590,2.625,0.785398163397449);
#54=CONICAL_SURFACE('',#3641,86.,0.78539816339745);
#55=CONICAL_SURFACE('',#3653,62.7216122438333,0.785398163397455);
#56=CONICAL_SURFACE('',#3689,86.,0.78539816339745);
#57=CONICAL_SURFACE('',#3695,42.5,0.785398163397448);
#58=(
BOUNDED_CURVE()
B_SPLINE_CURVE(2,(#4910,#4911,#4912),.UNSPECIFIED.,.F.,.F.)
B_SPLINE_CURVE_WITH_KNOTS((3,3),(0.775072485683908,1.200019173356),
 .UNSPECIFIED.)
CURVE()
GEOMETRIC_REPRESENTATION_ITEM()
RATIONAL_B_SPLINE_CURVE((1.00166006623912,1.00181563907625,1.00164279233886))
REPRESENTATION_ITEM('')
);
#59=(
BOUNDED_CURVE()
B_SPLINE_CURVE(2,(#4915,#4916,#4917),.UNSPECIFIED.,.F.,.F.)
B_SPLINE_CURVE_WITH_KNOTS((3,3),(0.752721543254349,1.17766823095606),
 .UNSPECIFIED.)
CURVE()
GEOMETRIC_REPRESENTATION_ITEM()
RATIONAL_B_SPLINE_CURVE((1.00164279250759,1.00181563926354,1.00166006641104))
REPRESENTATION_ITEM('')
);
#60=(
BOUNDED_CURVE()
B_SPLINE_CURVE(2,(#4921,#4922,#4923),.UNSPECIFIED.,.F.,.F.)
B_SPLINE_CURVE_WITH_KNOTS((3,3),(0.152107888908483,0.350998878063006),
 .UNSPECIFIED.)
CURVE()
GEOMETRIC_REPRESENTATION_ITEM()
RATIONAL_B_SPLINE_CURVE((1.0013659446804,1.00219810729993,1.0028710914339))
REPRESENTATION_ITEM('')
);
#61=(
BOUNDED_CURVE()
B_SPLINE_CURVE(2,(#4926,#4927,#4928),.UNSPECIFIED.,.F.,.F.)
B_SPLINE_CURVE_WITH_KNOTS((3,3),(0.,0.210585084493403),.UNSPECIFIED.)
CURVE()
GEOMETRIC_REPRESENTATION_ITEM()
RATIONAL_B_SPLINE_CURVE((1.,1.0004599382473,1.00076055444679))
REPRESENTATION_ITEM('')
);
#62=(
BOUNDED_CURVE()
B_SPLINE_CURVE(2,(#4932,#4933,#4934),.UNSPECIFIED.,.F.,.F.)
B_SPLINE_CURVE_WITH_KNOTS((3,3),(0.,0.415822593905644),.UNSPECIFIED.)
CURVE()
GEOMETRIC_REPRESENTATION_ITEM()
RATIONAL_B_SPLINE_CURVE((1.,1.00036000192767,1.00039157316588))
REPRESENTATION_ITEM('')
);
#63=(
BOUNDED_CURVE()
B_SPLINE_CURVE(2,(#4940,#4941,#4942),.UNSPECIFIED.,.F.,.F.)
B_SPLINE_CURVE_WITH_KNOTS((3,3),(0.495766610021217,0.911589203917684),
 .UNSPECIFIED.)
CURVE()
GEOMETRIC_REPRESENTATION_ITEM()
RATIONAL_B_SPLINE_CURVE((1.00039157325259,1.00036000200739,1.))
REPRESENTATION_ITEM('')
);
#64=(
BOUNDED_CURVE()
B_SPLINE_CURVE(2,(#4952,#4953,#4954),.UNSPECIFIED.,.F.,.F.)
B_SPLINE_CURVE_WITH_KNOTS((3,3),(0.484099708207157,0.713909405725416),
 .UNSPECIFIED.)
CURVE()
GEOMETRIC_REPRESENTATION_ITEM()
RATIONAL_B_SPLINE_CURVE((1.00033673782111,1.00024829626385,1.))
REPRESENTATION_ITEM('')
);
#65=(
BOUNDED_CURVE()
B_SPLINE_CURVE(2,(#4999,#5000,#5001),.UNSPECIFIED.,.F.,.F.)
B_SPLINE_CURVE_WITH_KNOTS((3,3),(0.775080668686709,1.20002720954328),
 .UNSPECIFIED.)
CURVE()
GEOMETRIC_REPRESENTATION_ITEM()
RATIONAL_B_SPLINE_CURVE((1.0016600845048,1.0018156540899,1.00164280406553))
REPRESENTATION_ITEM('')
);
#66=(
BOUNDED_CURVE()
B_SPLINE_CURVE(2,(#5002,#5003,#5004),.UNSPECIFIED.,.F.,.F.)
B_SPLINE_CURVE_WITH_KNOTS((3,3),(0.,0.415822593905626),.UNSPECIFIED.)
CURVE()
GEOMETRIC_REPRESENTATION_ITEM()
RATIONAL_B_SPLINE_CURVE((1.,1.00036000192802,1.00039157316625))
REPRESENTATION_ITEM('')
);
#67=(
BOUNDED_CURVE()
B_SPLINE_CURVE(2,(#5006,#5007,#5008),.UNSPECIFIED.,.F.,.F.)
B_SPLINE_CURVE_WITH_KNOTS((3,3),(0.752721276498201,1.17766781733981),
 .UNSPECIFIED.)
CURVE()
GEOMETRIC_REPRESENTATION_ITEM()
RATIONAL_B_SPLINE_CURVE((1.00164280401746,1.00181565403665,1.00166008445603))
REPRESENTATION_ITEM('')
);
#68=(
BOUNDED_CURVE()
B_SPLINE_CURVE(2,(#5009,#5010,#5011),.UNSPECIFIED.,.F.,.F.)
B_SPLINE_CURVE_WITH_KNOTS((3,3),(0.,0.415822593896448),.UNSPECIFIED.)
CURVE()
GEOMETRIC_REPRESENTATION_ITEM()
RATIONAL_B_SPLINE_CURVE((1.,1.00036000200773,1.00039157325296))
REPRESENTATION_ITEM('')
);
#69=(
BOUNDED_CURVE()
B_SPLINE_CURVE(2,(#5014,#5015,#5016),.UNSPECIFIED.,.F.,.F.)
B_SPLINE_CURVE_WITH_KNOTS((3,3),(0.,0.210585084395172),.UNSPECIFIED.)
CURVE()
GEOMETRIC_REPRESENTATION_ITEM()
RATIONAL_B_SPLINE_CURVE((1.,1.00045993826127,1.00076055446996))
REPRESENTATION_ITEM('')
);
#70=(
BOUNDED_CURVE()
B_SPLINE_CURVE(2,(#5018,#5019,#5020),.UNSPECIFIED.,.F.,.F.)
B_SPLINE_CURVE_WITH_KNOTS((3,3),(0.,0.223732787552516),.UNSPECIFIED.)
CURVE()
GEOMETRIC_REPRESENTATION_ITEM()
RATIONAL_B_SPLINE_CURVE((1.,1.0000799280183,1.))
REPRESENTATION_ITEM('')
);
#71=(
BOUNDED_CURVE()
B_SPLINE_CURVE(2,(#5032,#5033,#5034),.UNSPECIFIED.,.F.,.F.)
B_SPLINE_CURVE_WITH_KNOTS((3,3),(1.01533169661237,1.22809975758319),
 .UNSPECIFIED.)
CURVE()
GEOMETRIC_REPRESENTATION_ITEM()
RATIONAL_B_SPLINE_CURVE((1.00134340550798,1.00110367452732,1.00070447629555))
REPRESENTATION_ITEM('')
);
#72=(
BOUNDED_CURVE()
B_SPLINE_CURVE(2,(#5043,#5044,#5045),.UNSPECIFIED.,.F.,.F.)
B_SPLINE_CURVE_WITH_KNOTS((3,3),(0.,0.229809697522779),.UNSPECIFIED.)
CURVE()
GEOMETRIC_REPRESENTATION_ITEM()
RATIONAL_B_SPLINE_CURVE((1.,1.00024829626432,1.00033673782174))
REPRESENTATION_ITEM('')
);
#73=(
BOUNDED_CURVE()
B_SPLINE_CURVE(2,(#5090,#5091,#5092),.UNSPECIFIED.,.F.,.F.)
B_SPLINE_CURVE_WITH_KNOTS((3,3),(0.775078990439262,1.20002556141207),
 .UNSPECIFIED.)
CURVE()
GEOMETRIC_REPRESENTATION_ITEM()
RATIONAL_B_SPLINE_CURVE((1.00166008078668,1.00181565104131,1.00164280168804))
REPRESENTATION_ITEM('')
);
#74=(
BOUNDED_CURVE()
B_SPLINE_CURVE(2,(#5095,#5096,#5097),.UNSPECIFIED.,.F.,.F.)
B_SPLINE_CURVE_WITH_KNOTS((3,3),(0.752721331779559,1.1776679027315),
 .UNSPECIFIED.)
CURVE()
GEOMETRIC_REPRESENTATION_ITEM()
RATIONAL_B_SPLINE_CURVE((1.0016428015657,1.0018156509055,1.001660080662))
REPRESENTATION_ITEM('')
);
#75=(
BOUNDED_CURVE()
B_SPLINE_CURVE(2,(#5101,#5102,#5103),.UNSPECIFIED.,.F.,.F.)
B_SPLINE_CURVE_WITH_KNOTS((3,3),(2.03276484812411,2.23165583727115),
 .UNSPECIFIED.)
CURVE()
GEOMETRIC_REPRESENTATION_ITEM()
RATIONAL_B_SPLINE_CURVE((1.00287109143638,1.00219810730182,1.00136594468157))
REPRESENTATION_ITEM('')
);
#76=(
BOUNDED_CURVE()
B_SPLINE_CURVE(2,(#5106,#5107,#5108),.UNSPECIFIED.,.F.,.F.)
B_SPLINE_CURVE_WITH_KNOTS((3,3),(0.,0.210585084493218),.UNSPECIFIED.)
CURVE()
GEOMETRIC_REPRESENTATION_ITEM()
RATIONAL_B_SPLINE_CURVE((1.,1.00045993824178,1.00076055443766))
REPRESENTATION_ITEM('')
);
#77=(
BOUNDED_CURVE()
B_SPLINE_CURVE(2,(#5112,#5113,#5114),.UNSPECIFIED.,.F.,.F.)
B_SPLINE_CURVE_WITH_KNOTS((3,3),(0.,0.415822593905558),.UNSPECIFIED.)
CURVE()
GEOMETRIC_REPRESENTATION_ITEM()
RATIONAL_B_SPLINE_CURVE((1.,1.00036000192928,1.00039157316763))
REPRESENTATION_ITEM('')
);
#78=(
BOUNDED_CURVE()
B_SPLINE_CURVE(2,(#5120,#5121,#5122),.UNSPECIFIED.,.F.,.F.)
B_SPLINE_CURVE_WITH_KNOTS((3,3),(0.,0.415822593899018),.UNSPECIFIED.)
CURVE()
GEOMETRIC_REPRESENTATION_ITEM()
RATIONAL_B_SPLINE_CURVE((1.,1.00036000196166,1.00039157320285))
REPRESENTATION_ITEM('')
);
#79=(
BOUNDED_CURVE()
B_SPLINE_CURVE(2,(#5132,#5133,#5134),.UNSPECIFIED.,.F.,.F.)
B_SPLINE_CURVE_WITH_KNOTS((3,3),(0.,0.229809697522673),.UNSPECIFIED.)
CURVE()
GEOMETRIC_REPRESENTATION_ITEM()
RATIONAL_B_SPLINE_CURVE((1.,1.00024829626498,1.00033673782264))
REPRESENTATION_ITEM('')
);
#80=(
BOUNDED_CURVE()
B_SPLINE_CURVE(2,(#5263,#5264,#5265),.UNSPECIFIED.,.F.,.F.)
B_SPLINE_CURVE_WITH_KNOTS((3,3),(0.,0.223732787552489),.UNSPECIFIED.)
CURVE()
GEOMETRIC_REPRESENTATION_ITEM()
RATIONAL_B_SPLINE_CURVE((1.,1.00007992813285,1.))
REPRESENTATION_ITEM('')
);
#81=(
BOUNDED_CURVE()
B_SPLINE_CURVE(2,(#5285,#5286,#5287),.UNSPECIFIED.,.F.,.F.)
B_SPLINE_CURVE_WITH_KNOTS((3,3),(0.,0.415822593899179),.UNSPECIFIED.)
CURVE()
GEOMETRIC_REPRESENTATION_ITEM()
RATIONAL_B_SPLINE_CURVE((1.,1.00036000195864,1.00039157319956))
REPRESENTATION_ITEM('')
);
#82=(
BOUNDED_CURVE()
B_SPLINE_CURVE(2,(#5291,#5292,#5293),.UNSPECIFIED.,.F.,.F.)
B_SPLINE_CURVE_WITH_KNOTS((3,3),(0.495766610011947,0.911589203917666),
 .UNSPECIFIED.)
CURVE()
GEOMETRIC_REPRESENTATION_ITEM()
RATIONAL_B_SPLINE_CURVE((1.00039157316436,1.00036000192628,1.))
REPRESENTATION_ITEM('')
);
#83=(
BOUNDED_CURVE()
B_SPLINE_CURVE(2,(#5301,#5302,#5303),.UNSPECIFIED.,.F.,.F.)
B_SPLINE_CURVE_WITH_KNOTS((3,3),(0.,0.229809697522954),.UNSPECIFIED.)
CURVE()
GEOMETRIC_REPRESENTATION_ITEM()
RATIONAL_B_SPLINE_CURVE((1.,1.00024829626326,1.00033673782031))
REPRESENTATION_ITEM('')
);
#84=(
BOUNDED_CURVE()
B_SPLINE_CURVE(2,(#5307,#5308,#5309),.UNSPECIFIED.,.F.,.F.)
B_SPLINE_CURVE_WITH_KNOTS((3,3),(0.,0.223732787552489),.UNSPECIFIED.)
CURVE()
GEOMETRIC_REPRESENTATION_ITEM()
RATIONAL_B_SPLINE_CURVE((1.,1.00007992794024,1.))
REPRESENTATION_ITEM('')
);
#85=(
BOUNDED_CURVE()
B_SPLINE_CURVE(2,(#5339,#5340,#5341),.UNSPECIFIED.,.F.,.F.)
B_SPLINE_CURVE_WITH_KNOTS((3,3),(0.,0.223732787552516),.UNSPECIFIED.)
CURVE()
GEOMETRIC_REPRESENTATION_ITEM()
RATIONAL_B_SPLINE_CURVE((1.,1.00007992858944,1.))
REPRESENTATION_ITEM('')
);
#86=(
BOUNDED_CURVE()
B_SPLINE_CURVE(2,(#5579,#5580,#5581),.UNSPECIFIED.,.F.,.F.)
B_SPLINE_CURVE_WITH_KNOTS((3,3),(0.,0.038277037200941),.UNSPECIFIED.)
CURVE()
GEOMETRIC_REPRESENTATION_ITEM()
RATIONAL_B_SPLINE_CURVE((1.,1.00000314527458,1.00000285138149))
REPRESENTATION_ITEM('')
);
#87=(
BOUNDED_CURVE()
B_SPLINE_CURVE(2,(#5584,#5585,#5586),.UNSPECIFIED.,.F.,.F.)
B_SPLINE_CURVE_WITH_KNOTS((3,3),(0.0498837775101517,0.110225965569385),
 .UNSPECIFIED.)
CURVE()
GEOMETRIC_REPRESENTATION_ITEM()
RATIONAL_B_SPLINE_CURVE((1.,1.,1.))
REPRESENTATION_ITEM('')
);
#88=(
BOUNDED_CURVE()
B_SPLINE_CURVE(2,(#5599,#5600,#5601),.UNSPECIFIED.,.F.,.F.)
B_SPLINE_CURVE_WITH_KNOTS((3,3),(0.,0.060342188059368),.UNSPECIFIED.)
CURVE()
GEOMETRIC_REPRESENTATION_ITEM()
RATIONAL_B_SPLINE_CURVE((1.,1.,1.))
REPRESENTATION_ITEM('')
);
#89=(
BOUNDED_CURVE()
B_SPLINE_CURVE(2,(#5613,#5614,#5615),.UNSPECIFIED.,.F.,.F.)
B_SPLINE_CURVE_WITH_KNOTS((3,3),(0.0317351307011579,0.0700121679022625),
 .UNSPECIFIED.)
CURVE()
GEOMETRIC_REPRESENTATION_ITEM()
RATIONAL_B_SPLINE_CURVE((1.00000285140597,1.00000314530158,1.))
REPRESENTATION_ITEM('')
);
#90=(
BOUNDED_CURVE()
B_SPLINE_CURVE(2,(#5627,#5628,#5629),.UNSPECIFIED.,.F.,.F.)
B_SPLINE_CURVE_WITH_KNOTS((3,3),(0.,0.0382770372015537),.UNSPECIFIED.)
CURVE()
GEOMETRIC_REPRESENTATION_ITEM()
RATIONAL_B_SPLINE_CURVE((1.,1.00000314527132,1.00000285137854))
REPRESENTATION_ITEM('')
);
#91=(
BOUNDED_CURVE()
B_SPLINE_CURVE(2,(#5631,#5632,#5633),.UNSPECIFIED.,.F.,.F.)
B_SPLINE_CURVE_WITH_KNOTS((3,3),(0.0498837775100546,0.110225965569381),
 .UNSPECIFIED.)
CURVE()
GEOMETRIC_REPRESENTATION_ITEM()
RATIONAL_B_SPLINE_CURVE((1.,1.,1.))
REPRESENTATION_ITEM('')
);
#92=(
BOUNDED_CURVE()
B_SPLINE_CURVE(2,(#5637,#5638,#5639),.UNSPECIFIED.,.F.,.F.)
B_SPLINE_CURVE_WITH_KNOTS((3,3),(0.,0.0603421880592638),.UNSPECIFIED.)
CURVE()
GEOMETRIC_REPRESENTATION_ITEM()
RATIONAL_B_SPLINE_CURVE((1.,1.,1.))
REPRESENTATION_ITEM('')
);
#93=(
BOUNDED_CURVE()
B_SPLINE_CURVE(2,(#5641,#5642,#5643),.UNSPECIFIED.,.F.,.F.)
B_SPLINE_CURVE_WITH_KNOTS((3,3),(0.0317351307015525,0.0700121679022635),
 .UNSPECIFIED.)
CURVE()
GEOMETRIC_REPRESENTATION_ITEM()
RATIONAL_B_SPLINE_CURVE((1.00000285133656,1.00000314522501,1.))
REPRESENTATION_ITEM('')
);
#94=PLANE('',#3368);
#95=PLANE('',#3373);
#96=PLANE('',#3374);
#97=PLANE('',#3375);
#98=PLANE('',#3384);
#99=PLANE('',#3385);
#100=PLANE('',#3394);
#101=PLANE('',#3396);
#102=PLANE('',#3397);
#103=PLANE('',#3399);
#104=PLANE('',#3400);
#105=PLANE('',#3401);
#106=PLANE('',#3402);
#107=PLANE('',#3407);
#108=PLANE('',#3416);
#109=PLANE('',#3430);
#110=PLANE('',#3446);
#111=PLANE('',#3448);
#112=PLANE('',#3454);
#113=PLANE('',#3459);
#114=PLANE('',#3468);
#115=PLANE('',#3482);
#116=PLANE('',#3486);
#117=PLANE('',#3490);
#118=PLANE('',#3494);
#119=PLANE('',#3495);
#120=PLANE('',#3503);
#121=PLANE('',#3510);
#122=PLANE('',#3517);
#123=PLANE('',#3524);
#124=PLANE('',#3530);
#125=PLANE('',#3541);
#126=PLANE('',#3546);
#127=PLANE('',#3548);
#128=PLANE('',#3559);
#129=PLANE('',#3567);
#130=PLANE('',#3568);
#131=PLANE('',#3582);
#132=PLANE('',#3583);
#133=PLANE('',#3588);
#134=PLANE('',#3589);
#135=PLANE('',#3594);
#136=PLANE('',#3595);
#137=PLANE('',#3596);
#138=PLANE('',#3597);
#139=PLANE('',#3598);
#140=PLANE('',#3599);
#141=PLANE('',#3600);
#142=PLANE('',#3601);
#143=PLANE('',#3602);
#144=PLANE('',#3603);
#145=PLANE('',#3604);
#146=PLANE('',#3605);
#147=PLANE('',#3606);
#148=PLANE('',#3607);
#149=PLANE('',#3608);
#150=PLANE('',#3617);
#151=PLANE('',#3618);
#152=PLANE('',#3619);
#153=PLANE('',#3620);
#154=PLANE('',#3622);
#155=PLANE('',#3623);
#156=PLANE('',#3624);
#157=PLANE('',#3625);
#158=PLANE('',#3627);
#159=PLANE('',#3628);
#160=PLANE('',#3629);
#161=PLANE('',#3630);
#162=PLANE('',#3632);
#163=PLANE('',#3633);
#164=PLANE('',#3634);
#165=PLANE('',#3635);
#166=PLANE('',#3636);
#167=PLANE('',#3637);
#168=PLANE('',#3638);
#169=PLANE('',#3646);
#170=PLANE('',#3647);
#171=PLANE('',#3648);
#172=PLANE('',#3649);
#173=PLANE('',#3650);
#174=PLANE('',#3651);
#175=PLANE('',#3652);
#176=PLANE('',#3658);
#177=PLANE('',#3661);
#178=PLANE('',#3672);
#179=PLANE('',#3682);
#180=PLANE('',#3683);
#181=PLANE('',#3684);
#182=PLANE('',#3685);
#183=PLANE('',#3692);
#184=PLANE('',#3699);
#185=PLANE('',#3701);
#186=PLANE('',#3714);
#187=FACE_OUTER_BOUND('',#369,.T.);
#188=FACE_OUTER_BOUND('',#370,.T.);
#189=FACE_OUTER_BOUND('',#371,.T.);
#190=FACE_OUTER_BOUND('',#372,.T.);
#191=FACE_OUTER_BOUND('',#373,.T.);
#192=FACE_OUTER_BOUND('',#374,.T.);
#193=FACE_OUTER_BOUND('',#375,.T.);
#194=FACE_OUTER_BOUND('',#376,.T.);
#195=FACE_OUTER_BOUND('',#377,.T.);
#196=FACE_OUTER_BOUND('',#378,.T.);
#197=FACE_OUTER_BOUND('',#379,.T.);
#198=FACE_OUTER_BOUND('',#380,.T.);
#199=FACE_OUTER_BOUND('',#381,.T.);
#200=FACE_OUTER_BOUND('',#382,.T.);
#201=FACE_OUTER_BOUND('',#383,.T.);
#202=FACE_OUTER_BOUND('',#384,.T.);
#203=FACE_OUTER_BOUND('',#385,.T.);
#204=FACE_OUTER_BOUND('',#386,.T.);
#205=FACE_OUTER_BOUND('',#387,.T.);
#206=FACE_OUTER_BOUND('',#388,.T.);
#207=FACE_OUTER_BOUND('',#389,.T.);
#208=FACE_OUTER_BOUND('',#390,.T.);
#209=FACE_OUTER_BOUND('',#391,.T.);
#210=FACE_OUTER_BOUND('',#392,.T.);
#211=FACE_OUTER_BOUND('',#393,.T.);
#212=FACE_OUTER_BOUND('',#394,.T.);
#213=FACE_OUTER_BOUND('',#395,.T.);
#214=FACE_OUTER_BOUND('',#396,.T.);
#215=FACE_OUTER_BOUND('',#397,.T.);
#216=FACE_OUTER_BOUND('',#398,.T.);
#217=FACE_OUTER_BOUND('',#399,.T.);
#218=FACE_OUTER_BOUND('',#400,.T.);
#219=FACE_OUTER_BOUND('',#401,.T.);
#220=FACE_OUTER_BOUND('',#402,.T.);
#221=FACE_OUTER_BOUND('',#403,.T.);
#222=FACE_OUTER_BOUND('',#404,.T.);
#223=FACE_OUTER_BOUND('',#405,.T.);
#224=FACE_OUTER_BOUND('',#406,.T.);
#225=FACE_OUTER_BOUND('',#407,.T.);
#226=FACE_OUTER_BOUND('',#408,.T.);
#227=FACE_OUTER_BOUND('',#409,.T.);
#228=FACE_OUTER_BOUND('',#410,.T.);
#229=FACE_OUTER_BOUND('',#411,.T.);
#230=FACE_OUTER_BOUND('',#412,.T.);
#231=FACE_OUTER_BOUND('',#413,.T.);
#232=FACE_OUTER_BOUND('',#414,.T.);
#233=FACE_OUTER_BOUND('',#415,.T.);
#234=FACE_OUTER_BOUND('',#416,.T.);
#235=FACE_OUTER_BOUND('',#417,.T.);
#236=FACE_OUTER_BOUND('',#418,.T.);
#237=FACE_OUTER_BOUND('',#419,.T.);
#238=FACE_OUTER_BOUND('',#420,.T.);
#239=FACE_OUTER_BOUND('',#421,.T.);
#240=FACE_OUTER_BOUND('',#422,.T.);
#241=FACE_OUTER_BOUND('',#423,.T.);
#242=FACE_OUTER_BOUND('',#424,.T.);
#243=FACE_OUTER_BOUND('',#426,.T.);
#244=FACE_OUTER_BOUND('',#427,.T.);
#245=FACE_OUTER_BOUND('',#428,.T.);
#246=FACE_OUTER_BOUND('',#429,.T.);
#247=FACE_OUTER_BOUND('',#430,.T.);
#248=FACE_OUTER_BOUND('',#431,.T.);
#249=FACE_OUTER_BOUND('',#432,.T.);
#250=FACE_OUTER_BOUND('',#433,.T.);
#251=FACE_OUTER_BOUND('',#434,.T.);
#252=FACE_OUTER_BOUND('',#435,.T.);
#253=FACE_OUTER_BOUND('',#436,.T.);
#254=FACE_OUTER_BOUND('',#437,.T.);
#255=FACE_OUTER_BOUND('',#438,.T.);
#256=FACE_OUTER_BOUND('',#439,.T.);
#257=FACE_OUTER_BOUND('',#440,.T.);
#258=FACE_OUTER_BOUND('',#441,.T.);
#259=FACE_OUTER_BOUND('',#442,.T.);
#260=FACE_OUTER_BOUND('',#443,.T.);
#261=FACE_OUTER_BOUND('',#444,.T.);
#262=FACE_OUTER_BOUND('',#445,.T.);
#263=FACE_OUTER_BOUND('',#446,.T.);
#264=FACE_OUTER_BOUND('',#447,.T.);
#265=FACE_OUTER_BOUND('',#448,.T.);
#266=FACE_OUTER_BOUND('',#449,.T.);
#267=FACE_OUTER_BOUND('',#450,.T.);
#268=FACE_OUTER_BOUND('',#451,.T.);
#269=FACE_OUTER_BOUND('',#452,.T.);
#270=FACE_OUTER_BOUND('',#456,.T.);
#271=FACE_OUTER_BOUND('',#457,.T.);
#272=FACE_OUTER_BOUND('',#461,.T.);
#273=FACE_OUTER_BOUND('',#462,.T.);
#274=FACE_OUTER_BOUND('',#463,.T.);
#275=FACE_OUTER_BOUND('',#464,.T.);
#276=FACE_OUTER_BOUND('',#465,.T.);
#277=FACE_OUTER_BOUND('',#466,.T.);
#278=FACE_OUTER_BOUND('',#467,.T.);
#279=FACE_OUTER_BOUND('',#468,.T.);
#280=FACE_OUTER_BOUND('',#469,.T.);
#281=FACE_OUTER_BOUND('',#470,.T.);
#282=FACE_OUTER_BOUND('',#471,.T.);
#283=FACE_OUTER_BOUND('',#472,.T.);
#284=FACE_OUTER_BOUND('',#473,.T.);
#285=FACE_OUTER_BOUND('',#474,.T.);
#286=FACE_OUTER_BOUND('',#475,.T.);
#287=FACE_OUTER_BOUND('',#476,.T.);
#288=FACE_OUTER_BOUND('',#477,.T.);
#289=FACE_OUTER_BOUND('',#478,.T.);
#290=FACE_OUTER_BOUND('',#479,.T.);
#291=FACE_OUTER_BOUND('',#480,.T.);
#292=FACE_OUTER_BOUND('',#481,.T.);
#293=FACE_OUTER_BOUND('',#482,.T.);
#294=FACE_OUTER_BOUND('',#483,.T.);
#295=FACE_OUTER_BOUND('',#484,.T.);
#296=FACE_OUTER_BOUND('',#485,.T.);
#297=FACE_OUTER_BOUND('',#486,.T.);
#298=FACE_OUTER_BOUND('',#487,.T.);
#299=FACE_OUTER_BOUND('',#488,.T.);
#300=FACE_OUTER_BOUND('',#489,.T.);
#301=FACE_OUTER_BOUND('',#490,.T.);
#302=FACE_OUTER_BOUND('',#492,.T.);
#303=FACE_OUTER_BOUND('',#493,.T.);
#304=FACE_OUTER_BOUND('',#494,.T.);
#305=FACE_OUTER_BOUND('',#495,.T.);
#306=FACE_OUTER_BOUND('',#496,.T.);
#307=FACE_OUTER_BOUND('',#498,.T.);
#308=FACE_OUTER_BOUND('',#499,.T.);
#309=FACE_OUTER_BOUND('',#500,.T.);
#310=FACE_OUTER_BOUND('',#501,.T.);
#311=FACE_OUTER_BOUND('',#503,.T.);
#312=FACE_OUTER_BOUND('',#504,.T.);
#313=FACE_OUTER_BOUND('',#505,.T.);
#314=FACE_OUTER_BOUND('',#506,.T.);
#315=FACE_OUTER_BOUND('',#508,.T.);
#316=FACE_OUTER_BOUND('',#509,.T.);
#317=FACE_OUTER_BOUND('',#510,.T.);
#318=FACE_OUTER_BOUND('',#511,.T.);
#319=FACE_OUTER_BOUND('',#512,.T.);
#320=FACE_OUTER_BOUND('',#513,.T.);
#321=FACE_OUTER_BOUND('',#514,.T.);
#322=FACE_OUTER_BOUND('',#515,.T.);
#323=FACE_OUTER_BOUND('',#516,.T.);
#324=FACE_OUTER_BOUND('',#517,.T.);
#325=FACE_OUTER_BOUND('',#518,.T.);
#326=FACE_OUTER_BOUND('',#519,.T.);
#327=FACE_OUTER_BOUND('',#520,.T.);
#328=FACE_OUTER_BOUND('',#521,.T.);
#329=FACE_OUTER_BOUND('',#522,.T.);
#330=FACE_OUTER_BOUND('',#523,.T.);
#331=FACE_OUTER_BOUND('',#524,.T.);
#332=FACE_OUTER_BOUND('',#525,.T.);
#333=FACE_OUTER_BOUND('',#526,.T.);
#334=FACE_OUTER_BOUND('',#527,.T.);
#335=FACE_OUTER_BOUND('',#528,.T.);
#336=FACE_OUTER_BOUND('',#529,.T.);
#337=FACE_OUTER_BOUND('',#530,.T.);
#338=FACE_OUTER_BOUND('',#531,.T.);
#339=FACE_OUTER_BOUND('',#532,.T.);
#340=FACE_OUTER_BOUND('',#533,.T.);
#341=FACE_OUTER_BOUND('',#534,.T.);
#342=FACE_OUTER_BOUND('',#535,.T.);
#343=FACE_OUTER_BOUND('',#536,.T.);
#344=FACE_OUTER_BOUND('',#537,.T.);
#345=FACE_OUTER_BOUND('',#538,.T.);
#346=FACE_OUTER_BOUND('',#539,.T.);
#347=FACE_OUTER_BOUND('',#540,.T.);
#348=FACE_OUTER_BOUND('',#541,.T.);
#349=FACE_OUTER_BOUND('',#542,.T.);
#350=FACE_OUTER_BOUND('',#543,.T.);
#351=FACE_OUTER_BOUND('',#544,.T.);
#352=FACE_OUTER_BOUND('',#545,.T.);
#353=FACE_OUTER_BOUND('',#546,.T.);
#354=FACE_OUTER_BOUND('',#547,.T.);
#355=FACE_OUTER_BOUND('',#548,.T.);
#356=FACE_OUTER_BOUND('',#549,.T.);
#357=FACE_OUTER_BOUND('',#551,.T.);
#358=FACE_OUTER_BOUND('',#552,.T.);
#359=FACE_OUTER_BOUND('',#553,.T.);
#360=FACE_OUTER_BOUND('',#554,.T.);
#361=FACE_OUTER_BOUND('',#556,.T.);
#362=FACE_OUTER_BOUND('',#560,.T.);
#363=FACE_OUTER_BOUND('',#561,.T.);
#364=FACE_OUTER_BOUND('',#562,.T.);
#365=FACE_OUTER_BOUND('',#563,.T.);
#366=FACE_OUTER_BOUND('',#564,.T.);
#367=FACE_OUTER_BOUND('',#565,.T.);
#368=FACE_OUTER_BOUND('',#566,.T.);
#369=EDGE_LOOP('',(#2120,#2121,#2122,#2123,#2124,#2125));
#370=EDGE_LOOP('',(#2126,#2127,#2128,#2129,#2130,#2131));
#371=EDGE_LOOP('',(#2132,#2133,#2134,#2135,#2136,#2137));
#372=EDGE_LOOP('',(#2138,#2139,#2140,#2141,#2142,#2143));
#373=EDGE_LOOP('',(#2144,#2145,#2146,#2147,#2148,#2149));
#374=EDGE_LOOP('',(#2150,#2151,#2152,#2153,#2154,#2155));
#375=EDGE_LOOP('',(#2156,#2157,#2158,#2159,#2160,#2161));
#376=EDGE_LOOP('',(#2162,#2163,#2164,#2165,#2166,#2167));
#377=EDGE_LOOP('',(#2168,#2169,#2170,#2171,#2172,#2173));
#378=EDGE_LOOP('',(#2174,#2175,#2176,#2177,#2178,#2179));
#379=EDGE_LOOP('',(#2180,#2181,#2182,#2183,#2184,#2185));
#380=EDGE_LOOP('',(#2186,#2187,#2188,#2189,#2190,#2191));
#381=EDGE_LOOP('',(#2192,#2193,#2194,#2195,#2196,#2197));
#382=EDGE_LOOP('',(#2198,#2199,#2200,#2201));
#383=EDGE_LOOP('',(#2202,#2203,#2204,#2205,#2206,#2207));
#384=EDGE_LOOP('',(#2208,#2209,#2210,#2211));
#385=EDGE_LOOP('',(#2212,#2213,#2214,#2215));
#386=EDGE_LOOP('',(#2216,#2217,#2218,#2219));
#387=EDGE_LOOP('',(#2220,#2221,#2222,#2223));
#388=EDGE_LOOP('',(#2224,#2225,#2226,#2227));
#389=EDGE_LOOP('',(#2228,#2229,#2230,#2231,#2232,#2233,#2234,#2235,#2236,
#2237,#2238,#2239));
#390=EDGE_LOOP('',(#2240,#2241,#2242,#2243,#2244,#2245,#2246,#2247,#2248,
#2249));
#391=EDGE_LOOP('',(#2250,#2251,#2252,#2253));
#392=EDGE_LOOP('',(#2254,#2255,#2256,#2257));
#393=EDGE_LOOP('',(#2258,#2259,#2260,#2261));
#394=EDGE_LOOP('',(#2262,#2263,#2264,#2265));
#395=EDGE_LOOP('',(#2266,#2267,#2268,#2269));
#396=EDGE_LOOP('',(#2270,#2271,#2272,#2273));
#397=EDGE_LOOP('',(#2274,#2275,#2276,#2277,#2278,#2279,#2280,#2281,#2282,
#2283,#2284,#2285));
#398=EDGE_LOOP('',(#2286,#2287,#2288,#2289));
#399=EDGE_LOOP('',(#2290,#2291,#2292,#2293));
#400=EDGE_LOOP('',(#2294,#2295,#2296,#2297));
#401=EDGE_LOOP('',(#2298,#2299,#2300,#2301));
#402=EDGE_LOOP('',(#2302,#2303,#2304,#2305));
#403=EDGE_LOOP('',(#2306,#2307,#2308,#2309,#2310,#2311,#2312,#2313,#2314,
#2315));
#404=EDGE_LOOP('',(#2316,#2317,#2318,#2319));
#405=EDGE_LOOP('',(#2320,#2321,#2322,#2323));
#406=EDGE_LOOP('',(#2324,#2325,#2326,#2327));
#407=EDGE_LOOP('',(#2328,#2329,#2330,#2331));
#408=EDGE_LOOP('',(#2332,#2333,#2334,#2335));
#409=EDGE_LOOP('',(#2336,#2337,#2338,#2339,#2340,#2341,#2342,#2343,#2344,
#2345,#2346,#2347));
#410=EDGE_LOOP('',(#2348,#2349,#2350,#2351,#2352,#2353,#2354,#2355,#2356,
#2357));
#411=EDGE_LOOP('',(#2358,#2359,#2360,#2361));
#412=EDGE_LOOP('',(#2362,#2363,#2364,#2365));
#413=EDGE_LOOP('',(#2366,#2367,#2368,#2369));
#414=EDGE_LOOP('',(#2370,#2371,#2372,#2373));
#415=EDGE_LOOP('',(#2374,#2375,#2376,#2377));
#416=EDGE_LOOP('',(#2378,#2379,#2380,#2381));
#417=EDGE_LOOP('',(#2382,#2383,#2384,#2385));
#418=EDGE_LOOP('',(#2386,#2387,#2388,#2389));
#419=EDGE_LOOP('',(#2390,#2391,#2392,#2393));
#420=EDGE_LOOP('',(#2394,#2395,#2396,#2397));
#421=EDGE_LOOP('',(#2398,#2399,#2400,#2401));
#422=EDGE_LOOP('',(#2402,#2403,#2404,#2405));
#423=EDGE_LOOP('',(#2406,#2407,#2408,#2409));
#424=EDGE_LOOP('',(#2410,#2411,#2412,#2413,#2414,#2415,#2416,#2417));
#425=EDGE_LOOP('',(#2418));
#426=EDGE_LOOP('',(#2419,#2420,#2421,#2422));
#427=EDGE_LOOP('',(#2423,#2424,#2425,#2426));
#428=EDGE_LOOP('',(#2427,#2428,#2429,#2430));
#429=EDGE_LOOP('',(#2431,#2432,#2433,#2434));
#430=EDGE_LOOP('',(#2435,#2436,#2437,#2438));
#431=EDGE_LOOP('',(#2439,#2440,#2441,#2442));
#432=EDGE_LOOP('',(#2443,#2444,#2445,#2446));
#433=EDGE_LOOP('',(#2447,#2448,#2449,#2450));
#434=EDGE_LOOP('',(#2451,#2452,#2453,#2454));
#435=EDGE_LOOP('',(#2455,#2456,#2457,#2458));
#436=EDGE_LOOP('',(#2459,#2460,#2461,#2462));
#437=EDGE_LOOP('',(#2463,#2464,#2465,#2466));
#438=EDGE_LOOP('',(#2467,#2468,#2469,#2470));
#439=EDGE_LOOP('',(#2471,#2472,#2473,#2474,#2475,#2476,#2477,#2478,#2479,
#2480,#2481,#2482,#2483,#2484));
#440=EDGE_LOOP('',(#2485,#2486,#2487,#2488));
#441=EDGE_LOOP('',(#2489,#2490,#2491,#2492));
#442=EDGE_LOOP('',(#2493,#2494,#2495,#2496,#2497,#2498,#2499,#2500,#2501,
#2502,#2503,#2504,#2505,#2506));
#443=EDGE_LOOP('',(#2507,#2508,#2509,#2510));
#444=EDGE_LOOP('',(#2511,#2512,#2513,#2514));
#445=EDGE_LOOP('',(#2515,#2516,#2517,#2518));
#446=EDGE_LOOP('',(#2519,#2520,#2521,#2522));
#447=EDGE_LOOP('',(#2523,#2524,#2525,#2526,#2527,#2528,#2529,#2530,#2531,
#2532,#2533,#2534,#2535,#2536));
#448=EDGE_LOOP('',(#2537,#2538,#2539,#2540));
#449=EDGE_LOOP('',(#2541,#2542,#2543,#2544));
#450=EDGE_LOOP('',(#2545,#2546,#2547,#2548,#2549,#2550,#2551,#2552,#2553,
#2554,#2555,#2556,#2557,#2558));
#451=EDGE_LOOP('',(#2559,#2560,#2561,#2562));
#452=EDGE_LOOP('',(#2563,#2564,#2565,#2566,#2567,#2568,#2569,#2570,#2571,
#2572,#2573,#2574));
#453=EDGE_LOOP('',(#2575,#2576,#2577,#2578,#2579,#2580,#2581,#2582));
#454=EDGE_LOOP('',(#2583));
#455=EDGE_LOOP('',(#2584,#2585,#2586,#2587,#2588,#2589,#2590,#2591));
#456=EDGE_LOOP('',(#2592,#2593,#2594,#2595,#2596));
#457=EDGE_LOOP('',(#2597,#2598,#2599,#2600,#2601,#2602,#2603,#2604,#2605,
#2606,#2607,#2608));
#458=EDGE_LOOP('',(#2609,#2610,#2611,#2612,#2613,#2614));
#459=EDGE_LOOP('',(#2615,#2616,#2617,#2618,#2619,#2620,#2621,#2622));
#460=EDGE_LOOP('',(#2623));
#461=EDGE_LOOP('',(#2624,#2625,#2626,#2627));
#462=EDGE_LOOP('',(#2628,#2629,#2630,#2631,#2632));
#463=EDGE_LOOP('',(#2633,#2634,#2635,#2636,#2637,#2638,#2639,#2640,#2641,
#2642,#2643,#2644,#2645));
#464=EDGE_LOOP('',(#2646,#2647,#2648,#2649));
#465=EDGE_LOOP('',(#2650,#2651,#2652,#2653));
#466=EDGE_LOOP('',(#2654,#2655,#2656,#2657,#2658));
#467=EDGE_LOOP('',(#2659,#2660,#2661,#2662,#2663,#2664));
#468=EDGE_LOOP('',(#2665,#2666,#2667,#2668));
#469=EDGE_LOOP('',(#2669,#2670,#2671,#2672));
#470=EDGE_LOOP('',(#2673,#2674,#2675,#2676));
#471=EDGE_LOOP('',(#2677,#2678,#2679,#2680));
#472=EDGE_LOOP('',(#2681,#2682,#2683,#2684));
#473=EDGE_LOOP('',(#2685,#2686,#2687,#2688));
#474=EDGE_LOOP('',(#2689,#2690,#2691,#2692));
#475=EDGE_LOOP('',(#2693,#2694,#2695,#2696));
#476=EDGE_LOOP('',(#2697,#2698,#2699,#2700));
#477=EDGE_LOOP('',(#2701,#2702,#2703,#2704,#2705,#2706));
#478=EDGE_LOOP('',(#2707,#2708,#2709,#2710));
#479=EDGE_LOOP('',(#2711,#2712,#2713,#2714,#2715,#2716));
#480=EDGE_LOOP('',(#2717,#2718,#2719,#2720));
#481=EDGE_LOOP('',(#2721,#2722,#2723,#2724,#2725,#2726));
#482=EDGE_LOOP('',(#2727,#2728,#2729,#2730));
#483=EDGE_LOOP('',(#2731,#2732,#2733,#2734));
#484=EDGE_LOOP('',(#2735,#2736,#2737,#2738,#2739,#2740));
#485=EDGE_LOOP('',(#2741,#2742,#2743,#2744));
#486=EDGE_LOOP('',(#2745,#2746,#2747,#2748));
#487=EDGE_LOOP('',(#2749,#2750,#2751,#2752,#2753));
#488=EDGE_LOOP('',(#2754,#2755,#2756,#2757));
#489=EDGE_LOOP('',(#2758,#2759,#2760,#2761,#2762));
#490=EDGE_LOOP('',(#2763,#2764,#2765,#2766));
#491=EDGE_LOOP('',(#2767));
#492=EDGE_LOOP('',(#2768,#2769,#2770,#2771,#2772,#2773,#2774,#2775,#2776,
#2777,#2778,#2779,#2780,#2781,#2782,#2783,#2784,#2785,#2786,#2787));
#493=EDGE_LOOP('',(#2788,#2789,#2790,#2791,#2792));
#494=EDGE_LOOP('',(#2793,#2794,#2795,#2796));
#495=EDGE_LOOP('',(#2797,#2798,#2799,#2800,#2801));
#496=EDGE_LOOP('',(#2802,#2803,#2804,#2805));
#497=EDGE_LOOP('',(#2806));
#498=EDGE_LOOP('',(#2807,#2808,#2809,#2810,#2811));
#499=EDGE_LOOP('',(#2812,#2813,#2814,#2815));
#500=EDGE_LOOP('',(#2816,#2817,#2818,#2819,#2820));
#501=EDGE_LOOP('',(#2821,#2822,#2823,#2824,#2825));
#502=EDGE_LOOP('',(#2826));
#503=EDGE_LOOP('',(#2827,#2828,#2829,#2830,#2831));
#504=EDGE_LOOP('',(#2832,#2833,#2834,#2835));
#505=EDGE_LOOP('',(#2836,#2837,#2838,#2839,#2840));
#506=EDGE_LOOP('',(#2841,#2842,#2843,#2844));
#507=EDGE_LOOP('',(#2845));
#508=EDGE_LOOP('',(#2846,#2847,#2848,#2849));
#509=EDGE_LOOP('',(#2850,#2851,#2852,#2853,#2854));
#510=EDGE_LOOP('',(#2855,#2856,#2857,#2858,#2859));
#511=EDGE_LOOP('',(#2860,#2861,#2862,#2863));
#512=EDGE_LOOP('',(#2864,#2865,#2866,#2867));
#513=EDGE_LOOP('',(#2868,#2869,#2870,#2871));
#514=EDGE_LOOP('',(#2872,#2873,#2874,#2875));
#515=EDGE_LOOP('',(#2876,#2877,#2878,#2879,#2880,#2881,#2882,#2883,#2884,
#2885,#2886,#2887,#2888,#2889,#2890,#2891));
#516=EDGE_LOOP('',(#2892,#2893,#2894,#2895));
#517=EDGE_LOOP('',(#2896,#2897,#2898,#2899,#2900));
#518=EDGE_LOOP('',(#2901,#2902,#2903,#2904,#2905));
#519=EDGE_LOOP('',(#2906,#2907,#2908,#2909));
#520=EDGE_LOOP('',(#2910,#2911,#2912,#2913));
#521=EDGE_LOOP('',(#2914,#2915,#2916,#2917));
#522=EDGE_LOOP('',(#2918,#2919,#2920));
#523=EDGE_LOOP('',(#2921,#2922,#2923,#2924,#2925));
#524=EDGE_LOOP('',(#2926,#2927,#2928,#2929));
#525=EDGE_LOOP('',(#2930,#2931,#2932,#2933));
#526=EDGE_LOOP('',(#2934,#2935,#2936,#2937));
#527=EDGE_LOOP('',(#2938,#2939,#2940,#2941));
#528=EDGE_LOOP('',(#2942,#2943,#2944,#2945));
#529=EDGE_LOOP('',(#2946,#2947,#2948,#2949));
#530=EDGE_LOOP('',(#2950,#2951,#2952,#2953));
#531=EDGE_LOOP('',(#2954,#2955,#2956,#2957));
#532=EDGE_LOOP('',(#2958,#2959,#2960,#2961));
#533=EDGE_LOOP('',(#2962,#2963,#2964,#2965));
#534=EDGE_LOOP('',(#2966,#2967,#2968,#2969,#2970));
#535=EDGE_LOOP('',(#2971,#2972,#2973,#2974));
#536=EDGE_LOOP('',(#2975,#2976,#2977,#2978));
#537=EDGE_LOOP('',(#2979,#2980,#2981,#2982));
#538=EDGE_LOOP('',(#2983,#2984,#2985,#2986));
#539=EDGE_LOOP('',(#2987,#2988,#2989,#2990));
#540=EDGE_LOOP('',(#2991,#2992,#2993,#2994));
#541=EDGE_LOOP('',(#2995,#2996,#2997,#2998,#2999,#3000));
#542=EDGE_LOOP('',(#3001));
#543=EDGE_LOOP('',(#3002));
#544=EDGE_LOOP('',(#3003,#3004,#3005,#3006,#3007,#3008));
#545=EDGE_LOOP('',(#3009,#3010,#3011,#3012));
#546=EDGE_LOOP('',(#3013,#3014,#3015,#3016,#3017,#3018));
#547=EDGE_LOOP('',(#3019,#3020,#3021,#3022));
#548=EDGE_LOOP('',(#3023,#3024,#3025,#3026));
#549=EDGE_LOOP('',(#3027));
#550=EDGE_LOOP('',(#3028));
#551=EDGE_LOOP('',(#3029,#3030,#3031,#3032));
#552=EDGE_LOOP('',(#3033,#3034,#3035,#3036));
#553=EDGE_LOOP('',(#3037,#3038,#3039,#3040));
#554=EDGE_LOOP('',(#3041));
#555=EDGE_LOOP('',(#3042));
#556=EDGE_LOOP('',(#3043,#3044,#3045,#3046,#3047,#3048,#3049,#3050,#3051,
#3052));
#557=EDGE_LOOP('',(#3053,#3054,#3055,#3056,#3057,#3058,#3059,#3060));
#558=EDGE_LOOP('',(#3061));
#559=EDGE_LOOP('',(#3062,#3063,#3064,#3065,#3066,#3067,#3068,#3069));
#560=EDGE_LOOP('',(#3070,#3071,#3072,#3073));
#561=EDGE_LOOP('',(#3074,#3075,#3076,#3077));
#562=EDGE_LOOP('',(#3078,#3079,#3080,#3081));
#563=EDGE_LOOP('',(#3082,#3083,#3084,#3085));
#564=EDGE_LOOP('',(#3086,#3087,#3088,#3089));
#565=EDGE_LOOP('',(#3090,#3091,#3092,#3093));
#566=EDGE_LOOP('',(#3094));
#567=EDGE_LOOP('',(#3095));
#568=EDGE_LOOP('',(#3096));
#569=EDGE_LOOP('',(#3097));
#570=EDGE_LOOP('',(#3098));
#571=EDGE_LOOP('',(#3099));
#572=CIRCLE('',#3366,2.99999999999997);
#573=CIRCLE('',#3367,2.99999999999997);
#574=CIRCLE('',#3371,2.99999999999999);
#575=CIRCLE('',#3372,2.99999999999999);
#576=CIRCLE('',#3379,3.);
#577=CIRCLE('',#3380,3.);
#578=CIRCLE('',#3382,3.00000000000017);
#579=CIRCLE('',#3383,3.00000000000017);
#580=CIRCLE('',#3389,3.00000000000002);
#581=CIRCLE('',#3390,3.00000000000002);
#582=CIRCLE('',#3392,3.00000000000001);
#583=CIRCLE('',#3393,3.00000000000001);
#584=CIRCLE('',#3403,81.5);
#585=CIRCLE('',#3404,63.5);
#586=CIRCLE('',#3406,81.5);
#587=CIRCLE('',#3408,63.5);
#588=CIRCLE('',#3409,2.);
#589=CIRCLE('',#3410,66.5);
#590=CIRCLE('',#3411,2.);
#591=CIRCLE('',#3412,2.);
#592=CIRCLE('',#3413,79.5);
#593=CIRCLE('',#3414,2.);
#594=CIRCLE('',#3415,81.5);
#595=CIRCLE('',#3418,84.5000000000003);
#596=CIRCLE('',#3420,84.5000000000003);
#597=CIRCLE('',#3423,61.9216122438333);
#598=CIRCLE('',#3424,61.9216122438333);
#599=CIRCLE('',#3426,63.5);
#600=CIRCLE('',#3428,81.5);
#601=CIRCLE('',#3429,81.5);
#602=CIRCLE('',#3431,81.5);
#603=CIRCLE('',#3432,2.);
#604=CIRCLE('',#3433,79.5);
#605=CIRCLE('',#3434,2.);
#606=CIRCLE('',#3435,2.);
#607=CIRCLE('',#3436,66.5);
#608=CIRCLE('',#3437,2.);
#609=CIRCLE('',#3438,63.5);
#610=CIRCLE('',#3440,84.5000000000003);
#611=CIRCLE('',#3441,84.5000000000003);
#612=CIRCLE('',#3445,61.9216122438333);
#613=CIRCLE('',#3447,63.5);
#614=CIRCLE('',#3450,63.5);
#615=CIRCLE('',#3452,61.9216122438333);
#616=CIRCLE('',#3455,81.5000000000003);
#617=CIRCLE('',#3456,63.5);
#618=CIRCLE('',#3458,81.5000000000003);
#619=CIRCLE('',#3460,63.5);
#620=CIRCLE('',#3461,2.);
#621=CIRCLE('',#3462,66.5);
#622=CIRCLE('',#3463,2.);
#623=CIRCLE('',#3464,2.);
#624=CIRCLE('',#3465,79.5);
#625=CIRCLE('',#3466,2.);
#626=CIRCLE('',#3467,81.5000000000003);
#627=CIRCLE('',#3470,84.5000000000003);
#628=CIRCLE('',#3472,84.5000000000003);
#629=CIRCLE('',#3475,61.9216122438333);
#630=CIRCLE('',#3476,61.9216122438333);
#631=CIRCLE('',#3478,63.5);
#632=CIRCLE('',#3480,47.6);
#633=CIRCLE('',#3481,47.6);
#634=CIRCLE('',#3484,47.6);
#635=CIRCLE('',#3485,47.6);
#636=CIRCLE('',#3488,47.6);
#637=CIRCLE('',#3489,47.6);
#638=CIRCLE('',#3492,47.6);
#639=CIRCLE('',#3493,47.6);
#640=CIRCLE('',#3496,47.6);
#641=CIRCLE('',#3497,47.6);
#642=CIRCLE('',#3498,47.6);
#643=CIRCLE('',#3499,47.6);
#644=CIRCLE('',#3500,33.);
#645=CIRCLE('',#3502,2.);
#646=CIRCLE('',#3505,2.);
#647=CIRCLE('',#3507,79.5);
#648=CIRCLE('',#3509,2.);
#649=CIRCLE('',#3512,2.);
#650=CIRCLE('',#3514,66.5);
#651=CIRCLE('',#3516,2.);
#652=CIRCLE('',#3519,2.);
#653=CIRCLE('',#3521,79.5);
#654=CIRCLE('',#3523,2.);
#655=CIRCLE('',#3526,2.);
#656=CIRCLE('',#3528,2.);
#657=CIRCLE('',#3529,2.);
#658=CIRCLE('',#3532,2.);
#659=CIRCLE('',#3533,2.);
#660=CIRCLE('',#3535,66.5);
#661=CIRCLE('',#3536,66.5);
#662=CIRCLE('',#3538,2.);
#663=CIRCLE('',#3540,2.);
#664=CIRCLE('',#3543,2.);
#665=CIRCLE('',#3545,2.);
#666=CIRCLE('',#3549,81.5);
#667=CIRCLE('',#3550,63.5);
#668=CIRCLE('',#3551,3.);
#669=CIRCLE('',#3552,66.5);
#670=CIRCLE('',#3553,2.925);
#671=CIRCLE('',#3554,79.5);
#672=CIRCLE('',#3556,81.5000000000003);
#673=CIRCLE('',#3557,81.5000000000003);
#674=CIRCLE('',#3558,84.5000000000003);
#675=CIRCLE('',#3560,63.5);
#676=CIRCLE('',#3561,81.5000000000003);
#677=CIRCLE('',#3562,3.);
#678=CIRCLE('',#3563,79.5);
#679=CIRCLE('',#3564,66.5);
#680=CIRCLE('',#3565,2.925);
#681=CIRCLE('',#3569,2.99999999999997);
#682=CIRCLE('',#3570,79.5);
#683=CIRCLE('',#3571,63.5);
#684=CIRCLE('',#3572,3.);
#685=CIRCLE('',#3574,61.9216122438333);
#686=CIRCLE('',#3576,84.5000000000003);
#687=CIRCLE('',#3578,81.5000000000004);
#688=CIRCLE('',#3579,81.5000000000003);
#689=CIRCLE('',#3581,3.);
#690=CIRCLE('',#3585,2.325);
#691=CIRCLE('',#3587,2.325);
#692=CIRCLE('',#3591,2.325);
#693=CIRCLE('',#3593,2.325);
#694=CIRCLE('',#3609,47.6);
#695=CIRCLE('',#3610,2.75);
#696=CIRCLE('',#3612,47.6);
#697=CIRCLE('',#3613,47.6);
#698=CIRCLE('',#3614,47.6);
#699=CIRCLE('',#3615,47.6);
#700=CIRCLE('',#3616,47.6);
#701=CIRCLE('',#3621,2.75);
#702=CIRCLE('',#3626,2.75);
#703=CIRCLE('',#3631,2.75);
#704=CIRCLE('',#3639,84.5);
#705=CIRCLE('',#3640,84.5);
#706=CIRCLE('',#3642,87.5);
#707=CIRCLE('',#3643,84.5);
#708=CIRCLE('',#3644,84.5);
#709=CIRCLE('',#3645,84.5);
#710=CIRCLE('',#3654,63.5);
#711=CIRCLE('',#3655,61.9216122438333);
#712=CIRCLE('',#3663,63.5);
#713=CIRCLE('',#3665,63.5);
#714=CIRCLE('',#3667,81.5000000000003);
#715=CIRCLE('',#3669,81.5000000000003);
#716=CIRCLE('',#3671,2.99999999999997);
#717=CIRCLE('',#3677,63.5);
#718=CIRCLE('',#3679,81.5);
#719=CIRCLE('',#3681,3.);
#720=CIRCLE('',#3687,3.);
#721=CIRCLE('',#3690,87.5);
#722=CIRCLE('',#3691,84.5);
#723=CIRCLE('',#3693,44.);
#724=CIRCLE('',#3696,41.);
#725=CIRCLE('',#3697,44.);
#726=CIRCLE('',#3700,33.);
#727=CIRCLE('',#3702,60.5);
#728=CIRCLE('',#3704,2.75);
#729=CIRCLE('',#3706,2.75);
#730=CIRCLE('',#3708,2.75);
#731=CIRCLE('',#3710,2.75);
#732=CIRCLE('',#3713,60.5);
#733=LINE('',#4709,#1017);
#734=LINE('',#4713,#1018);
#735=LINE('',#4716,#1019);
#736=LINE('',#4720,#1020);
#737=LINE('',#4722,#1021);
#738=LINE('',#4724,#1022);
#739=LINE('',#4726,#1023);
#740=LINE('',#4728,#1024);
#741=LINE('',#4729,#1025);
#742=LINE('',#4735,#1026);
#743=LINE('',#4739,#1027);
#744=LINE('',#4742,#1028);
#745=LINE('',#4746,#1029);
#746=LINE('',#4748,#1030);
#747=LINE('',#4750,#1031);
#748=LINE('',#4752,#1032);
#749=LINE('',#4754,#1033);
#750=LINE('',#4755,#1034);
#751=LINE('',#4759,#1035);
#752=LINE('',#4761,#1036);
#753=LINE('',#4763,#1037);
#754=LINE('',#4765,#1038);
#755=LINE('',#4767,#1039);
#756=LINE('',#4768,#1040);
#757=LINE('',#4771,#1041);
#758=LINE('',#4773,#1042);
#759=LINE('',#4777,#1043);
#760=LINE('',#4781,#1044);
#761=LINE('',#4785,#1045);
#762=LINE('',#4789,#1046);
#763=LINE('',#4793,#1047);
#764=LINE('',#4796,#1048);
#765=LINE('',#4800,#1049);
#766=LINE('',#4802,#1050);
#767=LINE('',#4804,#1051);
#768=LINE('',#4806,#1052);
#769=LINE('',#4808,#1053);
#770=LINE('',#4809,#1054);
#771=LINE('',#4812,#1055);
#772=LINE('',#4814,#1056);
#773=LINE('',#4818,#1057);
#774=LINE('',#4822,#1058);
#775=LINE('',#4826,#1059);
#776=LINE('',#4830,#1060);
#777=LINE('',#4834,#1061);
#778=LINE('',#4837,#1062);
#779=LINE('',#4840,#1063);
#780=LINE('',#4843,#1064);
#781=LINE('',#4844,#1065);
#782=LINE('',#4847,#1066);
#783=LINE('',#4848,#1067);
#784=LINE('',#4851,#1068);
#785=LINE('',#4854,#1069);
#786=LINE('',#4855,#1070);
#787=LINE('',#4858,#1071);
#788=LINE('',#4859,#1072);
#789=LINE('',#4862,#1073);
#790=LINE('',#4863,#1074);
#791=LINE('',#4866,#1075);
#792=LINE('',#4867,#1076);
#793=LINE('',#4871,#1077);
#794=LINE('',#4875,#1078);
#795=LINE('',#4879,#1079);
#796=LINE('',#4882,#1080);
#797=LINE('',#4886,#1081);
#798=LINE('',#4890,#1082);
#799=LINE('',#4898,#1083);
#800=LINE('',#4906,#1084);
#801=LINE('',#4914,#1085);
#802=LINE('',#4919,#1086);
#803=LINE('',#4925,#1087);
#804=LINE('',#4938,#1088);
#805=LINE('',#4947,#1089);
#806=LINE('',#4960,#1090);
#807=LINE('',#4963,#1091);
#808=LINE('',#4967,#1092);
#809=LINE('',#4971,#1093);
#810=LINE('',#4979,#1094);
#811=LINE('',#4987,#1095);
#812=LINE('',#4992,#1096);
#813=LINE('',#4996,#1097);
#814=LINE('',#5024,#1098);
#815=LINE('',#5027,#1099);
#816=LINE('',#5030,#1100);
#817=LINE('',#5035,#1101);
#818=LINE('',#5039,#1102);
#819=LINE('',#5047,#1103);
#820=LINE('',#5051,#1104);
#821=LINE('',#5055,#1105);
#822=LINE('',#5059,#1106);
#823=LINE('',#5062,#1107);
#824=LINE('',#5066,#1108);
#825=LINE('',#5070,#1109);
#826=LINE('',#5078,#1110);
#827=LINE('',#5086,#1111);
#828=LINE('',#5094,#1112);
#829=LINE('',#5099,#1113);
#830=LINE('',#5105,#1114);
#831=LINE('',#5118,#1115);
#832=LINE('',#5127,#1116);
#833=LINE('',#5140,#1117);
#834=LINE('',#5143,#1118);
#835=LINE('',#5146,#1119);
#836=LINE('',#5148,#1120);
#837=LINE('',#5149,#1121);
#838=LINE('',#5155,#1122);
#839=LINE('',#5158,#1123);
#840=LINE('',#5161,#1124);
#841=LINE('',#5163,#1125);
#842=LINE('',#5164,#1126);
#843=LINE('',#5170,#1127);
#844=LINE('',#5173,#1128);
#845=LINE('',#5176,#1129);
#846=LINE('',#5178,#1130);
#847=LINE('',#5179,#1131);
#848=LINE('',#5185,#1132);
#849=LINE('',#5188,#1133);
#850=LINE('',#5192,#1134);
#851=LINE('',#5193,#1135);
#852=LINE('',#5194,#1136);
#853=LINE('',#5206,#1137);
#854=LINE('',#5207,#1138);
#855=LINE('',#5210,#1139);
#856=LINE('',#5211,#1140);
#857=LINE('',#5215,#1141);
#858=LINE('',#5219,#1142);
#859=LINE('',#5224,#1143);
#860=LINE('',#5225,#1144);
#861=LINE('',#5228,#1145);
#862=LINE('',#5229,#1146);
#863=LINE('',#5233,#1147);
#864=LINE('',#5237,#1148);
#865=LINE('',#5242,#1149);
#866=LINE('',#5243,#1150);
#867=LINE('',#5246,#1151);
#868=LINE('',#5247,#1152);
#869=LINE('',#5251,#1153);
#870=LINE('',#5255,#1154);
#871=LINE('',#5258,#1155);
#872=LINE('',#5261,#1156);
#873=LINE('',#5266,#1157);
#874=LINE('',#5268,#1158);
#875=LINE('',#5269,#1159);
#876=LINE('',#5277,#1160);
#877=LINE('',#5280,#1161);
#878=LINE('',#5283,#1162);
#879=LINE('',#5289,#1163);
#880=LINE('',#5295,#1164);
#881=LINE('',#5297,#1165);
#882=LINE('',#5299,#1166);
#883=LINE('',#5305,#1167);
#884=LINE('',#5311,#1168);
#885=LINE('',#5313,#1169);
#886=LINE('',#5314,#1170);
#887=LINE('',#5319,#1171);
#888=LINE('',#5325,#1172);
#889=LINE('',#5330,#1173);
#890=LINE('',#5333,#1174);
#891=LINE('',#5336,#1175);
#892=LINE('',#5338,#1176);
#893=LINE('',#5342,#1177);
#894=LINE('',#5346,#1178);
#895=LINE('',#5349,#1179);
#896=LINE('',#5352,#1180);
#897=LINE('',#5354,#1181);
#898=LINE('',#5360,#1182);
#899=LINE('',#5361,#1183);
#900=LINE('',#5364,#1184);
#901=LINE('',#5365,#1185);
#902=LINE('',#5377,#1186);
#903=LINE('',#5383,#1187);
#904=LINE('',#5384,#1188);
#905=LINE('',#5387,#1189);
#906=LINE('',#5388,#1190);
#907=LINE('',#5391,#1191);
#908=LINE('',#5400,#1192);
#909=LINE('',#5402,#1193);
#910=LINE('',#5404,#1194);
#911=LINE('',#5406,#1195);
#912=LINE('',#5407,#1196);
#913=LINE('',#5413,#1197);
#914=LINE('',#5417,#1198);
#915=LINE('',#5422,#1199);
#916=LINE('',#5426,#1200);
#917=LINE('',#5434,#1201);
#918=LINE('',#5440,#1202);
#919=LINE('',#5443,#1203);
#920=LINE('',#5444,#1204);
#921=LINE('',#5446,#1205);
#922=LINE('',#5449,#1206);
#923=LINE('',#5453,#1207);
#924=LINE('',#5457,#1208);
#925=LINE('',#5458,#1209);
#926=LINE('',#5460,#1210);
#927=LINE('',#5463,#1211);
#928=LINE('',#5467,#1212);
#929=LINE('',#5471,#1213);
#930=LINE('',#5472,#1214);
#931=LINE('',#5474,#1215);
#932=LINE('',#5477,#1216);
#933=LINE('',#5478,#1217);
#934=LINE('',#5480,#1218);
#935=LINE('',#5485,#1219);
#936=LINE('',#5488,#1220);
#937=LINE('',#5491,#1221);
#938=LINE('',#5492,#1222);
#939=LINE('',#5495,#1223);
#940=LINE('',#5497,#1224);
#941=LINE('',#5498,#1225);
#942=LINE('',#5501,#1226);
#943=LINE('',#5502,#1227);
#944=LINE('',#5505,#1228);
#945=LINE('',#5506,#1229);
#946=LINE('',#5513,#1230);
#947=LINE('',#5517,#1231);
#948=LINE('',#5521,#1232);
#949=LINE('',#5523,#1233);
#950=LINE('',#5526,#1234);
#951=LINE('',#5528,#1235);
#952=LINE('',#5531,#1236);
#953=LINE('',#5534,#1237);
#954=LINE('',#5535,#1238);
#955=LINE('',#5538,#1239);
#956=LINE('',#5539,#1240);
#957=LINE('',#5541,#1241);
#958=LINE('',#5547,#1242);
#959=LINE('',#5548,#1243);
#960=LINE('',#5551,#1244);
#961=LINE('',#5552,#1245);
#962=LINE('',#5554,#1246);
#963=LINE('',#5560,#1247);
#964=LINE('',#5561,#1248);
#965=LINE('',#5564,#1249);
#966=LINE('',#5565,#1250);
#967=LINE('',#5567,#1251);
#968=LINE('',#5574,#1252);
#969=LINE('',#5576,#1253);
#970=LINE('',#5578,#1254);
#971=LINE('',#5588,#1255);
#972=LINE('',#5590,#1256);
#973=LINE('',#5591,#1257);
#974=LINE('',#5594,#1258);
#975=LINE('',#5596,#1259);
#976=LINE('',#5598,#1260);
#977=LINE('',#5604,#1261);
#978=LINE('',#5605,#1262);
#979=LINE('',#5608,#1263);
#980=LINE('',#5609,#1264);
#981=LINE('',#5612,#1265);
#982=LINE('',#5622,#1266);
#983=LINE('',#5647,#1267);
#984=LINE('',#5649,#1268);
#985=LINE('',#5650,#1269);
#986=LINE('',#5653,#1270);
#987=LINE('',#5655,#1271);
#988=LINE('',#5656,#1272);
#989=LINE('',#5658,#1273);
#990=LINE('',#5660,#1274);
#991=LINE('',#5661,#1275);
#992=LINE('',#5664,#1276);
#993=LINE('',#5665,#1277);
#994=LINE('',#5668,#1278);
#995=LINE('',#5669,#1279);
#996=LINE('',#5671,#1280);
#997=LINE('',#5678,#1281);
#998=LINE('',#5679,#1282);
#999=LINE('',#5683,#1283);
#1000=LINE('',#5689,#1284);
#1001=LINE('',#5694,#1285);
#1002=LINE('',#5699,#1286);
#1003=LINE('',#5702,#1287);
#1004=LINE('',#5710,#1288);
#1005=LINE('',#5719,#1289);
#1006=LINE('',#5720,#1290);
#1007=LINE('',#5728,#1291);
#1008=LINE('',#5734,#1292);
#1009=LINE('',#5739,#1293);
#1010=LINE('',#5742,#1294);
#1011=LINE('',#5752,#1295);
#1012=LINE('',#5756,#1296);
#1013=LINE('',#5760,#1297);
#1014=LINE('',#5764,#1298);
#1015=LINE('',#5766,#1299);
#1016=LINE('',#5769,#1300);
#1017=VECTOR('',#3721,10.);
#1018=VECTOR('',#3724,10.);
#1019=VECTOR('',#3727,10.);
#1020=VECTOR('',#3730,10.);
#1021=VECTOR('',#3731,10.);
#1022=VECTOR('',#3732,10.);
#1023=VECTOR('',#3733,10.);
#1024=VECTOR('',#3734,10.);
#1025=VECTOR('',#3735,10.);
#1026=VECTOR('',#3740,10.);
#1027=VECTOR('',#3743,10.);
#1028=VECTOR('',#3746,10.);
#1029=VECTOR('',#3749,10.);
#1030=VECTOR('',#3750,10.);
#1031=VECTOR('',#3751,10.);
#1032=VECTOR('',#3752,10.);
#1033=VECTOR('',#3753,10.);
#1034=VECTOR('',#3754,10.);
#1035=VECTOR('',#3757,10.);
#1036=VECTOR('',#3758,10.);
#1037=VECTOR('',#3759,10.);
#1038=VECTOR('',#3760,10.);
#1039=VECTOR('',#3761,10.);
#1040=VECTOR('',#3762,10.);
#1041=VECTOR('',#3765,10.);
#1042=VECTOR('',#3766,10.);
#1043=VECTOR('',#3769,10.);
#1044=VECTOR('',#3774,10.);
#1045=VECTOR('',#3777,10.);
#1046=VECTOR('',#3782,10.);
#1047=VECTOR('',#3785,10.);
#1048=VECTOR('',#3788,10.);
#1049=VECTOR('',#3791,10.);
#1050=VECTOR('',#3792,10.);
#1051=VECTOR('',#3793,10.);
#1052=VECTOR('',#3794,10.);
#1053=VECTOR('',#3795,10.);
#1054=VECTOR('',#3796,10.);
#1055=VECTOR('',#3799,10.);
#1056=VECTOR('',#3800,10.);
#1057=VECTOR('',#3803,10.);
#1058=VECTOR('',#3808,10.);
#1059=VECTOR('',#3811,10.);
#1060=VECTOR('',#3816,10.);
#1061=VECTOR('',#3819,10.);
#1062=VECTOR('',#3822,10.);
#1063=VECTOR('',#3825,10.);
#1064=VECTOR('',#3828,10.);
#1065=VECTOR('',#3829,10.);
#1066=VECTOR('',#3832,10.);
#1067=VECTOR('',#3833,10.);
#1068=VECTOR('',#3836,10.);
#1069=VECTOR('',#3839,10.);
#1070=VECTOR('',#3840,10.);
#1071=VECTOR('',#3843,10.);
#1072=VECTOR('',#3844,10.);
#1073=VECTOR('',#3847,10.);
#1074=VECTOR('',#3848,10.);
#1075=VECTOR('',#3851,10.);
#1076=VECTOR('',#3852,10.);
#1077=VECTOR('',#3855,10.);
#1078=VECTOR('',#3858,10.);
#1079=VECTOR('',#3863,10.);
#1080=VECTOR('',#3866,10.);
#1081=VECTOR('',#3869,10.);
#1082=VECTOR('',#3872,10.);
#1083=VECTOR('',#3879,10.);
#1084=VECTOR('',#3886,10.);
#1085=VECTOR('',#3891,10.);
#1086=VECTOR('',#3892,10.);
#1087=VECTOR('',#3893,10.);
#1088=VECTOR('',#3902,10.);
#1089=VECTOR('',#3909,10.);
#1090=VECTOR('',#3920,10.);
#1091=VECTOR('',#3923,10.);
#1092=VECTOR('',#3926,10.);
#1093=VECTOR('',#3929,10.);
#1094=VECTOR('',#3936,10.);
#1095=VECTOR('',#3943,10.);
#1096=VECTOR('',#3948,10.);
#1097=VECTOR('',#3951,10.);
#1098=VECTOR('',#3964,10.);
#1099=VECTOR('',#3967,10.);
#1100=VECTOR('',#3970,10.);
#1101=VECTOR('',#3971,10.);
#1102=VECTOR('',#3976,10.);
#1103=VECTOR('',#3983,10.);
#1104=VECTOR('',#3986,10.);
#1105=VECTOR('',#3989,10.);
#1106=VECTOR('',#3994,10.);
#1107=VECTOR('',#3997,10.);
#1108=VECTOR('',#4000,10.);
#1109=VECTOR('',#4003,10.);
#1110=VECTOR('',#4010,10.);
#1111=VECTOR('',#4017,10.);
#1112=VECTOR('',#4022,10.);
#1113=VECTOR('',#4023,10.);
#1114=VECTOR('',#4024,10.);
#1115=VECTOR('',#4033,10.);
#1116=VECTOR('',#4040,10.);
#1117=VECTOR('',#4051,10.);
#1118=VECTOR('',#4054,10.);
#1119=VECTOR('',#4057,10.);
#1120=VECTOR('',#4058,10.);
#1121=VECTOR('',#4059,10.);
#1122=VECTOR('',#4064,10.);
#1123=VECTOR('',#4067,10.);
#1124=VECTOR('',#4070,10.);
#1125=VECTOR('',#4071,10.);
#1126=VECTOR('',#4072,10.);
#1127=VECTOR('',#4077,10.);
#1128=VECTOR('',#4080,10.);
#1129=VECTOR('',#4083,10.);
#1130=VECTOR('',#4084,10.);
#1131=VECTOR('',#4085,10.);
#1132=VECTOR('',#4090,10.);
#1133=VECTOR('',#4093,10.);
#1134=VECTOR('',#4096,10.);
#1135=VECTOR('',#4097,10.);
#1136=VECTOR('',#4098,10.);
#1137=VECTOR('',#4115,10.);
#1138=VECTOR('',#4116,10.);
#1139=VECTOR('',#4119,10.);
#1140=VECTOR('',#4120,10.);
#1141=VECTOR('',#4125,10.);
#1142=VECTOR('',#4130,10.);
#1143=VECTOR('',#4135,10.);
#1144=VECTOR('',#4136,10.);
#1145=VECTOR('',#4139,10.);
#1146=VECTOR('',#4140,10.);
#1147=VECTOR('',#4145,10.);
#1148=VECTOR('',#4150,10.);
#1149=VECTOR('',#4155,10.);
#1150=VECTOR('',#4156,10.);
#1151=VECTOR('',#4159,10.);
#1152=VECTOR('',#4160,10.);
#1153=VECTOR('',#4165,10.);
#1154=VECTOR('',#4170,10.);
#1155=VECTOR('',#4173,10.);
#1156=VECTOR('',#4176,10.);
#1157=VECTOR('',#4179,10.);
#1158=VECTOR('',#4180,10.);
#1159=VECTOR('',#4181,10.);
#1160=VECTOR('',#4190,10.);
#1161=VECTOR('',#4193,10.);
#1162=VECTOR('',#4196,10.);
#1163=VECTOR('',#4197,10.);
#1164=VECTOR('',#4198,10.);
#1165=VECTOR('',#4199,10.);
#1166=VECTOR('',#4200,10.);
#1167=VECTOR('',#4201,10.);
#1168=VECTOR('',#4202,10.);
#1169=VECTOR('',#4203,10.);
#1170=VECTOR('',#4204,10.);
#1171=VECTOR('',#4209,10.);
#1172=VECTOR('',#4216,10.);
#1173=VECTOR('',#4223,10.);
#1174=VECTOR('',#4226,10.);
#1175=VECTOR('',#4229,10.);
#1176=VECTOR('',#4232,10.);
#1177=VECTOR('',#4233,10.);
#1178=VECTOR('',#4238,10.);
#1179=VECTOR('',#4241,10.);
#1180=VECTOR('',#4244,10.);
#1181=VECTOR('',#4247,10.);
#1182=VECTOR('',#4254,10.);
#1183=VECTOR('',#4255,10.);
#1184=VECTOR('',#4258,10.);
#1185=VECTOR('',#4259,10.);
#1186=VECTOR('',#4274,10.);
#1187=VECTOR('',#4281,10.);
#1188=VECTOR('',#4282,10.);
#1189=VECTOR('',#4285,10.);
#1190=VECTOR('',#4286,10.);
#1191=VECTOR('',#4289,10.);
#1192=VECTOR('',#4300,10.);
#1193=VECTOR('',#4301,10.);
#1194=VECTOR('',#4302,10.);
#1195=VECTOR('',#4303,10.);
#1196=VECTOR('',#4304,10.);
#1197=VECTOR('',#4311,10.);
#1198=VECTOR('',#4316,10.);
#1199=VECTOR('',#4323,10.);
#1200=VECTOR('',#4328,10.);
#1201=VECTOR('',#4337,10.);
#1202=VECTOR('',#4338,10.);
#1203=VECTOR('',#4341,10.);
#1204=VECTOR('',#4342,10.);
#1205=VECTOR('',#4345,10.);
#1206=VECTOR('',#4348,2.625);
#1207=VECTOR('',#4353,2.325);
#1208=VECTOR('',#4358,10.);
#1209=VECTOR('',#4359,10.);
#1210=VECTOR('',#4362,10.);
#1211=VECTOR('',#4365,2.625);
#1212=VECTOR('',#4370,2.325);
#1213=VECTOR('',#4375,10.);
#1214=VECTOR('',#4376,10.);
#1215=VECTOR('',#4379,10.);
#1216=VECTOR('',#4382,10.);
#1217=VECTOR('',#4383,10.);
#1218=VECTOR('',#4386,10.);
#1219=VECTOR('',#4395,10.);
#1220=VECTOR('',#4400,10.);
#1221=VECTOR('',#4403,10.);
#1222=VECTOR('',#4404,10.);
#1223=VECTOR('',#4407,10.);
#1224=VECTOR('',#4408,10.);
#1225=VECTOR('',#4409,10.);
#1226=VECTOR('',#4412,10.);
#1227=VECTOR('',#4413,10.);
#1228=VECTOR('',#4416,10.);
#1229=VECTOR('',#4417,10.);
#1230=VECTOR('',#4426,10.);
#1231=VECTOR('',#4429,47.6);
#1232=VECTOR('',#4434,10.);
#1233=VECTOR('',#4435,10.);
#1234=VECTOR('',#4438,10.);
#1235=VECTOR('',#4439,10.);
#1236=VECTOR('',#4442,10.);
#1237=VECTOR('',#4445,10.);
#1238=VECTOR('',#4446,10.);
#1239=VECTOR('',#4449,10.);
#1240=VECTOR('',#4450,10.);
#1241=VECTOR('',#4453,10.);
#1242=VECTOR('',#4460,10.);
#1243=VECTOR('',#4461,10.);
#1244=VECTOR('',#4464,10.);
#1245=VECTOR('',#4465,10.);
#1246=VECTOR('',#4468,10.);
#1247=VECTOR('',#4475,10.);
#1248=VECTOR('',#4476,10.);
#1249=VECTOR('',#4479,10.);
#1250=VECTOR('',#4480,10.);
#1251=VECTOR('',#4483,10.);
#1252=VECTOR('',#4490,10.);
#1253=VECTOR('',#4491,10.);
#1254=VECTOR('',#4492,10.);
#1255=VECTOR('',#4495,10.);
#1256=VECTOR('',#4496,10.);
#1257=VECTOR('',#4497,10.);
#1258=VECTOR('',#4500,10.);
#1259=VECTOR('',#4501,10.);
#1260=VECTOR('',#4502,10.);
#1261=VECTOR('',#4505,10.);
#1262=VECTOR('',#4506,10.);
#1263=VECTOR('',#4509,10.);
#1264=VECTOR('',#4510,10.);
#1265=VECTOR('',#4513,10.);
#1266=VECTOR('',#4522,86.);
#1267=VECTOR('',#4533,10.);
#1268=VECTOR('',#4534,10.);
#1269=VECTOR('',#4535,10.);
#1270=VECTOR('',#4538,10.);
#1271=VECTOR('',#4539,10.);
#1272=VECTOR('',#4540,10.);
#1273=VECTOR('',#4543,10.);
#1274=VECTOR('',#4544,10.);
#1275=VECTOR('',#4545,10.);
#1276=VECTOR('',#4548,10.);
#1277=VECTOR('',#4549,10.);
#1278=VECTOR('',#4552,10.);
#1279=VECTOR('',#4553,10.);
#1280=VECTOR('',#4556,10.);
#1281=VECTOR('',#4569,10.);
#1282=VECTOR('',#4570,10.);
#1283=VECTOR('',#4577,10.);
#1284=VECTOR('',#4586,10.);
#1285=VECTOR('',#4593,10.);
#1286=VECTOR('',#4600,10.);
#1287=VECTOR('',#4605,10.);
#1288=VECTOR('',#4618,10.);
#1289=VECTOR('',#4633,10.);
#1290=VECTOR('',#4634,10.);
#1291=VECTOR('',#4645,86.);
#1292=VECTOR('',#4654,87.5);
#1293=VECTOR('',#4659,42.5);
#1294=VECTOR('',#4664,44.);
#1295=VECTOR('',#4677,2.75);
#1296=VECTOR('',#4682,2.75);
#1297=VECTOR('',#4687,2.75);
#1298=VECTOR('',#4692,2.75);
#1299=VECTOR('',#4695,32.5);
#1300=VECTOR('',#4698,60.);
#1301=ELLIPSE('',#3365,4.24264068711923,2.99999999999997);
#1302=ELLIPSE('',#3370,4.24264068711926,2.99999999999999);
#1303=ELLIPSE('',#3376,4.24264068711953,3.00000000000017);
#1304=ELLIPSE('',#3377,4.24264068711928,3.);
#1305=ELLIPSE('',#3386,4.24264068711929,3.00000000000001);
#1306=ELLIPSE('',#3387,4.24264068711931,3.00000000000002);
#1307=ELLIPSE('',#3395,4.24264068711928,3.);
#1308=ELLIPSE('',#3398,4.24264068711928,3.);
#1309=VERTEX_POINT('',#4705);
#1310=VERTEX_POINT('',#4706);
#1311=VERTEX_POINT('',#4708);
#1312=VERTEX_POINT('',#4710);
#1313=VERTEX_POINT('',#4712);
#1314=VERTEX_POINT('',#4714);
#1315=VERTEX_POINT('',#4718);
#1316=VERTEX_POINT('',#4719);
#1317=VERTEX_POINT('',#4721);
#1318=VERTEX_POINT('',#4723);
#1319=VERTEX_POINT('',#4725);
#1320=VERTEX_POINT('',#4727);
#1321=VERTEX_POINT('',#4731);
#1322=VERTEX_POINT('',#4732);
#1323=VERTEX_POINT('',#4734);
#1324=VERTEX_POINT('',#4736);
#1325=VERTEX_POINT('',#4738);
#1326=VERTEX_POINT('',#4740);
#1327=VERTEX_POINT('',#4744);
#1328=VERTEX_POINT('',#4745);
#1329=VERTEX_POINT('',#4747);
#1330=VERTEX_POINT('',#4749);
#1331=VERTEX_POINT('',#4751);
#1332=VERTEX_POINT('',#4753);
#1333=VERTEX_POINT('',#4757);
#1334=VERTEX_POINT('',#4758);
#1335=VERTEX_POINT('',#4760);
#1336=VERTEX_POINT('',#4762);
#1337=VERTEX_POINT('',#4764);
#1338=VERTEX_POINT('',#4766);
#1339=VERTEX_POINT('',#4770);
#1340=VERTEX_POINT('',#4772);
#1341=VERTEX_POINT('',#4774);
#1342=VERTEX_POINT('',#4776);
#1343=VERTEX_POINT('',#4780);
#1344=VERTEX_POINT('',#4782);
#1345=VERTEX_POINT('',#4784);
#1346=VERTEX_POINT('',#4788);
#1347=VERTEX_POINT('',#4790);
#1348=VERTEX_POINT('',#4792);
#1349=VERTEX_POINT('',#4794);
#1350=VERTEX_POINT('',#4798);
#1351=VERTEX_POINT('',#4799);
#1352=VERTEX_POINT('',#4801);
#1353=VERTEX_POINT('',#4803);
#1354=VERTEX_POINT('',#4805);
#1355=VERTEX_POINT('',#4807);
#1356=VERTEX_POINT('',#4811);
#1357=VERTEX_POINT('',#4813);
#1358=VERTEX_POINT('',#4815);
#1359=VERTEX_POINT('',#4817);
#1360=VERTEX_POINT('',#4821);
#1361=VERTEX_POINT('',#4823);
#1362=VERTEX_POINT('',#4825);
#1363=VERTEX_POINT('',#4829);
#1364=VERTEX_POINT('',#4831);
#1365=VERTEX_POINT('',#4833);
#1366=VERTEX_POINT('',#4835);
#1367=VERTEX_POINT('',#4839);
#1368=VERTEX_POINT('',#4842);
#1369=VERTEX_POINT('',#4846);
#1370=VERTEX_POINT('',#4850);
#1371=VERTEX_POINT('',#4853);
#1372=VERTEX_POINT('',#4857);
#1373=VERTEX_POINT('',#4861);
#1374=VERTEX_POINT('',#4865);
#1375=VERTEX_POINT('',#4869);
#1376=VERTEX_POINT('',#4870);
#1377=VERTEX_POINT('',#4872);
#1378=VERTEX_POINT('',#4874);
#1379=VERTEX_POINT('',#4878);
#1380=VERTEX_POINT('',#4880);
#1381=VERTEX_POINT('',#4884);
#1382=VERTEX_POINT('',#4885);
#1383=VERTEX_POINT('',#4887);
#1384=VERTEX_POINT('',#4889);
#1385=VERTEX_POINT('',#4891);
#1386=VERTEX_POINT('',#4893);
#1387=VERTEX_POINT('',#4895);
#1388=VERTEX_POINT('',#4897);
#1389=VERTEX_POINT('',#4899);
#1390=VERTEX_POINT('',#4901);
#1391=VERTEX_POINT('',#4903);
#1392=VERTEX_POINT('',#4905);
#1393=VERTEX_POINT('',#4909);
#1394=VERTEX_POINT('',#4913);
#1395=VERTEX_POINT('',#4918);
#1396=VERTEX_POINT('',#4920);
#1397=VERTEX_POINT('',#4924);
#1398=VERTEX_POINT('',#4930);
#1399=VERTEX_POINT('',#4936);
#1400=VERTEX_POINT('',#4944);
#1401=VERTEX_POINT('',#4946);
#1402=VERTEX_POINT('',#4950);
#1403=VERTEX_POINT('',#4956);
#1404=VERTEX_POINT('',#4957);
#1405=VERTEX_POINT('',#4959);
#1406=VERTEX_POINT('',#4961);
#1407=VERTEX_POINT('',#4965);
#1408=VERTEX_POINT('',#4966);
#1409=VERTEX_POINT('',#4968);
#1410=VERTEX_POINT('',#4970);
#1411=VERTEX_POINT('',#4972);
#1412=VERTEX_POINT('',#4974);
#1413=VERTEX_POINT('',#4976);
#1414=VERTEX_POINT('',#4978);
#1415=VERTEX_POINT('',#4980);
#1416=VERTEX_POINT('',#4982);
#1417=VERTEX_POINT('',#4984);
#1418=VERTEX_POINT('',#4986);
#1419=VERTEX_POINT('',#4990);
#1420=VERTEX_POINT('',#4991);
#1421=VERTEX_POINT('',#4993);
#1422=VERTEX_POINT('',#4995);
#1423=VERTEX_POINT('',#5013);
#1424=VERTEX_POINT('',#5017);
#1425=VERTEX_POINT('',#5023);
#1426=VERTEX_POINT('',#5025);
#1427=VERTEX_POINT('',#5029);
#1428=VERTEX_POINT('',#5031);
#1429=VERTEX_POINT('',#5037);
#1430=VERTEX_POINT('',#5041);
#1431=VERTEX_POINT('',#5049);
#1432=VERTEX_POINT('',#5050);
#1433=VERTEX_POINT('',#5052);
#1434=VERTEX_POINT('',#5054);
#1435=VERTEX_POINT('',#5058);
#1436=VERTEX_POINT('',#5060);
#1437=VERTEX_POINT('',#5064);
#1438=VERTEX_POINT('',#5065);
#1439=VERTEX_POINT('',#5067);
#1440=VERTEX_POINT('',#5069);
#1441=VERTEX_POINT('',#5071);
#1442=VERTEX_POINT('',#5073);
#1443=VERTEX_POINT('',#5075);
#1444=VERTEX_POINT('',#5077);
#1445=VERTEX_POINT('',#5079);
#1446=VERTEX_POINT('',#5081);
#1447=VERTEX_POINT('',#5083);
#1448=VERTEX_POINT('',#5085);
#1449=VERTEX_POINT('',#5089);
#1450=VERTEX_POINT('',#5093);
#1451=VERTEX_POINT('',#5098);
#1452=VERTEX_POINT('',#5100);
#1453=VERTEX_POINT('',#5104);
#1454=VERTEX_POINT('',#5110);
#1455=VERTEX_POINT('',#5116);
#1456=VERTEX_POINT('',#5124);
#1457=VERTEX_POINT('',#5126);
#1458=VERTEX_POINT('',#5130);
#1459=VERTEX_POINT('',#5136);
#1460=VERTEX_POINT('',#5137);
#1461=VERTEX_POINT('',#5139);
#1462=VERTEX_POINT('',#5141);
#1463=VERTEX_POINT('',#5145);
#1464=VERTEX_POINT('',#5147);
#1465=VERTEX_POINT('',#5151);
#1466=VERTEX_POINT('',#5152);
#1467=VERTEX_POINT('',#5154);
#1468=VERTEX_POINT('',#5156);
#1469=VERTEX_POINT('',#5160);
#1470=VERTEX_POINT('',#5162);
#1471=VERTEX_POINT('',#5166);
#1472=VERTEX_POINT('',#5167);
#1473=VERTEX_POINT('',#5169);
#1474=VERTEX_POINT('',#5171);
#1475=VERTEX_POINT('',#5175);
#1476=VERTEX_POINT('',#5177);
#1477=VERTEX_POINT('',#5181);
#1478=VERTEX_POINT('',#5182);
#1479=VERTEX_POINT('',#5184);
#1480=VERTEX_POINT('',#5186);
#1481=VERTEX_POINT('',#5190);
#1482=VERTEX_POINT('',#5191);
#1483=VERTEX_POINT('',#5200);
#1484=VERTEX_POINT('',#5203);
#1485=VERTEX_POINT('',#5204);
#1486=VERTEX_POINT('',#5209);
#1487=VERTEX_POINT('',#5213);
#1488=VERTEX_POINT('',#5217);
#1489=VERTEX_POINT('',#5221);
#1490=VERTEX_POINT('',#5222);
#1491=VERTEX_POINT('',#5227);
#1492=VERTEX_POINT('',#5231);
#1493=VERTEX_POINT('',#5235);
#1494=VERTEX_POINT('',#5239);
#1495=VERTEX_POINT('',#5240);
#1496=VERTEX_POINT('',#5245);
#1497=VERTEX_POINT('',#5249);
#1498=VERTEX_POINT('',#5253);
#1499=VERTEX_POINT('',#5257);
#1500=VERTEX_POINT('',#5259);
#1501=VERTEX_POINT('',#5267);
#1502=VERTEX_POINT('',#5273);
#1503=VERTEX_POINT('',#5274);
#1504=VERTEX_POINT('',#5276);
#1505=VERTEX_POINT('',#5278);
#1506=VERTEX_POINT('',#5282);
#1507=VERTEX_POINT('',#5284);
#1508=VERTEX_POINT('',#5288);
#1509=VERTEX_POINT('',#5290);
#1510=VERTEX_POINT('',#5294);
#1511=VERTEX_POINT('',#5296);
#1512=VERTEX_POINT('',#5298);
#1513=VERTEX_POINT('',#5300);
#1514=VERTEX_POINT('',#5304);
#1515=VERTEX_POINT('',#5306);
#1516=VERTEX_POINT('',#5310);
#1517=VERTEX_POINT('',#5312);
#1518=VERTEX_POINT('',#5316);
#1519=VERTEX_POINT('',#5318);
#1520=VERTEX_POINT('',#5322);
#1521=VERTEX_POINT('',#5324);
#1522=VERTEX_POINT('',#5328);
#1523=VERTEX_POINT('',#5332);
#1524=VERTEX_POINT('',#5334);
#1525=VERTEX_POINT('',#5344);
#1526=VERTEX_POINT('',#5348);
#1527=VERTEX_POINT('',#5350);
#1528=VERTEX_POINT('',#5357);
#1529=VERTEX_POINT('',#5359);
#1530=VERTEX_POINT('',#5363);
#1531=VERTEX_POINT('',#5368);
#1532=VERTEX_POINT('',#5372);
#1533=VERTEX_POINT('',#5374);
#1534=VERTEX_POINT('',#5376);
#1535=VERTEX_POINT('',#5380);
#1536=VERTEX_POINT('',#5382);
#1537=VERTEX_POINT('',#5386);
#1538=VERTEX_POINT('',#5390);
#1539=VERTEX_POINT('',#5394);
#1540=VERTEX_POINT('',#5398);
#1541=VERTEX_POINT('',#5399);
#1542=VERTEX_POINT('',#5401);
#1543=VERTEX_POINT('',#5403);
#1544=VERTEX_POINT('',#5405);
#1545=VERTEX_POINT('',#5409);
#1546=VERTEX_POINT('',#5411);
#1547=VERTEX_POINT('',#5415);
#1548=VERTEX_POINT('',#5421);
#1549=VERTEX_POINT('',#5425);
#1550=VERTEX_POINT('',#5427);
#1551=VERTEX_POINT('',#5431);
#1552=VERTEX_POINT('',#5432);
#1553=VERTEX_POINT('',#5435);
#1554=VERTEX_POINT('',#5442);
#1555=VERTEX_POINT('',#5448);
#1556=VERTEX_POINT('',#5452);
#1557=VERTEX_POINT('',#5456);
#1558=VERTEX_POINT('',#5462);
#1559=VERTEX_POINT('',#5466);
#1560=VERTEX_POINT('',#5470);
#1561=VERTEX_POINT('',#5476);
#1562=VERTEX_POINT('',#5490);
#1563=VERTEX_POINT('',#5494);
#1564=VERTEX_POINT('',#5496);
#1565=VERTEX_POINT('',#5500);
#1566=VERTEX_POINT('',#5504);
#1567=VERTEX_POINT('',#5509);
#1568=VERTEX_POINT('',#5512);
#1569=VERTEX_POINT('',#5514);
#1570=VERTEX_POINT('',#5516);
#1571=VERTEX_POINT('',#5519);
#1572=VERTEX_POINT('',#5522);
#1573=VERTEX_POINT('',#5524);
#1574=VERTEX_POINT('',#5527);
#1575=VERTEX_POINT('',#5529);
#1576=VERTEX_POINT('',#5533);
#1577=VERTEX_POINT('',#5537);
#1578=VERTEX_POINT('',#5543);
#1579=VERTEX_POINT('',#5546);
#1580=VERTEX_POINT('',#5550);
#1581=VERTEX_POINT('',#5556);
#1582=VERTEX_POINT('',#5559);
#1583=VERTEX_POINT('',#5563);
#1584=VERTEX_POINT('',#5569);
#1585=VERTEX_POINT('',#5572);
#1586=VERTEX_POINT('',#5573);
#1587=VERTEX_POINT('',#5575);
#1588=VERTEX_POINT('',#5577);
#1589=VERTEX_POINT('',#5583);
#1590=VERTEX_POINT('',#5587);
#1591=VERTEX_POINT('',#5589);
#1592=VERTEX_POINT('',#5593);
#1593=VERTEX_POINT('',#5595);
#1594=VERTEX_POINT('',#5597);
#1595=VERTEX_POINT('',#5603);
#1596=VERTEX_POINT('',#5607);
#1597=VERTEX_POINT('',#5611);
#1598=VERTEX_POINT('',#5617);
#1599=VERTEX_POINT('',#5621);
#1600=VERTEX_POINT('',#5624);
#1601=VERTEX_POINT('',#5626);
#1602=VERTEX_POINT('',#5630);
#1603=VERTEX_POINT('',#5634);
#1604=VERTEX_POINT('',#5636);
#1605=VERTEX_POINT('',#5640);
#1606=VERTEX_POINT('',#5646);
#1607=VERTEX_POINT('',#5648);
#1608=VERTEX_POINT('',#5652);
#1609=VERTEX_POINT('',#5654);
#1610=VERTEX_POINT('',#5659);
#1611=VERTEX_POINT('',#5663);
#1612=VERTEX_POINT('',#5667);
#1613=VERTEX_POINT('',#5688);
#1614=VERTEX_POINT('',#5692);
#1615=VERTEX_POINT('',#5698);
#1616=VERTEX_POINT('',#5709);
#1617=VERTEX_POINT('',#5718);
#1618=VERTEX_POINT('',#5725);
#1619=VERTEX_POINT('',#5727);
#1620=VERTEX_POINT('',#5731);
#1621=VERTEX_POINT('',#5736);
#1622=VERTEX_POINT('',#5738);
#1623=VERTEX_POINT('',#5744);
#1624=VERTEX_POINT('',#5747);
#1625=VERTEX_POINT('',#5750);
#1626=VERTEX_POINT('',#5754);
#1627=VERTEX_POINT('',#5758);
#1628=VERTEX_POINT('',#5762);
#1629=VERTEX_POINT('',#5768);
#1630=EDGE_CURVE('',#1309,#1310,#1301,.T.);
#1631=EDGE_CURVE('',#1309,#1311,#733,.F.);
#1632=EDGE_CURVE('',#1311,#1312,#572,.T.);
#1633=EDGE_CURVE('',#1313,#1312,#734,.T.);
#1634=EDGE_CURVE('',#1314,#1313,#573,.T.);
#1635=EDGE_CURVE('',#1314,#1310,#735,.T.);
#1636=EDGE_CURVE('',#1315,#1316,#736,.F.);
#1637=EDGE_CURVE('',#1315,#1317,#737,.T.);
#1638=EDGE_CURVE('',#1318,#1317,#738,.T.);
#1639=EDGE_CURVE('',#1318,#1319,#739,.T.);
#1640=EDGE_CURVE('',#1319,#1320,#740,.F.);
#1641=EDGE_CURVE('',#1320,#1316,#741,.F.);
#1642=EDGE_CURVE('',#1321,#1322,#1302,.T.);
#1643=EDGE_CURVE('',#1321,#1323,#742,.F.);
#1644=EDGE_CURVE('',#1323,#1324,#574,.T.);
#1645=EDGE_CURVE('',#1325,#1324,#743,.T.);
#1646=EDGE_CURVE('',#1326,#1325,#575,.T.);
#1647=EDGE_CURVE('',#1326,#1322,#744,.T.);
#1648=EDGE_CURVE('',#1327,#1328,#745,.F.);
#1649=EDGE_CURVE('',#1327,#1329,#746,.T.);
#1650=EDGE_CURVE('',#1329,#1330,#747,.F.);
#1651=EDGE_CURVE('',#1330,#1331,#748,.T.);
#1652=EDGE_CURVE('',#1331,#1332,#749,.F.);
#1653=EDGE_CURVE('',#1332,#1328,#750,.F.);
#1654=EDGE_CURVE('',#1333,#1334,#751,.F.);
#1655=EDGE_CURVE('',#1333,#1335,#752,.T.);
#1656=EDGE_CURVE('',#1335,#1336,#753,.F.);
#1657=EDGE_CURVE('',#1336,#1337,#754,.T.);
#1658=EDGE_CURVE('',#1337,#1338,#755,.F.);
#1659=EDGE_CURVE('',#1338,#1334,#756,.F.);
#1660=EDGE_CURVE('',#1334,#1339,#757,.T.);
#1661=EDGE_CURVE('',#1340,#1339,#758,.T.);
#1662=EDGE_CURVE('',#1340,#1341,#1303,.T.);
#1663=EDGE_CURVE('',#1341,#1342,#759,.T.);
#1664=EDGE_CURVE('',#1342,#1333,#1304,.T.);
#1665=EDGE_CURVE('',#1343,#1342,#760,.T.);
#1666=EDGE_CURVE('',#1344,#1343,#576,.T.);
#1667=EDGE_CURVE('',#1344,#1345,#761,.T.);
#1668=EDGE_CURVE('',#1345,#1335,#577,.T.);
#1669=EDGE_CURVE('',#1340,#1346,#762,.F.);
#1670=EDGE_CURVE('',#1346,#1347,#578,.T.);
#1671=EDGE_CURVE('',#1348,#1347,#763,.T.);
#1672=EDGE_CURVE('',#1349,#1348,#579,.T.);
#1673=EDGE_CURVE('',#1349,#1341,#764,.T.);
#1674=EDGE_CURVE('',#1350,#1351,#765,.F.);
#1675=EDGE_CURVE('',#1350,#1352,#766,.T.);
#1676=EDGE_CURVE('',#1353,#1352,#767,.T.);
#1677=EDGE_CURVE('',#1353,#1354,#768,.T.);
#1678=EDGE_CURVE('',#1354,#1355,#769,.F.);
#1679=EDGE_CURVE('',#1355,#1351,#770,.F.);
#1680=EDGE_CURVE('',#1351,#1356,#771,.T.);
#1681=EDGE_CURVE('',#1357,#1356,#772,.T.);
#1682=EDGE_CURVE('',#1357,#1358,#1305,.T.);
#1683=EDGE_CURVE('',#1358,#1359,#773,.T.);
#1684=EDGE_CURVE('',#1359,#1350,#1306,.T.);
#1685=EDGE_CURVE('',#1360,#1359,#774,.T.);
#1686=EDGE_CURVE('',#1361,#1360,#580,.T.);
#1687=EDGE_CURVE('',#1361,#1362,#775,.T.);
#1688=EDGE_CURVE('',#1362,#1352,#581,.T.);
#1689=EDGE_CURVE('',#1357,#1363,#776,.F.);
#1690=EDGE_CURVE('',#1363,#1364,#582,.T.);
#1691=EDGE_CURVE('',#1365,#1364,#777,.T.);
#1692=EDGE_CURVE('',#1366,#1365,#583,.T.);
#1693=EDGE_CURVE('',#1366,#1358,#778,.T.);
#1694=EDGE_CURVE('',#1310,#1367,#779,.T.);
#1695=EDGE_CURVE('',#1315,#1367,#1307,.T.);
#1696=EDGE_CURVE('',#1316,#1368,#780,.T.);
#1697=EDGE_CURVE('',#1309,#1368,#781,.T.);
#1698=EDGE_CURVE('',#1369,#1320,#782,.F.);
#1699=EDGE_CURVE('',#1368,#1369,#783,.F.);
#1700=EDGE_CURVE('',#1322,#1370,#784,.T.);
#1701=EDGE_CURVE('',#1327,#1370,#1308,.T.);
#1702=EDGE_CURVE('',#1328,#1371,#785,.T.);
#1703=EDGE_CURVE('',#1321,#1371,#786,.T.);
#1704=EDGE_CURVE('',#1372,#1332,#787,.F.);
#1705=EDGE_CURVE('',#1371,#1372,#788,.F.);
#1706=EDGE_CURVE('',#1373,#1338,#789,.F.);
#1707=EDGE_CURVE('',#1339,#1373,#790,.F.);
#1708=EDGE_CURVE('',#1374,#1355,#791,.F.);
#1709=EDGE_CURVE('',#1356,#1374,#792,.F.);
#1710=EDGE_CURVE('',#1375,#1376,#793,.F.);
#1711=EDGE_CURVE('',#1376,#1377,#584,.F.);
#1712=EDGE_CURVE('',#1377,#1378,#794,.T.);
#1713=EDGE_CURVE('',#1378,#1375,#585,.F.);
#1714=EDGE_CURVE('',#1376,#1379,#795,.T.);
#1715=EDGE_CURVE('',#1379,#1380,#586,.T.);
#1716=EDGE_CURVE('',#1380,#1377,#796,.T.);
#1717=EDGE_CURVE('',#1381,#1382,#797,.T.);
#1718=EDGE_CURVE('',#1383,#1381,#587,.T.);
#1719=EDGE_CURVE('',#1384,#1383,#798,.T.);
#1720=EDGE_CURVE('',#1385,#1384,#588,.T.);
#1721=EDGE_CURVE('',#1385,#1386,#589,.T.);
#1722=EDGE_CURVE('',#1387,#1386,#590,.T.);
#1723=EDGE_CURVE('',#1387,#1388,#799,.T.);
#1724=EDGE_CURVE('',#1389,#1388,#591,.T.);
#1725=EDGE_CURVE('',#1389,#1390,#592,.T.);
#1726=EDGE_CURVE('',#1391,#1390,#593,.T.);
#1727=EDGE_CURVE('',#1392,#1391,#800,.T.);
#1728=EDGE_CURVE('',#1382,#1392,#594,.T.);
#1729=EDGE_CURVE('',#1382,#1393,#58,.T.);
#1730=EDGE_CURVE('',#1393,#1394,#801,.T.);
#1731=EDGE_CURVE('',#1394,#1379,#59,.T.);
#1732=EDGE_CURVE('',#1375,#1395,#802,.T.);
#1733=EDGE_CURVE('',#1395,#1396,#60,.T.);
#1734=EDGE_CURVE('',#1397,#1396,#803,.T.);
#1735=EDGE_CURVE('',#1381,#1397,#61,.T.);
#1736=EDGE_CURVE('',#1398,#1394,#595,.T.);
#1737=EDGE_CURVE('',#1398,#1380,#62,.T.);
#1738=EDGE_CURVE('',#1399,#1393,#596,.T.);
#1739=EDGE_CURVE('',#1399,#1398,#804,.T.);
#1740=EDGE_CURVE('',#1392,#1399,#63,.T.);
#1741=EDGE_CURVE('',#1400,#1396,#597,.T.);
#1742=EDGE_CURVE('',#1400,#1401,#805,.T.);
#1743=EDGE_CURVE('',#1401,#1397,#598,.T.);
#1744=EDGE_CURVE('',#1402,#1395,#599,.T.);
#1745=EDGE_CURVE('',#1402,#1400,#64,.T.);
#1746=EDGE_CURVE('',#1403,#1404,#600,.F.);
#1747=EDGE_CURVE('',#1403,#1405,#806,.T.);
#1748=EDGE_CURVE('',#1405,#1406,#601,.T.);
#1749=EDGE_CURVE('',#1406,#1404,#807,.T.);
#1750=EDGE_CURVE('',#1407,#1408,#808,.T.);
#1751=EDGE_CURVE('',#1409,#1407,#602,.T.);
#1752=EDGE_CURVE('',#1410,#1409,#809,.T.);
#1753=EDGE_CURVE('',#1411,#1410,#603,.T.);
#1754=EDGE_CURVE('',#1411,#1412,#604,.T.);
#1755=EDGE_CURVE('',#1413,#1412,#605,.T.);
#1756=EDGE_CURVE('',#1413,#1414,#810,.T.);
#1757=EDGE_CURVE('',#1415,#1414,#606,.T.);
#1758=EDGE_CURVE('',#1415,#1416,#607,.T.);
#1759=EDGE_CURVE('',#1417,#1416,#608,.T.);
#1760=EDGE_CURVE('',#1418,#1417,#811,.T.);
#1761=EDGE_CURVE('',#1408,#1418,#609,.T.);
#1762=EDGE_CURVE('',#1419,#1420,#812,.T.);
#1763=EDGE_CURVE('',#1419,#1421,#610,.T.);
#1764=EDGE_CURVE('',#1421,#1422,#813,.T.);
#1765=EDGE_CURVE('',#1420,#1422,#611,.T.);
#1766=EDGE_CURVE('',#1406,#1419,#65,.T.);
#1767=EDGE_CURVE('',#1421,#1405,#66,.T.);
#1768=EDGE_CURVE('',#1420,#1407,#67,.T.);
#1769=EDGE_CURVE('',#1422,#1409,#68,.T.);
#1770=EDGE_CURVE('',#1408,#1423,#69,.T.);
#1771=EDGE_CURVE('',#1418,#1424,#70,.T.);
#1772=EDGE_CURVE('',#1423,#1424,#612,.T.);
#1773=EDGE_CURVE('',#1404,#1425,#814,.F.);
#1774=EDGE_CURVE('',#1425,#1426,#613,.F.);
#1775=EDGE_CURVE('',#1426,#1403,#815,.T.);
#1776=EDGE_CURVE('',#1423,#1427,#816,.T.);
#1777=EDGE_CURVE('',#1427,#1428,#71,.T.);
#1778=EDGE_CURVE('',#1428,#1425,#817,.T.);
#1779=EDGE_CURVE('',#1428,#1429,#614,.T.);
#1780=EDGE_CURVE('',#1429,#1426,#818,.T.);
#1781=EDGE_CURVE('',#1427,#1430,#615,.T.);
#1782=EDGE_CURVE('',#1430,#1429,#72,.T.);
#1783=EDGE_CURVE('',#1424,#1430,#819,.T.);
#1784=EDGE_CURVE('',#1431,#1432,#820,.F.);
#1785=EDGE_CURVE('',#1432,#1433,#616,.F.);
#1786=EDGE_CURVE('',#1433,#1434,#821,.T.);
#1787=EDGE_CURVE('',#1434,#1431,#617,.F.);
#1788=EDGE_CURVE('',#1432,#1435,#822,.T.);
#1789=EDGE_CURVE('',#1435,#1436,#618,.T.);
#1790=EDGE_CURVE('',#1436,#1433,#823,.T.);
#1791=EDGE_CURVE('',#1437,#1438,#824,.T.);
#1792=EDGE_CURVE('',#1439,#1437,#619,.T.);
#1793=EDGE_CURVE('',#1440,#1439,#825,.T.);
#1794=EDGE_CURVE('',#1441,#1440,#620,.T.);
#1795=EDGE_CURVE('',#1441,#1442,#621,.T.);
#1796=EDGE_CURVE('',#1443,#1442,#622,.T.);
#1797=EDGE_CURVE('',#1443,#1444,#826,.T.);
#1798=EDGE_CURVE('',#1445,#1444,#623,.T.);
#1799=EDGE_CURVE('',#1445,#1446,#624,.T.);
#1800=EDGE_CURVE('',#1447,#1446,#625,.T.);
#1801=EDGE_CURVE('',#1448,#1447,#827,.T.);
#1802=EDGE_CURVE('',#1438,#1448,#626,.T.);
#1803=EDGE_CURVE('',#1438,#1449,#73,.T.);
#1804=EDGE_CURVE('',#1449,#1450,#828,.T.);
#1805=EDGE_CURVE('',#1450,#1435,#74,.T.);
#1806=EDGE_CURVE('',#1451,#1431,#829,.T.);
#1807=EDGE_CURVE('',#1452,#1451,#75,.T.);
#1808=EDGE_CURVE('',#1453,#1452,#830,.T.);
#1809=EDGE_CURVE('',#1437,#1453,#76,.T.);
#1810=EDGE_CURVE('',#1450,#1454,#627,.T.);
#1811=EDGE_CURVE('',#1454,#1436,#77,.T.);
#1812=EDGE_CURVE('',#1449,#1455,#628,.T.);
#1813=EDGE_CURVE('',#1455,#1454,#831,.T.);
#1814=EDGE_CURVE('',#1455,#1448,#78,.T.);
#1815=EDGE_CURVE('',#1452,#1456,#629,.T.);
#1816=EDGE_CURVE('',#1456,#1457,#832,.T.);
#1817=EDGE_CURVE('',#1453,#1457,#630,.T.);
#1818=EDGE_CURVE('',#1458,#1451,#631,.T.);
#1819=EDGE_CURVE('',#1456,#1458,#79,.T.);
#1820=EDGE_CURVE('',#1459,#1460,#632,.T.);
#1821=EDGE_CURVE('',#1459,#1461,#833,.T.);
#1822=EDGE_CURVE('',#1461,#1462,#633,.T.);
#1823=EDGE_CURVE('',#1460,#1462,#834,.T.);
#1824=EDGE_CURVE('',#1463,#1461,#835,.T.);
#1825=EDGE_CURVE('',#1464,#1463,#836,.T.);
#1826=EDGE_CURVE('',#1462,#1464,#837,.T.);
#1827=EDGE_CURVE('',#1465,#1466,#634,.T.);
#1828=EDGE_CURVE('',#1465,#1467,#838,.T.);
#1829=EDGE_CURVE('',#1467,#1468,#635,.T.);
#1830=EDGE_CURVE('',#1466,#1468,#839,.T.);
#1831=EDGE_CURVE('',#1469,#1467,#840,.T.);
#1832=EDGE_CURVE('',#1470,#1469,#841,.T.);
#1833=EDGE_CURVE('',#1468,#1470,#842,.T.);
#1834=EDGE_CURVE('',#1471,#1472,#636,.T.);
#1835=EDGE_CURVE('',#1471,#1473,#843,.T.);
#1836=EDGE_CURVE('',#1473,#1474,#637,.T.);
#1837=EDGE_CURVE('',#1472,#1474,#844,.T.);
#1838=EDGE_CURVE('',#1475,#1473,#845,.T.);
#1839=EDGE_CURVE('',#1476,#1475,#846,.T.);
#1840=EDGE_CURVE('',#1474,#1476,#847,.T.);
#1841=EDGE_CURVE('',#1477,#1478,#638,.T.);
#1842=EDGE_CURVE('',#1477,#1479,#848,.T.);
#1843=EDGE_CURVE('',#1479,#1480,#639,.T.);
#1844=EDGE_CURVE('',#1478,#1480,#849,.T.);
#1845=EDGE_CURVE('',#1481,#1482,#850,.T.);
#1846=EDGE_CURVE('',#1480,#1481,#851,.T.);
#1847=EDGE_CURVE('',#1482,#1479,#852,.T.);
#1848=EDGE_CURVE('',#1471,#1460,#640,.F.);
#1849=EDGE_CURVE('',#1477,#1472,#641,.F.);
#1850=EDGE_CURVE('',#1465,#1478,#642,.F.);
#1851=EDGE_CURVE('',#1459,#1466,#643,.F.);
#1852=EDGE_CURVE('',#1483,#1483,#644,.F.);
#1853=EDGE_CURVE('',#1484,#1485,#645,.T.);
#1854=EDGE_CURVE('',#1485,#1443,#853,.T.);
#1855=EDGE_CURVE('',#1442,#1484,#854,.T.);
#1856=EDGE_CURVE('',#1486,#1485,#855,.F.);
#1857=EDGE_CURVE('',#1444,#1486,#856,.T.);
#1858=EDGE_CURVE('',#1486,#1487,#646,.T.);
#1859=EDGE_CURVE('',#1487,#1445,#857,.T.);
#1860=EDGE_CURVE('',#1488,#1487,#647,.F.);
#1861=EDGE_CURVE('',#1446,#1488,#858,.T.);
#1862=EDGE_CURVE('',#1489,#1490,#648,.T.);
#1863=EDGE_CURVE('',#1490,#1413,#859,.T.);
#1864=EDGE_CURVE('',#1412,#1489,#860,.T.);
#1865=EDGE_CURVE('',#1491,#1490,#861,.F.);
#1866=EDGE_CURVE('',#1414,#1491,#862,.T.);
#1867=EDGE_CURVE('',#1491,#1492,#649,.T.);
#1868=EDGE_CURVE('',#1492,#1415,#863,.T.);
#1869=EDGE_CURVE('',#1493,#1492,#650,.F.);
#1870=EDGE_CURVE('',#1416,#1493,#864,.T.);
#1871=EDGE_CURVE('',#1494,#1495,#651,.T.);
#1872=EDGE_CURVE('',#1495,#1387,#865,.T.);
#1873=EDGE_CURVE('',#1386,#1494,#866,.T.);
#1874=EDGE_CURVE('',#1496,#1495,#867,.F.);
#1875=EDGE_CURVE('',#1388,#1496,#868,.T.);
#1876=EDGE_CURVE('',#1496,#1497,#652,.T.);
#1877=EDGE_CURVE('',#1497,#1389,#869,.T.);
#1878=EDGE_CURVE('',#1498,#1497,#653,.F.);
#1879=EDGE_CURVE('',#1390,#1498,#870,.T.);
#1880=EDGE_CURVE('',#1440,#1499,#871,.T.);
#1881=EDGE_CURVE('',#1499,#1500,#654,.T.);
#1882=EDGE_CURVE('',#1500,#1441,#872,.T.);
#1883=EDGE_CURVE('',#1457,#1439,#80,.T.);
#1884=EDGE_CURVE('',#1434,#1458,#873,.T.);
#1885=EDGE_CURVE('',#1501,#1447,#874,.T.);
#1886=EDGE_CURVE('',#1501,#1499,#875,.T.);
#1887=EDGE_CURVE('',#1488,#1501,#655,.T.);
#1888=EDGE_CURVE('',#1502,#1503,#656,.T.);
#1889=EDGE_CURVE('',#1503,#1504,#876,.T.);
#1890=EDGE_CURVE('',#1504,#1505,#657,.T.);
#1891=EDGE_CURVE('',#1505,#1502,#877,.T.);
#1892=EDGE_CURVE('',#1503,#1506,#878,.T.);
#1893=EDGE_CURVE('',#1507,#1506,#81,.T.);
#1894=EDGE_CURVE('',#1508,#1507,#879,.T.);
#1895=EDGE_CURVE('',#1509,#1508,#82,.T.);
#1896=EDGE_CURVE('',#1510,#1509,#880,.T.);
#1897=EDGE_CURVE('',#1511,#1510,#881,.T.);
#1898=EDGE_CURVE('',#1512,#1511,#882,.T.);
#1899=EDGE_CURVE('',#1513,#1512,#83,.T.);
#1900=EDGE_CURVE('',#1514,#1513,#883,.T.);
#1901=EDGE_CURVE('',#1515,#1514,#84,.T.);
#1902=EDGE_CURVE('',#1515,#1516,#884,.T.);
#1903=EDGE_CURVE('',#1517,#1516,#885,.T.);
#1904=EDGE_CURVE('',#1504,#1517,#886,.F.);
#1905=EDGE_CURVE('',#1516,#1518,#658,.T.);
#1906=EDGE_CURVE('',#1518,#1519,#887,.T.);
#1907=EDGE_CURVE('',#1519,#1517,#659,.T.);
#1908=EDGE_CURVE('',#1520,#1518,#660,.T.);
#1909=EDGE_CURVE('',#1521,#1520,#888,.T.);
#1910=EDGE_CURVE('',#1519,#1521,#661,.F.);
#1911=EDGE_CURVE('',#1498,#1522,#662,.T.);
#1912=EDGE_CURVE('',#1522,#1391,#889,.T.);
#1913=EDGE_CURVE('',#1384,#1523,#890,.T.);
#1914=EDGE_CURVE('',#1523,#1524,#663,.T.);
#1915=EDGE_CURVE('',#1524,#1385,#891,.T.);
#1916=EDGE_CURVE('',#1523,#1522,#892,.F.);
#1917=EDGE_CURVE('',#1401,#1383,#85,.T.);
#1918=EDGE_CURVE('',#1378,#1402,#893,.T.);
#1919=EDGE_CURVE('',#1493,#1525,#664,.T.);
#1920=EDGE_CURVE('',#1525,#1417,#894,.T.);
#1921=EDGE_CURVE('',#1410,#1526,#895,.T.);
#1922=EDGE_CURVE('',#1526,#1527,#665,.T.);
#1923=EDGE_CURVE('',#1527,#1411,#896,.T.);
#1924=EDGE_CURVE('',#1525,#1526,#897,.T.);
#1925=EDGE_CURVE('',#1347,#1528,#666,.T.);
#1926=EDGE_CURVE('',#1529,#1346,#898,.F.);
#1927=EDGE_CURVE('',#1336,#1529,#899,.T.);
#1928=EDGE_CURVE('',#1324,#1345,#667,.T.);
#1929=EDGE_CURVE('',#1530,#1323,#900,.F.);
#1930=EDGE_CURVE('',#1330,#1530,#901,.T.);
#1931=EDGE_CURVE('',#1528,#1329,#668,.T.);
#1932=EDGE_CURVE('',#1494,#1524,#669,.F.);
#1933=EDGE_CURVE('',#1531,#1531,#670,.T.);
#1934=EDGE_CURVE('',#1489,#1527,#671,.F.);
#1935=EDGE_CURVE('',#1506,#1532,#672,.T.);
#1936=EDGE_CURVE('',#1533,#1532,#673,.T.);
#1937=EDGE_CURVE('',#1533,#1534,#902,.T.);
#1938=EDGE_CURVE('',#1507,#1534,#674,.T.);
#1939=EDGE_CURVE('',#1364,#1535,#675,.T.);
#1940=EDGE_CURVE('',#1536,#1363,#903,.F.);
#1941=EDGE_CURVE('',#1353,#1536,#904,.T.);
#1942=EDGE_CURVE('',#1312,#1362,#676,.T.);
#1943=EDGE_CURVE('',#1537,#1311,#905,.F.);
#1944=EDGE_CURVE('',#1318,#1537,#906,.T.);
#1945=EDGE_CURVE('',#1535,#1317,#677,.T.);
#1946=EDGE_CURVE('',#1521,#1538,#907,.F.);
#1947=EDGE_CURVE('',#1538,#1505,#678,.F.);
#1948=EDGE_CURVE('',#1484,#1500,#679,.F.);
#1949=EDGE_CURVE('',#1539,#1539,#680,.T.);
#1950=EDGE_CURVE('',#1540,#1541,#908,.T.);
#1951=EDGE_CURVE('',#1542,#1541,#909,.T.);
#1952=EDGE_CURVE('',#1543,#1542,#910,.T.);
#1953=EDGE_CURVE('',#1544,#1543,#911,.T.);
#1954=EDGE_CURVE('',#1540,#1544,#912,.T.);
#1955=EDGE_CURVE('',#1532,#1545,#681,.T.);
#1956=EDGE_CURVE('',#1502,#1546,#682,.T.);
#1957=EDGE_CURVE('',#1546,#1520,#913,.T.);
#1958=EDGE_CURVE('',#1541,#1515,#683,.T.);
#1959=EDGE_CURVE('',#1547,#1540,#684,.T.);
#1960=EDGE_CURVE('',#1545,#1547,#914,.T.);
#1961=EDGE_CURVE('',#1514,#1542,#685,.T.);
#1962=EDGE_CURVE('',#1534,#1548,#915,.T.);
#1963=EDGE_CURVE('',#1508,#1548,#686,.T.);
#1964=EDGE_CURVE('',#1548,#1549,#916,.T.);
#1965=EDGE_CURVE('',#1550,#1549,#687,.T.);
#1966=EDGE_CURVE('',#1509,#1550,#688,.T.);
#1967=EDGE_CURVE('',#1551,#1552,#689,.F.);
#1968=EDGE_CURVE('',#1547,#1551,#917,.T.);
#1969=EDGE_CURVE('',#1553,#1544,#15,.T.);
#1970=EDGE_CURVE('',#1553,#1552,#918,.T.);
#1971=EDGE_CURVE('',#1554,#1331,#919,.T.);
#1972=EDGE_CURVE('',#1554,#1530,#920,.T.);
#1973=EDGE_CURVE('',#1554,#1372,#921,.T.);
#1974=EDGE_CURVE('',#1531,#1555,#922,.T.);
#1975=EDGE_CURVE('',#1555,#1555,#690,.T.);
#1976=EDGE_CURVE('',#1555,#1556,#923,.T.);
#1977=EDGE_CURVE('',#1556,#1556,#691,.T.);
#1978=EDGE_CURVE('',#1557,#1537,#924,.T.);
#1979=EDGE_CURVE('',#1557,#1319,#925,.T.);
#1980=EDGE_CURVE('',#1557,#1369,#926,.T.);
#1981=EDGE_CURVE('',#1539,#1558,#927,.T.);
#1982=EDGE_CURVE('',#1558,#1558,#692,.T.);
#1983=EDGE_CURVE('',#1558,#1559,#928,.T.);
#1984=EDGE_CURVE('',#1559,#1559,#693,.T.);
#1985=EDGE_CURVE('',#1560,#1529,#929,.T.);
#1986=EDGE_CURVE('',#1560,#1337,#930,.T.);
#1987=EDGE_CURVE('',#1560,#1373,#931,.T.);
#1988=EDGE_CURVE('',#1561,#1536,#932,.T.);
#1989=EDGE_CURVE('',#1561,#1354,#933,.T.);
#1990=EDGE_CURVE('',#1561,#1374,#934,.T.);
#1991=EDGE_CURVE('',#1360,#1366,#935,.T.);
#1992=EDGE_CURVE('',#1343,#1349,#936,.T.);
#1993=EDGE_CURVE('',#1562,#1326,#937,.T.);
#1994=EDGE_CURVE('',#1562,#1370,#938,.T.);
#1995=EDGE_CURVE('',#1563,#1464,#939,.T.);
#1996=EDGE_CURVE('',#1563,#1564,#940,.T.);
#1997=EDGE_CURVE('',#1460,#1564,#941,.T.);
#1998=EDGE_CURVE('',#1565,#1463,#942,.T.);
#1999=EDGE_CURVE('',#1565,#1563,#943,.T.);
#2000=EDGE_CURVE('',#1566,#1459,#944,.T.);
#2001=EDGE_CURVE('',#1566,#1565,#945,.T.);
#2002=EDGE_CURVE('',#1564,#1566,#694,.T.);
#2003=EDGE_CURVE('',#1567,#1567,#695,.T.);
#2004=EDGE_CURVE('',#1478,#1568,#946,.T.);
#2005=EDGE_CURVE('',#1568,#1569,#696,.T.);
#2006=EDGE_CURVE('',#1569,#1570,#947,.T.);
#2007=EDGE_CURVE('',#1570,#1570,#697,.T.);
#2008=EDGE_CURVE('',#1569,#1571,#698,.T.);
#2009=EDGE_CURVE('',#1571,#1477,#948,.T.);
#2010=EDGE_CURVE('',#1472,#1572,#949,.T.);
#2011=EDGE_CURVE('',#1572,#1573,#699,.T.);
#2012=EDGE_CURVE('',#1573,#1471,#950,.T.);
#2013=EDGE_CURVE('',#1466,#1574,#951,.T.);
#2014=EDGE_CURVE('',#1574,#1575,#700,.T.);
#2015=EDGE_CURVE('',#1575,#1465,#952,.T.);
#2016=EDGE_CURVE('',#1576,#1476,#953,.T.);
#2017=EDGE_CURVE('',#1576,#1572,#954,.T.);
#2018=EDGE_CURVE('',#1577,#1475,#955,.T.);
#2019=EDGE_CURVE('',#1577,#1576,#956,.T.);
#2020=EDGE_CURVE('',#1573,#1577,#957,.T.);
#2021=EDGE_CURVE('',#1578,#1578,#701,.T.);
#2022=EDGE_CURVE('',#1579,#1481,#958,.T.);
#2023=EDGE_CURVE('',#1579,#1568,#959,.T.);
#2024=EDGE_CURVE('',#1580,#1482,#960,.T.);
#2025=EDGE_CURVE('',#1580,#1579,#961,.T.);
#2026=EDGE_CURVE('',#1571,#1580,#962,.T.);
#2027=EDGE_CURVE('',#1581,#1581,#702,.T.);
#2028=EDGE_CURVE('',#1582,#1470,#963,.T.);
#2029=EDGE_CURVE('',#1582,#1574,#964,.T.);
#2030=EDGE_CURVE('',#1583,#1469,#965,.T.);
#2031=EDGE_CURVE('',#1583,#1582,#966,.T.);
#2032=EDGE_CURVE('',#1575,#1583,#967,.T.);
#2033=EDGE_CURVE('',#1584,#1584,#703,.T.);
#2034=EDGE_CURVE('',#1585,#1586,#968,.T.);
#2035=EDGE_CURVE('',#1585,#1587,#969,.T.);
#2036=EDGE_CURVE('',#1588,#1587,#970,.T.);
#2037=EDGE_CURVE('',#1586,#1588,#86,.T.);
#2038=EDGE_CURVE('',#1588,#1589,#87,.T.);
#2039=EDGE_CURVE('',#1587,#1590,#971,.T.);
#2040=EDGE_CURVE('',#1591,#1590,#972,.T.);
#2041=EDGE_CURVE('',#1589,#1591,#973,.T.);
#2042=EDGE_CURVE('',#1591,#1592,#974,.T.);
#2043=EDGE_CURVE('',#1590,#1593,#975,.T.);
#2044=EDGE_CURVE('',#1594,#1593,#976,.T.);
#2045=EDGE_CURVE('',#1592,#1594,#88,.T.);
#2046=EDGE_CURVE('',#1595,#1585,#977,.T.);
#2047=EDGE_CURVE('',#1595,#1590,#978,.T.);
#2048=EDGE_CURVE('',#1596,#1595,#979,.T.);
#2049=EDGE_CURVE('',#1596,#1593,#980,.T.);
#2050=EDGE_CURVE('',#1597,#1596,#981,.T.);
#2051=EDGE_CURVE('',#1594,#1597,#89,.T.);
#2052=EDGE_CURVE('',#1598,#1592,#704,.T.);
#2053=EDGE_CURVE('',#1589,#1598,#705,.T.);
#2054=EDGE_CURVE('',#1598,#1599,#982,.T.);
#2055=EDGE_CURVE('',#1599,#1599,#706,.T.);
#2056=EDGE_CURVE('',#1597,#1600,#707,.T.);
#2057=EDGE_CURVE('',#1600,#1601,#90,.T.);
#2058=EDGE_CURVE('',#1601,#1602,#91,.T.);
#2059=EDGE_CURVE('',#1602,#1603,#708,.T.);
#2060=EDGE_CURVE('',#1603,#1604,#92,.T.);
#2061=EDGE_CURVE('',#1604,#1605,#93,.T.);
#2062=EDGE_CURVE('',#1605,#1586,#709,.T.);
#2063=EDGE_CURVE('',#1606,#1600,#983,.T.);
#2064=EDGE_CURVE('',#1606,#1607,#984,.T.);
#2065=EDGE_CURVE('',#1601,#1607,#985,.T.);
#2066=EDGE_CURVE('',#1607,#1608,#986,.T.);
#2067=EDGE_CURVE('',#1609,#1608,#987,.T.);
#2068=EDGE_CURVE('',#1602,#1609,#988,.T.);
#2069=EDGE_CURVE('',#1609,#1603,#989,.T.);
#2070=EDGE_CURVE('',#1608,#1610,#990,.T.);
#2071=EDGE_CURVE('',#1604,#1610,#991,.T.);
#2072=EDGE_CURVE('',#1611,#1606,#992,.T.);
#2073=EDGE_CURVE('',#1611,#1608,#993,.T.);
#2074=EDGE_CURVE('',#1612,#1611,#994,.T.);
#2075=EDGE_CURVE('',#1612,#1610,#995,.T.);
#2076=EDGE_CURVE('',#1605,#1612,#996,.T.);
#2077=EDGE_CURVE('',#1553,#1512,#710,.T.);
#2078=EDGE_CURVE('',#1513,#1543,#711,.T.);
#2079=EDGE_CURVE('',#1532,#1550,#997,.T.);
#2080=EDGE_CURVE('',#1549,#1533,#998,.T.);
#2081=EDGE_CURVE('',#1538,#1546,#999,.T.);
#2082=EDGE_CURVE('',#1552,#1511,#712,.F.);
#2083=EDGE_CURVE('',#1613,#1535,#1000,.T.);
#2084=EDGE_CURVE('',#1365,#1613,#713,.T.);
#2085=EDGE_CURVE('',#1510,#1614,#714,.F.);
#2086=EDGE_CURVE('',#1550,#1614,#1001,.T.);
#2087=EDGE_CURVE('',#1313,#1361,#715,.T.);
#2088=EDGE_CURVE('',#1545,#1615,#1002,.T.);
#2089=EDGE_CURVE('',#1614,#1615,#716,.F.);
#2090=EDGE_CURVE('',#1615,#1551,#1003,.F.);
#2091=EDGE_CURVE('',#1325,#1344,#717,.T.);
#2092=EDGE_CURVE('',#1616,#1528,#1004,.T.);
#2093=EDGE_CURVE('',#1348,#1616,#718,.T.);
#2094=EDGE_CURVE('',#1616,#1562,#719,.T.);
#2095=EDGE_CURVE('',#1617,#1314,#1005,.T.);
#2096=EDGE_CURVE('',#1617,#1367,#1006,.T.);
#2097=EDGE_CURVE('',#1613,#1617,#720,.T.);
#2098=EDGE_CURVE('',#1618,#1618,#721,.T.);
#2099=EDGE_CURVE('',#1618,#1619,#1007,.T.);
#2100=EDGE_CURVE('',#1619,#1619,#722,.T.);
#2101=EDGE_CURVE('',#1620,#1620,#723,.T.);
#2102=EDGE_CURVE('',#1618,#1599,#1008,.T.);
#2103=EDGE_CURVE('',#1621,#1621,#724,.T.);
#2104=EDGE_CURVE('',#1621,#1622,#1009,.T.);
#2105=EDGE_CURVE('',#1622,#1622,#725,.T.);
#2106=EDGE_CURVE('',#1622,#1620,#1010,.T.);
#2107=EDGE_CURVE('',#1623,#1623,#726,.F.);
#2108=EDGE_CURVE('',#1624,#1624,#727,.F.);
#2109=EDGE_CURVE('',#1625,#1625,#728,.T.);
#2110=EDGE_CURVE('',#1625,#1584,#1011,.T.);
#2111=EDGE_CURVE('',#1626,#1626,#729,.T.);
#2112=EDGE_CURVE('',#1626,#1567,#1012,.T.);
#2113=EDGE_CURVE('',#1627,#1627,#730,.T.);
#2114=EDGE_CURVE('',#1627,#1578,#1013,.T.);
#2115=EDGE_CURVE('',#1628,#1628,#731,.T.);
#2116=EDGE_CURVE('',#1628,#1581,#1014,.T.);
#2117=EDGE_CURVE('',#1483,#1623,#1015,.T.);
#2118=EDGE_CURVE('',#1624,#1629,#1016,.T.);
#2119=EDGE_CURVE('',#1629,#1629,#732,.T.);
#2120=ORIENTED_EDGE('',*,*,#1630,.F.);
#2121=ORIENTED_EDGE('',*,*,#1631,.T.);
#2122=ORIENTED_EDGE('',*,*,#1632,.T.);
#2123=ORIENTED_EDGE('',*,*,#1633,.F.);
#2124=ORIENTED_EDGE('',*,*,#1634,.F.);
#2125=ORIENTED_EDGE('',*,*,#1635,.T.);
#2126=ORIENTED_EDGE('',*,*,#1636,.F.);
#2127=ORIENTED_EDGE('',*,*,#1637,.T.);
#2128=ORIENTED_EDGE('',*,*,#1638,.F.);
#2129=ORIENTED_EDGE('',*,*,#1639,.T.);
#2130=ORIENTED_EDGE('',*,*,#1640,.T.);
#2131=ORIENTED_EDGE('',*,*,#1641,.T.);
#2132=ORIENTED_EDGE('',*,*,#1642,.F.);
#2133=ORIENTED_EDGE('',*,*,#1643,.T.);
#2134=ORIENTED_EDGE('',*,*,#1644,.T.);
#2135=ORIENTED_EDGE('',*,*,#1645,.F.);
#2136=ORIENTED_EDGE('',*,*,#1646,.F.);
#2137=ORIENTED_EDGE('',*,*,#1647,.T.);
#2138=ORIENTED_EDGE('',*,*,#1648,.F.);
#2139=ORIENTED_EDGE('',*,*,#1649,.T.);
#2140=ORIENTED_EDGE('',*,*,#1650,.T.);
#2141=ORIENTED_EDGE('',*,*,#1651,.T.);
#2142=ORIENTED_EDGE('',*,*,#1652,.T.);
#2143=ORIENTED_EDGE('',*,*,#1653,.T.);
#2144=ORIENTED_EDGE('',*,*,#1654,.F.);
#2145=ORIENTED_EDGE('',*,*,#1655,.T.);
#2146=ORIENTED_EDGE('',*,*,#1656,.T.);
#2147=ORIENTED_EDGE('',*,*,#1657,.T.);
#2148=ORIENTED_EDGE('',*,*,#1658,.T.);
#2149=ORIENTED_EDGE('',*,*,#1659,.T.);
#2150=ORIENTED_EDGE('',*,*,#1654,.T.);
#2151=ORIENTED_EDGE('',*,*,#1660,.T.);
#2152=ORIENTED_EDGE('',*,*,#1661,.F.);
#2153=ORIENTED_EDGE('',*,*,#1662,.T.);
#2154=ORIENTED_EDGE('',*,*,#1663,.T.);
#2155=ORIENTED_EDGE('',*,*,#1664,.T.);
#2156=ORIENTED_EDGE('',*,*,#1664,.F.);
#2157=ORIENTED_EDGE('',*,*,#1665,.F.);
#2158=ORIENTED_EDGE('',*,*,#1666,.F.);
#2159=ORIENTED_EDGE('',*,*,#1667,.T.);
#2160=ORIENTED_EDGE('',*,*,#1668,.T.);
#2161=ORIENTED_EDGE('',*,*,#1655,.F.);
#2162=ORIENTED_EDGE('',*,*,#1662,.F.);
#2163=ORIENTED_EDGE('',*,*,#1669,.T.);
#2164=ORIENTED_EDGE('',*,*,#1670,.T.);
#2165=ORIENTED_EDGE('',*,*,#1671,.F.);
#2166=ORIENTED_EDGE('',*,*,#1672,.F.);
#2167=ORIENTED_EDGE('',*,*,#1673,.T.);
#2168=ORIENTED_EDGE('',*,*,#1674,.F.);
#2169=ORIENTED_EDGE('',*,*,#1675,.T.);
#2170=ORIENTED_EDGE('',*,*,#1676,.F.);
#2171=ORIENTED_EDGE('',*,*,#1677,.T.);
#2172=ORIENTED_EDGE('',*,*,#1678,.T.);
#2173=ORIENTED_EDGE('',*,*,#1679,.T.);
#2174=ORIENTED_EDGE('',*,*,#1674,.T.);
#2175=ORIENTED_EDGE('',*,*,#1680,.T.);
#2176=ORIENTED_EDGE('',*,*,#1681,.F.);
#2177=ORIENTED_EDGE('',*,*,#1682,.T.);
#2178=ORIENTED_EDGE('',*,*,#1683,.T.);
#2179=ORIENTED_EDGE('',*,*,#1684,.T.);
#2180=ORIENTED_EDGE('',*,*,#1684,.F.);
#2181=ORIENTED_EDGE('',*,*,#1685,.F.);
#2182=ORIENTED_EDGE('',*,*,#1686,.F.);
#2183=ORIENTED_EDGE('',*,*,#1687,.T.);
#2184=ORIENTED_EDGE('',*,*,#1688,.T.);
#2185=ORIENTED_EDGE('',*,*,#1675,.F.);
#2186=ORIENTED_EDGE('',*,*,#1682,.F.);
#2187=ORIENTED_EDGE('',*,*,#1689,.T.);
#2188=ORIENTED_EDGE('',*,*,#1690,.T.);
#2189=ORIENTED_EDGE('',*,*,#1691,.F.);
#2190=ORIENTED_EDGE('',*,*,#1692,.F.);
#2191=ORIENTED_EDGE('',*,*,#1693,.T.);
#2192=ORIENTED_EDGE('',*,*,#1630,.T.);
#2193=ORIENTED_EDGE('',*,*,#1694,.T.);
#2194=ORIENTED_EDGE('',*,*,#1695,.F.);
#2195=ORIENTED_EDGE('',*,*,#1636,.T.);
#2196=ORIENTED_EDGE('',*,*,#1696,.T.);
#2197=ORIENTED_EDGE('',*,*,#1697,.F.);
#2198=ORIENTED_EDGE('',*,*,#1696,.F.);
#2199=ORIENTED_EDGE('',*,*,#1641,.F.);
#2200=ORIENTED_EDGE('',*,*,#1698,.F.);
#2201=ORIENTED_EDGE('',*,*,#1699,.F.);
#2202=ORIENTED_EDGE('',*,*,#1642,.T.);
#2203=ORIENTED_EDGE('',*,*,#1700,.T.);
#2204=ORIENTED_EDGE('',*,*,#1701,.F.);
#2205=ORIENTED_EDGE('',*,*,#1648,.T.);
#2206=ORIENTED_EDGE('',*,*,#1702,.T.);
#2207=ORIENTED_EDGE('',*,*,#1703,.F.);
#2208=ORIENTED_EDGE('',*,*,#1702,.F.);
#2209=ORIENTED_EDGE('',*,*,#1653,.F.);
#2210=ORIENTED_EDGE('',*,*,#1704,.F.);
#2211=ORIENTED_EDGE('',*,*,#1705,.F.);
#2212=ORIENTED_EDGE('',*,*,#1660,.F.);
#2213=ORIENTED_EDGE('',*,*,#1659,.F.);
#2214=ORIENTED_EDGE('',*,*,#1706,.F.);
#2215=ORIENTED_EDGE('',*,*,#1707,.F.);
#2216=ORIENTED_EDGE('',*,*,#1680,.F.);
#2217=ORIENTED_EDGE('',*,*,#1679,.F.);
#2218=ORIENTED_EDGE('',*,*,#1708,.F.);
#2219=ORIENTED_EDGE('',*,*,#1709,.F.);
#2220=ORIENTED_EDGE('',*,*,#1710,.T.);
#2221=ORIENTED_EDGE('',*,*,#1711,.T.);
#2222=ORIENTED_EDGE('',*,*,#1712,.T.);
#2223=ORIENTED_EDGE('',*,*,#1713,.T.);
#2224=ORIENTED_EDGE('',*,*,#1714,.T.);
#2225=ORIENTED_EDGE('',*,*,#1715,.T.);
#2226=ORIENTED_EDGE('',*,*,#1716,.T.);
#2227=ORIENTED_EDGE('',*,*,#1711,.F.);
#2228=ORIENTED_EDGE('',*,*,#1717,.F.);
#2229=ORIENTED_EDGE('',*,*,#1718,.F.);
#2230=ORIENTED_EDGE('',*,*,#1719,.F.);
#2231=ORIENTED_EDGE('',*,*,#1720,.F.);
#2232=ORIENTED_EDGE('',*,*,#1721,.T.);
#2233=ORIENTED_EDGE('',*,*,#1722,.F.);
#2234=ORIENTED_EDGE('',*,*,#1723,.T.);
#2235=ORIENTED_EDGE('',*,*,#1724,.F.);
#2236=ORIENTED_EDGE('',*,*,#1725,.T.);
#2237=ORIENTED_EDGE('',*,*,#1726,.F.);
#2238=ORIENTED_EDGE('',*,*,#1727,.F.);
#2239=ORIENTED_EDGE('',*,*,#1728,.F.);
#2240=ORIENTED_EDGE('',*,*,#1729,.T.);
#2241=ORIENTED_EDGE('',*,*,#1730,.T.);
#2242=ORIENTED_EDGE('',*,*,#1731,.T.);
#2243=ORIENTED_EDGE('',*,*,#1714,.F.);
#2244=ORIENTED_EDGE('',*,*,#1710,.F.);
#2245=ORIENTED_EDGE('',*,*,#1732,.T.);
#2246=ORIENTED_EDGE('',*,*,#1733,.T.);
#2247=ORIENTED_EDGE('',*,*,#1734,.F.);
#2248=ORIENTED_EDGE('',*,*,#1735,.F.);
#2249=ORIENTED_EDGE('',*,*,#1717,.T.);
#2250=ORIENTED_EDGE('',*,*,#1731,.F.);
#2251=ORIENTED_EDGE('',*,*,#1736,.F.);
#2252=ORIENTED_EDGE('',*,*,#1737,.T.);
#2253=ORIENTED_EDGE('',*,*,#1715,.F.);
#2254=ORIENTED_EDGE('',*,*,#1730,.F.);
#2255=ORIENTED_EDGE('',*,*,#1738,.F.);
#2256=ORIENTED_EDGE('',*,*,#1739,.T.);
#2257=ORIENTED_EDGE('',*,*,#1736,.T.);
#2258=ORIENTED_EDGE('',*,*,#1729,.F.);
#2259=ORIENTED_EDGE('',*,*,#1728,.T.);
#2260=ORIENTED_EDGE('',*,*,#1740,.T.);
#2261=ORIENTED_EDGE('',*,*,#1738,.T.);
#2262=ORIENTED_EDGE('',*,*,#1734,.T.);
#2263=ORIENTED_EDGE('',*,*,#1741,.F.);
#2264=ORIENTED_EDGE('',*,*,#1742,.T.);
#2265=ORIENTED_EDGE('',*,*,#1743,.T.);
#2266=ORIENTED_EDGE('',*,*,#1741,.T.);
#2267=ORIENTED_EDGE('',*,*,#1733,.F.);
#2268=ORIENTED_EDGE('',*,*,#1744,.F.);
#2269=ORIENTED_EDGE('',*,*,#1745,.T.);
#2270=ORIENTED_EDGE('',*,*,#1746,.F.);
#2271=ORIENTED_EDGE('',*,*,#1747,.T.);
#2272=ORIENTED_EDGE('',*,*,#1748,.T.);
#2273=ORIENTED_EDGE('',*,*,#1749,.T.);
#2274=ORIENTED_EDGE('',*,*,#1750,.F.);
#2275=ORIENTED_EDGE('',*,*,#1751,.F.);
#2276=ORIENTED_EDGE('',*,*,#1752,.F.);
#2277=ORIENTED_EDGE('',*,*,#1753,.F.);
#2278=ORIENTED_EDGE('',*,*,#1754,.T.);
#2279=ORIENTED_EDGE('',*,*,#1755,.F.);
#2280=ORIENTED_EDGE('',*,*,#1756,.T.);
#2281=ORIENTED_EDGE('',*,*,#1757,.F.);
#2282=ORIENTED_EDGE('',*,*,#1758,.T.);
#2283=ORIENTED_EDGE('',*,*,#1759,.F.);
#2284=ORIENTED_EDGE('',*,*,#1760,.F.);
#2285=ORIENTED_EDGE('',*,*,#1761,.F.);
#2286=ORIENTED_EDGE('',*,*,#1762,.F.);
#2287=ORIENTED_EDGE('',*,*,#1763,.T.);
#2288=ORIENTED_EDGE('',*,*,#1764,.T.);
#2289=ORIENTED_EDGE('',*,*,#1765,.F.);
#2290=ORIENTED_EDGE('',*,*,#1766,.F.);
#2291=ORIENTED_EDGE('',*,*,#1748,.F.);
#2292=ORIENTED_EDGE('',*,*,#1767,.F.);
#2293=ORIENTED_EDGE('',*,*,#1763,.F.);
#2294=ORIENTED_EDGE('',*,*,#1768,.F.);
#2295=ORIENTED_EDGE('',*,*,#1765,.T.);
#2296=ORIENTED_EDGE('',*,*,#1769,.T.);
#2297=ORIENTED_EDGE('',*,*,#1751,.T.);
#2298=ORIENTED_EDGE('',*,*,#1770,.F.);
#2299=ORIENTED_EDGE('',*,*,#1761,.T.);
#2300=ORIENTED_EDGE('',*,*,#1771,.T.);
#2301=ORIENTED_EDGE('',*,*,#1772,.F.);
#2302=ORIENTED_EDGE('',*,*,#1773,.T.);
#2303=ORIENTED_EDGE('',*,*,#1774,.T.);
#2304=ORIENTED_EDGE('',*,*,#1775,.T.);
#2305=ORIENTED_EDGE('',*,*,#1746,.T.);
#2306=ORIENTED_EDGE('',*,*,#1762,.T.);
#2307=ORIENTED_EDGE('',*,*,#1768,.T.);
#2308=ORIENTED_EDGE('',*,*,#1750,.T.);
#2309=ORIENTED_EDGE('',*,*,#1770,.T.);
#2310=ORIENTED_EDGE('',*,*,#1776,.T.);
#2311=ORIENTED_EDGE('',*,*,#1777,.T.);
#2312=ORIENTED_EDGE('',*,*,#1778,.T.);
#2313=ORIENTED_EDGE('',*,*,#1773,.F.);
#2314=ORIENTED_EDGE('',*,*,#1749,.F.);
#2315=ORIENTED_EDGE('',*,*,#1766,.T.);
#2316=ORIENTED_EDGE('',*,*,#1778,.F.);
#2317=ORIENTED_EDGE('',*,*,#1779,.T.);
#2318=ORIENTED_EDGE('',*,*,#1780,.T.);
#2319=ORIENTED_EDGE('',*,*,#1774,.F.);
#2320=ORIENTED_EDGE('',*,*,#1777,.F.);
#2321=ORIENTED_EDGE('',*,*,#1781,.T.);
#2322=ORIENTED_EDGE('',*,*,#1782,.T.);
#2323=ORIENTED_EDGE('',*,*,#1779,.F.);
#2324=ORIENTED_EDGE('',*,*,#1776,.F.);
#2325=ORIENTED_EDGE('',*,*,#1772,.T.);
#2326=ORIENTED_EDGE('',*,*,#1783,.T.);
#2327=ORIENTED_EDGE('',*,*,#1781,.F.);
#2328=ORIENTED_EDGE('',*,*,#1784,.T.);
#2329=ORIENTED_EDGE('',*,*,#1785,.T.);
#2330=ORIENTED_EDGE('',*,*,#1786,.T.);
#2331=ORIENTED_EDGE('',*,*,#1787,.T.);
#2332=ORIENTED_EDGE('',*,*,#1788,.T.);
#2333=ORIENTED_EDGE('',*,*,#1789,.T.);
#2334=ORIENTED_EDGE('',*,*,#1790,.T.);
#2335=ORIENTED_EDGE('',*,*,#1785,.F.);
#2336=ORIENTED_EDGE('',*,*,#1791,.F.);
#2337=ORIENTED_EDGE('',*,*,#1792,.F.);
#2338=ORIENTED_EDGE('',*,*,#1793,.F.);
#2339=ORIENTED_EDGE('',*,*,#1794,.F.);
#2340=ORIENTED_EDGE('',*,*,#1795,.T.);
#2341=ORIENTED_EDGE('',*,*,#1796,.F.);
#2342=ORIENTED_EDGE('',*,*,#1797,.T.);
#2343=ORIENTED_EDGE('',*,*,#1798,.F.);
#2344=ORIENTED_EDGE('',*,*,#1799,.T.);
#2345=ORIENTED_EDGE('',*,*,#1800,.F.);
#2346=ORIENTED_EDGE('',*,*,#1801,.F.);
#2347=ORIENTED_EDGE('',*,*,#1802,.F.);
#2348=ORIENTED_EDGE('',*,*,#1803,.T.);
#2349=ORIENTED_EDGE('',*,*,#1804,.T.);
#2350=ORIENTED_EDGE('',*,*,#1805,.T.);
#2351=ORIENTED_EDGE('',*,*,#1788,.F.);
#2352=ORIENTED_EDGE('',*,*,#1784,.F.);
#2353=ORIENTED_EDGE('',*,*,#1806,.F.);
#2354=ORIENTED_EDGE('',*,*,#1807,.F.);
#2355=ORIENTED_EDGE('',*,*,#1808,.F.);
#2356=ORIENTED_EDGE('',*,*,#1809,.F.);
#2357=ORIENTED_EDGE('',*,*,#1791,.T.);
#2358=ORIENTED_EDGE('',*,*,#1805,.F.);
#2359=ORIENTED_EDGE('',*,*,#1810,.T.);
#2360=ORIENTED_EDGE('',*,*,#1811,.T.);
#2361=ORIENTED_EDGE('',*,*,#1789,.F.);
#2362=ORIENTED_EDGE('',*,*,#1804,.F.);
#2363=ORIENTED_EDGE('',*,*,#1812,.T.);
#2364=ORIENTED_EDGE('',*,*,#1813,.T.);
#2365=ORIENTED_EDGE('',*,*,#1810,.F.);
#2366=ORIENTED_EDGE('',*,*,#1803,.F.);
#2367=ORIENTED_EDGE('',*,*,#1802,.T.);
#2368=ORIENTED_EDGE('',*,*,#1814,.F.);
#2369=ORIENTED_EDGE('',*,*,#1812,.F.);
#2370=ORIENTED_EDGE('',*,*,#1808,.T.);
#2371=ORIENTED_EDGE('',*,*,#1815,.T.);
#2372=ORIENTED_EDGE('',*,*,#1816,.T.);
#2373=ORIENTED_EDGE('',*,*,#1817,.F.);
#2374=ORIENTED_EDGE('',*,*,#1815,.F.);
#2375=ORIENTED_EDGE('',*,*,#1807,.T.);
#2376=ORIENTED_EDGE('',*,*,#1818,.F.);
#2377=ORIENTED_EDGE('',*,*,#1819,.F.);
#2378=ORIENTED_EDGE('',*,*,#1820,.F.);
#2379=ORIENTED_EDGE('',*,*,#1821,.T.);
#2380=ORIENTED_EDGE('',*,*,#1822,.T.);
#2381=ORIENTED_EDGE('',*,*,#1823,.F.);
#2382=ORIENTED_EDGE('',*,*,#1824,.F.);
#2383=ORIENTED_EDGE('',*,*,#1825,.F.);
#2384=ORIENTED_EDGE('',*,*,#1826,.F.);
#2385=ORIENTED_EDGE('',*,*,#1822,.F.);
#2386=ORIENTED_EDGE('',*,*,#1827,.F.);
#2387=ORIENTED_EDGE('',*,*,#1828,.T.);
#2388=ORIENTED_EDGE('',*,*,#1829,.T.);
#2389=ORIENTED_EDGE('',*,*,#1830,.F.);
#2390=ORIENTED_EDGE('',*,*,#1831,.F.);
#2391=ORIENTED_EDGE('',*,*,#1832,.F.);
#2392=ORIENTED_EDGE('',*,*,#1833,.F.);
#2393=ORIENTED_EDGE('',*,*,#1829,.F.);
#2394=ORIENTED_EDGE('',*,*,#1834,.F.);
#2395=ORIENTED_EDGE('',*,*,#1835,.T.);
#2396=ORIENTED_EDGE('',*,*,#1836,.T.);
#2397=ORIENTED_EDGE('',*,*,#1837,.F.);
#2398=ORIENTED_EDGE('',*,*,#1838,.F.);
#2399=ORIENTED_EDGE('',*,*,#1839,.F.);
#2400=ORIENTED_EDGE('',*,*,#1840,.F.);
#2401=ORIENTED_EDGE('',*,*,#1836,.F.);
#2402=ORIENTED_EDGE('',*,*,#1841,.F.);
#2403=ORIENTED_EDGE('',*,*,#1842,.T.);
#2404=ORIENTED_EDGE('',*,*,#1843,.T.);
#2405=ORIENTED_EDGE('',*,*,#1844,.F.);
#2406=ORIENTED_EDGE('',*,*,#1845,.F.);
#2407=ORIENTED_EDGE('',*,*,#1846,.F.);
#2408=ORIENTED_EDGE('',*,*,#1843,.F.);
#2409=ORIENTED_EDGE('',*,*,#1847,.F.);
#2410=ORIENTED_EDGE('',*,*,#1820,.T.);
#2411=ORIENTED_EDGE('',*,*,#1848,.F.);
#2412=ORIENTED_EDGE('',*,*,#1834,.T.);
#2413=ORIENTED_EDGE('',*,*,#1849,.F.);
#2414=ORIENTED_EDGE('',*,*,#1841,.T.);
#2415=ORIENTED_EDGE('',*,*,#1850,.F.);
#2416=ORIENTED_EDGE('',*,*,#1827,.T.);
#2417=ORIENTED_EDGE('',*,*,#1851,.F.);
#2418=ORIENTED_EDGE('',*,*,#1852,.T.);
#2419=ORIENTED_EDGE('',*,*,#1853,.T.);
#2420=ORIENTED_EDGE('',*,*,#1854,.T.);
#2421=ORIENTED_EDGE('',*,*,#1796,.T.);
#2422=ORIENTED_EDGE('',*,*,#1855,.T.);
#2423=ORIENTED_EDGE('',*,*,#1854,.F.);
#2424=ORIENTED_EDGE('',*,*,#1856,.F.);
#2425=ORIENTED_EDGE('',*,*,#1857,.F.);
#2426=ORIENTED_EDGE('',*,*,#1797,.F.);
#2427=ORIENTED_EDGE('',*,*,#1858,.T.);
#2428=ORIENTED_EDGE('',*,*,#1859,.T.);
#2429=ORIENTED_EDGE('',*,*,#1798,.T.);
#2430=ORIENTED_EDGE('',*,*,#1857,.T.);
#2431=ORIENTED_EDGE('',*,*,#1859,.F.);
#2432=ORIENTED_EDGE('',*,*,#1860,.F.);
#2433=ORIENTED_EDGE('',*,*,#1861,.F.);
#2434=ORIENTED_EDGE('',*,*,#1799,.F.);
#2435=ORIENTED_EDGE('',*,*,#1862,.T.);
#2436=ORIENTED_EDGE('',*,*,#1863,.T.);
#2437=ORIENTED_EDGE('',*,*,#1755,.T.);
#2438=ORIENTED_EDGE('',*,*,#1864,.T.);
#2439=ORIENTED_EDGE('',*,*,#1863,.F.);
#2440=ORIENTED_EDGE('',*,*,#1865,.F.);
#2441=ORIENTED_EDGE('',*,*,#1866,.F.);
#2442=ORIENTED_EDGE('',*,*,#1756,.F.);
#2443=ORIENTED_EDGE('',*,*,#1867,.T.);
#2444=ORIENTED_EDGE('',*,*,#1868,.T.);
#2445=ORIENTED_EDGE('',*,*,#1757,.T.);
#2446=ORIENTED_EDGE('',*,*,#1866,.T.);
#2447=ORIENTED_EDGE('',*,*,#1868,.F.);
#2448=ORIENTED_EDGE('',*,*,#1869,.F.);
#2449=ORIENTED_EDGE('',*,*,#1870,.F.);
#2450=ORIENTED_EDGE('',*,*,#1758,.F.);
#2451=ORIENTED_EDGE('',*,*,#1871,.T.);
#2452=ORIENTED_EDGE('',*,*,#1872,.T.);
#2453=ORIENTED_EDGE('',*,*,#1722,.T.);
#2454=ORIENTED_EDGE('',*,*,#1873,.T.);
#2455=ORIENTED_EDGE('',*,*,#1872,.F.);
#2456=ORIENTED_EDGE('',*,*,#1874,.F.);
#2457=ORIENTED_EDGE('',*,*,#1875,.F.);
#2458=ORIENTED_EDGE('',*,*,#1723,.F.);
#2459=ORIENTED_EDGE('',*,*,#1876,.T.);
#2460=ORIENTED_EDGE('',*,*,#1877,.T.);
#2461=ORIENTED_EDGE('',*,*,#1724,.T.);
#2462=ORIENTED_EDGE('',*,*,#1875,.T.);
#2463=ORIENTED_EDGE('',*,*,#1877,.F.);
#2464=ORIENTED_EDGE('',*,*,#1878,.F.);
#2465=ORIENTED_EDGE('',*,*,#1879,.F.);
#2466=ORIENTED_EDGE('',*,*,#1725,.F.);
#2467=ORIENTED_EDGE('',*,*,#1794,.T.);
#2468=ORIENTED_EDGE('',*,*,#1880,.T.);
#2469=ORIENTED_EDGE('',*,*,#1881,.T.);
#2470=ORIENTED_EDGE('',*,*,#1882,.T.);
#2471=ORIENTED_EDGE('',*,*,#1880,.F.);
#2472=ORIENTED_EDGE('',*,*,#1793,.T.);
#2473=ORIENTED_EDGE('',*,*,#1883,.F.);
#2474=ORIENTED_EDGE('',*,*,#1816,.F.);
#2475=ORIENTED_EDGE('',*,*,#1819,.T.);
#2476=ORIENTED_EDGE('',*,*,#1884,.F.);
#2477=ORIENTED_EDGE('',*,*,#1786,.F.);
#2478=ORIENTED_EDGE('',*,*,#1790,.F.);
#2479=ORIENTED_EDGE('',*,*,#1811,.F.);
#2480=ORIENTED_EDGE('',*,*,#1813,.F.);
#2481=ORIENTED_EDGE('',*,*,#1814,.T.);
#2482=ORIENTED_EDGE('',*,*,#1801,.T.);
#2483=ORIENTED_EDGE('',*,*,#1885,.F.);
#2484=ORIENTED_EDGE('',*,*,#1886,.T.);
#2485=ORIENTED_EDGE('',*,*,#1800,.T.);
#2486=ORIENTED_EDGE('',*,*,#1861,.T.);
#2487=ORIENTED_EDGE('',*,*,#1887,.T.);
#2488=ORIENTED_EDGE('',*,*,#1885,.T.);
#2489=ORIENTED_EDGE('',*,*,#1888,.T.);
#2490=ORIENTED_EDGE('',*,*,#1889,.T.);
#2491=ORIENTED_EDGE('',*,*,#1890,.T.);
#2492=ORIENTED_EDGE('',*,*,#1891,.T.);
#2493=ORIENTED_EDGE('',*,*,#1889,.F.);
#2494=ORIENTED_EDGE('',*,*,#1892,.T.);
#2495=ORIENTED_EDGE('',*,*,#1893,.F.);
#2496=ORIENTED_EDGE('',*,*,#1894,.F.);
#2497=ORIENTED_EDGE('',*,*,#1895,.F.);
#2498=ORIENTED_EDGE('',*,*,#1896,.F.);
#2499=ORIENTED_EDGE('',*,*,#1897,.F.);
#2500=ORIENTED_EDGE('',*,*,#1898,.F.);
#2501=ORIENTED_EDGE('',*,*,#1899,.F.);
#2502=ORIENTED_EDGE('',*,*,#1900,.F.);
#2503=ORIENTED_EDGE('',*,*,#1901,.F.);
#2504=ORIENTED_EDGE('',*,*,#1902,.T.);
#2505=ORIENTED_EDGE('',*,*,#1903,.F.);
#2506=ORIENTED_EDGE('',*,*,#1904,.F.);
#2507=ORIENTED_EDGE('',*,*,#1905,.T.);
#2508=ORIENTED_EDGE('',*,*,#1906,.T.);
#2509=ORIENTED_EDGE('',*,*,#1907,.T.);
#2510=ORIENTED_EDGE('',*,*,#1903,.T.);
#2511=ORIENTED_EDGE('',*,*,#1906,.F.);
#2512=ORIENTED_EDGE('',*,*,#1908,.F.);
#2513=ORIENTED_EDGE('',*,*,#1909,.F.);
#2514=ORIENTED_EDGE('',*,*,#1910,.F.);
#2515=ORIENTED_EDGE('',*,*,#1726,.T.);
#2516=ORIENTED_EDGE('',*,*,#1879,.T.);
#2517=ORIENTED_EDGE('',*,*,#1911,.T.);
#2518=ORIENTED_EDGE('',*,*,#1912,.T.);
#2519=ORIENTED_EDGE('',*,*,#1720,.T.);
#2520=ORIENTED_EDGE('',*,*,#1913,.T.);
#2521=ORIENTED_EDGE('',*,*,#1914,.T.);
#2522=ORIENTED_EDGE('',*,*,#1915,.T.);
#2523=ORIENTED_EDGE('',*,*,#1912,.F.);
#2524=ORIENTED_EDGE('',*,*,#1916,.F.);
#2525=ORIENTED_EDGE('',*,*,#1913,.F.);
#2526=ORIENTED_EDGE('',*,*,#1719,.T.);
#2527=ORIENTED_EDGE('',*,*,#1917,.F.);
#2528=ORIENTED_EDGE('',*,*,#1742,.F.);
#2529=ORIENTED_EDGE('',*,*,#1745,.F.);
#2530=ORIENTED_EDGE('',*,*,#1918,.F.);
#2531=ORIENTED_EDGE('',*,*,#1712,.F.);
#2532=ORIENTED_EDGE('',*,*,#1716,.F.);
#2533=ORIENTED_EDGE('',*,*,#1737,.F.);
#2534=ORIENTED_EDGE('',*,*,#1739,.F.);
#2535=ORIENTED_EDGE('',*,*,#1740,.F.);
#2536=ORIENTED_EDGE('',*,*,#1727,.T.);
#2537=ORIENTED_EDGE('',*,*,#1759,.T.);
#2538=ORIENTED_EDGE('',*,*,#1870,.T.);
#2539=ORIENTED_EDGE('',*,*,#1919,.T.);
#2540=ORIENTED_EDGE('',*,*,#1920,.T.);
#2541=ORIENTED_EDGE('',*,*,#1753,.T.);
#2542=ORIENTED_EDGE('',*,*,#1921,.T.);
#2543=ORIENTED_EDGE('',*,*,#1922,.T.);
#2544=ORIENTED_EDGE('',*,*,#1923,.T.);
#2545=ORIENTED_EDGE('',*,*,#1920,.F.);
#2546=ORIENTED_EDGE('',*,*,#1924,.T.);
#2547=ORIENTED_EDGE('',*,*,#1921,.F.);
#2548=ORIENTED_EDGE('',*,*,#1752,.T.);
#2549=ORIENTED_EDGE('',*,*,#1769,.F.);
#2550=ORIENTED_EDGE('',*,*,#1764,.F.);
#2551=ORIENTED_EDGE('',*,*,#1767,.T.);
#2552=ORIENTED_EDGE('',*,*,#1747,.F.);
#2553=ORIENTED_EDGE('',*,*,#1775,.F.);
#2554=ORIENTED_EDGE('',*,*,#1780,.F.);
#2555=ORIENTED_EDGE('',*,*,#1782,.F.);
#2556=ORIENTED_EDGE('',*,*,#1783,.F.);
#2557=ORIENTED_EDGE('',*,*,#1771,.F.);
#2558=ORIENTED_EDGE('',*,*,#1760,.T.);
#2559=ORIENTED_EDGE('',*,*,#1735,.T.);
#2560=ORIENTED_EDGE('',*,*,#1743,.F.);
#2561=ORIENTED_EDGE('',*,*,#1917,.T.);
#2562=ORIENTED_EDGE('',*,*,#1718,.T.);
#2563=ORIENTED_EDGE('',*,*,#1925,.F.);
#2564=ORIENTED_EDGE('',*,*,#1670,.F.);
#2565=ORIENTED_EDGE('',*,*,#1926,.F.);
#2566=ORIENTED_EDGE('',*,*,#1927,.F.);
#2567=ORIENTED_EDGE('',*,*,#1656,.F.);
#2568=ORIENTED_EDGE('',*,*,#1668,.F.);
#2569=ORIENTED_EDGE('',*,*,#1928,.F.);
#2570=ORIENTED_EDGE('',*,*,#1644,.F.);
#2571=ORIENTED_EDGE('',*,*,#1929,.F.);
#2572=ORIENTED_EDGE('',*,*,#1930,.F.);
#2573=ORIENTED_EDGE('',*,*,#1650,.F.);
#2574=ORIENTED_EDGE('',*,*,#1931,.F.);
#2575=ORIENTED_EDGE('',*,*,#1878,.T.);
#2576=ORIENTED_EDGE('',*,*,#1876,.F.);
#2577=ORIENTED_EDGE('',*,*,#1874,.T.);
#2578=ORIENTED_EDGE('',*,*,#1871,.F.);
#2579=ORIENTED_EDGE('',*,*,#1932,.T.);
#2580=ORIENTED_EDGE('',*,*,#1914,.F.);
#2581=ORIENTED_EDGE('',*,*,#1916,.T.);
#2582=ORIENTED_EDGE('',*,*,#1911,.F.);
#2583=ORIENTED_EDGE('',*,*,#1933,.F.);
#2584=ORIENTED_EDGE('',*,*,#1869,.T.);
#2585=ORIENTED_EDGE('',*,*,#1867,.F.);
#2586=ORIENTED_EDGE('',*,*,#1865,.T.);
#2587=ORIENTED_EDGE('',*,*,#1862,.F.);
#2588=ORIENTED_EDGE('',*,*,#1934,.T.);
#2589=ORIENTED_EDGE('',*,*,#1922,.F.);
#2590=ORIENTED_EDGE('',*,*,#1924,.F.);
#2591=ORIENTED_EDGE('',*,*,#1919,.F.);
#2592=ORIENTED_EDGE('',*,*,#1893,.T.);
#2593=ORIENTED_EDGE('',*,*,#1935,.T.);
#2594=ORIENTED_EDGE('',*,*,#1936,.F.);
#2595=ORIENTED_EDGE('',*,*,#1937,.T.);
#2596=ORIENTED_EDGE('',*,*,#1938,.F.);
#2597=ORIENTED_EDGE('',*,*,#1939,.F.);
#2598=ORIENTED_EDGE('',*,*,#1690,.F.);
#2599=ORIENTED_EDGE('',*,*,#1940,.F.);
#2600=ORIENTED_EDGE('',*,*,#1941,.F.);
#2601=ORIENTED_EDGE('',*,*,#1676,.T.);
#2602=ORIENTED_EDGE('',*,*,#1688,.F.);
#2603=ORIENTED_EDGE('',*,*,#1942,.F.);
#2604=ORIENTED_EDGE('',*,*,#1632,.F.);
#2605=ORIENTED_EDGE('',*,*,#1943,.F.);
#2606=ORIENTED_EDGE('',*,*,#1944,.F.);
#2607=ORIENTED_EDGE('',*,*,#1638,.T.);
#2608=ORIENTED_EDGE('',*,*,#1945,.F.);
#2609=ORIENTED_EDGE('',*,*,#1910,.T.);
#2610=ORIENTED_EDGE('',*,*,#1946,.T.);
#2611=ORIENTED_EDGE('',*,*,#1947,.T.);
#2612=ORIENTED_EDGE('',*,*,#1890,.F.);
#2613=ORIENTED_EDGE('',*,*,#1904,.T.);
#2614=ORIENTED_EDGE('',*,*,#1907,.F.);
#2615=ORIENTED_EDGE('',*,*,#1860,.T.);
#2616=ORIENTED_EDGE('',*,*,#1858,.F.);
#2617=ORIENTED_EDGE('',*,*,#1856,.T.);
#2618=ORIENTED_EDGE('',*,*,#1853,.F.);
#2619=ORIENTED_EDGE('',*,*,#1948,.T.);
#2620=ORIENTED_EDGE('',*,*,#1881,.F.);
#2621=ORIENTED_EDGE('',*,*,#1886,.F.);
#2622=ORIENTED_EDGE('',*,*,#1887,.F.);
#2623=ORIENTED_EDGE('',*,*,#1949,.F.);
#2624=ORIENTED_EDGE('',*,*,#1809,.T.);
#2625=ORIENTED_EDGE('',*,*,#1817,.T.);
#2626=ORIENTED_EDGE('',*,*,#1883,.T.);
#2627=ORIENTED_EDGE('',*,*,#1792,.T.);
#2628=ORIENTED_EDGE('',*,*,#1950,.T.);
#2629=ORIENTED_EDGE('',*,*,#1951,.F.);
#2630=ORIENTED_EDGE('',*,*,#1952,.F.);
#2631=ORIENTED_EDGE('',*,*,#1953,.F.);
#2632=ORIENTED_EDGE('',*,*,#1954,.F.);
#2633=ORIENTED_EDGE('',*,*,#1955,.F.);
#2634=ORIENTED_EDGE('',*,*,#1935,.F.);
#2635=ORIENTED_EDGE('',*,*,#1892,.F.);
#2636=ORIENTED_EDGE('',*,*,#1888,.F.);
#2637=ORIENTED_EDGE('',*,*,#1956,.T.);
#2638=ORIENTED_EDGE('',*,*,#1957,.T.);
#2639=ORIENTED_EDGE('',*,*,#1908,.T.);
#2640=ORIENTED_EDGE('',*,*,#1905,.F.);
#2641=ORIENTED_EDGE('',*,*,#1902,.F.);
#2642=ORIENTED_EDGE('',*,*,#1958,.F.);
#2643=ORIENTED_EDGE('',*,*,#1950,.F.);
#2644=ORIENTED_EDGE('',*,*,#1959,.F.);
#2645=ORIENTED_EDGE('',*,*,#1960,.F.);
#2646=ORIENTED_EDGE('',*,*,#1958,.T.);
#2647=ORIENTED_EDGE('',*,*,#1901,.T.);
#2648=ORIENTED_EDGE('',*,*,#1961,.T.);
#2649=ORIENTED_EDGE('',*,*,#1951,.T.);
#2650=ORIENTED_EDGE('',*,*,#1894,.T.);
#2651=ORIENTED_EDGE('',*,*,#1938,.T.);
#2652=ORIENTED_EDGE('',*,*,#1962,.T.);
#2653=ORIENTED_EDGE('',*,*,#1963,.F.);
#2654=ORIENTED_EDGE('',*,*,#1895,.T.);
#2655=ORIENTED_EDGE('',*,*,#1963,.T.);
#2656=ORIENTED_EDGE('',*,*,#1964,.T.);
#2657=ORIENTED_EDGE('',*,*,#1965,.F.);
#2658=ORIENTED_EDGE('',*,*,#1966,.F.);
#2659=ORIENTED_EDGE('',*,*,#1967,.F.);
#2660=ORIENTED_EDGE('',*,*,#1968,.F.);
#2661=ORIENTED_EDGE('',*,*,#1959,.T.);
#2662=ORIENTED_EDGE('',*,*,#1954,.T.);
#2663=ORIENTED_EDGE('',*,*,#1969,.F.);
#2664=ORIENTED_EDGE('',*,*,#1970,.T.);
#2665=ORIENTED_EDGE('',*,*,#1971,.T.);
#2666=ORIENTED_EDGE('',*,*,#1651,.F.);
#2667=ORIENTED_EDGE('',*,*,#1930,.T.);
#2668=ORIENTED_EDGE('',*,*,#1972,.F.);
#2669=ORIENTED_EDGE('',*,*,#1704,.T.);
#2670=ORIENTED_EDGE('',*,*,#1652,.F.);
#2671=ORIENTED_EDGE('',*,*,#1971,.F.);
#2672=ORIENTED_EDGE('',*,*,#1973,.T.);
#2673=ORIENTED_EDGE('',*,*,#1933,.T.);
#2674=ORIENTED_EDGE('',*,*,#1974,.T.);
#2675=ORIENTED_EDGE('',*,*,#1975,.T.);
#2676=ORIENTED_EDGE('',*,*,#1974,.F.);
#2677=ORIENTED_EDGE('',*,*,#1975,.F.);
#2678=ORIENTED_EDGE('',*,*,#1976,.T.);
#2679=ORIENTED_EDGE('',*,*,#1977,.T.);
#2680=ORIENTED_EDGE('',*,*,#1976,.F.);
#2681=ORIENTED_EDGE('',*,*,#1944,.T.);
#2682=ORIENTED_EDGE('',*,*,#1978,.F.);
#2683=ORIENTED_EDGE('',*,*,#1979,.T.);
#2684=ORIENTED_EDGE('',*,*,#1639,.F.);
#2685=ORIENTED_EDGE('',*,*,#1979,.F.);
#2686=ORIENTED_EDGE('',*,*,#1980,.T.);
#2687=ORIENTED_EDGE('',*,*,#1698,.T.);
#2688=ORIENTED_EDGE('',*,*,#1640,.F.);
#2689=ORIENTED_EDGE('',*,*,#1949,.T.);
#2690=ORIENTED_EDGE('',*,*,#1981,.T.);
#2691=ORIENTED_EDGE('',*,*,#1982,.T.);
#2692=ORIENTED_EDGE('',*,*,#1981,.F.);
#2693=ORIENTED_EDGE('',*,*,#1982,.F.);
#2694=ORIENTED_EDGE('',*,*,#1983,.T.);
#2695=ORIENTED_EDGE('',*,*,#1984,.T.);
#2696=ORIENTED_EDGE('',*,*,#1983,.F.);
#2697=ORIENTED_EDGE('',*,*,#1927,.T.);
#2698=ORIENTED_EDGE('',*,*,#1985,.F.);
#2699=ORIENTED_EDGE('',*,*,#1986,.T.);
#2700=ORIENTED_EDGE('',*,*,#1657,.F.);
#2701=ORIENTED_EDGE('',*,*,#1661,.T.);
#2702=ORIENTED_EDGE('',*,*,#1707,.T.);
#2703=ORIENTED_EDGE('',*,*,#1987,.F.);
#2704=ORIENTED_EDGE('',*,*,#1985,.T.);
#2705=ORIENTED_EDGE('',*,*,#1926,.T.);
#2706=ORIENTED_EDGE('',*,*,#1669,.F.);
#2707=ORIENTED_EDGE('',*,*,#1941,.T.);
#2708=ORIENTED_EDGE('',*,*,#1988,.F.);
#2709=ORIENTED_EDGE('',*,*,#1989,.T.);
#2710=ORIENTED_EDGE('',*,*,#1677,.F.);
#2711=ORIENTED_EDGE('',*,*,#1681,.T.);
#2712=ORIENTED_EDGE('',*,*,#1709,.T.);
#2713=ORIENTED_EDGE('',*,*,#1990,.F.);
#2714=ORIENTED_EDGE('',*,*,#1988,.T.);
#2715=ORIENTED_EDGE('',*,*,#1940,.T.);
#2716=ORIENTED_EDGE('',*,*,#1689,.F.);
#2717=ORIENTED_EDGE('',*,*,#1986,.F.);
#2718=ORIENTED_EDGE('',*,*,#1987,.T.);
#2719=ORIENTED_EDGE('',*,*,#1706,.T.);
#2720=ORIENTED_EDGE('',*,*,#1658,.F.);
#2721=ORIENTED_EDGE('',*,*,#1697,.T.);
#2722=ORIENTED_EDGE('',*,*,#1699,.T.);
#2723=ORIENTED_EDGE('',*,*,#1980,.F.);
#2724=ORIENTED_EDGE('',*,*,#1978,.T.);
#2725=ORIENTED_EDGE('',*,*,#1943,.T.);
#2726=ORIENTED_EDGE('',*,*,#1631,.F.);
#2727=ORIENTED_EDGE('',*,*,#1989,.F.);
#2728=ORIENTED_EDGE('',*,*,#1990,.T.);
#2729=ORIENTED_EDGE('',*,*,#1708,.T.);
#2730=ORIENTED_EDGE('',*,*,#1678,.F.);
#2731=ORIENTED_EDGE('',*,*,#1683,.F.);
#2732=ORIENTED_EDGE('',*,*,#1693,.F.);
#2733=ORIENTED_EDGE('',*,*,#1991,.F.);
#2734=ORIENTED_EDGE('',*,*,#1685,.T.);
#2735=ORIENTED_EDGE('',*,*,#1703,.T.);
#2736=ORIENTED_EDGE('',*,*,#1705,.T.);
#2737=ORIENTED_EDGE('',*,*,#1973,.F.);
#2738=ORIENTED_EDGE('',*,*,#1972,.T.);
#2739=ORIENTED_EDGE('',*,*,#1929,.T.);
#2740=ORIENTED_EDGE('',*,*,#1643,.F.);
#2741=ORIENTED_EDGE('',*,*,#1663,.F.);
#2742=ORIENTED_EDGE('',*,*,#1673,.F.);
#2743=ORIENTED_EDGE('',*,*,#1992,.F.);
#2744=ORIENTED_EDGE('',*,*,#1665,.T.);
#2745=ORIENTED_EDGE('',*,*,#1647,.F.);
#2746=ORIENTED_EDGE('',*,*,#1993,.F.);
#2747=ORIENTED_EDGE('',*,*,#1994,.T.);
#2748=ORIENTED_EDGE('',*,*,#1700,.F.);
#2749=ORIENTED_EDGE('',*,*,#1995,.F.);
#2750=ORIENTED_EDGE('',*,*,#1996,.T.);
#2751=ORIENTED_EDGE('',*,*,#1997,.F.);
#2752=ORIENTED_EDGE('',*,*,#1823,.T.);
#2753=ORIENTED_EDGE('',*,*,#1826,.T.);
#2754=ORIENTED_EDGE('',*,*,#1998,.F.);
#2755=ORIENTED_EDGE('',*,*,#1999,.T.);
#2756=ORIENTED_EDGE('',*,*,#1995,.T.);
#2757=ORIENTED_EDGE('',*,*,#1825,.T.);
#2758=ORIENTED_EDGE('',*,*,#2000,.F.);
#2759=ORIENTED_EDGE('',*,*,#2001,.T.);
#2760=ORIENTED_EDGE('',*,*,#1998,.T.);
#2761=ORIENTED_EDGE('',*,*,#1824,.T.);
#2762=ORIENTED_EDGE('',*,*,#1821,.F.);
#2763=ORIENTED_EDGE('',*,*,#2001,.F.);
#2764=ORIENTED_EDGE('',*,*,#2002,.F.);
#2765=ORIENTED_EDGE('',*,*,#1996,.F.);
#2766=ORIENTED_EDGE('',*,*,#1999,.F.);
#2767=ORIENTED_EDGE('',*,*,#2003,.F.);
#2768=ORIENTED_EDGE('',*,*,#1850,.T.);
#2769=ORIENTED_EDGE('',*,*,#2004,.T.);
#2770=ORIENTED_EDGE('',*,*,#2005,.T.);
#2771=ORIENTED_EDGE('',*,*,#2006,.T.);
#2772=ORIENTED_EDGE('',*,*,#2007,.T.);
#2773=ORIENTED_EDGE('',*,*,#2006,.F.);
#2774=ORIENTED_EDGE('',*,*,#2008,.T.);
#2775=ORIENTED_EDGE('',*,*,#2009,.T.);
#2776=ORIENTED_EDGE('',*,*,#1849,.T.);
#2777=ORIENTED_EDGE('',*,*,#2010,.T.);
#2778=ORIENTED_EDGE('',*,*,#2011,.T.);
#2779=ORIENTED_EDGE('',*,*,#2012,.T.);
#2780=ORIENTED_EDGE('',*,*,#1848,.T.);
#2781=ORIENTED_EDGE('',*,*,#1997,.T.);
#2782=ORIENTED_EDGE('',*,*,#2002,.T.);
#2783=ORIENTED_EDGE('',*,*,#2000,.T.);
#2784=ORIENTED_EDGE('',*,*,#1851,.T.);
#2785=ORIENTED_EDGE('',*,*,#2013,.T.);
#2786=ORIENTED_EDGE('',*,*,#2014,.T.);
#2787=ORIENTED_EDGE('',*,*,#2015,.T.);
#2788=ORIENTED_EDGE('',*,*,#2016,.F.);
#2789=ORIENTED_EDGE('',*,*,#2017,.T.);
#2790=ORIENTED_EDGE('',*,*,#2010,.F.);
#2791=ORIENTED_EDGE('',*,*,#1837,.T.);
#2792=ORIENTED_EDGE('',*,*,#1840,.T.);
#2793=ORIENTED_EDGE('',*,*,#2018,.F.);
#2794=ORIENTED_EDGE('',*,*,#2019,.T.);
#2795=ORIENTED_EDGE('',*,*,#2016,.T.);
#2796=ORIENTED_EDGE('',*,*,#1839,.T.);
#2797=ORIENTED_EDGE('',*,*,#2012,.F.);
#2798=ORIENTED_EDGE('',*,*,#2020,.T.);
#2799=ORIENTED_EDGE('',*,*,#2018,.T.);
#2800=ORIENTED_EDGE('',*,*,#1838,.T.);
#2801=ORIENTED_EDGE('',*,*,#1835,.F.);
#2802=ORIENTED_EDGE('',*,*,#2020,.F.);
#2803=ORIENTED_EDGE('',*,*,#2011,.F.);
#2804=ORIENTED_EDGE('',*,*,#2017,.F.);
#2805=ORIENTED_EDGE('',*,*,#2019,.F.);
#2806=ORIENTED_EDGE('',*,*,#2021,.F.);
#2807=ORIENTED_EDGE('',*,*,#2022,.F.);
#2808=ORIENTED_EDGE('',*,*,#2023,.T.);
#2809=ORIENTED_EDGE('',*,*,#2004,.F.);
#2810=ORIENTED_EDGE('',*,*,#1844,.T.);
#2811=ORIENTED_EDGE('',*,*,#1846,.T.);
#2812=ORIENTED_EDGE('',*,*,#2024,.F.);
#2813=ORIENTED_EDGE('',*,*,#2025,.T.);
#2814=ORIENTED_EDGE('',*,*,#2022,.T.);
#2815=ORIENTED_EDGE('',*,*,#1845,.T.);
#2816=ORIENTED_EDGE('',*,*,#2009,.F.);
#2817=ORIENTED_EDGE('',*,*,#2026,.T.);
#2818=ORIENTED_EDGE('',*,*,#2024,.T.);
#2819=ORIENTED_EDGE('',*,*,#1847,.T.);
#2820=ORIENTED_EDGE('',*,*,#1842,.F.);
#2821=ORIENTED_EDGE('',*,*,#2026,.F.);
#2822=ORIENTED_EDGE('',*,*,#2008,.F.);
#2823=ORIENTED_EDGE('',*,*,#2005,.F.);
#2824=ORIENTED_EDGE('',*,*,#2023,.F.);
#2825=ORIENTED_EDGE('',*,*,#2025,.F.);
#2826=ORIENTED_EDGE('',*,*,#2027,.F.);
#2827=ORIENTED_EDGE('',*,*,#2028,.F.);
#2828=ORIENTED_EDGE('',*,*,#2029,.T.);
#2829=ORIENTED_EDGE('',*,*,#2013,.F.);
#2830=ORIENTED_EDGE('',*,*,#1830,.T.);
#2831=ORIENTED_EDGE('',*,*,#1833,.T.);
#2832=ORIENTED_EDGE('',*,*,#2030,.F.);
#2833=ORIENTED_EDGE('',*,*,#2031,.T.);
#2834=ORIENTED_EDGE('',*,*,#2028,.T.);
#2835=ORIENTED_EDGE('',*,*,#1832,.T.);
#2836=ORIENTED_EDGE('',*,*,#2015,.F.);
#2837=ORIENTED_EDGE('',*,*,#2032,.T.);
#2838=ORIENTED_EDGE('',*,*,#2030,.T.);
#2839=ORIENTED_EDGE('',*,*,#1831,.T.);
#2840=ORIENTED_EDGE('',*,*,#1828,.F.);
#2841=ORIENTED_EDGE('',*,*,#2032,.F.);
#2842=ORIENTED_EDGE('',*,*,#2014,.F.);
#2843=ORIENTED_EDGE('',*,*,#2029,.F.);
#2844=ORIENTED_EDGE('',*,*,#2031,.F.);
#2845=ORIENTED_EDGE('',*,*,#2033,.F.);
#2846=ORIENTED_EDGE('',*,*,#2034,.F.);
#2847=ORIENTED_EDGE('',*,*,#2035,.T.);
#2848=ORIENTED_EDGE('',*,*,#2036,.F.);
#2849=ORIENTED_EDGE('',*,*,#2037,.F.);
#2850=ORIENTED_EDGE('',*,*,#2038,.F.);
#2851=ORIENTED_EDGE('',*,*,#2036,.T.);
#2852=ORIENTED_EDGE('',*,*,#2039,.T.);
#2853=ORIENTED_EDGE('',*,*,#2040,.F.);
#2854=ORIENTED_EDGE('',*,*,#2041,.F.);
#2855=ORIENTED_EDGE('',*,*,#2042,.F.);
#2856=ORIENTED_EDGE('',*,*,#2040,.T.);
#2857=ORIENTED_EDGE('',*,*,#2043,.T.);
#2858=ORIENTED_EDGE('',*,*,#2044,.F.);
#2859=ORIENTED_EDGE('',*,*,#2045,.F.);
#2860=ORIENTED_EDGE('',*,*,#2039,.F.);
#2861=ORIENTED_EDGE('',*,*,#2035,.F.);
#2862=ORIENTED_EDGE('',*,*,#2046,.F.);
#2863=ORIENTED_EDGE('',*,*,#2047,.T.);
#2864=ORIENTED_EDGE('',*,*,#2043,.F.);
#2865=ORIENTED_EDGE('',*,*,#2047,.F.);
#2866=ORIENTED_EDGE('',*,*,#2048,.F.);
#2867=ORIENTED_EDGE('',*,*,#2049,.T.);
#2868=ORIENTED_EDGE('',*,*,#2050,.F.);
#2869=ORIENTED_EDGE('',*,*,#2051,.F.);
#2870=ORIENTED_EDGE('',*,*,#2044,.T.);
#2871=ORIENTED_EDGE('',*,*,#2049,.F.);
#2872=ORIENTED_EDGE('',*,*,#2041,.T.);
#2873=ORIENTED_EDGE('',*,*,#2042,.T.);
#2874=ORIENTED_EDGE('',*,*,#2052,.F.);
#2875=ORIENTED_EDGE('',*,*,#2053,.F.);
#2876=ORIENTED_EDGE('',*,*,#2037,.T.);
#2877=ORIENTED_EDGE('',*,*,#2038,.T.);
#2878=ORIENTED_EDGE('',*,*,#2053,.T.);
#2879=ORIENTED_EDGE('',*,*,#2054,.T.);
#2880=ORIENTED_EDGE('',*,*,#2055,.T.);
#2881=ORIENTED_EDGE('',*,*,#2054,.F.);
#2882=ORIENTED_EDGE('',*,*,#2052,.T.);
#2883=ORIENTED_EDGE('',*,*,#2045,.T.);
#2884=ORIENTED_EDGE('',*,*,#2051,.T.);
#2885=ORIENTED_EDGE('',*,*,#2056,.T.);
#2886=ORIENTED_EDGE('',*,*,#2057,.T.);
#2887=ORIENTED_EDGE('',*,*,#2058,.T.);
#2888=ORIENTED_EDGE('',*,*,#2059,.T.);
#2889=ORIENTED_EDGE('',*,*,#2060,.T.);
#2890=ORIENTED_EDGE('',*,*,#2061,.T.);
#2891=ORIENTED_EDGE('',*,*,#2062,.T.);
#2892=ORIENTED_EDGE('',*,*,#2063,.F.);
#2893=ORIENTED_EDGE('',*,*,#2064,.T.);
#2894=ORIENTED_EDGE('',*,*,#2065,.F.);
#2895=ORIENTED_EDGE('',*,*,#2057,.F.);
#2896=ORIENTED_EDGE('',*,*,#2058,.F.);
#2897=ORIENTED_EDGE('',*,*,#2065,.T.);
#2898=ORIENTED_EDGE('',*,*,#2066,.T.);
#2899=ORIENTED_EDGE('',*,*,#2067,.F.);
#2900=ORIENTED_EDGE('',*,*,#2068,.F.);
#2901=ORIENTED_EDGE('',*,*,#2069,.F.);
#2902=ORIENTED_EDGE('',*,*,#2067,.T.);
#2903=ORIENTED_EDGE('',*,*,#2070,.T.);
#2904=ORIENTED_EDGE('',*,*,#2071,.F.);
#2905=ORIENTED_EDGE('',*,*,#2060,.F.);
#2906=ORIENTED_EDGE('',*,*,#2066,.F.);
#2907=ORIENTED_EDGE('',*,*,#2064,.F.);
#2908=ORIENTED_EDGE('',*,*,#2072,.F.);
#2909=ORIENTED_EDGE('',*,*,#2073,.T.);
#2910=ORIENTED_EDGE('',*,*,#2070,.F.);
#2911=ORIENTED_EDGE('',*,*,#2073,.F.);
#2912=ORIENTED_EDGE('',*,*,#2074,.F.);
#2913=ORIENTED_EDGE('',*,*,#2075,.T.);
#2914=ORIENTED_EDGE('',*,*,#2076,.F.);
#2915=ORIENTED_EDGE('',*,*,#2061,.F.);
#2916=ORIENTED_EDGE('',*,*,#2071,.T.);
#2917=ORIENTED_EDGE('',*,*,#2075,.F.);
#2918=ORIENTED_EDGE('',*,*,#2068,.T.);
#2919=ORIENTED_EDGE('',*,*,#2069,.T.);
#2920=ORIENTED_EDGE('',*,*,#2059,.F.);
#2921=ORIENTED_EDGE('',*,*,#2077,.F.);
#2922=ORIENTED_EDGE('',*,*,#1969,.T.);
#2923=ORIENTED_EDGE('',*,*,#1953,.T.);
#2924=ORIENTED_EDGE('',*,*,#2078,.F.);
#2925=ORIENTED_EDGE('',*,*,#1899,.T.);
#2926=ORIENTED_EDGE('',*,*,#1900,.T.);
#2927=ORIENTED_EDGE('',*,*,#2078,.T.);
#2928=ORIENTED_EDGE('',*,*,#1952,.T.);
#2929=ORIENTED_EDGE('',*,*,#1961,.F.);
#2930=ORIENTED_EDGE('',*,*,#2079,.T.);
#2931=ORIENTED_EDGE('',*,*,#1965,.T.);
#2932=ORIENTED_EDGE('',*,*,#2080,.T.);
#2933=ORIENTED_EDGE('',*,*,#1936,.T.);
#2934=ORIENTED_EDGE('',*,*,#1937,.F.);
#2935=ORIENTED_EDGE('',*,*,#2080,.F.);
#2936=ORIENTED_EDGE('',*,*,#1964,.F.);
#2937=ORIENTED_EDGE('',*,*,#1962,.F.);
#2938=ORIENTED_EDGE('',*,*,#1855,.F.);
#2939=ORIENTED_EDGE('',*,*,#1795,.F.);
#2940=ORIENTED_EDGE('',*,*,#1882,.F.);
#2941=ORIENTED_EDGE('',*,*,#1948,.F.);
#2942=ORIENTED_EDGE('',*,*,#1891,.F.);
#2943=ORIENTED_EDGE('',*,*,#1947,.F.);
#2944=ORIENTED_EDGE('',*,*,#2081,.T.);
#2945=ORIENTED_EDGE('',*,*,#1956,.F.);
#2946=ORIENTED_EDGE('',*,*,#1946,.F.);
#2947=ORIENTED_EDGE('',*,*,#1909,.T.);
#2948=ORIENTED_EDGE('',*,*,#1957,.F.);
#2949=ORIENTED_EDGE('',*,*,#2081,.F.);
#2950=ORIENTED_EDGE('',*,*,#2077,.T.);
#2951=ORIENTED_EDGE('',*,*,#1898,.T.);
#2952=ORIENTED_EDGE('',*,*,#2082,.F.);
#2953=ORIENTED_EDGE('',*,*,#1970,.F.);
#2954=ORIENTED_EDGE('',*,*,#1939,.T.);
#2955=ORIENTED_EDGE('',*,*,#2083,.F.);
#2956=ORIENTED_EDGE('',*,*,#2084,.F.);
#2957=ORIENTED_EDGE('',*,*,#1691,.T.);
#2958=ORIENTED_EDGE('',*,*,#2085,.F.);
#2959=ORIENTED_EDGE('',*,*,#1896,.T.);
#2960=ORIENTED_EDGE('',*,*,#1966,.T.);
#2961=ORIENTED_EDGE('',*,*,#2086,.T.);
#2962=ORIENTED_EDGE('',*,*,#1942,.T.);
#2963=ORIENTED_EDGE('',*,*,#1687,.F.);
#2964=ORIENTED_EDGE('',*,*,#2087,.F.);
#2965=ORIENTED_EDGE('',*,*,#1633,.T.);
#2966=ORIENTED_EDGE('',*,*,#1955,.T.);
#2967=ORIENTED_EDGE('',*,*,#2088,.T.);
#2968=ORIENTED_EDGE('',*,*,#2089,.F.);
#2969=ORIENTED_EDGE('',*,*,#2086,.F.);
#2970=ORIENTED_EDGE('',*,*,#2079,.F.);
#2971=ORIENTED_EDGE('',*,*,#1960,.T.);
#2972=ORIENTED_EDGE('',*,*,#1968,.T.);
#2973=ORIENTED_EDGE('',*,*,#2090,.F.);
#2974=ORIENTED_EDGE('',*,*,#2088,.F.);
#2975=ORIENTED_EDGE('',*,*,#1873,.F.);
#2976=ORIENTED_EDGE('',*,*,#1721,.F.);
#2977=ORIENTED_EDGE('',*,*,#1915,.F.);
#2978=ORIENTED_EDGE('',*,*,#1932,.F.);
#2979=ORIENTED_EDGE('',*,*,#1864,.F.);
#2980=ORIENTED_EDGE('',*,*,#1754,.F.);
#2981=ORIENTED_EDGE('',*,*,#1923,.F.);
#2982=ORIENTED_EDGE('',*,*,#1934,.F.);
#2983=ORIENTED_EDGE('',*,*,#1732,.F.);
#2984=ORIENTED_EDGE('',*,*,#1713,.F.);
#2985=ORIENTED_EDGE('',*,*,#1918,.T.);
#2986=ORIENTED_EDGE('',*,*,#1744,.T.);
#2987=ORIENTED_EDGE('',*,*,#1928,.T.);
#2988=ORIENTED_EDGE('',*,*,#1667,.F.);
#2989=ORIENTED_EDGE('',*,*,#2091,.F.);
#2990=ORIENTED_EDGE('',*,*,#1645,.T.);
#2991=ORIENTED_EDGE('',*,*,#1925,.T.);
#2992=ORIENTED_EDGE('',*,*,#2092,.F.);
#2993=ORIENTED_EDGE('',*,*,#2093,.F.);
#2994=ORIENTED_EDGE('',*,*,#1671,.T.);
#2995=ORIENTED_EDGE('',*,*,#1701,.T.);
#2996=ORIENTED_EDGE('',*,*,#1994,.F.);
#2997=ORIENTED_EDGE('',*,*,#2094,.F.);
#2998=ORIENTED_EDGE('',*,*,#2092,.T.);
#2999=ORIENTED_EDGE('',*,*,#1931,.T.);
#3000=ORIENTED_EDGE('',*,*,#1649,.F.);
#3001=ORIENTED_EDGE('',*,*,#1977,.F.);
#3002=ORIENTED_EDGE('',*,*,#1984,.F.);
#3003=ORIENTED_EDGE('',*,*,#1897,.T.);
#3004=ORIENTED_EDGE('',*,*,#2085,.T.);
#3005=ORIENTED_EDGE('',*,*,#2089,.T.);
#3006=ORIENTED_EDGE('',*,*,#2090,.T.);
#3007=ORIENTED_EDGE('',*,*,#1967,.T.);
#3008=ORIENTED_EDGE('',*,*,#2082,.T.);
#3009=ORIENTED_EDGE('',*,*,#1635,.F.);
#3010=ORIENTED_EDGE('',*,*,#2095,.F.);
#3011=ORIENTED_EDGE('',*,*,#2096,.T.);
#3012=ORIENTED_EDGE('',*,*,#1694,.F.);
#3013=ORIENTED_EDGE('',*,*,#1695,.T.);
#3014=ORIENTED_EDGE('',*,*,#2096,.F.);
#3015=ORIENTED_EDGE('',*,*,#2097,.F.);
#3016=ORIENTED_EDGE('',*,*,#2083,.T.);
#3017=ORIENTED_EDGE('',*,*,#1945,.T.);
#3018=ORIENTED_EDGE('',*,*,#1637,.F.);
#3019=ORIENTED_EDGE('',*,*,#1818,.T.);
#3020=ORIENTED_EDGE('',*,*,#1806,.T.);
#3021=ORIENTED_EDGE('',*,*,#1787,.F.);
#3022=ORIENTED_EDGE('',*,*,#1884,.T.);
#3023=ORIENTED_EDGE('',*,*,#2098,.T.);
#3024=ORIENTED_EDGE('',*,*,#2099,.T.);
#3025=ORIENTED_EDGE('',*,*,#2100,.T.);
#3026=ORIENTED_EDGE('',*,*,#2099,.F.);
#3027=ORIENTED_EDGE('',*,*,#2100,.F.);
#3028=ORIENTED_EDGE('',*,*,#2101,.F.);
#3029=ORIENTED_EDGE('',*,*,#2098,.F.);
#3030=ORIENTED_EDGE('',*,*,#2102,.T.);
#3031=ORIENTED_EDGE('',*,*,#2055,.F.);
#3032=ORIENTED_EDGE('',*,*,#2102,.F.);
#3033=ORIENTED_EDGE('',*,*,#2103,.T.);
#3034=ORIENTED_EDGE('',*,*,#2104,.T.);
#3035=ORIENTED_EDGE('',*,*,#2105,.T.);
#3036=ORIENTED_EDGE('',*,*,#2104,.F.);
#3037=ORIENTED_EDGE('',*,*,#2105,.F.);
#3038=ORIENTED_EDGE('',*,*,#2106,.T.);
#3039=ORIENTED_EDGE('',*,*,#2101,.T.);
#3040=ORIENTED_EDGE('',*,*,#2106,.F.);
#3041=ORIENTED_EDGE('',*,*,#2103,.F.);
#3042=ORIENTED_EDGE('',*,*,#2107,.T.);
#3043=ORIENTED_EDGE('',*,*,#2034,.T.);
#3044=ORIENTED_EDGE('',*,*,#2062,.F.);
#3045=ORIENTED_EDGE('',*,*,#2076,.T.);
#3046=ORIENTED_EDGE('',*,*,#2074,.T.);
#3047=ORIENTED_EDGE('',*,*,#2072,.T.);
#3048=ORIENTED_EDGE('',*,*,#2063,.T.);
#3049=ORIENTED_EDGE('',*,*,#2056,.F.);
#3050=ORIENTED_EDGE('',*,*,#2050,.T.);
#3051=ORIENTED_EDGE('',*,*,#2048,.T.);
#3052=ORIENTED_EDGE('',*,*,#2046,.T.);
#3053=ORIENTED_EDGE('',*,*,#1992,.T.);
#3054=ORIENTED_EDGE('',*,*,#1672,.T.);
#3055=ORIENTED_EDGE('',*,*,#2093,.T.);
#3056=ORIENTED_EDGE('',*,*,#2094,.T.);
#3057=ORIENTED_EDGE('',*,*,#1993,.T.);
#3058=ORIENTED_EDGE('',*,*,#1646,.T.);
#3059=ORIENTED_EDGE('',*,*,#2091,.T.);
#3060=ORIENTED_EDGE('',*,*,#1666,.T.);
#3061=ORIENTED_EDGE('',*,*,#2108,.T.);
#3062=ORIENTED_EDGE('',*,*,#1991,.T.);
#3063=ORIENTED_EDGE('',*,*,#1692,.T.);
#3064=ORIENTED_EDGE('',*,*,#2084,.T.);
#3065=ORIENTED_EDGE('',*,*,#2097,.T.);
#3066=ORIENTED_EDGE('',*,*,#2095,.T.);
#3067=ORIENTED_EDGE('',*,*,#1634,.T.);
#3068=ORIENTED_EDGE('',*,*,#2087,.T.);
#3069=ORIENTED_EDGE('',*,*,#1686,.T.);
#3070=ORIENTED_EDGE('',*,*,#2109,.F.);
#3071=ORIENTED_EDGE('',*,*,#2110,.T.);
#3072=ORIENTED_EDGE('',*,*,#2033,.T.);
#3073=ORIENTED_EDGE('',*,*,#2110,.F.);
#3074=ORIENTED_EDGE('',*,*,#2111,.F.);
#3075=ORIENTED_EDGE('',*,*,#2112,.T.);
#3076=ORIENTED_EDGE('',*,*,#2003,.T.);
#3077=ORIENTED_EDGE('',*,*,#2112,.F.);
#3078=ORIENTED_EDGE('',*,*,#2113,.F.);
#3079=ORIENTED_EDGE('',*,*,#2114,.T.);
#3080=ORIENTED_EDGE('',*,*,#2021,.T.);
#3081=ORIENTED_EDGE('',*,*,#2114,.F.);
#3082=ORIENTED_EDGE('',*,*,#2115,.F.);
#3083=ORIENTED_EDGE('',*,*,#2116,.T.);
#3084=ORIENTED_EDGE('',*,*,#2027,.T.);
#3085=ORIENTED_EDGE('',*,*,#2116,.F.);
#3086=ORIENTED_EDGE('',*,*,#1852,.F.);
#3087=ORIENTED_EDGE('',*,*,#2117,.T.);
#3088=ORIENTED_EDGE('',*,*,#2107,.F.);
#3089=ORIENTED_EDGE('',*,*,#2117,.F.);
#3090=ORIENTED_EDGE('',*,*,#2108,.F.);
#3091=ORIENTED_EDGE('',*,*,#2118,.T.);
#3092=ORIENTED_EDGE('',*,*,#2119,.F.);
#3093=ORIENTED_EDGE('',*,*,#2118,.F.);
#3094=ORIENTED_EDGE('',*,*,#2119,.T.);
#3095=ORIENTED_EDGE('',*,*,#2007,.F.);
#3096=ORIENTED_EDGE('',*,*,#2113,.T.);
#3097=ORIENTED_EDGE('',*,*,#2111,.T.);
#3098=ORIENTED_EDGE('',*,*,#2115,.T.);
#3099=ORIENTED_EDGE('',*,*,#2109,.T.);
#3100=CYLINDRICAL_SURFACE('',#3364,2.99999999999997);
#3101=CYLINDRICAL_SURFACE('',#3369,2.99999999999999);
#3102=CYLINDRICAL_SURFACE('',#3378,3.);
#3103=CYLINDRICAL_SURFACE('',#3381,3.00000000000017);
#3104=CYLINDRICAL_SURFACE('',#3388,3.00000000000002);
#3105=CYLINDRICAL_SURFACE('',#3391,3.00000000000001);
#3106=CYLINDRICAL_SURFACE('',#3405,81.5);
#3107=CYLINDRICAL_SURFACE('',#3419,84.5000000000003);
#3108=CYLINDRICAL_SURFACE('',#3422,61.9216122438333);
#3109=CYLINDRICAL_SURFACE('',#3427,81.5);
#3110=CYLINDRICAL_SURFACE('',#3439,84.5000000000003);
#3111=CYLINDRICAL_SURFACE('',#3449,63.5);
#3112=CYLINDRICAL_SURFACE('',#3453,61.9216122438333);
#3113=CYLINDRICAL_SURFACE('',#3457,81.5000000000003);
#3114=CYLINDRICAL_SURFACE('',#3471,84.5000000000003);
#3115=CYLINDRICAL_SURFACE('',#3474,61.9216122438333);
#3116=CYLINDRICAL_SURFACE('',#3479,47.6);
#3117=CYLINDRICAL_SURFACE('',#3483,47.6);
#3118=CYLINDRICAL_SURFACE('',#3487,47.6);
#3119=CYLINDRICAL_SURFACE('',#3491,47.6);
#3120=CYLINDRICAL_SURFACE('',#3501,2.);
#3121=CYLINDRICAL_SURFACE('',#3504,2.);
#3122=CYLINDRICAL_SURFACE('',#3506,79.5);
#3123=CYLINDRICAL_SURFACE('',#3508,2.);
#3124=CYLINDRICAL_SURFACE('',#3511,2.);
#3125=CYLINDRICAL_SURFACE('',#3513,66.5);
#3126=CYLINDRICAL_SURFACE('',#3515,2.);
#3127=CYLINDRICAL_SURFACE('',#3518,2.);
#3128=CYLINDRICAL_SURFACE('',#3520,79.5);
#3129=CYLINDRICAL_SURFACE('',#3522,2.);
#3130=CYLINDRICAL_SURFACE('',#3525,2.);
#3131=CYLINDRICAL_SURFACE('',#3527,2.);
#3132=CYLINDRICAL_SURFACE('',#3531,2.);
#3133=CYLINDRICAL_SURFACE('',#3534,66.5);
#3134=CYLINDRICAL_SURFACE('',#3537,2.);
#3135=CYLINDRICAL_SURFACE('',#3539,2.);
#3136=CYLINDRICAL_SURFACE('',#3542,2.);
#3137=CYLINDRICAL_SURFACE('',#3544,2.);
#3138=CYLINDRICAL_SURFACE('',#3575,84.5000000000003);
#3139=CYLINDRICAL_SURFACE('',#3580,3.);
#3140=CYLINDRICAL_SURFACE('',#3586,2.325);
#3141=CYLINDRICAL_SURFACE('',#3592,2.325);
#3142=CYLINDRICAL_SURFACE('',#3611,47.6);
#3143=CYLINDRICAL_SURFACE('',#3656,61.9216122438333);
#3144=CYLINDRICAL_SURFACE('',#3657,81.5000000000003);
#3145=CYLINDRICAL_SURFACE('',#3659,66.5);
#3146=CYLINDRICAL_SURFACE('',#3660,79.5);
#3147=CYLINDRICAL_SURFACE('',#3662,63.5);
#3148=CYLINDRICAL_SURFACE('',#3664,63.5);
#3149=CYLINDRICAL_SURFACE('',#3666,81.5000000000003);
#3150=CYLINDRICAL_SURFACE('',#3668,81.5000000000003);
#3151=CYLINDRICAL_SURFACE('',#3670,2.99999999999997);
#3152=CYLINDRICAL_SURFACE('',#3673,66.5);
#3153=CYLINDRICAL_SURFACE('',#3674,79.5);
#3154=CYLINDRICAL_SURFACE('',#3675,63.5);
#3155=CYLINDRICAL_SURFACE('',#3676,63.5);
#3156=CYLINDRICAL_SURFACE('',#3678,81.5);
#3157=CYLINDRICAL_SURFACE('',#3680,3.);
#3158=CYLINDRICAL_SURFACE('',#3686,3.);
#3159=CYLINDRICAL_SURFACE('',#3688,63.5);
#3160=CYLINDRICAL_SURFACE('',#3694,87.5);
#3161=CYLINDRICAL_SURFACE('',#3698,44.);
#3162=CYLINDRICAL_SURFACE('',#3703,2.75);
#3163=CYLINDRICAL_SURFACE('',#3705,2.75);
#3164=CYLINDRICAL_SURFACE('',#3707,2.75);
#3165=CYLINDRICAL_SURFACE('',#3709,2.75);
#3166=CYLINDRICAL_SURFACE('',#3711,33.);
#3167=CYLINDRICAL_SURFACE('',#3712,60.5);
#3168=ADVANCED_FACE('',(#187),#3100,.F.);
#3169=ADVANCED_FACE('',(#188),#94,.F.);
#3170=ADVANCED_FACE('',(#189),#3101,.F.);
#3171=ADVANCED_FACE('',(#190),#95,.F.);
#3172=ADVANCED_FACE('',(#191),#96,.F.);
#3173=ADVANCED_FACE('',(#192),#97,.T.);
#3174=ADVANCED_FACE('',(#193),#3102,.F.);
#3175=ADVANCED_FACE('',(#194),#3103,.F.);
#3176=ADVANCED_FACE('',(#195),#98,.F.);
#3177=ADVANCED_FACE('',(#196),#99,.T.);
#3178=ADVANCED_FACE('',(#197),#3104,.F.);
#3179=ADVANCED_FACE('',(#198),#3105,.F.);
#3180=ADVANCED_FACE('',(#199),#100,.T.);
#3181=ADVANCED_FACE('',(#200),#101,.F.);
#3182=ADVANCED_FACE('',(#201),#102,.T.);
#3183=ADVANCED_FACE('',(#202),#103,.F.);
#3184=ADVANCED_FACE('',(#203),#104,.F.);
#3185=ADVANCED_FACE('',(#204),#105,.F.);
#3186=ADVANCED_FACE('',(#205),#106,.F.);
#3187=ADVANCED_FACE('',(#206),#3106,.F.);
#3188=ADVANCED_FACE('',(#207),#107,.F.);
#3189=ADVANCED_FACE('',(#208),#108,.F.);
#3190=ADVANCED_FACE('',(#209),#37,.F.);
#3191=ADVANCED_FACE('',(#210),#3107,.F.);
#3192=ADVANCED_FACE('',(#211),#38,.F.);
#3193=ADVANCED_FACE('',(#212),#3108,.T.);
#3194=ADVANCED_FACE('',(#213),#39,.T.);
#3195=ADVANCED_FACE('',(#214),#3109,.F.);
#3196=ADVANCED_FACE('',(#215),#109,.F.);
#3197=ADVANCED_FACE('',(#216),#3110,.F.);
#3198=ADVANCED_FACE('',(#217),#40,.F.);
#3199=ADVANCED_FACE('',(#218),#41,.F.);
#3200=ADVANCED_FACE('',(#219),#42,.T.);
#3201=ADVANCED_FACE('',(#220),#110,.F.);
#3202=ADVANCED_FACE('',(#221),#111,.F.);
#3203=ADVANCED_FACE('',(#222),#3111,.T.);
#3204=ADVANCED_FACE('',(#223),#43,.T.);
#3205=ADVANCED_FACE('',(#224),#3112,.T.);
#3206=ADVANCED_FACE('',(#225),#112,.F.);
#3207=ADVANCED_FACE('',(#226),#3113,.F.);
#3208=ADVANCED_FACE('',(#227),#113,.F.);
#3209=ADVANCED_FACE('',(#228),#114,.F.);
#3210=ADVANCED_FACE('',(#229),#44,.F.);
#3211=ADVANCED_FACE('',(#230),#3114,.F.);
#3212=ADVANCED_FACE('',(#231),#45,.F.);
#3213=ADVANCED_FACE('',(#232),#3115,.T.);
#3214=ADVANCED_FACE('',(#233),#46,.T.);
#3215=ADVANCED_FACE('',(#234),#3116,.T.);
#3216=ADVANCED_FACE('',(#235),#115,.T.);
#3217=ADVANCED_FACE('',(#236),#3117,.T.);
#3218=ADVANCED_FACE('',(#237),#116,.T.);
#3219=ADVANCED_FACE('',(#238),#3118,.T.);
#3220=ADVANCED_FACE('',(#239),#117,.T.);
#3221=ADVANCED_FACE('',(#240),#3119,.T.);
#3222=ADVANCED_FACE('',(#241),#118,.T.);
#3223=ADVANCED_FACE('',(#242,#16),#119,.F.);
#3224=ADVANCED_FACE('',(#243),#3120,.F.);
#3225=ADVANCED_FACE('',(#244),#120,.T.);
#3226=ADVANCED_FACE('',(#245),#3121,.F.);
#3227=ADVANCED_FACE('',(#246),#3122,.F.);
#3228=ADVANCED_FACE('',(#247),#3123,.F.);
#3229=ADVANCED_FACE('',(#248),#121,.T.);
#3230=ADVANCED_FACE('',(#249),#3124,.F.);
#3231=ADVANCED_FACE('',(#250),#3125,.T.);
#3232=ADVANCED_FACE('',(#251),#3126,.F.);
#3233=ADVANCED_FACE('',(#252),#122,.T.);
#3234=ADVANCED_FACE('',(#253),#3127,.F.);
#3235=ADVANCED_FACE('',(#254),#3128,.F.);
#3236=ADVANCED_FACE('',(#255),#3129,.F.);
#3237=ADVANCED_FACE('',(#256),#123,.T.);
#3238=ADVANCED_FACE('',(#257),#3130,.F.);
#3239=ADVANCED_FACE('',(#258),#3131,.F.);
#3240=ADVANCED_FACE('',(#259),#124,.T.);
#3241=ADVANCED_FACE('',(#260),#3132,.F.);
#3242=ADVANCED_FACE('',(#261),#3133,.T.);
#3243=ADVANCED_FACE('',(#262),#3134,.F.);
#3244=ADVANCED_FACE('',(#263),#3135,.F.);
#3245=ADVANCED_FACE('',(#264),#125,.T.);
#3246=ADVANCED_FACE('',(#265),#3136,.F.);
#3247=ADVANCED_FACE('',(#266),#3137,.F.);
#3248=ADVANCED_FACE('',(#267),#126,.T.);
#3249=ADVANCED_FACE('',(#268),#47,.T.);
#3250=ADVANCED_FACE('',(#269,#17,#18,#19),#127,.F.);
#3251=ADVANCED_FACE('',(#270),#48,.F.);
#3252=ADVANCED_FACE('',(#271,#20,#21,#22),#128,.F.);
#3253=ADVANCED_FACE('',(#272),#49,.T.);
#3254=ADVANCED_FACE('',(#273),#129,.F.);
#3255=ADVANCED_FACE('',(#274),#130,.F.);
#3256=ADVANCED_FACE('',(#275),#50,.T.);
#3257=ADVANCED_FACE('',(#276),#3138,.F.);
#3258=ADVANCED_FACE('',(#277),#51,.F.);
#3259=ADVANCED_FACE('',(#278),#3139,.F.);
#3260=ADVANCED_FACE('',(#279),#131,.T.);
#3261=ADVANCED_FACE('',(#280),#132,.F.);
#3262=ADVANCED_FACE('',(#281),#52,.F.);
#3263=ADVANCED_FACE('',(#282),#3140,.F.);
#3264=ADVANCED_FACE('',(#283),#133,.T.);
#3265=ADVANCED_FACE('',(#284),#134,.F.);
#3266=ADVANCED_FACE('',(#285),#53,.F.);
#3267=ADVANCED_FACE('',(#286),#3141,.F.);
#3268=ADVANCED_FACE('',(#287),#135,.T.);
#3269=ADVANCED_FACE('',(#288),#136,.F.);
#3270=ADVANCED_FACE('',(#289),#137,.T.);
#3271=ADVANCED_FACE('',(#290),#138,.F.);
#3272=ADVANCED_FACE('',(#291),#139,.F.);
#3273=ADVANCED_FACE('',(#292),#140,.F.);
#3274=ADVANCED_FACE('',(#293),#141,.F.);
#3275=ADVANCED_FACE('',(#294),#142,.F.);
#3276=ADVANCED_FACE('',(#295),#143,.F.);
#3277=ADVANCED_FACE('',(#296),#144,.F.);
#3278=ADVANCED_FACE('',(#297),#145,.F.);
#3279=ADVANCED_FACE('',(#298),#146,.F.);
#3280=ADVANCED_FACE('',(#299),#147,.F.);
#3281=ADVANCED_FACE('',(#300),#148,.F.);
#3282=ADVANCED_FACE('',(#301,#23),#149,.F.);
#3283=ADVANCED_FACE('',(#302),#3142,.F.);
#3284=ADVANCED_FACE('',(#303),#150,.F.);
#3285=ADVANCED_FACE('',(#304),#151,.F.);
#3286=ADVANCED_FACE('',(#305),#152,.F.);
#3287=ADVANCED_FACE('',(#306,#24),#153,.F.);
#3288=ADVANCED_FACE('',(#307),#154,.F.);
#3289=ADVANCED_FACE('',(#308),#155,.F.);
#3290=ADVANCED_FACE('',(#309),#156,.F.);
#3291=ADVANCED_FACE('',(#310,#25),#157,.F.);
#3292=ADVANCED_FACE('',(#311),#158,.F.);
#3293=ADVANCED_FACE('',(#312),#159,.F.);
#3294=ADVANCED_FACE('',(#313),#160,.F.);
#3295=ADVANCED_FACE('',(#314,#26),#161,.F.);
#3296=ADVANCED_FACE('',(#315),#162,.T.);
#3297=ADVANCED_FACE('',(#316),#163,.T.);
#3298=ADVANCED_FACE('',(#317),#164,.T.);
#3299=ADVANCED_FACE('',(#318),#165,.F.);
#3300=ADVANCED_FACE('',(#319),#166,.F.);
#3301=ADVANCED_FACE('',(#320),#167,.T.);
#3302=ADVANCED_FACE('',(#321),#168,.T.);
#3303=ADVANCED_FACE('',(#322),#54,.T.);
#3304=ADVANCED_FACE('',(#323),#169,.T.);
#3305=ADVANCED_FACE('',(#324),#170,.T.);
#3306=ADVANCED_FACE('',(#325),#171,.T.);
#3307=ADVANCED_FACE('',(#326),#172,.F.);
#3308=ADVANCED_FACE('',(#327),#173,.F.);
#3309=ADVANCED_FACE('',(#328),#174,.T.);
#3310=ADVANCED_FACE('',(#329),#175,.T.);
#3311=ADVANCED_FACE('',(#330),#55,.T.);
#3312=ADVANCED_FACE('',(#331),#3143,.T.);
#3313=ADVANCED_FACE('',(#332),#3144,.T.);
#3314=ADVANCED_FACE('',(#333),#176,.F.);
#3315=ADVANCED_FACE('',(#334),#3145,.T.);
#3316=ADVANCED_FACE('',(#335),#3146,.F.);
#3317=ADVANCED_FACE('',(#336),#177,.T.);
#3318=ADVANCED_FACE('',(#337),#3147,.T.);
#3319=ADVANCED_FACE('',(#338),#3148,.T.);
#3320=ADVANCED_FACE('',(#339),#3149,.F.);
#3321=ADVANCED_FACE('',(#340),#3150,.F.);
#3322=ADVANCED_FACE('',(#341),#3151,.F.);
#3323=ADVANCED_FACE('',(#342),#178,.F.);
#3324=ADVANCED_FACE('',(#343),#3152,.T.);
#3325=ADVANCED_FACE('',(#344),#3153,.F.);
#3326=ADVANCED_FACE('',(#345),#3154,.T.);
#3327=ADVANCED_FACE('',(#346),#3155,.T.);
#3328=ADVANCED_FACE('',(#347),#3156,.F.);
#3329=ADVANCED_FACE('',(#348),#3157,.F.);
#3330=ADVANCED_FACE('',(#349),#179,.T.);
#3331=ADVANCED_FACE('',(#350),#180,.T.);
#3332=ADVANCED_FACE('',(#351),#181,.F.);
#3333=ADVANCED_FACE('',(#352),#182,.F.);
#3334=ADVANCED_FACE('',(#353),#3158,.F.);
#3335=ADVANCED_FACE('',(#354),#3159,.T.);
#3336=ADVANCED_FACE('',(#355),#56,.T.);
#3337=ADVANCED_FACE('',(#356,#27),#183,.T.);
#3338=ADVANCED_FACE('',(#357),#3160,.T.);
#3339=ADVANCED_FACE('',(#358),#57,.T.);
#3340=ADVANCED_FACE('',(#359),#3161,.T.);
#3341=ADVANCED_FACE('',(#360,#28),#184,.T.);
#3342=ADVANCED_FACE('',(#361,#29,#30,#31),#185,.T.);
#3343=ADVANCED_FACE('',(#362),#3162,.F.);
#3344=ADVANCED_FACE('',(#363),#3163,.F.);
#3345=ADVANCED_FACE('',(#364),#3164,.F.);
#3346=ADVANCED_FACE('',(#365),#3165,.F.);
#3347=ADVANCED_FACE('',(#366),#3166,.F.);
#3348=ADVANCED_FACE('',(#367),#3167,.F.);
#3349=ADVANCED_FACE('',(#368,#32,#33,#34,#35,#36),#186,.F.);
#3350=CLOSED_SHELL('',(#3168,#3169,#3170,#3171,#3172,#3173,#3174,#3175,
#3176,#3177,#3178,#3179,#3180,#3181,#3182,#3183,#3184,#3185,#3186,#3187,
#3188,#3189,#3190,#3191,#3192,#3193,#3194,#3195,#3196,#3197,#3198,#3199,
#3200,#3201,#3202,#3203,#3204,#3205,#3206,#3207,#3208,#3209,#3210,#3211,
#3212,#3213,#3214,#3215,#3216,#3217,#3218,#3219,#3220,#3221,#3222,#3223,
#3224,#3225,#3226,#3227,#3228,#3229,#3230,#3231,#3232,#3233,#3234,#3235,
#3236,#3237,#3238,#3239,#3240,#3241,#3242,#3243,#3244,#3245,#3246,#3247,
#3248,#3249,#3250,#3251,#3252,#3253,#3254,#3255,#3256,#3257,#3258,#3259,
#3260,#3261,#3262,#3263,#3264,#3265,#3266,#3267,#3268,#3269,#3270,#3271,
#3272,#3273,#3274,#3275,#3276,#3277,#3278,#3279,#3280,#3281,#3282,#3283,
#3284,#3285,#3286,#3287,#3288,#3289,#3290,#3291,#3292,#3293,#3294,#3295,
#3296,#3297,#3298,#3299,#3300,#3301,#3302,#3303,#3304,#3305,#3306,#3307,
#3308,#3309,#3310,#3311,#3312,#3313,#3314,#3315,#3316,#3317,#3318,#3319,
#3320,#3321,#3322,#3323,#3324,#3325,#3326,#3327,#3328,#3329,#3330,#3331,
#3332,#3333,#3334,#3335,#3336,#3337,#3338,#3339,#3340,#3341,#3342,#3343,
#3344,#3345,#3346,#3347,#3348,#3349));
#3351=DERIVED_UNIT_ELEMENT(#3353,1.);
#3352=DERIVED_UNIT_ELEMENT(#5777,-3.);
#3353=(
MASS_UNIT()
NAMED_UNIT(*)
SI_UNIT(.KILO.,.GRAM.)
);
#3354=DERIVED_UNIT((#3351,#3352));
#3355=MEASURE_REPRESENTATION_ITEM('density measure',
POSITIVE_RATIO_MEASURE(7850.),#3354);
#3356=PROPERTY_DEFINITION_REPRESENTATION(#3361,#3358);
#3357=PROPERTY_DEFINITION_REPRESENTATION(#3362,#3359);
#3358=REPRESENTATION('material name',(#3360),#5774);
#3359=REPRESENTATION('density',(#3355),#5774);
#3360=DESCRIPTIVE_REPRESENTATION_ITEM('Steel','Steel');
#3361=PROPERTY_DEFINITION('material property','material name',#5784);
#3362=PROPERTY_DEFINITION('material property','density of part',#5784);
#3363=AXIS2_PLACEMENT_3D('',#4703,#3715,#3716);
#3364=AXIS2_PLACEMENT_3D('',#4704,#3717,#3718);
#3365=AXIS2_PLACEMENT_3D('',#4707,#3719,#3720);
#3366=AXIS2_PLACEMENT_3D('',#4711,#3722,#3723);
#3367=AXIS2_PLACEMENT_3D('',#4715,#3725,#3726);
#3368=AXIS2_PLACEMENT_3D('',#4717,#3728,#3729);
#3369=AXIS2_PLACEMENT_3D('',#4730,#3736,#3737);
#3370=AXIS2_PLACEMENT_3D('',#4733,#3738,#3739);
#3371=AXIS2_PLACEMENT_3D('',#4737,#3741,#3742);
#3372=AXIS2_PLACEMENT_3D('',#4741,#3744,#3745);
#3373=AXIS2_PLACEMENT_3D('',#4743,#3747,#3748);
#3374=AXIS2_PLACEMENT_3D('',#4756,#3755,#3756);
#3375=AXIS2_PLACEMENT_3D('',#4769,#3763,#3764);
#3376=AXIS2_PLACEMENT_3D('',#4775,#3767,#3768);
#3377=AXIS2_PLACEMENT_3D('',#4778,#3770,#3771);
#3378=AXIS2_PLACEMENT_3D('',#4779,#3772,#3773);
#3379=AXIS2_PLACEMENT_3D('',#4783,#3775,#3776);
#3380=AXIS2_PLACEMENT_3D('',#4786,#3778,#3779);
#3381=AXIS2_PLACEMENT_3D('',#4787,#3780,#3781);
#3382=AXIS2_PLACEMENT_3D('',#4791,#3783,#3784);
#3383=AXIS2_PLACEMENT_3D('',#4795,#3786,#3787);
#3384=AXIS2_PLACEMENT_3D('',#4797,#3789,#3790);
#3385=AXIS2_PLACEMENT_3D('',#4810,#3797,#3798);
#3386=AXIS2_PLACEMENT_3D('',#4816,#3801,#3802);
#3387=AXIS2_PLACEMENT_3D('',#4819,#3804,#3805);
#3388=AXIS2_PLACEMENT_3D('',#4820,#3806,#3807);
#3389=AXIS2_PLACEMENT_3D('',#4824,#3809,#3810);
#3390=AXIS2_PLACEMENT_3D('',#4827,#3812,#3813);
#3391=AXIS2_PLACEMENT_3D('',#4828,#3814,#3815);
#3392=AXIS2_PLACEMENT_3D('',#4832,#3817,#3818);
#3393=AXIS2_PLACEMENT_3D('',#4836,#3820,#3821);
#3394=AXIS2_PLACEMENT_3D('',#4838,#3823,#3824);
#3395=AXIS2_PLACEMENT_3D('',#4841,#3826,#3827);
#3396=AXIS2_PLACEMENT_3D('',#4845,#3830,#3831);
#3397=AXIS2_PLACEMENT_3D('',#4849,#3834,#3835);
#3398=AXIS2_PLACEMENT_3D('',#4852,#3837,#3838);
#3399=AXIS2_PLACEMENT_3D('',#4856,#3841,#3842);
#3400=AXIS2_PLACEMENT_3D('',#4860,#3845,#3846);
#3401=AXIS2_PLACEMENT_3D('',#4864,#3849,#3850);
#3402=AXIS2_PLACEMENT_3D('',#4868,#3853,#3854);
#3403=AXIS2_PLACEMENT_3D('',#4873,#3856,#3857);
#3404=AXIS2_PLACEMENT_3D('',#4876,#3859,#3860);
#3405=AXIS2_PLACEMENT_3D('',#4877,#3861,#3862);
#3406=AXIS2_PLACEMENT_3D('',#4881,#3864,#3865);
#3407=AXIS2_PLACEMENT_3D('',#4883,#3867,#3868);
#3408=AXIS2_PLACEMENT_3D('',#4888,#3870,#3871);
#3409=AXIS2_PLACEMENT_3D('',#4892,#3873,#3874);
#3410=AXIS2_PLACEMENT_3D('',#4894,#3875,#3876);
#3411=AXIS2_PLACEMENT_3D('',#4896,#3877,#3878);
#3412=AXIS2_PLACEMENT_3D('',#4900,#3880,#3881);
#3413=AXIS2_PLACEMENT_3D('',#4902,#3882,#3883);
#3414=AXIS2_PLACEMENT_3D('',#4904,#3884,#3885);
#3415=AXIS2_PLACEMENT_3D('',#4907,#3887,#3888);
#3416=AXIS2_PLACEMENT_3D('',#4908,#3889,#3890);
#3417=AXIS2_PLACEMENT_3D('',#4929,#3894,#3895);
#3418=AXIS2_PLACEMENT_3D('',#4931,#3896,#3897);
#3419=AXIS2_PLACEMENT_3D('',#4935,#3898,#3899);
#3420=AXIS2_PLACEMENT_3D('',#4937,#3900,#3901);
#3421=AXIS2_PLACEMENT_3D('',#4939,#3903,#3904);
#3422=AXIS2_PLACEMENT_3D('',#4943,#3905,#3906);
#3423=AXIS2_PLACEMENT_3D('',#4945,#3907,#3908);
#3424=AXIS2_PLACEMENT_3D('',#4948,#3910,#3911);
#3425=AXIS2_PLACEMENT_3D('',#4949,#3912,#3913);
#3426=AXIS2_PLACEMENT_3D('',#4951,#3914,#3915);
#3427=AXIS2_PLACEMENT_3D('',#4955,#3916,#3917);
#3428=AXIS2_PLACEMENT_3D('',#4958,#3918,#3919);
#3429=AXIS2_PLACEMENT_3D('',#4962,#3921,#3922);
#3430=AXIS2_PLACEMENT_3D('',#4964,#3924,#3925);
#3431=AXIS2_PLACEMENT_3D('',#4969,#3927,#3928);
#3432=AXIS2_PLACEMENT_3D('',#4973,#3930,#3931);
#3433=AXIS2_PLACEMENT_3D('',#4975,#3932,#3933);
#3434=AXIS2_PLACEMENT_3D('',#4977,#3934,#3935);
#3435=AXIS2_PLACEMENT_3D('',#4981,#3937,#3938);
#3436=AXIS2_PLACEMENT_3D('',#4983,#3939,#3940);
#3437=AXIS2_PLACEMENT_3D('',#4985,#3941,#3942);
#3438=AXIS2_PLACEMENT_3D('',#4988,#3944,#3945);
#3439=AXIS2_PLACEMENT_3D('',#4989,#3946,#3947);
#3440=AXIS2_PLACEMENT_3D('',#4994,#3949,#3950);
#3441=AXIS2_PLACEMENT_3D('',#4997,#3952,#3953);
#3442=AXIS2_PLACEMENT_3D('',#4998,#3954,#3955);
#3443=AXIS2_PLACEMENT_3D('',#5005,#3956,#3957);
#3444=AXIS2_PLACEMENT_3D('',#5012,#3958,#3959);
#3445=AXIS2_PLACEMENT_3D('',#5021,#3960,#3961);
#3446=AXIS2_PLACEMENT_3D('',#5022,#3962,#3963);
#3447=AXIS2_PLACEMENT_3D('',#5026,#3965,#3966);
#3448=AXIS2_PLACEMENT_3D('',#5028,#3968,#3969);
#3449=AXIS2_PLACEMENT_3D('',#5036,#3972,#3973);
#3450=AXIS2_PLACEMENT_3D('',#5038,#3974,#3975);
#3451=AXIS2_PLACEMENT_3D('',#5040,#3977,#3978);
#3452=AXIS2_PLACEMENT_3D('',#5042,#3979,#3980);
#3453=AXIS2_PLACEMENT_3D('',#5046,#3981,#3982);
#3454=AXIS2_PLACEMENT_3D('',#5048,#3984,#3985);
#3455=AXIS2_PLACEMENT_3D('',#5053,#3987,#3988);
#3456=AXIS2_PLACEMENT_3D('',#5056,#3990,#3991);
#3457=AXIS2_PLACEMENT_3D('',#5057,#3992,#3993);
#3458=AXIS2_PLACEMENT_3D('',#5061,#3995,#3996);
#3459=AXIS2_PLACEMENT_3D('',#5063,#3998,#3999);
#3460=AXIS2_PLACEMENT_3D('',#5068,#4001,#4002);
#3461=AXIS2_PLACEMENT_3D('',#5072,#4004,#4005);
#3462=AXIS2_PLACEMENT_3D('',#5074,#4006,#4007);
#3463=AXIS2_PLACEMENT_3D('',#5076,#4008,#4009);
#3464=AXIS2_PLACEMENT_3D('',#5080,#4011,#4012);
#3465=AXIS2_PLACEMENT_3D('',#5082,#4013,#4014);
#3466=AXIS2_PLACEMENT_3D('',#5084,#4015,#4016);
#3467=AXIS2_PLACEMENT_3D('',#5087,#4018,#4019);
#3468=AXIS2_PLACEMENT_3D('',#5088,#4020,#4021);
#3469=AXIS2_PLACEMENT_3D('',#5109,#4025,#4026);
#3470=AXIS2_PLACEMENT_3D('',#5111,#4027,#4028);
#3471=AXIS2_PLACEMENT_3D('',#5115,#4029,#4030);
#3472=AXIS2_PLACEMENT_3D('',#5117,#4031,#4032);
#3473=AXIS2_PLACEMENT_3D('',#5119,#4034,#4035);
#3474=AXIS2_PLACEMENT_3D('',#5123,#4036,#4037);
#3475=AXIS2_PLACEMENT_3D('',#5125,#4038,#4039);
#3476=AXIS2_PLACEMENT_3D('',#5128,#4041,#4042);
#3477=AXIS2_PLACEMENT_3D('',#5129,#4043,#4044);
#3478=AXIS2_PLACEMENT_3D('',#5131,#4045,#4046);
#3479=AXIS2_PLACEMENT_3D('',#5135,#4047,#4048);
#3480=AXIS2_PLACEMENT_3D('',#5138,#4049,#4050);
#3481=AXIS2_PLACEMENT_3D('',#5142,#4052,#4053);
#3482=AXIS2_PLACEMENT_3D('',#5144,#4055,#4056);
#3483=AXIS2_PLACEMENT_3D('',#5150,#4060,#4061);
#3484=AXIS2_PLACEMENT_3D('',#5153,#4062,#4063);
#3485=AXIS2_PLACEMENT_3D('',#5157,#4065,#4066);
#3486=AXIS2_PLACEMENT_3D('',#5159,#4068,#4069);
#3487=AXIS2_PLACEMENT_3D('',#5165,#4073,#4074);
#3488=AXIS2_PLACEMENT_3D('',#5168,#4075,#4076);
#3489=AXIS2_PLACEMENT_3D('',#5172,#4078,#4079);
#3490=AXIS2_PLACEMENT_3D('',#5174,#4081,#4082);
#3491=AXIS2_PLACEMENT_3D('',#5180,#4086,#4087);
#3492=AXIS2_PLACEMENT_3D('',#5183,#4088,#4089);
#3493=AXIS2_PLACEMENT_3D('',#5187,#4091,#4092);
#3494=AXIS2_PLACEMENT_3D('',#5189,#4094,#4095);
#3495=AXIS2_PLACEMENT_3D('',#5195,#4099,#4100);
#3496=AXIS2_PLACEMENT_3D('',#5196,#4101,#4102);
#3497=AXIS2_PLACEMENT_3D('',#5197,#4103,#4104);
#3498=AXIS2_PLACEMENT_3D('',#5198,#4105,#4106);
#3499=AXIS2_PLACEMENT_3D('',#5199,#4107,#4108);
#3500=AXIS2_PLACEMENT_3D('',#5201,#4109,#4110);
#3501=AXIS2_PLACEMENT_3D('',#5202,#4111,#4112);
#3502=AXIS2_PLACEMENT_3D('',#5205,#4113,#4114);
#3503=AXIS2_PLACEMENT_3D('',#5208,#4117,#4118);
#3504=AXIS2_PLACEMENT_3D('',#5212,#4121,#4122);
#3505=AXIS2_PLACEMENT_3D('',#5214,#4123,#4124);
#3506=AXIS2_PLACEMENT_3D('',#5216,#4126,#4127);
#3507=AXIS2_PLACEMENT_3D('',#5218,#4128,#4129);
#3508=AXIS2_PLACEMENT_3D('',#5220,#4131,#4132);
#3509=AXIS2_PLACEMENT_3D('',#5223,#4133,#4134);
#3510=AXIS2_PLACEMENT_3D('',#5226,#4137,#4138);
#3511=AXIS2_PLACEMENT_3D('',#5230,#4141,#4142);
#3512=AXIS2_PLACEMENT_3D('',#5232,#4143,#4144);
#3513=AXIS2_PLACEMENT_3D('',#5234,#4146,#4147);
#3514=AXIS2_PLACEMENT_3D('',#5236,#4148,#4149);
#3515=AXIS2_PLACEMENT_3D('',#5238,#4151,#4152);
#3516=AXIS2_PLACEMENT_3D('',#5241,#4153,#4154);
#3517=AXIS2_PLACEMENT_3D('',#5244,#4157,#4158);
#3518=AXIS2_PLACEMENT_3D('',#5248,#4161,#4162);
#3519=AXIS2_PLACEMENT_3D('',#5250,#4163,#4164);
#3520=AXIS2_PLACEMENT_3D('',#5252,#4166,#4167);
#3521=AXIS2_PLACEMENT_3D('',#5254,#4168,#4169);
#3522=AXIS2_PLACEMENT_3D('',#5256,#4171,#4172);
#3523=AXIS2_PLACEMENT_3D('',#5260,#4174,#4175);
#3524=AXIS2_PLACEMENT_3D('',#5262,#4177,#4178);
#3525=AXIS2_PLACEMENT_3D('',#5270,#4182,#4183);
#3526=AXIS2_PLACEMENT_3D('',#5271,#4184,#4185);
#3527=AXIS2_PLACEMENT_3D('',#5272,#4186,#4187);
#3528=AXIS2_PLACEMENT_3D('',#5275,#4188,#4189);
#3529=AXIS2_PLACEMENT_3D('',#5279,#4191,#4192);
#3530=AXIS2_PLACEMENT_3D('',#5281,#4194,#4195);
#3531=AXIS2_PLACEMENT_3D('',#5315,#4205,#4206);
#3532=AXIS2_PLACEMENT_3D('',#5317,#4207,#4208);
#3533=AXIS2_PLACEMENT_3D('',#5320,#4210,#4211);
#3534=AXIS2_PLACEMENT_3D('',#5321,#4212,#4213);
#3535=AXIS2_PLACEMENT_3D('',#5323,#4214,#4215);
#3536=AXIS2_PLACEMENT_3D('',#5326,#4217,#4218);
#3537=AXIS2_PLACEMENT_3D('',#5327,#4219,#4220);
#3538=AXIS2_PLACEMENT_3D('',#5329,#4221,#4222);
#3539=AXIS2_PLACEMENT_3D('',#5331,#4224,#4225);
#3540=AXIS2_PLACEMENT_3D('',#5335,#4227,#4228);
#3541=AXIS2_PLACEMENT_3D('',#5337,#4230,#4231);
#3542=AXIS2_PLACEMENT_3D('',#5343,#4234,#4235);
#3543=AXIS2_PLACEMENT_3D('',#5345,#4236,#4237);
#3544=AXIS2_PLACEMENT_3D('',#5347,#4239,#4240);
#3545=AXIS2_PLACEMENT_3D('',#5351,#4242,#4243);
#3546=AXIS2_PLACEMENT_3D('',#5353,#4245,#4246);
#3547=AXIS2_PLACEMENT_3D('',#5355,#4248,#4249);
#3548=AXIS2_PLACEMENT_3D('',#5356,#4250,#4251);
#3549=AXIS2_PLACEMENT_3D('',#5358,#4252,#4253);
#3550=AXIS2_PLACEMENT_3D('',#5362,#4256,#4257);
#3551=AXIS2_PLACEMENT_3D('',#5366,#4260,#4261);
#3552=AXIS2_PLACEMENT_3D('',#5367,#4262,#4263);
#3553=AXIS2_PLACEMENT_3D('',#5369,#4264,#4265);
#3554=AXIS2_PLACEMENT_3D('',#5370,#4266,#4267);
#3555=AXIS2_PLACEMENT_3D('',#5371,#4268,#4269);
#3556=AXIS2_PLACEMENT_3D('',#5373,#4270,#4271);
#3557=AXIS2_PLACEMENT_3D('',#5375,#4272,#4273);
#3558=AXIS2_PLACEMENT_3D('',#5378,#4275,#4276);
#3559=AXIS2_PLACEMENT_3D('',#5379,#4277,#4278);
#3560=AXIS2_PLACEMENT_3D('',#5381,#4279,#4280);
#3561=AXIS2_PLACEMENT_3D('',#5385,#4283,#4284);
#3562=AXIS2_PLACEMENT_3D('',#5389,#4287,#4288);
#3563=AXIS2_PLACEMENT_3D('',#5392,#4290,#4291);
#3564=AXIS2_PLACEMENT_3D('',#5393,#4292,#4293);
#3565=AXIS2_PLACEMENT_3D('',#5395,#4294,#4295);
#3566=AXIS2_PLACEMENT_3D('',#5396,#4296,#4297);
#3567=AXIS2_PLACEMENT_3D('',#5397,#4298,#4299);
#3568=AXIS2_PLACEMENT_3D('',#5408,#4305,#4306);
#3569=AXIS2_PLACEMENT_3D('',#5410,#4307,#4308);
#3570=AXIS2_PLACEMENT_3D('',#5412,#4309,#4310);
#3571=AXIS2_PLACEMENT_3D('',#5414,#4312,#4313);
#3572=AXIS2_PLACEMENT_3D('',#5416,#4314,#4315);
#3573=AXIS2_PLACEMENT_3D('',#5418,#4317,#4318);
#3574=AXIS2_PLACEMENT_3D('',#5419,#4319,#4320);
#3575=AXIS2_PLACEMENT_3D('',#5420,#4321,#4322);
#3576=AXIS2_PLACEMENT_3D('',#5423,#4324,#4325);
#3577=AXIS2_PLACEMENT_3D('',#5424,#4326,#4327);
#3578=AXIS2_PLACEMENT_3D('',#5428,#4329,#4330);
#3579=AXIS2_PLACEMENT_3D('',#5429,#4331,#4332);
#3580=AXIS2_PLACEMENT_3D('',#5430,#4333,#4334);
#3581=AXIS2_PLACEMENT_3D('',#5433,#4335,#4336);
#3582=AXIS2_PLACEMENT_3D('',#5441,#4339,#4340);
#3583=AXIS2_PLACEMENT_3D('',#5445,#4343,#4344);
#3584=AXIS2_PLACEMENT_3D('',#5447,#4346,#4347);
#3585=AXIS2_PLACEMENT_3D('',#5450,#4349,#4350);
#3586=AXIS2_PLACEMENT_3D('',#5451,#4351,#4352);
#3587=AXIS2_PLACEMENT_3D('',#5454,#4354,#4355);
#3588=AXIS2_PLACEMENT_3D('',#5455,#4356,#4357);
#3589=AXIS2_PLACEMENT_3D('',#5459,#4360,#4361);
#3590=AXIS2_PLACEMENT_3D('',#5461,#4363,#4364);
#3591=AXIS2_PLACEMENT_3D('',#5464,#4366,#4367);
#3592=AXIS2_PLACEMENT_3D('',#5465,#4368,#4369);
#3593=AXIS2_PLACEMENT_3D('',#5468,#4371,#4372);
#3594=AXIS2_PLACEMENT_3D('',#5469,#4373,#4374);
#3595=AXIS2_PLACEMENT_3D('',#5473,#4377,#4378);
#3596=AXIS2_PLACEMENT_3D('',#5475,#4380,#4381);
#3597=AXIS2_PLACEMENT_3D('',#5479,#4384,#4385);
#3598=AXIS2_PLACEMENT_3D('',#5481,#4387,#4388);
#3599=AXIS2_PLACEMENT_3D('',#5482,#4389,#4390);
#3600=AXIS2_PLACEMENT_3D('',#5483,#4391,#4392);
#3601=AXIS2_PLACEMENT_3D('',#5484,#4393,#4394);
#3602=AXIS2_PLACEMENT_3D('',#5486,#4396,#4397);
#3603=AXIS2_PLACEMENT_3D('',#5487,#4398,#4399);
#3604=AXIS2_PLACEMENT_3D('',#5489,#4401,#4402);
#3605=AXIS2_PLACEMENT_3D('',#5493,#4405,#4406);
#3606=AXIS2_PLACEMENT_3D('',#5499,#4410,#4411);
#3607=AXIS2_PLACEMENT_3D('',#5503,#4414,#4415);
#3608=AXIS2_PLACEMENT_3D('',#5507,#4418,#4419);
#3609=AXIS2_PLACEMENT_3D('',#5508,#4420,#4421);
#3610=AXIS2_PLACEMENT_3D('',#5510,#4422,#4423);
#3611=AXIS2_PLACEMENT_3D('',#5511,#4424,#4425);
#3612=AXIS2_PLACEMENT_3D('',#5515,#4427,#4428);
#3613=AXIS2_PLACEMENT_3D('',#5518,#4430,#4431);
#3614=AXIS2_PLACEMENT_3D('',#5520,#4432,#4433);
#3615=AXIS2_PLACEMENT_3D('',#5525,#4436,#4437);
#3616=AXIS2_PLACEMENT_3D('',#5530,#4440,#4441);
#3617=AXIS2_PLACEMENT_3D('',#5532,#4443,#4444);
#3618=AXIS2_PLACEMENT_3D('',#5536,#4447,#4448);
#3619=AXIS2_PLACEMENT_3D('',#5540,#4451,#4452);
#3620=AXIS2_PLACEMENT_3D('',#5542,#4454,#4455);
#3621=AXIS2_PLACEMENT_3D('',#5544,#4456,#4457);
#3622=AXIS2_PLACEMENT_3D('',#5545,#4458,#4459);
#3623=AXIS2_PLACEMENT_3D('',#5549,#4462,#4463);
#3624=AXIS2_PLACEMENT_3D('',#5553,#4466,#4467);
#3625=AXIS2_PLACEMENT_3D('',#5555,#4469,#4470);
#3626=AXIS2_PLACEMENT_3D('',#5557,#4471,#4472);
#3627=AXIS2_PLACEMENT_3D('',#5558,#4473,#4474);
#3628=AXIS2_PLACEMENT_3D('',#5562,#4477,#4478);
#3629=AXIS2_PLACEMENT_3D('',#5566,#4481,#4482);
#3630=AXIS2_PLACEMENT_3D('',#5568,#4484,#4485);
#3631=AXIS2_PLACEMENT_3D('',#5570,#4486,#4487);
#3632=AXIS2_PLACEMENT_3D('',#5571,#4488,#4489);
#3633=AXIS2_PLACEMENT_3D('',#5582,#4493,#4494);
#3634=AXIS2_PLACEMENT_3D('',#5592,#4498,#4499);
#3635=AXIS2_PLACEMENT_3D('',#5602,#4503,#4504);
#3636=AXIS2_PLACEMENT_3D('',#5606,#4507,#4508);
#3637=AXIS2_PLACEMENT_3D('',#5610,#4511,#4512);
#3638=AXIS2_PLACEMENT_3D('',#5616,#4514,#4515);
#3639=AXIS2_PLACEMENT_3D('',#5618,#4516,#4517);
#3640=AXIS2_PLACEMENT_3D('',#5619,#4518,#4519);
#3641=AXIS2_PLACEMENT_3D('',#5620,#4520,#4521);
#3642=AXIS2_PLACEMENT_3D('',#5623,#4523,#4524);
#3643=AXIS2_PLACEMENT_3D('',#5625,#4525,#4526);
#3644=AXIS2_PLACEMENT_3D('',#5635,#4527,#4528);
#3645=AXIS2_PLACEMENT_3D('',#5644,#4529,#4530);
#3646=AXIS2_PLACEMENT_3D('',#5645,#4531,#4532);
#3647=AXIS2_PLACEMENT_3D('',#5651,#4536,#4537);
#3648=AXIS2_PLACEMENT_3D('',#5657,#4541,#4542);
#3649=AXIS2_PLACEMENT_3D('',#5662,#4546,#4547);
#3650=AXIS2_PLACEMENT_3D('',#5666,#4550,#4551);
#3651=AXIS2_PLACEMENT_3D('',#5670,#4554,#4555);
#3652=AXIS2_PLACEMENT_3D('',#5672,#4557,#4558);
#3653=AXIS2_PLACEMENT_3D('',#5673,#4559,#4560);
#3654=AXIS2_PLACEMENT_3D('',#5674,#4561,#4562);
#3655=AXIS2_PLACEMENT_3D('',#5675,#4563,#4564);
#3656=AXIS2_PLACEMENT_3D('',#5676,#4565,#4566);
#3657=AXIS2_PLACEMENT_3D('',#5677,#4567,#4568);
#3658=AXIS2_PLACEMENT_3D('',#5680,#4571,#4572);
#3659=AXIS2_PLACEMENT_3D('',#5681,#4573,#4574);
#3660=AXIS2_PLACEMENT_3D('',#5682,#4575,#4576);
#3661=AXIS2_PLACEMENT_3D('',#5684,#4578,#4579);
#3662=AXIS2_PLACEMENT_3D('',#5685,#4580,#4581);
#3663=AXIS2_PLACEMENT_3D('',#5686,#4582,#4583);
#3664=AXIS2_PLACEMENT_3D('',#5687,#4584,#4585);
#3665=AXIS2_PLACEMENT_3D('',#5690,#4587,#4588);
#3666=AXIS2_PLACEMENT_3D('',#5691,#4589,#4590);
#3667=AXIS2_PLACEMENT_3D('',#5693,#4591,#4592);
#3668=AXIS2_PLACEMENT_3D('',#5695,#4594,#4595);
#3669=AXIS2_PLACEMENT_3D('',#5696,#4596,#4597);
#3670=AXIS2_PLACEMENT_3D('',#5697,#4598,#4599);
#3671=AXIS2_PLACEMENT_3D('',#5700,#4601,#4602);
#3672=AXIS2_PLACEMENT_3D('',#5701,#4603,#4604);
#3673=AXIS2_PLACEMENT_3D('',#5703,#4606,#4607);
#3674=AXIS2_PLACEMENT_3D('',#5704,#4608,#4609);
#3675=AXIS2_PLACEMENT_3D('',#5705,#4610,#4611);
#3676=AXIS2_PLACEMENT_3D('',#5706,#4612,#4613);
#3677=AXIS2_PLACEMENT_3D('',#5707,#4614,#4615);
#3678=AXIS2_PLACEMENT_3D('',#5708,#4616,#4617);
#3679=AXIS2_PLACEMENT_3D('',#5711,#4619,#4620);
#3680=AXIS2_PLACEMENT_3D('',#5712,#4621,#4622);
#3681=AXIS2_PLACEMENT_3D('',#5713,#4623,#4624);
#3682=AXIS2_PLACEMENT_3D('',#5714,#4625,#4626);
#3683=AXIS2_PLACEMENT_3D('',#5715,#4627,#4628);
#3684=AXIS2_PLACEMENT_3D('',#5716,#4629,#4630);
#3685=AXIS2_PLACEMENT_3D('',#5717,#4631,#4632);
#3686=AXIS2_PLACEMENT_3D('',#5721,#4635,#4636);
#3687=AXIS2_PLACEMENT_3D('',#5722,#4637,#4638);
#3688=AXIS2_PLACEMENT_3D('',#5723,#4639,#4640);
#3689=AXIS2_PLACEMENT_3D('',#5724,#4641,#4642);
#3690=AXIS2_PLACEMENT_3D('',#5726,#4643,#4644);
#3691=AXIS2_PLACEMENT_3D('',#5729,#4646,#4647);
#3692=AXIS2_PLACEMENT_3D('',#5730,#4648,#4649);
#3693=AXIS2_PLACEMENT_3D('',#5732,#4650,#4651);
#3694=AXIS2_PLACEMENT_3D('',#5733,#4652,#4653);
#3695=AXIS2_PLACEMENT_3D('',#5735,#4655,#4656);
#3696=AXIS2_PLACEMENT_3D('',#5737,#4657,#4658);
#3697=AXIS2_PLACEMENT_3D('',#5740,#4660,#4661);
#3698=AXIS2_PLACEMENT_3D('',#5741,#4662,#4663);
#3699=AXIS2_PLACEMENT_3D('',#5743,#4665,#4666);
#3700=AXIS2_PLACEMENT_3D('',#5745,#4667,#4668);
#3701=AXIS2_PLACEMENT_3D('',#5746,#4669,#4670);
#3702=AXIS2_PLACEMENT_3D('',#5748,#4671,#4672);
#3703=AXIS2_PLACEMENT_3D('',#5749,#4673,#4674);
#3704=AXIS2_PLACEMENT_3D('',#5751,#4675,#4676);
#3705=AXIS2_PLACEMENT_3D('',#5753,#4678,#4679);
#3706=AXIS2_PLACEMENT_3D('',#5755,#4680,#4681);
#3707=AXIS2_PLACEMENT_3D('',#5757,#4683,#4684);
#3708=AXIS2_PLACEMENT_3D('',#5759,#4685,#4686);
#3709=AXIS2_PLACEMENT_3D('',#5761,#4688,#4689);
#3710=AXIS2_PLACEMENT_3D('',#5763,#4690,#4691);
#3711=AXIS2_PLACEMENT_3D('',#5765,#4693,#4694);
#3712=AXIS2_PLACEMENT_3D('',#5767,#4696,#4697);
#3713=AXIS2_PLACEMENT_3D('',#5770,#4699,#4700);
#3714=AXIS2_PLACEMENT_3D('',#5771,#4701,#4702);
#3715=DIRECTION('axis',(0.,0.,1.));
#3716=DIRECTION('refdir',(1.,0.,0.));
#3717=DIRECTION('center_axis',(0.,1.,0.));
#3718=DIRECTION('ref_axis',(0.994793537942,0.,-0.101910828025478));
#3719=DIRECTION('center_axis',(0.,-0.707106781186548,0.707106781186547));
#3720=DIRECTION('ref_axis',(8.1775648889781E-18,-0.707106781186547,-0.707106781186548));
#3721=DIRECTION('',(0.,-1.,0.));
#3722=DIRECTION('center_axis',(0.,1.,0.));
#3723=DIRECTION('ref_axis',(0.994793537942,0.,-0.101910828025478));
#3724=DIRECTION('',(0.,1.,0.));
#3725=DIRECTION('center_axis',(0.,1.,0.));
#3726=DIRECTION('ref_axis',(0.994793537942,0.,-0.101910828025478));
#3727=DIRECTION('',(0.,1.,0.));
#3728=DIRECTION('center_axis',(-1.,0.,0.));
#3729=DIRECTION('ref_axis',(0.,0.,-1.));
#3730=DIRECTION('',(0.,-0.707106781186547,-0.707106781186548));
#3731=DIRECTION('',(0.,1.,0.));
#3732=DIRECTION('',(0.,0.,-1.));
#3733=DIRECTION('',(0.,-0.707106781186549,0.707106781186546));
#3734=DIRECTION('',(0.,1.,0.));
#3735=DIRECTION('',(0.,0.,1.));
#3736=DIRECTION('center_axis',(0.,1.,0.));
#3737=DIRECTION('ref_axis',(-0.992737492541296,0.,-0.1203007518797));
#3738=DIRECTION('center_axis',(0.,-0.707106781186548,-0.707106781186547));
#3739=DIRECTION('ref_axis',(4.90653893338682E-17,0.707106781186547,-0.707106781186548));
#3740=DIRECTION('',(0.,-1.,0.));
#3741=DIRECTION('center_axis',(0.,1.,0.));
#3742=DIRECTION('ref_axis',(-0.992737492541296,0.,-0.1203007518797));
#3743=DIRECTION('',(0.,1.,0.));
#3744=DIRECTION('center_axis',(0.,1.,0.));
#3745=DIRECTION('ref_axis',(-0.992737492541296,0.,-0.1203007518797));
#3746=DIRECTION('',(0.,1.,0.));
#3747=DIRECTION('center_axis',(1.,0.,0.));
#3748=DIRECTION('ref_axis',(0.,0.,1.));
#3749=DIRECTION('',(0.,-0.707106781186547,0.707106781186548));
#3750=DIRECTION('',(0.,1.,0.));
#3751=DIRECTION('',(0.,0.,1.));
#3752=DIRECTION('',(0.,-0.707106781186547,-0.707106781186548));
#3753=DIRECTION('',(0.,1.,0.));
#3754=DIRECTION('',(0.,0.,-1.));
#3755=DIRECTION('center_axis',(1.,0.,0.));
#3756=DIRECTION('ref_axis',(0.,0.,1.));
#3757=DIRECTION('',(0.,-0.707106781141309,0.707106781231786));
#3758=DIRECTION('',(0.,1.,0.));
#3759=DIRECTION('',(0.,0.,1.));
#3760=DIRECTION('',(0.,-0.707106781186547,-0.707106781186548));
#3761=DIRECTION('',(0.,1.,0.));
#3762=DIRECTION('',(0.,0.,-1.));
#3763=DIRECTION('center_axis',(-1.13116844979955E-5,0.707106781186548,0.70710678109607));
#3764=DIRECTION('ref_axis',(0.999999999872046,0.,1.59971376303507E-5));
#3765=DIRECTION('',(-0.999999999872046,0.,-1.59971376303507E-5));
#3766=DIRECTION('',(0.,0.707106781141309,-0.707106781231786));
#3767=DIRECTION('center_axis',(1.13116844979955E-5,-0.707106781186548,-0.70710678109607));
#3768=DIRECTION('ref_axis',(-1.1311684497913E-5,-0.707106781186547,0.707106781096071));
#3769=DIRECTION('',(0.999999999872046,0.,1.59971376303507E-5));
#3770=DIRECTION('center_axis',(1.13116844979955E-5,-0.707106781186548,-0.70710678109607));
#3771=DIRECTION('ref_axis',(1.13116844973085E-5,0.707106781186547,-0.707106781096071));
#3772=DIRECTION('center_axis',(0.,1.,0.));
#3773=DIRECTION('ref_axis',(1.59971376293792E-5,0.,-0.999999999872046));
#3774=DIRECTION('',(0.,1.,0.));
#3775=DIRECTION('center_axis',(0.,1.,0.));
#3776=DIRECTION('ref_axis',(1.59971376293792E-5,0.,-0.999999999872046));
#3777=DIRECTION('',(0.,1.,0.));
#3778=DIRECTION('center_axis',(0.,1.,0.));
#3779=DIRECTION('ref_axis',(1.59971376293792E-5,0.,-0.999999999872046));
#3780=DIRECTION('center_axis',(0.,1.,0.));
#3781=DIRECTION('ref_axis',(-0.994795168096254,0.,0.101894914163299));
#3782=DIRECTION('',(0.,-1.,0.));
#3783=DIRECTION('center_axis',(0.,1.,0.));
#3784=DIRECTION('ref_axis',(-0.994795168096254,0.,0.101894914163299));
#3785=DIRECTION('',(0.,1.,0.));
#3786=DIRECTION('center_axis',(0.,1.,0.));
#3787=DIRECTION('ref_axis',(-0.994795168096254,0.,0.101894914163299));
#3788=DIRECTION('',(0.,1.,0.));
#3789=DIRECTION('center_axis',(-1.,0.,0.));
#3790=DIRECTION('ref_axis',(0.,0.,-1.));
#3791=DIRECTION('',(0.,-0.707106781141309,-0.707106781231786));
#3792=DIRECTION('',(0.,1.,0.));
#3793=DIRECTION('',(0.,0.,-1.));
#3794=DIRECTION('',(0.,-0.707106781186549,0.707106781186546));
#3795=DIRECTION('',(0.,1.,0.));
#3796=DIRECTION('',(0.,0.,1.));
#3797=DIRECTION('center_axis',(1.13116844979628E-5,0.707106781186548,-0.70710678109607));
#3798=DIRECTION('ref_axis',(-0.999999999872046,0.,-1.59971376303045E-5));
#3799=DIRECTION('',(0.999999999872046,0.,1.59971376303045E-5));
#3800=DIRECTION('',(0.,0.707106781141309,0.707106781231786));
#3801=DIRECTION('center_axis',(-1.13116844979628E-5,-0.707106781186548,
0.70710678109607));
#3802=DIRECTION('ref_axis',(-1.13116844979627E-5,0.707106781186547,0.707106781096071));
#3803=DIRECTION('',(-0.999999999872046,0.,-1.59971376303045E-5));
#3804=DIRECTION('center_axis',(-1.13116844979628E-5,-0.707106781186548,
0.70710678109607));
#3805=DIRECTION('ref_axis',(-1.13116844994019E-5,0.707106781186547,0.707106781096071));
#3806=DIRECTION('center_axis',(0.,1.,0.));
#3807=DIRECTION('ref_axis',(-1.59971376323397E-5,0.,0.999999999872046));
#3808=DIRECTION('',(0.,1.,0.));
#3809=DIRECTION('center_axis',(0.,1.,0.));
#3810=DIRECTION('ref_axis',(-1.59971376323397E-5,0.,0.999999999872046));
#3811=DIRECTION('',(0.,1.,0.));
#3812=DIRECTION('center_axis',(0.,1.,0.));
#3813=DIRECTION('ref_axis',(-1.59971376323397E-5,0.,0.999999999872046));
#3814=DIRECTION('center_axis',(0.,1.,0.));
#3815=DIRECTION('ref_axis',(0.992735567946586,0.,0.120316632822604));
#3816=DIRECTION('',(0.,-1.,0.));
#3817=DIRECTION('center_axis',(0.,1.,0.));
#3818=DIRECTION('ref_axis',(0.992735567946586,0.,0.120316632822604));
#3819=DIRECTION('',(0.,1.,0.));
#3820=DIRECTION('center_axis',(0.,1.,0.));
#3821=DIRECTION('ref_axis',(0.992735567946586,0.,0.120316632822604));
#3822=DIRECTION('',(0.,1.,0.));
#3823=DIRECTION('center_axis',(0.,0.707106781186548,-0.707106781186547));
#3824=DIRECTION('ref_axis',(-1.,0.,0.));
#3825=DIRECTION('',(-1.,0.,0.));
#3826=DIRECTION('center_axis',(0.,0.707106781186548,-0.707106781186547));
#3827=DIRECTION('ref_axis',(0.,0.707106781186547,0.707106781186548));
#3828=DIRECTION('',(1.,0.,0.));
#3829=DIRECTION('',(0.,0.707106781186547,0.707106781186548));
#3830=DIRECTION('center_axis',(0.,-1.,0.));
#3831=DIRECTION('ref_axis',(0.,0.,-1.));
#3832=DIRECTION('',(1.,0.,3.44811191051997E-17));
#3833=DIRECTION('',(0.,0.,-1.));
#3834=DIRECTION('center_axis',(0.,0.707106781186548,0.707106781186547));
#3835=DIRECTION('ref_axis',(1.,0.,0.));
#3836=DIRECTION('',(1.,0.,0.));
#3837=DIRECTION('center_axis',(0.,0.707106781186548,0.707106781186547));
#3838=DIRECTION('ref_axis',(0.,0.707106781186547,-0.707106781186548));
#3839=DIRECTION('',(-1.,0.,0.));
#3840=DIRECTION('',(0.,0.707106781186547,-0.707106781186548));
#3841=DIRECTION('center_axis',(0.,-1.,0.));
#3842=DIRECTION('ref_axis',(0.,0.,-1.));
#3843=DIRECTION('',(-1.,0.,-3.44811191051997E-17));
#3844=DIRECTION('',(0.,0.,1.));
#3845=DIRECTION('center_axis',(0.,-1.,0.));
#3846=DIRECTION('ref_axis',(0.,0.,-1.));
#3847=DIRECTION('',(-1.,0.,0.));
#3848=DIRECTION('',(0.,0.,1.));
#3849=DIRECTION('center_axis',(0.,-1.,0.));
#3850=DIRECTION('ref_axis',(0.,0.,-1.));
#3851=DIRECTION('',(1.,0.,0.));
#3852=DIRECTION('',(0.,0.,-1.));
#3853=DIRECTION('center_axis',(0.,1.,0.));
#3854=DIRECTION('ref_axis',(0.,0.,1.));
#3855=DIRECTION('',(-1.,0.,0.));
#3856=DIRECTION('center_axis',(0.,1.,0.));
#3857=DIRECTION('ref_axis',(0.994793537942,0.,0.101910828025478));
#3858=DIRECTION('',(3.81545973472797E-17,0.,-1.));
#3859=DIRECTION('center_axis',(0.,-1.,0.));
#3860=DIRECTION('ref_axis',(0.992737492541296,0.,0.120300751879699));
#3861=DIRECTION('center_axis',(0.,1.,0.));
#3862=DIRECTION('ref_axis',(0.994793537942,0.,0.101910828025478));
#3863=DIRECTION('',(0.,-1.,0.));
#3864=DIRECTION('center_axis',(0.,-1.,0.));
#3865=DIRECTION('ref_axis',(0.994793537942,0.,0.101910828025478));
#3866=DIRECTION('',(0.,1.,0.));
#3867=DIRECTION('center_axis',(0.,-1.,0.));
#3868=DIRECTION('ref_axis',(1.,0.,0.));
#3869=DIRECTION('',(1.,0.,0.));
#3870=DIRECTION('center_axis',(0.,1.,0.));
#3871=DIRECTION('ref_axis',(0.,0.,1.));
#3872=DIRECTION('',(3.81545973472797E-17,0.,-1.));
#3873=DIRECTION('center_axis',(0.,1.,0.));
#3874=DIRECTION('ref_axis',(-0.74725776047087,0.,-0.664534302663196));
#3875=DIRECTION('center_axis',(0.,1.,0.));
#3876=DIRECTION('ref_axis',(0.992737492541296,0.,0.120300751879699));
#3877=DIRECTION('center_axis',(0.,1.,0.));
#3878=DIRECTION('ref_axis',(-0.653457955242777,0.,-0.756962813307185));
#3879=DIRECTION('',(1.,0.,1.35813152881065E-15));
#3880=DIRECTION('center_axis',(0.,1.,0.));
#3881=DIRECTION('ref_axis',(0.751342883796912,0.,-0.659912017596089));
#3882=DIRECTION('center_axis',(0.,-1.,0.));
#3883=DIRECTION('ref_axis',(0.994924026387193,0.,0.10062893081761));
#3884=DIRECTION('center_axis',(0.,1.,0.));
#3885=DIRECTION('ref_axis',(-0.669617127001836,0.,0.742706471781287));
#3886=DIRECTION('',(3.81545973472797E-17,0.,-1.));
#3887=DIRECTION('center_axis',(0.,-1.,0.));
#3888=DIRECTION('ref_axis',(0.994793537942,0.,0.101910828025478));
#3889=DIRECTION('center_axis',(0.,0.,-1.));
#3890=DIRECTION('ref_axis',(-1.,0.,0.));
#3891=DIRECTION('',(0.,1.,0.));
#3892=DIRECTION('',(0.,-1.,0.));
#3893=DIRECTION('',(0.,1.,0.));
#3894=DIRECTION('center_axis',(0.,-1.,0.));
#3895=DIRECTION('ref_axis',(0.,0.,1.));
#3896=DIRECTION('center_axis',(1.95929153489853E-17,1.,5.08921532329997E-17));
#3897=DIRECTION('ref_axis',(-2.10219744307721E-16,-5.25549360769303E-17,
1.));
#3898=DIRECTION('center_axis',(0.,1.,0.));
#3899=DIRECTION('ref_axis',(0.,0.,1.));
#3900=DIRECTION('center_axis',(0.,1.,0.));
#3901=DIRECTION('ref_axis',(-2.10219744307721E-16,0.,1.));
#3902=DIRECTION('',(0.,1.,0.));
#3903=DIRECTION('center_axis',(0.,1.,0.));
#3904=DIRECTION('ref_axis',(0.,0.,1.));
#3905=DIRECTION('center_axis',(0.,-1.,0.));
#3906=DIRECTION('ref_axis',(0.,0.,1.));
#3907=DIRECTION('center_axis',(0.,1.,0.));
#3908=DIRECTION('ref_axis',(0.,0.,1.));
#3909=DIRECTION('',(0.,-1.,0.));
#3910=DIRECTION('center_axis',(0.,1.,0.));
#3911=DIRECTION('ref_axis',(0.,0.,1.));
#3912=DIRECTION('center_axis',(0.,1.,0.));
#3913=DIRECTION('ref_axis',(0.,0.,1.));
#3914=DIRECTION('center_axis',(0.,1.,0.));
#3915=DIRECTION('ref_axis',(0.992737492541296,0.,0.120300751879699));
#3916=DIRECTION('center_axis',(0.,1.,0.));
#3917=DIRECTION('ref_axis',(0.994793537942,0.,0.101910828025478));
#3918=DIRECTION('center_axis',(0.,1.,0.));
#3919=DIRECTION('ref_axis',(0.994793537942,0.,0.101910828025478));
#3920=DIRECTION('',(0.,-1.,0.));
#3921=DIRECTION('center_axis',(0.,-1.,0.));
#3922=DIRECTION('ref_axis',(0.994793537942,0.,0.101910828025478));
#3923=DIRECTION('',(0.,1.,0.));
#3924=DIRECTION('center_axis',(0.,-1.,0.));
#3925=DIRECTION('ref_axis',(1.,0.,0.));
#3926=DIRECTION('',(0.999999999872046,0.,1.59971376303507E-5));
#3927=DIRECTION('center_axis',(0.,-1.,0.));
#3928=DIRECTION('ref_axis',(0.994793537942,0.,0.101910828025478));
#3929=DIRECTION('',(-3.81545973472797E-17,0.,1.));
#3930=DIRECTION('center_axis',(0.,1.,0.));
#3931=DIRECTION('ref_axis',(0.669617127001838,0.,0.742706471781285));
#3932=DIRECTION('center_axis',(0.,-1.,0.));
#3933=DIRECTION('ref_axis',(0.994924026387193,0.,0.10062893081761));
#3934=DIRECTION('center_axis',(0.,1.,0.));
#3935=DIRECTION('ref_axis',(-0.751332326997411,0.,-0.659924036847163));
#3936=DIRECTION('',(0.999999999872046,0.,1.59971376185025E-5));
#3937=DIRECTION('center_axis',(0.,1.,0.));
#3938=DIRECTION('ref_axis',(0.653470064397466,0.,-0.756952359753487));
#3939=DIRECTION('center_axis',(0.,1.,0.));
#3940=DIRECTION('ref_axis',(0.992737492541296,0.,0.120300751879699));
#3941=DIRECTION('center_axis',(0.,1.,0.));
#3942=DIRECTION('ref_axis',(0.74725776047087,0.,-0.664534302663196));
#3943=DIRECTION('',(-3.81545973472797E-17,0.,1.));
#3944=DIRECTION('center_axis',(0.,1.,0.));
#3945=DIRECTION('ref_axis',(0.992737492541296,0.,0.120300751879699));
#3946=DIRECTION('center_axis',(0.,1.,0.));
#3947=DIRECTION('ref_axis',(0.,0.,1.));
#3948=DIRECTION('',(0.,-1.,0.));
#3949=DIRECTION('center_axis',(1.95929153489853E-17,1.,5.08921532329997E-17));
#3950=DIRECTION('ref_axis',(-2.10219744307721E-16,-5.25549360769303E-17,
1.));
#3951=DIRECTION('',(0.,-1.,0.));
#3952=DIRECTION('center_axis',(0.,1.,0.));
#3953=DIRECTION('ref_axis',(-2.10219744307721E-16,0.,1.));
#3954=DIRECTION('center_axis',(0.,-1.,0.));
#3955=DIRECTION('ref_axis',(0.,0.,1.));
#3956=DIRECTION('center_axis',(0.,1.,0.));
#3957=DIRECTION('ref_axis',(0.,0.,1.));
#3958=DIRECTION('center_axis',(0.,-1.,0.));
#3959=DIRECTION('ref_axis',(0.,0.,1.));
#3960=DIRECTION('center_axis',(0.,1.,0.));
#3961=DIRECTION('ref_axis',(0.,0.,1.));
#3962=DIRECTION('center_axis',(0.,1.,0.));
#3963=DIRECTION('ref_axis',(0.,0.,1.));
#3964=DIRECTION('',(-0.999999999872046,0.,-1.59971376303507E-5));
#3965=DIRECTION('center_axis',(0.,-1.,0.));
#3966=DIRECTION('ref_axis',(0.992737492541296,0.,0.120300751879699));
#3967=DIRECTION('',(-3.81545973472797E-17,0.,1.));
#3968=DIRECTION('center_axis',(1.59971376303507E-5,0.,-0.999999999872046));
#3969=DIRECTION('ref_axis',(-0.999999999872046,0.,-1.59971376303507E-5));
#3970=DIRECTION('',(0.,1.,0.));
#3971=DIRECTION('',(0.,1.,0.));
#3972=DIRECTION('center_axis',(0.,1.,0.));
#3973=DIRECTION('ref_axis',(0.992737492541296,0.,0.120300751879699));
#3974=DIRECTION('center_axis',(0.,1.,0.));
#3975=DIRECTION('ref_axis',(0.992737492541296,0.,0.120300751879699));
#3976=DIRECTION('',(0.,1.,0.));
#3977=DIRECTION('center_axis',(0.,1.,0.));
#3978=DIRECTION('ref_axis',(0.,0.,1.));
#3979=DIRECTION('center_axis',(0.,1.,0.));
#3980=DIRECTION('ref_axis',(0.,0.,1.));
#3981=DIRECTION('center_axis',(0.,-1.,0.));
#3982=DIRECTION('ref_axis',(0.,0.,1.));
#3983=DIRECTION('',(0.,1.,0.));
#3984=DIRECTION('center_axis',(0.,1.,0.));
#3985=DIRECTION('ref_axis',(0.,0.,1.));
#3986=DIRECTION('',(0.999999999872046,0.,1.59971376303045E-5));
#3987=DIRECTION('center_axis',(0.,1.,0.));
#3988=DIRECTION('ref_axis',(-0.99479190753317,0.,-0.101926741861578));
#3989=DIRECTION('',(-3.81545973472797E-17,0.,1.));
#3990=DIRECTION('center_axis',(0.,-1.,0.));
#3991=DIRECTION('ref_axis',(-0.992735567946586,0.,-0.120316632822605));
#3992=DIRECTION('center_axis',(0.,1.,0.));
#3993=DIRECTION('ref_axis',(-0.99479190753317,0.,-0.101926741861578));
#3994=DIRECTION('',(0.,-1.,0.));
#3995=DIRECTION('center_axis',(0.,-1.,0.));
#3996=DIRECTION('ref_axis',(-0.99479190753317,0.,-0.101926741861578));
#3997=DIRECTION('',(0.,1.,0.));
#3998=DIRECTION('center_axis',(0.,-1.,0.));
#3999=DIRECTION('ref_axis',(-1.,0.,-1.22464679914735E-16));
#4000=DIRECTION('',(-0.999999999872046,0.,-1.59971376303045E-5));
#4001=DIRECTION('center_axis',(0.,1.,0.));
#4002=DIRECTION('ref_axis',(-0.992735567946586,0.,-0.120316632822605));
#4003=DIRECTION('',(-3.81545973472797E-17,0.,1.));
#4004=DIRECTION('center_axis',(0.,1.,0.));
#4005=DIRECTION('ref_axis',(0.74725776047087,0.,0.664534302663196));
#4006=DIRECTION('center_axis',(0.,1.,0.));
#4007=DIRECTION('ref_axis',(-0.992737492541296,0.,-0.120300751879699));
#4008=DIRECTION('center_axis',(0.,1.,0.));
#4009=DIRECTION('ref_axis',(0.653457955242777,0.,0.756962813307186));
#4010=DIRECTION('',(-1.,0.,-1.48059620872539E-15));
#4011=DIRECTION('center_axis',(0.,1.,0.));
#4012=DIRECTION('ref_axis',(-0.751342883796912,0.,0.659912017596088));
#4013=DIRECTION('center_axis',(0.,-1.,0.));
#4014=DIRECTION('ref_axis',(-0.994924026387193,0.,-0.10062893081761));
#4015=DIRECTION('center_axis',(0.,1.,0.));
#4016=DIRECTION('ref_axis',(0.669617127001836,0.,-0.742706471781286));
#4017=DIRECTION('',(-3.81545973472797E-17,0.,1.));
#4018=DIRECTION('center_axis',(0.,-1.,0.));
#4019=DIRECTION('ref_axis',(-0.99479190753317,0.,-0.101926741861578));
#4020=DIRECTION('center_axis',(-1.59971376303045E-5,0.,0.999999999872046));
#4021=DIRECTION('ref_axis',(0.999999999872046,0.,1.59971376303045E-5));
#4022=DIRECTION('',(0.,1.,0.));
#4023=DIRECTION('',(0.,1.,0.));
#4024=DIRECTION('',(0.,1.,0.));
#4025=DIRECTION('center_axis',(0.,-1.,0.));
#4026=DIRECTION('ref_axis',(0.,0.,-1.));
#4027=DIRECTION('center_axis',(-1.95929153489853E-17,-1.,5.08921532329997E-17));
#4028=DIRECTION('ref_axis',(-2.10219744307721E-16,-5.25549360769303E-17,
-1.));
#4029=DIRECTION('center_axis',(0.,-1.,0.));
#4030=DIRECTION('ref_axis',(0.,0.,-1.));
#4031=DIRECTION('center_axis',(0.,-1.,0.));
#4032=DIRECTION('ref_axis',(-2.10219744307721E-16,0.,-1.));
#4033=DIRECTION('',(0.,1.,0.));
#4034=DIRECTION('center_axis',(0.,1.,0.));
#4035=DIRECTION('ref_axis',(0.,0.,-1.));
#4036=DIRECTION('center_axis',(0.,1.,0.));
#4037=DIRECTION('ref_axis',(0.,0.,-1.));
#4038=DIRECTION('center_axis',(0.,-1.,0.));
#4039=DIRECTION('ref_axis',(0.,0.,-1.));
#4040=DIRECTION('',(0.,-1.,0.));
#4041=DIRECTION('center_axis',(0.,-1.,0.));
#4042=DIRECTION('ref_axis',(0.,0.,-1.));
#4043=DIRECTION('center_axis',(0.,1.,0.));
#4044=DIRECTION('ref_axis',(0.,0.,-1.));
#4045=DIRECTION('center_axis',(0.,1.,0.));
#4046=DIRECTION('ref_axis',(-0.992735567946586,0.,-0.120316632822605));
#4047=DIRECTION('center_axis',(0.,1.,0.));
#4048=DIRECTION('ref_axis',(-0.999999687452699,0.,-0.000790629182949249));
#4049=DIRECTION('center_axis',(0.,-1.,0.));
#4050=DIRECTION('ref_axis',(1.,0.,0.));
#4051=DIRECTION('',(0.,1.,0.));
#4052=DIRECTION('center_axis',(0.,-1.,0.));
#4053=DIRECTION('ref_axis',(1.,0.,0.));
#4054=DIRECTION('',(0.,1.,0.));
#4055=DIRECTION('center_axis',(0.,-1.,0.));
#4056=DIRECTION('ref_axis',(1.,0.,0.));
#4057=DIRECTION('',(1.,0.,1.11914814318654E-15));
#4058=DIRECTION('',(0.,0.,1.));
#4059=DIRECTION('',(-1.,0.,-3.72822285874179E-16));
#4060=DIRECTION('center_axis',(0.,1.,0.));
#4061=DIRECTION('ref_axis',(1.,0.,0.));
#4062=DIRECTION('center_axis',(0.,-1.,0.));
#4063=DIRECTION('ref_axis',(1.,0.,0.));
#4064=DIRECTION('',(0.,1.,0.));
#4065=DIRECTION('center_axis',(0.,-1.,0.));
#4066=DIRECTION('ref_axis',(1.,0.,0.));
#4067=DIRECTION('',(0.,1.,0.));
#4068=DIRECTION('center_axis',(0.,-1.,0.));
#4069=DIRECTION('ref_axis',(1.,0.,0.));
#4070=DIRECTION('',(1.59878306169505E-15,0.,-1.));
#4071=DIRECTION('',(1.,0.,0.));
#4072=DIRECTION('',(-2.13041306213816E-16,0.,1.));
#4073=DIRECTION('center_axis',(0.,1.,0.));
#4074=DIRECTION('ref_axis',(1.,0.,0.));
#4075=DIRECTION('center_axis',(0.,-1.,0.));
#4076=DIRECTION('ref_axis',(1.,0.,0.));
#4077=DIRECTION('',(0.,1.,0.));
#4078=DIRECTION('center_axis',(0.,-1.,0.));
#4079=DIRECTION('ref_axis',(1.,0.,0.));
#4080=DIRECTION('',(0.,1.,0.));
#4081=DIRECTION('center_axis',(0.,-1.,0.));
#4082=DIRECTION('ref_axis',(1.,0.,0.));
#4083=DIRECTION('',(-2.07841798020357E-15,0.,1.));
#4084=DIRECTION('',(-1.,0.,0.));
#4085=DIRECTION('',(3.72822285874179E-16,0.,-1.));
#4086=DIRECTION('center_axis',(0.,1.,0.));
#4087=DIRECTION('ref_axis',(1.,0.,0.));
#4088=DIRECTION('center_axis',(0.,-1.,0.));
#4089=DIRECTION('ref_axis',(1.,0.,0.));
#4090=DIRECTION('',(0.,1.,0.));
#4091=DIRECTION('center_axis',(0.,-1.,0.));
#4092=DIRECTION('ref_axis',(1.,0.,0.));
#4093=DIRECTION('',(0.,1.,0.));
#4094=DIRECTION('center_axis',(0.,-1.,0.));
#4095=DIRECTION('ref_axis',(1.,0.,0.));
#4096=DIRECTION('',(0.,0.,-1.));
#4097=DIRECTION('',(1.,0.,-3.2488799197607E-15));
#4098=DIRECTION('',(-1.,0.,-6.9280599340119E-16));
#4099=DIRECTION('center_axis',(0.,1.,0.));
#4100=DIRECTION('ref_axis',(0.,0.,1.));
#4101=DIRECTION('center_axis',(0.,-1.,0.));
#4102=DIRECTION('ref_axis',(-1.,0.,0.));
#4103=DIRECTION('center_axis',(0.,-1.,0.));
#4104=DIRECTION('ref_axis',(-1.,0.,0.));
#4105=DIRECTION('center_axis',(0.,-1.,0.));
#4106=DIRECTION('ref_axis',(-1.,0.,0.));
#4107=DIRECTION('center_axis',(0.,-1.,0.));
#4108=DIRECTION('ref_axis',(-1.,0.,0.));
#4109=DIRECTION('center_axis',(0.,-1.,0.));
#4110=DIRECTION('ref_axis',(-1.,0.,0.));
#4111=DIRECTION('center_axis',(0.,1.,0.));
#4112=DIRECTION('ref_axis',(0.653457955242777,0.,0.756962813307186));
#4113=DIRECTION('center_axis',(0.,-1.,0.));
#4114=DIRECTION('ref_axis',(0.653457955242777,0.,0.756962813307186));
#4115=DIRECTION('',(0.,1.,0.));
#4116=DIRECTION('',(0.,-1.,0.));
#4117=DIRECTION('center_axis',(1.48059620872539E-15,0.,-1.));
#4118=DIRECTION('ref_axis',(-1.,0.,-1.48059620872539E-15));
#4119=DIRECTION('',(-1.,0.,-1.48059620872539E-15));
#4120=DIRECTION('',(0.,-1.,0.));
#4121=DIRECTION('center_axis',(0.,1.,0.));
#4122=DIRECTION('ref_axis',(-0.751342883796912,0.,0.659912017596088));
#4123=DIRECTION('center_axis',(0.,-1.,0.));
#4124=DIRECTION('ref_axis',(-0.751342883796912,0.,0.659912017596088));
#4125=DIRECTION('',(0.,1.,0.));
#4126=DIRECTION('center_axis',(0.,1.,0.));
#4127=DIRECTION('ref_axis',(-0.994924026387193,0.,-0.10062893081761));
#4128=DIRECTION('center_axis',(0.,-1.,0.));
#4129=DIRECTION('ref_axis',(-0.994924026387193,0.,-0.10062893081761));
#4130=DIRECTION('',(0.,-1.,0.));
#4131=DIRECTION('center_axis',(0.,1.,0.));
#4132=DIRECTION('ref_axis',(-0.751332326997411,0.,-0.659924036847163));
#4133=DIRECTION('center_axis',(0.,-1.,0.));
#4134=DIRECTION('ref_axis',(-0.751332326997411,0.,-0.659924036847163));
#4135=DIRECTION('',(0.,1.,0.));
#4136=DIRECTION('',(0.,-1.,0.));
#4137=DIRECTION('center_axis',(-1.59971376185025E-5,0.,0.999999999872046));
#4138=DIRECTION('ref_axis',(0.999999999872046,0.,1.59971376185025E-5));
#4139=DIRECTION('',(0.999999999872046,0.,1.59971376185025E-5));
#4140=DIRECTION('',(0.,-1.,0.));
#4141=DIRECTION('center_axis',(0.,1.,0.));
#4142=DIRECTION('ref_axis',(0.653470064397466,0.,-0.756952359753487));
#4143=DIRECTION('center_axis',(0.,-1.,0.));
#4144=DIRECTION('ref_axis',(0.653470064397466,0.,-0.756952359753487));
#4145=DIRECTION('',(0.,1.,0.));
#4146=DIRECTION('center_axis',(0.,1.,0.));
#4147=DIRECTION('ref_axis',(0.992737492541296,0.,0.120300751879699));
#4148=DIRECTION('center_axis',(0.,1.,0.));
#4149=DIRECTION('ref_axis',(0.992737492541296,0.,0.120300751879699));
#4150=DIRECTION('',(0.,-1.,0.));
#4151=DIRECTION('center_axis',(0.,1.,0.));
#4152=DIRECTION('ref_axis',(-0.653457955242777,0.,-0.756962813307185));
#4153=DIRECTION('center_axis',(0.,-1.,0.));
#4154=DIRECTION('ref_axis',(-0.653457955242777,0.,-0.756962813307185));
#4155=DIRECTION('',(0.,1.,0.));
#4156=DIRECTION('',(0.,-1.,0.));
#4157=DIRECTION('center_axis',(-1.35813152881065E-15,0.,1.));
#4158=DIRECTION('ref_axis',(1.,0.,1.35813152881065E-15));
#4159=DIRECTION('',(1.,0.,1.35813152881065E-15));
#4160=DIRECTION('',(0.,-1.,0.));
#4161=DIRECTION('center_axis',(0.,1.,0.));
#4162=DIRECTION('ref_axis',(0.751342883796912,0.,-0.659912017596089));
#4163=DIRECTION('center_axis',(0.,-1.,0.));
#4164=DIRECTION('ref_axis',(0.751342883796912,0.,-0.659912017596089));
#4165=DIRECTION('',(0.,1.,0.));
#4166=DIRECTION('center_axis',(0.,1.,0.));
#4167=DIRECTION('ref_axis',(0.994924026387193,0.,0.10062893081761));
#4168=DIRECTION('center_axis',(0.,-1.,0.));
#4169=DIRECTION('ref_axis',(0.994924026387193,0.,0.10062893081761));
#4170=DIRECTION('',(0.,-1.,0.));
#4171=DIRECTION('center_axis',(0.,1.,0.));
#4172=DIRECTION('ref_axis',(0.74725776047087,0.,0.664534302663196));
#4173=DIRECTION('',(0.,-1.,0.));
#4174=DIRECTION('center_axis',(0.,-1.,0.));
#4175=DIRECTION('ref_axis',(0.74725776047087,0.,0.664534302663196));
#4176=DIRECTION('',(0.,1.,0.));
#4177=DIRECTION('center_axis',(-1.,0.,-3.81545973472797E-17));
#4178=DIRECTION('ref_axis',(-3.81545973472797E-17,0.,1.));
#4179=DIRECTION('',(0.,-1.,0.));
#4180=DIRECTION('',(0.,1.,0.));
#4181=DIRECTION('',(-3.81545973472797E-17,0.,1.));
#4182=DIRECTION('center_axis',(0.,-1.,0.));
#4183=DIRECTION('ref_axis',(0.669617127001836,0.,-0.742706471781286));
#4184=DIRECTION('center_axis',(0.,-1.,0.));
#4185=DIRECTION('ref_axis',(0.669617127001836,0.,-0.742706471781286));
#4186=DIRECTION('center_axis',(0.,1.,0.));
#4187=DIRECTION('ref_axis',(-0.669617127001838,0.,-0.742706471781285));
#4188=DIRECTION('center_axis',(0.,1.,0.));
#4189=DIRECTION('ref_axis',(-0.669617127001838,0.,-0.742706471781285));
#4190=DIRECTION('',(0.,-1.,0.));
#4191=DIRECTION('center_axis',(0.,-1.,0.));
#4192=DIRECTION('ref_axis',(-0.669617127001838,0.,-0.742706471781285));
#4193=DIRECTION('',(0.,1.,0.));
#4194=DIRECTION('center_axis',(1.,0.,3.81545973472797E-17));
#4195=DIRECTION('ref_axis',(3.81545973472797E-17,0.,-1.));
#4196=DIRECTION('',(3.81545973472797E-17,0.,-1.));
#4197=DIRECTION('',(0.,-1.,0.));
#4198=DIRECTION('',(0.,-1.,0.));
#4199=DIRECTION('',(3.81545973472797E-17,0.,-1.));
#4200=DIRECTION('',(0.,1.,0.));
#4201=DIRECTION('',(0.,1.,0.));
#4202=DIRECTION('',(3.81545973472797E-17,0.,-1.));
#4203=DIRECTION('',(0.,1.,0.));
#4204=DIRECTION('',(3.81545973472797E-17,0.,-1.));
#4205=DIRECTION('center_axis',(0.,-1.,0.));
#4206=DIRECTION('ref_axis',(-0.74725776047087,0.,0.664534302663196));
#4207=DIRECTION('center_axis',(0.,1.,0.));
#4208=DIRECTION('ref_axis',(-0.74725776047087,0.,0.664534302663196));
#4209=DIRECTION('',(0.,-1.,0.));
#4210=DIRECTION('center_axis',(0.,-1.,0.));
#4211=DIRECTION('ref_axis',(-0.74725776047087,0.,0.664534302663196));
#4212=DIRECTION('center_axis',(0.,1.,0.));
#4213=DIRECTION('ref_axis',(-0.992737492541296,0.,-0.120300751879699));
#4214=DIRECTION('center_axis',(0.,1.,0.));
#4215=DIRECTION('ref_axis',(-0.992737492541296,0.,-0.120300751879699));
#4216=DIRECTION('',(0.,1.,0.));
#4217=DIRECTION('center_axis',(0.,1.,0.));
#4218=DIRECTION('ref_axis',(-0.992737492541296,0.,-0.120300751879699));
#4219=DIRECTION('center_axis',(0.,-1.,0.));
#4220=DIRECTION('ref_axis',(-0.669617127001836,0.,0.742706471781287));
#4221=DIRECTION('center_axis',(0.,-1.,0.));
#4222=DIRECTION('ref_axis',(-0.669617127001836,0.,0.742706471781287));
#4223=DIRECTION('',(0.,1.,0.));
#4224=DIRECTION('center_axis',(0.,1.,0.));
#4225=DIRECTION('ref_axis',(-0.74725776047087,0.,-0.664534302663196));
#4226=DIRECTION('',(0.,-1.,0.));
#4227=DIRECTION('center_axis',(0.,-1.,0.));
#4228=DIRECTION('ref_axis',(-0.74725776047087,0.,-0.664534302663196));
#4229=DIRECTION('',(0.,1.,0.));
#4230=DIRECTION('center_axis',(1.,0.,3.81545973472797E-17));
#4231=DIRECTION('ref_axis',(3.81545973472797E-17,0.,-1.));
#4232=DIRECTION('',(3.81545973472797E-17,0.,-1.));
#4233=DIRECTION('',(0.,-1.,0.));
#4234=DIRECTION('center_axis',(0.,-1.,0.));
#4235=DIRECTION('ref_axis',(0.74725776047087,0.,-0.664534302663196));
#4236=DIRECTION('center_axis',(0.,-1.,0.));
#4237=DIRECTION('ref_axis',(0.74725776047087,0.,-0.664534302663196));
#4238=DIRECTION('',(0.,1.,0.));
#4239=DIRECTION('center_axis',(0.,1.,0.));
#4240=DIRECTION('ref_axis',(0.669617127001838,0.,0.742706471781285));
#4241=DIRECTION('',(0.,-1.,0.));
#4242=DIRECTION('center_axis',(0.,-1.,0.));
#4243=DIRECTION('ref_axis',(0.669617127001838,0.,0.742706471781285));
#4244=DIRECTION('',(0.,1.,0.));
#4245=DIRECTION('center_axis',(-1.,0.,-3.81545973472797E-17));
#4246=DIRECTION('ref_axis',(-3.81545973472797E-17,0.,1.));
#4247=DIRECTION('',(-3.81545973472797E-17,0.,1.));
#4248=DIRECTION('center_axis',(0.,-1.,0.));
#4249=DIRECTION('ref_axis',(0.,0.,1.));
#4250=DIRECTION('center_axis',(0.,1.,0.));
#4251=DIRECTION('ref_axis',(-1.,0.,0.));
#4252=DIRECTION('center_axis',(0.,1.,0.));
#4253=DIRECTION('ref_axis',(0.994793537942,0.,0.101910828025478));
#4254=DIRECTION('',(0.,0.,-1.));
#4255=DIRECTION('',(-1.,0.,0.));
#4256=DIRECTION('center_axis',(0.,-1.,0.));
#4257=DIRECTION('ref_axis',(0.992737492541296,0.,0.120300751879699));
#4258=DIRECTION('',(0.,0.,-1.));
#4259=DIRECTION('',(-1.,0.,-3.44811191051997E-17));
#4260=DIRECTION('center_axis',(0.,1.,0.));
#4261=DIRECTION('ref_axis',(0.,0.,-1.));
#4262=DIRECTION('center_axis',(0.,1.,0.));
#4263=DIRECTION('ref_axis',(0.992737492541296,0.,0.120300751879699));
#4264=DIRECTION('center_axis',(0.,-1.,0.));
#4265=DIRECTION('ref_axis',(1.,0.,0.));
#4266=DIRECTION('center_axis',(0.,-1.,0.));
#4267=DIRECTION('ref_axis',(0.994924026387193,0.,0.10062893081761));
#4268=DIRECTION('center_axis',(0.,1.,0.));
#4269=DIRECTION('ref_axis',(0.,0.,-1.));
#4270=DIRECTION('center_axis',(0.,-1.,0.));
#4271=DIRECTION('ref_axis',(-0.99479190753317,0.,-0.101926741861578));
#4272=DIRECTION('center_axis',(0.,1.,0.));
#4273=DIRECTION('ref_axis',(0.,0.,-1.));
#4274=DIRECTION('',(0.703517525823804,0.707106781186528,-0.0711553993649162));
#4275=DIRECTION('center_axis',(0.,-1.,0.));
#4276=DIRECTION('ref_axis',(-2.10219744307721E-16,0.,-1.));
#4277=DIRECTION('center_axis',(0.,1.,0.));
#4278=DIRECTION('ref_axis',(-1.,0.,0.));
#4279=DIRECTION('center_axis',(0.,-1.,0.));
#4280=DIRECTION('ref_axis',(-0.992735567946586,0.,-0.120316632822605));
#4281=DIRECTION('',(0.,0.,1.));
#4282=DIRECTION('',(1.,0.,0.));
#4283=DIRECTION('center_axis',(0.,1.,0.));
#4284=DIRECTION('ref_axis',(-0.99479190753317,0.,-0.101926741861578));
#4285=DIRECTION('',(0.,0.,1.));
#4286=DIRECTION('',(1.,0.,3.44811191051997E-17));
#4287=DIRECTION('center_axis',(0.,1.,0.));
#4288=DIRECTION('ref_axis',(0.,0.,1.));
#4289=DIRECTION('',(-0.999999999872046,0.,-1.59971376186249E-5));
#4290=DIRECTION('center_axis',(0.,-1.,0.));
#4291=DIRECTION('ref_axis',(-0.994924026387193,0.,-0.10062893081761));
#4292=DIRECTION('center_axis',(0.,1.,0.));
#4293=DIRECTION('ref_axis',(-0.992737492541296,0.,-0.120300751879699));
#4294=DIRECTION('center_axis',(0.,-1.,0.));
#4295=DIRECTION('ref_axis',(1.,0.,0.));
#4296=DIRECTION('center_axis',(0.,-1.,0.));
#4297=DIRECTION('ref_axis',(0.,0.,-1.));
#4298=DIRECTION('center_axis',(0.120136838834647,0.,0.992757341929446));
#4299=DIRECTION('ref_axis',(0.992757341929446,0.,-0.120136838834647));
#4300=DIRECTION('',(-0.992757341929446,0.,0.120136838834647));
#4301=DIRECTION('',(0.701985448551002,-0.707106781186589,-0.0849495734102894));
#4302=DIRECTION('',(-1.25900419142459E-15,-1.,1.52356247845378E-16));
#4303=DIRECTION('',(-0.701985448551048,-0.707106781186543,0.084949573410295));
#4304=DIRECTION('',(0.,1.,0.));
#4305=DIRECTION('center_axis',(0.,-1.,0.));
#4306=DIRECTION('ref_axis',(-1.,0.,-1.22464679914735E-16));
#4307=DIRECTION('center_axis',(0.,-1.,0.));
#4308=DIRECTION('ref_axis',(0.994793537942,0.,-0.101910828025478));
#4309=DIRECTION('center_axis',(0.,-1.,0.));
#4310=DIRECTION('ref_axis',(-0.994924026387193,0.,-0.10062893081761));
#4311=DIRECTION('',(-0.999999999872046,0.,-1.59971376186249E-5));
#4312=DIRECTION('center_axis',(0.,1.,0.));
#4313=DIRECTION('ref_axis',(0.,0.,-1.));
#4314=DIRECTION('center_axis',(0.,-1.,0.));
#4315=DIRECTION('ref_axis',(0.,0.,1.));
#4316=DIRECTION('',(-1.,0.,0.));
#4317=DIRECTION('center_axis',(0.,-1.,0.));
#4318=DIRECTION('ref_axis',(0.,0.,-1.));
#4319=DIRECTION('center_axis',(0.,-1.,0.));
#4320=DIRECTION('ref_axis',(0.,0.,-1.));
#4321=DIRECTION('center_axis',(0.,-1.,0.));
#4322=DIRECTION('ref_axis',(0.,0.,-1.));
#4323=DIRECTION('',(0.,1.,0.));
#4324=DIRECTION('center_axis',(-1.95929153489853E-17,-1.,5.08921532329997E-17));
#4325=DIRECTION('ref_axis',(-2.10219744307721E-16,-5.25549360769303E-17,
-1.));
#4326=DIRECTION('center_axis',(0.,-1.,0.));
#4327=DIRECTION('ref_axis',(0.,0.,-1.));
#4328=DIRECTION('',(-0.703517525823777,0.707106781186555,0.0711553993649135));
#4329=DIRECTION('center_axis',(-4.06282539138468E-17,-1.,1.05530968053705E-16));
#4330=DIRECTION('ref_axis',(-4.35915788809875E-16,-1.08978947202469E-16,
-1.));
#4331=DIRECTION('center_axis',(0.,-1.,0.));
#4332=DIRECTION('ref_axis',(-0.99479190753317,0.,-0.101926741861578));
#4333=DIRECTION('center_axis',(0.,1.,0.));
#4334=DIRECTION('ref_axis',(0.,0.,1.));
#4335=DIRECTION('center_axis',(0.,1.,0.));
#4336=DIRECTION('ref_axis',(0.,0.,1.));
#4337=DIRECTION('',(0.,1.,0.));
#4338=DIRECTION('',(0.,1.,0.));
#4339=DIRECTION('center_axis',(-2.43818331421877E-17,-0.707106781186548,
0.707106781186547));
#4340=DIRECTION('ref_axis',(1.,0.,3.44811191051997E-17));
#4341=DIRECTION('',(1.,0.,3.44811191051997E-17));
#4342=DIRECTION('',(0.,0.707106781186547,0.707106781186548));
#4343=DIRECTION('center_axis',(3.44811191051997E-17,0.,-1.));
#4344=DIRECTION('ref_axis',(1.,0.,3.44811191051997E-17));
#4345=DIRECTION('',(0.,-1.,0.));
#4346=DIRECTION('center_axis',(0.,-1.,0.));
#4347=DIRECTION('ref_axis',(1.,0.,0.));
#4348=DIRECTION('',(0.707106781186548,0.707106781186547,8.65956056235494E-17));
#4349=DIRECTION('center_axis',(0.,1.,0.));
#4350=DIRECTION('ref_axis',(1.,0.,0.));
#4351=DIRECTION('center_axis',(0.,1.,0.));
#4352=DIRECTION('ref_axis',(1.,0.,0.));
#4353=DIRECTION('',(0.,1.,0.));
#4354=DIRECTION('center_axis',(0.,1.,0.));
#4355=DIRECTION('ref_axis',(1.,0.,0.));
#4356=DIRECTION('center_axis',(2.43818331421877E-17,-0.707106781186546,
-0.707106781186549));
#4357=DIRECTION('ref_axis',(-1.,0.,-3.44811191051997E-17));
#4358=DIRECTION('',(0.,0.707106781186549,-0.707106781186546));
#4359=DIRECTION('',(-1.,0.,-3.44811191051997E-17));
#4360=DIRECTION('center_axis',(-3.44811191051997E-17,0.,1.));
#4361=DIRECTION('ref_axis',(-1.,0.,-3.44811191051997E-17));
#4362=DIRECTION('',(0.,-1.,0.));
#4363=DIRECTION('center_axis',(0.,-1.,0.));
#4364=DIRECTION('ref_axis',(1.,0.,0.));
#4365=DIRECTION('',(0.707106781186548,0.707106781186547,8.65956056235494E-17));
#4366=DIRECTION('center_axis',(0.,1.,0.));
#4367=DIRECTION('ref_axis',(1.,0.,0.));
#4368=DIRECTION('center_axis',(0.,1.,0.));
#4369=DIRECTION('ref_axis',(1.,0.,0.));
#4370=DIRECTION('',(0.,1.,0.));
#4371=DIRECTION('center_axis',(0.,1.,0.));
#4372=DIRECTION('ref_axis',(1.,0.,0.));
#4373=DIRECTION('center_axis',(0.,-0.707106781186548,0.707106781186547));
#4374=DIRECTION('ref_axis',(1.,0.,0.));
#4375=DIRECTION('',(0.,0.707106781186547,0.707106781186548));
#4376=DIRECTION('',(1.,0.,0.));
#4377=DIRECTION('center_axis',(-1.,0.,0.));
#4378=DIRECTION('ref_axis',(0.,0.,-1.));
#4379=DIRECTION('',(0.,-1.,0.));
#4380=DIRECTION('center_axis',(0.,-0.707106781186546,-0.707106781186549));
#4381=DIRECTION('ref_axis',(-1.,0.,0.));
#4382=DIRECTION('',(0.,0.707106781186549,-0.707106781186546));
#4383=DIRECTION('',(-1.,0.,0.));
#4384=DIRECTION('center_axis',(1.,0.,0.));
#4385=DIRECTION('ref_axis',(0.,0.,1.));
#4386=DIRECTION('',(0.,-1.,0.));
#4387=DIRECTION('center_axis',(0.,0.,-1.));
#4388=DIRECTION('ref_axis',(1.,0.,0.));
#4389=DIRECTION('center_axis',(1.,0.,0.));
#4390=DIRECTION('ref_axis',(0.,0.,1.));
#4391=DIRECTION('center_axis',(0.,0.,1.));
#4392=DIRECTION('ref_axis',(-1.,0.,0.));
#4393=DIRECTION('center_axis',(-1.59971376303045E-5,0.,0.999999999872046));
#4394=DIRECTION('ref_axis',(0.999999999872046,0.,1.59971376303045E-5));
#4395=DIRECTION('',(0.999999999872046,0.,1.59971376303045E-5));
#4396=DIRECTION('center_axis',(-1.,0.,0.));
#4397=DIRECTION('ref_axis',(0.,0.,-1.));
#4398=DIRECTION('center_axis',(1.59971376303507E-5,0.,-0.999999999872046));
#4399=DIRECTION('ref_axis',(-0.999999999872046,0.,-1.59971376303507E-5));
#4400=DIRECTION('',(-0.999999999872046,0.,-1.59971376303507E-5));
#4401=DIRECTION('center_axis',(0.,0.,-1.));
#4402=DIRECTION('ref_axis',(-1.,0.,0.));
#4403=DIRECTION('',(-1.,0.,0.));
#4404=DIRECTION('',(0.,1.,0.));
#4405=DIRECTION('center_axis',(1.83697019872103E-16,0.,-1.));
#4406=DIRECTION('ref_axis',(1.,0.,1.83697019872103E-16));
#4407=DIRECTION('',(0.,1.,0.));
#4408=DIRECTION('',(1.,0.,1.83697019872103E-16));
#4409=DIRECTION('',(0.,-1.,0.));
#4410=DIRECTION('center_axis',(-1.,0.,-1.83697019872103E-16));
#4411=DIRECTION('ref_axis',(1.83697019872103E-16,0.,-1.));
#4412=DIRECTION('',(0.,1.,0.));
#4413=DIRECTION('',(1.83697019872103E-16,0.,-1.));
#4414=DIRECTION('center_axis',(-1.49002550352567E-16,0.,1.));
#4415=DIRECTION('ref_axis',(-1.,0.,-1.49002550352567E-16));
#4416=DIRECTION('',(0.,1.,0.));
#4417=DIRECTION('',(-1.,0.,-1.49002550352567E-16));
#4418=DIRECTION('center_axis',(0.,-1.,0.));
#4419=DIRECTION('ref_axis',(-1.83697019872103E-16,0.,1.));
#4420=DIRECTION('center_axis',(0.,1.,0.));
#4421=DIRECTION('ref_axis',(-1.,0.,0.));
#4422=DIRECTION('center_axis',(0.,1.,0.));
#4423=DIRECTION('ref_axis',(-1.,0.,0.));
#4424=DIRECTION('center_axis',(0.,1.,0.));
#4425=DIRECTION('ref_axis',(-1.,0.,0.));
#4426=DIRECTION('',(0.,-1.,0.));
#4427=DIRECTION('center_axis',(0.,1.,0.));
#4428=DIRECTION('ref_axis',(-1.,0.,0.));
#4429=DIRECTION('',(0.,-1.,0.));
#4430=DIRECTION('center_axis',(0.,-1.,0.));
#4431=DIRECTION('ref_axis',(-1.,0.,0.));
#4432=DIRECTION('center_axis',(0.,1.,0.));
#4433=DIRECTION('ref_axis',(-1.,0.,0.));
#4434=DIRECTION('',(0.,1.,0.));
#4435=DIRECTION('',(0.,-1.,0.));
#4436=DIRECTION('center_axis',(0.,1.,0.));
#4437=DIRECTION('ref_axis',(-1.,0.,0.));
#4438=DIRECTION('',(0.,1.,0.));
#4439=DIRECTION('',(0.,-1.,0.));
#4440=DIRECTION('center_axis',(0.,1.,0.));
#4441=DIRECTION('ref_axis',(-1.,0.,0.));
#4442=DIRECTION('',(0.,1.,0.));
#4443=DIRECTION('center_axis',(1.,0.,1.22464679914735E-16));
#4444=DIRECTION('ref_axis',(-1.22464679914735E-16,0.,1.));
#4445=DIRECTION('',(0.,1.,0.));
#4446=DIRECTION('',(-1.22464679914735E-16,0.,1.));
#4447=DIRECTION('center_axis',(1.22464679914735E-16,0.,-1.));
#4448=DIRECTION('ref_axis',(1.,0.,1.22464679914735E-16));
#4449=DIRECTION('',(0.,1.,0.));
#4450=DIRECTION('',(1.,0.,1.22464679914735E-16));
#4451=DIRECTION('center_axis',(-1.,0.,-8.77702103951992E-17));
#4452=DIRECTION('ref_axis',(8.77702103951992E-17,0.,-1.));
#4453=DIRECTION('',(8.77702103951992E-17,0.,-1.));
#4454=DIRECTION('center_axis',(0.,-1.,0.));
#4455=DIRECTION('ref_axis',(-1.,0.,-1.22464679914735E-16));
#4456=DIRECTION('center_axis',(0.,1.,0.));
#4457=DIRECTION('ref_axis',(-1.,0.,0.));
#4458=DIRECTION('center_axis',(-6.12323399573677E-17,0.,1.));
#4459=DIRECTION('ref_axis',(-1.,0.,-6.12323399573677E-17));
#4460=DIRECTION('',(0.,1.,0.));
#4461=DIRECTION('',(-1.,0.,-6.12323399573677E-17));
#4462=DIRECTION('center_axis',(1.,0.,6.12323399573677E-17));
#4463=DIRECTION('ref_axis',(-6.12323399573677E-17,0.,1.));
#4464=DIRECTION('',(0.,1.,0.));
#4465=DIRECTION('',(-6.12323399573677E-17,0.,1.));
#4466=DIRECTION('center_axis',(2.65378704378315E-17,0.,-1.));
#4467=DIRECTION('ref_axis',(1.,0.,2.65378704378315E-17));
#4468=DIRECTION('',(1.,0.,2.65378704378315E-17));
#4469=DIRECTION('center_axis',(0.,-1.,0.));
#4470=DIRECTION('ref_axis',(6.12323399573677E-17,0.,-1.));
#4471=DIRECTION('center_axis',(0.,1.,0.));
#4472=DIRECTION('ref_axis',(-1.,0.,0.));
#4473=DIRECTION('center_axis',(-1.,0.,0.));
#4474=DIRECTION('ref_axis',(0.,0.,-1.));
#4475=DIRECTION('',(0.,1.,0.));
#4476=DIRECTION('',(0.,0.,-1.));
#4477=DIRECTION('center_axis',(0.,0.,1.));
#4478=DIRECTION('ref_axis',(-1.,0.,0.));
#4479=DIRECTION('',(0.,1.,0.));
#4480=DIRECTION('',(-1.,0.,0.));
#4481=DIRECTION('center_axis',(1.,0.,-3.46944695195362E-17));
#4482=DIRECTION('ref_axis',(3.46944695195362E-17,0.,1.));
#4483=DIRECTION('',(3.46944695195362E-17,0.,1.));
#4484=DIRECTION('center_axis',(0.,-1.,0.));
#4485=DIRECTION('ref_axis',(1.,0.,0.));
#4486=DIRECTION('center_axis',(0.,1.,0.));
#4487=DIRECTION('ref_axis',(-1.,0.,0.));
#4488=DIRECTION('center_axis',(-0.707106781186446,5.8564264548977E-15,-0.707106781186649));
#4489=DIRECTION('ref_axis',(-0.707106781186649,0.,0.707106781186446));
#4490=DIRECTION('',(0.707106781186649,0.,-0.707106781186446));
#4491=DIRECTION('',(0.500000000000078,0.707106781186544,-0.499999999999928));
#4492=DIRECTION('',(-0.500000000000066,0.707106781186551,0.499999999999928));
#4493=DIRECTION('center_axis',(-0.500000000000072,-0.707106781186544,0.499999999999934));
#4494=DIRECTION('ref_axis',(0.70710678118645,0.,0.707106781186645));
#4495=DIRECTION('',(-0.70710678118645,0.,-0.707106781186645));
#4496=DIRECTION('',(-0.816496580927701,0.577350269189661,-4.63151952218554E-14));
#4497=DIRECTION('',(-0.70710678118645,0.,-0.707106781186645));
#4498=DIRECTION('center_axis',(-0.500000000000014,-0.707106781186543,-0.499999999999993));
#4499=DIRECTION('ref_axis',(-0.707106781186532,0.,0.707106781186563));
#4500=DIRECTION('',(0.707106781186532,0.,-0.707106781186563));
#4501=DIRECTION('',(0.707106781186532,0.,-0.707106781186563));
#4502=DIRECTION('',(-0.500000000000007,0.707106781186552,-0.499999999999986));
#4503=DIRECTION('center_axis',(-0.500000000000066,0.707106781186551,0.499999999999928));
#4504=DIRECTION('ref_axis',(0.70710678118645,0.,0.707106781186645));
#4505=DIRECTION('',(0.70710678118645,0.,0.707106781186645));
#4506=DIRECTION('',(0.816496580927708,0.577350269189652,4.86227504455162E-14));
#4507=DIRECTION('center_axis',(-0.500000000000007,0.707106781186552,-0.499999999999986));
#4508=DIRECTION('ref_axis',(-0.707106781186532,0.,0.707106781186563));
#4509=DIRECTION('',(-0.707106781186532,0.,0.707106781186563));
#4510=DIRECTION('',(0.500000000000016,0.707106781186545,0.499999999999987));
#4511=DIRECTION('center_axis',(-0.70710678118653,3.33066907387547E-15,0.707106781186565));
#4512=DIRECTION('ref_axis',(0.707106781186565,0.,0.70710678118653));
#4513=DIRECTION('',(-0.707106781186565,0.,-0.70710678118653));
#4514=DIRECTION('center_axis',(0.,-1.,0.));
#4515=DIRECTION('ref_axis',(0.,0.,-1.));
#4516=DIRECTION('center_axis',(0.,1.,0.));
#4517=DIRECTION('ref_axis',(-1.,0.,0.));
#4518=DIRECTION('center_axis',(0.,1.,0.));
#4519=DIRECTION('ref_axis',(-1.,0.,0.));
#4520=DIRECTION('center_axis',(0.,1.,0.));
#4521=DIRECTION('ref_axis',(-1.,0.,0.));
#4522=DIRECTION('',(0.707106781186548,0.707106781186547,8.65956056235494E-17));
#4523=DIRECTION('center_axis',(0.,-1.,0.));
#4524=DIRECTION('ref_axis',(-1.,0.,0.));
#4525=DIRECTION('center_axis',(0.,1.,0.));
#4526=DIRECTION('ref_axis',(-1.,0.,0.));
#4527=DIRECTION('center_axis',(0.,1.,0.));
#4528=DIRECTION('ref_axis',(-1.,0.,0.));
#4529=DIRECTION('center_axis',(0.,1.,0.));
#4530=DIRECTION('ref_axis',(-1.,0.,0.));
#4531=DIRECTION('center_axis',(0.707106781186446,5.8564264548977E-15,0.707106781186649));
#4532=DIRECTION('ref_axis',(0.707106781186649,0.,-0.707106781186446));
#4533=DIRECTION('',(-0.707106781186649,0.,0.707106781186446));
#4534=DIRECTION('',(-0.500000000000077,0.707106781186544,0.499999999999928));
#4535=DIRECTION('',(0.500000000000066,0.707106781186551,-0.499999999999928));
#4536=DIRECTION('center_axis',(0.500000000000072,-0.707106781186544,-0.499999999999934));
#4537=DIRECTION('ref_axis',(-0.70710678118645,0.,-0.707106781186645));
#4538=DIRECTION('',(0.70710678118645,0.,0.707106781186645));
#4539=DIRECTION('',(0.816496580927701,0.577350269189661,4.62152032294206E-14));
#4540=DIRECTION('',(0.70710678118645,0.,0.707106781186645));
#4541=DIRECTION('center_axis',(0.500000000000014,-0.707106781186543,0.499999999999992));
#4542=DIRECTION('ref_axis',(0.707106781186532,0.,-0.707106781186563));
#4543=DIRECTION('',(-0.707106781186532,0.,0.707106781186563));
#4544=DIRECTION('',(-0.707106781186532,0.,0.707106781186563));
#4545=DIRECTION('',(0.500000000000008,0.707106781186552,0.499999999999986));
#4546=DIRECTION('center_axis',(0.500000000000066,0.707106781186551,-0.499999999999928));
#4547=DIRECTION('ref_axis',(-0.70710678118645,0.,-0.707106781186645));
#4548=DIRECTION('',(-0.70710678118645,0.,-0.707106781186645));
#4549=DIRECTION('',(-0.816496580927708,0.577350269189652,-4.85227584530814E-14));
#4550=DIRECTION('center_axis',(0.500000000000008,0.707106781186552,0.499999999999986));
#4551=DIRECTION('ref_axis',(0.707106781186532,0.,-0.707106781186563));
#4552=DIRECTION('',(0.707106781186532,0.,-0.707106781186563));
#4553=DIRECTION('',(-0.500000000000016,0.707106781186545,-0.499999999999987));
#4554=DIRECTION('center_axis',(0.70710678118653,3.33066907387547E-15,-0.707106781186565));
#4555=DIRECTION('ref_axis',(-0.707106781186565,0.,-0.70710678118653));
#4556=DIRECTION('',(0.707106781186565,0.,0.70710678118653));
#4557=DIRECTION('center_axis',(0.,-1.,0.));
#4558=DIRECTION('ref_axis',(0.,0.,-1.));
#4559=DIRECTION('center_axis',(0.,1.,0.));
#4560=DIRECTION('ref_axis',(0.,0.,-1.));
#4561=DIRECTION('center_axis',(0.,1.,0.));
#4562=DIRECTION('ref_axis',(-0.992735567946586,0.,-0.120316632822605));
#4563=DIRECTION('center_axis',(0.,-1.,0.));
#4564=DIRECTION('ref_axis',(0.,0.,-1.));
#4565=DIRECTION('center_axis',(0.,1.,0.));
#4566=DIRECTION('ref_axis',(0.,0.,-1.));
#4567=DIRECTION('center_axis',(0.,-1.,0.));
#4568=DIRECTION('ref_axis',(0.,0.,-1.));
#4569=DIRECTION('',(0.,1.,0.));
#4570=DIRECTION('',(-7.0174811327244E-15,-1.,7.0976436862758E-16));
#4571=DIRECTION('center_axis',(0.100628930817936,0.,0.99492402638716));
#4572=DIRECTION('ref_axis',(0.99492402638716,0.,-0.100628930817936));
#4573=DIRECTION('center_axis',(0.,1.,0.));
#4574=DIRECTION('ref_axis',(-0.992737492541296,0.,-0.120300751879699));
#4575=DIRECTION('center_axis',(0.,1.,0.));
#4576=DIRECTION('ref_axis',(-0.994924026387193,0.,-0.10062893081761));
#4577=DIRECTION('',(0.,1.,0.));
#4578=DIRECTION('center_axis',(1.59971376186249E-5,0.,-0.999999999872046));
#4579=DIRECTION('ref_axis',(-0.999999999872046,0.,-1.59971376186249E-5));
#4580=DIRECTION('center_axis',(0.,1.,0.));
#4581=DIRECTION('ref_axis',(-0.992735567946586,0.,-0.120316632822605));
#4582=DIRECTION('center_axis',(0.,-1.,0.));
#4583=DIRECTION('ref_axis',(-0.992735567946586,0.,-0.120316632822605));
#4584=DIRECTION('center_axis',(0.,1.,0.));
#4585=DIRECTION('ref_axis',(-0.992735567946586,0.,-0.120316632822605));
#4586=DIRECTION('',(0.,1.,0.));
#4587=DIRECTION('center_axis',(0.,-1.,0.));
#4588=DIRECTION('ref_axis',(-0.992735567946586,0.,-0.120316632822605));
#4589=DIRECTION('center_axis',(0.,1.,0.));
#4590=DIRECTION('ref_axis',(-0.99479190753317,0.,-0.101926741861578));
#4591=DIRECTION('center_axis',(0.,1.,0.));
#4592=DIRECTION('ref_axis',(-0.99479190753317,0.,-0.101926741861578));
#4593=DIRECTION('',(0.,1.,0.));
#4594=DIRECTION('center_axis',(0.,1.,0.));
#4595=DIRECTION('ref_axis',(-0.99479190753317,0.,-0.101926741861578));
#4596=DIRECTION('center_axis',(0.,1.,0.));
#4597=DIRECTION('ref_axis',(-0.99479190753317,0.,-0.101926741861578));
#4598=DIRECTION('center_axis',(0.,1.,0.));
#4599=DIRECTION('ref_axis',(0.994793537942,0.,-0.101910828025478));
#4600=DIRECTION('',(0.,1.,0.));
#4601=DIRECTION('center_axis',(0.,1.,0.));
#4602=DIRECTION('ref_axis',(0.994793537942,0.,-0.101910828025478));
#4603=DIRECTION('center_axis',(0.,0.,1.));
#4604=DIRECTION('ref_axis',(1.,0.,0.));
#4605=DIRECTION('',(1.,0.,0.));
#4606=DIRECTION('center_axis',(0.,1.,0.));
#4607=DIRECTION('ref_axis',(0.992737492541296,0.,0.120300751879699));
#4608=DIRECTION('center_axis',(0.,1.,0.));
#4609=DIRECTION('ref_axis',(0.994924026387193,0.,0.10062893081761));
#4610=DIRECTION('center_axis',(0.,1.,0.));
#4611=DIRECTION('ref_axis',(0.992737492541296,0.,0.120300751879699));
#4612=DIRECTION('center_axis',(0.,1.,0.));
#4613=DIRECTION('ref_axis',(0.992737492541296,0.,0.120300751879699));
#4614=DIRECTION('center_axis',(0.,-1.,0.));
#4615=DIRECTION('ref_axis',(0.992737492541296,0.,0.120300751879699));
#4616=DIRECTION('center_axis',(0.,1.,0.));
#4617=DIRECTION('ref_axis',(0.994793537942,0.,0.101910828025478));
#4618=DIRECTION('',(0.,1.,0.));
#4619=DIRECTION('center_axis',(0.,1.,0.));
#4620=DIRECTION('ref_axis',(0.994793537942,0.,0.101910828025478));
#4621=DIRECTION('center_axis',(0.,1.,0.));
#4622=DIRECTION('ref_axis',(0.,0.,-1.));
#4623=DIRECTION('center_axis',(0.,1.,0.));
#4624=DIRECTION('ref_axis',(0.,0.,-1.));
#4625=DIRECTION('center_axis',(0.,-1.,0.));
#4626=DIRECTION('ref_axis',(1.,0.,0.));
#4627=DIRECTION('center_axis',(0.,-1.,0.));
#4628=DIRECTION('ref_axis',(1.,0.,0.));
#4629=DIRECTION('center_axis',(0.,1.,0.));
#4630=DIRECTION('ref_axis',(0.,0.,1.));
#4631=DIRECTION('center_axis',(0.,0.,1.));
#4632=DIRECTION('ref_axis',(1.,0.,0.));
#4633=DIRECTION('',(1.,0.,0.));
#4634=DIRECTION('',(0.,1.,0.));
#4635=DIRECTION('center_axis',(0.,1.,0.));
#4636=DIRECTION('ref_axis',(0.,0.,1.));
#4637=DIRECTION('center_axis',(0.,1.,0.));
#4638=DIRECTION('ref_axis',(0.,0.,1.));
#4639=DIRECTION('center_axis',(0.,1.,0.));
#4640=DIRECTION('ref_axis',(-0.992735567946586,0.,-0.120316632822605));
#4641=DIRECTION('center_axis',(0.,-1.,0.));
#4642=DIRECTION('ref_axis',(-1.,0.,0.));
#4643=DIRECTION('center_axis',(0.,1.,0.));
#4644=DIRECTION('ref_axis',(-1.,0.,0.));
#4645=DIRECTION('',(-0.707106781186548,0.707106781186547,-8.65956056235494E-17));
#4646=DIRECTION('center_axis',(0.,-1.,0.));
#4647=DIRECTION('ref_axis',(-1.,0.,0.));
#4648=DIRECTION('center_axis',(0.,1.,0.));
#4649=DIRECTION('ref_axis',(-1.,0.,0.));
#4650=DIRECTION('center_axis',(0.,1.,0.));
#4651=DIRECTION('ref_axis',(-1.,0.,0.));
#4652=DIRECTION('center_axis',(0.,1.,0.));
#4653=DIRECTION('ref_axis',(-1.,0.,0.));
#4654=DIRECTION('',(0.,-1.,0.));
#4655=DIRECTION('center_axis',(0.,-1.,0.));
#4656=DIRECTION('ref_axis',(-1.,0.,0.));
#4657=DIRECTION('center_axis',(0.,-1.,0.));
#4658=DIRECTION('ref_axis',(-1.,0.,0.));
#4659=DIRECTION('',(0.707106781186547,-0.707106781186547,-8.65956056235493E-17));
#4660=DIRECTION('center_axis',(0.,1.,0.));
#4661=DIRECTION('ref_axis',(-1.,0.,0.));
#4662=DIRECTION('center_axis',(0.,-1.,0.));
#4663=DIRECTION('ref_axis',(-1.,0.,0.));
#4664=DIRECTION('',(0.,-1.,0.));
#4665=DIRECTION('center_axis',(0.,1.,0.));
#4666=DIRECTION('ref_axis',(-1.,0.,0.));
#4667=DIRECTION('center_axis',(0.,1.,0.));
#4668=DIRECTION('ref_axis',(-1.,0.,0.));
#4669=DIRECTION('center_axis',(0.,-1.,0.));
#4670=DIRECTION('ref_axis',(0.,0.,-1.));
#4671=DIRECTION('center_axis',(0.,-1.,0.));
#4672=DIRECTION('ref_axis',(-1.,0.,0.));
#4673=DIRECTION('center_axis',(0.,1.,0.));
#4674=DIRECTION('ref_axis',(-1.,0.,0.));
#4675=DIRECTION('center_axis',(0.,1.,0.));
#4676=DIRECTION('ref_axis',(-1.,0.,0.));
#4677=DIRECTION('',(0.,1.,0.));
#4678=DIRECTION('center_axis',(0.,1.,0.));
#4679=DIRECTION('ref_axis',(-1.,0.,0.));
#4680=DIRECTION('center_axis',(0.,1.,0.));
#4681=DIRECTION('ref_axis',(-1.,0.,0.));
#4682=DIRECTION('',(0.,1.,0.));
#4683=DIRECTION('center_axis',(0.,1.,0.));
#4684=DIRECTION('ref_axis',(-1.,0.,0.));
#4685=DIRECTION('center_axis',(0.,1.,0.));
#4686=DIRECTION('ref_axis',(-1.,0.,0.));
#4687=DIRECTION('',(0.,1.,0.));
#4688=DIRECTION('center_axis',(0.,1.,0.));
#4689=DIRECTION('ref_axis',(-1.,0.,0.));
#4690=DIRECTION('center_axis',(0.,1.,0.));
#4691=DIRECTION('ref_axis',(-1.,0.,0.));
#4692=DIRECTION('',(0.,1.,0.));
#4693=DIRECTION('center_axis',(0.,-1.,0.));
#4694=DIRECTION('ref_axis',(-1.,0.,0.));
#4695=DIRECTION('',(0.,1.,0.));
#4696=DIRECTION('center_axis',(0.,-1.,0.));
#4697=DIRECTION('ref_axis',(-1.,0.,0.));
#4698=DIRECTION('',(0.,1.,0.));
#4699=DIRECTION('center_axis',(0.,-1.,0.));
#4700=DIRECTION('ref_axis',(-1.,0.,0.));
#4701=DIRECTION('center_axis',(0.,1.,0.));
#4702=DIRECTION('ref_axis',(-1.,0.,0.));
#4703=CARTESIAN_POINT('',(0.,0.,0.));
#4704=CARTESIAN_POINT('Origin',(78.091292728447,-13.4,-7.99999999999998));
#4705=CARTESIAN_POINT('',(78.191292728447,-11.871667129887,-5.00166712988702));
#4706=CARTESIAN_POINT('',(78.091292728447,-11.87,-5.));
#4707=CARTESIAN_POINT('Origin',(78.091292728447,-14.87,-7.99999999999998));
#4708=CARTESIAN_POINT('',(78.191292728446,-9.2,-5.00166712985837));
#4709=CARTESIAN_POINT('',(78.191292728447,-13.4,-5.00166712988702));
#4710=CARTESIAN_POINT('',(81.075673342273,-9.2,-8.30573248407641));
#4711=CARTESIAN_POINT('Origin',(78.091292728447,-9.2,-7.99999999999998));
#4712=CARTESIAN_POINT('',(81.075673342273,-13.4,-8.30573248407642));
#4713=CARTESIAN_POINT('',(81.075673342273,-13.4,-8.30573248407642));
#4714=CARTESIAN_POINT('',(78.091292728447,-13.4,-5.00000000000002));
#4715=CARTESIAN_POINT('Origin',(78.091292728447,-13.4,-7.99999999999998));
#4716=CARTESIAN_POINT('',(78.091292728447,-13.4,-5.00000000000002));
#4717=CARTESIAN_POINT('Origin',(65.9170432539962,-9.4,5.15000000000001));
#4718=CARTESIAN_POINT('',(65.9170432539962,-11.871667129887,-5.00166712988701));
#4719=CARTESIAN_POINT('',(65.9170432539962,-11.4,-4.53));
#4720=CARTESIAN_POINT('',(65.9170432539962,-8.5975,-1.72749999999999));
#4721=CARTESIAN_POINT('',(65.9170432539971,-9.2,-5.00166712985836));
#4722=CARTESIAN_POINT('',(65.9170432539962,-13.4,-5.00166712988701));
#4723=CARTESIAN_POINT('',(65.9170432539962,-9.2,-1.75));
#4724=CARTESIAN_POINT('',(65.9170432539962,-9.2,38.7539749746701));
#4725=CARTESIAN_POINT('',(65.9170432539962,-10.2,-0.750000000000001));
#4726=CARTESIAN_POINT('',(65.9170432539962,-11.225,0.274999999999999));
#4727=CARTESIAN_POINT('',(65.9170432539962,-11.4,-0.750000000000001));
#4728=CARTESIAN_POINT('',(65.9170432539962,-9.4,-0.750000000000001));
#4729=CARTESIAN_POINT('',(65.9170432539962,-11.4,1.00000000000001));
#4730=CARTESIAN_POINT('Origin',(66.0170432539961,-13.4,8.));
#4731=CARTESIAN_POINT('',(65.9170432539962,-11.871667129887,5.00166712988702));
#4732=CARTESIAN_POINT('',(66.0170432539961,-11.87,5.));
#4733=CARTESIAN_POINT('Origin',(66.0170432539961,-14.87,8.));
#4734=CARTESIAN_POINT('',(65.9170432539971,-9.2,5.00166712985837));
#4735=CARTESIAN_POINT('',(65.9170432539962,-13.4,5.00166712988702));
#4736=CARTESIAN_POINT('',(63.0388307763723,-9.2,7.6390977443609));
#4737=CARTESIAN_POINT('Origin',(66.0170432539961,-9.2,8.));
#4738=CARTESIAN_POINT('',(63.0388307763723,-13.4,7.6390977443609));
#4739=CARTESIAN_POINT('',(63.0388307763723,-13.4,7.6390977443609));
#4740=CARTESIAN_POINT('',(66.0170432539961,-13.4,5.00000000000001));
#4741=CARTESIAN_POINT('Origin',(66.0170432539961,-13.4,8.));
#4742=CARTESIAN_POINT('',(66.0170432539961,-13.4,5.00000000000001));
#4743=CARTESIAN_POINT('Origin',(78.191292728447,-9.4,1.15000000000002));
#4744=CARTESIAN_POINT('',(78.191292728447,-11.871667129887,5.00166712988701));
#4745=CARTESIAN_POINT('',(78.191292728447,-11.4,4.53));
#4746=CARTESIAN_POINT('',(78.191292728447,-10.1725,3.3025));
#4747=CARTESIAN_POINT('',(78.191292728446,-9.2,5.00166712985836));
#4748=CARTESIAN_POINT('',(78.191292728447,-13.4,5.00166712988701));
#4749=CARTESIAN_POINT('',(78.191292728447,-9.2,1.85000000000002));
#4750=CARTESIAN_POINT('',(78.191292728447,-9.2,36.7539749746701));
#4751=CARTESIAN_POINT('',(78.191292728447,-10.2,0.850000000000015));
#4752=CARTESIAN_POINT('',(78.191292728447,-9.675,1.37500000000001));
#4753=CARTESIAN_POINT('',(78.191292728447,-11.4,0.850000000000015));
#4754=CARTESIAN_POINT('',(78.191292728447,-9.4,0.850000000000015));
#4755=CARTESIAN_POINT('',(78.191292728447,-11.4,2.15000000000001));
#4756=CARTESIAN_POINT('Origin',(-65.9171256308078,-9.4,1.14875076218354));
#4757=CARTESIAN_POINT('',(-65.9171256308078,-11.8716670507476,5.00061256605661));
#4758=CARTESIAN_POINT('',(-65.9171256308078,-11.4,4.52894551524861));
#4759=CARTESIAN_POINT('',(-65.9171256308078,-10.1724388397405,3.30138435483205));
#4760=CARTESIAN_POINT('',(-65.9171256308088,-9.2,5.00061256602788));
#4761=CARTESIAN_POINT('',(-65.9171256308078,-13.4,5.00061256605661));
#4762=CARTESIAN_POINT('',(-65.9171256308078,-9.2,1.84875076218354));
#4763=CARTESIAN_POINT('',(-65.9171256308078,-9.2,36.7533503557619));
#4764=CARTESIAN_POINT('',(-65.9171256308078,-10.2,0.848750762183537));
#4765=CARTESIAN_POINT('',(-65.9171256308078,-9.675,1.37375076218354));
#4766=CARTESIAN_POINT('',(-65.9171256308078,-11.4,0.848750762183537));
#4767=CARTESIAN_POINT('',(-65.9171256308078,-9.4,0.848750762183537));
#4768=CARTESIAN_POINT('',(-65.9171256308078,-11.4,2.14875076218354));
#4769=CARTESIAN_POINT('Origin',(-69.0356978380464,-11.635,4.76389562704987));
#4770=CARTESIAN_POINT('',(-78.1913751037138,-11.4,4.52874916239046));
#4771=CARTESIAN_POINT('',(-69.0356940787191,-11.4,4.52889562707994));
#4772=CARTESIAN_POINT('',(-78.1913751037138,-11.871667209029,5.00041637147982));
#4773=CARTESIAN_POINT('',(-78.1913751037138,-11.1725370161696,4.30128617853094));
#4774=CARTESIAN_POINT('',(-78.0913727041432,-11.87,4.99875076220275));
#4775=CARTESIAN_POINT('Origin',(-78.091420695556,-14.8700000000002,7.99875076181904));
#4776=CARTESIAN_POINT('',(-66.0171232312372,-11.87,4.99894391563338));
#4777=CARTESIAN_POINT('',(-69.0357015973738,-11.87,4.9988956270198));
#4778=CARTESIAN_POINT('Origin',(-66.0171712226501,-14.87,7.99894391524951));
#4779=CARTESIAN_POINT('Origin',(-66.0171712226501,-13.4,7.99894391524951));
#4780=CARTESIAN_POINT('',(-66.0171232312372,-13.4,4.99894391563338));
#4781=CARTESIAN_POINT('',(-66.0171232312372,-13.4,4.99894391563338));
#4782=CARTESIAN_POINT('',(-63.0389529720042,-13.4,7.63808930253149));
#4783=CARTESIAN_POINT('Origin',(-66.0171712226501,-13.4,7.99894391524951));
#4784=CARTESIAN_POINT('',(-63.0389529720042,-9.2,7.63808930253149));
#4785=CARTESIAN_POINT('',(-63.0389529720042,-13.4,7.63808930253149));
#4786=CARTESIAN_POINT('Origin',(-66.0171712226501,-9.2,7.99894391524951));
#4787=CARTESIAN_POINT('Origin',(-78.091420695556,-13.4,7.99875076181904));
#4788=CARTESIAN_POINT('',(-78.1913751037129,-9.2,5.00041637145124));
#4789=CARTESIAN_POINT('',(-78.1913751037138,-13.4,5.00041637147982));
#4790=CARTESIAN_POINT('',(-81.075806199845,-9.2,8.30443550430896));
#4791=CARTESIAN_POINT('Origin',(-78.091420695556,-9.2,7.99875076181904));
#4792=CARTESIAN_POINT('',(-81.075806199845,-13.4,8.30443550430896));
#4793=CARTESIAN_POINT('',(-81.075806199845,-13.4,8.30443550430896));
#4794=CARTESIAN_POINT('',(-78.0913727041432,-13.4,4.99875076220273));
#4795=CARTESIAN_POINT('Origin',(-78.091420695556,-13.4,7.99875076181904));
#4796=CARTESIAN_POINT('',(-78.0913727041432,-13.4,4.99875076220273));
#4797=CARTESIAN_POINT('Origin',(-78.1912103331964,-9.4,-1.15124923649851));
#4798=CARTESIAN_POINT('',(-78.1912103331964,-11.8716670507476,-5.00291788694094));
#4799=CARTESIAN_POINT('',(-78.1912103331964,-11.4,-4.53125083613294));
#4800=CARTESIAN_POINT('',(-78.1912103331963,-10.1724871280982,-3.30373796407405));
#4801=CARTESIAN_POINT('',(-78.1912103331954,-9.2,-5.00291788691221));
#4802=CARTESIAN_POINT('',(-78.1912103331964,-13.4,-5.00291788694094));
#4803=CARTESIAN_POINT('',(-78.1912103331964,-9.2,-1.7512492364985));
#4804=CARTESIAN_POINT('',(-78.1912103331964,-9.2,35.6033503564209));
#4805=CARTESIAN_POINT('',(-78.1912103331964,-10.2,-0.751249236498507));
#4806=CARTESIAN_POINT('',(-78.1912103331964,-9.65,-1.30124923649851));
#4807=CARTESIAN_POINT('',(-78.1912103331964,-11.4,-0.751249236498507));
#4808=CARTESIAN_POINT('',(-78.1912103331964,-9.4,-0.751249236498507));
#4809=CARTESIAN_POINT('',(-78.1912103331964,-11.4,-2.15124923649851));
#4810=CARTESIAN_POINT('Origin',(-75.0726381275027,-11.635,-4.76620094793422));
#4811=CARTESIAN_POINT('',(-65.9169608602902,-11.4,-4.53105448327479));
#4812=CARTESIAN_POINT('',(-75.07264188683,-11.4,-4.53120094796429));
#4813=CARTESIAN_POINT('',(-65.9169608602902,-11.871667209029,-5.00272169236417));
#4814=CARTESIAN_POINT('',(-65.9169608602902,-11.1725853045272,-4.30363978777294));
#4815=CARTESIAN_POINT('',(-66.0169632598609,-11.87,-5.00105608308708));
#4816=CARTESIAN_POINT('Origin',(-66.016915268448,-14.87,-8.00105608270322));
#4817=CARTESIAN_POINT('',(-78.091212732767,-11.87,-5.0012492365177));
#4818=CARTESIAN_POINT('',(-75.0726343681753,-11.87,-5.00120094790415));
#4819=CARTESIAN_POINT('Origin',(-78.0911647413541,-14.87,-8.00124923613386));
#4820=CARTESIAN_POINT('Origin',(-78.0911647413541,-13.4,-8.00124923613386));
#4821=CARTESIAN_POINT('',(-78.091212732767,-13.4,-5.0012492365177));
#4822=CARTESIAN_POINT('',(-78.091212732767,-13.4,-5.0012492365177));
#4823=CARTESIAN_POINT('',(-81.0755404639536,-13.4,-8.30702946171861));
#4824=CARTESIAN_POINT('Origin',(-78.0911647413541,-13.4,-8.00124923613386));
#4825=CARTESIAN_POINT('',(-81.0755404639536,-9.2,-8.30702946171861));
#4826=CARTESIAN_POINT('',(-81.0755404639536,-13.4,-8.30702946171861));
#4827=CARTESIAN_POINT('Origin',(-78.0911647413541,-9.2,-8.00124923613386));
#4828=CARTESIAN_POINT('Origin',(-66.016915268448,-13.4,-8.00105608270322));
#4829=CARTESIAN_POINT('',(-65.9169608602912,-9.2,-5.00272169233559));
#4830=CARTESIAN_POINT('',(-65.9169608602902,-13.4,-5.00272169236417));
#4831=CARTESIAN_POINT('',(-63.0387085646082,-9.2,-7.64010618423541));
#4832=CARTESIAN_POINT('Origin',(-66.016915268448,-9.2,-8.00105608270322));
#4833=CARTESIAN_POINT('',(-63.0387085646082,-13.4,-7.64010618423541));
#4834=CARTESIAN_POINT('',(-63.0387085646082,-13.4,-7.64010618423541));
#4835=CARTESIAN_POINT('',(-66.0169632598609,-13.4,-5.00105608308708));
#4836=CARTESIAN_POINT('Origin',(-66.016915268448,-13.4,-8.00105608270322));
#4837=CARTESIAN_POINT('',(-66.0169632598609,-13.4,-5.00105608308708));
#4838=CARTESIAN_POINT('Origin',(69.0356056226089,-11.635,-4.765));
#4839=CARTESIAN_POINT('',(66.0170432539961,-11.87,-5.));
#4840=CARTESIAN_POINT('',(69.0356056226089,-11.87,-5.));
#4841=CARTESIAN_POINT('Origin',(66.0170432539961,-14.87,-8.));
#4842=CARTESIAN_POINT('',(78.191292728447,-11.4,-4.53));
#4843=CARTESIAN_POINT('',(69.0356056226089,-11.4,-4.53));
#4844=CARTESIAN_POINT('',(78.191292728447,-9.5975,-2.72749999999999));
#4845=CARTESIAN_POINT('Origin',(72.0541679912216,-11.4,-3.15));
#4846=CARTESIAN_POINT('',(78.191292728447,-11.4,-0.750000000000001));
#4847=CARTESIAN_POINT('',(75.0727303598343,-11.4,-0.750000000000001));
#4848=CARTESIAN_POINT('',(78.191292728447,-11.4,-0.999999999999993));
#4849=CARTESIAN_POINT('Origin',(75.0727303598343,-11.635,4.765));
#4850=CARTESIAN_POINT('',(78.091292728447,-11.87,5.));
#4851=CARTESIAN_POINT('',(75.0727303598343,-11.87,5.));
#4852=CARTESIAN_POINT('Origin',(78.091292728447,-14.87,8.));
#4853=CARTESIAN_POINT('',(65.9170432539962,-11.4,4.53));
#4854=CARTESIAN_POINT('',(75.0727303598343,-11.4,4.53));
#4855=CARTESIAN_POINT('',(65.9170432539962,-11.1725,4.3025));
#4856=CARTESIAN_POINT('Origin',(72.0541679912216,-11.4,3.15000000000001));
#4857=CARTESIAN_POINT('',(65.9170432539962,-11.4,0.850000000000015));
#4858=CARTESIAN_POINT('',(69.0356056226089,-11.4,0.850000000000015));
#4859=CARTESIAN_POINT('',(65.9170432539962,-11.4,4.15000000000001));
#4860=CARTESIAN_POINT('Origin',(-72.0542503672608,-11.4,3.14875076218354));
#4861=CARTESIAN_POINT('',(-78.1913751037138,-11.4,0.848750762183537));
#4862=CARTESIAN_POINT('',(-75.0728127354873,-11.4,0.848750762183537));
#4863=CARTESIAN_POINT('',(-78.1913751037138,-11.4,4.14875076218354));
#4864=CARTESIAN_POINT('Origin',(-72.0540855967433,-11.4,-3.15124923649851));
#4865=CARTESIAN_POINT('',(-65.9169608602902,-11.4,-0.751249236498507));
#4866=CARTESIAN_POINT('',(-69.0355232285168,-11.4,-0.751249236498507));
#4867=CARTESIAN_POINT('',(-65.9169608602902,-11.4,-4.15124923649851));
#4868=CARTESIAN_POINT('Origin',(-6.3983554623448E-5,12.,-1.50990331349021E-13));
#4869=CARTESIAN_POINT('',(63.3028435380276,12.,5.));
#4870=CARTESIAN_POINT('',(81.3464811777378,12.,5.));
#4871=CARTESIAN_POINT('',(39.0456143724462,12.,5.));
#4872=CARTESIAN_POINT('',(6.00000000000001,12.,81.2788410350443));
#4873=CARTESIAN_POINT('Origin',(0.,12.,0.));
#4874=CARTESIAN_POINT('',(6.,12.,63.2158998986806));
#4875=CARTESIAN_POINT('',(6.,12.,40.6394205175221));
#4876=CARTESIAN_POINT('Origin',(0.,12.,0.));
#4877=CARTESIAN_POINT('Origin',(0.,-13.4,0.));
#4878=CARTESIAN_POINT('',(81.3464811777374,10.7854205064375,5.));
#4879=CARTESIAN_POINT('',(81.3464811777378,2.19271025321856,5.));
#4880=CARTESIAN_POINT('',(6.,10.7854205064371,81.2788410350447));
#4881=CARTESIAN_POINT('Origin',(0.,10.7854205064375,0.));
#4882=CARTESIAN_POINT('',(6.,-13.4,81.2788410350443));
#4883=CARTESIAN_POINT('Origin',(-6.398349016834E-5,-6.4,43.7493673410091));
#4884=CARTESIAN_POINT('',(63.3028435380276,-6.4,5.));
#4885=CARTESIAN_POINT('',(81.3464811777374,-6.40000000000031,5.));
#4886=CARTESIAN_POINT('',(39.0456143724784,-6.4,5.));
#4887=CARTESIAN_POINT('',(6.,-6.4,63.2158998986806));
#4888=CARTESIAN_POINT('Origin',(0.,-6.4,0.));
#4889=CARTESIAN_POINT('',(6.,-6.4,68.0312428226914));
#4890=CARTESIAN_POINT('',(6.,-6.4,62.5141041880267));
#4891=CARTESIAN_POINT('',(7.76642335766423,-6.4,66.0449291636347));
#4892=CARTESIAN_POINT('Origin',(8.,-6.4,68.0312428226914));
#4893=CARTESIAN_POINT('',(65.787568499745,-6.4,9.70802919708029));
#4894=CARTESIAN_POINT('Origin',(-8.88178419700125E-15,-6.4,0.));
#4895=CARTESIAN_POINT('',(67.7661419884591,-6.4,8.));
#4896=CARTESIAN_POINT('Origin',(67.7661419884591,-6.4,10.));
#4897=CARTESIAN_POINT('',(76.852130744697,-6.4,8.00000000000001));
#4898=CARTESIAN_POINT('',(79.0964600977819,-6.4,8.00000000000002));
#4899=CARTESIAN_POINT('',(78.8354115381085,-6.4,10.258064516129));
#4900=CARTESIAN_POINT('Origin',(76.852130744697,-6.4,10.));
#4901=CARTESIAN_POINT('',(8.20645161290322,-6.4,79.075306840537));
#4902=CARTESIAN_POINT('Origin',(-8.88178419700125E-15,-6.4,0.));
#4903=CARTESIAN_POINT('',(6.,-6.4,77.0859909451776));
#4904=CARTESIAN_POINT('Origin',(7.99999999999999,-6.4,77.0859909451776));
#4905=CARTESIAN_POINT('',(6.,-6.4,81.2788410350443));
#4906=CARTESIAN_POINT('',(6.,-6.4,62.5141041880267));
#4907=CARTESIAN_POINT('Origin',(0.,-6.40000000000031,0.));
#4908=CARTESIAN_POINT('Origin',(78.091292728447,-13.4,5.));
#4909=CARTESIAN_POINT('',(84.3519412936066,-3.40000000000015,5.));
#4910=CARTESIAN_POINT('Ctrl Pts',(81.3464811777373,-6.40000000000016,5.));
#4911=CARTESIAN_POINT('Ctrl Pts',(82.8220534640346,-4.92720719983275,5.));
#4912=CARTESIAN_POINT('Ctrl Pts',(84.351941293606,-3.400000000001,5.));
#4913=CARTESIAN_POINT('',(84.3519412936066,7.78542050643714,5.));
#4914=CARTESIAN_POINT('',(84.3519412936066,2.1927102532185,5.));
#4915=CARTESIAN_POINT('Ctrl Pts',(84.3519412936058,7.78542050643777,5.));
#4916=CARTESIAN_POINT('Ctrl Pts',(82.8220534633902,9.31262770691306,5.));
#4917=CARTESIAN_POINT('Ctrl Pts',(81.3464811777375,10.7854205064376,5.));
#4918=CARTESIAN_POINT('',(63.3028435380276,10.7638082626038,5.));
#4919=CARTESIAN_POINT('',(63.3028435380276,-13.4,5.));
#4920=CARTESIAN_POINT('',(61.7194139868134,9.185420506437,5.));
#4921=CARTESIAN_POINT('Ctrl Pts',(63.3028435380276,10.7638082626038,5.));
#4922=CARTESIAN_POINT('Ctrl Pts',(62.5011653048862,9.96461910102273,5.));
#4923=CARTESIAN_POINT('Ctrl Pts',(61.7194139868134,9.185420506437,5.));
#4924=CARTESIAN_POINT('',(61.7194139868133,-4.82161224383314,5.));
#4925=CARTESIAN_POINT('',(61.7194139868133,2.18190413130201,5.));
#4926=CARTESIAN_POINT('Ctrl Pts',(63.3028435380276,-6.4,5.));
#4927=CARTESIAN_POINT('Ctrl Pts',(62.5011653048804,-5.60081083841311,5.));
#4928=CARTESIAN_POINT('Ctrl Pts',(61.7194139868134,-4.82161224383314,5.));
#4929=CARTESIAN_POINT('Origin',(0.,9.28542050643714,0.));
#4930=CARTESIAN_POINT('',(6.,7.78542050643715,84.286713069143));
#4931=CARTESIAN_POINT('Origin',(1.77635683940025E-14,7.78542050643715,8.88178419700125E-15));
#4932=CARTESIAN_POINT('Ctrl Pts',(6.,7.78542050643715,84.286713069143));
#4933=CARTESIAN_POINT('Ctrl Pts',(6.,9.31267139189376,82.7555974861306));
#4934=CARTESIAN_POINT('Ctrl Pts',(5.99999999999999,10.7854205064371,81.2788410350446));
#4935=CARTESIAN_POINT('Origin',(0.,2.1927102532185,0.));
#4936=CARTESIAN_POINT('',(6.,-3.40000000000014,84.286713069143));
#4937=CARTESIAN_POINT('Origin',(1.77635683940025E-14,-3.40000000000014,
8.88178419700125E-15));
#4938=CARTESIAN_POINT('',(6.,2.1927102532185,84.286713069143));
#4939=CARTESIAN_POINT('Origin',(0.,-4.90000000000007,0.));
#4940=CARTESIAN_POINT('Ctrl Pts',(6.,-6.40000000000018,81.2788410350444));
#4941=CARTESIAN_POINT('Ctrl Pts',(6.,-4.9272508856003,82.7555974859866));
#4942=CARTESIAN_POINT('Ctrl Pts',(6.,-3.40000000000014,84.2867130691431));
#4943=CARTESIAN_POINT('Origin',(0.,2.18190413130201,0.));
#4944=CARTESIAN_POINT('',(6.,9.18542050643716,61.6302365959733));
#4945=CARTESIAN_POINT('Origin',(0.,9.18542050643716,1.77635683940025E-14));
#4946=CARTESIAN_POINT('',(6.,-4.82161224383314,61.6302365959733));
#4947=CARTESIAN_POINT('',(6.,2.18190413130201,61.6302365959733));
#4948=CARTESIAN_POINT('Origin',(0.,-4.82161224383314,0.));
#4949=CARTESIAN_POINT('Origin',(0.,9.98542050643714,0.));
#4950=CARTESIAN_POINT('',(6.,10.7638082626038,63.2158998986806));
#4951=CARTESIAN_POINT('Origin',(0.,10.7638082626038,0.));
#4952=CARTESIAN_POINT('Ctrl Pts',(6.,10.7638082625766,63.2158998986535));
#4953=CARTESIAN_POINT('Ctrl Pts',(6.,9.96459087987574,62.4130907338257));
#4954=CARTESIAN_POINT('Ctrl Pts',(6.,9.18542050643715,61.6302365959733));
#4955=CARTESIAN_POINT('Origin',(0.,-13.4,0.));
#4956=CARTESIAN_POINT('',(-6.00000000000001,12.,81.2788410350443));
#4957=CARTESIAN_POINT('',(-81.3465611530174,12.,4.99869868850511));
#4958=CARTESIAN_POINT('Origin',(0.,12.,0.));
#4959=CARTESIAN_POINT('',(-6.,10.7854205064371,81.2788410350447));
#4960=CARTESIAN_POINT('',(-6.,-13.4,81.2788410350443));
#4961=CARTESIAN_POINT('',(-81.3465611530174,10.7854205064372,4.99869868850511));
#4962=CARTESIAN_POINT('Origin',(0.,10.7854205064375,0.));
#4963=CARTESIAN_POINT('',(-81.346561153017,-13.4,4.99869868850511));
#4964=CARTESIAN_POINT('Origin',(-6.398349016834E-5,-6.4,43.7493673410091));
#4965=CARTESIAN_POINT('',(-81.3465611530173,-6.4,4.99869868850511));
#4966=CARTESIAN_POINT('',(-63.3029235156159,-6.4,4.99898733505979));
#4967=CARTESIAN_POINT('',(-33.0082836678825,-6.4,4.99947196258296));
#4968=CARTESIAN_POINT('',(-6.,-6.4,81.2788410350443));
#4969=CARTESIAN_POINT('Origin',(0.,-6.40000000000031,0.));
#4970=CARTESIAN_POINT('',(-5.99999999999999,-6.4,77.0859909451776));
#4971=CARTESIAN_POINT('',(-5.99999999999999,-6.4,53.4826336198448));
#4972=CARTESIAN_POINT('',(-8.20645161290322,-6.4,79.075306840537));
#4973=CARTESIAN_POINT('Origin',(-8.,-6.4,77.0859909451776));
#4974=CARTESIAN_POINT('',(-78.8355756276911,-6.4,10.2568033738881));
#4975=CARTESIAN_POINT('Origin',(-8.88178419700125E-15,-6.4,0.));
#4976=CARTESIAN_POINT('',(-76.8522587119645,-6.4,7.99877058486381));
#4977=CARTESIAN_POINT('Origin',(-76.8522907062397,-6.4,9.99877058460788));
#4978=CARTESIAN_POINT('',(-67.7662699568892,-6.4,7.99891593467634));
#4979=CARTESIAN_POINT('',(-66.0171712226501,-6.4,7.9989439152495));
#4980=CARTESIAN_POINT('',(-65.7877237920064,-6.4,9.70697678305049));
#4981=CARTESIAN_POINT('Origin',(-67.7663019511645,-6.4,9.99891593442043));
#4982=CARTESIAN_POINT('',(-7.76642335766423,-6.4,66.0449291636347));
#4983=CARTESIAN_POINT('Origin',(-8.88178419700125E-15,-6.4,0.));
#4984=CARTESIAN_POINT('',(-5.99999999999999,-6.4,68.0312428226914));
#4985=CARTESIAN_POINT('Origin',(-8.,-6.4,68.0312428226914));
#4986=CARTESIAN_POINT('',(-5.99999999999999,-6.4,63.2158998986806));
#4987=CARTESIAN_POINT('',(-5.99999999999999,-6.4,53.4826336198448));
#4988=CARTESIAN_POINT('Origin',(0.,-6.4,0.));
#4989=CARTESIAN_POINT('Origin',(0.,2.1927102532185,0.));
#4990=CARTESIAN_POINT('',(-84.3520212685016,7.78542050643714,4.998650609746));
#4991=CARTESIAN_POINT('',(-84.3520212685016,-3.40000000000015,4.998650609746));
#4992=CARTESIAN_POINT('',(-84.3520212685016,2.1927102532185,4.998650609746));
#4993=CARTESIAN_POINT('',(-6.,7.78542050643715,84.286713069143));
#4994=CARTESIAN_POINT('Origin',(1.77635683940025E-14,7.78542050643715,8.88178419700125E-15));
#4995=CARTESIAN_POINT('',(-6.,-3.40000000000014,84.286713069143));
#4996=CARTESIAN_POINT('',(-6.,2.1927102532185,84.286713069143));
#4997=CARTESIAN_POINT('Origin',(1.77635683940025E-14,-3.40000000000014,
8.88178419700125E-15));
#4998=CARTESIAN_POINT('Origin',(0.,9.28542050643714,0.));
#4999=CARTESIAN_POINT('Ctrl Pts',(-81.3465611530174,10.7854205064372,4.99869868850511));
#5000=CARTESIAN_POINT('Ctrl Pts',(-82.8221334384938,9.3126277069002,4.99867508357218));
#5001=CARTESIAN_POINT('Ctrl Pts',(-84.3520212685008,7.78542050643776,4.998650609746));
#5002=CARTESIAN_POINT('Ctrl Pts',(-5.99999999999999,7.78542050643715,84.286713069143));
#5003=CARTESIAN_POINT('Ctrl Pts',(-6.,9.31267139189434,82.7555974861301));
#5004=CARTESIAN_POINT('Ctrl Pts',(-6.,10.7854205064371,81.2788410350447));
#5005=CARTESIAN_POINT('Origin',(0.,-4.90000000000007,0.));
#5006=CARTESIAN_POINT('Ctrl Pts',(-84.3520212685008,-3.40000000000079,4.998650609746));
#5007=CARTESIAN_POINT('Ctrl Pts',(-82.822133438579,-4.92720720037795,4.99867508357217));
#5008=CARTESIAN_POINT('Ctrl Pts',(-81.3465611530173,-6.4,4.99869868850511));
#5009=CARTESIAN_POINT('Ctrl Pts',(-6.,-3.40000000000014,84.2867130691431));
#5010=CARTESIAN_POINT('Ctrl Pts',(-5.99999999999999,-4.92725088560085,82.755597485986));
#5011=CARTESIAN_POINT('Ctrl Pts',(-5.99999999999999,-6.40000000000017,81.2788410350444));
#5012=CARTESIAN_POINT('Origin',(0.,-5.62161224383324,0.));
#5013=CARTESIAN_POINT('',(-61.7194939646042,-4.82161224383314,4.99901266540025));
#5014=CARTESIAN_POINT('Ctrl Pts',(-63.3029235156159,-6.4,4.99898733505979));
#5015=CARTESIAN_POINT('Ctrl Pts',(-62.5012452824928,-5.60081083833514,4.99900015961682));
#5016=CARTESIAN_POINT('Ctrl Pts',(-61.7194939646042,-4.82161224383325,4.99901266540025));
#5017=CARTESIAN_POINT('',(-5.99999999999999,-4.82161224383314,61.6302365959733));
#5018=CARTESIAN_POINT('Ctrl Pts',(-5.99999999999999,-6.40000000000017,63.2158998986807));
#5019=CARTESIAN_POINT('Ctrl Pts',(-5.99999999999999,-5.60078261715958,62.4130907337125));
#5020=CARTESIAN_POINT('Ctrl Pts',(-5.99999999999999,-4.82161224383313,61.6302365959733));
#5021=CARTESIAN_POINT('Origin',(0.,-4.82161224383314,0.));
#5022=CARTESIAN_POINT('Origin',(-6.3983554623448E-5,12.,-1.50990331349021E-13));
#5023=CARTESIAN_POINT('',(-63.3029235156159,12.,4.99898733505979));
#5024=CARTESIAN_POINT('',(-33.00863360024,12.,4.99947195698504));
#5025=CARTESIAN_POINT('',(-5.99999999999999,12.,63.2158998986806));
#5026=CARTESIAN_POINT('Origin',(0.,12.,0.));
#5027=CARTESIAN_POINT('',(-5.99999999999999,12.,31.6079499493402));
#5028=CARTESIAN_POINT('Origin',(-66.0171232312372,-13.4,4.99894391563338));
#5029=CARTESIAN_POINT('',(-61.7194939646042,9.18542050643715,4.99901266540025));
#5030=CARTESIAN_POINT('',(-61.7194939646042,2.18190413130201,4.99901266540025));
#5031=CARTESIAN_POINT('',(-63.3029235156159,10.7638082626038,4.99898733505979));
#5032=CARTESIAN_POINT('Ctrl Pts',(-61.7194939646044,9.18542050643691,4.99901266540025));
#5033=CARTESIAN_POINT('Ctrl Pts',(-62.5012452826706,9.96461910111557,4.99900015961682));
#5034=CARTESIAN_POINT('Ctrl Pts',(-63.302923515616,10.7638082626036,4.99898733505979));
#5035=CARTESIAN_POINT('',(-63.3029235156159,-13.4,4.99898733505979));
#5036=CARTESIAN_POINT('Origin',(0.,-13.4,0.));
#5037=CARTESIAN_POINT('',(-6.,10.7638082626038,63.2158998986806));
#5038=CARTESIAN_POINT('Origin',(0.,10.7638082626038,0.));
#5039=CARTESIAN_POINT('',(-5.99999999999999,-13.4,63.2158998986806));
#5040=CARTESIAN_POINT('Origin',(0.,9.98542050643714,0.));
#5041=CARTESIAN_POINT('',(-5.99999999999999,9.18542050643716,61.6302365959733));
#5042=CARTESIAN_POINT('Origin',(0.,9.18542050643716,1.77635683940025E-14));
#5043=CARTESIAN_POINT('Ctrl Pts',(-5.99999999999999,9.18542050643715,61.6302365959733));
#5044=CARTESIAN_POINT('Ctrl Pts',(-6.,9.96459087989182,62.4130907338419));
#5045=CARTESIAN_POINT('Ctrl Pts',(-5.99999999999999,10.7638082626086,63.2158998986856));
#5046=CARTESIAN_POINT('Origin',(0.,2.18190413130201,0.));
#5047=CARTESIAN_POINT('',(-5.99999999999999,2.18190413130201,61.6302365959733));
#5048=CARTESIAN_POINT('Origin',(-6.3983554623448E-5,12.,-1.50990331349021E-13));
#5049=CARTESIAN_POINT('',(-63.3027635442396,12.,-5.00101266366067));
#5050=CARTESIAN_POINT('',(-81.3464011816411,12.,-5.00130131021534));
#5051=CARTESIAN_POINT('',(-39.0455983653167,12.,-5.00062461845073));
#5052=CARTESIAN_POINT('',(-5.99999999999999,12.,-81.2788410350446));
#5053=CARTESIAN_POINT('Origin',(0.,12.,0.));
#5054=CARTESIAN_POINT('',(-5.99999999999998,12.,-63.2158998986806));
#5055=CARTESIAN_POINT('',(-5.99999999999999,12.,-42.1433565345714));
#5056=CARTESIAN_POINT('Origin',(0.,12.,0.));
#5057=CARTESIAN_POINT('Origin',(0.,-13.4,0.));
#5058=CARTESIAN_POINT('',(-81.346401181641,10.7854205064372,-5.00130131021534));
#5059=CARTESIAN_POINT('',(-81.3464011816411,2.19271025321856,-5.00130131021534));
#5060=CARTESIAN_POINT('',(-5.99999999999999,10.7854205064371,-81.2788410350447));
#5061=CARTESIAN_POINT('Origin',(0.,10.7854205064372,0.));
#5062=CARTESIAN_POINT('',(-5.99999999999999,-13.4,-81.2788410350446));
#5063=CARTESIAN_POINT('Origin',(6.39834901736978E-5,-6.4,-43.7493673410091));
#5064=CARTESIAN_POINT('',(-63.3027635442396,-6.4,-5.00101266366066));
#5065=CARTESIAN_POINT('',(-81.346401181641,-6.40000000000001,-5.00130131021534));
#5066=CARTESIAN_POINT('',(-39.0458843141196,-6.4,-5.00062462302509));
#5067=CARTESIAN_POINT('',(-5.99999999999999,-6.4,-63.2158998986806));
#5068=CARTESIAN_POINT('Origin',(0.,-6.4,0.));
#5069=CARTESIAN_POINT('',(-5.99999999999999,-6.4,-68.0312428226914));
#5070=CARTESIAN_POINT('',(-5.99999999999999,-6.4,-64.0180402050759));
#5071=CARTESIAN_POINT('',(-7.76642335766422,-6.4,-66.0449291636347));
#5072=CARTESIAN_POINT('Origin',(-7.99999999999999,-6.4,-68.0312428226914));
#5073=CARTESIAN_POINT('',(-65.787568499745,-6.4,-9.7080291970803));
#5074=CARTESIAN_POINT('Origin',(8.88178419700125E-15,-6.4,1.08770485875751E-30));
#5075=CARTESIAN_POINT('',(-67.7661419884591,-6.4,-8.00000000000001));
#5076=CARTESIAN_POINT('Origin',(-67.7661419884591,-6.4,-10.));
#5077=CARTESIAN_POINT('',(-76.852130744697,-6.4,-8.00000000000002));
#5078=CARTESIAN_POINT('',(-79.0964600977819,-6.4,-8.00000000000003));
#5079=CARTESIAN_POINT('',(-78.8354115381085,-6.4,-10.2580645161291));
#5080=CARTESIAN_POINT('Origin',(-76.852130744697,-6.4,-10.));
#5081=CARTESIAN_POINT('',(-8.20645161290321,-6.4,-79.075306840537));
#5082=CARTESIAN_POINT('Origin',(8.88178419700125E-15,-6.4,1.08770485875751E-30));
#5083=CARTESIAN_POINT('',(-5.99999999999999,-6.4,-77.0859909451776));
#5084=CARTESIAN_POINT('Origin',(-7.99999999999998,-6.4,-77.0859909451776));
#5085=CARTESIAN_POINT('',(-5.99999999999999,-6.4,-81.2788410350446));
#5086=CARTESIAN_POINT('',(-5.99999999999999,-6.4,-64.0180402050759));
#5087=CARTESIAN_POINT('Origin',(0.,-6.40000000000001,0.));
#5088=CARTESIAN_POINT('Origin',(-78.091212732767,-13.4,-5.0012492365177));
#5089=CARTESIAN_POINT('',(-84.3518612971253,-3.40000000000015,-5.00134938897446));
#5090=CARTESIAN_POINT('Ctrl Pts',(-81.346401181641,-6.40000000000005,-5.00130131021534));
#5091=CARTESIAN_POINT('Ctrl Pts',(-82.8219734671005,-4.92720720048003,-5.00132491514828));
#5092=CARTESIAN_POINT('Ctrl Pts',(-84.3518612971245,-3.40000000000077,-5.00134938897446));
#5093=CARTESIAN_POINT('',(-84.3518612971253,7.78542050643714,-5.00134938897446));
#5094=CARTESIAN_POINT('',(-84.3518612971253,2.1927102532185,-5.00134938897446));
#5095=CARTESIAN_POINT('Ctrl Pts',(-84.3518612971246,7.78542050643792,-5.00134938897446));
#5096=CARTESIAN_POINT('Ctrl Pts',(-82.8219734675764,9.31262770644214,-5.00132491514829));
#5097=CARTESIAN_POINT('Ctrl Pts',(-81.3464011816409,10.7854205064371,-5.00130131021534));
#5098=CARTESIAN_POINT('',(-63.3027635442396,10.7638082626038,-5.00101266366067));
#5099=CARTESIAN_POINT('',(-63.3027635442396,-13.4,-5.00101266366067));
#5100=CARTESIAN_POINT('',(-61.7193339932279,9.18542050643707,-5.00098733332021));
#5101=CARTESIAN_POINT('Ctrl Pts',(-61.7193339932279,9.18542050643707,-5.00098733332021));
#5102=CARTESIAN_POINT('Ctrl Pts',(-62.5010853111978,9.96461910101979,-5.00099983910363));
#5103=CARTESIAN_POINT('Ctrl Pts',(-63.3027635442396,10.7638082626038,-5.00101266366067));
#5104=CARTESIAN_POINT('',(-61.7193339932279,-4.82161224383314,-5.00098733332021));
#5105=CARTESIAN_POINT('',(-61.7193339932279,2.18190413130201,-5.00098733332021));
#5106=CARTESIAN_POINT('Ctrl Pts',(-63.3027635442396,-6.4,-5.00101266366067));
#5107=CARTESIAN_POINT('Ctrl Pts',(-62.5010853111991,-5.60081083841728,-5.00099983910363));
#5108=CARTESIAN_POINT('Ctrl Pts',(-61.7193339932279,-4.82161224383314,-5.00098733332021));
#5109=CARTESIAN_POINT('Origin',(0.,9.28542050643714,0.));
#5110=CARTESIAN_POINT('',(-5.99999999999999,7.78542050643715,-84.286713069143));
#5111=CARTESIAN_POINT('Origin',(1.77635683940025E-14,7.78542050643715,-8.88178419700125E-15));
#5112=CARTESIAN_POINT('Ctrl Pts',(-5.99999999999999,7.78542050643715,-84.286713069143));
#5113=CARTESIAN_POINT('Ctrl Pts',(-5.99999999999999,9.31267139189639,-82.755597486128));
#5114=CARTESIAN_POINT('Ctrl Pts',(-5.99999999999999,10.7854205064371,-81.2788410350447));
#5115=CARTESIAN_POINT('Origin',(0.,2.1927102532185,0.));
#5116=CARTESIAN_POINT('',(-5.99999999999999,-3.40000000000014,-84.286713069143));
#5117=CARTESIAN_POINT('Origin',(1.77635683940025E-14,-3.40000000000014,
-8.88178419700125E-15));
#5118=CARTESIAN_POINT('',(-5.99999999999999,2.1927102532185,-84.286713069143));
#5119=CARTESIAN_POINT('Origin',(0.,-4.90000000000007,0.));
#5120=CARTESIAN_POINT('Ctrl Pts',(-5.99999999999999,-3.40000000000014,-84.2867130691431));
#5121=CARTESIAN_POINT('Ctrl Pts',(-5.99999999999999,-4.92725088552558,-82.7555974860615));
#5122=CARTESIAN_POINT('Ctrl Pts',(-5.99999999999999,-6.40000000000001,-81.2788410350446));
#5123=CARTESIAN_POINT('Origin',(0.,2.18190413130201,0.));
#5124=CARTESIAN_POINT('',(-5.99999999999999,9.18542050643716,-61.6302365959733));
#5125=CARTESIAN_POINT('Origin',(0.,9.18542050643716,-1.77635683940025E-14));
#5126=CARTESIAN_POINT('',(-5.99999999999999,-4.82161224383314,-61.6302365959733));
#5127=CARTESIAN_POINT('',(-5.99999999999999,2.18190413130201,-61.6302365959733));
#5128=CARTESIAN_POINT('Origin',(0.,-4.82161224383314,0.));
#5129=CARTESIAN_POINT('Origin',(0.,9.98542050643714,0.));
#5130=CARTESIAN_POINT('',(-5.99999999999999,10.7638082626038,-63.2158998986806));
#5131=CARTESIAN_POINT('Origin',(0.,10.7638082626038,0.));
#5132=CARTESIAN_POINT('Ctrl Pts',(-5.99999999999999,9.18542050643715,-61.6302365959733));
#5133=CARTESIAN_POINT('Ctrl Pts',(-5.99999999999999,9.96459087989254,-62.4130907338426));
#5134=CARTESIAN_POINT('Ctrl Pts',(-5.99999999999999,10.7638082626086,-63.2158998986856));
#5135=CARTESIAN_POINT('Origin',(0.,13.6,0.));
#5136=CARTESIAN_POINT('',(-47.4337366754929,13.6,3.975));
#5137=CARTESIAN_POINT('',(-47.4273918743167,13.6,-4.05000000000002));
#5138=CARTESIAN_POINT('Origin',(0.,13.6,0.));
#5139=CARTESIAN_POINT('',(-47.4337366754929,13.65,3.97499999999998));
#5140=CARTESIAN_POINT('',(-47.4337366754929,13.6,3.97499999999998));
#5141=CARTESIAN_POINT('',(-47.4273918743167,13.65,-4.05000000000002));
#5142=CARTESIAN_POINT('Origin',(0.,13.65,0.));
#5143=CARTESIAN_POINT('',(-47.4273918743167,13.6,-4.05000000000002));
#5144=CARTESIAN_POINT('Origin',(-52.6386959371583,13.65,-0.037500000000017));
#5145=CARTESIAN_POINT('',(-57.85,13.65,3.97499999999998));
#5146=CARTESIAN_POINT('',(-47.4337366754929,13.65,3.97499999999999));
#5147=CARTESIAN_POINT('',(-57.85,13.65,-4.05000000000003));
#5148=CARTESIAN_POINT('',(-57.85,13.65,3.97499999999998));
#5149=CARTESIAN_POINT('',(-57.85,13.65,-4.05000000000002));
#5150=CARTESIAN_POINT('Origin',(0.,13.6,0.));
#5151=CARTESIAN_POINT('',(3.97500000000001,13.6,47.4337366754929));
#5152=CARTESIAN_POINT('',(-4.05000000000001,13.6,47.4273918743167));
#5153=CARTESIAN_POINT('Origin',(0.,13.6,0.));
#5154=CARTESIAN_POINT('',(3.97500000000001,13.65,47.4337366754929));
#5155=CARTESIAN_POINT('',(3.97500000000001,13.6,47.4337366754929));
#5156=CARTESIAN_POINT('',(-4.05000000000001,13.65,47.4273918743167));
#5157=CARTESIAN_POINT('Origin',(0.,13.65,0.));
#5158=CARTESIAN_POINT('',(-4.05000000000001,13.6,47.4273918743167));
#5159=CARTESIAN_POINT('Origin',(-0.0375000000000003,13.65,52.6386959371583));
#5160=CARTESIAN_POINT('',(3.97499999999999,13.65,57.85));
#5161=CARTESIAN_POINT('',(3.97500000000001,13.65,47.4337366754929));
#5162=CARTESIAN_POINT('',(-4.05000000000001,13.65,57.85));
#5163=CARTESIAN_POINT('',(3.97499999999999,13.65,57.85));
#5164=CARTESIAN_POINT('',(-4.05000000000001,13.65,57.85));
#5165=CARTESIAN_POINT('Origin',(0.,13.6,0.));
#5166=CARTESIAN_POINT('',(-3.97500000000001,13.6,-47.4337366754929));
#5167=CARTESIAN_POINT('',(4.05000000000002,13.6,-47.4273918743167));
#5168=CARTESIAN_POINT('Origin',(0.,13.6,0.));
#5169=CARTESIAN_POINT('',(-3.97500000000001,13.65,-47.4337366754929));
#5170=CARTESIAN_POINT('',(-3.97500000000001,13.6,-47.4337366754929));
#5171=CARTESIAN_POINT('',(4.05000000000002,13.65,-47.4273918743167));
#5172=CARTESIAN_POINT('Origin',(0.,13.65,0.));
#5173=CARTESIAN_POINT('',(4.05000000000002,13.6,-47.4273918743167));
#5174=CARTESIAN_POINT('Origin',(0.037500000000007,13.65,-52.6386959371583));
#5175=CARTESIAN_POINT('',(-3.97499999999998,13.65,-57.85));
#5176=CARTESIAN_POINT('',(-3.975,13.65,-47.4337366754929));
#5177=CARTESIAN_POINT('',(4.05000000000002,13.65,-57.85));
#5178=CARTESIAN_POINT('',(-3.97499999999998,13.65,-57.85));
#5179=CARTESIAN_POINT('',(4.05000000000002,13.65,-57.85));
#5180=CARTESIAN_POINT('Origin',(0.,13.6,0.));
#5181=CARTESIAN_POINT('',(47.4337366754929,13.6,-3.97500000000001));
#5182=CARTESIAN_POINT('',(47.4273918743167,13.6,4.05000000000001));
#5183=CARTESIAN_POINT('Origin',(0.,13.6,0.));
#5184=CARTESIAN_POINT('',(47.4337366754929,13.65,-3.97499999999999));
#5185=CARTESIAN_POINT('',(47.4337366754929,13.6,-3.97499999999999));
#5186=CARTESIAN_POINT('',(47.4273918743167,13.65,4.05000000000005));
#5187=CARTESIAN_POINT('Origin',(0.,13.65,0.));
#5188=CARTESIAN_POINT('',(47.4273918743167,13.6,4.05000000000005));
#5189=CARTESIAN_POINT('Origin',(52.6386959371583,13.65,0.0375000000000286));
#5190=CARTESIAN_POINT('',(57.85,13.65,4.05000000000002));
#5191=CARTESIAN_POINT('',(57.85,13.65,-3.97499999999999));
#5192=CARTESIAN_POINT('',(57.85,13.65,-3.97499999999999));
#5193=CARTESIAN_POINT('',(57.85,13.65,4.05000000000002));
#5194=CARTESIAN_POINT('',(47.4337366754929,13.65,-3.97499999999999));
#5195=CARTESIAN_POINT('Origin',(0.,13.6,0.));
#5196=CARTESIAN_POINT('Origin',(0.,13.6,0.));
#5197=CARTESIAN_POINT('Origin',(0.,13.6,0.));
#5198=CARTESIAN_POINT('Origin',(0.,13.6,0.));
#5199=CARTESIAN_POINT('Origin',(0.,13.6,0.));
#5200=CARTESIAN_POINT('',(33.,13.6,4.04133443718627E-15));
#5201=CARTESIAN_POINT('Origin',(0.,13.6,0.));
#5202=CARTESIAN_POINT('Origin',(-67.7661419884591,-9.4,-10.));
#5203=CARTESIAN_POINT('',(-65.787568499745,-9.2,-9.7080291970803));
#5204=CARTESIAN_POINT('',(-67.7661419884591,-9.2,-8.));
#5205=CARTESIAN_POINT('Origin',(-67.7661419884591,-9.2,-10.));
#5206=CARTESIAN_POINT('',(-67.7661419884591,-9.4,-8.00000000000001));
#5207=CARTESIAN_POINT('',(-65.787568499745,-9.4,-9.7080291970803));
#5208=CARTESIAN_POINT('Origin',(-66.0170432539961,-9.4,-8.00000000000001));
#5209=CARTESIAN_POINT('',(-76.852130744697,-9.2,-8.00000000000001));
#5210=CARTESIAN_POINT('',(-33.008521626998,-9.2,-7.99999999999995));
#5211=CARTESIAN_POINT('',(-76.852130744697,-9.4,-8.00000000000002));
#5212=CARTESIAN_POINT('Origin',(-76.852130744697,-9.4,-10.));
#5213=CARTESIAN_POINT('',(-78.8354115381085,-9.2,-10.2580645161291));
#5214=CARTESIAN_POINT('Origin',(-76.852130744697,-9.2,-10.));
#5215=CARTESIAN_POINT('',(-78.8354115381085,-9.4,-10.2580645161291));
#5216=CARTESIAN_POINT('Origin',(8.88178419700125E-15,-9.4,1.08770485875751E-30));
#5217=CARTESIAN_POINT('',(-8.20645161290321,-9.2,-79.075306840537));
#5218=CARTESIAN_POINT('Origin',(8.88178419700125E-15,-9.2,1.08770485875751E-30));
#5219=CARTESIAN_POINT('',(-8.20645161290321,-9.4,-79.075306840537));
#5220=CARTESIAN_POINT('Origin',(-76.8522907062397,-9.4,9.99877058460788));
#5221=CARTESIAN_POINT('',(-78.8355756276911,-9.2,10.2568033738881));
#5222=CARTESIAN_POINT('',(-76.8522587119645,-9.2,7.9987705848638));
#5223=CARTESIAN_POINT('Origin',(-76.8522907062397,-9.2,9.99877058460788));
#5224=CARTESIAN_POINT('',(-76.8522587119645,-9.4,7.99877058486381));
#5225=CARTESIAN_POINT('',(-78.8355756276911,-9.4,10.2568033738881));
#5226=CARTESIAN_POINT('Origin',(-79.096588064762,-9.4,7.99873468201828));
#5227=CARTESIAN_POINT('',(-67.7662699568892,-9.2,7.99891593467634));
#5228=CARTESIAN_POINT('',(-39.54777926089,-9.2,7.99936734975545));
#5229=CARTESIAN_POINT('',(-67.7662699568892,-9.4,7.99891593467634));
#5230=CARTESIAN_POINT('Origin',(-67.7663019511645,-9.4,9.99891593442043));
#5231=CARTESIAN_POINT('',(-65.7877237920064,-9.2,9.70697678305049));
#5232=CARTESIAN_POINT('Origin',(-67.7663019511645,-9.2,9.99891593442043));
#5233=CARTESIAN_POINT('',(-65.7877237920064,-9.4,9.70697678305049));
#5234=CARTESIAN_POINT('Origin',(-8.88178419700125E-15,-9.4,0.));
#5235=CARTESIAN_POINT('',(-7.76642335766423,-9.2,66.0449291636347));
#5236=CARTESIAN_POINT('Origin',(-8.88178419700125E-15,-9.2,0.));
#5237=CARTESIAN_POINT('',(-7.76642335766423,-9.4,66.0449291636347));
#5238=CARTESIAN_POINT('Origin',(67.7661419884591,-9.4,10.));
#5239=CARTESIAN_POINT('',(65.787568499745,-9.2,9.70802919708029));
#5240=CARTESIAN_POINT('',(67.7661419884591,-9.2,8.));
#5241=CARTESIAN_POINT('Origin',(67.7661419884591,-9.2,10.));
#5242=CARTESIAN_POINT('',(67.7661419884591,-9.4,8.));
#5243=CARTESIAN_POINT('',(65.787568499745,-9.4,9.70802919708029));
#5244=CARTESIAN_POINT('Origin',(66.0170432539961,-9.4,8.));
#5245=CARTESIAN_POINT('',(76.852130744697,-9.2,8.00000000000001));
#5246=CARTESIAN_POINT('',(33.0085216269981,-9.2,7.99999999999995));
#5247=CARTESIAN_POINT('',(76.852130744697,-9.4,8.00000000000001));
#5248=CARTESIAN_POINT('Origin',(76.852130744697,-9.4,10.));
#5249=CARTESIAN_POINT('',(78.8354115381085,-9.2,10.258064516129));
#5250=CARTESIAN_POINT('Origin',(76.852130744697,-9.2,10.));
#5251=CARTESIAN_POINT('',(78.8354115381085,-9.4,10.258064516129));
#5252=CARTESIAN_POINT('Origin',(-8.88178419700125E-15,-9.4,0.));
#5253=CARTESIAN_POINT('',(8.20645161290322,-9.2,79.075306840537));
#5254=CARTESIAN_POINT('Origin',(-8.88178419700125E-15,-9.2,0.));
#5255=CARTESIAN_POINT('',(8.20645161290322,-9.4,79.075306840537));
#5256=CARTESIAN_POINT('Origin',(-7.99999999999999,-9.4,-68.0312428226914));
#5257=CARTESIAN_POINT('',(-5.99999999999999,-9.2,-68.0312428226914));
#5258=CARTESIAN_POINT('',(-5.99999999999999,-9.4,-68.0312428226914));
#5259=CARTESIAN_POINT('',(-7.76642335766422,-9.2,-66.0449291636347));
#5260=CARTESIAN_POINT('Origin',(-7.99999999999999,-9.2,-68.0312428226914));
#5261=CARTESIAN_POINT('',(-7.76642335766422,-9.4,-66.0449291636347));
#5262=CARTESIAN_POINT('Origin',(-5.99999999999999,-9.4,-84.2867130691427));
#5263=CARTESIAN_POINT('Ctrl Pts',(-5.99999999999999,-4.82161224383314,-61.6302365959733));
#5264=CARTESIAN_POINT('Ctrl Pts',(-5.99999999999999,-5.60078261708704,-62.4130907336396));
#5265=CARTESIAN_POINT('Ctrl Pts',(-5.99999999999999,-6.4,-63.2158998986806));
#5266=CARTESIAN_POINT('',(-5.99999999999999,-13.4,-63.2158998986806));
#5267=CARTESIAN_POINT('',(-5.99999999999999,-9.2,-77.0859909451776));
#5268=CARTESIAN_POINT('',(-5.99999999999999,-9.4,-77.0859909451776));
#5269=CARTESIAN_POINT('',(-5.99999999999999,-9.2,-5.96438155990124));
#5270=CARTESIAN_POINT('Origin',(-7.99999999999998,-9.4,-77.0859909451776));
#5271=CARTESIAN_POINT('Origin',(-7.99999999999998,-9.2,-77.0859909451776));
#5272=CARTESIAN_POINT('Origin',(8.00000000000001,-9.4,-77.0859909451776));
#5273=CARTESIAN_POINT('',(8.20645161290324,-6.4,-79.075306840537));
#5274=CARTESIAN_POINT('',(6.,-6.4,-77.0859909451776));
#5275=CARTESIAN_POINT('Origin',(8.00000000000001,-6.4,-77.0859909451776));
#5276=CARTESIAN_POINT('',(6.,-9.2,-77.0859909451776));
#5277=CARTESIAN_POINT('',(6.,-9.4,-77.0859909451776));
#5278=CARTESIAN_POINT('',(8.20645161290324,-9.2,-79.075306840537));
#5279=CARTESIAN_POINT('Origin',(8.00000000000001,-9.2,-77.0859909451776));
#5280=CARTESIAN_POINT('',(8.20645161290324,-9.4,-79.075306840537));
#5281=CARTESIAN_POINT('Origin',(6.,-9.4,-63.2158998986806));
#5282=CARTESIAN_POINT('',(6.,-6.4,-81.2788410350446));
#5283=CARTESIAN_POINT('',(6.,-6.4,-53.4826336198448));
#5284=CARTESIAN_POINT('',(6.,-3.40000000000014,-84.286713069143));
#5285=CARTESIAN_POINT('Ctrl Pts',(6.,-3.40000000000014,-84.2867130691431));
#5286=CARTESIAN_POINT('Ctrl Pts',(6.,-4.92725088552067,-82.7555974860664));
#5287=CARTESIAN_POINT('Ctrl Pts',(6.00000000000001,-6.40000000000001,-81.2788410350446));
#5288=CARTESIAN_POINT('',(6.,7.78542050643715,-84.286713069143));
#5289=CARTESIAN_POINT('',(6.,2.1927102532185,-84.286713069143));
#5290=CARTESIAN_POINT('',(6.,10.7854205064371,-81.2788410350447));
#5291=CARTESIAN_POINT('Ctrl Pts',(6.,10.7854205064371,-81.2788410350447));
#5292=CARTESIAN_POINT('Ctrl Pts',(6.,9.3126713918915,-82.7555974861329));
#5293=CARTESIAN_POINT('Ctrl Pts',(6.,7.78542050643715,-84.286713069143));
#5294=CARTESIAN_POINT('',(6.,12.,-81.2788410350446));
#5295=CARTESIAN_POINT('',(6.,-13.4,-81.2788410350446));
#5296=CARTESIAN_POINT('',(6.,12.,-63.2158998986806));
#5297=CARTESIAN_POINT('',(6.,12.,-31.6079499493404));
#5298=CARTESIAN_POINT('',(6.,10.7638082626038,-63.2158998986806));
#5299=CARTESIAN_POINT('',(6.,-13.4,-63.2158998986806));
#5300=CARTESIAN_POINT('',(6.,9.18542050643716,-61.6302365959733));
#5301=CARTESIAN_POINT('Ctrl Pts',(6.,9.18542050643715,-61.6302365959733));
#5302=CARTESIAN_POINT('Ctrl Pts',(6.,9.96459087989068,-62.4130907338407));
#5303=CARTESIAN_POINT('Ctrl Pts',(6.,10.7638082626086,-63.2158998986856));
#5304=CARTESIAN_POINT('',(6.,-4.82161224383314,-61.6302365959733));
#5305=CARTESIAN_POINT('',(6.,2.18190413130201,-61.6302365959733));
#5306=CARTESIAN_POINT('',(6.,-6.4,-63.2158998986806));
#5307=CARTESIAN_POINT('Ctrl Pts',(6.,-6.4,-63.2158998986806));
#5308=CARTESIAN_POINT('Ctrl Pts',(6.,-5.60078261708969,-62.4130907336423));
#5309=CARTESIAN_POINT('Ctrl Pts',(6.,-4.82161224383314,-61.6302365959733));
#5310=CARTESIAN_POINT('',(6.,-6.4,-68.0312428226914));
#5311=CARTESIAN_POINT('',(6.,-6.4,-53.4826336198448));
#5312=CARTESIAN_POINT('',(6.,-9.2,-68.0312428226914));
#5313=CARTESIAN_POINT('',(6.,-9.4,-68.0312428226914));
#5314=CARTESIAN_POINT('',(6.,-9.2,4.57102502532984));
#5315=CARTESIAN_POINT('Origin',(8.,-9.4,-68.0312428226914));
#5316=CARTESIAN_POINT('',(7.76642335766424,-6.4,-66.0449291636347));
#5317=CARTESIAN_POINT('Origin',(8.,-6.4,-68.0312428226914));
#5318=CARTESIAN_POINT('',(7.76642335766424,-9.2,-66.0449291636347));
#5319=CARTESIAN_POINT('',(7.76642335766424,-9.4,-66.0449291636347));
#5320=CARTESIAN_POINT('Origin',(8.,-9.2,-68.0312428226914));
#5321=CARTESIAN_POINT('Origin',(8.88178419700125E-15,-9.4,1.08770485875751E-30));
#5322=CARTESIAN_POINT('',(66.0171712226501,-6.4,-7.99894391524945));
#5323=CARTESIAN_POINT('Origin',(8.88178419700125E-15,-6.4,1.08770485875751E-30));
#5324=CARTESIAN_POINT('',(66.0171712226501,-9.2,-7.99894391524945));
#5325=CARTESIAN_POINT('',(66.0171712226501,-9.4,-7.99894391524945));
#5326=CARTESIAN_POINT('Origin',(8.88178419700125E-15,-9.2,1.08770485875751E-30));
#5327=CARTESIAN_POINT('Origin',(7.99999999999999,-9.4,77.0859909451776));
#5328=CARTESIAN_POINT('',(6.,-9.2,77.0859909451776));
#5329=CARTESIAN_POINT('Origin',(7.99999999999999,-9.2,77.0859909451776));
#5330=CARTESIAN_POINT('',(6.,-9.4,77.0859909451776));
#5331=CARTESIAN_POINT('Origin',(8.,-9.4,68.0312428226914));
#5332=CARTESIAN_POINT('',(6.,-9.2,68.0312428226914));
#5333=CARTESIAN_POINT('',(6.,-9.4,68.0312428226914));
#5334=CARTESIAN_POINT('',(7.76642335766423,-9.2,66.0449291636347));
#5335=CARTESIAN_POINT('Origin',(8.,-9.2,68.0312428226914));
#5336=CARTESIAN_POINT('',(7.76642335766423,-9.4,66.0449291636347));
#5337=CARTESIAN_POINT('Origin',(6.,-9.4,81.2788410350443));
#5338=CARTESIAN_POINT('',(6.,-9.2,76.8183954921923));
#5339=CARTESIAN_POINT('Ctrl Pts',(6.,-4.82161224383313,61.6302365959733));
#5340=CARTESIAN_POINT('Ctrl Pts',(6.,-5.60078261713573,62.4130907336885));
#5341=CARTESIAN_POINT('Ctrl Pts',(6.,-6.40000000000018,63.2158998986807));
#5342=CARTESIAN_POINT('',(6.,-13.4,63.2158998986806));
#5343=CARTESIAN_POINT('Origin',(-8.,-9.4,68.0312428226914));
#5344=CARTESIAN_POINT('',(-5.99999999999999,-9.2,68.0312428226914));
#5345=CARTESIAN_POINT('Origin',(-8.,-9.2,68.0312428226914));
#5346=CARTESIAN_POINT('',(-5.99999999999999,-9.4,68.0312428226914));
#5347=CARTESIAN_POINT('Origin',(-8.,-9.4,77.0859909451776));
#5348=CARTESIAN_POINT('',(-5.99999999999999,-9.2,77.0859909451776));
#5349=CARTESIAN_POINT('',(-5.99999999999999,-9.4,77.0859909451776));
#5350=CARTESIAN_POINT('',(-8.20645161290322,-9.2,79.075306840537));
#5351=CARTESIAN_POINT('Origin',(-8.,-9.2,77.0859909451776));
#5352=CARTESIAN_POINT('',(-8.20645161290322,-9.4,79.075306840537));
#5353=CARTESIAN_POINT('Origin',(-5.99999999999999,-9.4,63.2158998986806));
#5354=CARTESIAN_POINT('',(-5.99999999999999,-9.2,67.7869249240104));
#5355=CARTESIAN_POINT('Origin',(0.,-5.62161224383324,0.));
#5356=CARTESIAN_POINT('Origin',(0.,-9.2,72.3579499493403));
#5357=CARTESIAN_POINT('',(81.075673342273,-9.2,8.30573248407643));
#5358=CARTESIAN_POINT('Origin',(0.,-9.2,0.));
#5359=CARTESIAN_POINT('',(-78.1913751037138,-9.2,1.84875076218354));
#5360=CARTESIAN_POINT('',(-78.1913751037138,-9.2,38.7533503557619));
#5361=CARTESIAN_POINT('',(-39.0456875518569,-9.2,1.84875076218354));
#5362=CARTESIAN_POINT('Origin',(0.,-9.2,0.));
#5363=CARTESIAN_POINT('',(65.9170432539962,-9.2,1.85000000000001));
#5364=CARTESIAN_POINT('',(65.9170432539962,-9.2,38.7539749746701));
#5365=CARTESIAN_POINT('',(33.0085216269981,-9.2,1.85000000000001));
#5366=CARTESIAN_POINT('Origin',(78.091292728447,-9.2,8.));
#5367=CARTESIAN_POINT('Origin',(-8.88178419700125E-15,-9.2,0.));
#5368=CARTESIAN_POINT('',(-2.925,-9.2,72.7288265666141));
#5369=CARTESIAN_POINT('Origin',(0.,-9.2,72.7288265666141));
#5370=CARTESIAN_POINT('Origin',(-8.88178419700125E-15,-9.2,0.));
#5371=CARTESIAN_POINT('Origin',(0.,-4.90000000000007,0.));
#5372=CARTESIAN_POINT('',(81.075673342273,-6.4,-8.30573248407642));
#5373=CARTESIAN_POINT('Origin',(0.,-6.4,0.));
#5374=CARTESIAN_POINT('',(81.0863081505538,-6.4,-8.20125786166178));
#5375=CARTESIAN_POINT('Origin',(0.,-6.4,-8.88178419700125E-15));
#5376=CARTESIAN_POINT('',(84.0710802297153,-3.40000000000014,-8.50314465411559));
#5377=CARTESIAN_POINT('',(81.0863081505538,-6.4,-8.20125786166178));
#5378=CARTESIAN_POINT('Origin',(1.77635683940025E-14,-3.40000000000014,
-8.88178419700125E-15));
#5379=CARTESIAN_POINT('Origin',(0.,-9.2,72.3579499493403));
#5380=CARTESIAN_POINT('',(63.0388307763723,-9.2,-7.6390977443609));
#5381=CARTESIAN_POINT('Origin',(0.,-9.2,0.));
#5382=CARTESIAN_POINT('',(-65.9169608602902,-9.2,-1.7512492364985));
#5383=CARTESIAN_POINT('',(-65.9169608602902,-9.2,33.6033503564209));
#5384=CARTESIAN_POINT('',(-33.0084804301451,-9.2,-1.7512492364985));
#5385=CARTESIAN_POINT('Origin',(0.,-9.2,0.));
#5386=CARTESIAN_POINT('',(78.191292728447,-9.2,-1.75));
#5387=CARTESIAN_POINT('',(78.191292728447,-9.2,36.7539749746701));
#5388=CARTESIAN_POINT('',(39.0456463642235,-9.2,-1.75));
#5389=CARTESIAN_POINT('Origin',(66.0170432539961,-9.2,-8.));
#5390=CARTESIAN_POINT('',(79.0965880647622,-9.2,-7.99873468201822));
#5391=CARTESIAN_POINT('',(39.548936780973,-9.2,-7.99936733123844));
#5392=CARTESIAN_POINT('Origin',(8.88178419700125E-15,-9.2,1.08770485875751E-30));
#5393=CARTESIAN_POINT('Origin',(8.88178419700125E-15,-9.2,1.08770485875751E-30));
#5394=CARTESIAN_POINT('',(-2.925,-9.2,-72.728826566614));
#5395=CARTESIAN_POINT('Origin',(0.,-9.2,-72.728826566614));
#5396=CARTESIAN_POINT('Origin',(0.,-5.62161224383324,0.));
#5397=CARTESIAN_POINT('Origin',(62.2673410527173,2.1819041313019,-7.53517622158664));
#5398=CARTESIAN_POINT('',(63.0401102600315,-6.4,-7.62869157100229));
#5399=CARTESIAN_POINT('',(63.0400912125198,-6.4,-7.6286892660001));
#5400=CARTESIAN_POINT('',(33.742624021053,-6.4,-4.08330617429312));
#5401=CARTESIAN_POINT('',(61.4731351791738,-4.82161224383314,-7.43906675051892));
#5402=CARTESIAN_POINT('',(63.0615469262609,-6.42161224383334,-7.63128569265436));
#5403=CARTESIAN_POINT('',(61.4731351791738,9.18542050643716,-7.43906675051892));
#5404=CARTESIAN_POINT('',(61.4731351791738,-4.82161224383314,-7.43906675051892));
#5405=CARTESIAN_POINT('',(63.0401102600315,10.7638274490766,-7.62869157100229));
#5406=CARTESIAN_POINT('',(61.4731351791738,9.18542050643716,-7.43906675051892));
#5407=CARTESIAN_POINT('',(63.0401102600315,-13.4,-7.62869157100229));
#5408=CARTESIAN_POINT('Origin',(6.39834901736978E-5,-6.4,-43.7493673410091));
#5409=CARTESIAN_POINT('',(78.091292728447,-6.4,-5.00000000000002));
#5410=CARTESIAN_POINT('Origin',(78.091292728447,-6.4,-7.99999999999998));
#5411=CARTESIAN_POINT('',(79.0965880647622,-6.4,-7.99873468201822));
#5412=CARTESIAN_POINT('Origin',(8.88178419700125E-15,-6.4,1.08770485875751E-30));
#5413=CARTESIAN_POINT('',(66.0171712226501,-6.4,-7.9989439152495));
#5414=CARTESIAN_POINT('Origin',(0.,-6.4,0.));
#5415=CARTESIAN_POINT('',(66.0170432539961,-6.4,-5.));
#5416=CARTESIAN_POINT('Origin',(66.0170432539961,-6.4,-8.));
#5417=CARTESIAN_POINT('',(33.0085536187432,-6.4,-5.));
#5418=CARTESIAN_POINT('Origin',(0.,-5.62161224383324,0.));
#5419=CARTESIAN_POINT('Origin',(0.,-4.82161224383314,0.));
#5420=CARTESIAN_POINT('Origin',(0.,2.1927102532185,0.));
#5421=CARTESIAN_POINT('',(84.0710802297153,7.78542050643715,-8.50314465411559));
#5422=CARTESIAN_POINT('',(84.0710802297153,-3.40000000000014,-8.50314465411559));
#5423=CARTESIAN_POINT('Origin',(1.77635683940025E-14,7.78542050643715,-8.88178419700125E-15));
#5424=CARTESIAN_POINT('Origin',(0.,9.28542050643714,0.));
#5425=CARTESIAN_POINT('',(81.0863081505539,10.7854205064371,-8.20125786166179));
#5426=CARTESIAN_POINT('',(84.0710802297153,7.78542050643715,-8.50314465411559));
#5427=CARTESIAN_POINT('',(81.0756733422734,10.7854205064371,-8.30573248407646));
#5428=CARTESIAN_POINT('Origin',(3.5527136788005E-14,10.7854205064371,8.88178419700125E-15));
#5429=CARTESIAN_POINT('Origin',(0.,10.7854205064372,0.));
#5430=CARTESIAN_POINT('Origin',(66.0170432539961,-13.4,-8.));
#5431=CARTESIAN_POINT('',(66.0170432539961,12.,-5.));
#5432=CARTESIAN_POINT('',(63.0388307763723,12.,-7.6390977443609));
#5433=CARTESIAN_POINT('Origin',(66.0170432539961,12.,-8.));
#5434=CARTESIAN_POINT('',(66.0170432539961,-13.4,-5.));
#5435=CARTESIAN_POINT('',(63.0388307763723,10.7638082626038,-7.6390977443609));
#5436=CARTESIAN_POINT('Ctrl Pts',(63.0388307763723,10.7638082626038,-7.6390977443609));
#5437=CARTESIAN_POINT('Ctrl Pts',(63.0392510830714,10.7638082626038,-7.63562931866912));
#5438=CARTESIAN_POINT('Ctrl Pts',(63.039677575908,10.7638146543047,-7.63216057828224));
#5439=CARTESIAN_POINT('Ctrl Pts',(63.0401102600315,10.7638274490766,-7.62869157100229));
#5440=CARTESIAN_POINT('',(63.0388307763723,-13.4,-7.6390977443609));
#5441=CARTESIAN_POINT('Origin',(33.0085216269981,-9.7,1.35000000000001));
#5442=CARTESIAN_POINT('',(65.9170432539962,-10.2,0.850000000000014));
#5443=CARTESIAN_POINT('',(33.0085216269981,-10.2,0.850000000000013));
#5444=CARTESIAN_POINT('',(65.9170432539962,-8.675,2.37500000000001));
#5445=CARTESIAN_POINT('Origin',(66.0170432539961,-9.4,0.850000000000014));
#5446=CARTESIAN_POINT('',(65.9170432539962,-9.4,0.850000000000014));
#5447=CARTESIAN_POINT('Origin',(0.,-8.9,72.7288265666141));
#5448=CARTESIAN_POINT('',(-2.325,-8.6,72.7288265666141));
#5449=CARTESIAN_POINT('',(-2.625,-8.9,72.7288265666141));
#5450=CARTESIAN_POINT('Origin',(0.,-8.6,72.7288265666141));
#5451=CARTESIAN_POINT('Origin',(0.,-9.4,72.7288265666141));
#5452=CARTESIAN_POINT('',(-2.325,-4.4,72.7288265666141));
#5453=CARTESIAN_POINT('',(-2.325,-9.4,72.7288265666141));
#5454=CARTESIAN_POINT('Origin',(0.,-4.4,72.7288265666141));
#5455=CARTESIAN_POINT('Origin',(39.0456463642235,-9.7,-1.25));
#5456=CARTESIAN_POINT('',(78.191292728447,-10.2,-0.75));
#5457=CARTESIAN_POINT('',(78.191292728447,-10.225,-0.724999999999997));
#5458=CARTESIAN_POINT('',(39.0456463642235,-10.2,-0.750000000000002));
#5459=CARTESIAN_POINT('Origin',(78.091292728447,-9.4,-0.750000000000001));
#5460=CARTESIAN_POINT('',(78.191292728447,-9.4,-0.750000000000001));
#5461=CARTESIAN_POINT('Origin',(0.,-8.9,-72.728826566614));
#5462=CARTESIAN_POINT('',(-2.325,-8.6,-72.728826566614));
#5463=CARTESIAN_POINT('',(-2.625,-8.9,-72.728826566614));
#5464=CARTESIAN_POINT('Origin',(0.,-8.6,-72.728826566614));
#5465=CARTESIAN_POINT('Origin',(0.,-9.4,-72.728826566614));
#5466=CARTESIAN_POINT('',(-2.325,-4.4,-72.728826566614));
#5467=CARTESIAN_POINT('',(-2.325,-9.4,-72.728826566614));
#5468=CARTESIAN_POINT('Origin',(0.,-4.4,-72.728826566614));
#5469=CARTESIAN_POINT('Origin',(-39.0456875518569,-9.7,1.34875076218354));
#5470=CARTESIAN_POINT('',(-78.1913751037138,-10.2,0.848750762183537));
#5471=CARTESIAN_POINT('',(-78.1913751037138,-8.675,2.37375076218354));
#5472=CARTESIAN_POINT('',(-39.0456875518569,-10.2,0.848750762183537));
#5473=CARTESIAN_POINT('Origin',(-78.1913751037138,-9.4,5.14875076218353));
#5474=CARTESIAN_POINT('',(-78.1913751037138,-9.4,0.848750762183537));
#5475=CARTESIAN_POINT('Origin',(-33.0084804301451,-9.7,-1.2512492364985));
#5476=CARTESIAN_POINT('',(-65.9169608602902,-10.2,-0.751249236498507));
#5477=CARTESIAN_POINT('',(-65.9169608602902,-8.65,-2.3012492364985));
#5478=CARTESIAN_POINT('',(-33.0084804301451,-10.2,-0.751249236498507));
#5479=CARTESIAN_POINT('Origin',(-65.9169608602902,-9.4,-5.15124923649851));
#5480=CARTESIAN_POINT('',(-65.9169608602902,-9.4,-0.751249236498507));
#5481=CARTESIAN_POINT('Origin',(-78.0913751037138,-9.4,0.848750762183537));
#5482=CARTESIAN_POINT('Origin',(78.191292728447,-9.4,1.15000000000002));
#5483=CARTESIAN_POINT('Origin',(-66.0169608602902,-9.4,-0.751249236498507));
#5484=CARTESIAN_POINT('Origin',(-78.091212732767,-13.4,-5.0012492365177));
#5485=CARTESIAN_POINT('',(-39.0455663735394,-13.4,-5.00062461793895));
#5486=CARTESIAN_POINT('Origin',(65.9170432539962,-9.4,5.15000000000001));
#5487=CARTESIAN_POINT('Origin',(-66.0171232312372,-13.4,4.99894391563338));
#5488=CARTESIAN_POINT('',(-33.0086016084627,-13.4,4.99947195749682));
#5489=CARTESIAN_POINT('Origin',(78.091292728447,-13.4,5.));
#5490=CARTESIAN_POINT('',(78.091292728447,-13.4,5.));
#5491=CARTESIAN_POINT('',(39.0456463642235,-13.4,5.));
#5492=CARTESIAN_POINT('',(78.091292728447,-13.4,5.));
#5493=CARTESIAN_POINT('Origin',(-57.85,13.6,-4.05000000000003));
#5494=CARTESIAN_POINT('',(-57.85,9.6,-4.05000000000003));
#5495=CARTESIAN_POINT('',(-57.85,13.6,-4.05000000000002));
#5496=CARTESIAN_POINT('',(-47.4273918743167,9.6,-4.05000000000002));
#5497=CARTESIAN_POINT('',(-57.85,9.6,-4.05000000000003));
#5498=CARTESIAN_POINT('',(-47.4273918743167,8.,-4.05000000000002));
#5499=CARTESIAN_POINT('Origin',(-57.85,13.6,3.97499999999998));
#5500=CARTESIAN_POINT('',(-57.85,9.6,3.97499999999998));
#5501=CARTESIAN_POINT('',(-57.85,13.6,3.97499999999998));
#5502=CARTESIAN_POINT('',(-57.85,9.6,3.97499999999998));
#5503=CARTESIAN_POINT('Origin',(-47.4337366754929,13.6,3.97499999999998));
#5504=CARTESIAN_POINT('',(-47.4337366754929,9.6,3.975));
#5505=CARTESIAN_POINT('',(-47.4337366754929,8.,3.97499999999998));
#5506=CARTESIAN_POINT('',(-41.85,9.6,3.97499999999998));
#5507=CARTESIAN_POINT('Origin',(-53.8,9.6,-1.98749068907455E-14));
#5508=CARTESIAN_POINT('Origin',(0.,9.6,0.));
#5509=CARTESIAN_POINT('',(-51.05,9.6,-1.3468053173623E-14));
#5510=CARTESIAN_POINT('Origin',(-53.8,9.6,-1.31312753038575E-14));
#5511=CARTESIAN_POINT('Origin',(0.,8.,0.));
#5512=CARTESIAN_POINT('',(47.4273918743167,9.6,4.05000000000001));
#5513=CARTESIAN_POINT('',(47.4273918743167,8.,4.05000000000002));
#5514=CARTESIAN_POINT('',(47.6,9.6,-5.8293187639414E-15));
#5515=CARTESIAN_POINT('Origin',(0.,9.6,0.));
#5516=CARTESIAN_POINT('',(47.6,6.45,5.8293187639414E-15));
#5517=CARTESIAN_POINT('',(47.6,8.,-5.8293187639414E-15));
#5518=CARTESIAN_POINT('Origin',(0.,6.45,0.));
#5519=CARTESIAN_POINT('',(47.4337366754929,9.6,-3.97500000000001));
#5520=CARTESIAN_POINT('Origin',(0.,9.6,0.));
#5521=CARTESIAN_POINT('',(47.4337366754929,8.,-3.97499999999999));
#5522=CARTESIAN_POINT('',(4.05000000000002,9.6,-47.4273918743167));
#5523=CARTESIAN_POINT('',(4.05000000000002,8.,-47.4273918743167));
#5524=CARTESIAN_POINT('',(-3.97500000000001,9.6,-47.4337366754929));
#5525=CARTESIAN_POINT('Origin',(0.,9.6,0.));
#5526=CARTESIAN_POINT('',(-3.97499999999998,8.,-47.4337366754929));
#5527=CARTESIAN_POINT('',(-4.05000000000001,9.6,47.4273918743167));
#5528=CARTESIAN_POINT('',(-4.05000000000001,8.,47.4273918743167));
#5529=CARTESIAN_POINT('',(3.97500000000001,9.6,47.4337366754929));
#5530=CARTESIAN_POINT('Origin',(0.,9.6,0.));
#5531=CARTESIAN_POINT('',(3.97499999999999,8.,47.4337366754929));
#5532=CARTESIAN_POINT('Origin',(4.05000000000002,13.6,-57.85));
#5533=CARTESIAN_POINT('',(4.05000000000002,9.6,-57.85));
#5534=CARTESIAN_POINT('',(4.05000000000002,13.6,-57.85));
#5535=CARTESIAN_POINT('',(4.05000000000002,9.6,-57.85));
#5536=CARTESIAN_POINT('Origin',(-3.97499999999998,13.6,-57.85));
#5537=CARTESIAN_POINT('',(-3.97499999999998,9.6,-57.85));
#5538=CARTESIAN_POINT('',(-3.97499999999998,13.6,-57.85));
#5539=CARTESIAN_POINT('',(-3.97499999999998,9.6,-57.85));
#5540=CARTESIAN_POINT('Origin',(-3.97499999999998,13.6,-47.4337366754929));
#5541=CARTESIAN_POINT('',(-3.97499999999998,9.6,-41.85));
#5542=CARTESIAN_POINT('Origin',(1.65806070010392E-14,9.6,-53.8));
#5543=CARTESIAN_POINT('',(2.75000000000001,9.6,-53.8));
#5544=CARTESIAN_POINT('Origin',(9.85228349914046E-15,9.6,-53.8));
#5545=CARTESIAN_POINT('Origin',(57.85,13.6,4.05000000000002));
#5546=CARTESIAN_POINT('',(57.85,9.6,4.05000000000002));
#5547=CARTESIAN_POINT('',(57.85,13.6,4.05000000000002));
#5548=CARTESIAN_POINT('',(57.85,9.6,4.05000000000002));
#5549=CARTESIAN_POINT('Origin',(57.85,13.6,-3.97499999999999));
#5550=CARTESIAN_POINT('',(57.85,9.6,-3.97499999999999));
#5551=CARTESIAN_POINT('',(57.85,13.6,-3.97499999999999));
#5552=CARTESIAN_POINT('',(57.85,9.6,-3.97499999999999));
#5553=CARTESIAN_POINT('Origin',(47.4337366754929,13.6,-3.97499999999999));
#5554=CARTESIAN_POINT('',(41.85,9.6,-3.97499999999999));
#5555=CARTESIAN_POINT('Origin',(53.8,9.6,1.32863071113328E-14));
#5556=CARTESIAN_POINT('',(56.55,9.6,6.22120573966855E-15));
#5557=CARTESIAN_POINT('Origin',(53.8,9.6,6.55798360943408E-15));
#5558=CARTESIAN_POINT('Origin',(-4.05000000000001,13.6,57.85));
#5559=CARTESIAN_POINT('',(-4.05000000000001,9.6,57.85));
#5560=CARTESIAN_POINT('',(-4.05000000000001,13.6,57.85));
#5561=CARTESIAN_POINT('',(-4.05000000000001,9.6,57.85));
#5562=CARTESIAN_POINT('Origin',(3.97499999999999,13.6,57.85));
#5563=CARTESIAN_POINT('',(3.97499999999999,9.6,57.85));
#5564=CARTESIAN_POINT('',(3.97499999999999,13.6,57.85));
#5565=CARTESIAN_POINT('',(3.97499999999999,9.6,57.85));
#5566=CARTESIAN_POINT('Origin',(3.97499999999999,13.6,47.4337366754929));
#5567=CARTESIAN_POINT('',(3.97499999999999,9.6,41.85));
#5568=CARTESIAN_POINT('Origin',(-9.99200722162641E-15,9.6,53.8));
#5569=CARTESIAN_POINT('',(2.75,9.6,53.8));
#5570=CARTESIAN_POINT('Origin',(-3.29429988970638E-15,9.6,53.8));
#5571=CARTESIAN_POINT('Origin',(84.4384788604305,-13.2,1.55563491861076));
#5572=CARTESIAN_POINT('',(84.2970575041932,-13.4,1.69705627484805));
#5573=CARTESIAN_POINT('',(84.4865507263864,-13.4,1.50756305265484));
#5574=CARTESIAN_POINT('',(63.7177678749695,-13.4,22.2763459040658));
#5575=CARTESIAN_POINT('',(84.5799002166679,-13.,1.41421356237347));
#5576=CARTESIAN_POINT('',(84.2970575041932,-13.4,1.69705627484805));
#5577=CARTESIAN_POINT('',(84.7084488011581,-13.18179515161,1.28566497788325));
#5578=CARTESIAN_POINT('',(84.5799002166679,-13.,1.41421356237347));
#5579=CARTESIAN_POINT('Ctrl Pts',(84.4865507263864,-13.4,1.50756305265486));
#5580=CARTESIAN_POINT('Ctrl Pts',(84.5973566963229,-13.2911885536859,1.39675708271837));
#5581=CARTESIAN_POINT('Ctrl Pts',(84.7084488011581,-13.18179515161,1.28566497788325));
#5582=CARTESIAN_POINT('Origin',(83.8727934354814,-13.,0.707106781186856));
#5583=CARTESIAN_POINT('',(84.4965355787972,-13.4,0.765163499553561));
#5584=CARTESIAN_POINT('Ctrl Pts',(84.7084488011581,-13.18179515161,1.28566497788325));
#5585=CARTESIAN_POINT('Ctrl Pts',(84.6028221270634,-13.291364177306,1.02508430163325));
#5586=CARTESIAN_POINT('Ctrl Pts',(84.4965355787972,-13.4,0.765163499553517));
#5587=CARTESIAN_POINT('',(83.165686654295,-13.,2.35074410621644E-13));
#5588=CARTESIAN_POINT('',(82.8828439418205,-13.,-0.282842712474384));
#5589=CARTESIAN_POINT('',(83.7313720792442,-13.4,2.61851952335205E-13));
#5590=CARTESIAN_POINT('',(83.637091175086,-13.3333333333333,2.56503934249424E-13));
#5591=CARTESIAN_POINT('',(63.0106610937948,-13.4,-20.7207109854548));
#5592=CARTESIAN_POINT('Origin',(83.8727934354816,-13.,-0.70710678118641));
#5593=CARTESIAN_POINT('',(84.4965355787973,-13.4,-0.765163499552859));
#5594=CARTESIAN_POINT('',(63.0106610937901,-13.4,20.7207109854552));
#5595=CARTESIAN_POINT('',(84.5799002166682,-13.,-1.41421356237304));
#5596=CARTESIAN_POINT('',(82.8828439418204,-13.,0.28284271247481));
#5597=CARTESIAN_POINT('',(84.7084488011583,-13.1817951516098,-1.28566497788295));
#5598=CARTESIAN_POINT('',(84.5799002166682,-13.,-1.41421356237304));
#5599=CARTESIAN_POINT('Ctrl Pts',(84.4965355787972,-13.4,-0.765163499552828));
#5600=CARTESIAN_POINT('Ctrl Pts',(84.6028221270633,-13.291364177306,-1.0250843016323));
#5601=CARTESIAN_POINT('Ctrl Pts',(84.7084488011583,-13.1817951516098,-1.28566497788295));
#5602=CARTESIAN_POINT('Origin',(84.2970575041932,-13.4,1.69705627484805));
#5603=CARTESIAN_POINT('',(82.6000012293458,-13.4,1.96621556284293E-13));
#5604=CARTESIAN_POINT('',(62.7985290594387,-13.4,-19.8014721699124));
#5605=CARTESIAN_POINT('',(83.1656866542949,-13.,2.35074410621641E-13));
#5606=CARTESIAN_POINT('Origin',(82.6000012293458,-13.4,1.96621556284293E-13));
#5607=CARTESIAN_POINT('',(84.2970575041936,-13.4,-1.69705627484765));
#5608=CARTESIAN_POINT('',(61.9500009220103,-13.4,20.6500003073366));
#5609=CARTESIAN_POINT('',(84.2970575041936,-13.4,-1.69705627484765));
#5610=CARTESIAN_POINT('Origin',(84.4384788604309,-13.2,-1.55563491861035));
#5611=CARTESIAN_POINT('',(84.4865507263864,-13.4,-1.50756305265481));
#5612=CARTESIAN_POINT('',(63.7177678749747,-13.4,-22.2763459040655));
#5613=CARTESIAN_POINT('Ctrl Pts',(84.7084488011583,-13.1817951516098,-1.28566497788295));
#5614=CARTESIAN_POINT('Ctrl Pts',(84.5973566963256,-13.2911885536833,-1.39675708271564));
#5615=CARTESIAN_POINT('Ctrl Pts',(84.4865507263864,-13.4,-1.50756305265482));
#5616=CARTESIAN_POINT('Origin',(0.,-13.4,0.));
#5617=CARTESIAN_POINT('',(84.5,-13.4,1.03482654527951E-14));
#5618=CARTESIAN_POINT('Origin',(0.,-13.4,0.));
#5619=CARTESIAN_POINT('Origin',(0.,-13.4,0.));
#5620=CARTESIAN_POINT('Origin',(0.,-11.9,0.));
#5621=CARTESIAN_POINT('',(87.5,-10.4,1.07156594925393E-14));
#5622=CARTESIAN_POINT('',(86.,-11.9,1.05319624726672E-14));
#5623=CARTESIAN_POINT('Origin',(0.,-10.4,0.));
#5624=CARTESIAN_POINT('',(-84.4865507263864,-13.4,-1.50756305265485));
#5625=CARTESIAN_POINT('Origin',(0.,-13.4,0.));
#5626=CARTESIAN_POINT('',(-84.7084488011581,-13.18179515161,-1.28566497788324));
#5627=CARTESIAN_POINT('Ctrl Pts',(-84.4865507263864,-13.4,-1.50756305265485));
#5628=CARTESIAN_POINT('Ctrl Pts',(-84.5973566963204,-13.2911885536884,-1.39675708272087));
#5629=CARTESIAN_POINT('Ctrl Pts',(-84.7084488011581,-13.18179515161,-1.28566497788324));
#5630=CARTESIAN_POINT('',(-84.4965355787972,-13.4,-0.765163499553543));
#5631=CARTESIAN_POINT('Ctrl Pts',(-84.7084488011581,-13.18179515161,-1.28566497788324));
#5632=CARTESIAN_POINT('Ctrl Pts',(-84.6028221270632,-13.2913641773062,-1.02508430163274));
#5633=CARTESIAN_POINT('Ctrl Pts',(-84.4965355787973,-13.4,-0.765163499553552));
#5634=CARTESIAN_POINT('',(-84.4965355787973,-13.4,0.765163499552868));
#5635=CARTESIAN_POINT('Origin',(0.,-13.4,0.));
#5636=CARTESIAN_POINT('',(-84.7084488011583,-13.1817951516098,1.28566497788297));
#5637=CARTESIAN_POINT('Ctrl Pts',(-84.4965355787973,-13.4,0.765163499552872));
#5638=CARTESIAN_POINT('Ctrl Pts',(-84.6028221270636,-13.2913641773058,1.02508430163285));
#5639=CARTESIAN_POINT('Ctrl Pts',(-84.7084488011583,-13.1817951516098,1.28566497788297));
#5640=CARTESIAN_POINT('',(-84.4865507263864,-13.4,1.50756305265482));
#5641=CARTESIAN_POINT('Ctrl Pts',(-84.7084488011583,-13.1817951516098,1.28566497788297));
#5642=CARTESIAN_POINT('Ctrl Pts',(-84.5973566963185,-13.2911885536903,1.39675708272278));
#5643=CARTESIAN_POINT('Ctrl Pts',(-84.4865507263864,-13.4,1.50756305265483));
#5644=CARTESIAN_POINT('Origin',(0.,-13.4,0.));
#5645=CARTESIAN_POINT('Origin',(-84.4384788604305,-13.2,-1.55563491861075));
#5646=CARTESIAN_POINT('',(-84.2970575041932,-13.4,-1.69705627484804));
#5647=CARTESIAN_POINT('',(-63.7177678749695,-13.4,-22.2763459040658));
#5648=CARTESIAN_POINT('',(-84.5799002166679,-13.,-1.41421356237346));
#5649=CARTESIAN_POINT('',(-84.2970575041932,-13.4,-1.69705627484804));
#5650=CARTESIAN_POINT('',(-84.5799002166679,-13.,-1.41421356237346));
#5651=CARTESIAN_POINT('Origin',(-83.8727934354814,-13.,-0.707106781186846));
#5652=CARTESIAN_POINT('',(-83.165686654295,-13.,-2.24889551425637E-13));
#5653=CARTESIAN_POINT('',(-82.8828439418205,-13.,0.282842712474394));
#5654=CARTESIAN_POINT('',(-83.7313720792442,-13.4,-2.51597816654699E-13));
#5655=CARTESIAN_POINT('',(-83.637091175086,-13.3333333333333,-2.46261344649668E-13));
#5656=CARTESIAN_POINT('',(-63.0106610937948,-13.4,20.7207109854549));
#5657=CARTESIAN_POINT('Origin',(-83.8727934354816,-13.,0.70710678118642));
#5658=CARTESIAN_POINT('',(-63.0106610937901,-13.4,-20.7207109854552));
#5659=CARTESIAN_POINT('',(-84.5799002166682,-13.,1.41421356237305));
#5660=CARTESIAN_POINT('',(-82.8828439418204,-13.,-0.2828427124748));
#5661=CARTESIAN_POINT('',(-84.5799002166682,-13.,1.41421356237305));
#5662=CARTESIAN_POINT('Origin',(-84.2970575041932,-13.4,-1.69705627484804));
#5663=CARTESIAN_POINT('',(-82.6000012293458,-13.4,-1.86505973572784E-13));
#5664=CARTESIAN_POINT('',(-62.7985290594387,-13.4,19.8014721699124));
#5665=CARTESIAN_POINT('',(-83.1656866542949,-13.,-2.24889551425633E-13));
#5666=CARTESIAN_POINT('Origin',(-82.6000012293458,-13.4,-1.86505973572784E-13));
#5667=CARTESIAN_POINT('',(-84.2970575041936,-13.4,1.69705627484766));
#5668=CARTESIAN_POINT('',(-61.9500009220103,-13.4,-20.6500003073366));
#5669=CARTESIAN_POINT('',(-84.2970575041936,-13.4,1.69705627484766));
#5670=CARTESIAN_POINT('Origin',(-84.4384788604309,-13.2,1.55563491861036));
#5671=CARTESIAN_POINT('',(-63.7177678749747,-13.4,22.2763459040655));
#5672=CARTESIAN_POINT('Origin',(0.,-13.4,0.));
#5673=CARTESIAN_POINT('Origin',(0.,9.98542050643714,0.));
#5674=CARTESIAN_POINT('Origin',(0.,10.7638082626038,0.));
#5675=CARTESIAN_POINT('Origin',(0.,9.18542050643716,-1.77635683940025E-14));
#5676=CARTESIAN_POINT('Origin',(0.,2.18190413130201,0.));
#5677=CARTESIAN_POINT('Origin',(0.,2.19271025321856,0.));
#5678=CARTESIAN_POINT('',(81.075673342273,-13.4,-8.30573248407642));
#5679=CARTESIAN_POINT('',(81.0863081505538,-13.3994010204051,-8.20125786166178));
#5680=CARTESIAN_POINT('Origin',(82.5786941901346,2.19271025321856,-8.35220125788869));
#5681=CARTESIAN_POINT('Origin',(8.88178419700125E-15,-9.4,1.08770485875751E-30));
#5682=CARTESIAN_POINT('Origin',(8.88178419700125E-15,-9.4,1.08770485875751E-30));
#5683=CARTESIAN_POINT('',(79.0965880647622,-9.4,-7.99873468201822));
#5684=CARTESIAN_POINT('Origin',(79.096588064762,-9.4,-7.99873468201827));
#5685=CARTESIAN_POINT('Origin',(0.,-13.4,0.));
#5686=CARTESIAN_POINT('Origin',(0.,12.,0.));
#5687=CARTESIAN_POINT('Origin',(0.,-13.4,0.));
#5688=CARTESIAN_POINT('',(63.0388307763723,-13.4,-7.6390977443609));
#5689=CARTESIAN_POINT('',(63.0388307763723,-13.4,-7.6390977443609));
#5690=CARTESIAN_POINT('Origin',(0.,-13.4,0.));
#5691=CARTESIAN_POINT('Origin',(0.,-13.4,0.));
#5692=CARTESIAN_POINT('',(81.075673342273,12.,-8.30573248407642));
#5693=CARTESIAN_POINT('Origin',(0.,12.,0.));
#5694=CARTESIAN_POINT('',(81.075673342273,-13.4,-8.30573248407642));
#5695=CARTESIAN_POINT('Origin',(0.,-13.4,0.));
#5696=CARTESIAN_POINT('Origin',(0.,-13.4,0.));
#5697=CARTESIAN_POINT('Origin',(78.091292728447,-13.4,-7.99999999999998));
#5698=CARTESIAN_POINT('',(78.091292728447,12.,-5.00000000000002));
#5699=CARTESIAN_POINT('',(78.091292728447,-13.4,-5.00000000000002));
#5700=CARTESIAN_POINT('Origin',(78.091292728447,12.,-7.99999999999998));
#5701=CARTESIAN_POINT('Origin',(66.0170432539961,-13.4,-5.));
#5702=CARTESIAN_POINT('',(33.0084896352208,12.,-5.));
#5703=CARTESIAN_POINT('Origin',(-8.88178419700125E-15,-9.4,0.));
#5704=CARTESIAN_POINT('Origin',(-8.88178419700125E-15,-9.4,0.));
#5705=CARTESIAN_POINT('Origin',(0.,-13.4,0.));
#5706=CARTESIAN_POINT('Origin',(0.,-13.4,0.));
#5707=CARTESIAN_POINT('Origin',(0.,-13.4,0.));
#5708=CARTESIAN_POINT('Origin',(0.,-13.4,0.));
#5709=CARTESIAN_POINT('',(81.075673342273,-13.4,8.30573248407643));
#5710=CARTESIAN_POINT('',(81.075673342273,-13.4,8.30573248407643));
#5711=CARTESIAN_POINT('Origin',(0.,-13.4,0.));
#5712=CARTESIAN_POINT('Origin',(78.091292728447,-13.4,8.));
#5713=CARTESIAN_POINT('Origin',(78.091292728447,-13.4,8.));
#5714=CARTESIAN_POINT('Origin',(0.,-4.4,72.7288265666141));
#5715=CARTESIAN_POINT('Origin',(0.,-4.4,-72.728826566614));
#5716=CARTESIAN_POINT('Origin',(-6.3983554623448E-5,12.,-1.50990331349021E-13));
#5717=CARTESIAN_POINT('Origin',(66.0170432539961,-13.4,-5.));
#5718=CARTESIAN_POINT('',(66.0170432539961,-13.4,-5.));
#5719=CARTESIAN_POINT('',(33.0085216269981,-13.4,-5.));
#5720=CARTESIAN_POINT('',(66.0170432539961,-13.4,-5.));
#5721=CARTESIAN_POINT('Origin',(66.0170432539961,-13.4,-8.));
#5722=CARTESIAN_POINT('Origin',(66.0170432539961,-13.4,-8.));
#5723=CARTESIAN_POINT('Origin',(0.,-13.4,0.));
#5724=CARTESIAN_POINT('Origin',(0.,13.5,0.));
#5725=CARTESIAN_POINT('',(87.5,12.,-1.07156594925393E-14));
#5726=CARTESIAN_POINT('Origin',(0.,12.,0.));
#5727=CARTESIAN_POINT('',(84.5,15.,1.03482654527951E-14));
#5728=CARTESIAN_POINT('',(86.,13.5,1.05319624726672E-14));
#5729=CARTESIAN_POINT('Origin',(0.,15.,0.));
#5730=CARTESIAN_POINT('Origin',(0.,15.,0.));
#5731=CARTESIAN_POINT('',(44.,15.,-5.38844591624836E-15));
#5732=CARTESIAN_POINT('Origin',(0.,15.,0.));
#5733=CARTESIAN_POINT('Origin',(0.,8.,0.));
#5734=CARTESIAN_POINT('',(87.5,8.,-1.07156594925393E-14));
#5735=CARTESIAN_POINT('Origin',(0.,23.5,0.));
#5736=CARTESIAN_POINT('',(41.,25.,5.02105187650415E-15));
#5737=CARTESIAN_POINT('Origin',(0.,25.,0.));
#5738=CARTESIAN_POINT('',(44.,22.,-5.38844591624836E-15));
#5739=CARTESIAN_POINT('',(42.5,23.5,-5.20474889637625E-15));
#5740=CARTESIAN_POINT('Origin',(0.,22.,0.));
#5741=CARTESIAN_POINT('Origin',(0.,25.,0.));
#5742=CARTESIAN_POINT('',(44.,25.,5.38844591624836E-15));
#5743=CARTESIAN_POINT('Origin',(0.,25.,0.));
#5744=CARTESIAN_POINT('',(33.,25.,-4.04133443718627E-15));
#5745=CARTESIAN_POINT('Origin',(0.,25.,0.));
#5746=CARTESIAN_POINT('Origin',(0.,-13.4,0.));
#5747=CARTESIAN_POINT('',(60.5,-13.4,7.40911313484149E-15));
#5748=CARTESIAN_POINT('Origin',(0.,-13.4,0.));
#5749=CARTESIAN_POINT('Origin',(-3.29429988970638E-15,8.,53.8));
#5750=CARTESIAN_POINT('',(2.75,6.45,53.8));
#5751=CARTESIAN_POINT('Origin',(-3.29429988970638E-15,6.45,53.8));
#5752=CARTESIAN_POINT('',(2.75,8.,53.8));
#5753=CARTESIAN_POINT('Origin',(-53.8,8.,-1.31312753038575E-14));
#5754=CARTESIAN_POINT('',(-51.05,6.45,-1.3468053173623E-14));
#5755=CARTESIAN_POINT('Origin',(-53.8,6.45,-1.31312753038575E-14));
#5756=CARTESIAN_POINT('',(-51.05,8.,-1.3468053173623E-14));
#5757=CARTESIAN_POINT('Origin',(9.85228349914046E-15,8.,-53.8));
#5758=CARTESIAN_POINT('',(2.75000000000001,6.45,-53.8));
#5759=CARTESIAN_POINT('Origin',(9.85228349914046E-15,6.45,-53.8));
#5760=CARTESIAN_POINT('',(2.75000000000001,8.,-53.8));
#5761=CARTESIAN_POINT('Origin',(53.8,8.,6.55798360943408E-15));
#5762=CARTESIAN_POINT('',(56.55,6.45,6.22120573966855E-15));
#5763=CARTESIAN_POINT('Origin',(53.8,6.45,6.55798360943408E-15));
#5764=CARTESIAN_POINT('',(56.55,8.,6.22120573966855E-15));
#5765=CARTESIAN_POINT('Origin',(0.,25.,0.));
#5766=CARTESIAN_POINT('',(33.,25.,4.04133443718627E-15));
#5767=CARTESIAN_POINT('Origin',(0.,8.,0.));
#5768=CARTESIAN_POINT('',(60.5,6.45,7.40911313484149E-15));
#5769=CARTESIAN_POINT('',(60.5,8.,7.40911313484149E-15));
#5770=CARTESIAN_POINT('Origin',(0.,6.45,0.));
#5771=CARTESIAN_POINT('Origin',(0.,6.45,0.));
#5772=UNCERTAINTY_MEASURE_WITH_UNIT(LENGTH_MEASURE(0.01),#5776,
'DISTANCE_ACCURACY_VALUE',
'Maximum model space distance between geometric entities at asserted c
onnectivities');
#5773=UNCERTAINTY_MEASURE_WITH_UNIT(LENGTH_MEASURE(0.01),#5776,
'DISTANCE_ACCURACY_VALUE',
'Maximum model space distance between geometric entities at asserted c
onnectivities');
#5774=(
GEOMETRIC_REPRESENTATION_CONTEXT(3)
GLOBAL_UNCERTAINTY_ASSIGNED_CONTEXT((#5772))
GLOBAL_UNIT_ASSIGNED_CONTEXT((#5776,#5778,#5779))
REPRESENTATION_CONTEXT('','3D')
);
#5775=(
GEOMETRIC_REPRESENTATION_CONTEXT(3)
GLOBAL_UNCERTAINTY_ASSIGNED_CONTEXT((#5773))
GLOBAL_UNIT_ASSIGNED_CONTEXT((#5776,#5778,#5779))
REPRESENTATION_CONTEXT('','3D')
);
#5776=(
LENGTH_UNIT()
NAMED_UNIT(*)
SI_UNIT(.MILLI.,.METRE.)
);
#5777=(
LENGTH_UNIT()
NAMED_UNIT(*)
SI_UNIT($,.METRE.)
);
#5778=(
NAMED_UNIT(*)
PLANE_ANGLE_UNIT()
SI_UNIT($,.RADIAN.)
);
#5779=(
NAMED_UNIT(*)
SI_UNIT($,.STERADIAN.)
SOLID_ANGLE_UNIT()
);
#5780=SHAPE_DEFINITION_REPRESENTATION(#5781,#5782);
#5781=PRODUCT_DEFINITION_SHAPE('',$,#5784);
#5782=SHAPE_REPRESENTATION('',(#3363),#5774);
#5783=PRODUCT_DEFINITION_CONTEXT('part definition',#5788,'design');
#5784=PRODUCT_DEFINITION('2026-09-16-14-33-07-897','(Unsaved)',#5785,#5783);
#5785=PRODUCT_DEFINITION_FORMATION('',$,#5790);
#5786=PRODUCT_RELATED_PRODUCT_CATEGORY('(Unsaved)','(Unsaved)',(#5790));
#5787=APPLICATION_PROTOCOL_DEFINITION('international standard',
'automotive_design',2009,#5788);
#5788=APPLICATION_CONTEXT(
'Core Data for Automotive Mechanical Design Process');
#5789=PRODUCT_CONTEXT('part definition',#5788,'mechanical');
#5790=PRODUCT('2026-09-16-14-33-07-897','(Unsaved)',$,(#5789));
#5791=PRESENTATION_STYLE_ASSIGNMENT((#5792));
#5792=SURFACE_STYLE_USAGE(.BOTH.,#5793);
#5793=SURFACE_SIDE_STYLE('',(#5794));
#5794=SURFACE_STYLE_FILL_AREA(#5795);
#5795=FILL_AREA_STYLE('Steel - Satin',(#5796));
#5796=FILL_AREA_STYLE_COLOUR('Steel - Satin',#5797);
#5797=COLOUR_RGB('Steel - Satin',0.627450980392157,0.627450980392157,0.627450980392157);
ENDSEC;
END-ISO-10303-21;
