ISO-10303-21;
HEADER;
/* Generated by software containing ST-Developer
 * from STEP Tools, Inc. (www.steptools.com) 
 */

FILE_DESCRIPTION(
/* description */ (''),
/* implementation_level */ '2;1');

FILE_NAME(
/* name */ 'electronics-housing-button-sockets_v1.0.step',
/* time_stamp */ '2026-08-29T11:09:37-05:00',
/* author */ (''),
/* organization */ (''),
/* preprocessor_version */ 'ST-DEVELOPER v20.1',
/* originating_system */ 'Autodesk Translation Framework v15.8.0.0',
/* authorisation */ '');

FILE_SCHEMA (('AUTOMOTIVE_DESIGN { 1 0 10303 214 3 1 1 }'));
ENDSEC;

DATA;
#10=MECHANICAL_DESIGN_GEOMETRIC_PRESENTATION_REPRESENTATION('',(#13),#6649);
#11=SHAPE_REPRESENTATION_RELATIONSHIP('SRR','None',#6656,#12);
#12=ADVANCED_BREP_SHAPE_REPRESENTATION('',(#14),#6648);
#13=STYLED_ITEM('',(#6665),#14);
#14=MANIFOLD_SOLID_BREP('Body1',#3292);
#15=TOROIDAL_SURFACE('',#3424,2.5,0.3);
#16=TOROIDAL_SURFACE('',#3430,2.5,0.3);
#17=TOROIDAL_SURFACE('',#3433,2.5,0.3);
#18=TOROIDAL_SURFACE('',#3439,2.5,0.3);
#19=TOROIDAL_SURFACE('',#3456,2.7,0.3);
#20=TOROIDAL_SURFACE('',#3461,2.7,0.3);
#21=TOROIDAL_SURFACE('',#3466,2.7,0.3);
#22=TOROIDAL_SURFACE('',#3471,2.7,0.3);
#23=TOROIDAL_SURFACE('',#3528,2.5,0.3);
#24=TOROIDAL_SURFACE('',#3534,2.5,0.3);
#25=TOROIDAL_SURFACE('',#3540,2.5,0.3);
#26=TOROIDAL_SURFACE('',#3546,2.5,0.3);
#27=TOROIDAL_SURFACE('',#3563,2.7,0.3);
#28=TOROIDAL_SURFACE('',#3568,2.7,0.3);
#29=TOROIDAL_SURFACE('',#3573,2.7,0.3);
#30=TOROIDAL_SURFACE('',#3578,2.7,0.3);
#31=TOROIDAL_SURFACE('',#3623,17.4,0.3);
#32=TOROIDAL_SURFACE('',#3632,17.6,0.3);
#33=B_SPLINE_CURVE_WITH_KNOTS('',3,(#4874,#4875,#4876,#4877),
 .UNSPECIFIED.,.F.,.F.,(4,4),(-0.0746276240483858,-0.0013530959242248),
 .UNSPECIFIED.);
#34=B_SPLINE_CURVE_WITH_KNOTS('',3,(#4879,#4880,#4881,#4882,#4883,#4884,
#4885,#4886,#4887,#4888,#4889,#4890,#4891,#4892,#4893,#4894,#4895,#4896,
#4897,#4898,#4899,#4900),.UNSPECIFIED.,.F.,.F.,(4,3,3,3,3,3,3,4),(-0.810553472812841,
-0.547047339134249,-0.547014995695853,-0.410291513672146,-0.410255446492777,
-0.273528291297638,-0.2734958972897,-0.0100014617991192),.UNSPECIFIED.);
#35=B_SPLINE_CURVE_WITH_KNOTS('',3,(#4902,#4903,#4904,#4905),
 .UNSPECIFIED.,.F.,.F.,(4,4),(-0.0823894302722666,-0.00669247944318571),
 .UNSPECIFIED.);
#36=B_SPLINE_CURVE_WITH_KNOTS('',3,(#4906,#4907,#4908,#4909,#4910,#4911,
#4912,#4913,#4914,#4915,#4916,#4917,#4918,#4919,#4920,#4921,#4922,#4923,
#4924,#4925,#4926,#4927),.UNSPECIFIED.,.F.,.F.,(4,3,3,3,3,3,3,4),(0.0100008221679793,
0.269281970853565,0.269313816904542,0.403934722849526,0.403970235376634,
0.538594758005881,0.538626653848725,0.797932514493601),.UNSPECIFIED.);
#37=B_SPLINE_CURVE_WITH_KNOTS('',3,(#4945,#4946,#4947,#4948,#4949,#4950),
 .UNSPECIFIED.,.F.,.F.,(4,2,4),(0.0100000808611812,0.0383886943810148,0.0700955035862293),
 .UNSPECIFIED.);
#38=B_SPLINE_CURVE_WITH_KNOTS('',3,(#4952,#4953,#4954,#4955,#4956,#4957),
 .UNSPECIFIED.,.F.,.F.,(4,2,4),(0.00126232986342256,0.112149401829719,0.20805613971831),
 .UNSPECIFIED.);
#39=B_SPLINE_CURVE_WITH_KNOTS('',3,(#4958,#4959,#4960,#4961),
 .UNSPECIFIED.,.F.,.F.,(4,4),(-0.0543033874988371,-0.0401299199731152),
 .UNSPECIFIED.);
#40=B_SPLINE_CURVE_WITH_KNOTS('',3,(#5003,#5004,#5005,#5006,#5007,#5008),
 .UNSPECIFIED.,.F.,.F.,(4,2,4),(0.00668189331204422,0.0383884774249798,
0.0667769232679164),.UNSPECIFIED.);
#41=B_SPLINE_CURVE_WITH_KNOTS('',3,(#5009,#5010,#5011,#5012,#5013,#5014,
#5015,#5016,#5017,#5018,#5019,#5020,#5021),.UNSPECIFIED.,.F.,.F.,(4,3,3,
3,4),(0.0100020668384128,0.267201757609377,0.400800390202741,0.534399022796104,
0.791590041953267),.UNSPECIFIED.);
#42=B_SPLINE_CURVE_WITH_KNOTS('',3,(#5039,#5040,#5041,#5042),
 .UNSPECIFIED.,.F.,.F.,(4,4),(-0.0162334124351047,-0.00205978724811961),
 .UNSPECIFIED.);
#43=B_SPLINE_CURVE_WITH_KNOTS('',3,(#5043,#5044,#5045,#5046,#5047,#5048),
 .UNSPECIFIED.,.F.,.F.,(4,2,4),(0.0141419278912802,0.0631330496793173,0.125043602867635),
 .UNSPECIFIED.);
#44=B_SPLINE_CURVE_WITH_KNOTS('',3,(#5089,#5090,#5091,#5092,#5093,#5094,
#5095,#5096,#5097,#5098),.UNSPECIFIED.,.F.,.F.,(4,2,2,2,4),(-0.790012302007447,
-0.533333245884771,-0.399999870720359,-0.266666495555946,-0.00997910368907202),
 .UNSPECIFIED.);
#45=B_SPLINE_CURVE_WITH_KNOTS('',3,(#5735,#5736,#5737,#5738,#5739,#5740,
#5741,#5742,#5743,#5744),.UNSPECIFIED.,.F.,.F.,(4,3,3,4),(0.400351291079005,
0.400799125469912,0.534395320232395,0.791588623201668),.UNSPECIFIED.);
#46=B_SPLINE_CURVE_WITH_KNOTS('',3,(#5746,#5747,#5748,#5749),
 .UNSPECIFIED.,.F.,.F.,(4,4),(0.0100000711609303,0.117435511737729),
 .UNSPECIFIED.);
#47=B_SPLINE_CURVE_WITH_KNOTS('',3,(#5751,#5752,#5753,#5754,#5755,#5756,
#5757,#5758,#5759,#5760),.UNSPECIFIED.,.F.,.F.,(4,3,3,4),(0.0100020668384126,
0.267194334864449,0.400789111821091,0.401535813184703),.UNSPECIFIED.);
#48=B_SPLINE_CURVE_WITH_KNOTS('',3,(#5765,#5766,#5767,#5768,#5769,#5770,
#5771),.UNSPECIFIED.,.F.,.F.,(4,3,4),(0.401535813184703,0.534391571716219,
0.791590041953241),.UNSPECIFIED.);
#49=B_SPLINE_CURVE_WITH_KNOTS('',3,(#5773,#5774,#5775,#5776),
 .UNSPECIFIED.,.F.,.F.,(4,4),(0.014141927836649,0.115037882161778),
 .UNSPECIFIED.);
#50=B_SPLINE_CURVE_WITH_KNOTS('',3,(#5777,#5778,#5779,#5780,#5781,#5782,
#5783),.UNSPECIFIED.,.F.,.F.,(4,3,4),(0.0100006879741044,0.267197087084562,
0.400351291079005),.UNSPECIFIED.);
#51=B_SPLINE_CURVE_WITH_KNOTS('',3,(#5786,#5787,#5788,#5789),
 .UNSPECIFIED.,.F.,.F.,(4,4),(0.0100000711250231,0.117435509342251),
 .UNSPECIFIED.);
#52=B_SPLINE_CURVE_WITH_KNOTS('',3,(#5791,#5792,#5793,#5794,#5795,#5796,
#5797,#5798,#5799,#5800,#5801,#5802,#5803),.UNSPECIFIED.,.F.,.F.,(4,3,3,
3,4),(0.010002066838413,0.26720175760938,0.400800390202744,0.534399022796108,
0.791590041953274),.UNSPECIFIED.);
#53=B_SPLINE_CURVE_WITH_KNOTS('',3,(#5805,#5806,#5807,#5808),
 .UNSPECIFIED.,.F.,.F.,(4,4),(0.0141419278597773,0.115037879821075),
 .UNSPECIFIED.);
#54=B_SPLINE_CURVE_WITH_KNOTS('',3,(#5809,#5810,#5811,#5812,#5813,#5814,
#5815,#5816,#5817,#5818,#5819,#5820,#5821),.UNSPECIFIED.,.F.,.F.,(4,3,3,
3,4),(0.010000687974104,0.267191436880377,0.400790559891241,0.534389682902106,
0.791588623201651),.UNSPECIFIED.);
#55=B_SPLINE_CURVE_WITH_KNOTS('',3,(#5824,#5825,#5826,#5827),
 .UNSPECIFIED.,.F.,.F.,(4,4),(0.0100000711736435,0.117435512362708),
 .UNSPECIFIED.);
#56=B_SPLINE_CURVE_WITH_KNOTS('',3,(#5829,#5830,#5831,#5832,#5833,#5834,
#5835,#5836,#5837,#5838,#5839,#5840,#5841),.UNSPECIFIED.,.F.,.F.,(4,3,3,
3,4),(0.0100020668384131,0.267201757609378,0.400800390202742,0.534399022796106,
0.791590041953269),.UNSPECIFIED.);
#57=B_SPLINE_CURVE_WITH_KNOTS('',3,(#5843,#5844,#5845,#5846),
 .UNSPECIFIED.,.F.,.F.,(4,4),(0.0141419280578297,0.115037880173653),
 .UNSPECIFIED.);
#58=B_SPLINE_CURVE_WITH_KNOTS('',3,(#5847,#5848,#5849,#5850,#5851,#5852,
#5853,#5854,#5855,#5856,#5857,#5858,#5859),.UNSPECIFIED.,.F.,.F.,(4,3,3,
3,4),(0.0100006879741043,0.267191436880378,0.400790559891242,0.534389682902107,
0.791588623201652),.UNSPECIFIED.);
#59=B_SPLINE_CURVE_WITH_KNOTS('',3,(#5932,#5933,#5934,#5935,#5936,#5937),
 .UNSPECIFIED.,.F.,.F.,(4,2,4),(0.00668177164721452,0.0382680826255528,
0.0698543882877836),.UNSPECIFIED.);
#60=B_SPLINE_CURVE_WITH_KNOTS('',3,(#5939,#5940,#5941,#5942,#5943,#5944,
#5945,#5946,#5947,#5948,#5949,#5950,#5951,#5952,#5953,#5954,#5955,#5956,
#5957,#5958,#5959,#5960),.UNSPECIFIED.,.F.,.F.,(4,3,3,3,3,3,3,4),(0.0100014540239207,
0.273495545202044,0.273527939167652,0.410254915699198,0.410290982831438,
0.547014286196351,0.547046629592484,0.810552418943334),.UNSPECIFIED.);
#61=B_SPLINE_CURVE_WITH_KNOTS('',3,(#5962,#5963,#5964,#5965,#5966,#5967),
 .UNSPECIFIED.,.F.,.F.,(4,2,4),(0.0066818076631893,0.0382684602745325,0.069855122198633),
 .UNSPECIFIED.);
#62=B_SPLINE_CURVE_WITH_KNOTS('',3,(#5968,#5969,#5970,#5971,#5972,#5973,
#5974,#5975,#5976,#5977,#5978,#5979,#5980,#5981,#5982,#5983,#5984,#5985,
#5986,#5987,#5988,#5989),.UNSPECIFIED.,.F.,.F.,(4,3,3,3,3,3,3,4),(-0.799745774435992,
-0.539837462380487,-0.53980549497483,-0.404878923278872,-0.404843331074411,
-0.269920384177257,-0.269888466675182,-0.0100002946305809),
 .UNSPECIFIED.);
#63=B_SPLINE_CURVE_WITH_KNOTS('',3,(#6006,#6007,#6008,#6009,#6010,#6011),
 .UNSPECIFIED.,.F.,.F.,(4,2,4),(0.0100000808620889,0.038388694390484,0.0700955035735416),
 .UNSPECIFIED.);
#64=B_SPLINE_CURVE_WITH_KNOTS('',3,(#6012,#6013,#6014,#6015,#6016,#6017),
 .UNSPECIFIED.,.F.,.F.,(4,2,4),(0.0066818021566299,0.0126250379534781,0.0250000758363562),
 .UNSPECIFIED.);
#65=B_SPLINE_CURVE_WITH_KNOTS('',3,(#6058,#6059,#6060,#6061,#6062,#6063),
 .UNSPECIFIED.,.F.,.F.,(4,2,4),(-0.0667769232586364,-0.0383884774183693,
-0.00668189331219937),.UNSPECIFIED.);
#66=B_SPLINE_CURVE_WITH_KNOTS('',3,(#6080,#6081,#6082,#6083,#6084,#6085),
 .UNSPECIFIED.,.F.,.F.,(4,2,4),(0.000250003478371295,0.012625036199134,
0.0185682667435644),.UNSPECIFIED.);
#67=B_SPLINE_CURVE_WITH_KNOTS('',3,(#6192,#6193,#6194,#6195,#6196,#6197),
 .UNSPECIFIED.,.F.,.F.,(4,2,4),(0.00668177164661714,0.0382680826083427,
0.0698543881889769),.UNSPECIFIED.);
#68=B_SPLINE_CURVE_WITH_KNOTS('',3,(#6199,#6200,#6201,#6202,#6203,#6204,
#6205,#6206,#6207,#6208,#6209,#6210,#6211,#6212,#6213,#6214,#6215,#6216,
#6217,#6218,#6219,#6220),.UNSPECIFIED.,.F.,.F.,(4,3,3,3,3,3,3,4),(0.0100014540239197,
0.273495545201905,0.273527939167513,0.410254915698986,0.410290982831227,
0.547014286196068,0.5470466295922,0.810552418942911),.UNSPECIFIED.);
#69=B_SPLINE_CURVE_WITH_KNOTS('',3,(#6222,#6223,#6224,#6225,#6226,#6227),
 .UNSPECIFIED.,.F.,.F.,(4,2,4),(0.00668180766546012,0.0382684603322139,
0.0698551223553294),.UNSPECIFIED.);
#70=B_SPLINE_CURVE_WITH_KNOTS('',3,(#6228,#6229,#6230,#6231,#6232,#6233,
#6234,#6235,#6236,#6237,#6238,#6239,#6240,#6241,#6242,#6243,#6244,#6245,
#6246,#6247,#6248,#6249),.UNSPECIFIED.,.F.,.F.,(4,3,3,3,3,3,3,4),(0.0100002946305806,
0.269888466675518,0.269920384177593,0.404843331074921,0.404878923279382,
0.539805494975514,0.539837462381171,0.799745774437012),.UNSPECIFIED.);
#71=B_SPLINE_CURVE_WITH_KNOTS('',3,(#6266,#6267,#6268,#6269,#6270,#6271),
 .UNSPECIFIED.,.F.,.F.,(4,2,4),(0.0100000808673688,0.0383886944476307,0.0700955037148872),
 .UNSPECIFIED.);
#72=B_SPLINE_CURVE_WITH_KNOTS('',3,(#6272,#6273,#6274,#6275,#6276,#6277),
 .UNSPECIFIED.,.F.,.F.,(4,2,4),(0.00668180585502067,0.0126250486042119,
0.0250000842230538),.UNSPECIFIED.);
#73=B_SPLINE_CURVE_WITH_KNOTS('',3,(#6318,#6319,#6320,#6321,#6322,#6323),
 .UNSPECIFIED.,.F.,.F.,(4,2,4),(-0.0667769232742129,-0.0383884774264761,
-0.00668189331217214),.UNSPECIFIED.);
#74=B_SPLINE_CURVE_WITH_KNOTS('',3,(#6340,#6341,#6342,#6343,#6344,#6345),
 .UNSPECIFIED.,.F.,.F.,(4,2,4),(-0.0185682667591156,-0.012625035857552,
-0.000250003478379696),.UNSPECIFIED.);
#75=B_SPLINE_CURVE_WITH_KNOTS('',3,(#6452,#6453,#6454,#6455,#6456,#6457),
 .UNSPECIFIED.,.F.,.F.,(4,2,4),(0.00668177165372896,0.0382680827727149,
0.0698543884456908),.UNSPECIFIED.);
#76=B_SPLINE_CURVE_WITH_KNOTS('',3,(#6459,#6460,#6461,#6462,#6463,#6464,
#6465,#6466,#6467,#6468,#6469,#6470,#6471,#6472,#6473,#6474,#6475,#6476,
#6477,#6478,#6479,#6480),.UNSPECIFIED.,.F.,.F.,(4,3,3,3,3,3,3,4),(0.01000145402392,
0.273495545202099,0.273527939167707,0.41025491569928,0.41029098283152,0.547014286196461,
0.547046629592593,0.810552418943495),.UNSPECIFIED.);
#77=B_SPLINE_CURVE_WITH_KNOTS('',3,(#6482,#6483,#6484,#6485,#6486,#6487),
 .UNSPECIFIED.,.F.,.F.,(4,2,4),(0.00668180766341104,0.0382684602858569,
0.0698551223016806),.UNSPECIFIED.);
#78=B_SPLINE_CURVE_WITH_KNOTS('',3,(#6488,#6489,#6490,#6491,#6492,#6493,
#6494,#6495,#6496,#6497,#6498,#6499,#6500,#6501,#6502,#6503,#6504,#6505,
#6506,#6507,#6508,#6509),.UNSPECIFIED.,.F.,.F.,(4,3,3,3,3,3,3,4),(0.0100002946305803,
0.269888466675625,0.269920384177701,0.404843331075085,0.404878923279546,
0.539805494975734,0.539837462381391,0.79974577443734),.UNSPECIFIED.);
#79=B_SPLINE_CURVE_WITH_KNOTS('',3,(#6526,#6527,#6528,#6529,#6530,#6531),
 .UNSPECIFIED.,.F.,.F.,(4,2,4),(-0.0700955037265422,-0.0383886944771974,
-0.0100000808702145),.UNSPECIFIED.);
#80=B_SPLINE_CURVE_WITH_KNOTS('',3,(#6532,#6533,#6534,#6535,#6536,#6537),
 .UNSPECIFIED.,.F.,.F.,(4,2,4),(0.00668180154333507,0.0126250361867763,
0.0250000697628346),.UNSPECIFIED.);
#81=B_SPLINE_CURVE_WITH_KNOTS('',3,(#6578,#6579,#6580,#6581,#6582,#6583),
 .UNSPECIFIED.,.F.,.F.,(4,2,4),(0.00668189331167473,0.038388477397643,0.0667769231842446),
 .UNSPECIFIED.);
#82=B_SPLINE_CURVE_WITH_KNOTS('',3,(#6600,#6601,#6602,#6603,#6604,#6605),
 .UNSPECIFIED.,.F.,.F.,(4,2,4),(0.00025000347830293,0.0126250467717571,
0.0185682926349916),.UNSPECIFIED.);
#83=B_SPLINE_SURFACE_WITH_KNOTS('',3,3,((#4808,#4809,#4810,#4811,#4812,
#4813,#4814,#4815,#4816,#4817,#4818,#4819,#4820,#4821,#4822,#4823),(#4824,
#4825,#4826,#4827,#4828,#4829,#4830,#4831,#4832,#4833,#4834,#4835,#4836,
#4837,#4838,#4839),(#4840,#4841,#4842,#4843,#4844,#4845,#4846,#4847,#4848,
#4849,#4850,#4851,#4852,#4853,#4854,#4855),(#4856,#4857,#4858,#4859,#4860,
#4861,#4862,#4863,#4864,#4865,#4866,#4867,#4868,#4869,#4870,#4871)),
 .UNSPECIFIED.,.F.,.F.,.F.,(4,4),(4,2,2,2,2,2,2,4),(0.0873017323734222,
1.05411962258983),(0.00973032660496935,0.266634962402825,0.266666495555946,
0.399964707115432,0.399999870720359,0.533301663429005,0.533333245884771,
0.79022647656394),.UNSPECIFIED.);
#84=B_SPLINE_SURFACE_WITH_KNOTS('',3,3,((#4928,#4929,#4930,#4931),(#4932,
#4933,#4934,#4935),(#4936,#4937,#4938,#4939),(#4940,#4941,#4942,#4943)),
 .UNSPECIFIED.,.F.,.F.,.F.,(4,4),(4,4),(0.0141419657621655,0.125000460027534),
(-2.79329392082631E-5,0.0424662788878318),.UNSPECIFIED.);
#85=B_SPLINE_SURFACE_WITH_KNOTS('',3,3,((#4962,#4963,#4964,#4965,#4966,
#4967,#4968,#4969,#4970,#4971),(#4972,#4973,#4974,#4975,#4976,#4977,#4978,
#4979,#4980,#4981),(#4982,#4983,#4984,#4985,#4986,#4987,#4988,#4989,#4990,
#4991),(#4992,#4993,#4994,#4995,#4996,#4997,#4998,#4999,#5000,#5001)),
 .UNSPECIFIED.,.F.,.F.,.F.,(4,4),(4,2,2,2,4),(0.603482699904143,0.943431441011323),
(0.00973345755713128,0.26665353349528,0.399984964678711,0.533316395862141,
0.790220957132209),.UNSPECIFIED.);
#86=B_SPLINE_SURFACE_WITH_KNOTS('',3,3,((#5022,#5023,#5024,#5025),(#5026,
#5027,#5028,#5029),(#5030,#5031,#5032,#5033),(#5034,#5035,#5036,#5037)),
 .UNSPECIFIED.,.F.,.F.,.F.,(4,4),(4,4),(-1.19769764539955E-7,0.110857756569808),
(-2.79329383216763E-5,0.0424662583951835),.UNSPECIFIED.);
#87=B_SPLINE_SURFACE_WITH_KNOTS('',3,3,((#5049,#5050,#5051,#5052),(#5053,
#5054,#5055,#5056),(#5057,#5058,#5059,#5060),(#5061,#5062,#5063,#5064),
(#5065,#5066,#5067,#5068),(#5069,#5070,#5071,#5072),(#5073,#5074,#5075,
#5076),(#5077,#5078,#5079,#5080),(#5081,#5082,#5083,#5084),(#5085,#5086,
#5087,#5088)),.UNSPECIFIED.,.F.,.F.,.F.,(4,2,2,2,4),(4,4),(0.00990069736011789,
0.266666495555946,0.399999870720359,0.533333245884771,0.790090702817313),
(-3.35241013573555E-16,0.0141760857485665),.UNSPECIFIED.);
#88=B_SPLINE_SURFACE_WITH_KNOTS('',3,3,((#5866,#5867,#5868,#5869,#5870,
#5871,#5872,#5873,#5874,#5875,#5876,#5877,#5878,#5879,#5880,#5881),(#5882,
#5883,#5884,#5885,#5886,#5887,#5888,#5889,#5890,#5891,#5892,#5893,#5894,
#5895,#5896,#5897),(#5898,#5899,#5900,#5901,#5902,#5903,#5904,#5905,#5906,
#5907,#5908,#5909,#5910,#5911,#5912,#5913),(#5914,#5915,#5916,#5917,#5918,
#5919,#5920,#5921,#5922,#5923,#5924,#5925,#5926,#5927,#5928,#5929)),
 .UNSPECIFIED.,.F.,.F.,.F.,(4,4),(4,2,2,2,2,2,2,4),(0.0873017337008662,
0.912698388278195),(0.00973032660496692,0.266634962402825,0.266666495555946,
0.399964707115432,0.399999870720359,0.533301663429005,0.533333245884771,
0.790226476564698),.UNSPECIFIED.);
#89=B_SPLINE_SURFACE_WITH_KNOTS('',3,3,((#5990,#5991,#5992,#5993),(#5994,
#5995,#5996,#5997),(#5998,#5999,#6000,#6001),(#6002,#6003,#6004,#6005)),
 .UNSPECIFIED.,.F.,.F.,.F.,(4,4),(4,4),(0.0141419657621657,0.115000586792802),
(-2.7932939207853E-5,0.0424662788877604),.UNSPECIFIED.);
#90=B_SPLINE_SURFACE_WITH_KNOTS('',3,3,((#6018,#6019,#6020,#6021,#6022,
#6023,#6024,#6025,#6026,#6027),(#6028,#6029,#6030,#6031,#6032,#6033,#6034,
#6035,#6036,#6037),(#6038,#6039,#6040,#6041,#6042,#6043,#6044,#6045,#6046,
#6047),(#6048,#6049,#6050,#6051,#6052,#6053,#6054,#6055,#6056,#6057)),
 .UNSPECIFIED.,.F.,.F.,.F.,(4,4),(4,2,2,2,4),(0.603482712633217,0.943431441011328),
(0.00973345755713194,0.26665353349528,0.399984964678711,0.533316395862141,
0.79022095713221),.UNSPECIFIED.);
#91=B_SPLINE_SURFACE_WITH_KNOTS('',3,3,((#6064,#6065,#6066,#6067),(#6068,
#6069,#6070,#6071),(#6072,#6073,#6074,#6075),(#6076,#6077,#6078,#6079)),
 .UNSPECIFIED.,.F.,.F.,.F.,(4,4),(4,4),(0.00999987688091865,0.110857756569808),
(-2.79329384619792E-5,0.0424662583950177),.UNSPECIFIED.);
#92=B_SPLINE_SURFACE_WITH_KNOTS('',3,3,((#6086,#6087,#6088,#6089),(#6090,
#6091,#6092,#6093),(#6094,#6095,#6096,#6097),(#6098,#6099,#6100,#6101),
(#6102,#6103,#6104,#6105),(#6106,#6107,#6108,#6109),(#6110,#6111,#6112,
#6113),(#6114,#6115,#6116,#6117),(#6118,#6119,#6120,#6121),(#6122,#6123,
#6124,#6125)),.UNSPECIFIED.,.F.,.F.,.F.,(4,2,2,2,4),(4,4),(0.009877483977018,
0.266666495555946,0.399999870720359,0.533333245884771,0.790112889346616),
(-2.43587388813665E-10,0.0183182172739566),.UNSPECIFIED.);
#93=B_SPLINE_SURFACE_WITH_KNOTS('',3,3,((#6126,#6127,#6128,#6129,#6130,
#6131,#6132,#6133,#6134,#6135,#6136,#6137,#6138,#6139,#6140,#6141),(#6142,
#6143,#6144,#6145,#6146,#6147,#6148,#6149,#6150,#6151,#6152,#6153,#6154,
#6155,#6156,#6157),(#6158,#6159,#6160,#6161,#6162,#6163,#6164,#6165,#6166,
#6167,#6168,#6169,#6170,#6171,#6172,#6173),(#6174,#6175,#6176,#6177,#6178,
#6179,#6180,#6181,#6182,#6183,#6184,#6185,#6186,#6187,#6188,#6189)),
 .UNSPECIFIED.,.F.,.F.,.F.,(4,4),(4,2,2,2,2,2,2,4),(0.0873017337008619,
0.912698388278208),(0.00973032660497001,0.266634962402825,0.266666495555946,
0.399964707115432,0.399999870720359,0.533301663429005,0.533333245884771,
0.790226476564698),.UNSPECIFIED.);
#94=B_SPLINE_SURFACE_WITH_KNOTS('',3,3,((#6250,#6251,#6252,#6253),(#6254,
#6255,#6256,#6257),(#6258,#6259,#6260,#6261),(#6262,#6263,#6264,#6265)),
 .UNSPECIFIED.,.F.,.F.,.F.,(4,4),(4,4),(0.014141965762166,0.115000586792802),
(-2.79329392076956E-5,0.0424662788877612),.UNSPECIFIED.);
#95=B_SPLINE_SURFACE_WITH_KNOTS('',3,3,((#6278,#6279,#6280,#6281,#6282,
#6283,#6284,#6285,#6286,#6287),(#6288,#6289,#6290,#6291,#6292,#6293,#6294,
#6295,#6296,#6297),(#6298,#6299,#6300,#6301,#6302,#6303,#6304,#6305,#6306,
#6307),(#6308,#6309,#6310,#6311,#6312,#6313,#6314,#6315,#6316,#6317)),
 .UNSPECIFIED.,.F.,.F.,.F.,(4,4),(4,2,2,2,4),(0.603482712633217,0.943431441011327),
(0.00973345755713201,0.26665353349528,0.399984964678711,0.533316395862141,
0.790220957132209),.UNSPECIFIED.);
#96=B_SPLINE_SURFACE_WITH_KNOTS('',3,3,((#6324,#6325,#6326,#6327),(#6328,
#6329,#6330,#6331),(#6332,#6333,#6334,#6335),(#6336,#6337,#6338,#6339)),
 .UNSPECIFIED.,.F.,.F.,.F.,(4,4),(4,4),(0.00999987688091927,0.110857756569808),
(-2.79329384623764E-5,0.042466258395018),.UNSPECIFIED.);
#97=B_SPLINE_SURFACE_WITH_KNOTS('',3,3,((#6346,#6347,#6348,#6349),(#6350,
#6351,#6352,#6353),(#6354,#6355,#6356,#6357),(#6358,#6359,#6360,#6361),
(#6362,#6363,#6364,#6365),(#6366,#6367,#6368,#6369),(#6370,#6371,#6372,
#6373),(#6374,#6375,#6376,#6377),(#6378,#6379,#6380,#6381),(#6382,#6383,
#6384,#6385)),.UNSPECIFIED.,.F.,.F.,.F.,(4,2,2,2,4),(4,4),(0.00987748397699281,
0.266666495555946,0.399999870720359,0.533333245884771,0.790112889346605),
(-2.43586956397239E-10,0.018318217273957),.UNSPECIFIED.);
#98=B_SPLINE_SURFACE_WITH_KNOTS('',3,3,((#6386,#6387,#6388,#6389,#6390,
#6391,#6392,#6393,#6394,#6395,#6396,#6397,#6398,#6399,#6400,#6401),(#6402,
#6403,#6404,#6405,#6406,#6407,#6408,#6409,#6410,#6411,#6412,#6413,#6414,
#6415,#6416,#6417),(#6418,#6419,#6420,#6421,#6422,#6423,#6424,#6425,#6426,
#6427,#6428,#6429,#6430,#6431,#6432,#6433),(#6434,#6435,#6436,#6437,#6438,
#6439,#6440,#6441,#6442,#6443,#6444,#6445,#6446,#6447,#6448,#6449)),
 .UNSPECIFIED.,.F.,.F.,.F.,(4,4),(4,2,2,2,2,2,2,4),(0.0873017337008681,
0.912698388278201),(0.00973032660496892,0.266634962402825,0.266666495555946,
0.399964707115432,0.399999870720359,0.533301663429005,0.533333245884771,
0.790226476564698),.UNSPECIFIED.);
#99=B_SPLINE_SURFACE_WITH_KNOTS('',3,3,((#6510,#6511,#6512,#6513),(#6514,
#6515,#6516,#6517),(#6518,#6519,#6520,#6521),(#6522,#6523,#6524,#6525)),
 .UNSPECIFIED.,.F.,.F.,.F.,(4,4),(4,4),(0.0141419657621654,0.115000586792802),
(-2.79329391913955E-5,0.0424662788877607),.UNSPECIFIED.);
#100=B_SPLINE_SURFACE_WITH_KNOTS('',3,3,((#6538,#6539,#6540,#6541,#6542,
#6543,#6544,#6545,#6546,#6547),(#6548,#6549,#6550,#6551,#6552,#6553,#6554,
#6555,#6556,#6557),(#6558,#6559,#6560,#6561,#6562,#6563,#6564,#6565,#6566,
#6567),(#6568,#6569,#6570,#6571,#6572,#6573,#6574,#6575,#6576,#6577)),
 .UNSPECIFIED.,.F.,.F.,.F.,(4,4),(4,2,2,2,4),(0.603482712633217,0.943431441011326),
(0.00973345755713109,0.26665353349528,0.399984964678711,0.533316395862141,
0.79022095713221),.UNSPECIFIED.);
#101=B_SPLINE_SURFACE_WITH_KNOTS('',3,3,((#6584,#6585,#6586,#6587),(#6588,
#6589,#6590,#6591),(#6592,#6593,#6594,#6595),(#6596,#6597,#6598,#6599)),
 .UNSPECIFIED.,.F.,.F.,.F.,(4,4),(4,4),(0.00999987688091885,0.110857756569808),
(-2.79329383209277E-5,0.0424662583950181),.UNSPECIFIED.);
#102=B_SPLINE_SURFACE_WITH_KNOTS('',3,3,((#6606,#6607,#6608,#6609),(#6610,
#6611,#6612,#6613),(#6614,#6615,#6616,#6617),(#6618,#6619,#6620,#6621),
(#6622,#6623,#6624,#6625),(#6626,#6627,#6628,#6629),(#6630,#6631,#6632,
#6633),(#6634,#6635,#6636,#6637),(#6638,#6639,#6640,#6641),(#6642,#6643,
#6644,#6645)),.UNSPECIFIED.,.F.,.F.,.F.,(4,2,2,2,4),(4,4),(0.00987748397702263,
0.266666495555946,0.399999870720359,0.533333245884771,0.790112889346605),
(-2.43586586774638E-10,0.018318217273957),.UNSPECIFIED.);
#103=FACE_BOUND('',#566,.T.);
#104=FACE_BOUND('',#567,.T.);
#105=FACE_BOUND('',#615,.T.);
#106=FACE_BOUND('',#626,.T.);
#107=FACE_BOUND('',#629,.T.);
#108=FACE_BOUND('',#644,.T.);
#109=FACE_BOUND('',#646,.T.);
#110=FACE_BOUND('',#679,.T.);
#111=FACE_BOUND('',#690,.T.);
#112=FACE_BOUND('',#709,.T.);
#113=FACE_BOUND('',#711,.T.);
#114=FACE_BOUND('',#721,.T.);
#115=FACE_BOUND('',#725,.T.);
#116=FACE_BOUND('',#726,.T.);
#117=FACE_BOUND('',#727,.T.);
#118=FACE_BOUND('',#730,.T.);
#119=FACE_BOUND('',#732,.T.);
#120=FACE_BOUND('',#733,.T.);
#121=FACE_BOUND('',#734,.T.);
#122=CIRCLE('',#3309,1.25);
#123=CIRCLE('',#3310,1.25);
#124=CIRCLE('',#3312,15.9);
#125=CIRCLE('',#3315,0.600000000000001);
#126=CIRCLE('',#3316,0.600000000000001);
#127=CIRCLE('',#3318,0.600000000000001);
#128=CIRCLE('',#3319,0.600000000000001);
#129=CIRCLE('',#3321,19.4);
#130=CIRCLE('',#3324,1.25);
#131=CIRCLE('',#3325,1.25);
#132=CIRCLE('',#3327,15.9);
#133=CIRCLE('',#3330,15.9);
#134=CIRCLE('',#3331,1.25);
#135=CIRCLE('',#3332,19.4);
#136=CIRCLE('',#3333,1.25);
#137=CIRCLE('',#3335,1.25);
#138=CIRCLE('',#3338,1.25);
#139=CIRCLE('',#3341,15.9);
#140=CIRCLE('',#3342,1.25);
#141=CIRCLE('',#3343,19.4);
#142=CIRCLE('',#3345,1.25);
#143=CIRCLE('',#3348,15.9);
#144=CIRCLE('',#3349,19.4);
#145=CIRCLE('',#3350,1.);
#146=CIRCLE('',#3351,1.);
#147=CIRCLE('',#3352,4.);
#148=CIRCLE('',#3353,4.);
#149=CIRCLE('',#3354,1.);
#150=CIRCLE('',#3355,1.);
#151=CIRCLE('',#3356,4.);
#152=CIRCLE('',#3357,4.);
#153=CIRCLE('',#3358,4.);
#154=CIRCLE('',#3359,4.);
#155=CIRCLE('',#3360,1.);
#156=CIRCLE('',#3361,1.);
#157=CIRCLE('',#3362,4.);
#158=CIRCLE('',#3363,4.);
#159=CIRCLE('',#3364,1.);
#160=CIRCLE('',#3365,1.);
#161=CIRCLE('',#3366,19.4);
#162=CIRCLE('',#3367,15.9);
#163=CIRCLE('',#3368,0.999999999999996);
#164=CIRCLE('',#3369,1.);
#165=CIRCLE('',#3370,0.999999999999996);
#166=CIRCLE('',#3371,1.);
#167=CIRCLE('',#3372,0.999999999999996);
#168=CIRCLE('',#3373,1.);
#169=CIRCLE('',#3374,0.999999999999996);
#170=CIRCLE('',#3375,1.);
#171=CIRCLE('',#3377,15.9);
#172=CIRCLE('',#3378,15.9);
#173=CIRCLE('',#3379,19.4);
#174=CIRCLE('',#3380,19.4);
#175=CIRCLE('',#3381,15.9);
#176=CIRCLE('',#3383,1.);
#177=CIRCLE('',#3386,1.);
#178=CIRCLE('',#3389,1.);
#179=CIRCLE('',#3391,1.);
#180=CIRCLE('',#3393,1.);
#181=CIRCLE('',#3396,1.);
#182=CIRCLE('',#3399,1.);
#183=CIRCLE('',#3401,1.);
#184=CIRCLE('',#3410,0.3);
#185=CIRCLE('',#3411,0.3);
#186=CIRCLE('',#3422,0.300000000000002);
#187=CIRCLE('',#3423,0.299999999999999);
#188=CIRCLE('',#3425,0.299999999999998);
#189=CIRCLE('',#3426,2.5);
#190=CIRCLE('',#3427,2.2);
#191=CIRCLE('',#3429,0.299999999999998);
#192=CIRCLE('',#3431,2.5);
#193=CIRCLE('',#3432,2.2);
#194=CIRCLE('',#3434,0.299999999999998);
#195=CIRCLE('',#3435,2.5);
#196=CIRCLE('',#3436,2.2);
#197=CIRCLE('',#3438,0.299999999999998);
#198=CIRCLE('',#3440,2.5);
#199=CIRCLE('',#3441,2.2);
#200=CIRCLE('',#3443,2.2);
#201=CIRCLE('',#3446,2.2);
#202=CIRCLE('',#3449,2.7);
#203=CIRCLE('',#3450,2.7);
#204=CIRCLE('',#3451,2.7);
#205=CIRCLE('',#3452,2.7);
#206=CIRCLE('',#3454,0.3);
#207=CIRCLE('',#3455,0.299999999999998);
#208=CIRCLE('',#3457,0.299999999999999);
#209=CIRCLE('',#3458,3.);
#210=CIRCLE('',#3460,0.3);
#211=CIRCLE('',#3462,0.299999999999998);
#212=CIRCLE('',#3463,3.);
#213=CIRCLE('',#3465,0.299999999999998);
#214=CIRCLE('',#3467,0.3);
#215=CIRCLE('',#3468,3.);
#216=CIRCLE('',#3470,0.299999999999997);
#217=CIRCLE('',#3472,3.);
#218=CIRCLE('',#3474,3.);
#219=CIRCLE('',#3477,3.);
#220=CIRCLE('',#3480,2.2);
#221=CIRCLE('',#3482,2.2);
#222=CIRCLE('',#3485,3.);
#223=CIRCLE('',#3488,1.);
#224=CIRCLE('',#3491,0.999999999999996);
#225=CIRCLE('',#3494,1.);
#226=CIRCLE('',#3497,0.999999999999996);
#227=CIRCLE('',#3499,3.);
#228=CIRCLE('',#3504,4.);
#229=CIRCLE('',#3506,4.);
#230=CIRCLE('',#3509,4.);
#231=CIRCLE('',#3512,4.);
#232=CIRCLE('',#3526,0.300000000000002);
#233=CIRCLE('',#3527,0.299999999999999);
#234=CIRCLE('',#3529,0.299999999999998);
#235=CIRCLE('',#3530,2.2);
#236=CIRCLE('',#3531,2.5);
#237=CIRCLE('',#3533,0.299999999999998);
#238=CIRCLE('',#3535,0.3);
#239=CIRCLE('',#3536,2.2);
#240=CIRCLE('',#3537,2.5);
#241=CIRCLE('',#3539,0.3);
#242=CIRCLE('',#3541,0.299999999999998);
#243=CIRCLE('',#3542,2.2);
#244=CIRCLE('',#3543,2.5);
#245=CIRCLE('',#3545,0.299999999999998);
#246=CIRCLE('',#3547,2.2);
#247=CIRCLE('',#3548,2.5);
#248=CIRCLE('',#3550,2.2);
#249=CIRCLE('',#3553,2.2);
#250=CIRCLE('',#3556,2.7);
#251=CIRCLE('',#3557,2.7);
#252=CIRCLE('',#3558,2.7);
#253=CIRCLE('',#3559,2.7);
#254=CIRCLE('',#3561,0.3);
#255=CIRCLE('',#3562,0.299999999999998);
#256=CIRCLE('',#3564,0.299999999999999);
#257=CIRCLE('',#3565,3.);
#258=CIRCLE('',#3567,0.3);
#259=CIRCLE('',#3569,0.299999999999998);
#260=CIRCLE('',#3570,3.);
#261=CIRCLE('',#3572,0.299999999999998);
#262=CIRCLE('',#3574,0.3);
#263=CIRCLE('',#3575,3.);
#264=CIRCLE('',#3577,0.299999999999997);
#265=CIRCLE('',#3579,3.);
#266=CIRCLE('',#3581,3.);
#267=CIRCLE('',#3584,3.);
#268=CIRCLE('',#3588,2.2);
#269=CIRCLE('',#3591,2.2);
#270=CIRCLE('',#3594,3.);
#271=CIRCLE('',#3597,1.);
#272=CIRCLE('',#3600,0.999999999999996);
#273=CIRCLE('',#3603,1.);
#274=CIRCLE('',#3606,0.999999999999996);
#275=CIRCLE('',#3608,3.);
#276=CIRCLE('',#3613,4.);
#277=CIRCLE('',#3615,4.);
#278=CIRCLE('',#3618,4.);
#279=CIRCLE('',#3620,4.);
#280=CIRCLE('',#3622,19.4);
#281=CIRCLE('',#3624,17.4);
#282=CIRCLE('',#3625,0.3);
#283=CIRCLE('',#3626,17.1);
#284=CIRCLE('',#3627,17.1);
#285=CIRCLE('',#3629,17.6);
#286=CIRCLE('',#3631,17.1);
#287=CIRCLE('',#3633,0.3);
#288=CIRCLE('',#3634,17.9);
#289=CIRCLE('',#3635,17.9);
#290=CIRCLE('',#3637,17.9);
#291=CIRCLE('',#3639,15.9);
#292=CYLINDRICAL_SURFACE('',#3308,1.25);
#293=CYLINDRICAL_SURFACE('',#3314,0.600000000000001);
#294=CYLINDRICAL_SURFACE('',#3317,0.600000000000001);
#295=CYLINDRICAL_SURFACE('',#3323,1.25);
#296=CYLINDRICAL_SURFACE('',#3334,1.25);
#297=CYLINDRICAL_SURFACE('',#3337,1.25);
#298=CYLINDRICAL_SURFACE('',#3344,1.25);
#299=CYLINDRICAL_SURFACE('',#3382,1.);
#300=CYLINDRICAL_SURFACE('',#3385,1.);
#301=CYLINDRICAL_SURFACE('',#3388,1.);
#302=CYLINDRICAL_SURFACE('',#3390,1.);
#303=CYLINDRICAL_SURFACE('',#3392,1.);
#304=CYLINDRICAL_SURFACE('',#3395,1.);
#305=CYLINDRICAL_SURFACE('',#3398,1.);
#306=CYLINDRICAL_SURFACE('',#3400,1.);
#307=CYLINDRICAL_SURFACE('',#3409,0.3);
#308=CYLINDRICAL_SURFACE('',#3421,0.3);
#309=CYLINDRICAL_SURFACE('',#3428,0.3);
#310=CYLINDRICAL_SURFACE('',#3437,0.3);
#311=CYLINDRICAL_SURFACE('',#3442,2.2);
#312=CYLINDRICAL_SURFACE('',#3445,2.2);
#313=CYLINDRICAL_SURFACE('',#3453,0.3);
#314=CYLINDRICAL_SURFACE('',#3459,0.3);
#315=CYLINDRICAL_SURFACE('',#3464,0.3);
#316=CYLINDRICAL_SURFACE('',#3469,0.3);
#317=CYLINDRICAL_SURFACE('',#3473,3.);
#318=CYLINDRICAL_SURFACE('',#3476,3.);
#319=CYLINDRICAL_SURFACE('',#3479,2.2);
#320=CYLINDRICAL_SURFACE('',#3481,2.2);
#321=CYLINDRICAL_SURFACE('',#3484,3.);
#322=CYLINDRICAL_SURFACE('',#3487,1.);
#323=CYLINDRICAL_SURFACE('',#3490,0.999999999999996);
#324=CYLINDRICAL_SURFACE('',#3493,1.);
#325=CYLINDRICAL_SURFACE('',#3496,0.999999999999996);
#326=CYLINDRICAL_SURFACE('',#3498,3.);
#327=CYLINDRICAL_SURFACE('',#3503,4.);
#328=CYLINDRICAL_SURFACE('',#3505,4.);
#329=CYLINDRICAL_SURFACE('',#3508,4.);
#330=CYLINDRICAL_SURFACE('',#3511,4.);
#331=CYLINDRICAL_SURFACE('',#3525,0.3);
#332=CYLINDRICAL_SURFACE('',#3532,0.3);
#333=CYLINDRICAL_SURFACE('',#3538,0.3);
#334=CYLINDRICAL_SURFACE('',#3544,0.3);
#335=CYLINDRICAL_SURFACE('',#3549,2.2);
#336=CYLINDRICAL_SURFACE('',#3552,2.2);
#337=CYLINDRICAL_SURFACE('',#3560,0.3);
#338=CYLINDRICAL_SURFACE('',#3566,0.3);
#339=CYLINDRICAL_SURFACE('',#3571,0.3);
#340=CYLINDRICAL_SURFACE('',#3576,0.3);
#341=CYLINDRICAL_SURFACE('',#3580,3.);
#342=CYLINDRICAL_SURFACE('',#3583,3.);
#343=CYLINDRICAL_SURFACE('',#3587,2.2);
#344=CYLINDRICAL_SURFACE('',#3590,2.2);
#345=CYLINDRICAL_SURFACE('',#3593,3.);
#346=CYLINDRICAL_SURFACE('',#3596,1.);
#347=CYLINDRICAL_SURFACE('',#3599,0.999999999999996);
#348=CYLINDRICAL_SURFACE('',#3602,1.);
#349=CYLINDRICAL_SURFACE('',#3605,0.999999999999996);
#350=CYLINDRICAL_SURFACE('',#3607,3.);
#351=CYLINDRICAL_SURFACE('',#3612,4.);
#352=CYLINDRICAL_SURFACE('',#3614,4.);
#353=CYLINDRICAL_SURFACE('',#3617,4.);
#354=CYLINDRICAL_SURFACE('',#3619,4.);
#355=CYLINDRICAL_SURFACE('',#3621,19.4);
#356=CYLINDRICAL_SURFACE('',#3630,17.1);
#357=CYLINDRICAL_SURFACE('',#3636,17.9);
#358=CYLINDRICAL_SURFACE('',#3638,15.9);
#359=FACE_OUTER_BOUND('',#545,.T.);
#360=FACE_OUTER_BOUND('',#546,.T.);
#361=FACE_OUTER_BOUND('',#547,.T.);
#362=FACE_OUTER_BOUND('',#548,.T.);
#363=FACE_OUTER_BOUND('',#549,.T.);
#364=FACE_OUTER_BOUND('',#550,.T.);
#365=FACE_OUTER_BOUND('',#551,.T.);
#366=FACE_OUTER_BOUND('',#552,.T.);
#367=FACE_OUTER_BOUND('',#553,.T.);
#368=FACE_OUTER_BOUND('',#554,.T.);
#369=FACE_OUTER_BOUND('',#555,.T.);
#370=FACE_OUTER_BOUND('',#556,.T.);
#371=FACE_OUTER_BOUND('',#557,.T.);
#372=FACE_OUTER_BOUND('',#558,.T.);
#373=FACE_OUTER_BOUND('',#559,.T.);
#374=FACE_OUTER_BOUND('',#560,.T.);
#375=FACE_OUTER_BOUND('',#561,.T.);
#376=FACE_OUTER_BOUND('',#562,.T.);
#377=FACE_OUTER_BOUND('',#563,.T.);
#378=FACE_OUTER_BOUND('',#564,.T.);
#379=FACE_OUTER_BOUND('',#565,.T.);
#380=FACE_OUTER_BOUND('',#568,.T.);
#381=FACE_OUTER_BOUND('',#569,.T.);
#382=FACE_OUTER_BOUND('',#570,.T.);
#383=FACE_OUTER_BOUND('',#571,.T.);
#384=FACE_OUTER_BOUND('',#572,.T.);
#385=FACE_OUTER_BOUND('',#573,.T.);
#386=FACE_OUTER_BOUND('',#574,.T.);
#387=FACE_OUTER_BOUND('',#575,.T.);
#388=FACE_OUTER_BOUND('',#576,.T.);
#389=FACE_OUTER_BOUND('',#577,.T.);
#390=FACE_OUTER_BOUND('',#578,.T.);
#391=FACE_OUTER_BOUND('',#579,.T.);
#392=FACE_OUTER_BOUND('',#580,.T.);
#393=FACE_OUTER_BOUND('',#581,.T.);
#394=FACE_OUTER_BOUND('',#582,.T.);
#395=FACE_OUTER_BOUND('',#583,.T.);
#396=FACE_OUTER_BOUND('',#584,.T.);
#397=FACE_OUTER_BOUND('',#585,.T.);
#398=FACE_OUTER_BOUND('',#586,.T.);
#399=FACE_OUTER_BOUND('',#587,.T.);
#400=FACE_OUTER_BOUND('',#588,.T.);
#401=FACE_OUTER_BOUND('',#589,.T.);
#402=FACE_OUTER_BOUND('',#590,.T.);
#403=FACE_OUTER_BOUND('',#591,.T.);
#404=FACE_OUTER_BOUND('',#592,.T.);
#405=FACE_OUTER_BOUND('',#593,.T.);
#406=FACE_OUTER_BOUND('',#594,.T.);
#407=FACE_OUTER_BOUND('',#595,.T.);
#408=FACE_OUTER_BOUND('',#596,.T.);
#409=FACE_OUTER_BOUND('',#597,.T.);
#410=FACE_OUTER_BOUND('',#598,.T.);
#411=FACE_OUTER_BOUND('',#599,.T.);
#412=FACE_OUTER_BOUND('',#600,.T.);
#413=FACE_OUTER_BOUND('',#601,.T.);
#414=FACE_OUTER_BOUND('',#602,.T.);
#415=FACE_OUTER_BOUND('',#603,.T.);
#416=FACE_OUTER_BOUND('',#604,.T.);
#417=FACE_OUTER_BOUND('',#605,.T.);
#418=FACE_OUTER_BOUND('',#606,.T.);
#419=FACE_OUTER_BOUND('',#607,.T.);
#420=FACE_OUTER_BOUND('',#608,.T.);
#421=FACE_OUTER_BOUND('',#609,.T.);
#422=FACE_OUTER_BOUND('',#610,.T.);
#423=FACE_OUTER_BOUND('',#611,.T.);
#424=FACE_OUTER_BOUND('',#612,.T.);
#425=FACE_OUTER_BOUND('',#613,.T.);
#426=FACE_OUTER_BOUND('',#614,.T.);
#427=FACE_OUTER_BOUND('',#616,.T.);
#428=FACE_OUTER_BOUND('',#617,.T.);
#429=FACE_OUTER_BOUND('',#618,.T.);
#430=FACE_OUTER_BOUND('',#619,.T.);
#431=FACE_OUTER_BOUND('',#620,.T.);
#432=FACE_OUTER_BOUND('',#621,.T.);
#433=FACE_OUTER_BOUND('',#622,.T.);
#434=FACE_OUTER_BOUND('',#623,.T.);
#435=FACE_OUTER_BOUND('',#624,.T.);
#436=FACE_OUTER_BOUND('',#625,.T.);
#437=FACE_OUTER_BOUND('',#627,.T.);
#438=FACE_OUTER_BOUND('',#628,.T.);
#439=FACE_OUTER_BOUND('',#630,.T.);
#440=FACE_OUTER_BOUND('',#631,.T.);
#441=FACE_OUTER_BOUND('',#632,.T.);
#442=FACE_OUTER_BOUND('',#633,.T.);
#443=FACE_OUTER_BOUND('',#634,.T.);
#444=FACE_OUTER_BOUND('',#635,.T.);
#445=FACE_OUTER_BOUND('',#636,.T.);
#446=FACE_OUTER_BOUND('',#637,.T.);
#447=FACE_OUTER_BOUND('',#638,.T.);
#448=FACE_OUTER_BOUND('',#639,.T.);
#449=FACE_OUTER_BOUND('',#640,.T.);
#450=FACE_OUTER_BOUND('',#641,.T.);
#451=FACE_OUTER_BOUND('',#642,.T.);
#452=FACE_OUTER_BOUND('',#643,.T.);
#453=FACE_OUTER_BOUND('',#645,.T.);
#454=FACE_OUTER_BOUND('',#647,.T.);
#455=FACE_OUTER_BOUND('',#648,.T.);
#456=FACE_OUTER_BOUND('',#649,.T.);
#457=FACE_OUTER_BOUND('',#650,.T.);
#458=FACE_OUTER_BOUND('',#651,.T.);
#459=FACE_OUTER_BOUND('',#652,.T.);
#460=FACE_OUTER_BOUND('',#653,.T.);
#461=FACE_OUTER_BOUND('',#654,.T.);
#462=FACE_OUTER_BOUND('',#655,.T.);
#463=FACE_OUTER_BOUND('',#656,.T.);
#464=FACE_OUTER_BOUND('',#657,.T.);
#465=FACE_OUTER_BOUND('',#658,.T.);
#466=FACE_OUTER_BOUND('',#659,.T.);
#467=FACE_OUTER_BOUND('',#660,.T.);
#468=FACE_OUTER_BOUND('',#661,.T.);
#469=FACE_OUTER_BOUND('',#662,.T.);
#470=FACE_OUTER_BOUND('',#663,.T.);
#471=FACE_OUTER_BOUND('',#664,.T.);
#472=FACE_OUTER_BOUND('',#665,.T.);
#473=FACE_OUTER_BOUND('',#666,.T.);
#474=FACE_OUTER_BOUND('',#667,.T.);
#475=FACE_OUTER_BOUND('',#668,.T.);
#476=FACE_OUTER_BOUND('',#669,.T.);
#477=FACE_OUTER_BOUND('',#670,.T.);
#478=FACE_OUTER_BOUND('',#671,.T.);
#479=FACE_OUTER_BOUND('',#672,.T.);
#480=FACE_OUTER_BOUND('',#673,.T.);
#481=FACE_OUTER_BOUND('',#674,.T.);
#482=FACE_OUTER_BOUND('',#675,.T.);
#483=FACE_OUTER_BOUND('',#676,.T.);
#484=FACE_OUTER_BOUND('',#677,.T.);
#485=FACE_OUTER_BOUND('',#678,.T.);
#486=FACE_OUTER_BOUND('',#680,.T.);
#487=FACE_OUTER_BOUND('',#681,.T.);
#488=FACE_OUTER_BOUND('',#682,.T.);
#489=FACE_OUTER_BOUND('',#683,.T.);
#490=FACE_OUTER_BOUND('',#684,.T.);
#491=FACE_OUTER_BOUND('',#685,.T.);
#492=FACE_OUTER_BOUND('',#686,.T.);
#493=FACE_OUTER_BOUND('',#687,.T.);
#494=FACE_OUTER_BOUND('',#688,.T.);
#495=FACE_OUTER_BOUND('',#689,.T.);
#496=FACE_OUTER_BOUND('',#691,.T.);
#497=FACE_OUTER_BOUND('',#692,.T.);
#498=FACE_OUTER_BOUND('',#693,.T.);
#499=FACE_OUTER_BOUND('',#694,.T.);
#500=FACE_OUTER_BOUND('',#695,.T.);
#501=FACE_OUTER_BOUND('',#696,.T.);
#502=FACE_OUTER_BOUND('',#697,.T.);
#503=FACE_OUTER_BOUND('',#698,.T.);
#504=FACE_OUTER_BOUND('',#699,.T.);
#505=FACE_OUTER_BOUND('',#700,.T.);
#506=FACE_OUTER_BOUND('',#701,.T.);
#507=FACE_OUTER_BOUND('',#702,.T.);
#508=FACE_OUTER_BOUND('',#703,.T.);
#509=FACE_OUTER_BOUND('',#704,.T.);
#510=FACE_OUTER_BOUND('',#705,.T.);
#511=FACE_OUTER_BOUND('',#706,.T.);
#512=FACE_OUTER_BOUND('',#707,.T.);
#513=FACE_OUTER_BOUND('',#708,.T.);
#514=FACE_OUTER_BOUND('',#710,.T.);
#515=FACE_OUTER_BOUND('',#712,.T.);
#516=FACE_OUTER_BOUND('',#713,.T.);
#517=FACE_OUTER_BOUND('',#714,.T.);
#518=FACE_OUTER_BOUND('',#715,.T.);
#519=FACE_OUTER_BOUND('',#716,.T.);
#520=FACE_OUTER_BOUND('',#717,.T.);
#521=FACE_OUTER_BOUND('',#718,.T.);
#522=FACE_OUTER_BOUND('',#719,.T.);
#523=FACE_OUTER_BOUND('',#720,.T.);
#524=FACE_OUTER_BOUND('',#722,.T.);
#525=FACE_OUTER_BOUND('',#723,.T.);
#526=FACE_OUTER_BOUND('',#724,.T.);
#527=FACE_OUTER_BOUND('',#728,.T.);
#528=FACE_OUTER_BOUND('',#729,.T.);
#529=FACE_OUTER_BOUND('',#731,.T.);
#530=FACE_OUTER_BOUND('',#735,.T.);
#531=FACE_OUTER_BOUND('',#736,.T.);
#532=FACE_OUTER_BOUND('',#737,.T.);
#533=FACE_OUTER_BOUND('',#738,.T.);
#534=FACE_OUTER_BOUND('',#739,.T.);
#535=FACE_OUTER_BOUND('',#740,.T.);
#536=FACE_OUTER_BOUND('',#741,.T.);
#537=FACE_OUTER_BOUND('',#742,.T.);
#538=FACE_OUTER_BOUND('',#743,.T.);
#539=FACE_OUTER_BOUND('',#744,.T.);
#540=FACE_OUTER_BOUND('',#745,.T.);
#541=FACE_OUTER_BOUND('',#746,.T.);
#542=FACE_OUTER_BOUND('',#747,.T.);
#543=FACE_OUTER_BOUND('',#748,.T.);
#544=FACE_OUTER_BOUND('',#749,.T.);
#545=EDGE_LOOP('',(#2063,#2064,#2065,#2066));
#546=EDGE_LOOP('',(#2067,#2068,#2069,#2070));
#547=EDGE_LOOP('',(#2071,#2072,#2073,#2074));
#548=EDGE_LOOP('',(#2075,#2076,#2077,#2078));
#549=EDGE_LOOP('',(#2079,#2080,#2081,#2082));
#550=EDGE_LOOP('',(#2083,#2084,#2085,#2086));
#551=EDGE_LOOP('',(#2087,#2088,#2089,#2090));
#552=EDGE_LOOP('',(#2091,#2092,#2093,#2094));
#553=EDGE_LOOP('',(#2095,#2096,#2097,#2098));
#554=EDGE_LOOP('',(#2099,#2100,#2101,#2102));
#555=EDGE_LOOP('',(#2103,#2104,#2105));
#556=EDGE_LOOP('',(#2106,#2107,#2108,#2109));
#557=EDGE_LOOP('',(#2110,#2111,#2112,#2113,#2114,#2115));
#558=EDGE_LOOP('',(#2116,#2117,#2118,#2119));
#559=EDGE_LOOP('',(#2120,#2121,#2122,#2123));
#560=EDGE_LOOP('',(#2124,#2125,#2126,#2127));
#561=EDGE_LOOP('',(#2128,#2129,#2130,#2131));
#562=EDGE_LOOP('',(#2132,#2133,#2134,#2135,#2136));
#563=EDGE_LOOP('',(#2137,#2138,#2139,#2140));
#564=EDGE_LOOP('',(#2141,#2142,#2143,#2144));
#565=EDGE_LOOP('',(#2145,#2146,#2147,#2148,#2149,#2150,#2151,#2152,#2153,
#2154,#2155,#2156,#2157,#2158,#2159,#2160,#2161,#2162,#2163,#2164,#2165,
#2166,#2167,#2168,#2169,#2170,#2171,#2172,#2173,#2174,#2175,#2176,#2177,
#2178,#2179,#2180,#2181,#2182,#2183,#2184,#2185));
#566=EDGE_LOOP('',(#2186,#2187,#2188,#2189,#2190,#2191,#2192,#2193));
#567=EDGE_LOOP('',(#2194,#2195,#2196,#2197,#2198,#2199,#2200,#2201));
#568=EDGE_LOOP('',(#2202,#2203,#2204,#2205,#2206,#2207,#2208,#2209,#2210,
#2211,#2212,#2213,#2214,#2215));
#569=EDGE_LOOP('',(#2216,#2217,#2218,#2219));
#570=EDGE_LOOP('',(#2220,#2221,#2222,#2223));
#571=EDGE_LOOP('',(#2224,#2225,#2226,#2227));
#572=EDGE_LOOP('',(#2228,#2229,#2230,#2231));
#573=EDGE_LOOP('',(#2232,#2233,#2234,#2235));
#574=EDGE_LOOP('',(#2236,#2237,#2238,#2239));
#575=EDGE_LOOP('',(#2240,#2241,#2242,#2243));
#576=EDGE_LOOP('',(#2244,#2245,#2246,#2247));
#577=EDGE_LOOP('',(#2248,#2249,#2250,#2251));
#578=EDGE_LOOP('',(#2252,#2253,#2254,#2255));
#579=EDGE_LOOP('',(#2256,#2257,#2258,#2259));
#580=EDGE_LOOP('',(#2260,#2261,#2262,#2263));
#581=EDGE_LOOP('',(#2264,#2265,#2266,#2267));
#582=EDGE_LOOP('',(#2268,#2269,#2270,#2271));
#583=EDGE_LOOP('',(#2272,#2273,#2274,#2275));
#584=EDGE_LOOP('',(#2276,#2277,#2278,#2279));
#585=EDGE_LOOP('',(#2280,#2281,#2282,#2283));
#586=EDGE_LOOP('',(#2284,#2285,#2286,#2287));
#587=EDGE_LOOP('',(#2288,#2289,#2290,#2291));
#588=EDGE_LOOP('',(#2292,#2293,#2294,#2295));
#589=EDGE_LOOP('',(#2296,#2297,#2298));
#590=EDGE_LOOP('',(#2299,#2300,#2301,#2302));
#591=EDGE_LOOP('',(#2303,#2304,#2305));
#592=EDGE_LOOP('',(#2306,#2307,#2308,#2309));
#593=EDGE_LOOP('',(#2310,#2311,#2312,#2313));
#594=EDGE_LOOP('',(#2314,#2315,#2316,#2317));
#595=EDGE_LOOP('',(#2318,#2319,#2320,#2321));
#596=EDGE_LOOP('',(#2322,#2323,#2324));
#597=EDGE_LOOP('',(#2325,#2326,#2327,#2328));
#598=EDGE_LOOP('',(#2329,#2330,#2331));
#599=EDGE_LOOP('',(#2332,#2333,#2334,#2335));
#600=EDGE_LOOP('',(#2336,#2337,#2338));
#601=EDGE_LOOP('',(#2339,#2340,#2341,#2342));
#602=EDGE_LOOP('',(#2343,#2344,#2345));
#603=EDGE_LOOP('',(#2346,#2347,#2348,#2349));
#604=EDGE_LOOP('',(#2350,#2351,#2352,#2353));
#605=EDGE_LOOP('',(#2354,#2355,#2356,#2357));
#606=EDGE_LOOP('',(#2358,#2359,#2360,#2361));
#607=EDGE_LOOP('',(#2362,#2363,#2364,#2365));
#608=EDGE_LOOP('',(#2366,#2367,#2368,#2369));
#609=EDGE_LOOP('',(#2370,#2371,#2372,#2373));
#610=EDGE_LOOP('',(#2374,#2375,#2376,#2377));
#611=EDGE_LOOP('',(#2378,#2379,#2380,#2381));
#612=EDGE_LOOP('',(#2382,#2383,#2384,#2385));
#613=EDGE_LOOP('',(#2386,#2387,#2388,#2389));
#614=EDGE_LOOP('',(#2390,#2391,#2392,#2393,#2394,#2395,#2396,#2397));
#615=EDGE_LOOP('',(#2398,#2399,#2400,#2401,#2402,#2403,#2404,#2405));
#616=EDGE_LOOP('',(#2406,#2407,#2408,#2409));
#617=EDGE_LOOP('',(#2410,#2411,#2412,#2413));
#618=EDGE_LOOP('',(#2414,#2415,#2416,#2417));
#619=EDGE_LOOP('',(#2418,#2419,#2420,#2421));
#620=EDGE_LOOP('',(#2422,#2423,#2424,#2425));
#621=EDGE_LOOP('',(#2426,#2427,#2428,#2429));
#622=EDGE_LOOP('',(#2430,#2431,#2432,#2433));
#623=EDGE_LOOP('',(#2434,#2435,#2436,#2437));
#624=EDGE_LOOP('',(#2438,#2439,#2440,#2441));
#625=EDGE_LOOP('',(#2442,#2443,#2444,#2445));
#626=EDGE_LOOP('',(#2446,#2447,#2448,#2449));
#627=EDGE_LOOP('',(#2450,#2451,#2452,#2453));
#628=EDGE_LOOP('',(#2454,#2455,#2456,#2457));
#629=EDGE_LOOP('',(#2458,#2459,#2460,#2461));
#630=EDGE_LOOP('',(#2462,#2463,#2464,#2465));
#631=EDGE_LOOP('',(#2466,#2467,#2468,#2469));
#632=EDGE_LOOP('',(#2470,#2471,#2472,#2473));
#633=EDGE_LOOP('',(#2474,#2475,#2476,#2477));
#634=EDGE_LOOP('',(#2478,#2479,#2480,#2481));
#635=EDGE_LOOP('',(#2482,#2483,#2484,#2485));
#636=EDGE_LOOP('',(#2486,#2487,#2488,#2489));
#637=EDGE_LOOP('',(#2490,#2491,#2492,#2493));
#638=EDGE_LOOP('',(#2494,#2495,#2496,#2497));
#639=EDGE_LOOP('',(#2498,#2499,#2500,#2501));
#640=EDGE_LOOP('',(#2502,#2503,#2504,#2505));
#641=EDGE_LOOP('',(#2506,#2507,#2508,#2509));
#642=EDGE_LOOP('',(#2510,#2511,#2512,#2513));
#643=EDGE_LOOP('',(#2514,#2515,#2516,#2517));
#644=EDGE_LOOP('',(#2518,#2519,#2520,#2521));
#645=EDGE_LOOP('',(#2522,#2523,#2524,#2525,#2526,#2527,#2528,#2529));
#646=EDGE_LOOP('',(#2530,#2531,#2532,#2533,#2534,#2535,#2536,#2537));
#647=EDGE_LOOP('',(#2538,#2539,#2540,#2541));
#648=EDGE_LOOP('',(#2542,#2543,#2544,#2545));
#649=EDGE_LOOP('',(#2546,#2547,#2548,#2549));
#650=EDGE_LOOP('',(#2550,#2551,#2552,#2553));
#651=EDGE_LOOP('',(#2554,#2555,#2556,#2557));
#652=EDGE_LOOP('',(#2558,#2559,#2560,#2561));
#653=EDGE_LOOP('',(#2562,#2563,#2564,#2565));
#654=EDGE_LOOP('',(#2566,#2567,#2568,#2569));
#655=EDGE_LOOP('',(#2570,#2571,#2572,#2573));
#656=EDGE_LOOP('',(#2574,#2575,#2576,#2577));
#657=EDGE_LOOP('',(#2578,#2579,#2580,#2581));
#658=EDGE_LOOP('',(#2582,#2583,#2584,#2585));
#659=EDGE_LOOP('',(#2586,#2587,#2588));
#660=EDGE_LOOP('',(#2589,#2590,#2591,#2592));
#661=EDGE_LOOP('',(#2593,#2594,#2595));
#662=EDGE_LOOP('',(#2596,#2597,#2598,#2599));
#663=EDGE_LOOP('',(#2600,#2601,#2602));
#664=EDGE_LOOP('',(#2603,#2604,#2605,#2606));
#665=EDGE_LOOP('',(#2607,#2608,#2609));
#666=EDGE_LOOP('',(#2610,#2611,#2612,#2613));
#667=EDGE_LOOP('',(#2614,#2615,#2616,#2617));
#668=EDGE_LOOP('',(#2618,#2619,#2620,#2621));
#669=EDGE_LOOP('',(#2622,#2623,#2624,#2625));
#670=EDGE_LOOP('',(#2626,#2627,#2628,#2629));
#671=EDGE_LOOP('',(#2630,#2631,#2632,#2633));
#672=EDGE_LOOP('',(#2634,#2635,#2636,#2637));
#673=EDGE_LOOP('',(#2638,#2639,#2640,#2641));
#674=EDGE_LOOP('',(#2642,#2643,#2644,#2645));
#675=EDGE_LOOP('',(#2646,#2647,#2648,#2649));
#676=EDGE_LOOP('',(#2650,#2651,#2652,#2653));
#677=EDGE_LOOP('',(#2654,#2655,#2656,#2657));
#678=EDGE_LOOP('',(#2658,#2659,#2660,#2661,#2662,#2663,#2664,#2665));
#679=EDGE_LOOP('',(#2666,#2667,#2668,#2669,#2670,#2671,#2672,#2673));
#680=EDGE_LOOP('',(#2674,#2675,#2676,#2677));
#681=EDGE_LOOP('',(#2678,#2679,#2680,#2681));
#682=EDGE_LOOP('',(#2682,#2683,#2684,#2685));
#683=EDGE_LOOP('',(#2686,#2687,#2688,#2689));
#684=EDGE_LOOP('',(#2690,#2691,#2692,#2693));
#685=EDGE_LOOP('',(#2694,#2695,#2696,#2697));
#686=EDGE_LOOP('',(#2698,#2699,#2700,#2701));
#687=EDGE_LOOP('',(#2702,#2703,#2704,#2705));
#688=EDGE_LOOP('',(#2706,#2707,#2708,#2709));
#689=EDGE_LOOP('',(#2710,#2711,#2712,#2713));
#690=EDGE_LOOP('',(#2714,#2715,#2716,#2717));
#691=EDGE_LOOP('',(#2718,#2719,#2720,#2721));
#692=EDGE_LOOP('',(#2722,#2723,#2724,#2725));
#693=EDGE_LOOP('',(#2726,#2727,#2728,#2729));
#694=EDGE_LOOP('',(#2730,#2731,#2732,#2733));
#695=EDGE_LOOP('',(#2734,#2735,#2736,#2737));
#696=EDGE_LOOP('',(#2738,#2739,#2740,#2741));
#697=EDGE_LOOP('',(#2742,#2743,#2744,#2745));
#698=EDGE_LOOP('',(#2746,#2747,#2748,#2749));
#699=EDGE_LOOP('',(#2750,#2751,#2752,#2753));
#700=EDGE_LOOP('',(#2754,#2755,#2756,#2757));
#701=EDGE_LOOP('',(#2758,#2759,#2760,#2761));
#702=EDGE_LOOP('',(#2762,#2763,#2764,#2765));
#703=EDGE_LOOP('',(#2766,#2767,#2768,#2769));
#704=EDGE_LOOP('',(#2770,#2771,#2772,#2773));
#705=EDGE_LOOP('',(#2774,#2775,#2776,#2777));
#706=EDGE_LOOP('',(#2778,#2779,#2780,#2781));
#707=EDGE_LOOP('',(#2782,#2783,#2784,#2785));
#708=EDGE_LOOP('',(#2786,#2787,#2788,#2789));
#709=EDGE_LOOP('',(#2790,#2791,#2792,#2793));
#710=EDGE_LOOP('',(#2794,#2795,#2796,#2797,#2798,#2799,#2800,#2801));
#711=EDGE_LOOP('',(#2802,#2803,#2804,#2805,#2806,#2807,#2808,#2809));
#712=EDGE_LOOP('',(#2810,#2811,#2812,#2813));
#713=EDGE_LOOP('',(#2814,#2815,#2816,#2817));
#714=EDGE_LOOP('',(#2818,#2819,#2820,#2821));
#715=EDGE_LOOP('',(#2822,#2823,#2824,#2825));
#716=EDGE_LOOP('',(#2826,#2827,#2828,#2829));
#717=EDGE_LOOP('',(#2830,#2831,#2832,#2833));
#718=EDGE_LOOP('',(#2834,#2835,#2836,#2837,#2838,#2839,#2840,#2841,#2842,
#2843,#2844,#2845,#2846,#2847,#2848,#2849));
#719=EDGE_LOOP('',(#2850,#2851,#2852,#2853,#2854));
#720=EDGE_LOOP('',(#2855));
#721=EDGE_LOOP('',(#2856));
#722=EDGE_LOOP('',(#2857,#2858,#2859,#2860,#2861));
#723=EDGE_LOOP('',(#2862,#2863,#2864,#2865,#2866));
#724=EDGE_LOOP('',(#2867,#2868,#2869,#2870,#2871,#2872,#2873,#2874,#2875,
#2876,#2877,#2878,#2879));
#725=EDGE_LOOP('',(#2880,#2881,#2882,#2883));
#726=EDGE_LOOP('',(#2884,#2885,#2886,#2887));
#727=EDGE_LOOP('',(#2888,#2889,#2890,#2891));
#728=EDGE_LOOP('',(#2892,#2893,#2894,#2895,#2896,#2897,#2898,#2899,#2900,
#2901,#2902,#2903,#2904,#2905,#2906,#2907,#2908,#2909,#2910,#2911));
#729=EDGE_LOOP('',(#2912));
#730=EDGE_LOOP('',(#2913));
#731=EDGE_LOOP('',(#2914,#2915,#2916,#2917,#2918,#2919,#2920,#2921,#2922,
#2923,#2924,#2925,#2926,#2927,#2928,#2929,#2930,#2931,#2932,#2933,#2934,
#2935,#2936,#2937,#2938,#2939,#2940,#2941,#2942,#2943,#2944,#2945));
#732=EDGE_LOOP('',(#2946,#2947,#2948,#2949,#2950,#2951,#2952,#2953));
#733=EDGE_LOOP('',(#2954,#2955,#2956,#2957,#2958,#2959,#2960,#2961));
#734=EDGE_LOOP('',(#2962));
#735=EDGE_LOOP('',(#2963,#2964,#2965,#2966));
#736=EDGE_LOOP('',(#2967,#2968,#2969,#2970));
#737=EDGE_LOOP('',(#2971,#2972,#2973,#2974,#2975));
#738=EDGE_LOOP('',(#2976,#2977,#2978,#2979));
#739=EDGE_LOOP('',(#2980,#2981,#2982,#2983,#2984));
#740=EDGE_LOOP('',(#2985,#2986,#2987,#2988));
#741=EDGE_LOOP('',(#2989,#2990,#2991,#2992));
#742=EDGE_LOOP('',(#2993,#2994,#2995,#2996));
#743=EDGE_LOOP('',(#2997,#2998,#2999,#3000));
#744=EDGE_LOOP('',(#3001,#3002,#3003,#3004));
#745=EDGE_LOOP('',(#3005,#3006,#3007,#3008));
#746=EDGE_LOOP('',(#3009,#3010,#3011,#3012));
#747=EDGE_LOOP('',(#3013,#3014,#3015,#3016));
#748=EDGE_LOOP('',(#3017,#3018,#3019,#3020));
#749=EDGE_LOOP('',(#3021,#3022,#3023,#3024));
#750=LINE('',#4581,#1011);
#751=LINE('',#4583,#1012);
#752=LINE('',#4585,#1013);
#753=LINE('',#4586,#1014);
#754=LINE('',#4590,#1015);
#755=LINE('',#4592,#1016);
#756=LINE('',#4594,#1017);
#757=LINE('',#4595,#1018);
#758=LINE('',#4604,#1019);
#759=LINE('',#4606,#1020);
#760=LINE('',#4608,#1021);
#761=LINE('',#4609,#1022);
#762=LINE('',#4613,#1023);
#763=LINE('',#4619,#1024);
#764=LINE('',#4627,#1025);
#765=LINE('',#4629,#1026);
#766=LINE('',#4631,#1027);
#767=LINE('',#4632,#1028);
#768=LINE('',#4636,#1029);
#769=LINE('',#4644,#1030);
#770=LINE('',#4646,#1031);
#771=LINE('',#4648,#1032);
#772=LINE('',#4649,#1033);
#773=LINE('',#4656,#1034);
#774=LINE('',#4662,#1035);
#775=LINE('',#4665,#1036);
#776=LINE('',#4668,#1037);
#777=LINE('',#4669,#1038);
#778=LINE('',#4672,#1039);
#779=LINE('',#4677,#1040);
#780=LINE('',#4679,#1041);
#781=LINE('',#4681,#1042);
#782=LINE('',#4682,#1043);
#783=LINE('',#4689,#1044);
#784=LINE('',#4693,#1045);
#785=LINE('',#4696,#1046);
#786=LINE('',#4699,#1047);
#787=LINE('',#4700,#1048);
#788=LINE('',#4708,#1049);
#789=LINE('',#4712,#1050);
#790=LINE('',#4716,#1051);
#791=LINE('',#4720,#1052);
#792=LINE('',#4724,#1053);
#793=LINE('',#4728,#1054);
#794=LINE('',#4732,#1055);
#795=LINE('',#4736,#1056);
#796=LINE('',#4740,#1057);
#797=LINE('',#4744,#1058);
#798=LINE('',#4748,#1059);
#799=LINE('',#4752,#1060);
#800=LINE('',#4756,#1061);
#801=LINE('',#4760,#1062);
#802=LINE('',#4764,#1063);
#803=LINE('',#4773,#1064);
#804=LINE('',#4777,#1065);
#805=LINE('',#4781,#1066);
#806=LINE('',#4784,#1067);
#807=LINE('',#4789,#1068);
#808=LINE('',#4793,#1069);
#809=LINE('',#4797,#1070);
#810=LINE('',#4800,#1071);
#811=LINE('',#5101,#1072);
#812=LINE('',#5104,#1073);
#813=LINE('',#5107,#1074);
#814=LINE('',#5108,#1075);
#815=LINE('',#5113,#1076);
#816=LINE('',#5114,#1077);
#817=LINE('',#5117,#1078);
#818=LINE('',#5118,#1079);
#819=LINE('',#5122,#1080);
#820=LINE('',#5126,#1081);
#821=LINE('',#5129,#1082);
#822=LINE('',#5132,#1083);
#823=LINE('',#5135,#1084);
#824=LINE('',#5136,#1085);
#825=LINE('',#5141,#1086);
#826=LINE('',#5142,#1087);
#827=LINE('',#5145,#1088);
#828=LINE('',#5146,#1089);
#829=LINE('',#5150,#1090);
#830=LINE('',#5154,#1091);
#831=LINE('',#5157,#1092);
#832=LINE('',#5158,#1093);
#833=LINE('',#5161,#1094);
#834=LINE('',#5162,#1095);
#835=LINE('',#5166,#1096);
#836=LINE('',#5168,#1097);
#837=LINE('',#5170,#1098);
#838=LINE('',#5171,#1099);
#839=LINE('',#5174,#1100);
#840=LINE('',#5175,#1101);
#841=LINE('',#5178,#1102);
#842=LINE('',#5179,#1103);
#843=LINE('',#5181,#1104);
#844=LINE('',#5185,#1105);
#845=LINE('',#5187,#1106);
#846=LINE('',#5189,#1107);
#847=LINE('',#5190,#1108);
#848=LINE('',#5194,#1109);
#849=LINE('',#5198,#1110);
#850=LINE('',#5203,#1111);
#851=LINE('',#5204,#1112);
#852=LINE('',#5205,#1113);
#853=LINE('',#5209,#1114);
#854=LINE('',#5211,#1115);
#855=LINE('',#5213,#1116);
#856=LINE('',#5214,#1117);
#857=LINE('',#5217,#1118);
#858=LINE('',#5218,#1119);
#859=LINE('',#5221,#1120);
#860=LINE('',#5222,#1121);
#861=LINE('',#5224,#1122);
#862=LINE('',#5228,#1123);
#863=LINE('',#5230,#1124);
#864=LINE('',#5232,#1125);
#865=LINE('',#5233,#1126);
#866=LINE('',#5236,#1127);
#867=LINE('',#5237,#1128);
#868=LINE('',#5240,#1129);
#869=LINE('',#5241,#1130);
#870=LINE('',#5243,#1131);
#871=LINE('',#5247,#1132);
#872=LINE('',#5251,#1133);
#873=LINE('',#5263,#1134);
#874=LINE('',#5264,#1135);
#875=LINE('',#5276,#1136);
#876=LINE('',#5282,#1137);
#877=LINE('',#5286,#1138);
#878=LINE('',#5287,#1139);
#879=LINE('',#5290,#1140);
#880=LINE('',#5294,#1141);
#881=LINE('',#5295,#1142);
#882=LINE('',#5299,#1143);
#883=LINE('',#5303,#1144);
#884=LINE('',#5307,#1145);
#885=LINE('',#5311,#1146);
#886=LINE('',#5317,#1147);
#887=LINE('',#5326,#1148);
#888=LINE('',#5334,#1149);
#889=LINE('',#5342,#1150);
#890=LINE('',#5347,#1151);
#891=LINE('',#5350,#1152);
#892=LINE('',#5353,#1153);
#893=LINE('',#5354,#1154);
#894=LINE('',#5357,#1155);
#895=LINE('',#5361,#1156);
#896=LINE('',#5362,#1157);
#897=LINE('',#5369,#1158);
#898=LINE('',#5370,#1159);
#899=LINE('',#5374,#1160);
#900=LINE('',#5378,#1161);
#901=LINE('',#5379,#1162);
#902=LINE('',#5380,#1163);
#903=LINE('',#5384,#1164);
#904=LINE('',#5387,#1165);
#905=LINE('',#5388,#1166);
#906=LINE('',#5392,#1167);
#907=LINE('',#5395,#1168);
#908=LINE('',#5396,#1169);
#909=LINE('',#5400,#1170);
#910=LINE('',#5403,#1171);
#911=LINE('',#5404,#1172);
#912=LINE('',#5409,#1173);
#913=LINE('',#5412,#1174);
#914=LINE('',#5416,#1175);
#915=LINE('',#5418,#1176);
#916=LINE('',#5419,#1177);
#917=LINE('',#5425,#1178);
#918=LINE('',#5428,#1179);
#919=LINE('',#5429,#1180);
#920=LINE('',#5433,#1181);
#921=LINE('',#5436,#1182);
#922=LINE('',#5437,#1183);
#923=LINE('',#5442,#1184);
#924=LINE('',#5443,#1185);
#925=LINE('',#5446,#1186);
#926=LINE('',#5447,#1187);
#927=LINE('',#5450,#1188);
#928=LINE('',#5451,#1189);
#929=LINE('',#5454,#1190);
#930=LINE('',#5455,#1191);
#931=LINE('',#5459,#1192);
#932=LINE('',#5461,#1193);
#933=LINE('',#5463,#1194);
#934=LINE('',#5464,#1195);
#935=LINE('',#5467,#1196);
#936=LINE('',#5468,#1197);
#937=LINE('',#5471,#1198);
#938=LINE('',#5472,#1199);
#939=LINE('',#5474,#1200);
#940=LINE('',#5478,#1201);
#941=LINE('',#5480,#1202);
#942=LINE('',#5482,#1203);
#943=LINE('',#5483,#1204);
#944=LINE('',#5486,#1205);
#945=LINE('',#5487,#1206);
#946=LINE('',#5490,#1207);
#947=LINE('',#5491,#1208);
#948=LINE('',#5493,#1209);
#949=LINE('',#5499,#1210);
#950=LINE('',#5502,#1211);
#951=LINE('',#5513,#1212);
#952=LINE('',#5514,#1213);
#953=LINE('',#5525,#1214);
#954=LINE('',#5526,#1215);
#955=LINE('',#5537,#1216);
#956=LINE('',#5538,#1217);
#957=LINE('',#5544,#1218);
#958=LINE('',#5547,#1219);
#959=LINE('',#5550,#1220);
#960=LINE('',#5551,#1221);
#961=LINE('',#5555,#1222);
#962=LINE('',#5558,#1223);
#963=LINE('',#5559,#1224);
#964=LINE('',#5563,#1225);
#965=LINE('',#5567,#1226);
#966=LINE('',#5571,#1227);
#967=LINE('',#5575,#1228);
#968=LINE('',#5582,#1229);
#969=LINE('',#5590,#1230);
#970=LINE('',#5598,#1231);
#971=LINE('',#5606,#1232);
#972=LINE('',#5611,#1233);
#973=LINE('',#5614,#1234);
#974=LINE('',#5617,#1235);
#975=LINE('',#5618,#1236);
#976=LINE('',#5622,#1237);
#977=LINE('',#5625,#1238);
#978=LINE('',#5626,#1239);
#979=LINE('',#5629,#1240);
#980=LINE('',#5630,#1241);
#981=LINE('',#5633,#1242);
#982=LINE('',#5637,#1243);
#983=LINE('',#5638,#1244);
#984=LINE('',#5643,#1245);
#985=LINE('',#5644,#1246);
#986=LINE('',#5647,#1247);
#987=LINE('',#5651,#1248);
#988=LINE('',#5653,#1249);
#989=LINE('',#5654,#1250);
#990=LINE('',#5657,#1251);
#991=LINE('',#5661,#1252);
#992=LINE('',#5662,#1253);
#993=LINE('',#5665,#1254);
#994=LINE('',#5669,#1255);
#995=LINE('',#5670,#1256);
#996=LINE('',#5673,#1257);
#997=LINE('',#5677,#1258);
#998=LINE('',#5678,#1259);
#999=LINE('',#5684,#1260);
#1000=LINE('',#5686,#1261);
#1001=LINE('',#5690,#1262);
#1002=LINE('',#5692,#1263);
#1003=LINE('',#5693,#1264);
#1004=LINE('',#5698,#1265);
#1005=LINE('',#5702,#1266);
#1006=LINE('',#5703,#1267);
#1007=LINE('',#5723,#1268);
#1008=LINE('',#5733,#1269);
#1009=LINE('',#5762,#1270);
#1010=LINE('',#5863,#1271);
#1011=VECTOR('',#3646,10.);
#1012=VECTOR('',#3647,10.);
#1013=VECTOR('',#3648,10.);
#1014=VECTOR('',#3649,10.);
#1015=VECTOR('',#3652,10.);
#1016=VECTOR('',#3653,10.);
#1017=VECTOR('',#3654,10.);
#1018=VECTOR('',#3655,10.);
#1019=VECTOR('',#3668,10.);
#1020=VECTOR('',#3669,10.);
#1021=VECTOR('',#3670,10.);
#1022=VECTOR('',#3671,10.);
#1023=VECTOR('',#3674,10.);
#1024=VECTOR('',#3681,10.);
#1025=VECTOR('',#3692,10.);
#1026=VECTOR('',#3693,10.);
#1027=VECTOR('',#3694,10.);
#1028=VECTOR('',#3695,10.);
#1029=VECTOR('',#3698,10.);
#1030=VECTOR('',#3709,10.);
#1031=VECTOR('',#3710,10.);
#1032=VECTOR('',#3711,10.);
#1033=VECTOR('',#3712,10.);
#1034=VECTOR('',#3719,10.);
#1035=VECTOR('',#3726,10.);
#1036=VECTOR('',#3729,10.);
#1037=VECTOR('',#3732,10.);
#1038=VECTOR('',#3733,10.);
#1039=VECTOR('',#3736,10.);
#1040=VECTOR('',#3741,10.);
#1041=VECTOR('',#3742,10.);
#1042=VECTOR('',#3743,10.);
#1043=VECTOR('',#3744,10.);
#1044=VECTOR('',#3751,10.);
#1045=VECTOR('',#3756,10.);
#1046=VECTOR('',#3759,10.);
#1047=VECTOR('',#3762,10.);
#1048=VECTOR('',#3763,10.);
#1049=VECTOR('',#3772,10.);
#1050=VECTOR('',#3775,10.);
#1051=VECTOR('',#3778,10.);
#1052=VECTOR('',#3781,10.);
#1053=VECTOR('',#3784,10.);
#1054=VECTOR('',#3787,10.);
#1055=VECTOR('',#3790,10.);
#1056=VECTOR('',#3793,10.);
#1057=VECTOR('',#3796,10.);
#1058=VECTOR('',#3799,10.);
#1059=VECTOR('',#3802,10.);
#1060=VECTOR('',#3805,10.);
#1061=VECTOR('',#3808,10.);
#1062=VECTOR('',#3811,10.);
#1063=VECTOR('',#3814,10.);
#1064=VECTOR('',#3823,10.);
#1065=VECTOR('',#3826,10.);
#1066=VECTOR('',#3829,10.);
#1067=VECTOR('',#3832,10.);
#1068=VECTOR('',#3835,10.);
#1069=VECTOR('',#3838,10.);
#1070=VECTOR('',#3841,10.);
#1071=VECTOR('',#3844,10.);
#1072=VECTOR('',#3859,10.);
#1073=VECTOR('',#3862,10.);
#1074=VECTOR('',#3865,10.);
#1075=VECTOR('',#3866,10.);
#1076=VECTOR('',#3871,10.);
#1077=VECTOR('',#3872,10.);
#1078=VECTOR('',#3875,10.);
#1079=VECTOR('',#3876,10.);
#1080=VECTOR('',#3881,10.);
#1081=VECTOR('',#3886,10.);
#1082=VECTOR('',#3889,10.);
#1083=VECTOR('',#3892,10.);
#1084=VECTOR('',#3895,10.);
#1085=VECTOR('',#3896,10.);
#1086=VECTOR('',#3901,10.);
#1087=VECTOR('',#3902,10.);
#1088=VECTOR('',#3905,10.);
#1089=VECTOR('',#3906,10.);
#1090=VECTOR('',#3911,10.);
#1091=VECTOR('',#3916,10.);
#1092=VECTOR('',#3919,10.);
#1093=VECTOR('',#3920,10.);
#1094=VECTOR('',#3923,10.);
#1095=VECTOR('',#3924,10.);
#1096=VECTOR('',#3927,10.);
#1097=VECTOR('',#3928,10.);
#1098=VECTOR('',#3929,10.);
#1099=VECTOR('',#3930,10.);
#1100=VECTOR('',#3933,10.);
#1101=VECTOR('',#3934,10.);
#1102=VECTOR('',#3937,10.);
#1103=VECTOR('',#3938,10.);
#1104=VECTOR('',#3941,10.);
#1105=VECTOR('',#3944,10.);
#1106=VECTOR('',#3945,10.);
#1107=VECTOR('',#3946,10.);
#1108=VECTOR('',#3947,10.);
#1109=VECTOR('',#3950,10.);
#1110=VECTOR('',#3953,10.);
#1111=VECTOR('',#3958,10.);
#1112=VECTOR('',#3959,10.);
#1113=VECTOR('',#3960,10.);
#1114=VECTOR('',#3963,10.);
#1115=VECTOR('',#3964,10.);
#1116=VECTOR('',#3965,10.);
#1117=VECTOR('',#3966,10.);
#1118=VECTOR('',#3969,10.);
#1119=VECTOR('',#3970,10.);
#1120=VECTOR('',#3973,10.);
#1121=VECTOR('',#3974,10.);
#1122=VECTOR('',#3977,10.);
#1123=VECTOR('',#3980,10.);
#1124=VECTOR('',#3981,10.);
#1125=VECTOR('',#3982,10.);
#1126=VECTOR('',#3983,10.);
#1127=VECTOR('',#3986,10.);
#1128=VECTOR('',#3987,10.);
#1129=VECTOR('',#3990,10.);
#1130=VECTOR('',#3991,10.);
#1131=VECTOR('',#3994,10.);
#1132=VECTOR('',#3997,10.);
#1133=VECTOR('',#4000,10.);
#1134=VECTOR('',#4015,10.);
#1135=VECTOR('',#4016,10.);
#1136=VECTOR('',#4035,10.);
#1137=VECTOR('',#4044,10.);
#1138=VECTOR('',#4049,10.);
#1139=VECTOR('',#4050,10.);
#1140=VECTOR('',#4053,10.);
#1141=VECTOR('',#4058,10.);
#1142=VECTOR('',#4059,10.);
#1143=VECTOR('',#4062,10.);
#1144=VECTOR('',#4065,10.);
#1145=VECTOR('',#4068,10.);
#1146=VECTOR('',#4071,10.);
#1147=VECTOR('',#4078,10.);
#1148=VECTOR('',#4091,10.);
#1149=VECTOR('',#4102,10.);
#1150=VECTOR('',#4113,10.);
#1151=VECTOR('',#4120,10.);
#1152=VECTOR('',#4123,10.);
#1153=VECTOR('',#4126,10.);
#1154=VECTOR('',#4127,10.);
#1155=VECTOR('',#4130,10.);
#1156=VECTOR('',#4135,10.);
#1157=VECTOR('',#4136,10.);
#1158=VECTOR('',#4147,10.);
#1159=VECTOR('',#4148,10.);
#1160=VECTOR('',#4153,10.);
#1161=VECTOR('',#4156,10.);
#1162=VECTOR('',#4157,10.);
#1163=VECTOR('',#4158,10.);
#1164=VECTOR('',#4163,10.);
#1165=VECTOR('',#4166,10.);
#1166=VECTOR('',#4167,10.);
#1167=VECTOR('',#4172,10.);
#1168=VECTOR('',#4175,10.);
#1169=VECTOR('',#4176,10.);
#1170=VECTOR('',#4181,10.);
#1171=VECTOR('',#4184,10.);
#1172=VECTOR('',#4185,10.);
#1173=VECTOR('',#4192,10.);
#1174=VECTOR('',#4197,10.);
#1175=VECTOR('',#4202,10.);
#1176=VECTOR('',#4203,10.);
#1177=VECTOR('',#4204,10.);
#1178=VECTOR('',#4213,10.);
#1179=VECTOR('',#4216,10.);
#1180=VECTOR('',#4217,10.);
#1181=VECTOR('',#4222,10.);
#1182=VECTOR('',#4225,10.);
#1183=VECTOR('',#4226,10.);
#1184=VECTOR('',#4233,10.);
#1185=VECTOR('',#4234,10.);
#1186=VECTOR('',#4237,10.);
#1187=VECTOR('',#4238,10.);
#1188=VECTOR('',#4241,10.);
#1189=VECTOR('',#4242,10.);
#1190=VECTOR('',#4245,10.);
#1191=VECTOR('',#4246,10.);
#1192=VECTOR('',#4249,10.);
#1193=VECTOR('',#4250,10.);
#1194=VECTOR('',#4251,10.);
#1195=VECTOR('',#4252,10.);
#1196=VECTOR('',#4255,10.);
#1197=VECTOR('',#4256,10.);
#1198=VECTOR('',#4259,10.);
#1199=VECTOR('',#4260,10.);
#1200=VECTOR('',#4263,10.);
#1201=VECTOR('',#4266,10.);
#1202=VECTOR('',#4267,10.);
#1203=VECTOR('',#4268,10.);
#1204=VECTOR('',#4269,10.);
#1205=VECTOR('',#4272,10.);
#1206=VECTOR('',#4273,10.);
#1207=VECTOR('',#4276,10.);
#1208=VECTOR('',#4277,10.);
#1209=VECTOR('',#4280,10.);
#1210=VECTOR('',#4285,10.);
#1211=VECTOR('',#4288,10.);
#1212=VECTOR('',#4301,10.);
#1213=VECTOR('',#4302,10.);
#1214=VECTOR('',#4315,10.);
#1215=VECTOR('',#4316,10.);
#1216=VECTOR('',#4329,10.);
#1217=VECTOR('',#4330,10.);
#1218=VECTOR('',#4339,10.);
#1219=VECTOR('',#4342,10.);
#1220=VECTOR('',#4345,10.);
#1221=VECTOR('',#4346,10.);
#1222=VECTOR('',#4351,10.);
#1223=VECTOR('',#4354,10.);
#1224=VECTOR('',#4355,10.);
#1225=VECTOR('',#4358,10.);
#1226=VECTOR('',#4361,10.);
#1227=VECTOR('',#4364,10.);
#1228=VECTOR('',#4367,10.);
#1229=VECTOR('',#4376,10.);
#1230=VECTOR('',#4387,10.);
#1231=VECTOR('',#4398,10.);
#1232=VECTOR('',#4409,10.);
#1233=VECTOR('',#4416,10.);
#1234=VECTOR('',#4419,10.);
#1235=VECTOR('',#4422,10.);
#1236=VECTOR('',#4423,10.);
#1237=VECTOR('',#4428,10.);
#1238=VECTOR('',#4431,10.);
#1239=VECTOR('',#4432,10.);
#1240=VECTOR('',#4435,10.);
#1241=VECTOR('',#4436,10.);
#1242=VECTOR('',#4439,10.);
#1243=VECTOR('',#4444,10.);
#1244=VECTOR('',#4445,10.);
#1245=VECTOR('',#4452,10.);
#1246=VECTOR('',#4453,10.);
#1247=VECTOR('',#4456,10.);
#1248=VECTOR('',#4461,10.);
#1249=VECTOR('',#4462,10.);
#1250=VECTOR('',#4463,10.);
#1251=VECTOR('',#4466,10.);
#1252=VECTOR('',#4471,10.);
#1253=VECTOR('',#4472,10.);
#1254=VECTOR('',#4475,10.);
#1255=VECTOR('',#4480,10.);
#1256=VECTOR('',#4481,10.);
#1257=VECTOR('',#4484,10.);
#1258=VECTOR('',#4489,10.);
#1259=VECTOR('',#4490,10.);
#1260=VECTOR('',#4499,10.);
#1261=VECTOR('',#4502,10.);
#1262=VECTOR('',#4507,10.);
#1263=VECTOR('',#4508,10.);
#1264=VECTOR('',#4509,10.);
#1265=VECTOR('',#4516,10.);
#1266=VECTOR('',#4521,10.);
#1267=VECTOR('',#4522,10.);
#1268=VECTOR('',#4551,17.1);
#1269=VECTOR('',#4564,17.9);
#1270=VECTOR('',#4565,17.9);
#1271=VECTOR('',#4572,15.9);
#1272=VERTEX_POINT('',#4579);
#1273=VERTEX_POINT('',#4580);
#1274=VERTEX_POINT('',#4582);
#1275=VERTEX_POINT('',#4584);
#1276=VERTEX_POINT('',#4588);
#1277=VERTEX_POINT('',#4589);
#1278=VERTEX_POINT('',#4591);
#1279=VERTEX_POINT('',#4593);
#1280=VERTEX_POINT('',#4602);
#1281=VERTEX_POINT('',#4603);
#1282=VERTEX_POINT('',#4605);
#1283=VERTEX_POINT('',#4607);
#1284=VERTEX_POINT('',#4611);
#1285=VERTEX_POINT('',#4612);
#1286=VERTEX_POINT('',#4617);
#1287=VERTEX_POINT('',#4618);
#1288=VERTEX_POINT('',#4625);
#1289=VERTEX_POINT('',#4626);
#1290=VERTEX_POINT('',#4628);
#1291=VERTEX_POINT('',#4630);
#1292=VERTEX_POINT('',#4634);
#1293=VERTEX_POINT('',#4635);
#1294=VERTEX_POINT('',#4642);
#1295=VERTEX_POINT('',#4643);
#1296=VERTEX_POINT('',#4645);
#1297=VERTEX_POINT('',#4647);
#1298=VERTEX_POINT('',#4651);
#1299=VERTEX_POINT('',#4653);
#1300=VERTEX_POINT('',#4655);
#1301=VERTEX_POINT('',#4657);
#1302=VERTEX_POINT('',#4661);
#1303=VERTEX_POINT('',#4663);
#1304=VERTEX_POINT('',#4667);
#1305=VERTEX_POINT('',#4671);
#1306=VERTEX_POINT('',#4675);
#1307=VERTEX_POINT('',#4676);
#1308=VERTEX_POINT('',#4678);
#1309=VERTEX_POINT('',#4680);
#1310=VERTEX_POINT('',#4684);
#1311=VERTEX_POINT('',#4686);
#1312=VERTEX_POINT('',#4688);
#1313=VERTEX_POINT('',#4692);
#1314=VERTEX_POINT('',#4694);
#1315=VERTEX_POINT('',#4698);
#1316=VERTEX_POINT('',#4703);
#1317=VERTEX_POINT('',#4705);
#1318=VERTEX_POINT('',#4707);
#1319=VERTEX_POINT('',#4709);
#1320=VERTEX_POINT('',#4711);
#1321=VERTEX_POINT('',#4713);
#1322=VERTEX_POINT('',#4715);
#1323=VERTEX_POINT('',#4717);
#1324=VERTEX_POINT('',#4719);
#1325=VERTEX_POINT('',#4721);
#1326=VERTEX_POINT('',#4723);
#1327=VERTEX_POINT('',#4725);
#1328=VERTEX_POINT('',#4727);
#1329=VERTEX_POINT('',#4729);
#1330=VERTEX_POINT('',#4731);
#1331=VERTEX_POINT('',#4733);
#1332=VERTEX_POINT('',#4735);
#1333=VERTEX_POINT('',#4737);
#1334=VERTEX_POINT('',#4739);
#1335=VERTEX_POINT('',#4741);
#1336=VERTEX_POINT('',#4743);
#1337=VERTEX_POINT('',#4745);
#1338=VERTEX_POINT('',#4747);
#1339=VERTEX_POINT('',#4749);
#1340=VERTEX_POINT('',#4751);
#1341=VERTEX_POINT('',#4753);
#1342=VERTEX_POINT('',#4755);
#1343=VERTEX_POINT('',#4757);
#1344=VERTEX_POINT('',#4759);
#1345=VERTEX_POINT('',#4761);
#1346=VERTEX_POINT('',#4763);
#1347=VERTEX_POINT('',#4765);
#1348=VERTEX_POINT('',#4769);
#1349=VERTEX_POINT('',#4770);
#1350=VERTEX_POINT('',#4772);
#1351=VERTEX_POINT('',#4774);
#1352=VERTEX_POINT('',#4776);
#1353=VERTEX_POINT('',#4778);
#1354=VERTEX_POINT('',#4780);
#1355=VERTEX_POINT('',#4782);
#1356=VERTEX_POINT('',#4785);
#1357=VERTEX_POINT('',#4786);
#1358=VERTEX_POINT('',#4788);
#1359=VERTEX_POINT('',#4790);
#1360=VERTEX_POINT('',#4792);
#1361=VERTEX_POINT('',#4794);
#1362=VERTEX_POINT('',#4796);
#1363=VERTEX_POINT('',#4798);
#1364=VERTEX_POINT('',#4802);
#1365=VERTEX_POINT('',#4872);
#1366=VERTEX_POINT('',#4873);
#1367=VERTEX_POINT('',#4878);
#1368=VERTEX_POINT('',#4901);
#1369=VERTEX_POINT('',#4944);
#1370=VERTEX_POINT('',#4951);
#1371=VERTEX_POINT('',#5002);
#1372=VERTEX_POINT('',#5038);
#1373=VERTEX_POINT('',#5100);
#1374=VERTEX_POINT('',#5102);
#1375=VERTEX_POINT('',#5106);
#1376=VERTEX_POINT('',#5110);
#1377=VERTEX_POINT('',#5111);
#1378=VERTEX_POINT('',#5116);
#1379=VERTEX_POINT('',#5120);
#1380=VERTEX_POINT('',#5124);
#1381=VERTEX_POINT('',#5128);
#1382=VERTEX_POINT('',#5130);
#1383=VERTEX_POINT('',#5134);
#1384=VERTEX_POINT('',#5138);
#1385=VERTEX_POINT('',#5139);
#1386=VERTEX_POINT('',#5144);
#1387=VERTEX_POINT('',#5148);
#1388=VERTEX_POINT('',#5152);
#1389=VERTEX_POINT('',#5156);
#1390=VERTEX_POINT('',#5160);
#1391=VERTEX_POINT('',#5164);
#1392=VERTEX_POINT('',#5165);
#1393=VERTEX_POINT('',#5167);
#1394=VERTEX_POINT('',#5169);
#1395=VERTEX_POINT('',#5173);
#1396=VERTEX_POINT('',#5177);
#1397=VERTEX_POINT('',#5183);
#1398=VERTEX_POINT('',#5184);
#1399=VERTEX_POINT('',#5186);
#1400=VERTEX_POINT('',#5188);
#1401=VERTEX_POINT('',#5192);
#1402=VERTEX_POINT('',#5193);
#1403=VERTEX_POINT('',#5195);
#1404=VERTEX_POINT('',#5197);
#1405=VERTEX_POINT('',#5201);
#1406=VERTEX_POINT('',#5202);
#1407=VERTEX_POINT('',#5207);
#1408=VERTEX_POINT('',#5208);
#1409=VERTEX_POINT('',#5210);
#1410=VERTEX_POINT('',#5212);
#1411=VERTEX_POINT('',#5216);
#1412=VERTEX_POINT('',#5220);
#1413=VERTEX_POINT('',#5226);
#1414=VERTEX_POINT('',#5227);
#1415=VERTEX_POINT('',#5229);
#1416=VERTEX_POINT('',#5231);
#1417=VERTEX_POINT('',#5235);
#1418=VERTEX_POINT('',#5239);
#1419=VERTEX_POINT('',#5245);
#1420=VERTEX_POINT('',#5246);
#1421=VERTEX_POINT('',#5248);
#1422=VERTEX_POINT('',#5250);
#1423=VERTEX_POINT('',#5254);
#1424=VERTEX_POINT('',#5255);
#1425=VERTEX_POINT('',#5260);
#1426=VERTEX_POINT('',#5261);
#1427=VERTEX_POINT('',#5269);
#1428=VERTEX_POINT('',#5274);
#1429=VERTEX_POINT('',#5281);
#1430=VERTEX_POINT('',#5285);
#1431=VERTEX_POINT('',#5289);
#1432=VERTEX_POINT('',#5293);
#1433=VERTEX_POINT('',#5297);
#1434=VERTEX_POINT('',#5298);
#1435=VERTEX_POINT('',#5300);
#1436=VERTEX_POINT('',#5302);
#1437=VERTEX_POINT('',#5304);
#1438=VERTEX_POINT('',#5306);
#1439=VERTEX_POINT('',#5308);
#1440=VERTEX_POINT('',#5310);
#1441=VERTEX_POINT('',#5314);
#1442=VERTEX_POINT('',#5316);
#1443=VERTEX_POINT('',#5320);
#1444=VERTEX_POINT('',#5324);
#1445=VERTEX_POINT('',#5328);
#1446=VERTEX_POINT('',#5332);
#1447=VERTEX_POINT('',#5336);
#1448=VERTEX_POINT('',#5340);
#1449=VERTEX_POINT('',#5346);
#1450=VERTEX_POINT('',#5348);
#1451=VERTEX_POINT('',#5352);
#1452=VERTEX_POINT('',#5356);
#1453=VERTEX_POINT('',#5360);
#1454=VERTEX_POINT('',#5368);
#1455=VERTEX_POINT('',#5372);
#1456=VERTEX_POINT('',#5376);
#1457=VERTEX_POINT('',#5377);
#1458=VERTEX_POINT('',#5382);
#1459=VERTEX_POINT('',#5386);
#1460=VERTEX_POINT('',#5390);
#1461=VERTEX_POINT('',#5394);
#1462=VERTEX_POINT('',#5398);
#1463=VERTEX_POINT('',#5402);
#1464=VERTEX_POINT('',#5408);
#1465=VERTEX_POINT('',#5415);
#1466=VERTEX_POINT('',#5417);
#1467=VERTEX_POINT('',#5423);
#1468=VERTEX_POINT('',#5427);
#1469=VERTEX_POINT('',#5431);
#1470=VERTEX_POINT('',#5435);
#1471=VERTEX_POINT('',#5441);
#1472=VERTEX_POINT('',#5445);
#1473=VERTEX_POINT('',#5449);
#1474=VERTEX_POINT('',#5453);
#1475=VERTEX_POINT('',#5457);
#1476=VERTEX_POINT('',#5458);
#1477=VERTEX_POINT('',#5460);
#1478=VERTEX_POINT('',#5462);
#1479=VERTEX_POINT('',#5466);
#1480=VERTEX_POINT('',#5470);
#1481=VERTEX_POINT('',#5476);
#1482=VERTEX_POINT('',#5477);
#1483=VERTEX_POINT('',#5479);
#1484=VERTEX_POINT('',#5481);
#1485=VERTEX_POINT('',#5485);
#1486=VERTEX_POINT('',#5489);
#1487=VERTEX_POINT('',#5495);
#1488=VERTEX_POINT('',#5496);
#1489=VERTEX_POINT('',#5498);
#1490=VERTEX_POINT('',#5500);
#1491=VERTEX_POINT('',#5504);
#1492=VERTEX_POINT('',#5505);
#1493=VERTEX_POINT('',#5510);
#1494=VERTEX_POINT('',#5511);
#1495=VERTEX_POINT('',#5516);
#1496=VERTEX_POINT('',#5517);
#1497=VERTEX_POINT('',#5522);
#1498=VERTEX_POINT('',#5523);
#1499=VERTEX_POINT('',#5528);
#1500=VERTEX_POINT('',#5529);
#1501=VERTEX_POINT('',#5534);
#1502=VERTEX_POINT('',#5535);
#1503=VERTEX_POINT('',#5543);
#1504=VERTEX_POINT('',#5545);
#1505=VERTEX_POINT('',#5549);
#1506=VERTEX_POINT('',#5553);
#1507=VERTEX_POINT('',#5557);
#1508=VERTEX_POINT('',#5561);
#1509=VERTEX_POINT('',#5562);
#1510=VERTEX_POINT('',#5564);
#1511=VERTEX_POINT('',#5566);
#1512=VERTEX_POINT('',#5568);
#1513=VERTEX_POINT('',#5570);
#1514=VERTEX_POINT('',#5572);
#1515=VERTEX_POINT('',#5574);
#1516=VERTEX_POINT('',#5578);
#1517=VERTEX_POINT('',#5580);
#1518=VERTEX_POINT('',#5584);
#1519=VERTEX_POINT('',#5588);
#1520=VERTEX_POINT('',#5592);
#1521=VERTEX_POINT('',#5596);
#1522=VERTEX_POINT('',#5600);
#1523=VERTEX_POINT('',#5604);
#1524=VERTEX_POINT('',#5610);
#1525=VERTEX_POINT('',#5612);
#1526=VERTEX_POINT('',#5616);
#1527=VERTEX_POINT('',#5620);
#1528=VERTEX_POINT('',#5624);
#1529=VERTEX_POINT('',#5628);
#1530=VERTEX_POINT('',#5632);
#1531=VERTEX_POINT('',#5636);
#1532=VERTEX_POINT('',#5642);
#1533=VERTEX_POINT('',#5646);
#1534=VERTEX_POINT('',#5650);
#1535=VERTEX_POINT('',#5652);
#1536=VERTEX_POINT('',#5656);
#1537=VERTEX_POINT('',#5660);
#1538=VERTEX_POINT('',#5664);
#1539=VERTEX_POINT('',#5668);
#1540=VERTEX_POINT('',#5672);
#1541=VERTEX_POINT('',#5676);
#1542=VERTEX_POINT('',#5682);
#1543=VERTEX_POINT('',#5689);
#1544=VERTEX_POINT('',#5691);
#1545=VERTEX_POINT('',#5697);
#1546=VERTEX_POINT('',#5701);
#1547=VERTEX_POINT('',#5711);
#1548=VERTEX_POINT('',#5713);
#1549=VERTEX_POINT('',#5715);
#1550=VERTEX_POINT('',#5719);
#1551=VERTEX_POINT('',#5722);
#1552=VERTEX_POINT('',#5726);
#1553=VERTEX_POINT('',#5728);
#1554=VERTEX_POINT('',#5732);
#1555=VERTEX_POINT('',#5734);
#1556=VERTEX_POINT('',#5745);
#1557=VERTEX_POINT('',#5750);
#1558=VERTEX_POINT('',#5761);
#1559=VERTEX_POINT('',#5764);
#1560=VERTEX_POINT('',#5772);
#1561=VERTEX_POINT('',#5784);
#1562=VERTEX_POINT('',#5785);
#1563=VERTEX_POINT('',#5790);
#1564=VERTEX_POINT('',#5804);
#1565=VERTEX_POINT('',#5822);
#1566=VERTEX_POINT('',#5823);
#1567=VERTEX_POINT('',#5828);
#1568=VERTEX_POINT('',#5842);
#1569=VERTEX_POINT('',#5861);
#1570=VERTEX_POINT('',#5930);
#1571=VERTEX_POINT('',#5931);
#1572=VERTEX_POINT('',#5938);
#1573=VERTEX_POINT('',#5961);
#1574=VERTEX_POINT('',#6190);
#1575=VERTEX_POINT('',#6191);
#1576=VERTEX_POINT('',#6198);
#1577=VERTEX_POINT('',#6221);
#1578=VERTEX_POINT('',#6450);
#1579=VERTEX_POINT('',#6451);
#1580=VERTEX_POINT('',#6458);
#1581=VERTEX_POINT('',#6481);
#1582=EDGE_CURVE('',#1272,#1273,#750,.T.);
#1583=EDGE_CURVE('',#1272,#1274,#751,.F.);
#1584=EDGE_CURVE('',#1275,#1274,#752,.T.);
#1585=EDGE_CURVE('',#1273,#1275,#753,.T.);
#1586=EDGE_CURVE('',#1276,#1277,#754,.T.);
#1587=EDGE_CURVE('',#1278,#1276,#755,.T.);
#1588=EDGE_CURVE('',#1278,#1279,#756,.T.);
#1589=EDGE_CURVE('',#1279,#1277,#757,.F.);
#1590=EDGE_CURVE('',#1275,#1278,#122,.T.);
#1591=EDGE_CURVE('',#1274,#1279,#123,.F.);
#1592=EDGE_CURVE('',#1277,#1272,#124,.F.);
#1593=EDGE_CURVE('',#1280,#1281,#758,.T.);
#1594=EDGE_CURVE('',#1280,#1282,#759,.T.);
#1595=EDGE_CURVE('',#1282,#1283,#760,.F.);
#1596=EDGE_CURVE('',#1281,#1283,#761,.T.);
#1597=EDGE_CURVE('',#1284,#1285,#762,.T.);
#1598=EDGE_CURVE('',#1284,#1282,#125,.F.);
#1599=EDGE_CURVE('',#1285,#1280,#126,.T.);
#1600=EDGE_CURVE('',#1286,#1287,#763,.T.);
#1601=EDGE_CURVE('',#1281,#1286,#127,.T.);
#1602=EDGE_CURVE('',#1283,#1287,#128,.F.);
#1603=EDGE_CURVE('',#1287,#1284,#129,.F.);
#1604=EDGE_CURVE('',#1288,#1289,#764,.T.);
#1605=EDGE_CURVE('',#1288,#1290,#765,.F.);
#1606=EDGE_CURVE('',#1291,#1290,#766,.T.);
#1607=EDGE_CURVE('',#1289,#1291,#767,.T.);
#1608=EDGE_CURVE('',#1292,#1293,#768,.T.);
#1609=EDGE_CURVE('',#1291,#1292,#130,.T.);
#1610=EDGE_CURVE('',#1290,#1293,#131,.F.);
#1611=EDGE_CURVE('',#1293,#1288,#132,.F.);
#1612=EDGE_CURVE('',#1294,#1295,#769,.T.);
#1613=EDGE_CURVE('',#1294,#1296,#770,.F.);
#1614=EDGE_CURVE('',#1297,#1296,#771,.T.);
#1615=EDGE_CURVE('',#1295,#1297,#772,.T.);
#1616=EDGE_CURVE('',#1298,#1294,#133,.F.);
#1617=EDGE_CURVE('',#1299,#1298,#134,.F.);
#1618=EDGE_CURVE('',#1300,#1299,#773,.F.);
#1619=EDGE_CURVE('',#1301,#1300,#135,.F.);
#1620=EDGE_CURVE('',#1296,#1301,#136,.F.);
#1621=EDGE_CURVE('',#1302,#1298,#774,.T.);
#1622=EDGE_CURVE('',#1303,#1302,#137,.T.);
#1623=EDGE_CURVE('',#1303,#1299,#775,.T.);
#1624=EDGE_CURVE('',#1300,#1304,#776,.T.);
#1625=EDGE_CURVE('',#1304,#1303,#777,.T.);
#1626=EDGE_CURVE('',#1305,#1301,#778,.T.);
#1627=EDGE_CURVE('',#1297,#1305,#138,.T.);
#1628=EDGE_CURVE('',#1306,#1307,#779,.T.);
#1629=EDGE_CURVE('',#1306,#1308,#780,.F.);
#1630=EDGE_CURVE('',#1309,#1308,#781,.T.);
#1631=EDGE_CURVE('',#1307,#1309,#782,.T.);
#1632=EDGE_CURVE('',#1310,#1306,#139,.F.);
#1633=EDGE_CURVE('',#1311,#1310,#140,.F.);
#1634=EDGE_CURVE('',#1312,#1311,#783,.F.);
#1635=EDGE_CURVE('',#1308,#1312,#141,.F.);
#1636=EDGE_CURVE('',#1313,#1310,#784,.T.);
#1637=EDGE_CURVE('',#1314,#1313,#142,.T.);
#1638=EDGE_CURVE('',#1314,#1311,#785,.T.);
#1639=EDGE_CURVE('',#1312,#1315,#786,.T.);
#1640=EDGE_CURVE('',#1315,#1314,#787,.T.);
#1641=EDGE_CURVE('',#1292,#1295,#143,.T.);
#1642=EDGE_CURVE('',#1305,#1316,#144,.T.);
#1643=EDGE_CURVE('',#1317,#1316,#145,.T.);
#1644=EDGE_CURVE('',#1317,#1318,#788,.T.);
#1645=EDGE_CURVE('',#1319,#1318,#146,.T.);
#1646=EDGE_CURVE('',#1319,#1320,#789,.T.);
#1647=EDGE_CURVE('',#1321,#1320,#147,.T.);
#1648=EDGE_CURVE('',#1321,#1322,#790,.T.);
#1649=EDGE_CURVE('',#1323,#1322,#148,.T.);
#1650=EDGE_CURVE('',#1323,#1324,#791,.T.);
#1651=EDGE_CURVE('',#1325,#1324,#149,.T.);
#1652=EDGE_CURVE('',#1325,#1326,#792,.T.);
#1653=EDGE_CURVE('',#1327,#1326,#150,.T.);
#1654=EDGE_CURVE('',#1328,#1327,#793,.T.);
#1655=EDGE_CURVE('',#1328,#1329,#151,.T.);
#1656=EDGE_CURVE('',#1330,#1329,#794,.T.);
#1657=EDGE_CURVE('',#1330,#1331,#152,.T.);
#1658=EDGE_CURVE('',#1332,#1331,#795,.T.);
#1659=EDGE_CURVE('',#1332,#1333,#153,.T.);
#1660=EDGE_CURVE('',#1334,#1333,#796,.T.);
#1661=EDGE_CURVE('',#1334,#1335,#154,.T.);
#1662=EDGE_CURVE('',#1336,#1335,#797,.T.);
#1663=EDGE_CURVE('',#1337,#1336,#155,.T.);
#1664=EDGE_CURVE('',#1338,#1337,#798,.T.);
#1665=EDGE_CURVE('',#1339,#1338,#156,.T.);
#1666=EDGE_CURVE('',#1339,#1340,#799,.T.);
#1667=EDGE_CURVE('',#1341,#1340,#157,.T.);
#1668=EDGE_CURVE('',#1341,#1342,#800,.T.);
#1669=EDGE_CURVE('',#1343,#1342,#158,.T.);
#1670=EDGE_CURVE('',#1343,#1344,#801,.T.);
#1671=EDGE_CURVE('',#1345,#1344,#159,.T.);
#1672=EDGE_CURVE('',#1346,#1345,#802,.T.);
#1673=EDGE_CURVE('',#1347,#1346,#160,.T.);
#1674=EDGE_CURVE('',#1347,#1315,#161,.T.);
#1675=EDGE_CURVE('',#1313,#1289,#162,.T.);
#1676=EDGE_CURVE('',#1348,#1349,#163,.T.);
#1677=EDGE_CURVE('',#1349,#1350,#803,.T.);
#1678=EDGE_CURVE('',#1350,#1351,#164,.T.);
#1679=EDGE_CURVE('',#1351,#1352,#804,.T.);
#1680=EDGE_CURVE('',#1352,#1353,#165,.T.);
#1681=EDGE_CURVE('',#1353,#1354,#805,.T.);
#1682=EDGE_CURVE('',#1354,#1355,#166,.T.);
#1683=EDGE_CURVE('',#1355,#1348,#806,.T.);
#1684=EDGE_CURVE('',#1356,#1357,#167,.T.);
#1685=EDGE_CURVE('',#1358,#1356,#807,.T.);
#1686=EDGE_CURVE('',#1359,#1358,#168,.T.);
#1687=EDGE_CURVE('',#1360,#1359,#808,.T.);
#1688=EDGE_CURVE('',#1361,#1360,#169,.T.);
#1689=EDGE_CURVE('',#1362,#1361,#809,.T.);
#1690=EDGE_CURVE('',#1363,#1362,#170,.T.);
#1691=EDGE_CURVE('',#1357,#1363,#810,.T.);
#1692=EDGE_CURVE('',#1276,#1364,#171,.T.);
#1693=EDGE_CURVE('',#1364,#1307,#172,.T.);
#1694=EDGE_CURVE('',#1309,#1285,#173,.T.);
#1695=EDGE_CURVE('',#1286,#1304,#174,.T.);
#1696=EDGE_CURVE('',#1302,#1273,#175,.T.);
#1697=EDGE_CURVE('',#1365,#1366,#33,.F.);
#1698=EDGE_CURVE('',#1366,#1367,#34,.F.);
#1699=EDGE_CURVE('',#1367,#1368,#35,.F.);
#1700=EDGE_CURVE('',#1368,#1365,#36,.T.);
#1701=EDGE_CURVE('',#1369,#1367,#37,.T.);
#1702=EDGE_CURVE('',#1370,#1369,#38,.T.);
#1703=EDGE_CURVE('',#1370,#1368,#39,.T.);
#1704=EDGE_CURVE('',#1366,#1371,#40,.T.);
#1705=EDGE_CURVE('',#1369,#1371,#41,.T.);
#1706=EDGE_CURVE('',#1372,#1365,#42,.F.);
#1707=EDGE_CURVE('',#1371,#1372,#43,.T.);
#1708=EDGE_CURVE('',#1372,#1370,#44,.T.);
#1709=EDGE_CURVE('',#1346,#1373,#811,.T.);
#1710=EDGE_CURVE('',#1373,#1374,#176,.T.);
#1711=EDGE_CURVE('',#1374,#1347,#812,.T.);
#1712=EDGE_CURVE('',#1375,#1345,#813,.T.);
#1713=EDGE_CURVE('',#1375,#1373,#814,.T.);
#1714=EDGE_CURVE('',#1376,#1377,#177,.T.);
#1715=EDGE_CURVE('',#1377,#1317,#815,.T.);
#1716=EDGE_CURVE('',#1316,#1376,#816,.T.);
#1717=EDGE_CURVE('',#1377,#1378,#817,.T.);
#1718=EDGE_CURVE('',#1318,#1378,#818,.T.);
#1719=EDGE_CURVE('',#1378,#1379,#178,.T.);
#1720=EDGE_CURVE('',#1379,#1319,#819,.T.);
#1721=EDGE_CURVE('',#1380,#1375,#179,.T.);
#1722=EDGE_CURVE('',#1344,#1380,#820,.T.);
#1723=EDGE_CURVE('',#1338,#1381,#821,.T.);
#1724=EDGE_CURVE('',#1381,#1382,#180,.T.);
#1725=EDGE_CURVE('',#1382,#1339,#822,.T.);
#1726=EDGE_CURVE('',#1383,#1337,#823,.T.);
#1727=EDGE_CURVE('',#1383,#1381,#824,.T.);
#1728=EDGE_CURVE('',#1384,#1385,#181,.T.);
#1729=EDGE_CURVE('',#1385,#1325,#825,.T.);
#1730=EDGE_CURVE('',#1324,#1384,#826,.T.);
#1731=EDGE_CURVE('',#1385,#1386,#827,.T.);
#1732=EDGE_CURVE('',#1326,#1386,#828,.T.);
#1733=EDGE_CURVE('',#1386,#1387,#182,.T.);
#1734=EDGE_CURVE('',#1387,#1327,#829,.T.);
#1735=EDGE_CURVE('',#1388,#1383,#183,.T.);
#1736=EDGE_CURVE('',#1336,#1388,#830,.T.);
#1737=EDGE_CURVE('',#1389,#1387,#831,.T.);
#1738=EDGE_CURVE('',#1328,#1389,#832,.T.);
#1739=EDGE_CURVE('',#1335,#1390,#833,.T.);
#1740=EDGE_CURVE('',#1388,#1390,#834,.T.);
#1741=EDGE_CURVE('',#1391,#1392,#835,.F.);
#1742=EDGE_CURVE('',#1392,#1393,#836,.F.);
#1743=EDGE_CURVE('',#1394,#1393,#837,.F.);
#1744=EDGE_CURVE('',#1391,#1394,#838,.T.);
#1745=EDGE_CURVE('',#1395,#1391,#839,.T.);
#1746=EDGE_CURVE('',#1395,#1392,#840,.F.);
#1747=EDGE_CURVE('',#1396,#1393,#841,.T.);
#1748=EDGE_CURVE('',#1396,#1395,#842,.T.);
#1749=EDGE_CURVE('',#1394,#1396,#843,.T.);
#1750=EDGE_CURVE('',#1397,#1398,#844,.T.);
#1751=EDGE_CURVE('',#1397,#1399,#845,.T.);
#1752=EDGE_CURVE('',#1400,#1399,#846,.T.);
#1753=EDGE_CURVE('',#1398,#1400,#847,.T.);
#1754=EDGE_CURVE('',#1401,#1402,#848,.T.);
#1755=EDGE_CURVE('',#1402,#1403,#184,.T.);
#1756=EDGE_CURVE('',#1403,#1404,#849,.T.);
#1757=EDGE_CURVE('',#1401,#1404,#185,.T.);
#1758=EDGE_CURVE('',#1405,#1406,#850,.T.);
#1759=EDGE_CURVE('',#1405,#1402,#851,.T.);
#1760=EDGE_CURVE('',#1406,#1401,#852,.T.);
#1761=EDGE_CURVE('',#1407,#1408,#853,.T.);
#1762=EDGE_CURVE('',#1408,#1409,#854,.F.);
#1763=EDGE_CURVE('',#1410,#1409,#855,.F.);
#1764=EDGE_CURVE('',#1407,#1410,#856,.T.);
#1765=EDGE_CURVE('',#1411,#1407,#857,.T.);
#1766=EDGE_CURVE('',#1411,#1408,#858,.F.);
#1767=EDGE_CURVE('',#1412,#1409,#859,.T.);
#1768=EDGE_CURVE('',#1412,#1411,#860,.T.);
#1769=EDGE_CURVE('',#1410,#1412,#861,.T.);
#1770=EDGE_CURVE('',#1413,#1414,#862,.T.);
#1771=EDGE_CURVE('',#1415,#1413,#863,.T.);
#1772=EDGE_CURVE('',#1415,#1416,#864,.T.);
#1773=EDGE_CURVE('',#1414,#1416,#865,.T.);
#1774=EDGE_CURVE('',#1417,#1414,#866,.T.);
#1775=EDGE_CURVE('',#1413,#1417,#867,.T.);
#1776=EDGE_CURVE('',#1418,#1416,#868,.F.);
#1777=EDGE_CURVE('',#1417,#1418,#869,.T.);
#1778=EDGE_CURVE('',#1418,#1415,#870,.T.);
#1779=EDGE_CURVE('',#1419,#1420,#871,.T.);
#1780=EDGE_CURVE('',#1420,#1421,#186,.T.);
#1781=EDGE_CURVE('',#1421,#1422,#872,.T.);
#1782=EDGE_CURVE('',#1422,#1419,#187,.T.);
#1783=EDGE_CURVE('',#1423,#1424,#188,.T.);
#1784=EDGE_CURVE('',#1424,#1419,#189,.T.);
#1785=EDGE_CURVE('',#1422,#1423,#190,.T.);
#1786=EDGE_CURVE('',#1425,#1426,#191,.T.);
#1787=EDGE_CURVE('',#1426,#1424,#873,.T.);
#1788=EDGE_CURVE('',#1423,#1425,#874,.T.);
#1789=EDGE_CURVE('',#1404,#1426,#192,.T.);
#1790=EDGE_CURVE('',#1425,#1401,#193,.T.);
#1791=EDGE_CURVE('',#1400,#1427,#194,.T.);
#1792=EDGE_CURVE('',#1427,#1403,#195,.T.);
#1793=EDGE_CURVE('',#1402,#1400,#196,.T.);
#1794=EDGE_CURVE('',#1399,#1428,#197,.T.);
#1795=EDGE_CURVE('',#1428,#1427,#875,.T.);
#1796=EDGE_CURVE('',#1420,#1428,#198,.T.);
#1797=EDGE_CURVE('',#1399,#1421,#199,.T.);
#1798=EDGE_CURVE('',#1429,#1425,#876,.T.);
#1799=EDGE_CURVE('',#1406,#1429,#200,.T.);
#1800=EDGE_CURVE('',#1430,#1423,#877,.T.);
#1801=EDGE_CURVE('',#1429,#1430,#878,.T.);
#1802=EDGE_CURVE('',#1431,#1422,#879,.T.);
#1803=EDGE_CURVE('',#1430,#1431,#201,.T.);
#1804=EDGE_CURVE('',#1432,#1421,#880,.T.);
#1805=EDGE_CURVE('',#1431,#1432,#881,.T.);
#1806=EDGE_CURVE('',#1433,#1434,#882,.T.);
#1807=EDGE_CURVE('',#1435,#1433,#202,.T.);
#1808=EDGE_CURVE('',#1436,#1435,#883,.T.);
#1809=EDGE_CURVE('',#1437,#1436,#203,.T.);
#1810=EDGE_CURVE('',#1438,#1437,#884,.T.);
#1811=EDGE_CURVE('',#1439,#1438,#204,.T.);
#1812=EDGE_CURVE('',#1440,#1439,#885,.T.);
#1813=EDGE_CURVE('',#1434,#1440,#205,.T.);
#1814=EDGE_CURVE('',#1439,#1441,#206,.T.);
#1815=EDGE_CURVE('',#1441,#1442,#886,.T.);
#1816=EDGE_CURVE('',#1442,#1440,#207,.T.);
#1817=EDGE_CURVE('',#1443,#1434,#208,.T.);
#1818=EDGE_CURVE('',#1442,#1443,#209,.T.);
#1819=EDGE_CURVE('',#1444,#1433,#210,.T.);
#1820=EDGE_CURVE('',#1443,#1444,#887,.T.);
#1821=EDGE_CURVE('',#1445,#1435,#211,.T.);
#1822=EDGE_CURVE('',#1444,#1445,#212,.T.);
#1823=EDGE_CURVE('',#1446,#1436,#213,.T.);
#1824=EDGE_CURVE('',#1445,#1446,#888,.T.);
#1825=EDGE_CURVE('',#1447,#1437,#214,.T.);
#1826=EDGE_CURVE('',#1446,#1447,#215,.T.);
#1827=EDGE_CURVE('',#1448,#1438,#216,.T.);
#1828=EDGE_CURVE('',#1447,#1448,#889,.T.);
#1829=EDGE_CURVE('',#1448,#1441,#217,.T.);
#1830=EDGE_CURVE('',#1449,#1444,#890,.T.);
#1831=EDGE_CURVE('',#1450,#1449,#218,.T.);
#1832=EDGE_CURVE('',#1450,#1445,#891,.T.);
#1833=EDGE_CURVE('',#1451,#1443,#892,.T.);
#1834=EDGE_CURVE('',#1449,#1451,#893,.T.);
#1835=EDGE_CURVE('',#1452,#1442,#894,.T.);
#1836=EDGE_CURVE('',#1451,#1452,#219,.T.);
#1837=EDGE_CURVE('',#1453,#1441,#895,.T.);
#1838=EDGE_CURVE('',#1452,#1453,#896,.T.);
#1839=EDGE_CURVE('',#1398,#1405,#220,.T.);
#1840=EDGE_CURVE('',#1432,#1397,#221,.T.);
#1841=EDGE_CURVE('',#1454,#1450,#897,.T.);
#1842=EDGE_CURVE('',#1454,#1446,#898,.T.);
#1843=EDGE_CURVE('',#1455,#1454,#222,.T.);
#1844=EDGE_CURVE('',#1455,#1447,#899,.T.);
#1845=EDGE_CURVE('',#1456,#1457,#900,.T.);
#1846=EDGE_CURVE('',#1350,#1456,#901,.T.);
#1847=EDGE_CURVE('',#1349,#1457,#902,.T.);
#1848=EDGE_CURVE('',#1458,#1456,#223,.T.);
#1849=EDGE_CURVE('',#1351,#1458,#903,.T.);
#1850=EDGE_CURVE('',#1459,#1458,#904,.T.);
#1851=EDGE_CURVE('',#1352,#1459,#905,.T.);
#1852=EDGE_CURVE('',#1460,#1459,#224,.T.);
#1853=EDGE_CURVE('',#1353,#1460,#906,.T.);
#1854=EDGE_CURVE('',#1461,#1460,#907,.T.);
#1855=EDGE_CURVE('',#1354,#1461,#908,.T.);
#1856=EDGE_CURVE('',#1462,#1461,#225,.T.);
#1857=EDGE_CURVE('',#1355,#1462,#909,.T.);
#1858=EDGE_CURVE('',#1463,#1462,#910,.T.);
#1859=EDGE_CURVE('',#1348,#1463,#911,.T.);
#1860=EDGE_CURVE('',#1457,#1463,#226,.T.);
#1861=EDGE_CURVE('',#1464,#1448,#912,.T.);
#1862=EDGE_CURVE('',#1453,#1464,#227,.T.);
#1863=EDGE_CURVE('',#1464,#1455,#913,.T.);
#1864=EDGE_CURVE('',#1333,#1465,#914,.T.);
#1865=EDGE_CURVE('',#1466,#1465,#915,.T.);
#1866=EDGE_CURVE('',#1334,#1466,#916,.T.);
#1867=EDGE_CURVE('',#1390,#1466,#228,.T.);
#1868=EDGE_CURVE('',#1467,#1389,#229,.T.);
#1869=EDGE_CURVE('',#1329,#1467,#917,.T.);
#1870=EDGE_CURVE('',#1468,#1467,#918,.T.);
#1871=EDGE_CURVE('',#1330,#1468,#919,.T.);
#1872=EDGE_CURVE('',#1469,#1468,#230,.T.);
#1873=EDGE_CURVE('',#1331,#1469,#920,.T.);
#1874=EDGE_CURVE('',#1470,#1469,#921,.T.);
#1875=EDGE_CURVE('',#1332,#1470,#922,.T.);
#1876=EDGE_CURVE('',#1465,#1470,#231,.T.);
#1877=EDGE_CURVE('',#1382,#1471,#923,.T.);
#1878=EDGE_CURVE('',#1340,#1471,#924,.T.);
#1879=EDGE_CURVE('',#1323,#1472,#925,.T.);
#1880=EDGE_CURVE('',#1472,#1384,#926,.T.);
#1881=EDGE_CURVE('',#1379,#1473,#927,.T.);
#1882=EDGE_CURVE('',#1320,#1473,#928,.T.);
#1883=EDGE_CURVE('',#1343,#1474,#929,.T.);
#1884=EDGE_CURVE('',#1474,#1380,#930,.T.);
#1885=EDGE_CURVE('',#1475,#1476,#931,.F.);
#1886=EDGE_CURVE('',#1476,#1477,#932,.F.);
#1887=EDGE_CURVE('',#1478,#1477,#933,.T.);
#1888=EDGE_CURVE('',#1475,#1478,#934,.T.);
#1889=EDGE_CURVE('',#1479,#1475,#935,.T.);
#1890=EDGE_CURVE('',#1479,#1476,#936,.F.);
#1891=EDGE_CURVE('',#1480,#1477,#937,.F.);
#1892=EDGE_CURVE('',#1480,#1479,#938,.T.);
#1893=EDGE_CURVE('',#1478,#1480,#939,.T.);
#1894=EDGE_CURVE('',#1481,#1482,#940,.T.);
#1895=EDGE_CURVE('',#1483,#1481,#941,.T.);
#1896=EDGE_CURVE('',#1483,#1484,#942,.F.);
#1897=EDGE_CURVE('',#1482,#1484,#943,.T.);
#1898=EDGE_CURVE('',#1485,#1482,#944,.T.);
#1899=EDGE_CURVE('',#1481,#1485,#945,.T.);
#1900=EDGE_CURVE('',#1486,#1484,#946,.F.);
#1901=EDGE_CURVE('',#1485,#1486,#947,.T.);
#1902=EDGE_CURVE('',#1486,#1483,#948,.T.);
#1903=EDGE_CURVE('',#1487,#1488,#232,.T.);
#1904=EDGE_CURVE('',#1489,#1487,#949,.T.);
#1905=EDGE_CURVE('',#1490,#1489,#233,.T.);
#1906=EDGE_CURVE('',#1488,#1490,#950,.T.);
#1907=EDGE_CURVE('',#1491,#1492,#234,.T.);
#1908=EDGE_CURVE('',#1490,#1491,#235,.T.);
#1909=EDGE_CURVE('',#1492,#1489,#236,.T.);
#1910=EDGE_CURVE('',#1493,#1494,#237,.T.);
#1911=EDGE_CURVE('',#1491,#1493,#951,.T.);
#1912=EDGE_CURVE('',#1494,#1492,#952,.T.);
#1913=EDGE_CURVE('',#1495,#1496,#238,.T.);
#1914=EDGE_CURVE('',#1493,#1495,#239,.T.);
#1915=EDGE_CURVE('',#1496,#1494,#240,.T.);
#1916=EDGE_CURVE('',#1497,#1498,#241,.T.);
#1917=EDGE_CURVE('',#1495,#1497,#953,.T.);
#1918=EDGE_CURVE('',#1498,#1496,#954,.T.);
#1919=EDGE_CURVE('',#1499,#1500,#242,.T.);
#1920=EDGE_CURVE('',#1497,#1499,#243,.T.);
#1921=EDGE_CURVE('',#1500,#1498,#244,.T.);
#1922=EDGE_CURVE('',#1501,#1502,#245,.T.);
#1923=EDGE_CURVE('',#1499,#1501,#955,.T.);
#1924=EDGE_CURVE('',#1502,#1500,#956,.T.);
#1925=EDGE_CURVE('',#1501,#1488,#246,.T.);
#1926=EDGE_CURVE('',#1487,#1502,#247,.T.);
#1927=EDGE_CURVE('',#1503,#1495,#957,.T.);
#1928=EDGE_CURVE('',#1503,#1504,#248,.T.);
#1929=EDGE_CURVE('',#1504,#1493,#958,.T.);
#1930=EDGE_CURVE('',#1504,#1505,#959,.T.);
#1931=EDGE_CURVE('',#1505,#1491,#960,.T.);
#1932=EDGE_CURVE('',#1505,#1506,#249,.T.);
#1933=EDGE_CURVE('',#1506,#1490,#961,.T.);
#1934=EDGE_CURVE('',#1506,#1507,#962,.T.);
#1935=EDGE_CURVE('',#1507,#1488,#963,.T.);
#1936=EDGE_CURVE('',#1508,#1509,#964,.T.);
#1937=EDGE_CURVE('',#1509,#1510,#250,.T.);
#1938=EDGE_CURVE('',#1510,#1511,#965,.T.);
#1939=EDGE_CURVE('',#1511,#1512,#251,.T.);
#1940=EDGE_CURVE('',#1512,#1513,#966,.T.);
#1941=EDGE_CURVE('',#1513,#1514,#252,.T.);
#1942=EDGE_CURVE('',#1514,#1515,#967,.T.);
#1943=EDGE_CURVE('',#1515,#1508,#253,.T.);
#1944=EDGE_CURVE('',#1509,#1516,#254,.T.);
#1945=EDGE_CURVE('',#1517,#1508,#255,.T.);
#1946=EDGE_CURVE('',#1516,#1517,#968,.T.);
#1947=EDGE_CURVE('',#1518,#1515,#256,.T.);
#1948=EDGE_CURVE('',#1517,#1518,#257,.T.);
#1949=EDGE_CURVE('',#1519,#1514,#258,.T.);
#1950=EDGE_CURVE('',#1518,#1519,#969,.T.);
#1951=EDGE_CURVE('',#1520,#1513,#259,.T.);
#1952=EDGE_CURVE('',#1519,#1520,#260,.T.);
#1953=EDGE_CURVE('',#1521,#1512,#261,.T.);
#1954=EDGE_CURVE('',#1520,#1521,#970,.T.);
#1955=EDGE_CURVE('',#1522,#1511,#262,.T.);
#1956=EDGE_CURVE('',#1521,#1522,#263,.T.);
#1957=EDGE_CURVE('',#1523,#1510,#264,.T.);
#1958=EDGE_CURVE('',#1522,#1523,#971,.T.);
#1959=EDGE_CURVE('',#1523,#1516,#265,.T.);
#1960=EDGE_CURVE('',#1524,#1520,#972,.T.);
#1961=EDGE_CURVE('',#1524,#1525,#266,.T.);
#1962=EDGE_CURVE('',#1525,#1519,#973,.T.);
#1963=EDGE_CURVE('',#1525,#1526,#974,.T.);
#1964=EDGE_CURVE('',#1526,#1518,#975,.T.);
#1965=EDGE_CURVE('',#1526,#1527,#267,.T.);
#1966=EDGE_CURVE('',#1527,#1517,#976,.T.);
#1967=EDGE_CURVE('',#1527,#1528,#977,.T.);
#1968=EDGE_CURVE('',#1528,#1516,#978,.T.);
#1969=EDGE_CURVE('',#1529,#1497,#979,.T.);
#1970=EDGE_CURVE('',#1529,#1503,#980,.T.);
#1971=EDGE_CURVE('',#1530,#1499,#981,.T.);
#1972=EDGE_CURVE('',#1530,#1529,#268,.T.);
#1973=EDGE_CURVE('',#1531,#1501,#982,.T.);
#1974=EDGE_CURVE('',#1531,#1530,#983,.T.);
#1975=EDGE_CURVE('',#1507,#1531,#269,.T.);
#1976=EDGE_CURVE('',#1532,#1521,#984,.T.);
#1977=EDGE_CURVE('',#1532,#1524,#985,.T.);
#1978=EDGE_CURVE('',#1533,#1522,#986,.T.);
#1979=EDGE_CURVE('',#1533,#1532,#270,.T.);
#1980=EDGE_CURVE('',#1363,#1534,#987,.T.);
#1981=EDGE_CURVE('',#1534,#1535,#988,.T.);
#1982=EDGE_CURVE('',#1357,#1535,#989,.T.);
#1983=EDGE_CURVE('',#1362,#1536,#990,.T.);
#1984=EDGE_CURVE('',#1536,#1534,#271,.T.);
#1985=EDGE_CURVE('',#1361,#1537,#991,.T.);
#1986=EDGE_CURVE('',#1537,#1536,#992,.T.);
#1987=EDGE_CURVE('',#1360,#1538,#993,.T.);
#1988=EDGE_CURVE('',#1538,#1537,#272,.T.);
#1989=EDGE_CURVE('',#1359,#1539,#994,.T.);
#1990=EDGE_CURVE('',#1539,#1538,#995,.T.);
#1991=EDGE_CURVE('',#1358,#1540,#996,.T.);
#1992=EDGE_CURVE('',#1540,#1539,#273,.T.);
#1993=EDGE_CURVE('',#1356,#1541,#997,.T.);
#1994=EDGE_CURVE('',#1541,#1540,#998,.T.);
#1995=EDGE_CURVE('',#1535,#1541,#274,.T.);
#1996=EDGE_CURVE('',#1528,#1542,#275,.T.);
#1997=EDGE_CURVE('',#1542,#1523,#999,.T.);
#1998=EDGE_CURVE('',#1542,#1533,#1000,.T.);
#1999=EDGE_CURVE('',#1341,#1543,#1001,.T.);
#2000=EDGE_CURVE('',#1543,#1544,#1002,.T.);
#2001=EDGE_CURVE('',#1342,#1544,#1003,.T.);
#2002=EDGE_CURVE('',#1471,#1543,#276,.T.);
#2003=EDGE_CURVE('',#1322,#1545,#1004,.T.);
#2004=EDGE_CURVE('',#1545,#1472,#277,.T.);
#2005=EDGE_CURVE('',#1321,#1546,#1005,.T.);
#2006=EDGE_CURVE('',#1546,#1545,#1006,.T.);
#2007=EDGE_CURVE('',#1473,#1546,#278,.T.);
#2008=EDGE_CURVE('',#1544,#1474,#279,.T.);
#2009=EDGE_CURVE('',#1376,#1374,#280,.T.);
#2010=EDGE_CURVE('',#1547,#1547,#281,.T.);
#2011=EDGE_CURVE('',#1547,#1548,#282,.T.);
#2012=EDGE_CURVE('',#1548,#1549,#283,.T.);
#2013=EDGE_CURVE('',#1549,#1548,#284,.T.);
#2014=EDGE_CURVE('',#1550,#1550,#285,.T.);
#2015=EDGE_CURVE('',#1549,#1551,#1007,.T.);
#2016=EDGE_CURVE('',#1551,#1551,#286,.T.);
#2017=EDGE_CURVE('',#1550,#1552,#287,.T.);
#2018=EDGE_CURVE('',#1552,#1553,#288,.T.);
#2019=EDGE_CURVE('',#1553,#1552,#289,.T.);
#2020=EDGE_CURVE('',#1553,#1554,#1008,.T.);
#2021=EDGE_CURVE('',#1554,#1555,#45,.T.);
#2022=EDGE_CURVE('',#1555,#1556,#46,.T.);
#2023=EDGE_CURVE('',#1556,#1557,#47,.T.);
#2024=EDGE_CURVE('',#1557,#1558,#1009,.T.);
#2025=EDGE_CURVE('',#1558,#1558,#290,.T.);
#2026=EDGE_CURVE('',#1557,#1559,#48,.T.);
#2027=EDGE_CURVE('',#1559,#1560,#49,.T.);
#2028=EDGE_CURVE('',#1560,#1554,#50,.T.);
#2029=EDGE_CURVE('',#1561,#1562,#51,.T.);
#2030=EDGE_CURVE('',#1562,#1563,#52,.T.);
#2031=EDGE_CURVE('',#1563,#1564,#53,.T.);
#2032=EDGE_CURVE('',#1564,#1561,#54,.T.);
#2033=EDGE_CURVE('',#1565,#1566,#55,.T.);
#2034=EDGE_CURVE('',#1566,#1567,#56,.T.);
#2035=EDGE_CURVE('',#1567,#1568,#57,.T.);
#2036=EDGE_CURVE('',#1568,#1565,#58,.T.);
#2037=EDGE_CURVE('',#1569,#1569,#291,.T.);
#2038=EDGE_CURVE('',#1569,#1364,#1010,.T.);
#2039=EDGE_CURVE('',#1570,#1571,#59,.T.);
#2040=EDGE_CURVE('',#1571,#1572,#60,.T.);
#2041=EDGE_CURVE('',#1572,#1573,#61,.T.);
#2042=EDGE_CURVE('',#1573,#1570,#62,.F.);
#2043=EDGE_CURVE('',#1556,#1572,#63,.T.);
#2044=EDGE_CURVE('',#1555,#1573,#64,.F.);
#2045=EDGE_CURVE('',#1571,#1559,#65,.F.);
#2046=EDGE_CURVE('',#1560,#1570,#66,.T.);
#2047=EDGE_CURVE('',#1574,#1575,#67,.T.);
#2048=EDGE_CURVE('',#1575,#1576,#68,.T.);
#2049=EDGE_CURVE('',#1576,#1577,#69,.T.);
#2050=EDGE_CURVE('',#1577,#1574,#70,.T.);
#2051=EDGE_CURVE('',#1566,#1576,#71,.T.);
#2052=EDGE_CURVE('',#1565,#1577,#72,.F.);
#2053=EDGE_CURVE('',#1575,#1567,#73,.F.);
#2054=EDGE_CURVE('',#1568,#1574,#74,.F.);
#2055=EDGE_CURVE('',#1578,#1579,#75,.T.);
#2056=EDGE_CURVE('',#1579,#1580,#76,.T.);
#2057=EDGE_CURVE('',#1580,#1581,#77,.T.);
#2058=EDGE_CURVE('',#1581,#1578,#78,.T.);
#2059=EDGE_CURVE('',#1562,#1580,#79,.F.);
#2060=EDGE_CURVE('',#1561,#1581,#80,.F.);
#2061=EDGE_CURVE('',#1579,#1563,#81,.T.);
#2062=EDGE_CURVE('',#1564,#1578,#82,.T.);
#2063=ORIENTED_EDGE('',*,*,#1582,.F.);
#2064=ORIENTED_EDGE('',*,*,#1583,.T.);
#2065=ORIENTED_EDGE('',*,*,#1584,.F.);
#2066=ORIENTED_EDGE('',*,*,#1585,.F.);
#2067=ORIENTED_EDGE('',*,*,#1586,.F.);
#2068=ORIENTED_EDGE('',*,*,#1587,.F.);
#2069=ORIENTED_EDGE('',*,*,#1588,.T.);
#2070=ORIENTED_EDGE('',*,*,#1589,.T.);
#2071=ORIENTED_EDGE('',*,*,#1590,.F.);
#2072=ORIENTED_EDGE('',*,*,#1584,.T.);
#2073=ORIENTED_EDGE('',*,*,#1591,.T.);
#2074=ORIENTED_EDGE('',*,*,#1588,.F.);
#2075=ORIENTED_EDGE('',*,*,#1592,.F.);
#2076=ORIENTED_EDGE('',*,*,#1589,.F.);
#2077=ORIENTED_EDGE('',*,*,#1591,.F.);
#2078=ORIENTED_EDGE('',*,*,#1583,.F.);
#2079=ORIENTED_EDGE('',*,*,#1593,.F.);
#2080=ORIENTED_EDGE('',*,*,#1594,.T.);
#2081=ORIENTED_EDGE('',*,*,#1595,.T.);
#2082=ORIENTED_EDGE('',*,*,#1596,.F.);
#2083=ORIENTED_EDGE('',*,*,#1597,.F.);
#2084=ORIENTED_EDGE('',*,*,#1598,.T.);
#2085=ORIENTED_EDGE('',*,*,#1594,.F.);
#2086=ORIENTED_EDGE('',*,*,#1599,.F.);
#2087=ORIENTED_EDGE('',*,*,#1600,.F.);
#2088=ORIENTED_EDGE('',*,*,#1601,.F.);
#2089=ORIENTED_EDGE('',*,*,#1596,.T.);
#2090=ORIENTED_EDGE('',*,*,#1602,.T.);
#2091=ORIENTED_EDGE('',*,*,#1603,.F.);
#2092=ORIENTED_EDGE('',*,*,#1602,.F.);
#2093=ORIENTED_EDGE('',*,*,#1595,.F.);
#2094=ORIENTED_EDGE('',*,*,#1598,.F.);
#2095=ORIENTED_EDGE('',*,*,#1604,.F.);
#2096=ORIENTED_EDGE('',*,*,#1605,.T.);
#2097=ORIENTED_EDGE('',*,*,#1606,.F.);
#2098=ORIENTED_EDGE('',*,*,#1607,.F.);
#2099=ORIENTED_EDGE('',*,*,#1608,.F.);
#2100=ORIENTED_EDGE('',*,*,#1609,.F.);
#2101=ORIENTED_EDGE('',*,*,#1606,.T.);
#2102=ORIENTED_EDGE('',*,*,#1610,.T.);
#2103=ORIENTED_EDGE('',*,*,#1611,.F.);
#2104=ORIENTED_EDGE('',*,*,#1610,.F.);
#2105=ORIENTED_EDGE('',*,*,#1605,.F.);
#2106=ORIENTED_EDGE('',*,*,#1612,.F.);
#2107=ORIENTED_EDGE('',*,*,#1613,.T.);
#2108=ORIENTED_EDGE('',*,*,#1614,.F.);
#2109=ORIENTED_EDGE('',*,*,#1615,.F.);
#2110=ORIENTED_EDGE('',*,*,#1616,.F.);
#2111=ORIENTED_EDGE('',*,*,#1617,.F.);
#2112=ORIENTED_EDGE('',*,*,#1618,.F.);
#2113=ORIENTED_EDGE('',*,*,#1619,.F.);
#2114=ORIENTED_EDGE('',*,*,#1620,.F.);
#2115=ORIENTED_EDGE('',*,*,#1613,.F.);
#2116=ORIENTED_EDGE('',*,*,#1621,.F.);
#2117=ORIENTED_EDGE('',*,*,#1622,.F.);
#2118=ORIENTED_EDGE('',*,*,#1623,.T.);
#2119=ORIENTED_EDGE('',*,*,#1617,.T.);
#2120=ORIENTED_EDGE('',*,*,#1624,.F.);
#2121=ORIENTED_EDGE('',*,*,#1618,.T.);
#2122=ORIENTED_EDGE('',*,*,#1623,.F.);
#2123=ORIENTED_EDGE('',*,*,#1625,.F.);
#2124=ORIENTED_EDGE('',*,*,#1626,.F.);
#2125=ORIENTED_EDGE('',*,*,#1627,.F.);
#2126=ORIENTED_EDGE('',*,*,#1614,.T.);
#2127=ORIENTED_EDGE('',*,*,#1620,.T.);
#2128=ORIENTED_EDGE('',*,*,#1628,.F.);
#2129=ORIENTED_EDGE('',*,*,#1629,.T.);
#2130=ORIENTED_EDGE('',*,*,#1630,.F.);
#2131=ORIENTED_EDGE('',*,*,#1631,.F.);
#2132=ORIENTED_EDGE('',*,*,#1632,.F.);
#2133=ORIENTED_EDGE('',*,*,#1633,.F.);
#2134=ORIENTED_EDGE('',*,*,#1634,.F.);
#2135=ORIENTED_EDGE('',*,*,#1635,.F.);
#2136=ORIENTED_EDGE('',*,*,#1629,.F.);
#2137=ORIENTED_EDGE('',*,*,#1636,.F.);
#2138=ORIENTED_EDGE('',*,*,#1637,.F.);
#2139=ORIENTED_EDGE('',*,*,#1638,.T.);
#2140=ORIENTED_EDGE('',*,*,#1633,.T.);
#2141=ORIENTED_EDGE('',*,*,#1639,.F.);
#2142=ORIENTED_EDGE('',*,*,#1634,.T.);
#2143=ORIENTED_EDGE('',*,*,#1638,.F.);
#2144=ORIENTED_EDGE('',*,*,#1640,.F.);
#2145=ORIENTED_EDGE('',*,*,#1607,.T.);
#2146=ORIENTED_EDGE('',*,*,#1609,.T.);
#2147=ORIENTED_EDGE('',*,*,#1641,.T.);
#2148=ORIENTED_EDGE('',*,*,#1615,.T.);
#2149=ORIENTED_EDGE('',*,*,#1627,.T.);
#2150=ORIENTED_EDGE('',*,*,#1642,.T.);
#2151=ORIENTED_EDGE('',*,*,#1643,.F.);
#2152=ORIENTED_EDGE('',*,*,#1644,.T.);
#2153=ORIENTED_EDGE('',*,*,#1645,.F.);
#2154=ORIENTED_EDGE('',*,*,#1646,.T.);
#2155=ORIENTED_EDGE('',*,*,#1647,.F.);
#2156=ORIENTED_EDGE('',*,*,#1648,.T.);
#2157=ORIENTED_EDGE('',*,*,#1649,.F.);
#2158=ORIENTED_EDGE('',*,*,#1650,.T.);
#2159=ORIENTED_EDGE('',*,*,#1651,.F.);
#2160=ORIENTED_EDGE('',*,*,#1652,.T.);
#2161=ORIENTED_EDGE('',*,*,#1653,.F.);
#2162=ORIENTED_EDGE('',*,*,#1654,.F.);
#2163=ORIENTED_EDGE('',*,*,#1655,.T.);
#2164=ORIENTED_EDGE('',*,*,#1656,.F.);
#2165=ORIENTED_EDGE('',*,*,#1657,.T.);
#2166=ORIENTED_EDGE('',*,*,#1658,.F.);
#2167=ORIENTED_EDGE('',*,*,#1659,.T.);
#2168=ORIENTED_EDGE('',*,*,#1660,.F.);
#2169=ORIENTED_EDGE('',*,*,#1661,.T.);
#2170=ORIENTED_EDGE('',*,*,#1662,.F.);
#2171=ORIENTED_EDGE('',*,*,#1663,.F.);
#2172=ORIENTED_EDGE('',*,*,#1664,.F.);
#2173=ORIENTED_EDGE('',*,*,#1665,.F.);
#2174=ORIENTED_EDGE('',*,*,#1666,.T.);
#2175=ORIENTED_EDGE('',*,*,#1667,.F.);
#2176=ORIENTED_EDGE('',*,*,#1668,.T.);
#2177=ORIENTED_EDGE('',*,*,#1669,.F.);
#2178=ORIENTED_EDGE('',*,*,#1670,.T.);
#2179=ORIENTED_EDGE('',*,*,#1671,.F.);
#2180=ORIENTED_EDGE('',*,*,#1672,.F.);
#2181=ORIENTED_EDGE('',*,*,#1673,.F.);
#2182=ORIENTED_EDGE('',*,*,#1674,.T.);
#2183=ORIENTED_EDGE('',*,*,#1640,.T.);
#2184=ORIENTED_EDGE('',*,*,#1637,.T.);
#2185=ORIENTED_EDGE('',*,*,#1675,.T.);
#2186=ORIENTED_EDGE('',*,*,#1676,.T.);
#2187=ORIENTED_EDGE('',*,*,#1677,.T.);
#2188=ORIENTED_EDGE('',*,*,#1678,.T.);
#2189=ORIENTED_EDGE('',*,*,#1679,.T.);
#2190=ORIENTED_EDGE('',*,*,#1680,.T.);
#2191=ORIENTED_EDGE('',*,*,#1681,.T.);
#2192=ORIENTED_EDGE('',*,*,#1682,.T.);
#2193=ORIENTED_EDGE('',*,*,#1683,.T.);
#2194=ORIENTED_EDGE('',*,*,#1684,.F.);
#2195=ORIENTED_EDGE('',*,*,#1685,.F.);
#2196=ORIENTED_EDGE('',*,*,#1686,.F.);
#2197=ORIENTED_EDGE('',*,*,#1687,.F.);
#2198=ORIENTED_EDGE('',*,*,#1688,.F.);
#2199=ORIENTED_EDGE('',*,*,#1689,.F.);
#2200=ORIENTED_EDGE('',*,*,#1690,.F.);
#2201=ORIENTED_EDGE('',*,*,#1691,.F.);
#2202=ORIENTED_EDGE('',*,*,#1585,.T.);
#2203=ORIENTED_EDGE('',*,*,#1590,.T.);
#2204=ORIENTED_EDGE('',*,*,#1587,.T.);
#2205=ORIENTED_EDGE('',*,*,#1692,.T.);
#2206=ORIENTED_EDGE('',*,*,#1693,.T.);
#2207=ORIENTED_EDGE('',*,*,#1631,.T.);
#2208=ORIENTED_EDGE('',*,*,#1694,.T.);
#2209=ORIENTED_EDGE('',*,*,#1599,.T.);
#2210=ORIENTED_EDGE('',*,*,#1593,.T.);
#2211=ORIENTED_EDGE('',*,*,#1601,.T.);
#2212=ORIENTED_EDGE('',*,*,#1695,.T.);
#2213=ORIENTED_EDGE('',*,*,#1625,.T.);
#2214=ORIENTED_EDGE('',*,*,#1622,.T.);
#2215=ORIENTED_EDGE('',*,*,#1696,.T.);
#2216=ORIENTED_EDGE('',*,*,#1697,.T.);
#2217=ORIENTED_EDGE('',*,*,#1698,.T.);
#2218=ORIENTED_EDGE('',*,*,#1699,.T.);
#2219=ORIENTED_EDGE('',*,*,#1700,.T.);
#2220=ORIENTED_EDGE('',*,*,#1699,.F.);
#2221=ORIENTED_EDGE('',*,*,#1701,.F.);
#2222=ORIENTED_EDGE('',*,*,#1702,.F.);
#2223=ORIENTED_EDGE('',*,*,#1703,.T.);
#2224=ORIENTED_EDGE('',*,*,#1698,.F.);
#2225=ORIENTED_EDGE('',*,*,#1704,.T.);
#2226=ORIENTED_EDGE('',*,*,#1705,.F.);
#2227=ORIENTED_EDGE('',*,*,#1701,.T.);
#2228=ORIENTED_EDGE('',*,*,#1697,.F.);
#2229=ORIENTED_EDGE('',*,*,#1706,.F.);
#2230=ORIENTED_EDGE('',*,*,#1707,.F.);
#2231=ORIENTED_EDGE('',*,*,#1704,.F.);
#2232=ORIENTED_EDGE('',*,*,#1700,.F.);
#2233=ORIENTED_EDGE('',*,*,#1703,.F.);
#2234=ORIENTED_EDGE('',*,*,#1708,.F.);
#2235=ORIENTED_EDGE('',*,*,#1706,.T.);
#2236=ORIENTED_EDGE('',*,*,#1673,.T.);
#2237=ORIENTED_EDGE('',*,*,#1709,.T.);
#2238=ORIENTED_EDGE('',*,*,#1710,.T.);
#2239=ORIENTED_EDGE('',*,*,#1711,.T.);
#2240=ORIENTED_EDGE('',*,*,#1709,.F.);
#2241=ORIENTED_EDGE('',*,*,#1672,.T.);
#2242=ORIENTED_EDGE('',*,*,#1712,.F.);
#2243=ORIENTED_EDGE('',*,*,#1713,.T.);
#2244=ORIENTED_EDGE('',*,*,#1714,.T.);
#2245=ORIENTED_EDGE('',*,*,#1715,.T.);
#2246=ORIENTED_EDGE('',*,*,#1643,.T.);
#2247=ORIENTED_EDGE('',*,*,#1716,.T.);
#2248=ORIENTED_EDGE('',*,*,#1715,.F.);
#2249=ORIENTED_EDGE('',*,*,#1717,.T.);
#2250=ORIENTED_EDGE('',*,*,#1718,.F.);
#2251=ORIENTED_EDGE('',*,*,#1644,.F.);
#2252=ORIENTED_EDGE('',*,*,#1645,.T.);
#2253=ORIENTED_EDGE('',*,*,#1718,.T.);
#2254=ORIENTED_EDGE('',*,*,#1719,.T.);
#2255=ORIENTED_EDGE('',*,*,#1720,.T.);
#2256=ORIENTED_EDGE('',*,*,#1721,.T.);
#2257=ORIENTED_EDGE('',*,*,#1712,.T.);
#2258=ORIENTED_EDGE('',*,*,#1671,.T.);
#2259=ORIENTED_EDGE('',*,*,#1722,.T.);
#2260=ORIENTED_EDGE('',*,*,#1665,.T.);
#2261=ORIENTED_EDGE('',*,*,#1723,.T.);
#2262=ORIENTED_EDGE('',*,*,#1724,.T.);
#2263=ORIENTED_EDGE('',*,*,#1725,.T.);
#2264=ORIENTED_EDGE('',*,*,#1723,.F.);
#2265=ORIENTED_EDGE('',*,*,#1664,.T.);
#2266=ORIENTED_EDGE('',*,*,#1726,.F.);
#2267=ORIENTED_EDGE('',*,*,#1727,.T.);
#2268=ORIENTED_EDGE('',*,*,#1728,.T.);
#2269=ORIENTED_EDGE('',*,*,#1729,.T.);
#2270=ORIENTED_EDGE('',*,*,#1651,.T.);
#2271=ORIENTED_EDGE('',*,*,#1730,.T.);
#2272=ORIENTED_EDGE('',*,*,#1729,.F.);
#2273=ORIENTED_EDGE('',*,*,#1731,.T.);
#2274=ORIENTED_EDGE('',*,*,#1732,.F.);
#2275=ORIENTED_EDGE('',*,*,#1652,.F.);
#2276=ORIENTED_EDGE('',*,*,#1653,.T.);
#2277=ORIENTED_EDGE('',*,*,#1732,.T.);
#2278=ORIENTED_EDGE('',*,*,#1733,.T.);
#2279=ORIENTED_EDGE('',*,*,#1734,.T.);
#2280=ORIENTED_EDGE('',*,*,#1735,.T.);
#2281=ORIENTED_EDGE('',*,*,#1726,.T.);
#2282=ORIENTED_EDGE('',*,*,#1663,.T.);
#2283=ORIENTED_EDGE('',*,*,#1736,.T.);
#2284=ORIENTED_EDGE('',*,*,#1734,.F.);
#2285=ORIENTED_EDGE('',*,*,#1737,.F.);
#2286=ORIENTED_EDGE('',*,*,#1738,.F.);
#2287=ORIENTED_EDGE('',*,*,#1654,.T.);
#2288=ORIENTED_EDGE('',*,*,#1736,.F.);
#2289=ORIENTED_EDGE('',*,*,#1662,.T.);
#2290=ORIENTED_EDGE('',*,*,#1739,.T.);
#2291=ORIENTED_EDGE('',*,*,#1740,.F.);
#2292=ORIENTED_EDGE('',*,*,#1741,.T.);
#2293=ORIENTED_EDGE('',*,*,#1742,.T.);
#2294=ORIENTED_EDGE('',*,*,#1743,.F.);
#2295=ORIENTED_EDGE('',*,*,#1744,.F.);
#2296=ORIENTED_EDGE('',*,*,#1741,.F.);
#2297=ORIENTED_EDGE('',*,*,#1745,.F.);
#2298=ORIENTED_EDGE('',*,*,#1746,.T.);
#2299=ORIENTED_EDGE('',*,*,#1747,.T.);
#2300=ORIENTED_EDGE('',*,*,#1742,.F.);
#2301=ORIENTED_EDGE('',*,*,#1746,.F.);
#2302=ORIENTED_EDGE('',*,*,#1748,.F.);
#2303=ORIENTED_EDGE('',*,*,#1747,.F.);
#2304=ORIENTED_EDGE('',*,*,#1749,.F.);
#2305=ORIENTED_EDGE('',*,*,#1743,.T.);
#2306=ORIENTED_EDGE('',*,*,#1750,.F.);
#2307=ORIENTED_EDGE('',*,*,#1751,.T.);
#2308=ORIENTED_EDGE('',*,*,#1752,.F.);
#2309=ORIENTED_EDGE('',*,*,#1753,.F.);
#2310=ORIENTED_EDGE('',*,*,#1754,.T.);
#2311=ORIENTED_EDGE('',*,*,#1755,.T.);
#2312=ORIENTED_EDGE('',*,*,#1756,.T.);
#2313=ORIENTED_EDGE('',*,*,#1757,.F.);
#2314=ORIENTED_EDGE('',*,*,#1758,.F.);
#2315=ORIENTED_EDGE('',*,*,#1759,.T.);
#2316=ORIENTED_EDGE('',*,*,#1754,.F.);
#2317=ORIENTED_EDGE('',*,*,#1760,.F.);
#2318=ORIENTED_EDGE('',*,*,#1761,.T.);
#2319=ORIENTED_EDGE('',*,*,#1762,.T.);
#2320=ORIENTED_EDGE('',*,*,#1763,.F.);
#2321=ORIENTED_EDGE('',*,*,#1764,.F.);
#2322=ORIENTED_EDGE('',*,*,#1761,.F.);
#2323=ORIENTED_EDGE('',*,*,#1765,.F.);
#2324=ORIENTED_EDGE('',*,*,#1766,.T.);
#2325=ORIENTED_EDGE('',*,*,#1767,.T.);
#2326=ORIENTED_EDGE('',*,*,#1762,.F.);
#2327=ORIENTED_EDGE('',*,*,#1766,.F.);
#2328=ORIENTED_EDGE('',*,*,#1768,.F.);
#2329=ORIENTED_EDGE('',*,*,#1767,.F.);
#2330=ORIENTED_EDGE('',*,*,#1769,.F.);
#2331=ORIENTED_EDGE('',*,*,#1763,.T.);
#2332=ORIENTED_EDGE('',*,*,#1770,.F.);
#2333=ORIENTED_EDGE('',*,*,#1771,.F.);
#2334=ORIENTED_EDGE('',*,*,#1772,.T.);
#2335=ORIENTED_EDGE('',*,*,#1773,.F.);
#2336=ORIENTED_EDGE('',*,*,#1770,.T.);
#2337=ORIENTED_EDGE('',*,*,#1774,.F.);
#2338=ORIENTED_EDGE('',*,*,#1775,.F.);
#2339=ORIENTED_EDGE('',*,*,#1776,.F.);
#2340=ORIENTED_EDGE('',*,*,#1777,.F.);
#2341=ORIENTED_EDGE('',*,*,#1774,.T.);
#2342=ORIENTED_EDGE('',*,*,#1773,.T.);
#2343=ORIENTED_EDGE('',*,*,#1776,.T.);
#2344=ORIENTED_EDGE('',*,*,#1772,.F.);
#2345=ORIENTED_EDGE('',*,*,#1778,.F.);
#2346=ORIENTED_EDGE('',*,*,#1779,.T.);
#2347=ORIENTED_EDGE('',*,*,#1780,.T.);
#2348=ORIENTED_EDGE('',*,*,#1781,.T.);
#2349=ORIENTED_EDGE('',*,*,#1782,.T.);
#2350=ORIENTED_EDGE('',*,*,#1783,.T.);
#2351=ORIENTED_EDGE('',*,*,#1784,.T.);
#2352=ORIENTED_EDGE('',*,*,#1782,.F.);
#2353=ORIENTED_EDGE('',*,*,#1785,.T.);
#2354=ORIENTED_EDGE('',*,*,#1786,.T.);
#2355=ORIENTED_EDGE('',*,*,#1787,.T.);
#2356=ORIENTED_EDGE('',*,*,#1783,.F.);
#2357=ORIENTED_EDGE('',*,*,#1788,.T.);
#2358=ORIENTED_EDGE('',*,*,#1757,.T.);
#2359=ORIENTED_EDGE('',*,*,#1789,.T.);
#2360=ORIENTED_EDGE('',*,*,#1786,.F.);
#2361=ORIENTED_EDGE('',*,*,#1790,.T.);
#2362=ORIENTED_EDGE('',*,*,#1791,.T.);
#2363=ORIENTED_EDGE('',*,*,#1792,.T.);
#2364=ORIENTED_EDGE('',*,*,#1755,.F.);
#2365=ORIENTED_EDGE('',*,*,#1793,.T.);
#2366=ORIENTED_EDGE('',*,*,#1794,.T.);
#2367=ORIENTED_EDGE('',*,*,#1795,.T.);
#2368=ORIENTED_EDGE('',*,*,#1791,.F.);
#2369=ORIENTED_EDGE('',*,*,#1752,.T.);
#2370=ORIENTED_EDGE('',*,*,#1780,.F.);
#2371=ORIENTED_EDGE('',*,*,#1796,.T.);
#2372=ORIENTED_EDGE('',*,*,#1794,.F.);
#2373=ORIENTED_EDGE('',*,*,#1797,.T.);
#2374=ORIENTED_EDGE('',*,*,#1790,.F.);
#2375=ORIENTED_EDGE('',*,*,#1798,.F.);
#2376=ORIENTED_EDGE('',*,*,#1799,.F.);
#2377=ORIENTED_EDGE('',*,*,#1760,.T.);
#2378=ORIENTED_EDGE('',*,*,#1788,.F.);
#2379=ORIENTED_EDGE('',*,*,#1800,.F.);
#2380=ORIENTED_EDGE('',*,*,#1801,.F.);
#2381=ORIENTED_EDGE('',*,*,#1798,.T.);
#2382=ORIENTED_EDGE('',*,*,#1785,.F.);
#2383=ORIENTED_EDGE('',*,*,#1802,.F.);
#2384=ORIENTED_EDGE('',*,*,#1803,.F.);
#2385=ORIENTED_EDGE('',*,*,#1800,.T.);
#2386=ORIENTED_EDGE('',*,*,#1781,.F.);
#2387=ORIENTED_EDGE('',*,*,#1804,.F.);
#2388=ORIENTED_EDGE('',*,*,#1805,.F.);
#2389=ORIENTED_EDGE('',*,*,#1802,.T.);
#2390=ORIENTED_EDGE('',*,*,#1806,.F.);
#2391=ORIENTED_EDGE('',*,*,#1807,.F.);
#2392=ORIENTED_EDGE('',*,*,#1808,.F.);
#2393=ORIENTED_EDGE('',*,*,#1809,.F.);
#2394=ORIENTED_EDGE('',*,*,#1810,.F.);
#2395=ORIENTED_EDGE('',*,*,#1811,.F.);
#2396=ORIENTED_EDGE('',*,*,#1812,.F.);
#2397=ORIENTED_EDGE('',*,*,#1813,.F.);
#2398=ORIENTED_EDGE('',*,*,#1756,.F.);
#2399=ORIENTED_EDGE('',*,*,#1792,.F.);
#2400=ORIENTED_EDGE('',*,*,#1795,.F.);
#2401=ORIENTED_EDGE('',*,*,#1796,.F.);
#2402=ORIENTED_EDGE('',*,*,#1779,.F.);
#2403=ORIENTED_EDGE('',*,*,#1784,.F.);
#2404=ORIENTED_EDGE('',*,*,#1787,.F.);
#2405=ORIENTED_EDGE('',*,*,#1789,.F.);
#2406=ORIENTED_EDGE('',*,*,#1814,.T.);
#2407=ORIENTED_EDGE('',*,*,#1815,.T.);
#2408=ORIENTED_EDGE('',*,*,#1816,.T.);
#2409=ORIENTED_EDGE('',*,*,#1812,.T.);
#2410=ORIENTED_EDGE('',*,*,#1817,.T.);
#2411=ORIENTED_EDGE('',*,*,#1813,.T.);
#2412=ORIENTED_EDGE('',*,*,#1816,.F.);
#2413=ORIENTED_EDGE('',*,*,#1818,.T.);
#2414=ORIENTED_EDGE('',*,*,#1819,.T.);
#2415=ORIENTED_EDGE('',*,*,#1806,.T.);
#2416=ORIENTED_EDGE('',*,*,#1817,.F.);
#2417=ORIENTED_EDGE('',*,*,#1820,.T.);
#2418=ORIENTED_EDGE('',*,*,#1821,.T.);
#2419=ORIENTED_EDGE('',*,*,#1807,.T.);
#2420=ORIENTED_EDGE('',*,*,#1819,.F.);
#2421=ORIENTED_EDGE('',*,*,#1822,.T.);
#2422=ORIENTED_EDGE('',*,*,#1823,.T.);
#2423=ORIENTED_EDGE('',*,*,#1808,.T.);
#2424=ORIENTED_EDGE('',*,*,#1821,.F.);
#2425=ORIENTED_EDGE('',*,*,#1824,.T.);
#2426=ORIENTED_EDGE('',*,*,#1825,.T.);
#2427=ORIENTED_EDGE('',*,*,#1809,.T.);
#2428=ORIENTED_EDGE('',*,*,#1823,.F.);
#2429=ORIENTED_EDGE('',*,*,#1826,.T.);
#2430=ORIENTED_EDGE('',*,*,#1827,.T.);
#2431=ORIENTED_EDGE('',*,*,#1810,.T.);
#2432=ORIENTED_EDGE('',*,*,#1825,.F.);
#2433=ORIENTED_EDGE('',*,*,#1828,.T.);
#2434=ORIENTED_EDGE('',*,*,#1814,.F.);
#2435=ORIENTED_EDGE('',*,*,#1811,.T.);
#2436=ORIENTED_EDGE('',*,*,#1827,.F.);
#2437=ORIENTED_EDGE('',*,*,#1829,.T.);
#2438=ORIENTED_EDGE('',*,*,#1822,.F.);
#2439=ORIENTED_EDGE('',*,*,#1830,.F.);
#2440=ORIENTED_EDGE('',*,*,#1831,.F.);
#2441=ORIENTED_EDGE('',*,*,#1832,.T.);
#2442=ORIENTED_EDGE('',*,*,#1820,.F.);
#2443=ORIENTED_EDGE('',*,*,#1833,.F.);
#2444=ORIENTED_EDGE('',*,*,#1834,.F.);
#2445=ORIENTED_EDGE('',*,*,#1830,.T.);
#2446=ORIENTED_EDGE('',*,*,#1764,.T.);
#2447=ORIENTED_EDGE('',*,*,#1769,.T.);
#2448=ORIENTED_EDGE('',*,*,#1768,.T.);
#2449=ORIENTED_EDGE('',*,*,#1765,.T.);
#2450=ORIENTED_EDGE('',*,*,#1818,.F.);
#2451=ORIENTED_EDGE('',*,*,#1835,.F.);
#2452=ORIENTED_EDGE('',*,*,#1836,.F.);
#2453=ORIENTED_EDGE('',*,*,#1833,.T.);
#2454=ORIENTED_EDGE('',*,*,#1815,.F.);
#2455=ORIENTED_EDGE('',*,*,#1837,.F.);
#2456=ORIENTED_EDGE('',*,*,#1838,.F.);
#2457=ORIENTED_EDGE('',*,*,#1835,.T.);
#2458=ORIENTED_EDGE('',*,*,#1744,.T.);
#2459=ORIENTED_EDGE('',*,*,#1749,.T.);
#2460=ORIENTED_EDGE('',*,*,#1748,.T.);
#2461=ORIENTED_EDGE('',*,*,#1745,.T.);
#2462=ORIENTED_EDGE('',*,*,#1793,.F.);
#2463=ORIENTED_EDGE('',*,*,#1759,.F.);
#2464=ORIENTED_EDGE('',*,*,#1839,.F.);
#2465=ORIENTED_EDGE('',*,*,#1753,.T.);
#2466=ORIENTED_EDGE('',*,*,#1797,.F.);
#2467=ORIENTED_EDGE('',*,*,#1751,.F.);
#2468=ORIENTED_EDGE('',*,*,#1840,.F.);
#2469=ORIENTED_EDGE('',*,*,#1804,.T.);
#2470=ORIENTED_EDGE('',*,*,#1824,.F.);
#2471=ORIENTED_EDGE('',*,*,#1832,.F.);
#2472=ORIENTED_EDGE('',*,*,#1841,.F.);
#2473=ORIENTED_EDGE('',*,*,#1842,.T.);
#2474=ORIENTED_EDGE('',*,*,#1826,.F.);
#2475=ORIENTED_EDGE('',*,*,#1842,.F.);
#2476=ORIENTED_EDGE('',*,*,#1843,.F.);
#2477=ORIENTED_EDGE('',*,*,#1844,.T.);
#2478=ORIENTED_EDGE('',*,*,#1845,.F.);
#2479=ORIENTED_EDGE('',*,*,#1846,.F.);
#2480=ORIENTED_EDGE('',*,*,#1677,.F.);
#2481=ORIENTED_EDGE('',*,*,#1847,.T.);
#2482=ORIENTED_EDGE('',*,*,#1678,.F.);
#2483=ORIENTED_EDGE('',*,*,#1846,.T.);
#2484=ORIENTED_EDGE('',*,*,#1848,.F.);
#2485=ORIENTED_EDGE('',*,*,#1849,.F.);
#2486=ORIENTED_EDGE('',*,*,#1679,.F.);
#2487=ORIENTED_EDGE('',*,*,#1849,.T.);
#2488=ORIENTED_EDGE('',*,*,#1850,.F.);
#2489=ORIENTED_EDGE('',*,*,#1851,.F.);
#2490=ORIENTED_EDGE('',*,*,#1680,.F.);
#2491=ORIENTED_EDGE('',*,*,#1851,.T.);
#2492=ORIENTED_EDGE('',*,*,#1852,.F.);
#2493=ORIENTED_EDGE('',*,*,#1853,.F.);
#2494=ORIENTED_EDGE('',*,*,#1681,.F.);
#2495=ORIENTED_EDGE('',*,*,#1853,.T.);
#2496=ORIENTED_EDGE('',*,*,#1854,.F.);
#2497=ORIENTED_EDGE('',*,*,#1855,.F.);
#2498=ORIENTED_EDGE('',*,*,#1682,.F.);
#2499=ORIENTED_EDGE('',*,*,#1855,.T.);
#2500=ORIENTED_EDGE('',*,*,#1856,.F.);
#2501=ORIENTED_EDGE('',*,*,#1857,.F.);
#2502=ORIENTED_EDGE('',*,*,#1858,.F.);
#2503=ORIENTED_EDGE('',*,*,#1859,.F.);
#2504=ORIENTED_EDGE('',*,*,#1683,.F.);
#2505=ORIENTED_EDGE('',*,*,#1857,.T.);
#2506=ORIENTED_EDGE('',*,*,#1676,.F.);
#2507=ORIENTED_EDGE('',*,*,#1859,.T.);
#2508=ORIENTED_EDGE('',*,*,#1860,.F.);
#2509=ORIENTED_EDGE('',*,*,#1847,.F.);
#2510=ORIENTED_EDGE('',*,*,#1829,.F.);
#2511=ORIENTED_EDGE('',*,*,#1861,.F.);
#2512=ORIENTED_EDGE('',*,*,#1862,.F.);
#2513=ORIENTED_EDGE('',*,*,#1837,.T.);
#2514=ORIENTED_EDGE('',*,*,#1828,.F.);
#2515=ORIENTED_EDGE('',*,*,#1844,.F.);
#2516=ORIENTED_EDGE('',*,*,#1863,.F.);
#2517=ORIENTED_EDGE('',*,*,#1861,.T.);
#2518=ORIENTED_EDGE('',*,*,#1771,.T.);
#2519=ORIENTED_EDGE('',*,*,#1775,.T.);
#2520=ORIENTED_EDGE('',*,*,#1777,.T.);
#2521=ORIENTED_EDGE('',*,*,#1778,.T.);
#2522=ORIENTED_EDGE('',*,*,#1750,.T.);
#2523=ORIENTED_EDGE('',*,*,#1839,.T.);
#2524=ORIENTED_EDGE('',*,*,#1758,.T.);
#2525=ORIENTED_EDGE('',*,*,#1799,.T.);
#2526=ORIENTED_EDGE('',*,*,#1801,.T.);
#2527=ORIENTED_EDGE('',*,*,#1803,.T.);
#2528=ORIENTED_EDGE('',*,*,#1805,.T.);
#2529=ORIENTED_EDGE('',*,*,#1840,.T.);
#2530=ORIENTED_EDGE('',*,*,#1845,.T.);
#2531=ORIENTED_EDGE('',*,*,#1860,.T.);
#2532=ORIENTED_EDGE('',*,*,#1858,.T.);
#2533=ORIENTED_EDGE('',*,*,#1856,.T.);
#2534=ORIENTED_EDGE('',*,*,#1854,.T.);
#2535=ORIENTED_EDGE('',*,*,#1852,.T.);
#2536=ORIENTED_EDGE('',*,*,#1850,.T.);
#2537=ORIENTED_EDGE('',*,*,#1848,.T.);
#2538=ORIENTED_EDGE('',*,*,#1660,.T.);
#2539=ORIENTED_EDGE('',*,*,#1864,.T.);
#2540=ORIENTED_EDGE('',*,*,#1865,.F.);
#2541=ORIENTED_EDGE('',*,*,#1866,.F.);
#2542=ORIENTED_EDGE('',*,*,#1661,.F.);
#2543=ORIENTED_EDGE('',*,*,#1866,.T.);
#2544=ORIENTED_EDGE('',*,*,#1867,.F.);
#2545=ORIENTED_EDGE('',*,*,#1739,.F.);
#2546=ORIENTED_EDGE('',*,*,#1655,.F.);
#2547=ORIENTED_EDGE('',*,*,#1738,.T.);
#2548=ORIENTED_EDGE('',*,*,#1868,.F.);
#2549=ORIENTED_EDGE('',*,*,#1869,.F.);
#2550=ORIENTED_EDGE('',*,*,#1656,.T.);
#2551=ORIENTED_EDGE('',*,*,#1869,.T.);
#2552=ORIENTED_EDGE('',*,*,#1870,.F.);
#2553=ORIENTED_EDGE('',*,*,#1871,.F.);
#2554=ORIENTED_EDGE('',*,*,#1657,.F.);
#2555=ORIENTED_EDGE('',*,*,#1871,.T.);
#2556=ORIENTED_EDGE('',*,*,#1872,.F.);
#2557=ORIENTED_EDGE('',*,*,#1873,.F.);
#2558=ORIENTED_EDGE('',*,*,#1658,.T.);
#2559=ORIENTED_EDGE('',*,*,#1873,.T.);
#2560=ORIENTED_EDGE('',*,*,#1874,.F.);
#2561=ORIENTED_EDGE('',*,*,#1875,.F.);
#2562=ORIENTED_EDGE('',*,*,#1659,.F.);
#2563=ORIENTED_EDGE('',*,*,#1875,.T.);
#2564=ORIENTED_EDGE('',*,*,#1876,.F.);
#2565=ORIENTED_EDGE('',*,*,#1864,.F.);
#2566=ORIENTED_EDGE('',*,*,#1725,.F.);
#2567=ORIENTED_EDGE('',*,*,#1877,.T.);
#2568=ORIENTED_EDGE('',*,*,#1878,.F.);
#2569=ORIENTED_EDGE('',*,*,#1666,.F.);
#2570=ORIENTED_EDGE('',*,*,#1730,.F.);
#2571=ORIENTED_EDGE('',*,*,#1650,.F.);
#2572=ORIENTED_EDGE('',*,*,#1879,.T.);
#2573=ORIENTED_EDGE('',*,*,#1880,.T.);
#2574=ORIENTED_EDGE('',*,*,#1720,.F.);
#2575=ORIENTED_EDGE('',*,*,#1881,.T.);
#2576=ORIENTED_EDGE('',*,*,#1882,.F.);
#2577=ORIENTED_EDGE('',*,*,#1646,.F.);
#2578=ORIENTED_EDGE('',*,*,#1722,.F.);
#2579=ORIENTED_EDGE('',*,*,#1670,.F.);
#2580=ORIENTED_EDGE('',*,*,#1883,.T.);
#2581=ORIENTED_EDGE('',*,*,#1884,.T.);
#2582=ORIENTED_EDGE('',*,*,#1885,.T.);
#2583=ORIENTED_EDGE('',*,*,#1886,.T.);
#2584=ORIENTED_EDGE('',*,*,#1887,.F.);
#2585=ORIENTED_EDGE('',*,*,#1888,.F.);
#2586=ORIENTED_EDGE('',*,*,#1885,.F.);
#2587=ORIENTED_EDGE('',*,*,#1889,.F.);
#2588=ORIENTED_EDGE('',*,*,#1890,.T.);
#2589=ORIENTED_EDGE('',*,*,#1891,.T.);
#2590=ORIENTED_EDGE('',*,*,#1886,.F.);
#2591=ORIENTED_EDGE('',*,*,#1890,.F.);
#2592=ORIENTED_EDGE('',*,*,#1892,.F.);
#2593=ORIENTED_EDGE('',*,*,#1891,.F.);
#2594=ORIENTED_EDGE('',*,*,#1893,.F.);
#2595=ORIENTED_EDGE('',*,*,#1887,.T.);
#2596=ORIENTED_EDGE('',*,*,#1894,.F.);
#2597=ORIENTED_EDGE('',*,*,#1895,.F.);
#2598=ORIENTED_EDGE('',*,*,#1896,.T.);
#2599=ORIENTED_EDGE('',*,*,#1897,.F.);
#2600=ORIENTED_EDGE('',*,*,#1894,.T.);
#2601=ORIENTED_EDGE('',*,*,#1898,.F.);
#2602=ORIENTED_EDGE('',*,*,#1899,.F.);
#2603=ORIENTED_EDGE('',*,*,#1900,.F.);
#2604=ORIENTED_EDGE('',*,*,#1901,.F.);
#2605=ORIENTED_EDGE('',*,*,#1898,.T.);
#2606=ORIENTED_EDGE('',*,*,#1897,.T.);
#2607=ORIENTED_EDGE('',*,*,#1900,.T.);
#2608=ORIENTED_EDGE('',*,*,#1896,.F.);
#2609=ORIENTED_EDGE('',*,*,#1902,.F.);
#2610=ORIENTED_EDGE('',*,*,#1903,.F.);
#2611=ORIENTED_EDGE('',*,*,#1904,.F.);
#2612=ORIENTED_EDGE('',*,*,#1905,.F.);
#2613=ORIENTED_EDGE('',*,*,#1906,.F.);
#2614=ORIENTED_EDGE('',*,*,#1907,.F.);
#2615=ORIENTED_EDGE('',*,*,#1908,.F.);
#2616=ORIENTED_EDGE('',*,*,#1905,.T.);
#2617=ORIENTED_EDGE('',*,*,#1909,.F.);
#2618=ORIENTED_EDGE('',*,*,#1910,.F.);
#2619=ORIENTED_EDGE('',*,*,#1911,.F.);
#2620=ORIENTED_EDGE('',*,*,#1907,.T.);
#2621=ORIENTED_EDGE('',*,*,#1912,.F.);
#2622=ORIENTED_EDGE('',*,*,#1913,.F.);
#2623=ORIENTED_EDGE('',*,*,#1914,.F.);
#2624=ORIENTED_EDGE('',*,*,#1910,.T.);
#2625=ORIENTED_EDGE('',*,*,#1915,.F.);
#2626=ORIENTED_EDGE('',*,*,#1916,.F.);
#2627=ORIENTED_EDGE('',*,*,#1917,.F.);
#2628=ORIENTED_EDGE('',*,*,#1913,.T.);
#2629=ORIENTED_EDGE('',*,*,#1918,.F.);
#2630=ORIENTED_EDGE('',*,*,#1919,.F.);
#2631=ORIENTED_EDGE('',*,*,#1920,.F.);
#2632=ORIENTED_EDGE('',*,*,#1916,.T.);
#2633=ORIENTED_EDGE('',*,*,#1921,.F.);
#2634=ORIENTED_EDGE('',*,*,#1922,.F.);
#2635=ORIENTED_EDGE('',*,*,#1923,.F.);
#2636=ORIENTED_EDGE('',*,*,#1919,.T.);
#2637=ORIENTED_EDGE('',*,*,#1924,.F.);
#2638=ORIENTED_EDGE('',*,*,#1903,.T.);
#2639=ORIENTED_EDGE('',*,*,#1925,.F.);
#2640=ORIENTED_EDGE('',*,*,#1922,.T.);
#2641=ORIENTED_EDGE('',*,*,#1926,.F.);
#2642=ORIENTED_EDGE('',*,*,#1914,.T.);
#2643=ORIENTED_EDGE('',*,*,#1927,.F.);
#2644=ORIENTED_EDGE('',*,*,#1928,.T.);
#2645=ORIENTED_EDGE('',*,*,#1929,.T.);
#2646=ORIENTED_EDGE('',*,*,#1911,.T.);
#2647=ORIENTED_EDGE('',*,*,#1929,.F.);
#2648=ORIENTED_EDGE('',*,*,#1930,.T.);
#2649=ORIENTED_EDGE('',*,*,#1931,.T.);
#2650=ORIENTED_EDGE('',*,*,#1908,.T.);
#2651=ORIENTED_EDGE('',*,*,#1931,.F.);
#2652=ORIENTED_EDGE('',*,*,#1932,.T.);
#2653=ORIENTED_EDGE('',*,*,#1933,.T.);
#2654=ORIENTED_EDGE('',*,*,#1906,.T.);
#2655=ORIENTED_EDGE('',*,*,#1933,.F.);
#2656=ORIENTED_EDGE('',*,*,#1934,.T.);
#2657=ORIENTED_EDGE('',*,*,#1935,.T.);
#2658=ORIENTED_EDGE('',*,*,#1936,.T.);
#2659=ORIENTED_EDGE('',*,*,#1937,.T.);
#2660=ORIENTED_EDGE('',*,*,#1938,.T.);
#2661=ORIENTED_EDGE('',*,*,#1939,.T.);
#2662=ORIENTED_EDGE('',*,*,#1940,.T.);
#2663=ORIENTED_EDGE('',*,*,#1941,.T.);
#2664=ORIENTED_EDGE('',*,*,#1942,.T.);
#2665=ORIENTED_EDGE('',*,*,#1943,.T.);
#2666=ORIENTED_EDGE('',*,*,#1904,.T.);
#2667=ORIENTED_EDGE('',*,*,#1926,.T.);
#2668=ORIENTED_EDGE('',*,*,#1924,.T.);
#2669=ORIENTED_EDGE('',*,*,#1921,.T.);
#2670=ORIENTED_EDGE('',*,*,#1918,.T.);
#2671=ORIENTED_EDGE('',*,*,#1915,.T.);
#2672=ORIENTED_EDGE('',*,*,#1912,.T.);
#2673=ORIENTED_EDGE('',*,*,#1909,.T.);
#2674=ORIENTED_EDGE('',*,*,#1944,.F.);
#2675=ORIENTED_EDGE('',*,*,#1936,.F.);
#2676=ORIENTED_EDGE('',*,*,#1945,.F.);
#2677=ORIENTED_EDGE('',*,*,#1946,.F.);
#2678=ORIENTED_EDGE('',*,*,#1947,.F.);
#2679=ORIENTED_EDGE('',*,*,#1948,.F.);
#2680=ORIENTED_EDGE('',*,*,#1945,.T.);
#2681=ORIENTED_EDGE('',*,*,#1943,.F.);
#2682=ORIENTED_EDGE('',*,*,#1949,.F.);
#2683=ORIENTED_EDGE('',*,*,#1950,.F.);
#2684=ORIENTED_EDGE('',*,*,#1947,.T.);
#2685=ORIENTED_EDGE('',*,*,#1942,.F.);
#2686=ORIENTED_EDGE('',*,*,#1951,.F.);
#2687=ORIENTED_EDGE('',*,*,#1952,.F.);
#2688=ORIENTED_EDGE('',*,*,#1949,.T.);
#2689=ORIENTED_EDGE('',*,*,#1941,.F.);
#2690=ORIENTED_EDGE('',*,*,#1953,.F.);
#2691=ORIENTED_EDGE('',*,*,#1954,.F.);
#2692=ORIENTED_EDGE('',*,*,#1951,.T.);
#2693=ORIENTED_EDGE('',*,*,#1940,.F.);
#2694=ORIENTED_EDGE('',*,*,#1955,.F.);
#2695=ORIENTED_EDGE('',*,*,#1956,.F.);
#2696=ORIENTED_EDGE('',*,*,#1953,.T.);
#2697=ORIENTED_EDGE('',*,*,#1939,.F.);
#2698=ORIENTED_EDGE('',*,*,#1957,.F.);
#2699=ORIENTED_EDGE('',*,*,#1958,.F.);
#2700=ORIENTED_EDGE('',*,*,#1955,.T.);
#2701=ORIENTED_EDGE('',*,*,#1938,.F.);
#2702=ORIENTED_EDGE('',*,*,#1944,.T.);
#2703=ORIENTED_EDGE('',*,*,#1959,.F.);
#2704=ORIENTED_EDGE('',*,*,#1957,.T.);
#2705=ORIENTED_EDGE('',*,*,#1937,.F.);
#2706=ORIENTED_EDGE('',*,*,#1952,.T.);
#2707=ORIENTED_EDGE('',*,*,#1960,.F.);
#2708=ORIENTED_EDGE('',*,*,#1961,.T.);
#2709=ORIENTED_EDGE('',*,*,#1962,.T.);
#2710=ORIENTED_EDGE('',*,*,#1950,.T.);
#2711=ORIENTED_EDGE('',*,*,#1962,.F.);
#2712=ORIENTED_EDGE('',*,*,#1963,.T.);
#2713=ORIENTED_EDGE('',*,*,#1964,.T.);
#2714=ORIENTED_EDGE('',*,*,#1888,.T.);
#2715=ORIENTED_EDGE('',*,*,#1893,.T.);
#2716=ORIENTED_EDGE('',*,*,#1892,.T.);
#2717=ORIENTED_EDGE('',*,*,#1889,.T.);
#2718=ORIENTED_EDGE('',*,*,#1948,.T.);
#2719=ORIENTED_EDGE('',*,*,#1964,.F.);
#2720=ORIENTED_EDGE('',*,*,#1965,.T.);
#2721=ORIENTED_EDGE('',*,*,#1966,.T.);
#2722=ORIENTED_EDGE('',*,*,#1946,.T.);
#2723=ORIENTED_EDGE('',*,*,#1966,.F.);
#2724=ORIENTED_EDGE('',*,*,#1967,.T.);
#2725=ORIENTED_EDGE('',*,*,#1968,.T.);
#2726=ORIENTED_EDGE('',*,*,#1917,.T.);
#2727=ORIENTED_EDGE('',*,*,#1969,.F.);
#2728=ORIENTED_EDGE('',*,*,#1970,.T.);
#2729=ORIENTED_EDGE('',*,*,#1927,.T.);
#2730=ORIENTED_EDGE('',*,*,#1920,.T.);
#2731=ORIENTED_EDGE('',*,*,#1971,.F.);
#2732=ORIENTED_EDGE('',*,*,#1972,.T.);
#2733=ORIENTED_EDGE('',*,*,#1969,.T.);
#2734=ORIENTED_EDGE('',*,*,#1923,.T.);
#2735=ORIENTED_EDGE('',*,*,#1973,.F.);
#2736=ORIENTED_EDGE('',*,*,#1974,.T.);
#2737=ORIENTED_EDGE('',*,*,#1971,.T.);
#2738=ORIENTED_EDGE('',*,*,#1925,.T.);
#2739=ORIENTED_EDGE('',*,*,#1935,.F.);
#2740=ORIENTED_EDGE('',*,*,#1975,.T.);
#2741=ORIENTED_EDGE('',*,*,#1973,.T.);
#2742=ORIENTED_EDGE('',*,*,#1954,.T.);
#2743=ORIENTED_EDGE('',*,*,#1976,.F.);
#2744=ORIENTED_EDGE('',*,*,#1977,.T.);
#2745=ORIENTED_EDGE('',*,*,#1960,.T.);
#2746=ORIENTED_EDGE('',*,*,#1956,.T.);
#2747=ORIENTED_EDGE('',*,*,#1978,.F.);
#2748=ORIENTED_EDGE('',*,*,#1979,.T.);
#2749=ORIENTED_EDGE('',*,*,#1976,.T.);
#2750=ORIENTED_EDGE('',*,*,#1691,.T.);
#2751=ORIENTED_EDGE('',*,*,#1980,.T.);
#2752=ORIENTED_EDGE('',*,*,#1981,.T.);
#2753=ORIENTED_EDGE('',*,*,#1982,.F.);
#2754=ORIENTED_EDGE('',*,*,#1690,.T.);
#2755=ORIENTED_EDGE('',*,*,#1983,.T.);
#2756=ORIENTED_EDGE('',*,*,#1984,.T.);
#2757=ORIENTED_EDGE('',*,*,#1980,.F.);
#2758=ORIENTED_EDGE('',*,*,#1689,.T.);
#2759=ORIENTED_EDGE('',*,*,#1985,.T.);
#2760=ORIENTED_EDGE('',*,*,#1986,.T.);
#2761=ORIENTED_EDGE('',*,*,#1983,.F.);
#2762=ORIENTED_EDGE('',*,*,#1688,.T.);
#2763=ORIENTED_EDGE('',*,*,#1987,.T.);
#2764=ORIENTED_EDGE('',*,*,#1988,.T.);
#2765=ORIENTED_EDGE('',*,*,#1985,.F.);
#2766=ORIENTED_EDGE('',*,*,#1687,.T.);
#2767=ORIENTED_EDGE('',*,*,#1989,.T.);
#2768=ORIENTED_EDGE('',*,*,#1990,.T.);
#2769=ORIENTED_EDGE('',*,*,#1987,.F.);
#2770=ORIENTED_EDGE('',*,*,#1686,.T.);
#2771=ORIENTED_EDGE('',*,*,#1991,.T.);
#2772=ORIENTED_EDGE('',*,*,#1992,.T.);
#2773=ORIENTED_EDGE('',*,*,#1989,.F.);
#2774=ORIENTED_EDGE('',*,*,#1685,.T.);
#2775=ORIENTED_EDGE('',*,*,#1993,.T.);
#2776=ORIENTED_EDGE('',*,*,#1994,.T.);
#2777=ORIENTED_EDGE('',*,*,#1991,.F.);
#2778=ORIENTED_EDGE('',*,*,#1684,.T.);
#2779=ORIENTED_EDGE('',*,*,#1982,.T.);
#2780=ORIENTED_EDGE('',*,*,#1995,.T.);
#2781=ORIENTED_EDGE('',*,*,#1993,.F.);
#2782=ORIENTED_EDGE('',*,*,#1959,.T.);
#2783=ORIENTED_EDGE('',*,*,#1968,.F.);
#2784=ORIENTED_EDGE('',*,*,#1996,.T.);
#2785=ORIENTED_EDGE('',*,*,#1997,.T.);
#2786=ORIENTED_EDGE('',*,*,#1958,.T.);
#2787=ORIENTED_EDGE('',*,*,#1997,.F.);
#2788=ORIENTED_EDGE('',*,*,#1998,.T.);
#2789=ORIENTED_EDGE('',*,*,#1978,.T.);
#2790=ORIENTED_EDGE('',*,*,#1895,.T.);
#2791=ORIENTED_EDGE('',*,*,#1899,.T.);
#2792=ORIENTED_EDGE('',*,*,#1901,.T.);
#2793=ORIENTED_EDGE('',*,*,#1902,.T.);
#2794=ORIENTED_EDGE('',*,*,#1974,.F.);
#2795=ORIENTED_EDGE('',*,*,#1975,.F.);
#2796=ORIENTED_EDGE('',*,*,#1934,.F.);
#2797=ORIENTED_EDGE('',*,*,#1932,.F.);
#2798=ORIENTED_EDGE('',*,*,#1930,.F.);
#2799=ORIENTED_EDGE('',*,*,#1928,.F.);
#2800=ORIENTED_EDGE('',*,*,#1970,.F.);
#2801=ORIENTED_EDGE('',*,*,#1972,.F.);
#2802=ORIENTED_EDGE('',*,*,#1995,.F.);
#2803=ORIENTED_EDGE('',*,*,#1981,.F.);
#2804=ORIENTED_EDGE('',*,*,#1984,.F.);
#2805=ORIENTED_EDGE('',*,*,#1986,.F.);
#2806=ORIENTED_EDGE('',*,*,#1988,.F.);
#2807=ORIENTED_EDGE('',*,*,#1990,.F.);
#2808=ORIENTED_EDGE('',*,*,#1992,.F.);
#2809=ORIENTED_EDGE('',*,*,#1994,.F.);
#2810=ORIENTED_EDGE('',*,*,#1668,.F.);
#2811=ORIENTED_EDGE('',*,*,#1999,.T.);
#2812=ORIENTED_EDGE('',*,*,#2000,.T.);
#2813=ORIENTED_EDGE('',*,*,#2001,.F.);
#2814=ORIENTED_EDGE('',*,*,#1667,.T.);
#2815=ORIENTED_EDGE('',*,*,#1878,.T.);
#2816=ORIENTED_EDGE('',*,*,#2002,.T.);
#2817=ORIENTED_EDGE('',*,*,#1999,.F.);
#2818=ORIENTED_EDGE('',*,*,#1649,.T.);
#2819=ORIENTED_EDGE('',*,*,#2003,.T.);
#2820=ORIENTED_EDGE('',*,*,#2004,.T.);
#2821=ORIENTED_EDGE('',*,*,#1879,.F.);
#2822=ORIENTED_EDGE('',*,*,#1648,.F.);
#2823=ORIENTED_EDGE('',*,*,#2005,.T.);
#2824=ORIENTED_EDGE('',*,*,#2006,.T.);
#2825=ORIENTED_EDGE('',*,*,#2003,.F.);
#2826=ORIENTED_EDGE('',*,*,#1647,.T.);
#2827=ORIENTED_EDGE('',*,*,#1882,.T.);
#2828=ORIENTED_EDGE('',*,*,#2007,.T.);
#2829=ORIENTED_EDGE('',*,*,#2005,.F.);
#2830=ORIENTED_EDGE('',*,*,#1669,.T.);
#2831=ORIENTED_EDGE('',*,*,#2001,.T.);
#2832=ORIENTED_EDGE('',*,*,#2008,.T.);
#2833=ORIENTED_EDGE('',*,*,#1883,.F.);
#2834=ORIENTED_EDGE('',*,*,#1597,.T.);
#2835=ORIENTED_EDGE('',*,*,#1694,.F.);
#2836=ORIENTED_EDGE('',*,*,#1630,.T.);
#2837=ORIENTED_EDGE('',*,*,#1635,.T.);
#2838=ORIENTED_EDGE('',*,*,#1639,.T.);
#2839=ORIENTED_EDGE('',*,*,#1674,.F.);
#2840=ORIENTED_EDGE('',*,*,#1711,.F.);
#2841=ORIENTED_EDGE('',*,*,#2009,.F.);
#2842=ORIENTED_EDGE('',*,*,#1716,.F.);
#2843=ORIENTED_EDGE('',*,*,#1642,.F.);
#2844=ORIENTED_EDGE('',*,*,#1626,.T.);
#2845=ORIENTED_EDGE('',*,*,#1619,.T.);
#2846=ORIENTED_EDGE('',*,*,#1624,.T.);
#2847=ORIENTED_EDGE('',*,*,#1695,.F.);
#2848=ORIENTED_EDGE('',*,*,#1600,.T.);
#2849=ORIENTED_EDGE('',*,*,#1603,.T.);
#2850=ORIENTED_EDGE('',*,*,#2010,.T.);
#2851=ORIENTED_EDGE('',*,*,#2011,.T.);
#2852=ORIENTED_EDGE('',*,*,#2012,.T.);
#2853=ORIENTED_EDGE('',*,*,#2013,.T.);
#2854=ORIENTED_EDGE('',*,*,#2011,.F.);
#2855=ORIENTED_EDGE('',*,*,#2014,.F.);
#2856=ORIENTED_EDGE('',*,*,#2010,.F.);
#2857=ORIENTED_EDGE('',*,*,#2013,.F.);
#2858=ORIENTED_EDGE('',*,*,#2015,.T.);
#2859=ORIENTED_EDGE('',*,*,#2016,.F.);
#2860=ORIENTED_EDGE('',*,*,#2015,.F.);
#2861=ORIENTED_EDGE('',*,*,#2012,.F.);
#2862=ORIENTED_EDGE('',*,*,#2014,.T.);
#2863=ORIENTED_EDGE('',*,*,#2017,.T.);
#2864=ORIENTED_EDGE('',*,*,#2018,.T.);
#2865=ORIENTED_EDGE('',*,*,#2019,.T.);
#2866=ORIENTED_EDGE('',*,*,#2017,.F.);
#2867=ORIENTED_EDGE('',*,*,#2019,.F.);
#2868=ORIENTED_EDGE('',*,*,#2020,.T.);
#2869=ORIENTED_EDGE('',*,*,#2021,.T.);
#2870=ORIENTED_EDGE('',*,*,#2022,.T.);
#2871=ORIENTED_EDGE('',*,*,#2023,.T.);
#2872=ORIENTED_EDGE('',*,*,#2024,.T.);
#2873=ORIENTED_EDGE('',*,*,#2025,.F.);
#2874=ORIENTED_EDGE('',*,*,#2024,.F.);
#2875=ORIENTED_EDGE('',*,*,#2026,.T.);
#2876=ORIENTED_EDGE('',*,*,#2027,.T.);
#2877=ORIENTED_EDGE('',*,*,#2028,.T.);
#2878=ORIENTED_EDGE('',*,*,#2020,.F.);
#2879=ORIENTED_EDGE('',*,*,#2018,.F.);
#2880=ORIENTED_EDGE('',*,*,#2029,.T.);
#2881=ORIENTED_EDGE('',*,*,#2030,.T.);
#2882=ORIENTED_EDGE('',*,*,#2031,.T.);
#2883=ORIENTED_EDGE('',*,*,#2032,.T.);
#2884=ORIENTED_EDGE('',*,*,#2033,.T.);
#2885=ORIENTED_EDGE('',*,*,#2034,.T.);
#2886=ORIENTED_EDGE('',*,*,#2035,.T.);
#2887=ORIENTED_EDGE('',*,*,#2036,.T.);
#2888=ORIENTED_EDGE('',*,*,#1702,.T.);
#2889=ORIENTED_EDGE('',*,*,#1705,.T.);
#2890=ORIENTED_EDGE('',*,*,#1707,.T.);
#2891=ORIENTED_EDGE('',*,*,#1708,.T.);
#2892=ORIENTED_EDGE('',*,*,#2037,.F.);
#2893=ORIENTED_EDGE('',*,*,#2038,.T.);
#2894=ORIENTED_EDGE('',*,*,#1692,.F.);
#2895=ORIENTED_EDGE('',*,*,#1586,.T.);
#2896=ORIENTED_EDGE('',*,*,#1592,.T.);
#2897=ORIENTED_EDGE('',*,*,#1582,.T.);
#2898=ORIENTED_EDGE('',*,*,#1696,.F.);
#2899=ORIENTED_EDGE('',*,*,#1621,.T.);
#2900=ORIENTED_EDGE('',*,*,#1616,.T.);
#2901=ORIENTED_EDGE('',*,*,#1612,.T.);
#2902=ORIENTED_EDGE('',*,*,#1641,.F.);
#2903=ORIENTED_EDGE('',*,*,#1608,.T.);
#2904=ORIENTED_EDGE('',*,*,#1611,.T.);
#2905=ORIENTED_EDGE('',*,*,#1604,.T.);
#2906=ORIENTED_EDGE('',*,*,#1675,.F.);
#2907=ORIENTED_EDGE('',*,*,#1636,.T.);
#2908=ORIENTED_EDGE('',*,*,#1632,.T.);
#2909=ORIENTED_EDGE('',*,*,#1628,.T.);
#2910=ORIENTED_EDGE('',*,*,#1693,.F.);
#2911=ORIENTED_EDGE('',*,*,#2038,.F.);
#2912=ORIENTED_EDGE('',*,*,#2016,.T.);
#2913=ORIENTED_EDGE('',*,*,#2037,.T.);
#2914=ORIENTED_EDGE('',*,*,#2009,.T.);
#2915=ORIENTED_EDGE('',*,*,#1710,.F.);
#2916=ORIENTED_EDGE('',*,*,#1713,.F.);
#2917=ORIENTED_EDGE('',*,*,#1721,.F.);
#2918=ORIENTED_EDGE('',*,*,#1884,.F.);
#2919=ORIENTED_EDGE('',*,*,#2008,.F.);
#2920=ORIENTED_EDGE('',*,*,#2000,.F.);
#2921=ORIENTED_EDGE('',*,*,#2002,.F.);
#2922=ORIENTED_EDGE('',*,*,#1877,.F.);
#2923=ORIENTED_EDGE('',*,*,#1724,.F.);
#2924=ORIENTED_EDGE('',*,*,#1727,.F.);
#2925=ORIENTED_EDGE('',*,*,#1735,.F.);
#2926=ORIENTED_EDGE('',*,*,#1740,.T.);
#2927=ORIENTED_EDGE('',*,*,#1867,.T.);
#2928=ORIENTED_EDGE('',*,*,#1865,.T.);
#2929=ORIENTED_EDGE('',*,*,#1876,.T.);
#2930=ORIENTED_EDGE('',*,*,#1874,.T.);
#2931=ORIENTED_EDGE('',*,*,#1872,.T.);
#2932=ORIENTED_EDGE('',*,*,#1870,.T.);
#2933=ORIENTED_EDGE('',*,*,#1868,.T.);
#2934=ORIENTED_EDGE('',*,*,#1737,.T.);
#2935=ORIENTED_EDGE('',*,*,#1733,.F.);
#2936=ORIENTED_EDGE('',*,*,#1731,.F.);
#2937=ORIENTED_EDGE('',*,*,#1728,.F.);
#2938=ORIENTED_EDGE('',*,*,#1880,.F.);
#2939=ORIENTED_EDGE('',*,*,#2004,.F.);
#2940=ORIENTED_EDGE('',*,*,#2006,.F.);
#2941=ORIENTED_EDGE('',*,*,#2007,.F.);
#2942=ORIENTED_EDGE('',*,*,#1881,.F.);
#2943=ORIENTED_EDGE('',*,*,#1719,.F.);
#2944=ORIENTED_EDGE('',*,*,#1717,.F.);
#2945=ORIENTED_EDGE('',*,*,#1714,.F.);
#2946=ORIENTED_EDGE('',*,*,#1843,.T.);
#2947=ORIENTED_EDGE('',*,*,#1841,.T.);
#2948=ORIENTED_EDGE('',*,*,#1831,.T.);
#2949=ORIENTED_EDGE('',*,*,#1834,.T.);
#2950=ORIENTED_EDGE('',*,*,#1836,.T.);
#2951=ORIENTED_EDGE('',*,*,#1838,.T.);
#2952=ORIENTED_EDGE('',*,*,#1862,.T.);
#2953=ORIENTED_EDGE('',*,*,#1863,.T.);
#2954=ORIENTED_EDGE('',*,*,#1979,.F.);
#2955=ORIENTED_EDGE('',*,*,#1998,.F.);
#2956=ORIENTED_EDGE('',*,*,#1996,.F.);
#2957=ORIENTED_EDGE('',*,*,#1967,.F.);
#2958=ORIENTED_EDGE('',*,*,#1965,.F.);
#2959=ORIENTED_EDGE('',*,*,#1963,.F.);
#2960=ORIENTED_EDGE('',*,*,#1961,.F.);
#2961=ORIENTED_EDGE('',*,*,#1977,.F.);
#2962=ORIENTED_EDGE('',*,*,#2025,.T.);
#2963=ORIENTED_EDGE('',*,*,#2039,.T.);
#2964=ORIENTED_EDGE('',*,*,#2040,.T.);
#2965=ORIENTED_EDGE('',*,*,#2041,.T.);
#2966=ORIENTED_EDGE('',*,*,#2042,.T.);
#2967=ORIENTED_EDGE('',*,*,#2041,.F.);
#2968=ORIENTED_EDGE('',*,*,#2043,.F.);
#2969=ORIENTED_EDGE('',*,*,#2022,.F.);
#2970=ORIENTED_EDGE('',*,*,#2044,.T.);
#2971=ORIENTED_EDGE('',*,*,#2040,.F.);
#2972=ORIENTED_EDGE('',*,*,#2045,.T.);
#2973=ORIENTED_EDGE('',*,*,#2026,.F.);
#2974=ORIENTED_EDGE('',*,*,#2023,.F.);
#2975=ORIENTED_EDGE('',*,*,#2043,.T.);
#2976=ORIENTED_EDGE('',*,*,#2039,.F.);
#2977=ORIENTED_EDGE('',*,*,#2046,.F.);
#2978=ORIENTED_EDGE('',*,*,#2027,.F.);
#2979=ORIENTED_EDGE('',*,*,#2045,.F.);
#2980=ORIENTED_EDGE('',*,*,#2042,.F.);
#2981=ORIENTED_EDGE('',*,*,#2044,.F.);
#2982=ORIENTED_EDGE('',*,*,#2021,.F.);
#2983=ORIENTED_EDGE('',*,*,#2028,.F.);
#2984=ORIENTED_EDGE('',*,*,#2046,.T.);
#2985=ORIENTED_EDGE('',*,*,#2047,.T.);
#2986=ORIENTED_EDGE('',*,*,#2048,.T.);
#2987=ORIENTED_EDGE('',*,*,#2049,.T.);
#2988=ORIENTED_EDGE('',*,*,#2050,.T.);
#2989=ORIENTED_EDGE('',*,*,#2049,.F.);
#2990=ORIENTED_EDGE('',*,*,#2051,.F.);
#2991=ORIENTED_EDGE('',*,*,#2033,.F.);
#2992=ORIENTED_EDGE('',*,*,#2052,.T.);
#2993=ORIENTED_EDGE('',*,*,#2048,.F.);
#2994=ORIENTED_EDGE('',*,*,#2053,.T.);
#2995=ORIENTED_EDGE('',*,*,#2034,.F.);
#2996=ORIENTED_EDGE('',*,*,#2051,.T.);
#2997=ORIENTED_EDGE('',*,*,#2047,.F.);
#2998=ORIENTED_EDGE('',*,*,#2054,.F.);
#2999=ORIENTED_EDGE('',*,*,#2035,.F.);
#3000=ORIENTED_EDGE('',*,*,#2053,.F.);
#3001=ORIENTED_EDGE('',*,*,#2050,.F.);
#3002=ORIENTED_EDGE('',*,*,#2052,.F.);
#3003=ORIENTED_EDGE('',*,*,#2036,.F.);
#3004=ORIENTED_EDGE('',*,*,#2054,.T.);
#3005=ORIENTED_EDGE('',*,*,#2055,.T.);
#3006=ORIENTED_EDGE('',*,*,#2056,.T.);
#3007=ORIENTED_EDGE('',*,*,#2057,.T.);
#3008=ORIENTED_EDGE('',*,*,#2058,.T.);
#3009=ORIENTED_EDGE('',*,*,#2057,.F.);
#3010=ORIENTED_EDGE('',*,*,#2059,.F.);
#3011=ORIENTED_EDGE('',*,*,#2029,.F.);
#3012=ORIENTED_EDGE('',*,*,#2060,.T.);
#3013=ORIENTED_EDGE('',*,*,#2056,.F.);
#3014=ORIENTED_EDGE('',*,*,#2061,.T.);
#3015=ORIENTED_EDGE('',*,*,#2030,.F.);
#3016=ORIENTED_EDGE('',*,*,#2059,.T.);
#3017=ORIENTED_EDGE('',*,*,#2055,.F.);
#3018=ORIENTED_EDGE('',*,*,#2062,.F.);
#3019=ORIENTED_EDGE('',*,*,#2031,.F.);
#3020=ORIENTED_EDGE('',*,*,#2061,.F.);
#3021=ORIENTED_EDGE('',*,*,#2058,.F.);
#3022=ORIENTED_EDGE('',*,*,#2060,.F.);
#3023=ORIENTED_EDGE('',*,*,#2032,.F.);
#3024=ORIENTED_EDGE('',*,*,#2062,.T.);
#3025=PLANE('',#3306);
#3026=PLANE('',#3307);
#3027=PLANE('',#3311);
#3028=PLANE('',#3313);
#3029=PLANE('',#3320);
#3030=PLANE('',#3322);
#3031=PLANE('',#3326);
#3032=PLANE('',#3328);
#3033=PLANE('',#3329);
#3034=PLANE('',#3336);
#3035=PLANE('',#3339);
#3036=PLANE('',#3340);
#3037=PLANE('',#3346);
#3038=PLANE('',#3347);
#3039=PLANE('',#3376);
#3040=PLANE('',#3384);
#3041=PLANE('',#3387);
#3042=PLANE('',#3394);
#3043=PLANE('',#3397);
#3044=PLANE('',#3402);
#3045=PLANE('',#3403);
#3046=PLANE('',#3404);
#3047=PLANE('',#3405);
#3048=PLANE('',#3406);
#3049=PLANE('',#3407);
#3050=PLANE('',#3408);
#3051=PLANE('',#3412);
#3052=PLANE('',#3413);
#3053=PLANE('',#3414);
#3054=PLANE('',#3415);
#3055=PLANE('',#3416);
#3056=PLANE('',#3417);
#3057=PLANE('',#3418);
#3058=PLANE('',#3419);
#3059=PLANE('',#3420);
#3060=PLANE('',#3444);
#3061=PLANE('',#3447);
#3062=PLANE('',#3448);
#3063=PLANE('',#3475);
#3064=PLANE('',#3478);
#3065=PLANE('',#3483);
#3066=PLANE('',#3486);
#3067=PLANE('',#3489);
#3068=PLANE('',#3492);
#3069=PLANE('',#3495);
#3070=PLANE('',#3500);
#3071=PLANE('',#3501);
#3072=PLANE('',#3502);
#3073=PLANE('',#3507);
#3074=PLANE('',#3510);
#3075=PLANE('',#3513);
#3076=PLANE('',#3514);
#3077=PLANE('',#3515);
#3078=PLANE('',#3516);
#3079=PLANE('',#3517);
#3080=PLANE('',#3518);
#3081=PLANE('',#3519);
#3082=PLANE('',#3520);
#3083=PLANE('',#3521);
#3084=PLANE('',#3522);
#3085=PLANE('',#3523);
#3086=PLANE('',#3524);
#3087=PLANE('',#3551);
#3088=PLANE('',#3554);
#3089=PLANE('',#3555);
#3090=PLANE('',#3582);
#3091=PLANE('',#3585);
#3092=PLANE('',#3586);
#3093=PLANE('',#3589);
#3094=PLANE('',#3592);
#3095=PLANE('',#3595);
#3096=PLANE('',#3598);
#3097=PLANE('',#3601);
#3098=PLANE('',#3604);
#3099=PLANE('',#3609);
#3100=PLANE('',#3610);
#3101=PLANE('',#3611);
#3102=PLANE('',#3616);
#3103=PLANE('',#3628);
#3104=PLANE('',#3640);
#3105=PLANE('',#3641);
#3106=ADVANCED_FACE('',(#359),#3025,.F.);
#3107=ADVANCED_FACE('',(#360),#3026,.F.);
#3108=ADVANCED_FACE('',(#361),#292,.F.);
#3109=ADVANCED_FACE('',(#362),#3027,.T.);
#3110=ADVANCED_FACE('',(#363),#3028,.F.);
#3111=ADVANCED_FACE('',(#364),#293,.F.);
#3112=ADVANCED_FACE('',(#365),#294,.F.);
#3113=ADVANCED_FACE('',(#366),#3029,.T.);
#3114=ADVANCED_FACE('',(#367),#3030,.F.);
#3115=ADVANCED_FACE('',(#368),#295,.F.);
#3116=ADVANCED_FACE('',(#369),#3031,.T.);
#3117=ADVANCED_FACE('',(#370),#3032,.F.);
#3118=ADVANCED_FACE('',(#371),#3033,.T.);
#3119=ADVANCED_FACE('',(#372),#296,.F.);
#3120=ADVANCED_FACE('',(#373),#3034,.F.);
#3121=ADVANCED_FACE('',(#374),#297,.F.);
#3122=ADVANCED_FACE('',(#375),#3035,.F.);
#3123=ADVANCED_FACE('',(#376),#3036,.T.);
#3124=ADVANCED_FACE('',(#377),#298,.F.);
#3125=ADVANCED_FACE('',(#378),#3037,.F.);
#3126=ADVANCED_FACE('',(#379,#103,#104),#3038,.T.);
#3127=ADVANCED_FACE('',(#380),#3039,.T.);
#3128=ADVANCED_FACE('',(#381),#83,.T.);
#3129=ADVANCED_FACE('',(#382),#84,.T.);
#3130=ADVANCED_FACE('',(#383),#85,.T.);
#3131=ADVANCED_FACE('',(#384),#86,.T.);
#3132=ADVANCED_FACE('',(#385),#87,.T.);
#3133=ADVANCED_FACE('',(#386),#299,.F.);
#3134=ADVANCED_FACE('',(#387),#3040,.T.);
#3135=ADVANCED_FACE('',(#388),#300,.F.);
#3136=ADVANCED_FACE('',(#389),#3041,.T.);
#3137=ADVANCED_FACE('',(#390),#301,.F.);
#3138=ADVANCED_FACE('',(#391),#302,.F.);
#3139=ADVANCED_FACE('',(#392),#303,.F.);
#3140=ADVANCED_FACE('',(#393),#3042,.T.);
#3141=ADVANCED_FACE('',(#394),#304,.F.);
#3142=ADVANCED_FACE('',(#395),#3043,.T.);
#3143=ADVANCED_FACE('',(#396),#305,.F.);
#3144=ADVANCED_FACE('',(#397),#306,.F.);
#3145=ADVANCED_FACE('',(#398),#3044,.T.);
#3146=ADVANCED_FACE('',(#399),#3045,.T.);
#3147=ADVANCED_FACE('',(#400),#3046,.F.);
#3148=ADVANCED_FACE('',(#401),#3047,.F.);
#3149=ADVANCED_FACE('',(#402),#3048,.F.);
#3150=ADVANCED_FACE('',(#403),#3049,.F.);
#3151=ADVANCED_FACE('',(#404),#3050,.T.);
#3152=ADVANCED_FACE('',(#405),#307,.T.);
#3153=ADVANCED_FACE('',(#406),#3051,.T.);
#3154=ADVANCED_FACE('',(#407),#3052,.F.);
#3155=ADVANCED_FACE('',(#408),#3053,.F.);
#3156=ADVANCED_FACE('',(#409),#3054,.F.);
#3157=ADVANCED_FACE('',(#410),#3055,.F.);
#3158=ADVANCED_FACE('',(#411),#3056,.T.);
#3159=ADVANCED_FACE('',(#412),#3057,.T.);
#3160=ADVANCED_FACE('',(#413),#3058,.T.);
#3161=ADVANCED_FACE('',(#414),#3059,.T.);
#3162=ADVANCED_FACE('',(#415),#308,.T.);
#3163=ADVANCED_FACE('',(#416),#15,.T.);
#3164=ADVANCED_FACE('',(#417),#309,.T.);
#3165=ADVANCED_FACE('',(#418),#16,.T.);
#3166=ADVANCED_FACE('',(#419),#17,.T.);
#3167=ADVANCED_FACE('',(#420),#310,.T.);
#3168=ADVANCED_FACE('',(#421),#18,.T.);
#3169=ADVANCED_FACE('',(#422),#311,.F.);
#3170=ADVANCED_FACE('',(#423),#3060,.T.);
#3171=ADVANCED_FACE('',(#424),#312,.F.);
#3172=ADVANCED_FACE('',(#425),#3061,.T.);
#3173=ADVANCED_FACE('',(#426,#105),#3062,.F.);
#3174=ADVANCED_FACE('',(#427),#313,.T.);
#3175=ADVANCED_FACE('',(#428),#19,.T.);
#3176=ADVANCED_FACE('',(#429),#314,.T.);
#3177=ADVANCED_FACE('',(#430),#20,.T.);
#3178=ADVANCED_FACE('',(#431),#315,.T.);
#3179=ADVANCED_FACE('',(#432),#21,.T.);
#3180=ADVANCED_FACE('',(#433),#316,.T.);
#3181=ADVANCED_FACE('',(#434),#22,.T.);
#3182=ADVANCED_FACE('',(#435),#317,.T.);
#3183=ADVANCED_FACE('',(#436,#106),#3063,.T.);
#3184=ADVANCED_FACE('',(#437),#318,.T.);
#3185=ADVANCED_FACE('',(#438,#107),#3064,.T.);
#3186=ADVANCED_FACE('',(#439),#319,.F.);
#3187=ADVANCED_FACE('',(#440),#320,.F.);
#3188=ADVANCED_FACE('',(#441),#3065,.T.);
#3189=ADVANCED_FACE('',(#442),#321,.T.);
#3190=ADVANCED_FACE('',(#443),#3066,.T.);
#3191=ADVANCED_FACE('',(#444),#322,.F.);
#3192=ADVANCED_FACE('',(#445),#3067,.T.);
#3193=ADVANCED_FACE('',(#446),#323,.F.);
#3194=ADVANCED_FACE('',(#447),#3068,.T.);
#3195=ADVANCED_FACE('',(#448),#324,.F.);
#3196=ADVANCED_FACE('',(#449),#3069,.T.);
#3197=ADVANCED_FACE('',(#450),#325,.F.);
#3198=ADVANCED_FACE('',(#451),#326,.T.);
#3199=ADVANCED_FACE('',(#452,#108),#3070,.T.);
#3200=ADVANCED_FACE('',(#453,#109),#3071,.F.);
#3201=ADVANCED_FACE('',(#454),#3072,.T.);
#3202=ADVANCED_FACE('',(#455),#327,.T.);
#3203=ADVANCED_FACE('',(#456),#328,.T.);
#3204=ADVANCED_FACE('',(#457),#3073,.T.);
#3205=ADVANCED_FACE('',(#458),#329,.T.);
#3206=ADVANCED_FACE('',(#459),#3074,.T.);
#3207=ADVANCED_FACE('',(#460),#330,.T.);
#3208=ADVANCED_FACE('',(#461),#3075,.F.);
#3209=ADVANCED_FACE('',(#462),#3076,.F.);
#3210=ADVANCED_FACE('',(#463),#3077,.F.);
#3211=ADVANCED_FACE('',(#464),#3078,.F.);
#3212=ADVANCED_FACE('',(#465),#3079,.F.);
#3213=ADVANCED_FACE('',(#466),#3080,.F.);
#3214=ADVANCED_FACE('',(#467),#3081,.F.);
#3215=ADVANCED_FACE('',(#468),#3082,.F.);
#3216=ADVANCED_FACE('',(#469),#3083,.T.);
#3217=ADVANCED_FACE('',(#470),#3084,.T.);
#3218=ADVANCED_FACE('',(#471),#3085,.T.);
#3219=ADVANCED_FACE('',(#472),#3086,.T.);
#3220=ADVANCED_FACE('',(#473),#331,.T.);
#3221=ADVANCED_FACE('',(#474),#23,.T.);
#3222=ADVANCED_FACE('',(#475),#332,.T.);
#3223=ADVANCED_FACE('',(#476),#24,.T.);
#3224=ADVANCED_FACE('',(#477),#333,.T.);
#3225=ADVANCED_FACE('',(#478),#25,.T.);
#3226=ADVANCED_FACE('',(#479),#334,.T.);
#3227=ADVANCED_FACE('',(#480),#26,.T.);
#3228=ADVANCED_FACE('',(#481),#335,.F.);
#3229=ADVANCED_FACE('',(#482),#3087,.F.);
#3230=ADVANCED_FACE('',(#483),#336,.F.);
#3231=ADVANCED_FACE('',(#484),#3088,.F.);
#3232=ADVANCED_FACE('',(#485,#110),#3089,.T.);
#3233=ADVANCED_FACE('',(#486),#337,.T.);
#3234=ADVANCED_FACE('',(#487),#27,.T.);
#3235=ADVANCED_FACE('',(#488),#338,.T.);
#3236=ADVANCED_FACE('',(#489),#28,.T.);
#3237=ADVANCED_FACE('',(#490),#339,.T.);
#3238=ADVANCED_FACE('',(#491),#29,.T.);
#3239=ADVANCED_FACE('',(#492),#340,.T.);
#3240=ADVANCED_FACE('',(#493),#30,.T.);
#3241=ADVANCED_FACE('',(#494),#341,.T.);
#3242=ADVANCED_FACE('',(#495,#111),#3090,.F.);
#3243=ADVANCED_FACE('',(#496),#342,.T.);
#3244=ADVANCED_FACE('',(#497),#3091,.F.);
#3245=ADVANCED_FACE('',(#498),#3092,.F.);
#3246=ADVANCED_FACE('',(#499),#343,.F.);
#3247=ADVANCED_FACE('',(#500),#3093,.F.);
#3248=ADVANCED_FACE('',(#501),#344,.F.);
#3249=ADVANCED_FACE('',(#502),#3094,.F.);
#3250=ADVANCED_FACE('',(#503),#345,.T.);
#3251=ADVANCED_FACE('',(#504),#3095,.F.);
#3252=ADVANCED_FACE('',(#505),#346,.F.);
#3253=ADVANCED_FACE('',(#506),#3096,.F.);
#3254=ADVANCED_FACE('',(#507),#347,.F.);
#3255=ADVANCED_FACE('',(#508),#3097,.F.);
#3256=ADVANCED_FACE('',(#509),#348,.F.);
#3257=ADVANCED_FACE('',(#510),#3098,.F.);
#3258=ADVANCED_FACE('',(#511),#349,.F.);
#3259=ADVANCED_FACE('',(#512),#350,.T.);
#3260=ADVANCED_FACE('',(#513,#112),#3099,.F.);
#3261=ADVANCED_FACE('',(#514,#113),#3100,.T.);
#3262=ADVANCED_FACE('',(#515),#3101,.F.);
#3263=ADVANCED_FACE('',(#516),#351,.T.);
#3264=ADVANCED_FACE('',(#517),#352,.T.);
#3265=ADVANCED_FACE('',(#518),#3102,.F.);
#3266=ADVANCED_FACE('',(#519),#353,.T.);
#3267=ADVANCED_FACE('',(#520),#354,.T.);
#3268=ADVANCED_FACE('',(#521),#355,.T.);
#3269=ADVANCED_FACE('',(#522),#31,.T.);
#3270=ADVANCED_FACE('',(#523,#114),#3103,.F.);
#3271=ADVANCED_FACE('',(#524),#356,.F.);
#3272=ADVANCED_FACE('',(#525),#32,.T.);
#3273=ADVANCED_FACE('',(#526,#115,#116,#117),#357,.T.);
#3274=ADVANCED_FACE('',(#527),#358,.F.);
#3275=ADVANCED_FACE('',(#528,#118),#3104,.F.);
#3276=ADVANCED_FACE('',(#529,#119,#120,#121),#3105,.F.);
#3277=ADVANCED_FACE('',(#530),#88,.T.);
#3278=ADVANCED_FACE('',(#531),#89,.T.);
#3279=ADVANCED_FACE('',(#532),#90,.T.);
#3280=ADVANCED_FACE('',(#533),#91,.T.);
#3281=ADVANCED_FACE('',(#534),#92,.T.);
#3282=ADVANCED_FACE('',(#535),#93,.T.);
#3283=ADVANCED_FACE('',(#536),#94,.T.);
#3284=ADVANCED_FACE('',(#537),#95,.T.);
#3285=ADVANCED_FACE('',(#538),#96,.T.);
#3286=ADVANCED_FACE('',(#539),#97,.T.);
#3287=ADVANCED_FACE('',(#540),#98,.T.);
#3288=ADVANCED_FACE('',(#541),#99,.T.);
#3289=ADVANCED_FACE('',(#542),#100,.T.);
#3290=ADVANCED_FACE('',(#543),#101,.T.);
#3291=ADVANCED_FACE('',(#544),#102,.T.);
#3292=CLOSED_SHELL('',(#3106,#3107,#3108,#3109,#3110,#3111,#3112,#3113,
#3114,#3115,#3116,#3117,#3118,#3119,#3120,#3121,#3122,#3123,#3124,#3125,
#3126,#3127,#3128,#3129,#3130,#3131,#3132,#3133,#3134,#3135,#3136,#3137,
#3138,#3139,#3140,#3141,#3142,#3143,#3144,#3145,#3146,#3147,#3148,#3149,
#3150,#3151,#3152,#3153,#3154,#3155,#3156,#3157,#3158,#3159,#3160,#3161,
#3162,#3163,#3164,#3165,#3166,#3167,#3168,#3169,#3170,#3171,#3172,#3173,
#3174,#3175,#3176,#3177,#3178,#3179,#3180,#3181,#3182,#3183,#3184,#3185,
#3186,#3187,#3188,#3189,#3190,#3191,#3192,#3193,#3194,#3195,#3196,#3197,
#3198,#3199,#3200,#3201,#3202,#3203,#3204,#3205,#3206,#3207,#3208,#3209,
#3210,#3211,#3212,#3213,#3214,#3215,#3216,#3217,#3218,#3219,#3220,#3221,
#3222,#3223,#3224,#3225,#3226,#3227,#3228,#3229,#3230,#3231,#3232,#3233,
#3234,#3235,#3236,#3237,#3238,#3239,#3240,#3241,#3242,#3243,#3244,#3245,
#3246,#3247,#3248,#3249,#3250,#3251,#3252,#3253,#3254,#3255,#3256,#3257,
#3258,#3259,#3260,#3261,#3262,#3263,#3264,#3265,#3266,#3267,#3268,#3269,
#3270,#3271,#3272,#3273,#3274,#3275,#3276,#3277,#3278,#3279,#3280,#3281,
#3282,#3283,#3284,#3285,#3286,#3287,#3288,#3289,#3290,#3291));
#3293=DERIVED_UNIT_ELEMENT(#3295,1.);
#3294=DERIVED_UNIT_ELEMENT(#6651,-3.);
#3295=(
MASS_UNIT()
NAMED_UNIT(*)
SI_UNIT(.KILO.,.GRAM.)
);
#3296=DERIVED_UNIT((#3293,#3294));
#3297=MEASURE_REPRESENTATION_ITEM('density measure',
POSITIVE_RATIO_MEASURE(7850.),#3296);
#3298=PROPERTY_DEFINITION_REPRESENTATION(#3303,#3300);
#3299=PROPERTY_DEFINITION_REPRESENTATION(#3304,#3301);
#3300=REPRESENTATION('material name',(#3302),#6648);
#3301=REPRESENTATION('density',(#3297),#6648);
#3302=DESCRIPTIVE_REPRESENTATION_ITEM('Steel','Steel');
#3303=PROPERTY_DEFINITION('material property','material name',#6658);
#3304=PROPERTY_DEFINITION('material property','density of part',#6658);
#3305=AXIS2_PLACEMENT_3D('',#4577,#3642,#3643);
#3306=AXIS2_PLACEMENT_3D('',#4578,#3644,#3645);
#3307=AXIS2_PLACEMENT_3D('',#4587,#3650,#3651);
#3308=AXIS2_PLACEMENT_3D('',#4596,#3656,#3657);
#3309=AXIS2_PLACEMENT_3D('',#4597,#3658,#3659);
#3310=AXIS2_PLACEMENT_3D('',#4598,#3660,#3661);
#3311=AXIS2_PLACEMENT_3D('',#4599,#3662,#3663);
#3312=AXIS2_PLACEMENT_3D('',#4600,#3664,#3665);
#3313=AXIS2_PLACEMENT_3D('',#4601,#3666,#3667);
#3314=AXIS2_PLACEMENT_3D('',#4610,#3672,#3673);
#3315=AXIS2_PLACEMENT_3D('',#4614,#3675,#3676);
#3316=AXIS2_PLACEMENT_3D('',#4615,#3677,#3678);
#3317=AXIS2_PLACEMENT_3D('',#4616,#3679,#3680);
#3318=AXIS2_PLACEMENT_3D('',#4620,#3682,#3683);
#3319=AXIS2_PLACEMENT_3D('',#4621,#3684,#3685);
#3320=AXIS2_PLACEMENT_3D('',#4622,#3686,#3687);
#3321=AXIS2_PLACEMENT_3D('',#4623,#3688,#3689);
#3322=AXIS2_PLACEMENT_3D('',#4624,#3690,#3691);
#3323=AXIS2_PLACEMENT_3D('',#4633,#3696,#3697);
#3324=AXIS2_PLACEMENT_3D('',#4637,#3699,#3700);
#3325=AXIS2_PLACEMENT_3D('',#4638,#3701,#3702);
#3326=AXIS2_PLACEMENT_3D('',#4639,#3703,#3704);
#3327=AXIS2_PLACEMENT_3D('',#4640,#3705,#3706);
#3328=AXIS2_PLACEMENT_3D('',#4641,#3707,#3708);
#3329=AXIS2_PLACEMENT_3D('',#4650,#3713,#3714);
#3330=AXIS2_PLACEMENT_3D('',#4652,#3715,#3716);
#3331=AXIS2_PLACEMENT_3D('',#4654,#3717,#3718);
#3332=AXIS2_PLACEMENT_3D('',#4658,#3720,#3721);
#3333=AXIS2_PLACEMENT_3D('',#4659,#3722,#3723);
#3334=AXIS2_PLACEMENT_3D('',#4660,#3724,#3725);
#3335=AXIS2_PLACEMENT_3D('',#4664,#3727,#3728);
#3336=AXIS2_PLACEMENT_3D('',#4666,#3730,#3731);
#3337=AXIS2_PLACEMENT_3D('',#4670,#3734,#3735);
#3338=AXIS2_PLACEMENT_3D('',#4673,#3737,#3738);
#3339=AXIS2_PLACEMENT_3D('',#4674,#3739,#3740);
#3340=AXIS2_PLACEMENT_3D('',#4683,#3745,#3746);
#3341=AXIS2_PLACEMENT_3D('',#4685,#3747,#3748);
#3342=AXIS2_PLACEMENT_3D('',#4687,#3749,#3750);
#3343=AXIS2_PLACEMENT_3D('',#4690,#3752,#3753);
#3344=AXIS2_PLACEMENT_3D('',#4691,#3754,#3755);
#3345=AXIS2_PLACEMENT_3D('',#4695,#3757,#3758);
#3346=AXIS2_PLACEMENT_3D('',#4697,#3760,#3761);
#3347=AXIS2_PLACEMENT_3D('',#4701,#3764,#3765);
#3348=AXIS2_PLACEMENT_3D('',#4702,#3766,#3767);
#3349=AXIS2_PLACEMENT_3D('',#4704,#3768,#3769);
#3350=AXIS2_PLACEMENT_3D('',#4706,#3770,#3771);
#3351=AXIS2_PLACEMENT_3D('',#4710,#3773,#3774);
#3352=AXIS2_PLACEMENT_3D('',#4714,#3776,#3777);
#3353=AXIS2_PLACEMENT_3D('',#4718,#3779,#3780);
#3354=AXIS2_PLACEMENT_3D('',#4722,#3782,#3783);
#3355=AXIS2_PLACEMENT_3D('',#4726,#3785,#3786);
#3356=AXIS2_PLACEMENT_3D('',#4730,#3788,#3789);
#3357=AXIS2_PLACEMENT_3D('',#4734,#3791,#3792);
#3358=AXIS2_PLACEMENT_3D('',#4738,#3794,#3795);
#3359=AXIS2_PLACEMENT_3D('',#4742,#3797,#3798);
#3360=AXIS2_PLACEMENT_3D('',#4746,#3800,#3801);
#3361=AXIS2_PLACEMENT_3D('',#4750,#3803,#3804);
#3362=AXIS2_PLACEMENT_3D('',#4754,#3806,#3807);
#3363=AXIS2_PLACEMENT_3D('',#4758,#3809,#3810);
#3364=AXIS2_PLACEMENT_3D('',#4762,#3812,#3813);
#3365=AXIS2_PLACEMENT_3D('',#4766,#3815,#3816);
#3366=AXIS2_PLACEMENT_3D('',#4767,#3817,#3818);
#3367=AXIS2_PLACEMENT_3D('',#4768,#3819,#3820);
#3368=AXIS2_PLACEMENT_3D('',#4771,#3821,#3822);
#3369=AXIS2_PLACEMENT_3D('',#4775,#3824,#3825);
#3370=AXIS2_PLACEMENT_3D('',#4779,#3827,#3828);
#3371=AXIS2_PLACEMENT_3D('',#4783,#3830,#3831);
#3372=AXIS2_PLACEMENT_3D('',#4787,#3833,#3834);
#3373=AXIS2_PLACEMENT_3D('',#4791,#3836,#3837);
#3374=AXIS2_PLACEMENT_3D('',#4795,#3839,#3840);
#3375=AXIS2_PLACEMENT_3D('',#4799,#3842,#3843);
#3376=AXIS2_PLACEMENT_3D('',#4801,#3845,#3846);
#3377=AXIS2_PLACEMENT_3D('',#4803,#3847,#3848);
#3378=AXIS2_PLACEMENT_3D('',#4804,#3849,#3850);
#3379=AXIS2_PLACEMENT_3D('',#4805,#3851,#3852);
#3380=AXIS2_PLACEMENT_3D('',#4806,#3853,#3854);
#3381=AXIS2_PLACEMENT_3D('',#4807,#3855,#3856);
#3382=AXIS2_PLACEMENT_3D('',#5099,#3857,#3858);
#3383=AXIS2_PLACEMENT_3D('',#5103,#3860,#3861);
#3384=AXIS2_PLACEMENT_3D('',#5105,#3863,#3864);
#3385=AXIS2_PLACEMENT_3D('',#5109,#3867,#3868);
#3386=AXIS2_PLACEMENT_3D('',#5112,#3869,#3870);
#3387=AXIS2_PLACEMENT_3D('',#5115,#3873,#3874);
#3388=AXIS2_PLACEMENT_3D('',#5119,#3877,#3878);
#3389=AXIS2_PLACEMENT_3D('',#5121,#3879,#3880);
#3390=AXIS2_PLACEMENT_3D('',#5123,#3882,#3883);
#3391=AXIS2_PLACEMENT_3D('',#5125,#3884,#3885);
#3392=AXIS2_PLACEMENT_3D('',#5127,#3887,#3888);
#3393=AXIS2_PLACEMENT_3D('',#5131,#3890,#3891);
#3394=AXIS2_PLACEMENT_3D('',#5133,#3893,#3894);
#3395=AXIS2_PLACEMENT_3D('',#5137,#3897,#3898);
#3396=AXIS2_PLACEMENT_3D('',#5140,#3899,#3900);
#3397=AXIS2_PLACEMENT_3D('',#5143,#3903,#3904);
#3398=AXIS2_PLACEMENT_3D('',#5147,#3907,#3908);
#3399=AXIS2_PLACEMENT_3D('',#5149,#3909,#3910);
#3400=AXIS2_PLACEMENT_3D('',#5151,#3912,#3913);
#3401=AXIS2_PLACEMENT_3D('',#5153,#3914,#3915);
#3402=AXIS2_PLACEMENT_3D('',#5155,#3917,#3918);
#3403=AXIS2_PLACEMENT_3D('',#5159,#3921,#3922);
#3404=AXIS2_PLACEMENT_3D('',#5163,#3925,#3926);
#3405=AXIS2_PLACEMENT_3D('',#5172,#3931,#3932);
#3406=AXIS2_PLACEMENT_3D('',#5176,#3935,#3936);
#3407=AXIS2_PLACEMENT_3D('',#5180,#3939,#3940);
#3408=AXIS2_PLACEMENT_3D('',#5182,#3942,#3943);
#3409=AXIS2_PLACEMENT_3D('',#5191,#3948,#3949);
#3410=AXIS2_PLACEMENT_3D('',#5196,#3951,#3952);
#3411=AXIS2_PLACEMENT_3D('',#5199,#3954,#3955);
#3412=AXIS2_PLACEMENT_3D('',#5200,#3956,#3957);
#3413=AXIS2_PLACEMENT_3D('',#5206,#3961,#3962);
#3414=AXIS2_PLACEMENT_3D('',#5215,#3967,#3968);
#3415=AXIS2_PLACEMENT_3D('',#5219,#3971,#3972);
#3416=AXIS2_PLACEMENT_3D('',#5223,#3975,#3976);
#3417=AXIS2_PLACEMENT_3D('',#5225,#3978,#3979);
#3418=AXIS2_PLACEMENT_3D('',#5234,#3984,#3985);
#3419=AXIS2_PLACEMENT_3D('',#5238,#3988,#3989);
#3420=AXIS2_PLACEMENT_3D('',#5242,#3992,#3993);
#3421=AXIS2_PLACEMENT_3D('',#5244,#3995,#3996);
#3422=AXIS2_PLACEMENT_3D('',#5249,#3998,#3999);
#3423=AXIS2_PLACEMENT_3D('',#5252,#4001,#4002);
#3424=AXIS2_PLACEMENT_3D('',#5253,#4003,#4004);
#3425=AXIS2_PLACEMENT_3D('',#5256,#4005,#4006);
#3426=AXIS2_PLACEMENT_3D('',#5257,#4007,#4008);
#3427=AXIS2_PLACEMENT_3D('',#5258,#4009,#4010);
#3428=AXIS2_PLACEMENT_3D('',#5259,#4011,#4012);
#3429=AXIS2_PLACEMENT_3D('',#5262,#4013,#4014);
#3430=AXIS2_PLACEMENT_3D('',#5265,#4017,#4018);
#3431=AXIS2_PLACEMENT_3D('',#5266,#4019,#4020);
#3432=AXIS2_PLACEMENT_3D('',#5267,#4021,#4022);
#3433=AXIS2_PLACEMENT_3D('',#5268,#4023,#4024);
#3434=AXIS2_PLACEMENT_3D('',#5270,#4025,#4026);
#3435=AXIS2_PLACEMENT_3D('',#5271,#4027,#4028);
#3436=AXIS2_PLACEMENT_3D('',#5272,#4029,#4030);
#3437=AXIS2_PLACEMENT_3D('',#5273,#4031,#4032);
#3438=AXIS2_PLACEMENT_3D('',#5275,#4033,#4034);
#3439=AXIS2_PLACEMENT_3D('',#5277,#4036,#4037);
#3440=AXIS2_PLACEMENT_3D('',#5278,#4038,#4039);
#3441=AXIS2_PLACEMENT_3D('',#5279,#4040,#4041);
#3442=AXIS2_PLACEMENT_3D('',#5280,#4042,#4043);
#3443=AXIS2_PLACEMENT_3D('',#5283,#4045,#4046);
#3444=AXIS2_PLACEMENT_3D('',#5284,#4047,#4048);
#3445=AXIS2_PLACEMENT_3D('',#5288,#4051,#4052);
#3446=AXIS2_PLACEMENT_3D('',#5291,#4054,#4055);
#3447=AXIS2_PLACEMENT_3D('',#5292,#4056,#4057);
#3448=AXIS2_PLACEMENT_3D('',#5296,#4060,#4061);
#3449=AXIS2_PLACEMENT_3D('',#5301,#4063,#4064);
#3450=AXIS2_PLACEMENT_3D('',#5305,#4066,#4067);
#3451=AXIS2_PLACEMENT_3D('',#5309,#4069,#4070);
#3452=AXIS2_PLACEMENT_3D('',#5312,#4072,#4073);
#3453=AXIS2_PLACEMENT_3D('',#5313,#4074,#4075);
#3454=AXIS2_PLACEMENT_3D('',#5315,#4076,#4077);
#3455=AXIS2_PLACEMENT_3D('',#5318,#4079,#4080);
#3456=AXIS2_PLACEMENT_3D('',#5319,#4081,#4082);
#3457=AXIS2_PLACEMENT_3D('',#5321,#4083,#4084);
#3458=AXIS2_PLACEMENT_3D('',#5322,#4085,#4086);
#3459=AXIS2_PLACEMENT_3D('',#5323,#4087,#4088);
#3460=AXIS2_PLACEMENT_3D('',#5325,#4089,#4090);
#3461=AXIS2_PLACEMENT_3D('',#5327,#4092,#4093);
#3462=AXIS2_PLACEMENT_3D('',#5329,#4094,#4095);
#3463=AXIS2_PLACEMENT_3D('',#5330,#4096,#4097);
#3464=AXIS2_PLACEMENT_3D('',#5331,#4098,#4099);
#3465=AXIS2_PLACEMENT_3D('',#5333,#4100,#4101);
#3466=AXIS2_PLACEMENT_3D('',#5335,#4103,#4104);
#3467=AXIS2_PLACEMENT_3D('',#5337,#4105,#4106);
#3468=AXIS2_PLACEMENT_3D('',#5338,#4107,#4108);
#3469=AXIS2_PLACEMENT_3D('',#5339,#4109,#4110);
#3470=AXIS2_PLACEMENT_3D('',#5341,#4111,#4112);
#3471=AXIS2_PLACEMENT_3D('',#5343,#4114,#4115);
#3472=AXIS2_PLACEMENT_3D('',#5344,#4116,#4117);
#3473=AXIS2_PLACEMENT_3D('',#5345,#4118,#4119);
#3474=AXIS2_PLACEMENT_3D('',#5349,#4121,#4122);
#3475=AXIS2_PLACEMENT_3D('',#5351,#4124,#4125);
#3476=AXIS2_PLACEMENT_3D('',#5355,#4128,#4129);
#3477=AXIS2_PLACEMENT_3D('',#5358,#4131,#4132);
#3478=AXIS2_PLACEMENT_3D('',#5359,#4133,#4134);
#3479=AXIS2_PLACEMENT_3D('',#5363,#4137,#4138);
#3480=AXIS2_PLACEMENT_3D('',#5364,#4139,#4140);
#3481=AXIS2_PLACEMENT_3D('',#5365,#4141,#4142);
#3482=AXIS2_PLACEMENT_3D('',#5366,#4143,#4144);
#3483=AXIS2_PLACEMENT_3D('',#5367,#4145,#4146);
#3484=AXIS2_PLACEMENT_3D('',#5371,#4149,#4150);
#3485=AXIS2_PLACEMENT_3D('',#5373,#4151,#4152);
#3486=AXIS2_PLACEMENT_3D('',#5375,#4154,#4155);
#3487=AXIS2_PLACEMENT_3D('',#5381,#4159,#4160);
#3488=AXIS2_PLACEMENT_3D('',#5383,#4161,#4162);
#3489=AXIS2_PLACEMENT_3D('',#5385,#4164,#4165);
#3490=AXIS2_PLACEMENT_3D('',#5389,#4168,#4169);
#3491=AXIS2_PLACEMENT_3D('',#5391,#4170,#4171);
#3492=AXIS2_PLACEMENT_3D('',#5393,#4173,#4174);
#3493=AXIS2_PLACEMENT_3D('',#5397,#4177,#4178);
#3494=AXIS2_PLACEMENT_3D('',#5399,#4179,#4180);
#3495=AXIS2_PLACEMENT_3D('',#5401,#4182,#4183);
#3496=AXIS2_PLACEMENT_3D('',#5405,#4186,#4187);
#3497=AXIS2_PLACEMENT_3D('',#5406,#4188,#4189);
#3498=AXIS2_PLACEMENT_3D('',#5407,#4190,#4191);
#3499=AXIS2_PLACEMENT_3D('',#5410,#4193,#4194);
#3500=AXIS2_PLACEMENT_3D('',#5411,#4195,#4196);
#3501=AXIS2_PLACEMENT_3D('',#5413,#4198,#4199);
#3502=AXIS2_PLACEMENT_3D('',#5414,#4200,#4201);
#3503=AXIS2_PLACEMENT_3D('',#5420,#4205,#4206);
#3504=AXIS2_PLACEMENT_3D('',#5421,#4207,#4208);
#3505=AXIS2_PLACEMENT_3D('',#5422,#4209,#4210);
#3506=AXIS2_PLACEMENT_3D('',#5424,#4211,#4212);
#3507=AXIS2_PLACEMENT_3D('',#5426,#4214,#4215);
#3508=AXIS2_PLACEMENT_3D('',#5430,#4218,#4219);
#3509=AXIS2_PLACEMENT_3D('',#5432,#4220,#4221);
#3510=AXIS2_PLACEMENT_3D('',#5434,#4223,#4224);
#3511=AXIS2_PLACEMENT_3D('',#5438,#4227,#4228);
#3512=AXIS2_PLACEMENT_3D('',#5439,#4229,#4230);
#3513=AXIS2_PLACEMENT_3D('',#5440,#4231,#4232);
#3514=AXIS2_PLACEMENT_3D('',#5444,#4235,#4236);
#3515=AXIS2_PLACEMENT_3D('',#5448,#4239,#4240);
#3516=AXIS2_PLACEMENT_3D('',#5452,#4243,#4244);
#3517=AXIS2_PLACEMENT_3D('',#5456,#4247,#4248);
#3518=AXIS2_PLACEMENT_3D('',#5465,#4253,#4254);
#3519=AXIS2_PLACEMENT_3D('',#5469,#4257,#4258);
#3520=AXIS2_PLACEMENT_3D('',#5473,#4261,#4262);
#3521=AXIS2_PLACEMENT_3D('',#5475,#4264,#4265);
#3522=AXIS2_PLACEMENT_3D('',#5484,#4270,#4271);
#3523=AXIS2_PLACEMENT_3D('',#5488,#4274,#4275);
#3524=AXIS2_PLACEMENT_3D('',#5492,#4278,#4279);
#3525=AXIS2_PLACEMENT_3D('',#5494,#4281,#4282);
#3526=AXIS2_PLACEMENT_3D('',#5497,#4283,#4284);
#3527=AXIS2_PLACEMENT_3D('',#5501,#4286,#4287);
#3528=AXIS2_PLACEMENT_3D('',#5503,#4289,#4290);
#3529=AXIS2_PLACEMENT_3D('',#5506,#4291,#4292);
#3530=AXIS2_PLACEMENT_3D('',#5507,#4293,#4294);
#3531=AXIS2_PLACEMENT_3D('',#5508,#4295,#4296);
#3532=AXIS2_PLACEMENT_3D('',#5509,#4297,#4298);
#3533=AXIS2_PLACEMENT_3D('',#5512,#4299,#4300);
#3534=AXIS2_PLACEMENT_3D('',#5515,#4303,#4304);
#3535=AXIS2_PLACEMENT_3D('',#5518,#4305,#4306);
#3536=AXIS2_PLACEMENT_3D('',#5519,#4307,#4308);
#3537=AXIS2_PLACEMENT_3D('',#5520,#4309,#4310);
#3538=AXIS2_PLACEMENT_3D('',#5521,#4311,#4312);
#3539=AXIS2_PLACEMENT_3D('',#5524,#4313,#4314);
#3540=AXIS2_PLACEMENT_3D('',#5527,#4317,#4318);
#3541=AXIS2_PLACEMENT_3D('',#5530,#4319,#4320);
#3542=AXIS2_PLACEMENT_3D('',#5531,#4321,#4322);
#3543=AXIS2_PLACEMENT_3D('',#5532,#4323,#4324);
#3544=AXIS2_PLACEMENT_3D('',#5533,#4325,#4326);
#3545=AXIS2_PLACEMENT_3D('',#5536,#4327,#4328);
#3546=AXIS2_PLACEMENT_3D('',#5539,#4331,#4332);
#3547=AXIS2_PLACEMENT_3D('',#5540,#4333,#4334);
#3548=AXIS2_PLACEMENT_3D('',#5541,#4335,#4336);
#3549=AXIS2_PLACEMENT_3D('',#5542,#4337,#4338);
#3550=AXIS2_PLACEMENT_3D('',#5546,#4340,#4341);
#3551=AXIS2_PLACEMENT_3D('',#5548,#4343,#4344);
#3552=AXIS2_PLACEMENT_3D('',#5552,#4347,#4348);
#3553=AXIS2_PLACEMENT_3D('',#5554,#4349,#4350);
#3554=AXIS2_PLACEMENT_3D('',#5556,#4352,#4353);
#3555=AXIS2_PLACEMENT_3D('',#5560,#4356,#4357);
#3556=AXIS2_PLACEMENT_3D('',#5565,#4359,#4360);
#3557=AXIS2_PLACEMENT_3D('',#5569,#4362,#4363);
#3558=AXIS2_PLACEMENT_3D('',#5573,#4365,#4366);
#3559=AXIS2_PLACEMENT_3D('',#5576,#4368,#4369);
#3560=AXIS2_PLACEMENT_3D('',#5577,#4370,#4371);
#3561=AXIS2_PLACEMENT_3D('',#5579,#4372,#4373);
#3562=AXIS2_PLACEMENT_3D('',#5581,#4374,#4375);
#3563=AXIS2_PLACEMENT_3D('',#5583,#4377,#4378);
#3564=AXIS2_PLACEMENT_3D('',#5585,#4379,#4380);
#3565=AXIS2_PLACEMENT_3D('',#5586,#4381,#4382);
#3566=AXIS2_PLACEMENT_3D('',#5587,#4383,#4384);
#3567=AXIS2_PLACEMENT_3D('',#5589,#4385,#4386);
#3568=AXIS2_PLACEMENT_3D('',#5591,#4388,#4389);
#3569=AXIS2_PLACEMENT_3D('',#5593,#4390,#4391);
#3570=AXIS2_PLACEMENT_3D('',#5594,#4392,#4393);
#3571=AXIS2_PLACEMENT_3D('',#5595,#4394,#4395);
#3572=AXIS2_PLACEMENT_3D('',#5597,#4396,#4397);
#3573=AXIS2_PLACEMENT_3D('',#5599,#4399,#4400);
#3574=AXIS2_PLACEMENT_3D('',#5601,#4401,#4402);
#3575=AXIS2_PLACEMENT_3D('',#5602,#4403,#4404);
#3576=AXIS2_PLACEMENT_3D('',#5603,#4405,#4406);
#3577=AXIS2_PLACEMENT_3D('',#5605,#4407,#4408);
#3578=AXIS2_PLACEMENT_3D('',#5607,#4410,#4411);
#3579=AXIS2_PLACEMENT_3D('',#5608,#4412,#4413);
#3580=AXIS2_PLACEMENT_3D('',#5609,#4414,#4415);
#3581=AXIS2_PLACEMENT_3D('',#5613,#4417,#4418);
#3582=AXIS2_PLACEMENT_3D('',#5615,#4420,#4421);
#3583=AXIS2_PLACEMENT_3D('',#5619,#4424,#4425);
#3584=AXIS2_PLACEMENT_3D('',#5621,#4426,#4427);
#3585=AXIS2_PLACEMENT_3D('',#5623,#4429,#4430);
#3586=AXIS2_PLACEMENT_3D('',#5627,#4433,#4434);
#3587=AXIS2_PLACEMENT_3D('',#5631,#4437,#4438);
#3588=AXIS2_PLACEMENT_3D('',#5634,#4440,#4441);
#3589=AXIS2_PLACEMENT_3D('',#5635,#4442,#4443);
#3590=AXIS2_PLACEMENT_3D('',#5639,#4446,#4447);
#3591=AXIS2_PLACEMENT_3D('',#5640,#4448,#4449);
#3592=AXIS2_PLACEMENT_3D('',#5641,#4450,#4451);
#3593=AXIS2_PLACEMENT_3D('',#5645,#4454,#4455);
#3594=AXIS2_PLACEMENT_3D('',#5648,#4457,#4458);
#3595=AXIS2_PLACEMENT_3D('',#5649,#4459,#4460);
#3596=AXIS2_PLACEMENT_3D('',#5655,#4464,#4465);
#3597=AXIS2_PLACEMENT_3D('',#5658,#4467,#4468);
#3598=AXIS2_PLACEMENT_3D('',#5659,#4469,#4470);
#3599=AXIS2_PLACEMENT_3D('',#5663,#4473,#4474);
#3600=AXIS2_PLACEMENT_3D('',#5666,#4476,#4477);
#3601=AXIS2_PLACEMENT_3D('',#5667,#4478,#4479);
#3602=AXIS2_PLACEMENT_3D('',#5671,#4482,#4483);
#3603=AXIS2_PLACEMENT_3D('',#5674,#4485,#4486);
#3604=AXIS2_PLACEMENT_3D('',#5675,#4487,#4488);
#3605=AXIS2_PLACEMENT_3D('',#5679,#4491,#4492);
#3606=AXIS2_PLACEMENT_3D('',#5680,#4493,#4494);
#3607=AXIS2_PLACEMENT_3D('',#5681,#4495,#4496);
#3608=AXIS2_PLACEMENT_3D('',#5683,#4497,#4498);
#3609=AXIS2_PLACEMENT_3D('',#5685,#4500,#4501);
#3610=AXIS2_PLACEMENT_3D('',#5687,#4503,#4504);
#3611=AXIS2_PLACEMENT_3D('',#5688,#4505,#4506);
#3612=AXIS2_PLACEMENT_3D('',#5694,#4510,#4511);
#3613=AXIS2_PLACEMENT_3D('',#5695,#4512,#4513);
#3614=AXIS2_PLACEMENT_3D('',#5696,#4514,#4515);
#3615=AXIS2_PLACEMENT_3D('',#5699,#4517,#4518);
#3616=AXIS2_PLACEMENT_3D('',#5700,#4519,#4520);
#3617=AXIS2_PLACEMENT_3D('',#5704,#4523,#4524);
#3618=AXIS2_PLACEMENT_3D('',#5705,#4525,#4526);
#3619=AXIS2_PLACEMENT_3D('',#5706,#4527,#4528);
#3620=AXIS2_PLACEMENT_3D('',#5707,#4529,#4530);
#3621=AXIS2_PLACEMENT_3D('',#5708,#4531,#4532);
#3622=AXIS2_PLACEMENT_3D('',#5709,#4533,#4534);
#3623=AXIS2_PLACEMENT_3D('',#5710,#4535,#4536);
#3624=AXIS2_PLACEMENT_3D('',#5712,#4537,#4538);
#3625=AXIS2_PLACEMENT_3D('',#5714,#4539,#4540);
#3626=AXIS2_PLACEMENT_3D('',#5716,#4541,#4542);
#3627=AXIS2_PLACEMENT_3D('',#5717,#4543,#4544);
#3628=AXIS2_PLACEMENT_3D('',#5718,#4545,#4546);
#3629=AXIS2_PLACEMENT_3D('',#5720,#4547,#4548);
#3630=AXIS2_PLACEMENT_3D('',#5721,#4549,#4550);
#3631=AXIS2_PLACEMENT_3D('',#5724,#4552,#4553);
#3632=AXIS2_PLACEMENT_3D('',#5725,#4554,#4555);
#3633=AXIS2_PLACEMENT_3D('',#5727,#4556,#4557);
#3634=AXIS2_PLACEMENT_3D('',#5729,#4558,#4559);
#3635=AXIS2_PLACEMENT_3D('',#5730,#4560,#4561);
#3636=AXIS2_PLACEMENT_3D('',#5731,#4562,#4563);
#3637=AXIS2_PLACEMENT_3D('',#5763,#4566,#4567);
#3638=AXIS2_PLACEMENT_3D('',#5860,#4568,#4569);
#3639=AXIS2_PLACEMENT_3D('',#5862,#4570,#4571);
#3640=AXIS2_PLACEMENT_3D('',#5864,#4573,#4574);
#3641=AXIS2_PLACEMENT_3D('',#5865,#4575,#4576);
#3642=DIRECTION('axis',(0.,0.,1.));
#3643=DIRECTION('refdir',(1.,0.,0.));
#3644=DIRECTION('center_axis',(0.,0.,-1.));
#3645=DIRECTION('ref_axis',(-1.,-3.33066907387547E-15,0.));
#3646=DIRECTION('',(2.77555756156289E-15,-1.,0.));
#3647=DIRECTION('',(1.,3.33066907387547E-15,0.));
#3648=DIRECTION('',(-4.44089209850062E-15,1.,0.));
#3649=DIRECTION('',(-1.,-3.33066907387547E-15,0.));
#3650=DIRECTION('center_axis',(0.,0.,1.));
#3651=DIRECTION('ref_axis',(1.,3.33066907387547E-15,0.));
#3652=DIRECTION('',(-2.77555756156289E-15,1.,0.));
#3653=DIRECTION('',(1.,3.33066907387547E-15,0.));
#3654=DIRECTION('',(-4.44089209850062E-15,1.,0.));
#3655=DIRECTION('',(-1.,-3.33066907387547E-15,0.));
#3656=DIRECTION('center_axis',(-4.44089209850062E-15,1.,0.));
#3657=DIRECTION('ref_axis',(0.,0.,1.));
#3658=DIRECTION('center_axis',(-3.33066907387547E-15,1.,0.));
#3659=DIRECTION('ref_axis',(0.,0.,1.));
#3660=DIRECTION('center_axis',(3.33066907387547E-15,-1.,0.));
#3661=DIRECTION('ref_axis',(0.,0.,1.));
#3662=DIRECTION('center_axis',(3.33066907387547E-15,-1.,0.));
#3663=DIRECTION('ref_axis',(1.,3.33066907387547E-15,0.));
#3664=DIRECTION('center_axis',(-3.33066907387547E-15,1.,0.));
#3665=DIRECTION('ref_axis',(1.,2.77555756156289E-15,0.));
#3666=DIRECTION('center_axis',(1.,4.44089209850062E-15,0.));
#3667=DIRECTION('ref_axis',(0.,0.,-1.));
#3668=DIRECTION('',(0.,0.,-1.));
#3669=DIRECTION('',(-4.44089209850062E-15,1.,0.));
#3670=DIRECTION('',(0.,0.,1.));
#3671=DIRECTION('',(-4.44089209850062E-15,1.,0.));
#3672=DIRECTION('center_axis',(-4.44089209850062E-15,1.,0.));
#3673=DIRECTION('ref_axis',(1.,4.44089209850062E-15,0.));
#3674=DIRECTION('',(4.44089209850062E-15,-1.,0.));
#3675=DIRECTION('center_axis',(3.33066907387547E-15,-1.,0.));
#3676=DIRECTION('ref_axis',(1.,4.44089209850062E-15,0.));
#3677=DIRECTION('center_axis',(-3.33066907387547E-15,1.,0.));
#3678=DIRECTION('ref_axis',(1.,4.44089209850062E-15,0.));
#3679=DIRECTION('center_axis',(-4.44089209850062E-15,1.,0.));
#3680=DIRECTION('ref_axis',(-1.,-4.44089209850062E-15,0.));
#3681=DIRECTION('',(-4.44089209850062E-15,1.,0.));
#3682=DIRECTION('center_axis',(-3.33066907387547E-15,1.,0.));
#3683=DIRECTION('ref_axis',(-1.,-4.44089209850062E-15,0.));
#3684=DIRECTION('center_axis',(3.33066907387547E-15,-1.,0.));
#3685=DIRECTION('ref_axis',(-1.,-4.44089209850062E-15,0.));
#3686=DIRECTION('center_axis',(3.33066907387547E-15,-1.,0.));
#3687=DIRECTION('ref_axis',(1.,3.33066907387547E-15,0.));
#3688=DIRECTION('center_axis',(3.33066907387547E-15,-1.,0.));
#3689=DIRECTION('ref_axis',(1.,4.44089209850062E-15,0.));
#3690=DIRECTION('center_axis',(1.,4.44089209850062E-15,0.));
#3691=DIRECTION('ref_axis',(0.,0.,-1.));
#3692=DIRECTION('',(2.77555756156289E-15,-1.,0.));
#3693=DIRECTION('',(0.,0.,1.));
#3694=DIRECTION('',(-4.44089209850062E-15,1.,0.));
#3695=DIRECTION('',(0.,0.,-1.));
#3696=DIRECTION('center_axis',(-4.44089209850062E-15,1.,0.));
#3697=DIRECTION('ref_axis',(-1.,-4.44089209850062E-15,0.));
#3698=DIRECTION('',(-4.44089209850062E-15,1.,0.));
#3699=DIRECTION('center_axis',(-3.33066907387547E-15,1.,0.));
#3700=DIRECTION('ref_axis',(-1.,-4.44089209850062E-15,0.));
#3701=DIRECTION('center_axis',(3.33066907387547E-15,-1.,0.));
#3702=DIRECTION('ref_axis',(-1.,-4.44089209850062E-15,0.));
#3703=DIRECTION('center_axis',(3.33066907387547E-15,-1.,0.));
#3704=DIRECTION('ref_axis',(1.,3.33066907387547E-15,0.));
#3705=DIRECTION('center_axis',(-3.33066907387547E-15,1.,0.));
#3706=DIRECTION('ref_axis',(1.,2.77555756156289E-15,0.));
#3707=DIRECTION('center_axis',(1.,4.44089209850062E-15,0.));
#3708=DIRECTION('ref_axis',(0.,0.,-1.));
#3709=DIRECTION('',(2.77555756156289E-15,-1.,0.));
#3710=DIRECTION('',(0.,0.,1.));
#3711=DIRECTION('',(-4.44089209850062E-15,1.,0.));
#3712=DIRECTION('',(0.,0.,-1.));
#3713=DIRECTION('center_axis',(3.33066907387547E-15,-1.,0.));
#3714=DIRECTION('ref_axis',(1.,3.33066907387547E-15,0.));
#3715=DIRECTION('center_axis',(-3.33066907387547E-15,1.,0.));
#3716=DIRECTION('ref_axis',(1.,2.77555756156289E-15,0.));
#3717=DIRECTION('center_axis',(3.33066907387547E-15,-1.,0.));
#3718=DIRECTION('ref_axis',(1.,4.44089209850062E-15,0.));
#3719=DIRECTION('',(0.,0.,-1.));
#3720=DIRECTION('center_axis',(3.33066907387547E-15,-1.,0.));
#3721=DIRECTION('ref_axis',(1.,4.44089209850062E-15,0.));
#3722=DIRECTION('center_axis',(3.33066907387547E-15,-1.,0.));
#3723=DIRECTION('ref_axis',(-1.,-4.44089209850062E-15,0.));
#3724=DIRECTION('center_axis',(-4.44089209850062E-15,1.,0.));
#3725=DIRECTION('ref_axis',(1.,4.44089209850062E-15,0.));
#3726=DIRECTION('',(-4.44089209850062E-15,1.,0.));
#3727=DIRECTION('center_axis',(-3.33066907387547E-15,1.,0.));
#3728=DIRECTION('ref_axis',(1.,4.44089209850062E-15,0.));
#3729=DIRECTION('',(-4.44089209850062E-15,1.,0.));
#3730=DIRECTION('center_axis',(-1.,-4.44089209850062E-15,0.));
#3731=DIRECTION('ref_axis',(0.,0.,1.));
#3732=DIRECTION('',(4.44089209850062E-15,-1.,0.));
#3733=DIRECTION('',(0.,0.,1.));
#3734=DIRECTION('center_axis',(-4.44089209850062E-15,1.,0.));
#3735=DIRECTION('ref_axis',(-1.,-4.44089209850062E-15,0.));
#3736=DIRECTION('',(-4.44089209850062E-15,1.,0.));
#3737=DIRECTION('center_axis',(-3.33066907387547E-15,1.,0.));
#3738=DIRECTION('ref_axis',(-1.,-4.44089209850062E-15,0.));
#3739=DIRECTION('center_axis',(0.,0.,-1.));
#3740=DIRECTION('ref_axis',(-1.,-3.33066907387547E-15,0.));
#3741=DIRECTION('',(2.77555756156289E-15,-1.,0.));
#3742=DIRECTION('',(1.,3.33066907387547E-15,0.));
#3743=DIRECTION('',(-4.44089209850062E-15,1.,0.));
#3744=DIRECTION('',(-1.,-3.33066907387547E-15,0.));
#3745=DIRECTION('center_axis',(3.33066907387547E-15,-1.,0.));
#3746=DIRECTION('ref_axis',(1.,3.33066907387547E-15,0.));
#3747=DIRECTION('center_axis',(-3.33066907387547E-15,1.,0.));
#3748=DIRECTION('ref_axis',(1.,2.77555756156289E-15,0.));
#3749=DIRECTION('center_axis',(3.33066907387547E-15,-1.,0.));
#3750=DIRECTION('ref_axis',(0.,0.,-1.));
#3751=DIRECTION('',(-1.,-3.33066907387547E-15,0.));
#3752=DIRECTION('center_axis',(3.33066907387547E-15,-1.,0.));
#3753=DIRECTION('ref_axis',(1.,4.44089209850062E-15,0.));
#3754=DIRECTION('center_axis',(-4.44089209850062E-15,1.,0.));
#3755=DIRECTION('ref_axis',(0.,0.,-1.));
#3756=DIRECTION('',(-4.44089209850062E-15,1.,0.));
#3757=DIRECTION('center_axis',(-3.33066907387547E-15,1.,0.));
#3758=DIRECTION('ref_axis',(0.,0.,-1.));
#3759=DIRECTION('',(-4.44089209850062E-15,1.,0.));
#3760=DIRECTION('center_axis',(0.,0.,1.));
#3761=DIRECTION('ref_axis',(1.,3.33066907387547E-15,0.));
#3762=DIRECTION('',(4.44089209850062E-15,-1.,0.));
#3763=DIRECTION('',(1.,3.33066907387547E-15,0.));
#3764=DIRECTION('center_axis',(3.33066907387547E-15,-1.,0.));
#3765=DIRECTION('ref_axis',(1.,3.33066907387547E-15,0.));
#3766=DIRECTION('center_axis',(-3.33066907387547E-15,1.,0.));
#3767=DIRECTION('ref_axis',(1.,3.33066907387547E-15,0.));
#3768=DIRECTION('center_axis',(3.33066907387547E-15,-1.,0.));
#3769=DIRECTION('ref_axis',(1.,3.33066907387547E-15,0.));
#3770=DIRECTION('center_axis',(3.33066907387547E-15,-1.,0.));
#3771=DIRECTION('ref_axis',(-0.773329952663333,-2.87127899495311E-15,-0.634003773106854));
#3772=DIRECTION('',(7.83686039186421E-16,2.61019885434617E-30,1.));
#3773=DIRECTION('center_axis',(3.33066907387547E-15,-1.,0.));
#3774=DIRECTION('ref_axis',(-0.707106781186547,-3.14018491736755E-15,0.707106781186548));
#3775=DIRECTION('',(1.,3.33066907387547E-15,-4.53152254949043E-16));
#3776=DIRECTION('center_axis',(-3.33066907387548E-15,1.,0.));
#3777=DIRECTION('ref_axis',(1.,3.33066907387548E-15,0.));
#3778=DIRECTION('',(-2.26576127474522E-16,-7.54650100657857E-31,1.));
#3779=DIRECTION('center_axis',(-3.33066907387547E-15,1.,-1.54074395550975E-32));
#3780=DIRECTION('ref_axis',(-4.16333634234434E-16,-1.37126212040371E-30,
1.));
#3781=DIRECTION('',(-1.,-3.33066907387547E-15,-6.79728382423565E-16));
#3782=DIRECTION('center_axis',(3.33066907387547E-15,-1.,0.));
#3783=DIRECTION('ref_axis',(-0.707106781186547,-3.14018491736755E-15,-0.707106781186548));
#3784=DIRECTION('',(7.83686039186421E-16,2.61019885434617E-30,1.));
#3785=DIRECTION('center_axis',(3.33066907387547E-15,-1.,0.));
#3786=DIRECTION('ref_axis',(-0.707106781186547,-3.14018491736755E-15,0.707106781186548));
#3787=DIRECTION('',(-1.,-3.33066907387547E-15,6.79728382423565E-16));
#3788=DIRECTION('center_axis',(3.33066907387547E-15,-1.,-1.54074395550975E-32));
#3789=DIRECTION('ref_axis',(-4.16333634234434E-16,-1.37126212040371E-30,
-1.));
#3790=DIRECTION('',(-2.26576127474522E-16,-7.54650100657857E-31,-1.));
#3791=DIRECTION('center_axis',(3.33066907387548E-15,-1.,0.));
#3792=DIRECTION('ref_axis',(1.,3.33066907387548E-15,0.));
#3793=DIRECTION('',(1.,3.33066907387547E-15,4.53152254949043E-16));
#3794=DIRECTION('center_axis',(3.33066907387547E-15,-1.,-1.54074395550975E-32));
#3795=DIRECTION('ref_axis',(5.1317082433769E-47,-1.54074395550975E-32,1.));
#3796=DIRECTION('',(1.34052786765767E-46,-4.02480053684189E-32,1.));
#3797=DIRECTION('center_axis',(3.33066907387548E-15,-1.,0.));
#3798=DIRECTION('ref_axis',(-1.,-3.33066907387548E-15,0.));
#3799=DIRECTION('',(-1.,-3.33066907387547E-15,6.79728382423565E-16));
#3800=DIRECTION('center_axis',(3.33066907387547E-15,-1.,0.));
#3801=DIRECTION('ref_axis',(0.707106781186546,3.14018491736754E-15,0.707106781186549));
#3802=DIRECTION('',(-1.90043864502707E-15,-6.32973222178947E-30,1.));
#3803=DIRECTION('center_axis',(3.33066907387547E-15,-1.,0.));
#3804=DIRECTION('ref_axis',(0.707106781186547,3.14018491736755E-15,-0.707106781186548));
#3805=DIRECTION('',(-1.,-3.33066907387547E-15,-6.79728382423565E-16));
#3806=DIRECTION('center_axis',(-3.33066907387548E-15,1.,0.));
#3807=DIRECTION('ref_axis',(-1.,-3.33066907387548E-15,0.));
#3808=DIRECTION('',(1.34052786765767E-46,-4.02480053684189E-32,-1.));
#3809=DIRECTION('center_axis',(-3.33066907387547E-15,1.,-1.54074395550975E-32));
#3810=DIRECTION('ref_axis',(5.1317082433769E-47,-1.54074395550975E-32,-1.));
#3811=DIRECTION('',(1.,3.33066907387547E-15,-4.53152254949043E-16));
#3812=DIRECTION('center_axis',(3.33066907387547E-15,-1.,0.));
#3813=DIRECTION('ref_axis',(0.707106781186547,3.14018491736755E-15,0.707106781186548));
#3814=DIRECTION('',(-1.90043864502707E-15,-6.32973222178947E-30,1.));
#3815=DIRECTION('center_axis',(3.33066907387547E-15,-1.,0.));
#3816=DIRECTION('ref_axis',(0.773329952663334,2.87127899495311E-15,-0.634003773106853));
#3817=DIRECTION('center_axis',(3.33066907387547E-15,-1.,0.));
#3818=DIRECTION('ref_axis',(1.,3.33066907387547E-15,0.));
#3819=DIRECTION('center_axis',(-3.33066907387547E-15,1.,0.));
#3820=DIRECTION('ref_axis',(1.,3.33066907387547E-15,0.));
#3821=DIRECTION('center_axis',(-3.33066907387547E-15,1.,6.16297582203903E-32));
#3822=DIRECTION('ref_axis',(-5.5511151231258E-16,-1.91052250483215E-30,
1.));
#3823=DIRECTION('',(1.,3.33066907387547E-15,0.));
#3824=DIRECTION('center_axis',(-3.33066907387548E-15,1.,0.));
#3825=DIRECTION('ref_axis',(1.,3.33066907387548E-15,0.));
#3826=DIRECTION('',(2.60449858169412E-61,-7.81974589466974E-47,-1.));
#3827=DIRECTION('center_axis',(-3.33066907387547E-15,1.,6.16297582203903E-32));
#3828=DIRECTION('ref_axis',(-2.05268329735077E-46,6.16297582203903E-32,
-1.));
#3829=DIRECTION('',(-1.,-3.33066907387547E-15,4.53152254949043E-16));
#3830=DIRECTION('center_axis',(-3.33066907387548E-15,1.,0.));
#3831=DIRECTION('ref_axis',(-1.,-3.33066907387548E-15,0.));
#3832=DIRECTION('',(-2.68105573531535E-46,8.04960107368381E-32,1.));
#3833=DIRECTION('center_axis',(3.33066907387547E-15,-1.,6.16297582203903E-32));
#3834=DIRECTION('ref_axis',(-5.5511151231258E-16,-1.91052250483215E-30,
-1.));
#3835=DIRECTION('',(-2.68105573531535E-46,8.04960107368381E-32,-1.));
#3836=DIRECTION('center_axis',(3.33066907387548E-15,-1.,0.));
#3837=DIRECTION('ref_axis',(-1.,-3.33066907387548E-15,0.));
#3838=DIRECTION('',(-1.,-3.33066907387547E-15,-4.53152254949043E-16));
#3839=DIRECTION('center_axis',(3.33066907387547E-15,-1.,6.16297582203903E-32));
#3840=DIRECTION('ref_axis',(-2.05268329735077E-46,6.16297582203903E-32,
1.));
#3841=DIRECTION('',(2.60449858169412E-61,-7.81974589466974E-47,1.));
#3842=DIRECTION('center_axis',(3.33066907387548E-15,-1.,0.));
#3843=DIRECTION('ref_axis',(1.,3.33066907387548E-15,0.));
#3844=DIRECTION('',(1.,3.33066907387547E-15,0.));
#3845=DIRECTION('center_axis',(3.33066907387547E-15,-1.,0.));
#3846=DIRECTION('ref_axis',(1.,3.33066907387547E-15,0.));
#3847=DIRECTION('center_axis',(-3.33066907387547E-15,1.,0.));
#3848=DIRECTION('ref_axis',(1.,3.33066907387547E-15,0.));
#3849=DIRECTION('center_axis',(-3.33066907387547E-15,1.,0.));
#3850=DIRECTION('ref_axis',(1.,3.33066907387547E-15,0.));
#3851=DIRECTION('center_axis',(3.33066907387547E-15,-1.,0.));
#3852=DIRECTION('ref_axis',(1.,3.33066907387547E-15,0.));
#3853=DIRECTION('center_axis',(3.33066907387547E-15,-1.,0.));
#3854=DIRECTION('ref_axis',(1.,3.33066907387547E-15,0.));
#3855=DIRECTION('center_axis',(-3.33066907387547E-15,1.,0.));
#3856=DIRECTION('ref_axis',(1.,3.33066907387547E-15,0.));
#3857=DIRECTION('center_axis',(-4.44089209850062E-15,1.,0.));
#3858=DIRECTION('ref_axis',(0.773329952663334,2.87127899495311E-15,-0.634003773106853));
#3859=DIRECTION('',(-3.53252780562548E-15,1.,1.72629060594261E-30));
#3860=DIRECTION('center_axis',(-3.33066907387547E-15,1.,0.));
#3861=DIRECTION('ref_axis',(0.773329952663334,2.87127899495311E-15,-0.634003773106853));
#3862=DIRECTION('',(4.44089209850062E-15,-1.,0.));
#3863=DIRECTION('center_axis',(-1.,-3.53252780562548E-15,-1.90043864502707E-15));
#3864=DIRECTION('ref_axis',(-1.90043864502707E-15,-6.32973222178947E-30,
1.));
#3865=DIRECTION('',(3.53252780562548E-15,-1.,-9.14727394736729E-32));
#3866=DIRECTION('',(1.90043864502707E-15,6.32973222178947E-30,-1.));
#3867=DIRECTION('center_axis',(4.44089209850062E-15,-1.,0.));
#3868=DIRECTION('ref_axis',(-0.773329952663333,-2.87127899495311E-15,-0.634003773106854));
#3869=DIRECTION('center_axis',(-3.33066907387547E-15,1.,0.));
#3870=DIRECTION('ref_axis',(-0.773329952663333,-2.87127899495311E-15,-0.634003773106854));
#3871=DIRECTION('',(3.53252780562548E-15,-1.,7.11872414821694E-31));
#3872=DIRECTION('',(-4.44089209850062E-15,1.,0.));
#3873=DIRECTION('center_axis',(1.,3.53252780562548E-15,-7.83686039186421E-16));
#3874=DIRECTION('ref_axis',(-7.83686039186421E-16,-2.61019885434617E-30,
-1.));
#3875=DIRECTION('',(7.83686039186421E-16,2.61019885434618E-30,1.));
#3876=DIRECTION('',(-3.53252780562548E-15,1.,9.14727394736729E-32));
#3877=DIRECTION('center_axis',(-3.53252780562548E-15,1.,9.14727394736729E-32));
#3878=DIRECTION('ref_axis',(-0.707106781186547,-3.14018491736755E-15,0.707106781186548));
#3879=DIRECTION('center_axis',(-3.33066907387547E-15,1.,0.));
#3880=DIRECTION('ref_axis',(-0.707106781186547,-3.14018491736755E-15,0.707106781186548));
#3881=DIRECTION('',(3.53252780562548E-15,-1.,-9.14727394736729E-32));
#3882=DIRECTION('center_axis',(3.53252780562548E-15,-1.,-9.14727394736729E-32));
#3883=DIRECTION('ref_axis',(0.707106781186547,3.14018491736755E-15,0.707106781186548));
#3884=DIRECTION('center_axis',(-3.33066907387547E-15,1.,0.));
#3885=DIRECTION('ref_axis',(0.707106781186547,3.14018491736755E-15,0.707106781186548));
#3886=DIRECTION('',(-3.53252780562548E-15,1.,9.14727394736729E-32));
#3887=DIRECTION('center_axis',(-3.53252780562548E-15,1.,-1.37209109210509E-31));
#3888=DIRECTION('ref_axis',(0.707106781186547,3.14018491736755E-15,-0.707106781186548));
#3889=DIRECTION('',(-3.53252780562548E-15,1.,-1.37209109210509E-31));
#3890=DIRECTION('center_axis',(-3.33066907387547E-15,1.,0.));
#3891=DIRECTION('ref_axis',(0.707106781186547,3.14018491736755E-15,-0.707106781186548));
#3892=DIRECTION('',(3.53252780562548E-15,-1.,1.37209109210509E-31));
#3893=DIRECTION('center_axis',(-1.,-3.53252780562548E-15,-1.90043864502707E-15));
#3894=DIRECTION('ref_axis',(-1.90043864502707E-15,-6.32973222178947E-30,
1.));
#3895=DIRECTION('',(3.53252780562548E-15,-1.,-1.37209109210509E-31));
#3896=DIRECTION('',(1.90043864502707E-15,6.32973222178947E-30,-1.));
#3897=DIRECTION('center_axis',(3.53252780562548E-15,-1.,1.37209109210509E-31));
#3898=DIRECTION('ref_axis',(-0.707106781186547,-3.14018491736755E-15,-0.707106781186548));
#3899=DIRECTION('center_axis',(-3.33066907387547E-15,1.,0.));
#3900=DIRECTION('ref_axis',(-0.707106781186547,-3.14018491736755E-15,-0.707106781186548));
#3901=DIRECTION('',(3.53252780562548E-15,-1.,1.37209109210509E-31));
#3902=DIRECTION('',(-3.53252780562548E-15,1.,-1.37209109210509E-31));
#3903=DIRECTION('center_axis',(1.,3.53252780562548E-15,-7.83686039186421E-16));
#3904=DIRECTION('ref_axis',(-7.83686039186421E-16,-2.61019885434617E-30,
-1.));
#3905=DIRECTION('',(7.83686039186421E-16,2.61019885434618E-30,1.));
#3906=DIRECTION('',(-3.53252780562548E-15,1.,1.37209109210509E-31));
#3907=DIRECTION('center_axis',(-3.53252780562548E-15,1.,1.37209109210509E-31));
#3908=DIRECTION('ref_axis',(-0.707106781186547,-3.14018491736755E-15,0.707106781186548));
#3909=DIRECTION('center_axis',(-3.33066907387547E-15,1.,0.));
#3910=DIRECTION('ref_axis',(-0.707106781186547,-3.14018491736755E-15,0.707106781186548));
#3911=DIRECTION('',(3.53252780562548E-15,-1.,-1.37209109210509E-31));
#3912=DIRECTION('center_axis',(3.53252780562548E-15,-1.,-1.37209109210509E-31));
#3913=DIRECTION('ref_axis',(0.707106781186546,3.14018491736754E-15,0.707106781186549));
#3914=DIRECTION('center_axis',(-3.33066907387547E-15,1.,0.));
#3915=DIRECTION('ref_axis',(0.707106781186546,3.14018491736754E-15,0.707106781186549));
#3916=DIRECTION('',(-3.53252780562548E-15,1.,1.37209109210509E-31));
#3917=DIRECTION('center_axis',(-6.79728382423565E-16,-2.26395030197357E-30,
-1.));
#3918=DIRECTION('ref_axis',(-1.,-3.33066907387547E-15,6.79728382423565E-16));
#3919=DIRECTION('',(-1.,-3.33066907387547E-15,6.79728382423565E-16));
#3920=DIRECTION('',(-3.33066907387547E-15,1.,0.));
#3921=DIRECTION('center_axis',(-6.79728382423565E-16,-2.26395030197357E-30,
-1.));
#3922=DIRECTION('ref_axis',(-1.,-3.33066907387547E-15,6.79728382423565E-16));
#3923=DIRECTION('',(-3.33066907387547E-15,1.,0.));
#3924=DIRECTION('',(-1.,-3.33066907387547E-15,6.79728382423565E-16));
#3925=DIRECTION('center_axis',(-2.20903286200924E-15,0.707106781186541,
-0.707106781186554));
#3926=DIRECTION('ref_axis',(-1.,-3.46944695195361E-15,-3.45402718772271E-16));
#3927=DIRECTION('',(0.577350269189624,-0.577350269189631,-0.577350269189622));
#3928=DIRECTION('',(1.,3.46944695195361E-15,3.45402718772259E-16));
#3929=DIRECTION('',(-0.57735026918962,-0.577350269189635,-0.577350269189622));
#3930=DIRECTION('',(-1.,-3.12404423318135E-15,0.));
#3931=DIRECTION('center_axis',(-0.707106781186547,-2.4532694666934E-15,
-0.707106781186548));
#3932=DIRECTION('ref_axis',(3.46944695195361E-15,-1.,9.50316341366113E-47));
#3933=DIRECTION('',(3.46944695195361E-15,-1.,0.));
#3934=DIRECTION('',(0.577350269189624,0.577350269189629,-0.577350269189625));
#3935=DIRECTION('center_axis',(2.69750607137753E-15,-0.707106781186547,
-0.707106781186548));
#3936=DIRECTION('ref_axis',(1.,3.46944695195361E-15,3.45402718772271E-16));
#3937=DIRECTION('',(0.577350269189627,-0.577350269189625,0.577350269189626));
#3938=DIRECTION('',(1.,3.81484967072587E-15,0.));
#3939=DIRECTION('center_axis',(0.707106781186548,2.4532694666934E-15,-0.707106781186547));
#3940=DIRECTION('ref_axis',(-3.46944695195361E-15,1.,-9.50316341366113E-47));
#3941=DIRECTION('',(-3.46944695195361E-15,1.,0.));
#3942=DIRECTION('center_axis',(0.,0.,-1.));
#3943=DIRECTION('ref_axis',(-1.,-3.33066907387547E-15,0.));
#3944=DIRECTION('',(1.,3.33066907387548E-15,0.));
#3945=DIRECTION('',(-3.28020439093796E-15,1.,0.));
#3946=DIRECTION('',(-1.,-3.33066907387548E-15,0.));
#3947=DIRECTION('',(-3.28020439093796E-15,1.,0.));
#3948=DIRECTION('center_axis',(-2.26576127474522E-16,-7.54650100657857E-31,
1.));
#3949=DIRECTION('ref_axis',(-0.707106781186553,0.707106781186542,0.));
#3950=DIRECTION('',(-2.26576127474522E-16,-7.54650100657857E-31,1.));
#3951=DIRECTION('center_axis',(0.,0.,-1.));
#3952=DIRECTION('ref_axis',(-1.,0.,0.));
#3953=DIRECTION('',(2.26576127474522E-16,7.54650100657857E-31,-1.));
#3954=DIRECTION('center_axis',(0.,0.,-1.));
#3955=DIRECTION('ref_axis',(-1.,-7.40148683083437E-15,0.));
#3956=DIRECTION('center_axis',(-1.,-3.28020439093796E-15,-2.26576127474522E-16));
#3957=DIRECTION('ref_axis',(-2.26576127474522E-16,-6.54030087236809E-31,
1.));
#3958=DIRECTION('',(2.26576127474522E-16,7.54650100657857E-31,-1.));
#3959=DIRECTION('',(-3.28020439093796E-15,1.,0.));
#3960=DIRECTION('',(-3.28020439093796E-15,1.,0.));
#3961=DIRECTION('center_axis',(-0.707106781186551,0.707106781186544,-8.72273588157657E-17));
#3962=DIRECTION('ref_axis',(-1.2335811384724E-16,0.,1.));
#3963=DIRECTION('',(0.577350269189624,0.577350269189631,0.577350269189622));
#3964=DIRECTION('',(1.2335811384724E-16,0.,-1.));
#3965=DIRECTION('',(-0.577350269189624,-0.577350269189631,0.577350269189622));
#3966=DIRECTION('',(-4.27984432086055E-31,1.23358113847241E-16,1.));
#3967=DIRECTION('center_axis',(-0.707106781186547,2.4532694666934E-15,0.707106781186548));
#3968=DIRECTION('ref_axis',(-3.46944695195361E-15,-1.,-4.27984432086052E-31));
#3969=DIRECTION('',(3.46944695195361E-15,-1.,6.93889390390722E-15));
#3970=DIRECTION('',(-0.577350269189624,0.577350269189629,-0.577350269189625));
#3971=DIRECTION('center_axis',(-0.707106781186551,-0.707106781186545,-8.72273588157656E-17));
#3972=DIRECTION('ref_axis',(1.2335811384724E-16,0.,-1.));
#3973=DIRECTION('',(0.577350269189624,-0.577350269189628,-0.577350269189625));
#3974=DIRECTION('',(-4.27984432086057E-31,1.23358113847241E-16,-1.));
#3975=DIRECTION('center_axis',(-0.707106781186547,2.4532694666934E-15,-0.707106781186548));
#3976=DIRECTION('ref_axis',(3.46944695195361E-15,1.,4.27984432086052E-31));
#3977=DIRECTION('',(-3.46944695195361E-15,1.,6.93889390390722E-15));
#3978=DIRECTION('center_axis',(-0.707106781186551,-0.707106781186544,8.72273588157657E-17));
#3979=DIRECTION('ref_axis',(1.2335811384724E-16,0.,1.));
#3980=DIRECTION('',(-0.577350269189624,0.577350269189631,0.577350269189622));
#3981=DIRECTION('',(2.26576127474523E-16,-3.49934241321767E-16,-1.));
#3982=DIRECTION('',(-0.577350269189624,0.577350269189631,-0.577350269189622));
#3983=DIRECTION('',(1.2335811384724E-16,0.,1.));
#3984=DIRECTION('center_axis',(-0.707106781186547,-2.4532694666934E-15,
-0.707106781186548));
#3985=DIRECTION('ref_axis',(3.46944695195361E-15,-1.,-4.27984432086052E-31));
#3986=DIRECTION('',(-0.577350269189624,-0.577350269189629,0.577350269189625));
#3987=DIRECTION('',(-3.46944695195361E-15,1.,5.57808895494736E-31));
#3988=DIRECTION('center_axis',(-0.707106781186551,0.707106781186545,8.72273588157656E-17));
#3989=DIRECTION('ref_axis',(-1.2335811384724E-16,0.,-1.));
#3990=DIRECTION('',(0.577350269189624,0.577350269189628,0.577350269189626));
#3991=DIRECTION('',(-2.26576127474521E-16,-3.49934241321763E-16,1.));
#3992=DIRECTION('center_axis',(-0.707106781186547,-2.4532694666934E-15,
0.707106781186548));
#3993=DIRECTION('ref_axis',(-3.46944695195361E-15,1.,4.27984432086052E-31));
#3994=DIRECTION('',(3.46944695195361E-15,-1.,-5.57808895494736E-31));
#3995=DIRECTION('center_axis',(1.13288063737261E-16,3.77325050328929E-31,
-1.));
#3996=DIRECTION('ref_axis',(0.707106781186542,0.707106781186553,0.));
#3997=DIRECTION('',(-1.13288063737261E-16,-3.77325050328929E-31,1.));
#3998=DIRECTION('center_axis',(0.,0.,-1.));
#3999=DIRECTION('ref_axis',(-3.70074341541716E-15,1.,0.));
#4000=DIRECTION('',(1.13288063737261E-16,3.77325050328929E-31,-1.));
#4001=DIRECTION('center_axis',(0.,0.,1.));
#4002=DIRECTION('ref_axis',(1.,0.,0.));
#4003=DIRECTION('center_axis',(3.33066907387548E-15,-1.,3.64921475084588E-47));
#4004=DIRECTION('ref_axis',(0.,0.,-1.));
#4005=DIRECTION('center_axis',(-1.,-3.70074341541718E-15,0.));
#4006=DIRECTION('ref_axis',(0.,0.,1.));
#4007=DIRECTION('center_axis',(-3.33066907387548E-15,1.,-3.64921475084588E-47));
#4008=DIRECTION('ref_axis',(-0.707106781186547,-2.35513868802567E-15,-0.707106781186548));
#4009=DIRECTION('center_axis',(3.33066907387548E-15,-1.,3.64921475084588E-47));
#4010=DIRECTION('ref_axis',(-0.707106781186547,-2.34976179927767E-15,-0.707106781186548));
#4011=DIRECTION('center_axis',(1.,3.33066907387548E-15,-4.53152254949043E-16));
#4012=DIRECTION('ref_axis',(-2.61682076447298E-15,0.707106781186558,0.707106781186537));
#4013=DIRECTION('center_axis',(-1.,-3.70074341541718E-15,-1.85037170770861E-15));
#4014=DIRECTION('ref_axis',(-1.85037170770861E-15,0.,1.));
#4015=DIRECTION('',(-1.,-3.33066907387548E-15,4.53152254949043E-16));
#4016=DIRECTION('',(1.,3.33066907387548E-15,-4.53152254949043E-16));
#4017=DIRECTION('center_axis',(3.33066907387548E-15,-1.,3.64921475084588E-47));
#4018=DIRECTION('ref_axis',(0.,0.,-1.));
#4019=DIRECTION('center_axis',(-3.33066907387548E-15,1.,-3.64921475084588E-47));
#4020=DIRECTION('ref_axis',(0.707106781186548,2.35513868802567E-15,-0.707106781186547));
#4021=DIRECTION('center_axis',(3.33066907387548E-15,-1.,3.64921475084588E-47));
#4022=DIRECTION('ref_axis',(0.707106781186548,2.34976179927768E-15,-0.707106781186547));
#4023=DIRECTION('center_axis',(3.33066907387548E-15,-1.,3.64921475084588E-47));
#4024=DIRECTION('ref_axis',(0.,0.,-1.));
#4025=DIRECTION('center_axis',(1.,7.40148683083437E-15,-1.85037170770861E-15));
#4026=DIRECTION('ref_axis',(-1.85037170770861E-15,0.,-1.));
#4027=DIRECTION('center_axis',(-3.33066907387548E-15,1.,-3.64921475084588E-47));
#4028=DIRECTION('ref_axis',(0.707106781186547,2.35513868802567E-15,0.707106781186548));
#4029=DIRECTION('center_axis',(3.33066907387548E-15,-1.,3.64921475084588E-47));
#4030=DIRECTION('ref_axis',(0.707106781186547,2.34976179927767E-15,0.707106781186548));
#4031=DIRECTION('center_axis',(-1.,-3.33066907387548E-15,0.));
#4032=DIRECTION('ref_axis',(-2.61682076447294E-15,0.707106781186547,-0.707106781186547));
#4033=DIRECTION('center_axis',(1.,3.70074341541716E-15,0.));
#4034=DIRECTION('ref_axis',(0.,0.,-1.));
#4035=DIRECTION('',(1.,3.33066907387548E-15,0.));
#4036=DIRECTION('center_axis',(3.33066907387548E-15,-1.,3.64921475084588E-47));
#4037=DIRECTION('ref_axis',(0.,0.,-1.));
#4038=DIRECTION('center_axis',(-3.33066907387548E-15,1.,-3.64921475084588E-47));
#4039=DIRECTION('ref_axis',(-0.707106781186548,-2.35513868802567E-15,0.707106781186548));
#4040=DIRECTION('center_axis',(3.33066907387548E-15,-1.,3.64921475084588E-47));
#4041=DIRECTION('ref_axis',(-0.707106781186548,-2.34976179927768E-15,0.707106781186548));
#4042=DIRECTION('center_axis',(-3.28020439093796E-15,1.,0.));
#4043=DIRECTION('ref_axis',(-5.04646829375072E-16,-1.65534474558903E-30,
-1.));
#4044=DIRECTION('',(-3.28020439093796E-15,1.,0.));
#4045=DIRECTION('center_axis',(-3.33066907387548E-15,1.,-3.64921475084588E-47));
#4046=DIRECTION('ref_axis',(-5.04646829375072E-16,-1.65534474558903E-30,
-1.));
#4047=DIRECTION('center_axis',(4.53152254949043E-16,1.48643201644729E-30,
1.));
#4048=DIRECTION('ref_axis',(1.,3.33066907387547E-15,-4.53152254949043E-16));
#4049=DIRECTION('',(-3.28020439093796E-15,1.,0.));
#4050=DIRECTION('',(-1.,-3.33066907387548E-15,4.53152254949043E-16));
#4051=DIRECTION('center_axis',(-3.28020439093796E-15,1.,0.));
#4052=DIRECTION('ref_axis',(-1.,-3.28020439093796E-15,0.));
#4053=DIRECTION('',(-3.28020439093796E-15,1.,0.));
#4054=DIRECTION('center_axis',(-3.33066907387548E-15,1.,-3.64921475084588E-47));
#4055=DIRECTION('ref_axis',(-1.,-3.28020439093796E-15,0.));
#4056=DIRECTION('center_axis',(1.,3.28020439093796E-15,1.13288063737261E-16));
#4057=DIRECTION('ref_axis',(1.13288063737261E-16,2.76705036907881E-31,-1.));
#4058=DIRECTION('',(-3.28020439093796E-15,1.,0.));
#4059=DIRECTION('',(-1.13288063737261E-16,-3.77325050328929E-31,1.));
#4060=DIRECTION('center_axis',(3.33066907387548E-15,-1.,3.64921475084588E-47));
#4061=DIRECTION('ref_axis',(1.,3.33066907387548E-15,0.));
#4062=DIRECTION('',(1.67565983457197E-47,3.64921475084588E-47,1.));
#4063=DIRECTION('center_axis',(3.33066907387548E-15,-1.,3.64921475084588E-47));
#4064=DIRECTION('ref_axis',(0.707106781186548,2.35513868802567E-15,-0.707106781186547));
#4065=DIRECTION('',(1.,3.33066907387548E-15,-9.06304509898087E-16));
#4066=DIRECTION('center_axis',(3.33066907387548E-15,-1.,3.64921475084588E-47));
#4067=DIRECTION('ref_axis',(-0.707106781186547,-2.35513868802567E-15,-0.707106781186548));
#4068=DIRECTION('',(2.26576127474522E-16,7.54650100657857E-31,-1.));
#4069=DIRECTION('center_axis',(3.33066907387548E-15,-1.,3.64921475084588E-47));
#4070=DIRECTION('ref_axis',(-0.707106781186547,-2.35513868802566E-15,0.707106781186548));
#4071=DIRECTION('',(-1.,-3.33066907387548E-15,0.));
#4072=DIRECTION('center_axis',(3.33066907387548E-15,-1.,3.64921475084588E-47));
#4073=DIRECTION('ref_axis',(0.707106781186548,2.35513868802567E-15,0.707106781186547));
#4074=DIRECTION('center_axis',(1.,3.33066907387548E-15,0.));
#4075=DIRECTION('ref_axis',(-2.61682076447294E-15,0.707106781186547,0.707106781186547));
#4076=DIRECTION('center_axis',(1.,3.70074341541718E-15,0.));
#4077=DIRECTION('ref_axis',(-3.70074341541719E-15,1.,0.));
#4078=DIRECTION('',(1.,3.33066907387548E-15,0.));
#4079=DIRECTION('center_axis',(-1.,-3.70074341541718E-15,0.));
#4080=DIRECTION('ref_axis',(0.,0.,1.));
#4081=DIRECTION('center_axis',(-3.33066907387548E-15,1.,-3.64921475084588E-47));
#4082=DIRECTION('ref_axis',(0.,0.,1.));
#4083=DIRECTION('center_axis',(0.,0.,1.));
#4084=DIRECTION('ref_axis',(1.,0.,0.));
#4085=DIRECTION('center_axis',(-3.33066907387548E-15,1.,-3.64921475084588E-47));
#4086=DIRECTION('ref_axis',(0.707106781186548,2.35922392732846E-15,0.707106781186547));
#4087=DIRECTION('center_axis',(-1.67565983457197E-47,-3.64921475084588E-47,
-1.));
#4088=DIRECTION('ref_axis',(0.70710678118655,0.707106781186545,0.));
#4089=DIRECTION('center_axis',(0.,0.,1.));
#4090=DIRECTION('ref_axis',(1.,0.,0.));
#4091=DIRECTION('',(-1.67565983457197E-47,-3.64921475084588E-47,-1.));
#4092=DIRECTION('center_axis',(-3.33066907387548E-15,1.,-3.64921475084588E-47));
#4093=DIRECTION('ref_axis',(0.,0.,1.));
#4094=DIRECTION('center_axis',(1.,3.70074341541721E-15,0.));
#4095=DIRECTION('ref_axis',(0.,0.,-1.));
#4096=DIRECTION('center_axis',(-3.33066907387548E-15,1.,-3.64921475084588E-47));
#4097=DIRECTION('ref_axis',(0.707106781186548,2.35922392732846E-15,-0.707106781186547));
#4098=DIRECTION('center_axis',(-1.,-3.33066907387548E-15,9.06304509898087E-16));
#4099=DIRECTION('ref_axis',(-3.9252311467094E-15,0.707106781186547,-0.707106781186547));
#4100=DIRECTION('center_axis',(1.,3.70074341541718E-15,-1.85037170770861E-15));
#4101=DIRECTION('ref_axis',(-1.85037170770861E-15,0.,-1.));
#4102=DIRECTION('',(-1.,-3.33066907387548E-15,9.06304509898087E-16));
#4103=DIRECTION('center_axis',(-3.33066907387548E-15,1.,-3.64921475084588E-47));
#4104=DIRECTION('ref_axis',(0.,0.,1.));
#4105=DIRECTION('center_axis',(0.,0.,-1.));
#4106=DIRECTION('ref_axis',(-1.,0.,0.));
#4107=DIRECTION('center_axis',(-3.33066907387548E-15,1.,-3.64921475084588E-47));
#4108=DIRECTION('ref_axis',(-0.707106781186547,-2.35922392732846E-15,-0.707106781186548));
#4109=DIRECTION('center_axis',(-2.26576127474522E-16,-7.54650100657857E-31,
1.));
#4110=DIRECTION('ref_axis',(-0.707106781186547,0.707106781186547,0.));
#4111=DIRECTION('center_axis',(0.,0.,-1.));
#4112=DIRECTION('ref_axis',(-1.,0.,0.));
#4113=DIRECTION('',(-2.26576127474522E-16,-7.54650100657857E-31,1.));
#4114=DIRECTION('center_axis',(-3.33066907387548E-15,1.,-3.64921475084588E-47));
#4115=DIRECTION('ref_axis',(0.,0.,1.));
#4116=DIRECTION('center_axis',(-3.33066907387548E-15,1.,-3.64921475084588E-47));
#4117=DIRECTION('ref_axis',(-0.707106781186547,-2.35922392732846E-15,0.707106781186548));
#4118=DIRECTION('center_axis',(-3.46944695195361E-15,1.,0.));
#4119=DIRECTION('ref_axis',(-9.25185853854298E-16,-3.20988324064539E-30,
-1.));
#4120=DIRECTION('',(-3.46944695195361E-15,1.,0.));
#4121=DIRECTION('center_axis',(3.33066907387548E-15,-1.,2.05432527401266E-32));
#4122=DIRECTION('ref_axis',(-9.25185853854298E-16,-3.10203116375971E-30,
-1.));
#4123=DIRECTION('',(-3.46944695195361E-15,1.,0.));
#4124=DIRECTION('center_axis',(1.,3.46944695195361E-15,-1.67565983457199E-47));
#4125=DIRECTION('ref_axis',(4.02158360297301E-46,-1.20744016105257E-31,
-1.));
#4126=DIRECTION('',(-3.46944695195361E-15,1.,0.));
#4127=DIRECTION('',(-4.02158360297301E-46,1.20744016105257E-31,1.));
#4128=DIRECTION('center_axis',(-3.46944695195361E-15,1.,0.));
#4129=DIRECTION('ref_axis',(1.,3.46944695195361E-15,0.));
#4130=DIRECTION('',(-3.46944695195361E-15,1.,0.));
#4131=DIRECTION('center_axis',(3.33066907387548E-15,-1.,3.64921475084588E-47));
#4132=DIRECTION('ref_axis',(1.,3.33066907387547E-15,0.));
#4133=DIRECTION('center_axis',(0.,0.,1.));
#4134=DIRECTION('ref_axis',(1.,3.33066907387547E-15,0.));
#4135=DIRECTION('',(-3.46944695195361E-15,1.,0.));
#4136=DIRECTION('',(-1.,-3.33066907387547E-15,0.));
#4137=DIRECTION('center_axis',(-3.28020439093796E-15,1.,0.));
#4138=DIRECTION('ref_axis',(1.,3.28020439093796E-15,0.));
#4139=DIRECTION('center_axis',(-3.33066907387548E-15,1.,-3.64921475084588E-47));
#4140=DIRECTION('ref_axis',(1.,3.28020439093796E-15,0.));
#4141=DIRECTION('center_axis',(-3.28020439093796E-15,1.,0.));
#4142=DIRECTION('ref_axis',(1.17807810913163E-48,0.,1.));
#4143=DIRECTION('center_axis',(-3.33066907387548E-15,1.,-3.64921475084588E-47));
#4144=DIRECTION('ref_axis',(1.17807810913163E-48,0.,1.));
#4145=DIRECTION('center_axis',(-9.06304509898087E-16,-3.14437541940773E-30,
-1.));
#4146=DIRECTION('ref_axis',(-1.,-3.33066907387547E-15,9.06304509898087E-16));
#4147=DIRECTION('',(1.,3.33066907387547E-15,-9.06304509898087E-16));
#4148=DIRECTION('',(-3.46944695195361E-15,1.,0.));
#4149=DIRECTION('center_axis',(-3.46944695195361E-15,1.,0.));
#4150=DIRECTION('ref_axis',(-1.,-3.46944695195361E-15,0.));
#4151=DIRECTION('center_axis',(3.33066907387548E-15,-1.,3.64921475084588E-47));
#4152=DIRECTION('ref_axis',(-1.,-3.33066907387548E-15,0.));
#4153=DIRECTION('',(-3.46944695195361E-15,1.,0.));
#4154=DIRECTION('center_axis',(0.,0.,-1.));
#4155=DIRECTION('ref_axis',(-1.,-3.33066907387547E-15,0.));
#4156=DIRECTION('',(-1.,-3.33066907387547E-15,0.));
#4157=DIRECTION('',(-3.46944695195361E-15,1.,0.));
#4158=DIRECTION('',(-3.46944695195361E-15,1.,0.));
#4159=DIRECTION('center_axis',(-3.46944695195361E-15,1.,0.));
#4160=DIRECTION('ref_axis',(1.,3.46944695195361E-15,0.));
#4161=DIRECTION('center_axis',(3.33066907387548E-15,-1.,0.));
#4162=DIRECTION('ref_axis',(1.,3.33066907387548E-15,0.));
#4163=DIRECTION('',(-3.46944695195361E-15,1.,0.));
#4164=DIRECTION('center_axis',(-1.,-3.46944695195361E-15,1.08520774237248E-62));
#4165=DIRECTION('ref_axis',(-2.60449858169412E-61,7.81974589466974E-47,
1.));
#4166=DIRECTION('',(-2.60449858169412E-61,7.81974589466974E-47,1.));
#4167=DIRECTION('',(-3.46944695195361E-15,1.,0.));
#4168=DIRECTION('center_axis',(-3.46944695195361E-15,1.,0.));
#4169=DIRECTION('ref_axis',(8.55284707229433E-48,0.,-1.));
#4170=DIRECTION('center_axis',(3.33066907387547E-15,-1.,-6.16297582203903E-32));
#4171=DIRECTION('ref_axis',(-2.05268329735077E-46,6.16297582203903E-32,
-1.));
#4172=DIRECTION('',(-3.46944695195361E-15,1.,0.));
#4173=DIRECTION('center_axis',(4.53152254949043E-16,1.57218770970386E-30,
1.));
#4174=DIRECTION('ref_axis',(1.,3.33066907387547E-15,-4.53152254949043E-16));
#4175=DIRECTION('',(1.,3.33066907387547E-15,-4.53152254949043E-16));
#4176=DIRECTION('',(-3.46944695195361E-15,1.,0.));
#4177=DIRECTION('center_axis',(-3.46944695195361E-15,1.,0.));
#4178=DIRECTION('ref_axis',(-1.,-3.46944695195361E-15,0.));
#4179=DIRECTION('center_axis',(3.33066907387548E-15,-1.,0.));
#4180=DIRECTION('ref_axis',(-1.,-3.33066907387548E-15,0.));
#4181=DIRECTION('',(-3.46944695195361E-15,1.,0.));
#4182=DIRECTION('center_axis',(1.,3.46944695195361E-15,-1.11710655638133E-47));
#4183=DIRECTION('ref_axis',(2.68105573531535E-46,-8.04960107368381E-32,
-1.));
#4184=DIRECTION('',(2.68105573531535E-46,-8.04960107368381E-32,-1.));
#4185=DIRECTION('',(-3.46944695195361E-15,1.,0.));
#4186=DIRECTION('center_axis',(-3.46944695195361E-15,1.,0.));
#4187=DIRECTION('ref_axis',(-5.5511151231258E-16,-1.92592994438724E-30,
1.));
#4188=DIRECTION('center_axis',(3.33066907387547E-15,-1.,-6.16297582203903E-32));
#4189=DIRECTION('ref_axis',(-5.5511151231258E-16,-1.91052250483215E-30,
1.));
#4190=DIRECTION('center_axis',(-3.46944695195361E-15,1.,0.));
#4191=DIRECTION('ref_axis',(1.8503717077086E-16,6.41976648129078E-31,1.));
#4192=DIRECTION('',(-3.46944695195361E-15,1.,0.));
#4193=DIRECTION('center_axis',(3.33066907387548E-15,-1.,-5.28596325559485E-49));
#4194=DIRECTION('ref_axis',(1.8503717077086E-16,6.16297582203917E-31,1.));
#4195=DIRECTION('center_axis',(-1.,-3.46944695195361E-15,-2.26576127474522E-16));
#4196=DIRECTION('ref_axis',(-2.26576127474522E-16,-6.339060845526E-31,1.));
#4197=DIRECTION('',(2.26576127474522E-16,6.339060845526E-31,-1.));
#4198=DIRECTION('center_axis',(3.33066907387548E-15,-1.,3.64921475084588E-47));
#4199=DIRECTION('ref_axis',(1.,3.33066907387548E-15,0.));
#4200=DIRECTION('center_axis',(-1.,-3.33066907387547E-15,3.11150763893057E-61));
#4201=DIRECTION('ref_axis',(1.34052786765767E-46,-4.02480053684189E-32,
1.));
#4202=DIRECTION('',(-3.33066907387547E-15,1.,0.));
#4203=DIRECTION('',(1.34052786765767E-46,-4.02480053684189E-32,1.));
#4204=DIRECTION('',(-3.33066907387547E-15,1.,0.));
#4205=DIRECTION('center_axis',(-3.33066907387547E-15,1.,0.));
#4206=DIRECTION('ref_axis',(-1.,-3.33066907387547E-15,0.));
#4207=DIRECTION('center_axis',(-3.33066907387548E-15,1.,0.));
#4208=DIRECTION('ref_axis',(-1.,-3.33066907387548E-15,0.));
#4209=DIRECTION('center_axis',(-3.33066907387547E-15,1.,0.));
#4210=DIRECTION('ref_axis',(-4.16333634234434E-16,-1.38666955995881E-30,
-1.));
#4211=DIRECTION('center_axis',(-3.33066907387547E-15,1.,1.54074395550975E-32));
#4212=DIRECTION('ref_axis',(-4.16333634234434E-16,-1.37126212040371E-30,
-1.));
#4213=DIRECTION('',(-3.33066907387547E-15,1.,0.));
#4214=DIRECTION('center_axis',(1.,3.33066907387547E-15,-2.26576127474522E-16));
#4215=DIRECTION('ref_axis',(-2.26576127474522E-16,-7.54650100657857E-31,
-1.));
#4216=DIRECTION('',(-2.26576127474522E-16,-7.54650100657857E-31,-1.));
#4217=DIRECTION('',(-3.33066907387547E-15,1.,0.));
#4218=DIRECTION('center_axis',(-3.33066907387547E-15,1.,0.));
#4219=DIRECTION('ref_axis',(1.,3.33066907387547E-15,0.));
#4220=DIRECTION('center_axis',(-3.33066907387548E-15,1.,0.));
#4221=DIRECTION('ref_axis',(1.,3.33066907387548E-15,0.));
#4222=DIRECTION('',(-3.33066907387547E-15,1.,0.));
#4223=DIRECTION('center_axis',(-4.53152254949043E-16,-1.50930020131571E-30,
1.));
#4224=DIRECTION('ref_axis',(1.,3.33066907387547E-15,4.53152254949043E-16));
#4225=DIRECTION('',(1.,3.33066907387547E-15,4.53152254949043E-16));
#4226=DIRECTION('',(-3.33066907387547E-15,1.,0.));
#4227=DIRECTION('center_axis',(-3.33066907387547E-15,1.,0.));
#4228=DIRECTION('ref_axis',(1.21543267145725E-61,0.,1.));
#4229=DIRECTION('center_axis',(-3.33066907387547E-15,1.,1.54074395550975E-32));
#4230=DIRECTION('ref_axis',(5.1317082433769E-47,-1.54074395550975E-32,1.));
#4231=DIRECTION('center_axis',(6.79728382423565E-16,2.26395030197357E-30,
-1.));
#4232=DIRECTION('ref_axis',(-1.,-3.33066907387547E-15,-6.79728382423565E-16));
#4233=DIRECTION('',(-1.,-3.33066907387547E-15,-6.79728382423565E-16));
#4234=DIRECTION('',(-3.33066907387547E-15,1.,0.));
#4235=DIRECTION('center_axis',(6.79728382423565E-16,2.26395030197357E-30,
-1.));
#4236=DIRECTION('ref_axis',(-1.,-3.33066907387547E-15,-6.79728382423565E-16));
#4237=DIRECTION('',(-3.33066907387547E-15,1.,0.));
#4238=DIRECTION('',(-1.,-3.33066907387547E-15,-6.79728382423565E-16));
#4239=DIRECTION('center_axis',(4.53152254949043E-16,1.50930020131571E-30,
1.));
#4240=DIRECTION('ref_axis',(1.,3.33066907387547E-15,-4.53152254949043E-16));
#4241=DIRECTION('',(1.,3.33066907387547E-15,-4.53152254949043E-16));
#4242=DIRECTION('',(-3.33066907387547E-15,1.,0.));
#4243=DIRECTION('center_axis',(4.53152254949043E-16,1.50930020131571E-30,
1.));
#4244=DIRECTION('ref_axis',(1.,3.33066907387547E-15,-4.53152254949043E-16));
#4245=DIRECTION('',(-3.33066907387547E-15,1.,0.));
#4246=DIRECTION('',(1.,3.33066907387547E-15,-4.53152254949043E-16));
#4247=DIRECTION('center_axis',(-0.707106781186552,0.707106781186544,-8.7227358815766E-17));
#4248=DIRECTION('ref_axis',(-1.2335811384724E-16,1.29884903720195E-45,1.));
#4249=DIRECTION('',(-0.577350269189624,-0.577350269189631,-0.577350269189622));
#4250=DIRECTION('',(1.2335811384724E-16,-1.84889274661175E-31,-1.));
#4251=DIRECTION('',(0.577350269189624,0.577350269189631,-0.577350269189622));
#4252=DIRECTION('',(-4.27984432086057E-31,1.23358113847241E-16,1.));
#4253=DIRECTION('center_axis',(-0.707106781186547,2.45326946669339E-15,
0.707106781186548));
#4254=DIRECTION('ref_axis',(-3.46944695195361E-15,-1.,-4.27984432086052E-31));
#4255=DIRECTION('',(3.46944695195361E-15,-1.,6.93889390390722E-15));
#4256=DIRECTION('',(-0.577350269189623,0.577350269189629,-0.577350269189625));
#4257=DIRECTION('center_axis',(-0.707106781186551,-0.707106781186544,-8.72273588157656E-17));
#4258=DIRECTION('ref_axis',(1.2335811384724E-16,0.,-1.));
#4259=DIRECTION('',(-0.577350269189624,0.577350269189628,0.577350269189625));
#4260=DIRECTION('',(-4.27984432086057E-31,1.23358113847241E-16,-1.));
#4261=DIRECTION('center_axis',(-0.707106781186547,2.4532694666934E-15,-0.707106781186548));
#4262=DIRECTION('ref_axis',(3.46944695195361E-15,1.,4.27984432086052E-31));
#4263=DIRECTION('',(-3.46944695195361E-15,1.,6.93889390390722E-15));
#4264=DIRECTION('center_axis',(-0.707106781186552,-0.707106781186544,8.7227358815766E-17));
#4265=DIRECTION('ref_axis',(1.2335811384724E-16,1.29884903720195E-45,1.));
#4266=DIRECTION('',(-0.577350269189624,0.577350269189631,0.577350269189622));
#4267=DIRECTION('',(-2.26576127474522E-16,1.03218013627283E-16,-1.));
#4268=DIRECTION('',(0.577350269189624,-0.577350269189631,0.577350269189622));
#4269=DIRECTION('',(1.2335811384724E-16,1.84889274661175E-31,1.));
#4270=DIRECTION('center_axis',(-0.707106781186547,-2.45326946669339E-15,
-0.707106781186548));
#4271=DIRECTION('ref_axis',(3.46944695195361E-15,-1.,-4.27984432086052E-31));
#4272=DIRECTION('',(-0.577350269189623,-0.577350269189629,0.577350269189625));
#4273=DIRECTION('',(-3.46944695195361E-15,1.,2.23123558197894E-30));
#4274=DIRECTION('center_axis',(-0.707106781186551,0.707106781186544,8.72273588157656E-17));
#4275=DIRECTION('ref_axis',(-1.2335811384724E-16,0.,-1.));
#4276=DIRECTION('',(0.577350269189624,0.577350269189628,0.577350269189625));
#4277=DIRECTION('',(2.26576127474521E-16,1.03218013627283E-16,1.));
#4278=DIRECTION('center_axis',(-0.707106781186547,-2.4532694666934E-15,
0.707106781186548));
#4279=DIRECTION('ref_axis',(-3.46944695195361E-15,1.,4.27984432086052E-31));
#4280=DIRECTION('',(3.46944695195361E-15,-1.,-5.57808895494736E-31));
#4281=DIRECTION('center_axis',(-1.13288063737261E-16,-3.77325050328929E-31,
-1.));
#4282=DIRECTION('ref_axis',(0.707106781186542,0.707106781186553,0.));
#4283=DIRECTION('center_axis',(0.,0.,-1.));
#4284=DIRECTION('ref_axis',(-3.70074341541716E-15,1.,0.));
#4285=DIRECTION('',(-1.13288063737261E-16,-3.77325050328929E-31,-1.));
#4286=DIRECTION('center_axis',(0.,0.,1.));
#4287=DIRECTION('ref_axis',(1.,0.,0.));
#4288=DIRECTION('',(1.13288063737261E-16,3.77325050328929E-31,1.));
#4289=DIRECTION('center_axis',(3.33066907387548E-15,-1.,-3.64921475084588E-47));
#4290=DIRECTION('ref_axis',(0.,0.,1.));
#4291=DIRECTION('center_axis',(1.,3.70074341541718E-15,0.));
#4292=DIRECTION('ref_axis',(0.,0.,-1.));
#4293=DIRECTION('center_axis',(-3.33066907387548E-15,1.,3.64921475084588E-47));
#4294=DIRECTION('ref_axis',(-0.707106781186547,-2.34976179927767E-15,0.707106781186548));
#4295=DIRECTION('center_axis',(3.33066907387548E-15,-1.,-3.64921475084588E-47));
#4296=DIRECTION('ref_axis',(-0.707106781186547,-2.35513868802567E-15,0.707106781186548));
#4297=DIRECTION('center_axis',(-1.,-3.33066907387548E-15,-4.53152254949043E-16));
#4298=DIRECTION('ref_axis',(-2.61682076447298E-15,0.707106781186558,-0.707106781186537));
#4299=DIRECTION('center_axis',(1.,3.70074341541718E-15,-1.85037170770861E-15));
#4300=DIRECTION('ref_axis',(-1.85037170770861E-15,0.,-1.));
#4301=DIRECTION('',(1.,3.33066907387548E-15,4.53152254949043E-16));
#4302=DIRECTION('',(-1.,-3.33066907387548E-15,-4.53152254949043E-16));
#4303=DIRECTION('center_axis',(3.33066907387548E-15,-1.,-3.64921475084588E-47));
#4304=DIRECTION('ref_axis',(0.,0.,1.));
#4305=DIRECTION('center_axis',(0.,0.,-1.));
#4306=DIRECTION('ref_axis',(-1.,-7.40148683083437E-15,0.));
#4307=DIRECTION('center_axis',(-3.33066907387548E-15,1.,3.64921475084588E-47));
#4308=DIRECTION('ref_axis',(0.707106781186548,2.34976179927768E-15,0.707106781186547));
#4309=DIRECTION('center_axis',(3.33066907387548E-15,-1.,-3.64921475084588E-47));
#4310=DIRECTION('ref_axis',(0.707106781186548,2.35513868802567E-15,0.707106781186547));
#4311=DIRECTION('center_axis',(2.26576127474522E-16,7.54650100657857E-31,
1.));
#4312=DIRECTION('ref_axis',(-0.707106781186553,0.707106781186542,0.));
#4313=DIRECTION('center_axis',(0.,0.,-1.));
#4314=DIRECTION('ref_axis',(-1.,0.,0.));
#4315=DIRECTION('',(-2.26576127474522E-16,-7.54650100657857E-31,-1.));
#4316=DIRECTION('',(2.26576127474522E-16,7.54650100657857E-31,1.));
#4317=DIRECTION('center_axis',(3.33066907387548E-15,-1.,-3.64921475084588E-47));
#4318=DIRECTION('ref_axis',(0.,0.,1.));
#4319=DIRECTION('center_axis',(-1.,-7.40148683083437E-15,-1.85037170770861E-15));
#4320=DIRECTION('ref_axis',(-1.85037170770861E-15,0.,1.));
#4321=DIRECTION('center_axis',(-3.33066907387548E-15,1.,3.64921475084588E-47));
#4322=DIRECTION('ref_axis',(0.707106781186547,2.34976179927767E-15,-0.707106781186548));
#4323=DIRECTION('center_axis',(3.33066907387548E-15,-1.,-3.64921475084588E-47));
#4324=DIRECTION('ref_axis',(0.707106781186547,2.35513868802567E-15,-0.707106781186548));
#4325=DIRECTION('center_axis',(1.,3.33066907387548E-15,0.));
#4326=DIRECTION('ref_axis',(-2.61682076447294E-15,0.707106781186547,0.707106781186547));
#4327=DIRECTION('center_axis',(-1.,-3.70074341541716E-15,0.));
#4328=DIRECTION('ref_axis',(0.,0.,1.));
#4329=DIRECTION('',(-1.,-3.33066907387548E-15,0.));
#4330=DIRECTION('',(1.,3.33066907387548E-15,0.));
#4331=DIRECTION('center_axis',(3.33066907387548E-15,-1.,-3.64921475084588E-47));
#4332=DIRECTION('ref_axis',(0.,0.,1.));
#4333=DIRECTION('center_axis',(-3.33066907387548E-15,1.,3.64921475084588E-47));
#4334=DIRECTION('ref_axis',(-0.707106781186548,-2.34976179927768E-15,-0.707106781186548));
#4335=DIRECTION('center_axis',(3.33066907387548E-15,-1.,-3.64921475084588E-47));
#4336=DIRECTION('ref_axis',(-0.707106781186548,-2.35513868802567E-15,-0.707106781186548));
#4337=DIRECTION('center_axis',(3.28020439093796E-15,-1.,0.));
#4338=DIRECTION('ref_axis',(-5.04646829375072E-16,-1.65534474558903E-30,
1.));
#4339=DIRECTION('',(-3.28020439093796E-15,1.,0.));
#4340=DIRECTION('center_axis',(3.33066907387548E-15,-1.,-3.64921475084588E-47));
#4341=DIRECTION('ref_axis',(-5.04646829375072E-16,-1.65534474558903E-30,
1.));
#4342=DIRECTION('',(-3.28020439093796E-15,1.,0.));
#4343=DIRECTION('center_axis',(-4.53152254949043E-16,-1.48643201644729E-30,
1.));
#4344=DIRECTION('ref_axis',(1.,3.33066907387547E-15,4.53152254949043E-16));
#4345=DIRECTION('',(-1.,-3.33066907387548E-15,-4.53152254949043E-16));
#4346=DIRECTION('',(-3.28020439093796E-15,1.,0.));
#4347=DIRECTION('center_axis',(3.28020439093796E-15,-1.,0.));
#4348=DIRECTION('ref_axis',(-1.,-3.28020439093796E-15,0.));
#4349=DIRECTION('center_axis',(3.33066907387548E-15,-1.,-3.64921475084588E-47));
#4350=DIRECTION('ref_axis',(-1.,-3.28020439093796E-15,0.));
#4351=DIRECTION('',(-3.28020439093796E-15,1.,0.));
#4352=DIRECTION('center_axis',(-1.,-3.28020439093796E-15,1.13288063737261E-16));
#4353=DIRECTION('ref_axis',(1.13288063737261E-16,2.76705036907881E-31,1.));
#4354=DIRECTION('',(-1.13288063737261E-16,-3.77325050328929E-31,-1.));
#4355=DIRECTION('',(-3.28020439093796E-15,1.,0.));
#4356=DIRECTION('center_axis',(-3.33066907387548E-15,1.,3.64921475084588E-47));
#4357=DIRECTION('ref_axis',(1.,3.33066907387548E-15,0.));
#4358=DIRECTION('',(-1.,-3.33066907387548E-15,0.));
#4359=DIRECTION('center_axis',(-3.33066907387548E-15,1.,3.64921475084588E-47));
#4360=DIRECTION('ref_axis',(-0.707106781186547,-2.35513868802566E-15,-0.707106781186548));
#4361=DIRECTION('',(2.26576127474522E-16,7.54650100657857E-31,1.));
#4362=DIRECTION('center_axis',(-3.33066907387548E-15,1.,3.64921475084588E-47));
#4363=DIRECTION('ref_axis',(-0.707106781186547,-2.35513868802567E-15,0.707106781186548));
#4364=DIRECTION('',(1.,3.33066907387548E-15,9.06304509898087E-16));
#4365=DIRECTION('center_axis',(-3.33066907387548E-15,1.,3.64921475084588E-47));
#4366=DIRECTION('ref_axis',(0.707106781186548,2.35513868802567E-15,0.707106781186547));
#4367=DIRECTION('',(1.67565983457197E-47,3.64921475084588E-47,-1.));
#4368=DIRECTION('center_axis',(-3.33066907387548E-15,1.,3.64921475084588E-47));
#4369=DIRECTION('ref_axis',(0.707106781186548,2.35513868802567E-15,-0.707106781186547));
#4370=DIRECTION('center_axis',(-1.,-3.33066907387548E-15,0.));
#4371=DIRECTION('ref_axis',(-2.61682076447294E-15,0.707106781186547,-0.707106781186547));
#4372=DIRECTION('center_axis',(-1.,-3.70074341541718E-15,0.));
#4373=DIRECTION('ref_axis',(-3.70074341541719E-15,1.,0.));
#4374=DIRECTION('center_axis',(1.,3.70074341541718E-15,0.));
#4375=DIRECTION('ref_axis',(0.,0.,-1.));
#4376=DIRECTION('',(1.,3.33066907387548E-15,0.));
#4377=DIRECTION('center_axis',(-3.33066907387548E-15,1.,3.64921475084588E-47));
#4378=DIRECTION('ref_axis',(0.,0.,-1.));
#4379=DIRECTION('center_axis',(0.,0.,1.));
#4380=DIRECTION('ref_axis',(1.,0.,0.));
#4381=DIRECTION('center_axis',(3.33066907387548E-15,-1.,-3.64921475084588E-47));
#4382=DIRECTION('ref_axis',(0.707106781186548,2.35922392732846E-15,-0.707106781186547));
#4383=DIRECTION('center_axis',(1.67565983457197E-47,3.64921475084588E-47,
-1.));
#4384=DIRECTION('ref_axis',(0.70710678118655,0.707106781186545,0.));
#4385=DIRECTION('center_axis',(0.,0.,1.));
#4386=DIRECTION('ref_axis',(1.,0.,0.));
#4387=DIRECTION('',(-1.67565983457197E-47,-3.64921475084588E-47,1.));
#4388=DIRECTION('center_axis',(-3.33066907387548E-15,1.,3.64921475084588E-47));
#4389=DIRECTION('ref_axis',(0.,0.,-1.));
#4390=DIRECTION('center_axis',(-1.,-3.70074341541721E-15,0.));
#4391=DIRECTION('ref_axis',(0.,0.,1.));
#4392=DIRECTION('center_axis',(3.33066907387548E-15,-1.,-3.64921475084588E-47));
#4393=DIRECTION('ref_axis',(0.707106781186548,2.35922392732846E-15,0.707106781186547));
#4394=DIRECTION('center_axis',(1.,3.33066907387548E-15,9.06304509898087E-16));
#4395=DIRECTION('ref_axis',(-3.9252311467094E-15,0.707106781186547,0.707106781186547));
#4396=DIRECTION('center_axis',(-1.,-3.70074341541718E-15,-1.85037170770861E-15));
#4397=DIRECTION('ref_axis',(-1.85037170770861E-15,0.,1.));
#4398=DIRECTION('',(-1.,-3.33066907387548E-15,-9.06304509898087E-16));
#4399=DIRECTION('center_axis',(-3.33066907387548E-15,1.,3.64921475084588E-47));
#4400=DIRECTION('ref_axis',(0.,0.,-1.));
#4401=DIRECTION('center_axis',(0.,0.,-1.));
#4402=DIRECTION('ref_axis',(-1.,0.,0.));
#4403=DIRECTION('center_axis',(3.33066907387548E-15,-1.,-3.64921475084588E-47));
#4404=DIRECTION('ref_axis',(-0.707106781186547,-2.35922392732846E-15,0.707106781186548));
#4405=DIRECTION('center_axis',(2.26576127474522E-16,7.54650100657857E-31,
1.));
#4406=DIRECTION('ref_axis',(-0.707106781186547,0.707106781186547,0.));
#4407=DIRECTION('center_axis',(0.,0.,-1.));
#4408=DIRECTION('ref_axis',(-1.,0.,0.));
#4409=DIRECTION('',(-2.26576127474522E-16,-7.54650100657857E-31,-1.));
#4410=DIRECTION('center_axis',(-3.33066907387548E-15,1.,3.64921475084588E-47));
#4411=DIRECTION('ref_axis',(0.,0.,-1.));
#4412=DIRECTION('center_axis',(3.33066907387548E-15,-1.,-3.64921475084588E-47));
#4413=DIRECTION('ref_axis',(-0.707106781186547,-2.35922392732846E-15,-0.707106781186548));
#4414=DIRECTION('center_axis',(3.46944695195361E-15,-1.,0.));
#4415=DIRECTION('ref_axis',(-9.25185853854298E-16,-3.20988324064539E-30,
1.));
#4416=DIRECTION('',(-3.46944695195361E-15,1.,0.));
#4417=DIRECTION('center_axis',(-3.33066907387548E-15,1.,2.05432527401266E-32));
#4418=DIRECTION('ref_axis',(-9.25185853854298E-16,-3.10203116375971E-30,
1.));
#4419=DIRECTION('',(-3.46944695195361E-15,1.,0.));
#4420=DIRECTION('center_axis',(-1.,-3.46944695195361E-15,-1.67565983457199E-47));
#4421=DIRECTION('ref_axis',(4.02158360297301E-46,-1.20744016105257E-31,
1.));
#4422=DIRECTION('',(-4.02158360297301E-46,1.20744016105257E-31,-1.));
#4423=DIRECTION('',(-3.46944695195361E-15,1.,0.));
#4424=DIRECTION('center_axis',(3.46944695195361E-15,-1.,0.));
#4425=DIRECTION('ref_axis',(1.,3.46944695195361E-15,0.));
#4426=DIRECTION('center_axis',(-3.33066907387548E-15,1.,3.64921475084588E-47));
#4427=DIRECTION('ref_axis',(1.,3.33066907387547E-15,0.));
#4428=DIRECTION('',(-3.46944695195361E-15,1.,0.));
#4429=DIRECTION('center_axis',(0.,0.,1.));
#4430=DIRECTION('ref_axis',(1.,3.33066907387547E-15,0.));
#4431=DIRECTION('',(-1.,-3.33066907387547E-15,0.));
#4432=DIRECTION('',(-3.46944695195361E-15,1.,0.));
#4433=DIRECTION('center_axis',(1.,3.28020439093796E-15,-2.26576127474522E-16));
#4434=DIRECTION('ref_axis',(-2.26576127474522E-16,-6.54030087236809E-31,
-1.));
#4435=DIRECTION('',(-3.28020439093796E-15,1.,0.));
#4436=DIRECTION('',(2.26576127474522E-16,7.54650100657857E-31,1.));
#4437=DIRECTION('center_axis',(3.28020439093796E-15,-1.,0.));
#4438=DIRECTION('ref_axis',(1.,3.28020439093796E-15,0.));
#4439=DIRECTION('',(-3.28020439093796E-15,1.,0.));
#4440=DIRECTION('center_axis',(3.33066907387548E-15,-1.,-3.64921475084588E-47));
#4441=DIRECTION('ref_axis',(1.,3.28020439093796E-15,0.));
#4442=DIRECTION('center_axis',(0.,0.,-1.));
#4443=DIRECTION('ref_axis',(-1.,-3.33066907387547E-15,0.));
#4444=DIRECTION('',(-3.28020439093796E-15,1.,0.));
#4445=DIRECTION('',(1.,3.33066907387548E-15,0.));
#4446=DIRECTION('center_axis',(3.28020439093796E-15,-1.,0.));
#4447=DIRECTION('ref_axis',(1.17807810913163E-48,0.,-1.));
#4448=DIRECTION('center_axis',(3.33066907387548E-15,-1.,-3.64921475084588E-47));
#4449=DIRECTION('ref_axis',(1.17807810913163E-48,0.,-1.));
#4450=DIRECTION('center_axis',(9.06304509898087E-16,3.14437541940773E-30,
-1.));
#4451=DIRECTION('ref_axis',(-1.,-3.33066907387547E-15,-9.06304509898087E-16));
#4452=DIRECTION('',(-3.46944695195361E-15,1.,0.));
#4453=DIRECTION('',(1.,3.33066907387547E-15,9.06304509898087E-16));
#4454=DIRECTION('center_axis',(3.46944695195361E-15,-1.,0.));
#4455=DIRECTION('ref_axis',(-1.,-3.46944695195361E-15,0.));
#4456=DIRECTION('',(-3.46944695195361E-15,1.,0.));
#4457=DIRECTION('center_axis',(-3.33066907387548E-15,1.,3.64921475084588E-47));
#4458=DIRECTION('ref_axis',(-1.,-3.33066907387548E-15,0.));
#4459=DIRECTION('center_axis',(0.,0.,-1.));
#4460=DIRECTION('ref_axis',(-1.,-3.33066907387547E-15,0.));
#4461=DIRECTION('',(-3.46944695195361E-15,1.,0.));
#4462=DIRECTION('',(-1.,-3.33066907387547E-15,0.));
#4463=DIRECTION('',(-3.46944695195361E-15,1.,0.));
#4464=DIRECTION('center_axis',(3.46944695195361E-15,-1.,0.));
#4465=DIRECTION('ref_axis',(1.,3.46944695195361E-15,0.));
#4466=DIRECTION('',(-3.46944695195361E-15,1.,0.));
#4467=DIRECTION('center_axis',(-3.33066907387548E-15,1.,0.));
#4468=DIRECTION('ref_axis',(1.,3.33066907387548E-15,0.));
#4469=DIRECTION('center_axis',(1.,3.46944695195361E-15,1.08520774237248E-62));
#4470=DIRECTION('ref_axis',(-2.60449858169412E-61,7.81974589466974E-47,
-1.));
#4471=DIRECTION('',(-3.46944695195361E-15,1.,0.));
#4472=DIRECTION('',(-2.60449858169412E-61,7.81974589466974E-47,-1.));
#4473=DIRECTION('center_axis',(3.46944695195361E-15,-1.,0.));
#4474=DIRECTION('ref_axis',(8.55284707229433E-48,0.,1.));
#4475=DIRECTION('',(-3.46944695195361E-15,1.,0.));
#4476=DIRECTION('center_axis',(-3.33066907387547E-15,1.,-6.16297582203903E-32));
#4477=DIRECTION('ref_axis',(-2.05268329735077E-46,6.16297582203903E-32,
1.));
#4478=DIRECTION('center_axis',(-4.53152254949043E-16,-1.57218770970386E-30,
1.));
#4479=DIRECTION('ref_axis',(1.,3.33066907387547E-15,4.53152254949043E-16));
#4480=DIRECTION('',(-3.46944695195361E-15,1.,0.));
#4481=DIRECTION('',(1.,3.33066907387547E-15,4.53152254949043E-16));
#4482=DIRECTION('center_axis',(3.46944695195361E-15,-1.,0.));
#4483=DIRECTION('ref_axis',(-1.,-3.46944695195361E-15,0.));
#4484=DIRECTION('',(-3.46944695195361E-15,1.,0.));
#4485=DIRECTION('center_axis',(-3.33066907387548E-15,1.,0.));
#4486=DIRECTION('ref_axis',(-1.,-3.33066907387548E-15,0.));
#4487=DIRECTION('center_axis',(-1.,-3.46944695195361E-15,-1.11710655638133E-47));
#4488=DIRECTION('ref_axis',(2.68105573531535E-46,-8.04960107368381E-32,
1.));
#4489=DIRECTION('',(-3.46944695195361E-15,1.,0.));
#4490=DIRECTION('',(2.68105573531535E-46,-8.04960107368381E-32,1.));
#4491=DIRECTION('center_axis',(3.46944695195361E-15,-1.,0.));
#4492=DIRECTION('ref_axis',(-5.5511151231258E-16,-1.92592994438724E-30,
-1.));
#4493=DIRECTION('center_axis',(-3.33066907387547E-15,1.,-6.16297582203903E-32));
#4494=DIRECTION('ref_axis',(-5.5511151231258E-16,-1.91052250483215E-30,
-1.));
#4495=DIRECTION('center_axis',(3.46944695195361E-15,-1.,0.));
#4496=DIRECTION('ref_axis',(1.8503717077086E-16,6.41976648129078E-31,-1.));
#4497=DIRECTION('center_axis',(-3.33066907387548E-15,1.,-5.28596325559485E-49));
#4498=DIRECTION('ref_axis',(1.8503717077086E-16,6.16297582203917E-31,-1.));
#4499=DIRECTION('',(-3.46944695195361E-15,1.,0.));
#4500=DIRECTION('center_axis',(1.,3.46944695195361E-15,-2.26576127474522E-16));
#4501=DIRECTION('ref_axis',(-2.26576127474522E-16,-6.339060845526E-31,-1.));
#4502=DIRECTION('',(2.26576127474522E-16,6.339060845526E-31,1.));
#4503=DIRECTION('center_axis',(-3.33066907387548E-15,1.,3.64921475084588E-47));
#4504=DIRECTION('ref_axis',(1.,3.33066907387548E-15,0.));
#4505=DIRECTION('center_axis',(1.,3.33066907387547E-15,3.11150763893057E-61));
#4506=DIRECTION('ref_axis',(1.34052786765767E-46,-4.02480053684189E-32,
-1.));
#4507=DIRECTION('',(-3.33066907387547E-15,1.,0.));
#4508=DIRECTION('',(1.34052786765767E-46,-4.02480053684189E-32,-1.));
#4509=DIRECTION('',(-3.33066907387547E-15,1.,0.));
#4510=DIRECTION('center_axis',(3.33066907387547E-15,-1.,0.));
#4511=DIRECTION('ref_axis',(-1.,-3.33066907387547E-15,0.));
#4512=DIRECTION('center_axis',(3.33066907387548E-15,-1.,0.));
#4513=DIRECTION('ref_axis',(-1.,-3.33066907387548E-15,0.));
#4514=DIRECTION('center_axis',(3.33066907387547E-15,-1.,0.));
#4515=DIRECTION('ref_axis',(-4.16333634234434E-16,-1.38666955995881E-30,
1.));
#4516=DIRECTION('',(-3.33066907387547E-15,1.,0.));
#4517=DIRECTION('center_axis',(3.33066907387547E-15,-1.,1.54074395550975E-32));
#4518=DIRECTION('ref_axis',(-4.16333634234434E-16,-1.37126212040371E-30,
1.));
#4519=DIRECTION('center_axis',(-1.,-3.33066907387547E-15,-2.26576127474522E-16));
#4520=DIRECTION('ref_axis',(-2.26576127474522E-16,-7.54650100657857E-31,
1.));
#4521=DIRECTION('',(-3.33066907387547E-15,1.,0.));
#4522=DIRECTION('',(-2.26576127474522E-16,-7.54650100657857E-31,1.));
#4523=DIRECTION('center_axis',(3.33066907387547E-15,-1.,0.));
#4524=DIRECTION('ref_axis',(1.,3.33066907387547E-15,0.));
#4525=DIRECTION('center_axis',(3.33066907387548E-15,-1.,0.));
#4526=DIRECTION('ref_axis',(1.,3.33066907387548E-15,0.));
#4527=DIRECTION('center_axis',(3.33066907387547E-15,-1.,0.));
#4528=DIRECTION('ref_axis',(1.21543267145725E-61,0.,-1.));
#4529=DIRECTION('center_axis',(3.33066907387547E-15,-1.,1.54074395550975E-32));
#4530=DIRECTION('ref_axis',(5.1317082433769E-47,-1.54074395550975E-32,-1.));
#4531=DIRECTION('center_axis',(-4.44089209850062E-15,1.,0.));
#4532=DIRECTION('ref_axis',(1.39349996950756E-15,5.69281065623411E-30,-1.));
#4533=DIRECTION('center_axis',(-3.33066907387547E-15,1.,0.));
#4534=DIRECTION('ref_axis',(1.,3.33066907387547E-15,0.));
#4535=DIRECTION('center_axis',(3.33066907387547E-15,-1.,0.));
#4536=DIRECTION('ref_axis',(0.,0.,-1.));
#4537=DIRECTION('center_axis',(-3.33066907387547E-15,1.,0.));
#4538=DIRECTION('ref_axis',(1.,3.33066907387547E-15,0.));
#4539=DIRECTION('center_axis',(-1.,-3.33066907387547E-15,-1.22464679914735E-16));
#4540=DIRECTION('ref_axis',(-1.22464679914735E-16,0.,1.));
#4541=DIRECTION('center_axis',(3.33066907387547E-15,-1.,0.));
#4542=DIRECTION('ref_axis',(1.,3.33148064041394E-15,0.));
#4543=DIRECTION('center_axis',(3.33066907387547E-15,-1.,0.));
#4544=DIRECTION('ref_axis',(1.,3.33148064041394E-15,0.));
#4545=DIRECTION('center_axis',(3.33066907387547E-15,-1.,0.));
#4546=DIRECTION('ref_axis',(1.,3.33066907387547E-15,0.));
#4547=DIRECTION('center_axis',(3.33066907387547E-15,-1.,0.));
#4548=DIRECTION('ref_axis',(1.,3.33066907387547E-15,0.));
#4549=DIRECTION('center_axis',(-3.5325278056255E-15,1.,0.));
#4550=DIRECTION('ref_axis',(1.,3.5325278056255E-15,0.));
#4551=DIRECTION('',(3.5325278056255E-15,-1.,0.));
#4552=DIRECTION('center_axis',(-3.33066907387547E-15,1.,0.));
#4553=DIRECTION('ref_axis',(1.,3.5325278056255E-15,0.));
#4554=DIRECTION('center_axis',(-3.33066907387547E-15,1.,0.));
#4555=DIRECTION('ref_axis',(0.,0.,1.));
#4556=DIRECTION('center_axis',(-1.,-3.33066907387547E-15,1.22464679914735E-16));
#4557=DIRECTION('ref_axis',(-1.22464679914735E-16,0.,-1.));
#4558=DIRECTION('center_axis',(-3.33066907387547E-15,1.,0.));
#4559=DIRECTION('ref_axis',(1.,3.32989377846721E-15,0.));
#4560=DIRECTION('center_axis',(-3.33066907387547E-15,1.,0.));
#4561=DIRECTION('ref_axis',(1.,3.32989377846721E-15,0.));
#4562=DIRECTION('center_axis',(-2.77555756156289E-15,1.,0.));
#4563=DIRECTION('ref_axis',(1.,2.77555756156289E-15,0.));
#4564=DIRECTION('',(2.77555756156289E-15,-1.,0.));
#4565=DIRECTION('',(2.77555756156289E-15,-1.,0.));
#4566=DIRECTION('center_axis',(3.33066907387547E-15,-1.,0.));
#4567=DIRECTION('ref_axis',(1.,3.33066907387547E-15,0.));
#4568=DIRECTION('center_axis',(-2.77555756156289E-15,1.,0.));
#4569=DIRECTION('ref_axis',(1.,2.77555756156289E-15,0.));
#4570=DIRECTION('center_axis',(3.33066907387547E-15,-1.,0.));
#4571=DIRECTION('ref_axis',(1.,3.33066907387547E-15,0.));
#4572=DIRECTION('',(2.77555756156289E-15,-1.,0.));
#4573=DIRECTION('center_axis',(3.33066907387547E-15,-1.,0.));
#4574=DIRECTION('ref_axis',(1.,3.33066907387547E-15,0.));
#4575=DIRECTION('center_axis',(3.33066907387547E-15,-1.,0.));
#4576=DIRECTION('ref_axis',(1.,3.33066907387547E-15,0.));
#4577=CARTESIAN_POINT('',(0.,0.,0.));
#4578=CARTESIAN_POINT('Origin',(-8.29260000000008,12.0000000000003,-34.2175));
#4579=CARTESIAN_POINT('',(-14.6339568726302,12.7000000000003,-34.2175));
#4580=CARTESIAN_POINT('',(-14.6339568726302,12.0000000000003,-34.2175));
#4581=CARTESIAN_POINT('',(-14.6339568726302,12.0000000000003,-34.2175));
#4582=CARTESIAN_POINT('',(-15.9126000000001,12.7000000000003,-34.2175));
#4583=CARTESIAN_POINT('',(-10.1976000000001,12.7000000000003,-34.2175));
#4584=CARTESIAN_POINT('',(-15.9126000000001,12.0000000000003,-34.2175));
#4585=CARTESIAN_POINT('',(-15.9126000000001,12.0000000000003,-34.2175));
#4586=CARTESIAN_POINT('',(-4.14630000000006,12.0000000000003,-34.2175));
#4587=CARTESIAN_POINT('Origin',(-15.9126000000001,12.0000000000003,-31.7175));
#4588=CARTESIAN_POINT('',(-15.4593076736962,12.0000000000003,-31.7175));
#4589=CARTESIAN_POINT('',(-15.4593076736962,12.7000000000003,-31.7175));
#4590=CARTESIAN_POINT('',(-15.4593076736962,12.0000000000003,-31.7175));
#4591=CARTESIAN_POINT('',(-15.9126000000001,12.0000000000003,-31.7175));
#4592=CARTESIAN_POINT('',(-7.95630000000006,12.0000000000003,-31.7175));
#4593=CARTESIAN_POINT('',(-15.9126000000001,12.7000000000003,-31.7175));
#4594=CARTESIAN_POINT('',(-15.9126000000001,12.0000000000003,-31.7175));
#4595=CARTESIAN_POINT('',(-14.0076000000001,12.7000000000003,-31.7175));
#4596=CARTESIAN_POINT('Origin',(-15.9126000000001,12.0000000000003,-32.9675));
#4597=CARTESIAN_POINT('Origin',(-15.9126000000001,12.0000000000002,-32.9675));
#4598=CARTESIAN_POINT('Origin',(-15.9126000000001,12.7000000000002,-32.9675));
#4599=CARTESIAN_POINT('Origin',(-12.1026000000001,12.7000000000003,-32.9675));
#4600=CARTESIAN_POINT('Origin',(-4.45048038825886E-14,12.7000000000003,
-28.));
#4601=CARTESIAN_POINT('Origin',(-15.1605000000001,12.0000000000003,-38.6894));
#4602=CARTESIAN_POINT('',(-15.1605000000001,12.0000000000003,-38.6894));
#4603=CARTESIAN_POINT('',(-15.1605000000001,12.0000000000003,-39.9394));
#4604=CARTESIAN_POINT('',(-15.1605000000001,12.0000000000003,-33.3447));
#4605=CARTESIAN_POINT('',(-15.1605000000001,12.7000000000003,-38.6894));
#4606=CARTESIAN_POINT('',(-15.1605000000001,12.0000000000003,-38.6894));
#4607=CARTESIAN_POINT('',(-15.1605000000001,12.7000000000003,-39.9394));
#4608=CARTESIAN_POINT('',(-15.1605000000001,12.7000000000003,-39.0019));
#4609=CARTESIAN_POINT('',(-15.1605000000001,12.0000000000003,-39.9394));
#4610=CARTESIAN_POINT('Origin',(-15.7605000000001,12.0000000000003,-38.6894));
#4611=CARTESIAN_POINT('',(-16.3238550188986,12.7000000000003,-38.4829269444168));
#4612=CARTESIAN_POINT('',(-16.3238550188986,12.0000000000003,-38.4829269444168));
#4613=CARTESIAN_POINT('',(-16.3238550188986,12.0000000000003,-38.4829269444168));
#4614=CARTESIAN_POINT('Origin',(-15.7605000000001,12.7000000000003,-38.6894));
#4615=CARTESIAN_POINT('Origin',(-15.7605000000001,12.0000000000002,-38.6894));
#4616=CARTESIAN_POINT('Origin',(-15.7605000000001,12.0000000000003,-39.9394));
#4617=CARTESIAN_POINT('',(-15.1778699973615,12.0000000000003,-40.0827257828354));
#4618=CARTESIAN_POINT('',(-15.1778699973615,12.7000000000003,-40.0827257828354));
#4619=CARTESIAN_POINT('',(-15.1778699973615,12.0000000000003,-40.0827257828354));
#4620=CARTESIAN_POINT('Origin',(-15.7605000000001,12.0000000000002,-39.9394));
#4621=CARTESIAN_POINT('Origin',(-15.7605000000001,12.7000000000003,-39.9394));
#4622=CARTESIAN_POINT('Origin',(-15.7605000000001,12.7000000000003,-39.3144));
#4623=CARTESIAN_POINT('Origin',(-4.56705380584451E-14,12.7000000000003,
-28.));
#4624=CARTESIAN_POINT('Origin',(12.7023999999999,12.0000000000003,-36.8442));
#4625=CARTESIAN_POINT('',(12.7023999999999,12.7000000000003,-37.5634216805493));
#4626=CARTESIAN_POINT('',(12.7023999999999,12.0000000000003,-37.5634216805493));
#4627=CARTESIAN_POINT('',(12.7023999999999,12.0000000000003,-37.5634216805493));
#4628=CARTESIAN_POINT('',(12.7023999999999,12.7000000000003,-39.3842));
#4629=CARTESIAN_POINT('',(12.7023999999999,12.7000000000003,-37.4792));
#4630=CARTESIAN_POINT('',(12.7023999999999,12.0000000000003,-39.3842));
#4631=CARTESIAN_POINT('',(12.7023999999999,12.0000000000003,-39.3842));
#4632=CARTESIAN_POINT('',(12.7023999999999,12.0000000000003,-32.4221));
#4633=CARTESIAN_POINT('Origin',(11.4523999999999,12.0000000000003,-39.3842));
#4634=CARTESIAN_POINT('',(10.3871228127636,12.0000000000003,-40.0381759279621));
#4635=CARTESIAN_POINT('',(10.3871228127636,12.7000000000003,-40.0381759279621));
#4636=CARTESIAN_POINT('',(10.3871228127636,12.0000000000003,-40.0381759279621));
#4637=CARTESIAN_POINT('Origin',(11.4523999999999,12.0000000000004,-39.3842));
#4638=CARTESIAN_POINT('Origin',(11.4523999999999,12.7000000000003,-39.3842));
#4639=CARTESIAN_POINT('Origin',(11.4523999999999,12.7000000000003,-38.1142));
#4640=CARTESIAN_POINT('Origin',(-4.45048038825886E-14,12.7000000000003,
-28.));
#4641=CARTESIAN_POINT('Origin',(-10.1456000000001,12.0000000000003,-38.8642));
#4642=CARTESIAN_POINT('',(-10.1456000000001,12.7000000000003,-40.2424180879432));
#4643=CARTESIAN_POINT('',(-10.1456000000001,12.0000000000003,-40.2424180879432));
#4644=CARTESIAN_POINT('',(-10.1456000000001,12.0000000000003,-40.2424180879432));
#4645=CARTESIAN_POINT('',(-10.1456000000001,12.7000000000003,-43.9442));
#4646=CARTESIAN_POINT('',(-10.1456000000001,12.7000000000003,-40.1342));
#4647=CARTESIAN_POINT('',(-10.1456000000001,12.0000000000003,-43.9442));
#4648=CARTESIAN_POINT('',(-10.1456000000001,12.0000000000003,-43.9442));
#4649=CARTESIAN_POINT('',(-10.1456000000001,12.0000000000003,-33.4321));
#4650=CARTESIAN_POINT('Origin',(-11.3956000000001,12.7000000000003,-41.4042));
#4651=CARTESIAN_POINT('',(-12.3321546756537,12.7000000000003,-38.0363320518879));
#4652=CARTESIAN_POINT('Origin',(-4.45048038825886E-14,12.7000000000003,
-28.));
#4653=CARTESIAN_POINT('',(-12.6456000000001,12.7000000000003,-38.8642));
#4654=CARTESIAN_POINT('Origin',(-11.3956000000001,12.7000000000003,-38.8642));
#4655=CARTESIAN_POINT('',(-12.6456000000001,12.7000000000003,-42.7121990416117));
#4656=CARTESIAN_POINT('',(-12.6456000000001,12.7000000000003,-42.6742));
#4657=CARTESIAN_POINT('',(-10.2593834287952,12.7000000000003,-44.4652680409692));
#4658=CARTESIAN_POINT('Origin',(-4.56705380584451E-14,12.7000000000003,
-28.));
#4659=CARTESIAN_POINT('Origin',(-11.3956000000001,12.7000000000003,-43.9442));
#4660=CARTESIAN_POINT('Origin',(-11.3956000000001,12.0000000000003,-38.8642));
#4661=CARTESIAN_POINT('',(-12.3321546756537,12.0000000000003,-38.0363320518879));
#4662=CARTESIAN_POINT('',(-12.3321546756537,12.0000000000003,-38.0363320518879));
#4663=CARTESIAN_POINT('',(-12.6456000000001,12.0000000000003,-38.8642));
#4664=CARTESIAN_POINT('Origin',(-11.3956000000001,12.0000000000003,-38.8642));
#4665=CARTESIAN_POINT('',(-12.6456000000001,12.0000000000003,-38.8642));
#4666=CARTESIAN_POINT('Origin',(-12.6456000000001,12.0000000000003,-43.9442));
#4667=CARTESIAN_POINT('',(-12.6456000000001,12.0000000000003,-42.7121990416117));
#4668=CARTESIAN_POINT('',(-12.6456000000001,12.0000000000003,-42.7121990416117));
#4669=CARTESIAN_POINT('',(-12.6456000000001,12.0000000000003,-35.9721));
#4670=CARTESIAN_POINT('Origin',(-11.3956000000001,12.0000000000003,-43.9442));
#4671=CARTESIAN_POINT('',(-10.2593834287952,12.0000000000003,-44.4652680409692));
#4672=CARTESIAN_POINT('',(-10.2593834287952,12.0000000000003,-44.4652680409692));
#4673=CARTESIAN_POINT('Origin',(-11.3956000000001,12.0000000000003,-43.9442));
#4674=CARTESIAN_POINT('Origin',(-8.29260000000008,12.0000000000003,-16.4375));
#4675=CARTESIAN_POINT('',(-10.9141464966346,12.7000000000003,-16.4375));
#4676=CARTESIAN_POINT('',(-10.9141464966346,12.0000000000003,-16.4375));
#4677=CARTESIAN_POINT('',(-10.9141464966346,12.0000000000003,-16.4375));
#4678=CARTESIAN_POINT('',(-15.5778237809394,12.7000000000003,-16.4375));
#4679=CARTESIAN_POINT('',(-10.1976000000001,12.7000000000003,-16.4375));
#4680=CARTESIAN_POINT('',(-15.5778237809394,12.0000000000003,-16.4375));
#4681=CARTESIAN_POINT('',(-15.5778237809394,12.0000000000002,-16.4375));
#4682=CARTESIAN_POINT('',(-4.14630000000006,12.0000000000003,-16.4375));
#4683=CARTESIAN_POINT('Origin',(-12.1026000000001,12.7000000000003,-15.1875));
#4684=CARTESIAN_POINT('',(-7.69821064362695,12.7000000000003,-14.0878631085534));
#4685=CARTESIAN_POINT('Origin',(-4.45048038825886E-14,12.7000000000003,
-28.));
#4686=CARTESIAN_POINT('',(-8.29260000000008,12.7000000000003,-13.9375));
#4687=CARTESIAN_POINT('Origin',(-8.29260000000008,12.7000000000003,-15.1875));
#4688=CARTESIAN_POINT('',(-13.3643590848945,12.7000000000003,-13.9375));
#4689=CARTESIAN_POINT('',(-14.0076000000001,12.7000000000003,-13.9375));
#4690=CARTESIAN_POINT('Origin',(-4.56705380584451E-14,12.7000000000003,
-28.));
#4691=CARTESIAN_POINT('Origin',(-8.29260000000008,12.0000000000003,-15.1875));
#4692=CARTESIAN_POINT('',(-7.69821064362695,12.0000000000003,-14.0878631085534));
#4693=CARTESIAN_POINT('',(-7.69821064362695,12.0000000000003,-14.0878631085534));
#4694=CARTESIAN_POINT('',(-8.29260000000008,12.0000000000003,-13.9375));
#4695=CARTESIAN_POINT('Origin',(-8.29260000000008,12.0000000000003,-15.1875));
#4696=CARTESIAN_POINT('',(-8.29260000000008,12.0000000000003,-13.9375));
#4697=CARTESIAN_POINT('Origin',(-15.9126000000001,12.0000000000003,-13.9375));
#4698=CARTESIAN_POINT('',(-13.3643590848945,12.0000000000003,-13.9375));
#4699=CARTESIAN_POINT('',(-13.3643590848945,12.0000000000002,-13.9375));
#4700=CARTESIAN_POINT('',(-7.95630000000006,12.0000000000003,-13.9375));
#4701=CARTESIAN_POINT('Origin',(-4.2188474935757E-14,12.0000000000003,-28.));
#4702=CARTESIAN_POINT('Origin',(-4.25619135894946E-14,12.0000000000003,
-28.));
#4703=CARTESIAN_POINT('',(3.80392156862735,12.0000000000003,-8.97658861561021));
#4704=CARTESIAN_POINT('Origin',(-4.25619135894946E-14,12.0000000000003,
-28.));
#4705=CARTESIAN_POINT('',(2.9999999999999,12.0000000000003,-7.99600039992001));
#4706=CARTESIAN_POINT('Origin',(3.9999999999999,12.0000000000003,-7.99600039992002));
#4707=CARTESIAN_POINT('',(2.9999999999999,12.0000000000003,-2.90000000000001));
#4708=CARTESIAN_POINT('',(2.9999999999999,12.0000000000003,-8.83336231886249));
#4709=CARTESIAN_POINT('',(3.9999999999999,12.0000000000003,-1.90000000000001));
#4710=CARTESIAN_POINT('Origin',(3.9999999999999,12.0000000000003,-2.90000000000001));
#4711=CARTESIAN_POINT('',(4.89999999999999,12.0000000000003,-1.90000000000001));
#4712=CARTESIAN_POINT('',(-4.90000000000001,12.0000000000003,-1.90000000000001));
#4713=CARTESIAN_POINT('',(8.89999999999999,12.0000000000003,2.09999999999999));
#4714=CARTESIAN_POINT('Origin',(4.89999999999999,12.0000000000003,2.09999999999999));
#4715=CARTESIAN_POINT('',(8.89999999999999,12.0000000000003,11.9));
#4716=CARTESIAN_POINT('',(8.89999999999999,12.0000000000003,2.09999999999999));
#4717=CARTESIAN_POINT('',(4.89999999999999,12.0000000000003,15.9));
#4718=CARTESIAN_POINT('Origin',(4.89999999999999,12.0000000000003,11.9));
#4719=CARTESIAN_POINT('',(3.99999999999992,12.0000000000003,15.9));
#4720=CARTESIAN_POINT('',(4.89999999999999,12.0000000000003,15.9));
#4721=CARTESIAN_POINT('',(2.99999999999992,12.0000000000003,16.9));
#4722=CARTESIAN_POINT('Origin',(3.99999999999992,12.0000000000003,16.9));
#4723=CARTESIAN_POINT('',(2.99999999999992,12.0000000000003,18.1));
#4724=CARTESIAN_POINT('',(2.9999999999999,12.0000000000003,-8.83336231886249));
#4725=CARTESIAN_POINT('',(3.99999999999992,12.0000000000003,19.1));
#4726=CARTESIAN_POINT('Origin',(3.99999999999992,12.0000000000003,18.1));
#4727=CARTESIAN_POINT('',(4.89999999999999,12.0000000000003,19.1));
#4728=CARTESIAN_POINT('',(4.89999999999999,12.0000000000003,19.1));
#4729=CARTESIAN_POINT('',(8.89999999999999,12.0000000000003,23.1));
#4730=CARTESIAN_POINT('Origin',(4.89999999999999,12.0000000000003,23.1));
#4731=CARTESIAN_POINT('',(8.89999999999999,12.0000000000003,32.9));
#4732=CARTESIAN_POINT('',(8.89999999999999,12.0000000000003,32.9));
#4733=CARTESIAN_POINT('',(4.89999999999999,12.0000000000003,36.9));
#4734=CARTESIAN_POINT('Origin',(4.89999999999999,12.0000000000003,32.9));
#4735=CARTESIAN_POINT('',(-4.90000000000001,12.0000000000003,36.9));
#4736=CARTESIAN_POINT('',(-4.90000000000001,12.0000000000003,36.9));
#4737=CARTESIAN_POINT('',(-8.90000000000001,12.0000000000003,32.9));
#4738=CARTESIAN_POINT('Origin',(-4.90000000000001,12.0000000000003,32.9));
#4739=CARTESIAN_POINT('',(-8.90000000000001,12.0000000000003,23.1));
#4740=CARTESIAN_POINT('',(-8.90000000000001,12.0000000000003,23.1));
#4741=CARTESIAN_POINT('',(-4.90000000000001,12.0000000000003,19.1));
#4742=CARTESIAN_POINT('Origin',(-4.90000000000001,12.0000000000003,23.1));
#4743=CARTESIAN_POINT('',(-4.00000000000008,12.0000000000003,19.1));
#4744=CARTESIAN_POINT('',(4.89999999999999,12.0000000000003,19.1));
#4745=CARTESIAN_POINT('',(-3.00000000000008,12.0000000000003,18.1));
#4746=CARTESIAN_POINT('Origin',(-4.00000000000008,12.0000000000003,18.1));
#4747=CARTESIAN_POINT('',(-3.00000000000008,12.0000000000003,16.9));
#4748=CARTESIAN_POINT('',(-3.00000000000003,12.0000000000003,-8.83336231886251));
#4749=CARTESIAN_POINT('',(-4.00000000000008,12.0000000000003,15.9));
#4750=CARTESIAN_POINT('Origin',(-4.00000000000008,12.0000000000003,16.9));
#4751=CARTESIAN_POINT('',(-4.90000000000001,12.0000000000003,15.9));
#4752=CARTESIAN_POINT('',(4.89999999999999,12.0000000000003,15.9));
#4753=CARTESIAN_POINT('',(-8.90000000000001,12.0000000000003,11.9));
#4754=CARTESIAN_POINT('Origin',(-4.90000000000001,12.0000000000003,11.9));
#4755=CARTESIAN_POINT('',(-8.90000000000001,12.0000000000003,2.09999999999999));
#4756=CARTESIAN_POINT('',(-8.90000000000001,12.0000000000003,11.9));
#4757=CARTESIAN_POINT('',(-4.90000000000001,12.0000000000003,-1.90000000000001));
#4758=CARTESIAN_POINT('Origin',(-4.90000000000001,12.0000000000003,2.09999999999999));
#4759=CARTESIAN_POINT('',(-4.00000000000004,12.0000000000003,-1.90000000000001));
#4760=CARTESIAN_POINT('',(-4.90000000000001,12.0000000000003,-1.90000000000001));
#4761=CARTESIAN_POINT('',(-3.00000000000004,12.0000000000003,-2.90000000000001));
#4762=CARTESIAN_POINT('Origin',(-4.00000000000004,12.0000000000003,-2.90000000000001));
#4763=CARTESIAN_POINT('',(-3.00000000000003,12.0000000000003,-7.99600039992002));
#4764=CARTESIAN_POINT('',(-3.00000000000003,12.0000000000003,-8.83336231886251));
#4765=CARTESIAN_POINT('',(-3.80392156862748,12.0000000000003,-8.97658861561022));
#4766=CARTESIAN_POINT('Origin',(-4.00000000000003,12.0000000000003,-7.99600039992002));
#4767=CARTESIAN_POINT('Origin',(-4.25619135894946E-14,12.0000000000003,
-28.));
#4768=CARTESIAN_POINT('Origin',(-4.25619135894946E-14,12.0000000000003,
-28.));
#4769=CARTESIAN_POINT('',(-5.90000000000001,12.0000000000003,32.9));
#4770=CARTESIAN_POINT('',(-4.90000000000001,12.0000000000003,33.9));
#4771=CARTESIAN_POINT('Origin',(-4.90000000000001,12.0000000000003,32.9));
#4772=CARTESIAN_POINT('',(4.89999999999999,12.0000000000003,33.9));
#4773=CARTESIAN_POINT('',(-4.90000000000001,12.0000000000003,33.9));
#4774=CARTESIAN_POINT('',(5.89999999999999,12.0000000000003,32.9));
#4775=CARTESIAN_POINT('Origin',(4.89999999999999,12.0000000000003,32.9));
#4776=CARTESIAN_POINT('',(5.89999999999999,12.0000000000003,23.1));
#4777=CARTESIAN_POINT('',(5.89999999999999,12.0000000000003,32.9));
#4778=CARTESIAN_POINT('',(4.89999999999999,12.0000000000003,22.1));
#4779=CARTESIAN_POINT('Origin',(4.89999999999999,12.0000000000003,23.1));
#4780=CARTESIAN_POINT('',(-4.90000000000001,12.0000000000003,22.1));
#4781=CARTESIAN_POINT('',(4.89999999999999,12.0000000000003,22.1));
#4782=CARTESIAN_POINT('',(-5.90000000000001,12.0000000000003,23.1));
#4783=CARTESIAN_POINT('Origin',(-4.90000000000001,12.0000000000003,23.1));
#4784=CARTESIAN_POINT('',(-5.90000000000001,12.0000000000003,23.1));
#4785=CARTESIAN_POINT('',(-5.90000000000001,12.0000000000003,2.09999999999999));
#4786=CARTESIAN_POINT('',(-4.90000000000001,12.0000000000003,1.09999999999999));
#4787=CARTESIAN_POINT('Origin',(-4.90000000000001,12.0000000000003,2.09999999999999));
#4788=CARTESIAN_POINT('',(-5.90000000000001,12.0000000000003,11.9));
#4789=CARTESIAN_POINT('',(-5.90000000000001,12.0000000000003,11.9));
#4790=CARTESIAN_POINT('',(-4.90000000000001,12.0000000000003,12.9));
#4791=CARTESIAN_POINT('Origin',(-4.90000000000001,12.0000000000003,11.9));
#4792=CARTESIAN_POINT('',(4.89999999999999,12.0000000000003,12.9));
#4793=CARTESIAN_POINT('',(4.89999999999999,12.0000000000003,12.9));
#4794=CARTESIAN_POINT('',(5.89999999999999,12.0000000000003,11.9));
#4795=CARTESIAN_POINT('Origin',(4.89999999999999,12.0000000000003,11.9));
#4796=CARTESIAN_POINT('',(5.89999999999999,12.0000000000003,2.09999999999999));
#4797=CARTESIAN_POINT('',(5.89999999999999,12.0000000000003,2.09999999999999));
#4798=CARTESIAN_POINT('',(4.89999999999999,12.0000000000003,1.09999999999999));
#4799=CARTESIAN_POINT('Origin',(4.89999999999999,12.0000000000003,2.09999999999999));
#4800=CARTESIAN_POINT('',(-4.90000000000001,12.0000000000003,1.09999999999999));
#4801=CARTESIAN_POINT('Origin',(-4.2188474935757E-14,12.0000000000003,-28.));
#4802=CARTESIAN_POINT('',(-15.9,12.0000000000003,-28.));
#4803=CARTESIAN_POINT('Origin',(-4.25619135894946E-14,12.0000000000003,
-28.));
#4804=CARTESIAN_POINT('Origin',(-4.25619135894946E-14,12.0000000000003,
-28.));
#4805=CARTESIAN_POINT('Origin',(-4.25619135894946E-14,12.0000000000003,
-28.));
#4806=CARTESIAN_POINT('Origin',(-4.25619135894946E-14,12.0000000000003,
-28.));
#4807=CARTESIAN_POINT('Origin',(-4.25619135894946E-14,12.0000000000003,
-28.));
#4808=CARTESIAN_POINT('Ctrl Pts',(-3.97329537708409,14.4886573951866,-45.8889963469432));
#4809=CARTESIAN_POINT('Ctrl Pts',(-3.11562811426684,14.4861260434388,-46.0794914431173));
#4810=CARTESIAN_POINT('Ctrl Pts',(-2.2433732450211,14.4836102726282,-46.2081540151321));
#4811=CARTESIAN_POINT('Ctrl Pts',(-1.37084814972857,14.4810881283747,-46.2735869530548));
#4812=CARTESIAN_POINT('Ctrl Pts',(-1.37074106748114,14.4810878191731,-46.2735949879746));
#4813=CARTESIAN_POINT('Ctrl Pts',(-0.917970520399739,14.4797796128437,-46.3075561961863));
#4814=CARTESIAN_POINT('Ctrl Pts',(-0.462599758856319,14.4784707838367,-46.3247721663647));
#4815=CARTESIAN_POINT('Ctrl Pts',(-0.00640040336668953,14.4771613987258,
-46.3249329779502));
#4816=CARTESIAN_POINT('Ctrl Pts',(-0.0062800912470095,14.4771610533126,
-46.3249330195751));
#4817=CARTESIAN_POINT('Ctrl Pts',(0.4499318976864,14.4758516312831,-46.3250884845588));
#4818=CARTESIAN_POINT('Ctrl Pts',(0.905406859629099,14.4745422764441,-46.3081843421434));
#4819=CARTESIAN_POINT('Ctrl Pts',(1.35825512398829,14.4732340058643,-46.2745281028792));
#4820=CARTESIAN_POINT('Ctrl Pts',(1.35836238900811,14.4732336961766,-46.2745201280126));
#4821=CARTESIAN_POINT('Ctrl Pts',(2.2309724177118,14.4707115551157,-46.2096791843787));
#4822=CARTESIAN_POINT('Ctrl Pts',(3.10321661345842,14.4681972515639,-46.0816234819229));
#4823=CARTESIAN_POINT('Ctrl Pts',(3.96100279211141,14.4656641279987,-45.8917219968669));
#4824=CARTESIAN_POINT('Ctrl Pts',(-3.95222865611889,14.7165378281278,-45.7969835401868));
#4825=CARTESIAN_POINT('Ctrl Pts',(-3.09897850735641,14.7140065076835,-45.9864671311869));
#4826=CARTESIAN_POINT('Ctrl Pts',(-2.2312060383712,14.7114906126156,-46.1144392308073));
#4827=CARTESIAN_POINT('Ctrl Pts',(-1.36317376057368,14.7089684238335,-46.1795059205126));
#4828=CARTESIAN_POINT('Ctrl Pts',(-1.36306722966984,14.7089681146475,-46.1795139083276));
#4829=CARTESIAN_POINT('Ctrl Pts',(-0.912628107308515,14.7076598857515,-46.2132849424778));
#4830=CARTESIAN_POINT('Ctrl Pts',(-0.45960433460224,14.7063510578488,-46.2303969304512));
#4831=CARTESIAN_POINT('Ctrl Pts',(-0.0057548706517694,14.7050417299227,
-46.2305416483387));
#4832=CARTESIAN_POINT('Ctrl Pts',(-0.00563517824650916,14.7050413845217,
-46.2305416852721));
#4833=CARTESIAN_POINT('Ctrl Pts',(0.448226852906602,14.7037320195692,-46.2306810388906));
#4834=CARTESIAN_POINT('Ctrl Pts',(0.901357032907561,14.7024227763869,-46.2138485402583));
#4835=CARTESIAN_POINT('Ctrl Pts',(1.35187191402238,14.7011144764587,-46.1803504769756));
#4836=CARTESIAN_POINT('Ctrl Pts',(1.35197862787785,14.7011141667818,-46.1803425470176));
#4837=CARTESIAN_POINT('Ctrl Pts',(2.22009230093193,14.6985919680678,-46.1158058498469));
#4838=CARTESIAN_POINT('Ctrl Pts',(3.08783302030845,14.6960770920778,-45.9883822538737));
#4839=CARTESIAN_POINT('Ctrl Pts',(3.9412001042882,14.693544492369,-45.79942896363));
#4840=CARTESIAN_POINT('Ctrl Pts',(-3.93116199032114,14.9444182613009,-45.7049707213717));
#4841=CARTESIAN_POINT('Ctrl Pts',(-3.08232907422926,14.941886968792,-45.893443425773));
#4842=CARTESIAN_POINT('Ctrl Pts',(-2.21903886092473,14.9393709563992,-46.0207248934528));
#4843=CARTESIAN_POINT('Ctrl Pts',(-1.35549942912043,14.9368487270652,-46.0854248961766));
#4844=CARTESIAN_POINT('Ctrl Pts',(-1.35539344971041,14.9368484178321,-46.0854328432783));
#4845=CARTESIAN_POINT('Ctrl Pts',(-0.907285754235452,14.9355401669602,-46.1190138129285));
#4846=CARTESIAN_POINT('Ctrl Pts',(-0.456608958678017,14.9342313412126,-46.1360218181566));
#4847=CARTESIAN_POINT('Ctrl Pts',(-0.00510938881618148,14.9329220704091,
-46.1361503421892));
#4848=CARTESIAN_POINT('Ctrl Pts',(-0.00499031617315697,14.9329217250287,
-46.1361503757458));
#4849=CARTESIAN_POINT('Ctrl Pts',(0.446521758625271,14.9316124173441,-46.1362736521915));
#4850=CARTESIAN_POINT('Ctrl Pts',(0.897307169346042,14.9303032874914,-46.1195128175849));
#4851=CARTESIAN_POINT('Ctrl Pts',(1.34548866114862,14.9289949586465,-46.0861728869572));
#4852=CARTESIAN_POINT('Ctrl Pts',(1.34559481922927,14.9289946489275,-46.0861649796428));
#4853=CARTESIAN_POINT('Ctrl Pts',(2.20921228498938,14.9264723932388,-46.0219337452589));
#4854=CARTESIAN_POINT('Ctrl Pts',(3.07244977308137,14.9239569342424,-45.8951427850178));
#4855=CARTESIAN_POINT('Ctrl Pts',(3.92139736103229,14.9214248569735,-45.7071359428628));
#4856=CARTESIAN_POINT('Ctrl Pts',(-3.91009538232167,15.1722986947208,-45.6129578899321));
#4857=CARTESIAN_POINT('Ctrl Pts',(-3.06567958003841,15.1697674335049,-45.8004190948458));
#4858=CARTESIAN_POINT('Ctrl Pts',(-2.20687176887481,15.1672512968643,-45.9270100953669));
#4859=CARTESIAN_POINT('Ctrl Pts',(-1.34782515504897,15.1647290230015,-45.9913438553995));
#4860=CARTESIAN_POINT('Ctrl Pts',(-1.34771972698251,15.1647287137841,-45.9913517553965));
#4861=CARTESIAN_POINT('Ctrl Pts',(-0.901943456464155,15.1634204403454,-46.0247425538378));
#4862=CARTESIAN_POINT('Ctrl Pts',(-0.453613649572189,15.1621116156996,-46.0416465797329));
#4863=CARTESIAN_POINT('Ctrl Pts',(-0.0044639713218379,15.1608024020816,
-46.0417590129333));
#4864=CARTESIAN_POINT('Ctrl Pts',(-0.00434551839325167,15.1608020567133,
-46.0417590417992));
#4865=CARTESIAN_POINT('Ctrl Pts',(0.444816598553536,15.1594928061064,-46.0418662097456));
#4866=CARTESIAN_POINT('Ctrl Pts',(0.89325722719595,15.1581837879128,-46.0251770218096));
#4867=CARTESIAN_POINT('Ctrl Pts',(1.33910533621186,15.1568754297183,-45.9919952699968));
#4868=CARTESIAN_POINT('Ctrl Pts',(1.33921094312814,15.15687512001,-45.9919874075911));
#4869=CARTESIAN_POINT('Ctrl Pts',(2.19833205411066,15.1543528066658,-45.9280604251616));
#4870=CARTESIAN_POINT('Ctrl Pts',(3.05706606747963,15.1518367752231,-45.8019015765864));
#4871=CARTESIAN_POINT('Ctrl Pts',(3.90159455971134,15.1493052218272,-45.6148429351671));
#4872=CARTESIAN_POINT('',(3.90026179378003,15.1493092109773,-45.615138085448));
#4873=CARTESIAN_POINT('',(3.96100278977976,14.4656641548126,-45.8917219860014));
#4874=CARTESIAN_POINT('Ctrl Pts',(3.96100278949593,14.4656641548153,-45.8917219860695));
#4875=CARTESIAN_POINT('Ctrl Pts',(3.94058820365904,14.6955480676499,-45.7987149718013));
#4876=CARTESIAN_POINT('Ctrl Pts',(3.92032859444932,14.9235687125765,-45.7064641783965));
#4877=CARTESIAN_POINT('Ctrl Pts',(3.90026179398426,15.1493092109926,-45.6151380851279));
#4878=CARTESIAN_POINT('',(-3.97329537574987,14.4886574096035,-45.8889963411164));
#4879=CARTESIAN_POINT('Ctrl Pts',(-3.97329537574895,14.488657409626,-45.8889963411129));
#4880=CARTESIAN_POINT('Ctrl Pts',(-3.11562811321167,14.4861260578783,-46.0794914372229));
#4881=CARTESIAN_POINT('Ctrl Pts',(-2.24337324425004,14.4836102870676,-46.2081540091939));
#4882=CARTESIAN_POINT('Ctrl Pts',(-1.37095523213192,14.4810884523508,-46.2735789166676));
#4883=CARTESIAN_POINT('Ctrl Pts',(-1.37084814924229,14.4810881428141,-46.2735869470934));
#4884=CARTESIAN_POINT('Ctrl Pts',(-1.37074106699489,14.4810878336125,-46.2735949820133));
#4885=CARTESIAN_POINT('Ctrl Pts',(-1.37063398449041,14.4810875242151,-46.2736030140093));
#4886=CARTESIAN_POINT('Ctrl Pts',(-0.917970520061222,14.4797796272831,-46.3075561902129));
#4887=CARTESIAN_POINT('Ctrl Pts',(-0.462599758666517,14.4784707982761,-46.3247721603847));
#4888=CARTESIAN_POINT('Ctrl Pts',(-0.00652071539228057,14.4771617584854,
-46.3249329295589));
#4889=CARTESIAN_POINT('Ctrl Pts',(-0.00640040332578586,14.4771614131652,
-46.3249329719692));
#4890=CARTESIAN_POINT('Ctrl Pts',(-0.00628009120614471,14.477161067752,
-46.3249330135941));
#4891=CARTESIAN_POINT('Ctrl Pts',(-0.00615977903928783,14.4771607224314,
-46.3249330545933));
#4892=CARTESIAN_POINT('Ctrl Pts',(0.449931897578362,14.4758516457225,-46.3250884785767));
#4893=CARTESIAN_POINT('Ctrl Pts',(0.905406859372485,14.4745422908836,-46.3081843361659));
#4894=CARTESIAN_POINT('Ctrl Pts',(1.35814785816543,14.4732343301916,-46.2745360690094));
#4895=CARTESIAN_POINT('Ctrl Pts',(1.35825512358383,14.4732340203037,-46.2745280969117));
#4896=CARTESIAN_POINT('Ctrl Pts',(1.35836238860361,14.4732337106161,-46.2745201220451));
#4897=CARTESIAN_POINT('Ctrl Pts',(1.35846965410003,14.4732334005821,-46.2745121514789));
#4898=CARTESIAN_POINT('Ctrl Pts',(2.23097241702228,14.4707115695552,-46.2096791784305));
#4899=CARTESIAN_POINT('Ctrl Pts',(3.10321661248345,14.4681972660033,-46.0816234760148));
#4900=CARTESIAN_POINT('Ctrl Pts',(3.96100279085633,14.4656641424381,-45.8917219910189));
#4901=CARTESIAN_POINT('',(-3.90840910213014,15.1722936364812,-45.6133321626966));
#4902=CARTESIAN_POINT('Ctrl Pts',(-3.90840910140007,15.1722936364535,-45.6133321623987));
#4903=CARTESIAN_POINT('Ctrl Pts',(-3.92957938664575,14.9491455657752,-45.7033148509802));
#4904=CARTESIAN_POINT('Ctrl Pts',(-3.9512307292344,14.7210250914325,-45.7953004682747));
#4905=CARTESIAN_POINT('Ctrl Pts',(-3.97329537533802,14.4886574096041,-45.8889963412129));
#4906=CARTESIAN_POINT('Ctrl Pts',(-3.90840910203397,15.1722936364585,-45.6133321622567));
#4907=CARTESIAN_POINT('Ctrl Pts',(-3.06453624576948,15.1697640802946,-45.800587599804));
#4908=CARTESIAN_POINT('Ctrl Pts',(-2.20630001304766,15.1672496146491,-45.927052915439));
#4909=CARTESIAN_POINT('Ctrl Pts',(-1.34793058387396,15.1647293290898,-45.9913359613033));
#4910=CARTESIAN_POINT('Ctrl Pts',(-1.34782515516563,15.1647290195372,-45.9913438568297));
#4911=CARTESIAN_POINT('Ctrl Pts',(-1.34771972709917,15.1647287103197,-45.9913517568267));
#4912=CARTESIAN_POINT('Ctrl Pts',(-1.34761429877613,15.1647284009065,-45.991359653918));
#4913=CARTESIAN_POINT('Ctrl Pts',(-0.901943456545369,15.1634204368811,-46.024742555271));
#4914=CARTESIAN_POINT('Ctrl Pts',(-0.453613649617725,15.1621116122353,-46.0416465811676));
#4915=CARTESIAN_POINT('Ctrl Pts',(-0.00458242420828661,15.1608027438922,
-46.0417589847166));
#4916=CARTESIAN_POINT('Ctrl Pts',(-0.00446397133164995,15.1608023986173,
-46.0417590143682));
#4917=CARTESIAN_POINT('Ctrl Pts',(-0.00434551840305447,15.160802053249,
-46.0417590432342));
#4918=CARTESIAN_POINT('Ctrl Pts',(-0.00422706542748046,15.1608017079736,
-46.0417590714965));
#4919=CARTESIAN_POINT('Ctrl Pts',(0.444816598579457,15.159492802642,-46.0418662111808));
#4920=CARTESIAN_POINT('Ctrl Pts',(0.893257227257519,15.1581837844485,-46.0251770232437));
#4921=CARTESIAN_POINT('Ctrl Pts',(1.33899972900566,15.1568757361626,-45.9920031311351));
#4922=CARTESIAN_POINT('Ctrl Pts',(1.3391053363089,15.156875426254,-45.9919952714285));
#4923=CARTESIAN_POINT('Ctrl Pts',(1.33921094322519,15.1568751165457,-45.9919874090228));
#4924=CARTESIAN_POINT('Ctrl Pts',(1.33931655059786,15.1568748064906,-45.9919795508052));
#4925=CARTESIAN_POINT('Ctrl Pts',(2.19788018203106,15.1543541298636,-45.9280940502871));
#4926=CARTESIAN_POINT('Ctrl Pts',(3.05616261929304,15.1518394188018,-45.8020342887284));
#4927=CARTESIAN_POINT('Ctrl Pts',(3.90026179351317,15.1493092134073,-45.6151380842081));
#4928=CARTESIAN_POINT('Ctrl Pts',(-3.88011317067608,14.0637168332013,-45.4744019005641));
#4929=CARTESIAN_POINT('Ctrl Pts',(-3.91158955446194,14.0637145112622,-45.6125077131596));
#4930=CARTESIAN_POINT('Ctrl Pts',(-3.94306593832664,14.0637121893239,-45.7506135257372));
#4931=CARTESIAN_POINT('Ctrl Pts',(-3.97454232227019,14.0637098673863,-45.8887193382968));
#4932=CARTESIAN_POINT('Ctrl Pts',(-3.87905465895915,14.4332432165167,-45.4746369383743));
#4933=CARTESIAN_POINT('Ctrl Pts',(-3.91052267699434,14.433240891954,-45.6127446576497));
#4934=CARTESIAN_POINT('Ctrl Pts',(-3.94199069510854,14.4332385673919,-45.7508523769072));
#4935=CARTESIAN_POINT('Ctrl Pts',(-3.97345871330177,14.4332362428307,-45.8889600961466));
#4936=CARTESIAN_POINT('Ctrl Pts',(-3.87799433267686,14.8027692650267,-45.4748722781743));
#4937=CARTESIAN_POINT('Ctrl Pts',(-3.90945397060843,14.8027669378435,-45.6129819066012));
#4938=CARTESIAN_POINT('Ctrl Pts',(-3.94091360866429,14.8027646028642,-45.7510915349999));
#4939=CARTESIAN_POINT('Ctrl Pts',(-3.97237324675428,14.8027622756824,-45.8892011633908));
#4940=CARTESIAN_POINT('Ctrl Pts',(-3.87693219323953,15.1722959681839,-45.4751079186405));
#4941=CARTESIAN_POINT('Ctrl Pts',(-3.90838343674781,15.1722936383835,-45.6132194586749));
#4942=CARTESIAN_POINT('Ctrl Pts',(-3.93983468033547,15.1722913085838,-45.7513309986913));
#4943=CARTESIAN_POINT('Ctrl Pts',(-3.97128592400253,15.1722889787848,-45.8894425386896));
#4944=CARTESIAN_POINT('',(-3.88011317067684,14.0637168332013,-45.4744019005685));
#4945=CARTESIAN_POINT('Ctrl Pts',(-3.88011317067607,14.0637168332057,-45.4744019005641));
#4946=CARTESIAN_POINT('Ctrl Pts',(-3.89479069400279,14.1306297283889,-45.5396845738436));
#4947=CARTESIAN_POINT('Ctrl Pts',(-3.90946601140458,14.1975426157876,-45.6049677481272));
#4948=CARTESIAN_POINT('Ctrl Pts',(-3.9405272950113,14.3391894794052,-45.7431657737895));
#4949=CARTESIAN_POINT('Ctrl Pts',(-3.95691271343411,14.4139234470356,-45.8160807426396));
#4950=CARTESIAN_POINT('Ctrl Pts',(-3.97329537574746,14.4886574096155,-45.8889963411053));
#4951=CARTESIAN_POINT('',(-3.87693220660854,15.1722913189379,-45.4751079157003));
#4952=CARTESIAN_POINT('Ctrl Pts',(-3.8769322066085,15.1722913189379,-45.4751079157001));
#4953=CARTESIAN_POINT('Ctrl Pts',(-3.87797404423367,14.8098277757803,-45.4748767792823));
#4954=CARTESIAN_POINT('Ctrl Pts',(-3.8781193450094,14.7590828399083,-45.4748445124278));
#4955=CARTESIAN_POINT('Ctrl Pts',(-3.87925241556125,14.364118677238,-45.4745930134707));
#4956=CARTESIAN_POINT('Ctrl Pts',(-3.87936158244338,14.3260962456848,-45.474568787395));
#4957=CARTESIAN_POINT('Ctrl Pts',(-3.880113170678,14.0637168332013,-45.4744019005725));
#4958=CARTESIAN_POINT('Ctrl Pts',(-3.87693220660855,15.1722913189379,-45.4751079157003));
#4959=CARTESIAN_POINT('Ctrl Pts',(-3.88742306133689,15.1722920974598,-45.5211763246033));
#4960=CARTESIAN_POINT('Ctrl Pts',(-3.89791568185483,15.1722928699513,-45.5672524876454));
#4961=CARTESIAN_POINT('Ctrl Pts',(-3.90840910213012,15.1722936364811,-45.6133321626966));
#4962=CARTESIAN_POINT('Ctrl Pts',(3.96100288741028,14.4656646009406,-45.891722421295));
#4963=CARTESIAN_POINT('Ctrl Pts',(3.10308373577927,14.4681998322733,-46.0816549601538));
#4964=CARTESIAN_POINT('Ctrl Pts',(2.23079581901737,14.4707119179831,-46.2097006379947));
#4965=CARTESIAN_POINT('Ctrl Pts',(0.905308848858519,14.4745428973821,-46.30817874081));
#4966=CARTESIAN_POINT('Ctrl Pts',(0.449696230121569,14.4758525532667,-46.3250908720282));
#4967=CARTESIAN_POINT('Ctrl Pts',(-0.46269750398878,14.4784716343682,-46.3247665558135));
#4968=CARTESIAN_POINT('Ctrl Pts',(-0.918152693037434,14.4797802149572,-46.307536213101));
#4969=CARTESIAN_POINT('Ctrl Pts',(-2.24336287344697,14.4836109056919,-46.2081525206508));
#4970=CARTESIAN_POINT('Ctrl Pts',(-3.11573709813621,14.4861265790796,-46.0794674396342));
#4971=CARTESIAN_POINT('Ctrl Pts',(-3.97329542760434,14.4886576509877,-45.8889965768424));
#4972=CARTESIAN_POINT('Ctrl Pts',(3.93001868077859,14.3240198235862,-45.7535069626043));
#4973=CARTESIAN_POINT('Ctrl Pts',(3.07873114164136,14.3265550428212,-45.9419523042571));
#4974=CARTESIAN_POINT('Ctrl Pts',(2.21317952381915,14.3290671390854,-46.0689915996476));
#4975=CARTESIAN_POINT('Ctrl Pts',(0.897936201327913,14.3328981181433,-46.1666814565514));
#4976=CARTESIAN_POINT('Ctrl Pts',(0.445846092522323,14.3342077708272,-46.1834534614797));
#4977=CARTESIAN_POINT('Ctrl Pts',(-0.459495008511856,14.3368268515785,-46.1831130057183));
#4978=CARTESIAN_POINT('Ctrl Pts',(-0.911430496779372,14.3381354353892,-46.1660066589624));
#4979=CARTESIAN_POINT('Ctrl Pts',(-2.2263957500002,14.3419661276814,-46.0673635460398));
#4980=CARTESIAN_POINT('Ctrl Pts',(-3.09202022031752,14.3444817899993,-45.9396555876021));
#4981=CARTESIAN_POINT('Ctrl Pts',(-3.94294974001175,14.3470128721739,-45.7506395280875));
#4982=CARTESIAN_POINT('Ctrl Pts',(3.89903454245765,14.1823750459404,-45.6152914888974));
#4983=CARTESIAN_POINT('Ctrl Pts',(3.05437890295742,14.1849102529645,-45.8022513088261));
#4984=CARTESIAN_POINT('Ctrl Pts',(2.19556330715237,14.1874223599046,-45.9282831608353));
#4985=CARTESIAN_POINT('Ctrl Pts',(0.890563618437116,14.1912533385762,-46.0251842350365));
#4986=CARTESIAN_POINT('Ctrl Pts',(0.441996039171525,14.1925629880763,-46.0418162929561));
#4987=CARTESIAN_POINT('Ctrl Pts',(-0.456292487713083,14.1951820684793,-46.0414597945083));
#4988=CARTESIAN_POINT('Ctrl Pts',(-0.904708230218488,14.196490655496,-46.0244770198447));
#4989=CARTESIAN_POINT('Ctrl Pts',(-2.20942863528105,14.2003213493886,-45.9265755928704));
#4990=CARTESIAN_POINT('Ctrl Pts',(-3.06830375779192,14.2028370005853,-45.7998464136361));
#4991=CARTESIAN_POINT('Ctrl Pts',(-3.91260398433921,14.2053680930696,-45.6122824945604));
#4992=CARTESIAN_POINT('Ctrl Pts',(3.86805047741548,14.0407302679744,-45.4770759990897));
#4993=CARTESIAN_POINT('Ctrl Pts',(3.03002645015722,14.043265462915,-45.6625486289289));
#4994=CARTESIAN_POINT('Ctrl Pts',(2.1779471556707,14.0457775803974,-45.7875741050656));
#4995=CARTESIAN_POINT('Ctrl Pts',(0.883191115434098,14.0496085587281,-45.8836869438704));
#4996=CARTESIAN_POINT('Ctrl Pts',(0.43814604578966,14.0509182050312,-45.9001788790882));
#4997=CARTESIAN_POINT('Ctrl Pts',(-0.453089848144146,14.0535372850846,-45.899806248278));
#4998=CARTESIAN_POINT('Ctrl Pts',(-0.897985889577166,14.0548458753193,-45.8829474731515));
#4999=CARTESIAN_POINT('Ctrl Pts',(-2.19246136795201,14.0586765707672,-45.7857866362424));
#5000=CARTESIAN_POINT('Ctrl Pts',(-3.04458673862545,14.061192210907,-45.6600345861761));
#5001=CARTESIAN_POINT('Ctrl Pts',(-3.88225815564482,14.0637233136464,-45.473925477374));
#5002=CARTESIAN_POINT('',(3.86566820957109,14.0407374753174,-45.4776030763192));
#5003=CARTESIAN_POINT('Ctrl Pts',(3.96100278977746,14.4656641548242,-45.89172198599));
#5004=CARTESIAN_POINT('Ctrl Pts',(3.94423133424143,14.3909327583124,-45.8188925340317));
#5005=CARTESIAN_POINT('Ctrl Pts',(3.92746240556122,14.3162006838242,-45.746061790498));
#5006=CARTESIAN_POINT('Ctrl Pts',(3.8956849496628,14.1745593601182,-45.6080229080712));
#5007=CARTESIAN_POINT('Ctrl Pts',(3.88067546696669,14.1076482118245,-45.5428130432085));
#5008=CARTESIAN_POINT('Ctrl Pts',(3.86566820957069,14.0407374753225,-45.4776030763167));
#5009=CARTESIAN_POINT('Ctrl Pts',(-3.88011317051531,14.0637168331709,-45.4744018998198));
#5010=CARTESIAN_POINT('Ctrl Pts',(-3.04313209555652,14.061187917182,-45.6602492101826));
#5011=CARTESIAN_POINT('Ctrl Pts',(-2.19173398814365,14.0586744189271,-45.7858412326417));
#5012=CARTESIAN_POINT('Ctrl Pts',(-1.34026766655343,14.0561547047908,-45.8497506552515));
#5013=CARTESIAN_POINT('Ctrl Pts',(-0.897985889608937,14.0548458759888,-45.8829474738204));
#5014=CARTESIAN_POINT('Ctrl Pts',(-0.453089848159283,14.053537285754,-45.8998062489475));
#5015=CARTESIAN_POINT('Ctrl Pts',(-0.00747190117571372,14.0522277457273,
-45.8999925643525));
#5016=CARTESIAN_POINT('Ctrl Pts',(0.438146045807856,14.0509182057006,-45.9001788797576));
#5017=CARTESIAN_POINT('Ctrl Pts',(0.883191115468943,14.0496085593976,-45.8836869445392));
#5018=CARTESIAN_POINT('Ctrl Pts',(1.32555116465335,14.0482996859805,-45.8508494996617));
#5019=CARTESIAN_POINT('Ctrl Pts',(2.17713946069855,14.0457799709088,-45.7876340628672));
#5020=CARTESIAN_POINT('Ctrl Pts',(3.02841166005423,14.0432702243499,-45.6627855120478));
#5021=CARTESIAN_POINT('Ctrl Pts',(3.86566820937695,14.0407374753181,-45.4776030754147));
#5022=CARTESIAN_POINT('Ctrl Pts',(3.86884883449978,15.1493115288669,-45.4768992872159));
#5023=CARTESIAN_POINT('Ctrl Pts',(3.90023617732422,15.1493138549904,-45.615025293337));
#5024=CARTESIAN_POINT('Ctrl Pts',(3.93162352022781,15.1493161811133,-45.7531512994401));
#5025=CARTESIAN_POINT('Ctrl Pts',(3.96301086321054,15.1493185072355,-45.8912773055252));
#5026=CARTESIAN_POINT('Ctrl Pts',(3.86778826802384,14.7797868813796,-45.4771340640666));
#5027=CARTESIAN_POINT('Ctrl Pts',(3.89916722881745,14.7797892063744,-45.6152619748953));
#5028=CARTESIAN_POINT('Ctrl Pts',(3.93054618970722,14.779791534815,-45.7533898857025));
#5029=CARTESIAN_POINT('Ctrl Pts',(3.96192515065896,14.7797938598083,-45.8915177964953));
#5030=CARTESIAN_POINT('Ctrl Pts',(3.86672845113134,14.4102620513009,-45.4773685737904));
#5031=CARTESIAN_POINT('Ctrl Pts',(3.89809903582194,14.4102643760287,-45.6154983871781));
#5032=CARTESIAN_POINT('Ctrl Pts',(3.92946962058869,14.4102667007558,-45.7536282005488));
#5033=CARTESIAN_POINT('Ctrl Pts',(3.96084020543739,14.4102690254822,-45.8917580139006));
#5034=CARTESIAN_POINT('Ctrl Pts',(3.86566820957066,14.0407374753154,-45.4776030763166));
#5035=CARTESIAN_POINT('Ctrl Pts',(3.89703041479568,14.0407398006332,-45.6157347922256));
#5036=CARTESIAN_POINT('Ctrl Pts',(3.92839262009979,14.0407421259503,-45.7538665081167));
#5037=CARTESIAN_POINT('Ctrl Pts',(3.959754825483,14.0407444512666,-45.8919982239898));
#5038=CARTESIAN_POINT('',(3.86884883450124,15.1493115287191,-45.4768992872244));
#5039=CARTESIAN_POINT('Ctrl Pts',(3.90026179378001,15.1493092109774,-45.615138085448));
#5040=CARTESIAN_POINT('Ctrl Pts',(3.88978968786946,15.1493099775728,-45.5690535594923));
#5041=CARTESIAN_POINT('Ctrl Pts',(3.8793183800908,15.1493107501306,-45.522972545911));
#5042=CARTESIAN_POINT('Ctrl Pts',(3.86884883450125,15.1493115287192,-45.4768992872244));
#5043=CARTESIAN_POINT('Ctrl Pts',(3.86566820957216,14.0407374753174,-45.4776030763232));
#5044=CARTESIAN_POINT('Ctrl Pts',(3.8661367769217,14.2040466282756,-45.4774994393486));
#5045=CARTESIAN_POINT('Ctrl Pts',(3.86660525291807,14.367352865718,-45.4773958028096));
#5046=CARTESIAN_POINT('Ctrl Pts',(3.86766516095472,14.73681221301,-45.4771612846588));
#5047=CARTESIAN_POINT('Ctrl Pts',(3.86825688082779,14.9430618712267,-45.4770303275902));
#5048=CARTESIAN_POINT('Ctrl Pts',(3.86884883450122,15.1493115287193,-45.4768992872242));
#5049=CARTESIAN_POINT('Ctrl Pts',(-3.87769929058587,15.1722936364812,-45.4749377169646));
#5050=CARTESIAN_POINT('Ctrl Pts',(-3.88793590094909,15.1722936364812,-45.5210692282358));
#5051=CARTESIAN_POINT('Ctrl Pts',(-3.89817251131231,15.1722936364812,-45.567200739507));
#5052=CARTESIAN_POINT('Ctrl Pts',(-3.90840912167553,15.1722936364812,-45.6133322507783));
#5053=CARTESIAN_POINT('Ctrl Pts',(-3.04035229856298,15.1697637885545,-45.6607455229511));
#5054=CARTESIAN_POINT('Ctrl Pts',(-3.048378466995,15.1697637885545,-45.7073677852408));
#5055=CARTESIAN_POINT('Ctrl Pts',(-3.05640450716463,15.1697637885545,-45.753989318157));
#5056=CARTESIAN_POINT('Ctrl Pts',(-3.06443067559665,15.1697637885545,-45.8006115804466));
#5057=CARTESIAN_POINT('Ctrl Pts',(-2.18875079454321,15.1672490816482,-45.7862197358396));
#5058=CARTESIAN_POINT('Ctrl Pts',(-2.19452881065751,15.1672490816482,-45.8331730812823));
#5059=CARTESIAN_POINT('Ctrl Pts',(-2.20030681135946,15.1672490816482,-45.8801261535913));
#5060=CARTESIAN_POINT('Ctrl Pts',(-2.20608482747376,15.1672490816482,-45.9270794990341));
#5061=CARTESIAN_POINT('Ctrl Pts',(-0.894732434760086,15.1634193665017,-45.8831110162877));
#5062=CARTESIAN_POINT('Ctrl Pts',(-0.897094409124132,15.1634193665017,-45.9303200490546));
#5063=CARTESIAN_POINT('Ctrl Pts',(-0.899456384260389,15.1634193665017,-45.9775290869945));
#5064=CARTESIAN_POINT('Ctrl Pts',(-0.901818358624434,15.1634193665017,-46.0247381197615));
#5065=CARTESIAN_POINT('Ctrl Pts',(-0.449808555290181,15.16211067761,-45.8998892231402));
#5066=CARTESIAN_POINT('Ctrl Pts',(-0.450995993485826,15.16211067761,-45.9471425820998));
#5067=CARTESIAN_POINT('Ctrl Pts',(-0.452183421368409,15.16211067761,-45.9943958443577));
#5068=CARTESIAN_POINT('Ctrl Pts',(-0.453370859564054,15.16211067761,-46.0416492033173));
#5069=CARTESIAN_POINT('Ctrl Pts',(0.441433648522931,15.1594922874721,-45.9000981105384));
#5070=CARTESIAN_POINT('Ctrl Pts',(0.442598977719841,15.1594922874721,-45.9473520206895));
#5071=CARTESIAN_POINT('Ctrl Pts',(0.443764297680078,15.1594922874721,-45.9946058348694));
#5072=CARTESIAN_POINT('Ctrl Pts',(0.444929626876988,15.1594922874721,-46.0418597450204));
#5073=CARTESIAN_POINT('Ctrl Pts',(0.886454793315021,15.1581834278247,-45.8835250836646));
#5074=CARTESIAN_POINT('Ctrl Pts',(0.888794915543513,15.1581834278247,-45.9307352111039));
#5075=CARTESIAN_POINT('Ctrl Pts',(0.891135039333603,15.1581834278247,-45.9779453389476));
#5076=CARTESIAN_POINT('Ctrl Pts',(0.893475161562095,15.1581834278247,-46.0251554663868));
#5077=CARTESIAN_POINT('Ctrl Pts',(2.1806147909932,15.1543536495767,-45.7872201440685));
#5078=CARTESIAN_POINT('Ctrl Pts',(2.18637132867848,15.1543536495767,-45.8341761263913));
#5079=CARTESIAN_POINT('Ctrl Pts',(2.19212785233681,15.1543536495767,-45.8811318477742));
#5080=CARTESIAN_POINT('Ctrl Pts',(2.19788439002209,15.1543536495767,-45.928087830097));
#5081=CARTESIAN_POINT('Ctrl Pts',(3.03215129687549,15.151839371771,-45.6621569749164));
#5082=CARTESIAN_POINT('Ctrl Pts',(3.04015581377052,15.151839371771,-45.7087829535483));
#5083=CARTESIAN_POINT('Ctrl Pts',(3.04816020835316,15.151839371771,-45.7554082319165));
#5084=CARTESIAN_POINT('Ctrl Pts',(3.05616472524819,15.151839371771,-45.8020342105483));
#5085=CARTESIAN_POINT('Ctrl Pts',(3.86961599717762,15.1493092109773,-45.4767294433022));
#5086=CARTESIAN_POINT('Ctrl Pts',(3.87983126872139,15.1493092109773,-45.5228656844927));
#5087=CARTESIAN_POINT('Ctrl Pts',(3.89004654026515,15.1493092109773,-45.5690019256831));
#5088=CARTESIAN_POINT('Ctrl Pts',(3.90026181180892,15.1493092109773,-45.6151381668736));
#5089=CARTESIAN_POINT('Ctrl Pts',(3.86884883448217,15.1493115287243,-45.4768992871352));
#5090=CARTESIAN_POINT('Ctrl Pts',(3.03163126403342,15.1518409072395,-45.6622333451658));
#5091=CARTESIAN_POINT('Ctrl Pts',(2.18035468954101,15.154354419289,-45.7872394995228));
#5092=CARTESIAN_POINT('Ctrl Pts',(0.886454793315021,15.1581834278247,-45.8835250836646));
#5093=CARTESIAN_POINT('Ctrl Pts',(0.441433648522931,15.1594922874721,-45.9000981105384));
#5094=CARTESIAN_POINT('Ctrl Pts',(-0.449808555290181,15.16211067761,-45.8998892231402));
#5095=CARTESIAN_POINT('Ctrl Pts',(-0.894732434760086,15.1634193665017,-45.8831110162877));
#5096=CARTESIAN_POINT('Ctrl Pts',(-2.18849070881087,15.1672483119109,-45.7862392100916));
#5097=CARTESIAN_POINT('Ctrl Pts',(-3.03983220632574,15.1697622527658,-45.6608221471267));
#5098=CARTESIAN_POINT('Ctrl Pts',(-3.8769322065885,15.1722913189327,-45.4751079156071));
#5099=CARTESIAN_POINT('Origin',(-4.00000000000003,12.0000000000003,-7.99600039992002));
#5100=CARTESIAN_POINT('',(-3.00000000000003,13.0000000000003,-7.99600039992002));
#5101=CARTESIAN_POINT('',(-3.00000000000003,12.0000000000003,-7.99600039992002));
#5102=CARTESIAN_POINT('',(-3.80392156862749,13.0000000000003,-8.97658861561022));
#5103=CARTESIAN_POINT('Origin',(-4.00000000000003,13.0000000000003,-7.99600039992002));
#5104=CARTESIAN_POINT('',(-3.80392156862748,12.0000000000003,-8.97658861561022));
#5105=CARTESIAN_POINT('Origin',(-3.00000000000003,12.0000000000003,-8.83336231886251));
#5106=CARTESIAN_POINT('',(-3.00000000000004,13.0000000000003,-2.90000000000001));
#5107=CARTESIAN_POINT('',(-3.00000000000004,12.0000000000003,-2.90000000000001));
#5108=CARTESIAN_POINT('',(-3.00000000000004,13.0000000000003,-1.85002173914688));
#5109=CARTESIAN_POINT('Origin',(3.9999999999999,12.0000000000003,-7.99600039992002));
#5110=CARTESIAN_POINT('',(3.80392156862735,13.0000000000003,-8.97658861561021));
#5111=CARTESIAN_POINT('',(2.99999999999989,13.0000000000003,-7.99600039992001));
#5112=CARTESIAN_POINT('Origin',(3.99999999999989,13.0000000000003,-7.99600039992002));
#5113=CARTESIAN_POINT('',(2.9999999999999,12.0000000000003,-7.99600039992001));
#5114=CARTESIAN_POINT('',(3.80392156862735,12.0000000000003,-8.97658861561021));
#5115=CARTESIAN_POINT('Origin',(2.9999999999999,12.0000000000003,-1.90000000000001));
#5116=CARTESIAN_POINT('',(2.9999999999999,13.0000000000003,-2.90000000000001));
#5117=CARTESIAN_POINT('',(2.9999999999999,13.0000000000003,1.61665942028437));
#5118=CARTESIAN_POINT('',(2.9999999999999,12.0000000000003,-2.90000000000001));
#5119=CARTESIAN_POINT('Origin',(3.9999999999999,12.0000000000003,-2.90000000000001));
#5120=CARTESIAN_POINT('',(3.9999999999999,13.0000000000003,-1.90000000000001));
#5121=CARTESIAN_POINT('Origin',(3.9999999999999,13.0000000000003,-2.90000000000001));
#5122=CARTESIAN_POINT('',(3.9999999999999,12.0000000000003,-1.90000000000001));
#5123=CARTESIAN_POINT('Origin',(-4.00000000000004,12.0000000000003,-2.90000000000001));
#5124=CARTESIAN_POINT('',(-4.00000000000004,13.0000000000003,-1.90000000000001));
#5125=CARTESIAN_POINT('Origin',(-4.00000000000004,13.0000000000003,-2.90000000000001));
#5126=CARTESIAN_POINT('',(-4.00000000000004,12.0000000000003,-1.90000000000001));
#5127=CARTESIAN_POINT('Origin',(-4.00000000000008,12.0000000000003,16.9));
#5128=CARTESIAN_POINT('',(-3.00000000000008,13.0000000000003,16.9));
#5129=CARTESIAN_POINT('',(-3.00000000000008,12.0000000000003,16.9));
#5130=CARTESIAN_POINT('',(-4.00000000000008,13.0000000000003,15.9));
#5131=CARTESIAN_POINT('Origin',(-4.00000000000008,13.0000000000003,16.9));
#5132=CARTESIAN_POINT('',(-4.00000000000008,12.0000000000003,15.9));
#5133=CARTESIAN_POINT('Origin',(-3.00000000000007,12.0000000000003,15.9));
#5134=CARTESIAN_POINT('',(-3.00000000000008,13.0000000000003,18.1));
#5135=CARTESIAN_POINT('',(-3.00000000000008,12.0000000000003,18.1));
#5136=CARTESIAN_POINT('',(-3.00000000000007,13.0000000000003,10.5166594202844));
#5137=CARTESIAN_POINT('Origin',(3.99999999999992,12.0000000000003,16.9));
#5138=CARTESIAN_POINT('',(3.99999999999991,13.0000000000003,15.9));
#5139=CARTESIAN_POINT('',(2.99999999999991,13.0000000000003,16.9));
#5140=CARTESIAN_POINT('Origin',(3.99999999999991,13.0000000000003,16.9));
#5141=CARTESIAN_POINT('',(2.99999999999992,12.0000000000003,16.9));
#5142=CARTESIAN_POINT('',(3.99999999999992,12.0000000000003,15.9));
#5143=CARTESIAN_POINT('Origin',(2.99999999999992,12.0000000000003,19.1));
#5144=CARTESIAN_POINT('',(2.99999999999991,13.0000000000003,18.1));
#5145=CARTESIAN_POINT('',(2.99999999999991,13.0000000000003,12.1166594202844));
#5146=CARTESIAN_POINT('',(2.99999999999992,12.0000000000003,18.1));
#5147=CARTESIAN_POINT('Origin',(3.99999999999992,12.0000000000003,18.1));
#5148=CARTESIAN_POINT('',(3.99999999999992,13.0000000000003,19.1));
#5149=CARTESIAN_POINT('Origin',(3.99999999999992,13.0000000000003,18.1));
#5150=CARTESIAN_POINT('',(3.99999999999992,12.0000000000003,19.1));
#5151=CARTESIAN_POINT('Origin',(-4.00000000000008,12.0000000000003,18.1));
#5152=CARTESIAN_POINT('',(-4.00000000000008,13.0000000000003,19.1));
#5153=CARTESIAN_POINT('Origin',(-4.00000000000008,13.0000000000003,18.1));
#5154=CARTESIAN_POINT('',(-4.00000000000008,12.0000000000003,19.1));
#5155=CARTESIAN_POINT('Origin',(4.89999999999999,12.0000000000003,19.1));
#5156=CARTESIAN_POINT('',(4.89999999999999,13.0000000000003,19.1));
#5157=CARTESIAN_POINT('',(4.89999999999999,13.0000000000003,19.1));
#5158=CARTESIAN_POINT('',(4.89999999999999,12.0000000000003,19.1));
#5159=CARTESIAN_POINT('Origin',(4.89999999999999,12.0000000000003,19.1));
#5160=CARTESIAN_POINT('',(-4.90000000000001,13.0000000000003,19.1));
#5161=CARTESIAN_POINT('',(-4.90000000000001,12.0000000000003,19.1));
#5162=CARTESIAN_POINT('',(4.89999999999999,13.0000000000003,19.1));
#5163=CARTESIAN_POINT('Origin',(-2.00000000000003,14.120710678119,35.8292893218813));
#5164=CARTESIAN_POINT('',(1.85857864376265,14.1914213562376,35.9));
#5165=CARTESIAN_POINT('',(1.49999999999997,14.5500000000003,36.2585786437627));
#5166=CARTESIAN_POINT('',(1.2861928812542,14.7638071187461,36.4723857625084));
#5167=CARTESIAN_POINT('',(-1.50000000000004,14.5500000000003,36.2585786437627));
#5168=CARTESIAN_POINT('',(-3.56754144869227E-14,14.5500000000003,36.2585786437627));
#5169=CARTESIAN_POINT('',(-1.85857864376272,14.1914213562376,35.9));
#5170=CARTESIAN_POINT('',(-1.78619288125427,14.2638071187461,35.9723857625085));
#5171=CARTESIAN_POINT('',(-3.45000000000003,14.1914213562376,35.9));
#5172=CARTESIAN_POINT('Origin',(1.92928932188131,14.0500000000003,35.8292893218813));
#5173=CARTESIAN_POINT('',(1.85857864376265,14.908578643763,35.9));
#5174=CARTESIAN_POINT('',(1.85857864376265,13.0250000000003,35.9));
#5175=CARTESIAN_POINT('',(1.78619288125419,14.8361928812545,35.9723857625085));
#5176=CARTESIAN_POINT('Origin',(1.99999999999996,14.9792893218817,35.8292893218813));
#5177=CARTESIAN_POINT('',(-1.85857864376272,14.908578643763,35.9));
#5178=CARTESIAN_POINT('',(-1.28619288125427,14.3361928812545,36.4723857625085));
#5179=CARTESIAN_POINT('',(-1.45000000000003,14.908578643763,35.9));
#5180=CARTESIAN_POINT('Origin',(-1.92928932188138,15.0500000000003,35.8292893218813));
#5181=CARTESIAN_POINT('',(-1.85857864376272,13.5250000000003,35.9));
#5182=CARTESIAN_POINT('Origin',(4.89999999999999,12.0000000000003,35.1));
#5183=CARTESIAN_POINT('',(-4.90000000000002,13.6000000000003,35.1));
#5184=CARTESIAN_POINT('',(4.89999999999998,13.6000000000003,35.1));
#5185=CARTESIAN_POINT('',(2.44999999999998,13.6000000000003,35.1));
#5186=CARTESIAN_POINT('',(-4.90000000000002,16.1000000000003,35.1));
#5187=CARTESIAN_POINT('',(-4.90000000000001,12.0000000000003,35.1));
#5188=CARTESIAN_POINT('',(4.89999999999997,16.1000000000003,35.1));
#5189=CARTESIAN_POINT('',(2.44999999999997,16.1000000000003,35.1));
#5190=CARTESIAN_POINT('',(4.89999999999999,12.0000000000003,35.1));
#5191=CARTESIAN_POINT('Origin',(7.39999999999998,16.1000000000003,25.55));
#5192=CARTESIAN_POINT('',(7.09999999999997,16.1000000000003,23.1));
#5193=CARTESIAN_POINT('',(7.09999999999997,16.1000000000003,32.9));
#5194=CARTESIAN_POINT('',(7.09999999999998,16.1000000000003,25.55));
#5195=CARTESIAN_POINT('',(7.39999999999998,16.4000000000003,32.9));
#5196=CARTESIAN_POINT('Origin',(7.39999999999998,16.1000000000003,32.9));
#5197=CARTESIAN_POINT('',(7.39999999999997,16.4000000000003,23.1));
#5198=CARTESIAN_POINT('',(7.39999999999998,16.4000000000003,25.55));
#5199=CARTESIAN_POINT('Origin',(7.39999999999998,16.1000000000003,23.1));
#5200=CARTESIAN_POINT('Origin',(7.09999999999999,12.0000000000003,23.1));
#5201=CARTESIAN_POINT('',(7.09999999999998,13.6000000000003,32.9));
#5202=CARTESIAN_POINT('',(7.09999999999998,13.6000000000003,23.1));
#5203=CARTESIAN_POINT('',(7.09999999999999,13.6000000000003,25.55));
#5204=CARTESIAN_POINT('',(7.09999999999999,12.0000000000003,32.9));
#5205=CARTESIAN_POINT('',(7.09999999999999,12.0000000000003,23.1));
#5206=CARTESIAN_POINT('Origin',(7.82928932188136,14.1207106781189,30.));
#5207=CARTESIAN_POINT('',(7.89999999999998,14.1914213562376,26.1414213562373));
#5208=CARTESIAN_POINT('',(8.2585786437627,14.5500000000003,26.5));
#5209=CARTESIAN_POINT('',(8.47238576250847,14.763807118746,26.7138071187458));
#5210=CARTESIAN_POINT('',(8.2585786437627,14.5500000000003,29.6414213562373));
#5211=CARTESIAN_POINT('',(8.25857864376271,14.5500000000003,28.));
#5212=CARTESIAN_POINT('',(7.89999999999998,14.1914213562376,30.));
#5213=CARTESIAN_POINT('',(8.01952621458758,14.3109475708252,29.8804737854124));
#5214=CARTESIAN_POINT('',(7.89999999999998,14.1914213562376,31.45));
#5215=CARTESIAN_POINT('Origin',(7.82928932188136,14.0500000000003,26.0707106781187));
#5216=CARTESIAN_POINT('',(7.89999999999998,14.908578643763,26.1414213562373));
#5217=CARTESIAN_POINT('',(7.89999999999999,13.0250000000003,26.1414213562373));
#5218=CARTESIAN_POINT('',(7.97238576250848,14.8361928812545,26.2138071187458));
#5219=CARTESIAN_POINT('Origin',(7.82928932188136,14.9792893218816,26.));
#5220=CARTESIAN_POINT('',(7.89999999999998,14.908578643763,30.));
#5221=CARTESIAN_POINT('',(8.51952621458758,14.2890524291754,29.3804737854124));
#5222=CARTESIAN_POINT('',(7.89999999999998,14.908578643763,29.45));
#5223=CARTESIAN_POINT('Origin',(7.90000000000002,15.0500000000003,30.));
#5224=CARTESIAN_POINT('',(7.89999999999998,13.5250000000003,30.));
#5225=CARTESIAN_POINT('Origin',(-7.82928932188136,14.1207106781189,30.));
#5226=CARTESIAN_POINT('',(-7.90000000000002,14.1914213562376,26.1414213562373));
#5227=CARTESIAN_POINT('',(-8.2585786437627,14.5500000000003,26.5));
#5228=CARTESIAN_POINT('',(-8.47238576250847,14.763807118746,26.7138071187458));
#5229=CARTESIAN_POINT('',(-7.90000000000002,14.1914213562376,29.8585786437627));
#5230=CARTESIAN_POINT('',(-7.90000000000002,14.1914213562376,26.55));
#5231=CARTESIAN_POINT('',(-8.2585786437627,14.5500000000003,29.5));
#5232=CARTESIAN_POINT('',(-7.97238576250848,14.2638071187461,29.7861928812542));
#5233=CARTESIAN_POINT('',(-8.25857864376271,14.5500000000003,28.));
#5234=CARTESIAN_POINT('Origin',(-7.82928932188136,14.0500000000003,26.0707106781187));
#5235=CARTESIAN_POINT('',(-7.90000000000002,14.908578643763,26.1414213562373));
#5236=CARTESIAN_POINT('',(-7.97238576250848,14.8361928812545,26.2138071187458));
#5237=CARTESIAN_POINT('',(-7.90000000000001,13.0250000000003,26.1414213562373));
#5238=CARTESIAN_POINT('Origin',(-7.82928932188136,14.9792893218816,26.));
#5239=CARTESIAN_POINT('',(-7.90000000000002,14.908578643763,29.8585786437627));
#5240=CARTESIAN_POINT('',(-8.47238576250848,14.3361928812545,29.2861928812542));
#5241=CARTESIAN_POINT('',(-7.90000000000002,14.908578643763,24.55));
#5242=CARTESIAN_POINT('Origin',(-7.82928932188136,15.0500000000003,29.9292893218814));
#5243=CARTESIAN_POINT('',(-7.90000000000002,13.5250000000003,29.8585786437627));
#5244=CARTESIAN_POINT('Origin',(-7.40000000000002,16.1000000000003,30.45));
#5245=CARTESIAN_POINT('',(-7.40000000000002,16.4000000000003,23.1));
#5246=CARTESIAN_POINT('',(-7.40000000000003,16.4000000000003,32.9));
#5247=CARTESIAN_POINT('',(-7.40000000000003,16.4000000000003,30.45));
#5248=CARTESIAN_POINT('',(-7.10000000000002,16.1000000000003,32.9));
#5249=CARTESIAN_POINT('Origin',(-7.40000000000002,16.1000000000003,32.9));
#5250=CARTESIAN_POINT('',(-7.10000000000002,16.1000000000003,23.1));
#5251=CARTESIAN_POINT('',(-7.10000000000003,16.1000000000003,30.45));
#5252=CARTESIAN_POINT('Origin',(-7.40000000000002,16.1000000000003,23.1));
#5253=CARTESIAN_POINT('Origin',(-4.90000000000002,16.1000000000003,23.1));
#5254=CARTESIAN_POINT('',(-4.90000000000002,16.1000000000003,20.9));
#5255=CARTESIAN_POINT('',(-4.90000000000003,16.4000000000003,20.6));
#5256=CARTESIAN_POINT('Origin',(-4.90000000000002,16.1000000000003,20.6));
#5257=CARTESIAN_POINT('Origin',(-4.90000000000002,16.4000000000003,23.1));
#5258=CARTESIAN_POINT('Origin',(-4.90000000000002,16.1000000000003,23.1));
#5259=CARTESIAN_POINT('Origin',(-2.45000000000003,16.1000000000003,20.6));
#5260=CARTESIAN_POINT('',(4.89999999999998,16.1000000000003,20.9));
#5261=CARTESIAN_POINT('',(4.89999999999998,16.4000000000003,20.6));
#5262=CARTESIAN_POINT('Origin',(4.89999999999998,16.1000000000003,20.6));
#5263=CARTESIAN_POINT('',(-2.45000000000003,16.4000000000003,20.6));
#5264=CARTESIAN_POINT('',(-2.45000000000003,16.1000000000003,20.9));
#5265=CARTESIAN_POINT('Origin',(4.89999999999998,16.1000000000003,23.1));
#5266=CARTESIAN_POINT('Origin',(4.89999999999998,16.4000000000003,23.1));
#5267=CARTESIAN_POINT('Origin',(4.89999999999998,16.1000000000003,23.1));
#5268=CARTESIAN_POINT('Origin',(4.89999999999997,16.1000000000003,32.9));
#5269=CARTESIAN_POINT('',(4.89999999999997,16.4000000000003,35.4));
#5270=CARTESIAN_POINT('Origin',(4.89999999999998,16.1000000000003,35.4));
#5271=CARTESIAN_POINT('Origin',(4.89999999999997,16.4000000000003,32.9));
#5272=CARTESIAN_POINT('Origin',(4.89999999999997,16.1000000000003,32.9));
#5273=CARTESIAN_POINT('Origin',(2.44999999999997,16.1000000000003,35.4));
#5274=CARTESIAN_POINT('',(-4.90000000000003,16.4000000000003,35.4));
#5275=CARTESIAN_POINT('Origin',(-4.90000000000002,16.1000000000003,35.4));
#5276=CARTESIAN_POINT('',(2.44999999999997,16.4000000000003,35.4));
#5277=CARTESIAN_POINT('Origin',(-4.90000000000002,16.1000000000003,32.9));
#5278=CARTESIAN_POINT('Origin',(-4.90000000000003,16.4000000000003,32.9));
#5279=CARTESIAN_POINT('Origin',(-4.90000000000002,16.1000000000003,32.9));
#5280=CARTESIAN_POINT('Origin',(4.89999999999999,12.0000000000003,23.1));
#5281=CARTESIAN_POINT('',(4.89999999999998,13.6000000000003,20.9));
#5282=CARTESIAN_POINT('',(4.89999999999999,12.0000000000003,20.9));
#5283=CARTESIAN_POINT('Origin',(4.89999999999999,13.6000000000003,23.1));
#5284=CARTESIAN_POINT('Origin',(-4.90000000000001,12.0000000000003,20.9));
#5285=CARTESIAN_POINT('',(-4.90000000000002,13.6000000000003,20.9));
#5286=CARTESIAN_POINT('',(-4.90000000000001,12.0000000000003,20.9));
#5287=CARTESIAN_POINT('',(-2.45000000000002,13.6000000000003,20.9));
#5288=CARTESIAN_POINT('Origin',(-4.90000000000001,12.0000000000003,23.1));
#5289=CARTESIAN_POINT('',(-7.10000000000002,13.6000000000003,23.1));
#5290=CARTESIAN_POINT('',(-7.10000000000001,12.0000000000003,23.1));
#5291=CARTESIAN_POINT('Origin',(-4.90000000000001,13.6000000000003,23.1));
#5292=CARTESIAN_POINT('Origin',(-7.10000000000001,12.0000000000003,32.9));
#5293=CARTESIAN_POINT('',(-7.10000000000001,13.6000000000003,32.9));
#5294=CARTESIAN_POINT('',(-7.10000000000001,12.0000000000003,32.9));
#5295=CARTESIAN_POINT('',(-7.10000000000002,13.6000000000003,30.45));
#5296=CARTESIAN_POINT('Origin',(-2.66453525910048E-14,16.4000000000003,
28.));
#5297=CARTESIAN_POINT('',(7.59999999999997,16.4000000000003,23.1));
#5298=CARTESIAN_POINT('',(7.59999999999997,16.4000000000003,32.9));
#5299=CARTESIAN_POINT('',(7.59999999999997,16.4000000000003,30.45));
#5300=CARTESIAN_POINT('',(4.89999999999997,16.4000000000003,20.4));
#5301=CARTESIAN_POINT('Origin',(4.89999999999997,16.4000000000003,23.1));
#5302=CARTESIAN_POINT('',(-4.90000000000003,16.4000000000003,20.4));
#5303=CARTESIAN_POINT('',(2.44999999999997,16.4000000000003,20.4));
#5304=CARTESIAN_POINT('',(-7.60000000000003,16.4000000000003,23.1));
#5305=CARTESIAN_POINT('Origin',(-4.90000000000003,16.4000000000003,23.1));
#5306=CARTESIAN_POINT('',(-7.60000000000003,16.4000000000003,32.9));
#5307=CARTESIAN_POINT('',(-7.60000000000003,16.4000000000003,25.55));
#5308=CARTESIAN_POINT('',(-4.90000000000003,16.4000000000003,35.6));
#5309=CARTESIAN_POINT('Origin',(-4.90000000000003,16.4000000000003,32.9));
#5310=CARTESIAN_POINT('',(4.89999999999997,16.4000000000003,35.6));
#5311=CARTESIAN_POINT('',(-2.45000000000003,16.4000000000003,35.6));
#5312=CARTESIAN_POINT('Origin',(4.89999999999997,16.4000000000003,32.9));
#5313=CARTESIAN_POINT('Origin',(-2.45000000000003,16.1000000000003,35.6));
#5314=CARTESIAN_POINT('',(-4.90000000000003,16.1000000000003,35.9));
#5315=CARTESIAN_POINT('Origin',(-4.90000000000003,16.1000000000003,35.6));
#5316=CARTESIAN_POINT('',(4.89999999999997,16.1000000000003,35.9));
#5317=CARTESIAN_POINT('',(-2.45000000000003,16.1000000000003,35.9));
#5318=CARTESIAN_POINT('Origin',(4.89999999999997,16.1000000000003,35.6));
#5319=CARTESIAN_POINT('Origin',(4.89999999999997,16.1000000000003,32.9));
#5320=CARTESIAN_POINT('',(7.89999999999997,16.1000000000003,32.9));
#5321=CARTESIAN_POINT('Origin',(7.59999999999998,16.1000000000003,32.9));
#5322=CARTESIAN_POINT('Origin',(4.89999999999997,16.1000000000003,32.9));
#5323=CARTESIAN_POINT('Origin',(7.59999999999997,16.1000000000003,30.45));
#5324=CARTESIAN_POINT('',(7.89999999999997,16.1000000000003,23.1));
#5325=CARTESIAN_POINT('Origin',(7.59999999999997,16.1000000000003,23.1));
#5326=CARTESIAN_POINT('',(7.89999999999997,16.1000000000003,30.45));
#5327=CARTESIAN_POINT('Origin',(4.89999999999998,16.1000000000003,23.1));
#5328=CARTESIAN_POINT('',(4.89999999999997,16.1000000000003,20.1));
#5329=CARTESIAN_POINT('Origin',(4.89999999999997,16.1000000000003,20.4));
#5330=CARTESIAN_POINT('Origin',(4.89999999999998,16.1000000000003,23.1));
#5331=CARTESIAN_POINT('Origin',(2.44999999999997,16.1000000000003,20.4));
#5332=CARTESIAN_POINT('',(-4.90000000000003,16.1000000000003,20.1));
#5333=CARTESIAN_POINT('Origin',(-4.90000000000003,16.1000000000003,20.4));
#5334=CARTESIAN_POINT('',(2.44999999999997,16.1000000000003,20.1));
#5335=CARTESIAN_POINT('Origin',(-4.90000000000002,16.1000000000003,23.1));
#5336=CARTESIAN_POINT('',(-7.90000000000003,16.1000000000003,23.1));
#5337=CARTESIAN_POINT('Origin',(-7.60000000000002,16.1000000000003,23.1));
#5338=CARTESIAN_POINT('Origin',(-4.90000000000002,16.1000000000003,23.1));
#5339=CARTESIAN_POINT('Origin',(-7.60000000000002,16.1000000000003,25.55));
#5340=CARTESIAN_POINT('',(-7.90000000000002,16.1000000000003,32.9));
#5341=CARTESIAN_POINT('Origin',(-7.60000000000003,16.1000000000003,32.9));
#5342=CARTESIAN_POINT('',(-7.90000000000003,16.1000000000003,25.55));
#5343=CARTESIAN_POINT('Origin',(-4.90000000000003,16.1000000000003,32.9));
#5344=CARTESIAN_POINT('Origin',(-4.90000000000003,16.1000000000003,32.9));
#5345=CARTESIAN_POINT('Origin',(4.89999999999999,12.0000000000003,23.1));
#5346=CARTESIAN_POINT('',(7.89999999999998,13.0000000000003,23.1));
#5347=CARTESIAN_POINT('',(7.89999999999999,12.0000000000003,23.1));
#5348=CARTESIAN_POINT('',(4.89999999999999,13.0000000000003,20.1));
#5349=CARTESIAN_POINT('Origin',(4.89999999999999,13.0000000000003,23.1));
#5350=CARTESIAN_POINT('',(4.89999999999999,12.0000000000003,20.1));
#5351=CARTESIAN_POINT('Origin',(7.89999999999999,12.0000000000003,32.9));
#5352=CARTESIAN_POINT('',(7.89999999999998,13.0000000000003,32.9));
#5353=CARTESIAN_POINT('',(7.89999999999999,12.0000000000003,32.9));
#5354=CARTESIAN_POINT('',(7.89999999999999,13.0000000000003,32.9));
#5355=CARTESIAN_POINT('Origin',(4.89999999999999,12.0000000000003,32.9));
#5356=CARTESIAN_POINT('',(4.89999999999999,13.0000000000003,35.9));
#5357=CARTESIAN_POINT('',(4.89999999999999,12.0000000000003,35.9));
#5358=CARTESIAN_POINT('Origin',(4.89999999999999,13.0000000000003,32.9));
#5359=CARTESIAN_POINT('Origin',(-4.90000000000001,12.0000000000003,35.9));
#5360=CARTESIAN_POINT('',(-4.90000000000001,13.0000000000003,35.9));
#5361=CARTESIAN_POINT('',(-4.90000000000001,12.0000000000003,35.9));
#5362=CARTESIAN_POINT('',(-4.90000000000001,13.0000000000003,35.9));
#5363=CARTESIAN_POINT('Origin',(4.89999999999999,12.0000000000003,32.9));
#5364=CARTESIAN_POINT('Origin',(4.89999999999998,13.6000000000003,32.9));
#5365=CARTESIAN_POINT('Origin',(-4.90000000000001,12.0000000000003,32.9));
#5366=CARTESIAN_POINT('Origin',(-4.90000000000002,13.6000000000003,32.9));
#5367=CARTESIAN_POINT('Origin',(4.89999999999999,12.0000000000003,20.1));
#5368=CARTESIAN_POINT('',(-4.90000000000001,13.0000000000003,20.1));
#5369=CARTESIAN_POINT('',(4.89999999999998,13.0000000000003,20.1));
#5370=CARTESIAN_POINT('',(-4.90000000000001,12.0000000000003,20.1));
#5371=CARTESIAN_POINT('Origin',(-4.90000000000001,12.0000000000003,23.1));
#5372=CARTESIAN_POINT('',(-7.90000000000001,13.0000000000003,23.1));
#5373=CARTESIAN_POINT('Origin',(-4.90000000000001,13.0000000000003,23.1));
#5374=CARTESIAN_POINT('',(-7.90000000000001,12.0000000000003,23.1));
#5375=CARTESIAN_POINT('Origin',(4.89999999999999,12.0000000000003,33.9));
#5376=CARTESIAN_POINT('',(4.89999999999998,13.6000000000003,33.9));
#5377=CARTESIAN_POINT('',(-4.90000000000002,13.6000000000003,33.9));
#5378=CARTESIAN_POINT('',(-4.90000000000002,13.6000000000003,33.9));
#5379=CARTESIAN_POINT('',(4.89999999999999,12.0000000000003,33.9));
#5380=CARTESIAN_POINT('',(-4.90000000000001,12.0000000000003,33.9));
#5381=CARTESIAN_POINT('Origin',(4.89999999999999,12.0000000000003,32.9));
#5382=CARTESIAN_POINT('',(5.89999999999998,13.6000000000003,32.9));
#5383=CARTESIAN_POINT('Origin',(4.89999999999998,13.6000000000003,32.9));
#5384=CARTESIAN_POINT('',(5.89999999999999,12.0000000000003,32.9));
#5385=CARTESIAN_POINT('Origin',(5.89999999999999,12.0000000000003,23.1));
#5386=CARTESIAN_POINT('',(5.89999999999998,13.6000000000003,23.1));
#5387=CARTESIAN_POINT('',(5.89999999999998,13.6000000000003,32.9));
#5388=CARTESIAN_POINT('',(5.89999999999999,12.0000000000003,23.1));
#5389=CARTESIAN_POINT('Origin',(4.89999999999999,12.0000000000003,23.1));
#5390=CARTESIAN_POINT('',(4.89999999999999,13.6000000000003,22.1));
#5391=CARTESIAN_POINT('Origin',(4.89999999999999,13.6000000000003,23.1));
#5392=CARTESIAN_POINT('',(4.89999999999999,12.0000000000003,22.1));
#5393=CARTESIAN_POINT('Origin',(-4.90000000000001,12.0000000000003,22.1));
#5394=CARTESIAN_POINT('',(-4.90000000000001,13.6000000000003,22.1));
#5395=CARTESIAN_POINT('',(4.89999999999999,13.6000000000003,22.1));
#5396=CARTESIAN_POINT('',(-4.90000000000001,12.0000000000003,22.1));
#5397=CARTESIAN_POINT('Origin',(-4.90000000000001,12.0000000000003,23.1));
#5398=CARTESIAN_POINT('',(-5.90000000000002,13.6000000000003,23.1));
#5399=CARTESIAN_POINT('Origin',(-4.90000000000002,13.6000000000003,23.1));
#5400=CARTESIAN_POINT('',(-5.90000000000001,12.0000000000003,23.1));
#5401=CARTESIAN_POINT('Origin',(-5.90000000000001,12.0000000000003,32.9));
#5402=CARTESIAN_POINT('',(-5.90000000000002,13.6000000000003,32.9));
#5403=CARTESIAN_POINT('',(-5.90000000000002,13.6000000000003,23.1));
#5404=CARTESIAN_POINT('',(-5.90000000000001,12.0000000000003,32.9));
#5405=CARTESIAN_POINT('Origin',(-4.90000000000001,12.0000000000003,32.9));
#5406=CARTESIAN_POINT('Origin',(-4.90000000000002,13.6000000000003,32.9));
#5407=CARTESIAN_POINT('Origin',(-4.90000000000001,12.0000000000003,32.9));
#5408=CARTESIAN_POINT('',(-7.90000000000001,13.0000000000003,32.9));
#5409=CARTESIAN_POINT('',(-7.90000000000001,12.0000000000003,32.9));
#5410=CARTESIAN_POINT('Origin',(-4.90000000000001,13.0000000000003,32.9));
#5411=CARTESIAN_POINT('Origin',(-7.90000000000001,12.0000000000003,23.1));
#5412=CARTESIAN_POINT('',(-7.90000000000001,13.0000000000003,23.1));
#5413=CARTESIAN_POINT('Origin',(-1.77635683940036E-14,13.6000000000003,
28.));
#5414=CARTESIAN_POINT('Origin',(-8.90000000000001,12.0000000000003,23.1));
#5415=CARTESIAN_POINT('',(-8.90000000000001,13.0000000000003,32.9));
#5416=CARTESIAN_POINT('',(-8.90000000000001,12.0000000000003,32.9));
#5417=CARTESIAN_POINT('',(-8.90000000000001,13.0000000000003,23.1));
#5418=CARTESIAN_POINT('',(-8.90000000000001,13.0000000000003,23.1));
#5419=CARTESIAN_POINT('',(-8.90000000000001,12.0000000000003,23.1));
#5420=CARTESIAN_POINT('Origin',(-4.90000000000001,12.0000000000003,23.1));
#5421=CARTESIAN_POINT('Origin',(-4.90000000000001,13.0000000000003,23.1));
#5422=CARTESIAN_POINT('Origin',(4.89999999999999,12.0000000000003,23.1));
#5423=CARTESIAN_POINT('',(8.89999999999998,13.0000000000003,23.1));
#5424=CARTESIAN_POINT('Origin',(4.89999999999999,13.0000000000003,23.1));
#5425=CARTESIAN_POINT('',(8.89999999999999,12.0000000000003,23.1));
#5426=CARTESIAN_POINT('Origin',(8.89999999999999,12.0000000000003,32.9));
#5427=CARTESIAN_POINT('',(8.89999999999999,13.0000000000003,32.9));
#5428=CARTESIAN_POINT('',(8.89999999999999,13.0000000000003,32.9));
#5429=CARTESIAN_POINT('',(8.89999999999999,12.0000000000003,32.9));
#5430=CARTESIAN_POINT('Origin',(4.89999999999999,12.0000000000003,32.9));
#5431=CARTESIAN_POINT('',(4.89999999999999,13.0000000000003,36.9));
#5432=CARTESIAN_POINT('Origin',(4.89999999999999,13.0000000000003,32.9));
#5433=CARTESIAN_POINT('',(4.89999999999999,12.0000000000003,36.9));
#5434=CARTESIAN_POINT('Origin',(-4.90000000000001,12.0000000000003,36.9));
#5435=CARTESIAN_POINT('',(-4.90000000000001,13.0000000000003,36.9));
#5436=CARTESIAN_POINT('',(-4.90000000000001,13.0000000000003,36.9));
#5437=CARTESIAN_POINT('',(-4.90000000000001,12.0000000000003,36.9));
#5438=CARTESIAN_POINT('Origin',(-4.90000000000001,12.0000000000003,32.9));
#5439=CARTESIAN_POINT('Origin',(-4.90000000000001,13.0000000000003,32.9));
#5440=CARTESIAN_POINT('Origin',(4.89999999999999,12.0000000000003,15.9));
#5441=CARTESIAN_POINT('',(-4.90000000000001,13.0000000000003,15.9));
#5442=CARTESIAN_POINT('',(4.89999999999999,13.0000000000003,15.9));
#5443=CARTESIAN_POINT('',(-4.90000000000001,12.0000000000003,15.9));
#5444=CARTESIAN_POINT('Origin',(4.89999999999999,12.0000000000003,15.9));
#5445=CARTESIAN_POINT('',(4.89999999999999,13.0000000000003,15.9));
#5446=CARTESIAN_POINT('',(4.89999999999999,12.0000000000003,15.9));
#5447=CARTESIAN_POINT('',(4.89999999999999,13.0000000000003,15.9));
#5448=CARTESIAN_POINT('Origin',(-4.90000000000001,12.0000000000003,-1.90000000000001));
#5449=CARTESIAN_POINT('',(4.89999999999999,13.0000000000003,-1.90000000000001));
#5450=CARTESIAN_POINT('',(-4.90000000000001,13.0000000000003,-1.90000000000001));
#5451=CARTESIAN_POINT('',(4.89999999999999,12.0000000000003,-1.90000000000001));
#5452=CARTESIAN_POINT('Origin',(-4.90000000000001,12.0000000000003,-1.90000000000001));
#5453=CARTESIAN_POINT('',(-4.90000000000001,13.0000000000003,-1.90000000000001));
#5454=CARTESIAN_POINT('',(-4.90000000000001,12.0000000000003,-1.90000000000001));
#5455=CARTESIAN_POINT('',(-4.90000000000001,13.0000000000003,-1.90000000000001));
#5456=CARTESIAN_POINT('Origin',(7.82928932188136,14.1207106781189,8.99999999999999));
#5457=CARTESIAN_POINT('',(7.89999999999998,14.1914213562376,5.14142135623726));
#5458=CARTESIAN_POINT('',(8.25857864376271,14.5500000000003,5.49999999999998));
#5459=CARTESIAN_POINT('',(8.47238576250847,14.763807118746,5.71380711874575));
#5460=CARTESIAN_POINT('',(8.25857864376271,14.5500000000003,8.49999999999999));
#5461=CARTESIAN_POINT('',(8.25857864376271,14.5500000000003,6.99999999999999));
#5462=CARTESIAN_POINT('',(7.89999999999998,14.1914213562376,8.85857864376271));
#5463=CARTESIAN_POINT('',(7.97238576250848,14.2638071187461,8.78619288125422));
#5464=CARTESIAN_POINT('',(7.89999999999998,14.1914213562376,5.54999999999999));
#5465=CARTESIAN_POINT('Origin',(7.82928932188136,14.0500000000003,5.07071067811864));
#5466=CARTESIAN_POINT('',(7.89999999999998,14.908578643763,5.14142135623725));
#5467=CARTESIAN_POINT('',(7.89999999999999,13.0250000000003,5.14142135623727));
#5468=CARTESIAN_POINT('',(7.97238576250848,14.8361928812545,5.21380711874576));
#5469=CARTESIAN_POINT('Origin',(7.82928932188137,14.9792893218816,4.99999999999999));
#5470=CARTESIAN_POINT('',(7.89999999999998,14.908578643763,8.85857864376272));
#5471=CARTESIAN_POINT('',(8.47238576250848,14.3361928812545,8.28619288125422));
#5472=CARTESIAN_POINT('',(7.89999999999998,14.908578643763,3.54999999999999));
#5473=CARTESIAN_POINT('Origin',(7.82928932188137,15.0500000000003,8.92928932188133));
#5474=CARTESIAN_POINT('',(7.89999999999998,13.5250000000003,8.85857864376271));
#5475=CARTESIAN_POINT('Origin',(-7.82928932188136,14.1207106781189,8.99999999999999));
#5476=CARTESIAN_POINT('',(-7.90000000000002,14.1914213562376,5.1414213562373));
#5477=CARTESIAN_POINT('',(-8.25857864376271,14.5500000000003,5.49999999999998));
#5478=CARTESIAN_POINT('',(-8.47238576250847,14.763807118746,5.71380711874575));
#5479=CARTESIAN_POINT('',(-7.90000000000002,14.1914213562376,8.85857864376268));
#5480=CARTESIAN_POINT('',(-7.90000000000002,14.1914213562376,10.45));
#5481=CARTESIAN_POINT('',(-8.25857864376271,14.5500000000003,8.49999999999999));
#5482=CARTESIAN_POINT('',(-7.97238576250848,14.2638071187461,8.78619288125422));
#5483=CARTESIAN_POINT('',(-8.25857864376271,14.5500000000003,6.99999999999999));
#5484=CARTESIAN_POINT('Origin',(-7.82928932188136,14.0500000000003,5.07071067811864));
#5485=CARTESIAN_POINT('',(-7.90000000000002,14.908578643763,5.1414213562373));
#5486=CARTESIAN_POINT('',(-7.97238576250848,14.8361928812545,5.21380711874576));
#5487=CARTESIAN_POINT('',(-7.90000000000002,13.0250000000003,5.1414213562373));
#5488=CARTESIAN_POINT('Origin',(-7.82928932188137,14.9792893218816,4.99999999999999));
#5489=CARTESIAN_POINT('',(-7.90000000000002,14.908578643763,8.85857864376268));
#5490=CARTESIAN_POINT('',(-8.47238576250848,14.3361928812545,8.28619288125422));
#5491=CARTESIAN_POINT('',(-7.90000000000002,14.908578643763,8.44999999999999));
#5492=CARTESIAN_POINT('Origin',(-7.82928932188137,15.0500000000003,8.92928932188133));
#5493=CARTESIAN_POINT('',(-7.90000000000002,13.5250000000003,8.85857864376268));
#5494=CARTESIAN_POINT('Origin',(-7.40000000000002,16.1000000000003,4.54999999999999));
#5495=CARTESIAN_POINT('',(-7.40000000000003,16.4000000000003,2.09999999999999));
#5496=CARTESIAN_POINT('',(-7.10000000000002,16.1000000000003,2.09999999999999));
#5497=CARTESIAN_POINT('Origin',(-7.40000000000002,16.1000000000003,2.09999999999999));
#5498=CARTESIAN_POINT('',(-7.40000000000002,16.4000000000003,11.9));
#5499=CARTESIAN_POINT('',(-7.40000000000003,16.4000000000003,4.54999999999999));
#5500=CARTESIAN_POINT('',(-7.10000000000002,16.1000000000003,11.9));
#5501=CARTESIAN_POINT('Origin',(-7.40000000000002,16.1000000000003,11.9));
#5502=CARTESIAN_POINT('',(-7.10000000000003,16.1000000000003,4.54999999999999));
#5503=CARTESIAN_POINT('Origin',(-4.90000000000002,16.1000000000003,11.9));
#5504=CARTESIAN_POINT('',(-4.90000000000002,16.1000000000003,14.1));
#5505=CARTESIAN_POINT('',(-4.90000000000003,16.4000000000003,14.4));
#5506=CARTESIAN_POINT('Origin',(-4.90000000000002,16.1000000000003,14.4));
#5507=CARTESIAN_POINT('Origin',(-4.90000000000002,16.1000000000003,11.9));
#5508=CARTESIAN_POINT('Origin',(-4.90000000000002,16.4000000000003,11.9));
#5509=CARTESIAN_POINT('Origin',(-2.45000000000003,16.1000000000003,14.4));
#5510=CARTESIAN_POINT('',(4.89999999999998,16.1000000000003,14.1));
#5511=CARTESIAN_POINT('',(4.89999999999998,16.4000000000003,14.4));
#5512=CARTESIAN_POINT('Origin',(4.89999999999998,16.1000000000003,14.4));
#5513=CARTESIAN_POINT('',(-2.45000000000003,16.1000000000003,14.1));
#5514=CARTESIAN_POINT('',(-2.45000000000003,16.4000000000003,14.4));
#5515=CARTESIAN_POINT('Origin',(4.89999999999998,16.1000000000003,11.9));
#5516=CARTESIAN_POINT('',(7.09999999999997,16.1000000000003,11.9));
#5517=CARTESIAN_POINT('',(7.39999999999997,16.4000000000003,11.9));
#5518=CARTESIAN_POINT('Origin',(7.39999999999998,16.1000000000003,11.9));
#5519=CARTESIAN_POINT('Origin',(4.89999999999998,16.1000000000003,11.9));
#5520=CARTESIAN_POINT('Origin',(4.89999999999998,16.4000000000003,11.9));
#5521=CARTESIAN_POINT('Origin',(7.39999999999998,16.1000000000003,9.44999999999999));
#5522=CARTESIAN_POINT('',(7.09999999999997,16.1000000000003,2.09999999999999));
#5523=CARTESIAN_POINT('',(7.39999999999998,16.4000000000003,2.09999999999999));
#5524=CARTESIAN_POINT('Origin',(7.39999999999998,16.1000000000003,2.09999999999999));
#5525=CARTESIAN_POINT('',(7.09999999999998,16.1000000000003,9.44999999999999));
#5526=CARTESIAN_POINT('',(7.39999999999998,16.4000000000003,9.44999999999999));
#5527=CARTESIAN_POINT('Origin',(4.89999999999997,16.1000000000003,2.09999999999999));
#5528=CARTESIAN_POINT('',(4.89999999999997,16.1000000000003,-0.100000000000011));
#5529=CARTESIAN_POINT('',(4.89999999999997,16.4000000000003,-0.400000000000009));
#5530=CARTESIAN_POINT('Origin',(4.89999999999998,16.1000000000003,-0.400000000000009));
#5531=CARTESIAN_POINT('Origin',(4.89999999999997,16.1000000000003,2.09999999999999));
#5532=CARTESIAN_POINT('Origin',(4.89999999999997,16.4000000000003,2.09999999999999));
#5533=CARTESIAN_POINT('Origin',(2.44999999999997,16.1000000000003,-0.400000000000005));
#5534=CARTESIAN_POINT('',(-4.90000000000002,16.1000000000003,-0.100000000000007));
#5535=CARTESIAN_POINT('',(-4.90000000000003,16.4000000000003,-0.400000000000005));
#5536=CARTESIAN_POINT('Origin',(-4.90000000000002,16.1000000000003,-0.400000000000005));
#5537=CARTESIAN_POINT('',(2.44999999999997,16.1000000000003,-0.100000000000007));
#5538=CARTESIAN_POINT('',(2.44999999999997,16.4000000000003,-0.400000000000005));
#5539=CARTESIAN_POINT('Origin',(-4.90000000000002,16.1000000000003,2.09999999999999));
#5540=CARTESIAN_POINT('Origin',(-4.90000000000002,16.1000000000003,2.09999999999999));
#5541=CARTESIAN_POINT('Origin',(-4.90000000000003,16.4000000000003,2.09999999999999));
#5542=CARTESIAN_POINT('Origin',(4.89999999999999,12.0000000000003,11.9));
#5543=CARTESIAN_POINT('',(7.09999999999998,13.6000000000003,11.9));
#5544=CARTESIAN_POINT('',(7.09999999999999,12.0000000000003,11.9));
#5545=CARTESIAN_POINT('',(4.89999999999998,13.6000000000003,14.1));
#5546=CARTESIAN_POINT('Origin',(4.89999999999999,13.6000000000003,11.9));
#5547=CARTESIAN_POINT('',(4.89999999999999,12.0000000000003,14.1));
#5548=CARTESIAN_POINT('Origin',(-4.90000000000001,12.0000000000003,14.1));
#5549=CARTESIAN_POINT('',(-4.90000000000002,13.6000000000003,14.1));
#5550=CARTESIAN_POINT('',(-2.45000000000002,13.6000000000003,14.1));
#5551=CARTESIAN_POINT('',(-4.90000000000001,12.0000000000003,14.1));
#5552=CARTESIAN_POINT('Origin',(-4.90000000000001,12.0000000000003,11.9));
#5553=CARTESIAN_POINT('',(-7.10000000000002,13.6000000000003,11.9));
#5554=CARTESIAN_POINT('Origin',(-4.90000000000001,13.6000000000003,11.9));
#5555=CARTESIAN_POINT('',(-7.10000000000001,12.0000000000003,11.9));
#5556=CARTESIAN_POINT('Origin',(-7.10000000000001,12.0000000000003,2.09999999999999));
#5557=CARTESIAN_POINT('',(-7.10000000000001,13.6000000000003,2.09999999999999));
#5558=CARTESIAN_POINT('',(-7.10000000000002,13.6000000000003,4.54999999999999));
#5559=CARTESIAN_POINT('',(-7.10000000000001,12.0000000000003,2.09999999999999));
#5560=CARTESIAN_POINT('Origin',(-2.66453525910048E-14,16.4000000000003,
6.99999999999999));
#5561=CARTESIAN_POINT('',(4.89999999999997,16.4000000000003,-0.600000000000009));
#5562=CARTESIAN_POINT('',(-4.90000000000003,16.4000000000003,-0.600000000000009));
#5563=CARTESIAN_POINT('',(-2.45000000000003,16.4000000000003,-0.600000000000009));
#5564=CARTESIAN_POINT('',(-7.60000000000003,16.4000000000003,2.09999999999999));
#5565=CARTESIAN_POINT('Origin',(-4.90000000000003,16.4000000000003,2.09999999999999));
#5566=CARTESIAN_POINT('',(-7.60000000000003,16.4000000000003,11.9));
#5567=CARTESIAN_POINT('',(-7.60000000000003,16.4000000000003,9.44999999999999));
#5568=CARTESIAN_POINT('',(-4.90000000000003,16.4000000000003,14.6));
#5569=CARTESIAN_POINT('Origin',(-4.90000000000003,16.4000000000003,11.9));
#5570=CARTESIAN_POINT('',(4.89999999999997,16.4000000000003,14.6));
#5571=CARTESIAN_POINT('',(2.44999999999997,16.4000000000003,14.6));
#5572=CARTESIAN_POINT('',(7.59999999999997,16.4000000000003,11.9));
#5573=CARTESIAN_POINT('Origin',(4.89999999999997,16.4000000000003,11.9));
#5574=CARTESIAN_POINT('',(7.59999999999997,16.4000000000003,2.09999999999999));
#5575=CARTESIAN_POINT('',(7.59999999999997,16.4000000000003,4.54999999999999));
#5576=CARTESIAN_POINT('Origin',(4.89999999999997,16.4000000000003,2.09999999999999));
#5577=CARTESIAN_POINT('Origin',(-2.45000000000003,16.1000000000003,-0.600000000000009));
#5578=CARTESIAN_POINT('',(-4.90000000000003,16.1000000000003,-0.900000000000007));
#5579=CARTESIAN_POINT('Origin',(-4.90000000000003,16.1000000000003,-0.600000000000009));
#5580=CARTESIAN_POINT('',(4.89999999999997,16.1000000000003,-0.900000000000007));
#5581=CARTESIAN_POINT('Origin',(4.89999999999997,16.1000000000003,-0.600000000000009));
#5582=CARTESIAN_POINT('',(-2.45000000000003,16.1000000000003,-0.900000000000007));
#5583=CARTESIAN_POINT('Origin',(4.89999999999997,16.1000000000003,2.09999999999999));
#5584=CARTESIAN_POINT('',(7.89999999999997,16.1000000000003,2.09999999999999));
#5585=CARTESIAN_POINT('Origin',(7.59999999999998,16.1000000000003,2.09999999999999));
#5586=CARTESIAN_POINT('Origin',(4.89999999999997,16.1000000000003,2.09999999999999));
#5587=CARTESIAN_POINT('Origin',(7.59999999999997,16.1000000000003,4.54999999999999));
#5588=CARTESIAN_POINT('',(7.89999999999997,16.1000000000003,11.9));
#5589=CARTESIAN_POINT('Origin',(7.59999999999997,16.1000000000003,11.9));
#5590=CARTESIAN_POINT('',(7.89999999999997,16.1000000000003,4.54999999999999));
#5591=CARTESIAN_POINT('Origin',(4.89999999999998,16.1000000000003,11.9));
#5592=CARTESIAN_POINT('',(4.89999999999997,16.1000000000003,14.9));
#5593=CARTESIAN_POINT('Origin',(4.89999999999997,16.1000000000003,14.6));
#5594=CARTESIAN_POINT('Origin',(4.89999999999998,16.1000000000003,11.9));
#5595=CARTESIAN_POINT('Origin',(2.44999999999997,16.1000000000003,14.6));
#5596=CARTESIAN_POINT('',(-4.90000000000003,16.1000000000003,14.9));
#5597=CARTESIAN_POINT('Origin',(-4.90000000000003,16.1000000000003,14.6));
#5598=CARTESIAN_POINT('',(2.44999999999997,16.1000000000003,14.9));
#5599=CARTESIAN_POINT('Origin',(-4.90000000000002,16.1000000000003,11.9));
#5600=CARTESIAN_POINT('',(-7.90000000000003,16.1000000000003,11.9));
#5601=CARTESIAN_POINT('Origin',(-7.60000000000002,16.1000000000003,11.9));
#5602=CARTESIAN_POINT('Origin',(-4.90000000000002,16.1000000000003,11.9));
#5603=CARTESIAN_POINT('Origin',(-7.60000000000002,16.1000000000003,9.44999999999999));
#5604=CARTESIAN_POINT('',(-7.90000000000002,16.1000000000003,2.09999999999999));
#5605=CARTESIAN_POINT('Origin',(-7.60000000000003,16.1000000000003,2.09999999999999));
#5606=CARTESIAN_POINT('',(-7.90000000000003,16.1000000000003,9.44999999999999));
#5607=CARTESIAN_POINT('Origin',(-4.90000000000003,16.1000000000003,2.09999999999999));
#5608=CARTESIAN_POINT('Origin',(-4.90000000000003,16.1000000000003,2.09999999999999));
#5609=CARTESIAN_POINT('Origin',(4.89999999999999,12.0000000000003,11.9));
#5610=CARTESIAN_POINT('',(4.89999999999999,13.0000000000003,14.9));
#5611=CARTESIAN_POINT('',(4.89999999999999,12.0000000000003,14.9));
#5612=CARTESIAN_POINT('',(7.89999999999998,13.0000000000003,11.9));
#5613=CARTESIAN_POINT('Origin',(4.89999999999999,13.0000000000003,11.9));
#5614=CARTESIAN_POINT('',(7.89999999999999,12.0000000000003,11.9));
#5615=CARTESIAN_POINT('Origin',(7.89999999999999,12.0000000000003,2.09999999999999));
#5616=CARTESIAN_POINT('',(7.89999999999998,13.0000000000003,2.09999999999999));
#5617=CARTESIAN_POINT('',(7.89999999999999,13.0000000000003,2.09999999999999));
#5618=CARTESIAN_POINT('',(7.89999999999999,12.0000000000003,2.09999999999999));
#5619=CARTESIAN_POINT('Origin',(4.89999999999999,12.0000000000003,2.09999999999999));
#5620=CARTESIAN_POINT('',(4.89999999999999,13.0000000000003,-0.900000000000007));
#5621=CARTESIAN_POINT('Origin',(4.89999999999999,13.0000000000003,2.09999999999999));
#5622=CARTESIAN_POINT('',(4.89999999999999,12.0000000000003,-0.900000000000007));
#5623=CARTESIAN_POINT('Origin',(-4.90000000000001,12.0000000000003,-0.900000000000007));
#5624=CARTESIAN_POINT('',(-4.90000000000001,13.0000000000003,-0.900000000000007));
#5625=CARTESIAN_POINT('',(-4.90000000000001,13.0000000000003,-0.900000000000007));
#5626=CARTESIAN_POINT('',(-4.90000000000001,12.0000000000003,-0.900000000000007));
#5627=CARTESIAN_POINT('Origin',(7.09999999999999,12.0000000000003,11.9));
#5628=CARTESIAN_POINT('',(7.09999999999998,13.6000000000003,2.09999999999999));
#5629=CARTESIAN_POINT('',(7.09999999999999,12.0000000000003,2.09999999999999));
#5630=CARTESIAN_POINT('',(7.09999999999999,13.6000000000003,9.44999999999999));
#5631=CARTESIAN_POINT('Origin',(4.89999999999999,12.0000000000003,2.09999999999999));
#5632=CARTESIAN_POINT('',(4.89999999999998,13.6000000000003,-0.100000000000011));
#5633=CARTESIAN_POINT('',(4.89999999999999,12.0000000000003,-0.100000000000011));
#5634=CARTESIAN_POINT('Origin',(4.89999999999998,13.6000000000003,2.09999999999999));
#5635=CARTESIAN_POINT('Origin',(4.89999999999999,12.0000000000003,-0.100000000000007));
#5636=CARTESIAN_POINT('',(-4.90000000000002,13.6000000000003,-0.100000000000007));
#5637=CARTESIAN_POINT('',(-4.90000000000001,12.0000000000003,-0.100000000000007));
#5638=CARTESIAN_POINT('',(2.44999999999998,13.6000000000003,-0.100000000000007));
#5639=CARTESIAN_POINT('Origin',(-4.90000000000001,12.0000000000003,2.09999999999999));
#5640=CARTESIAN_POINT('Origin',(-4.90000000000002,13.6000000000003,2.09999999999999));
#5641=CARTESIAN_POINT('Origin',(4.89999999999999,12.0000000000003,14.9));
#5642=CARTESIAN_POINT('',(-4.90000000000001,13.0000000000003,14.9));
#5643=CARTESIAN_POINT('',(-4.90000000000001,12.0000000000003,14.9));
#5644=CARTESIAN_POINT('',(4.89999999999998,13.0000000000003,14.9));
#5645=CARTESIAN_POINT('Origin',(-4.90000000000001,12.0000000000003,11.9));
#5646=CARTESIAN_POINT('',(-7.90000000000001,13.0000000000003,11.9));
#5647=CARTESIAN_POINT('',(-7.90000000000001,12.0000000000003,11.9));
#5648=CARTESIAN_POINT('Origin',(-4.90000000000001,13.0000000000003,11.9));
#5649=CARTESIAN_POINT('Origin',(4.89999999999999,12.0000000000003,1.09999999999999));
#5650=CARTESIAN_POINT('',(4.89999999999998,13.6000000000003,1.09999999999999));
#5651=CARTESIAN_POINT('',(4.89999999999999,12.0000000000003,1.09999999999999));
#5652=CARTESIAN_POINT('',(-4.90000000000002,13.6000000000003,1.09999999999999));
#5653=CARTESIAN_POINT('',(-4.90000000000002,13.6000000000003,1.09999999999999));
#5654=CARTESIAN_POINT('',(-4.90000000000001,12.0000000000003,1.09999999999999));
#5655=CARTESIAN_POINT('Origin',(4.89999999999999,12.0000000000003,2.09999999999999));
#5656=CARTESIAN_POINT('',(5.89999999999998,13.6000000000003,2.09999999999999));
#5657=CARTESIAN_POINT('',(5.89999999999999,12.0000000000003,2.09999999999999));
#5658=CARTESIAN_POINT('Origin',(4.89999999999998,13.6000000000003,2.09999999999999));
#5659=CARTESIAN_POINT('Origin',(5.89999999999999,12.0000000000003,11.9));
#5660=CARTESIAN_POINT('',(5.89999999999998,13.6000000000003,11.9));
#5661=CARTESIAN_POINT('',(5.89999999999999,12.0000000000003,11.9));
#5662=CARTESIAN_POINT('',(5.89999999999998,13.6000000000003,2.09999999999999));
#5663=CARTESIAN_POINT('Origin',(4.89999999999999,12.0000000000003,11.9));
#5664=CARTESIAN_POINT('',(4.89999999999999,13.6000000000003,12.9));
#5665=CARTESIAN_POINT('',(4.89999999999999,12.0000000000003,12.9));
#5666=CARTESIAN_POINT('Origin',(4.89999999999999,13.6000000000003,11.9));
#5667=CARTESIAN_POINT('Origin',(-4.90000000000001,12.0000000000003,12.9));
#5668=CARTESIAN_POINT('',(-4.90000000000001,13.6000000000003,12.9));
#5669=CARTESIAN_POINT('',(-4.90000000000001,12.0000000000003,12.9));
#5670=CARTESIAN_POINT('',(4.89999999999999,13.6000000000003,12.9));
#5671=CARTESIAN_POINT('Origin',(-4.90000000000001,12.0000000000003,11.9));
#5672=CARTESIAN_POINT('',(-5.90000000000002,13.6000000000003,11.9));
#5673=CARTESIAN_POINT('',(-5.90000000000001,12.0000000000003,11.9));
#5674=CARTESIAN_POINT('Origin',(-4.90000000000002,13.6000000000003,11.9));
#5675=CARTESIAN_POINT('Origin',(-5.90000000000001,12.0000000000003,2.09999999999999));
#5676=CARTESIAN_POINT('',(-5.90000000000002,13.6000000000003,2.09999999999999));
#5677=CARTESIAN_POINT('',(-5.90000000000001,12.0000000000003,2.09999999999999));
#5678=CARTESIAN_POINT('',(-5.90000000000002,13.6000000000003,11.9));
#5679=CARTESIAN_POINT('Origin',(-4.90000000000001,12.0000000000003,2.09999999999999));
#5680=CARTESIAN_POINT('Origin',(-4.90000000000002,13.6000000000003,2.09999999999999));
#5681=CARTESIAN_POINT('Origin',(-4.90000000000001,12.0000000000003,2.09999999999999));
#5682=CARTESIAN_POINT('',(-7.90000000000001,13.0000000000003,2.09999999999999));
#5683=CARTESIAN_POINT('Origin',(-4.90000000000001,13.0000000000003,2.09999999999999));
#5684=CARTESIAN_POINT('',(-7.90000000000001,12.0000000000003,2.09999999999999));
#5685=CARTESIAN_POINT('Origin',(-7.90000000000001,12.0000000000003,11.9));
#5686=CARTESIAN_POINT('',(-7.90000000000001,13.0000000000003,11.9));
#5687=CARTESIAN_POINT('Origin',(-1.77635683940036E-14,13.6000000000003,
6.99999999999999));
#5688=CARTESIAN_POINT('Origin',(-8.90000000000001,12.0000000000003,11.9));
#5689=CARTESIAN_POINT('',(-8.90000000000001,13.0000000000003,11.9));
#5690=CARTESIAN_POINT('',(-8.90000000000001,12.0000000000003,11.9));
#5691=CARTESIAN_POINT('',(-8.90000000000001,13.0000000000003,2.09999999999999));
#5692=CARTESIAN_POINT('',(-8.90000000000001,13.0000000000003,11.9));
#5693=CARTESIAN_POINT('',(-8.90000000000001,12.0000000000003,2.09999999999999));
#5694=CARTESIAN_POINT('Origin',(-4.90000000000001,12.0000000000003,11.9));
#5695=CARTESIAN_POINT('Origin',(-4.90000000000001,13.0000000000003,11.9));
#5696=CARTESIAN_POINT('Origin',(4.89999999999999,12.0000000000003,11.9));
#5697=CARTESIAN_POINT('',(8.89999999999998,13.0000000000003,11.9));
#5698=CARTESIAN_POINT('',(8.89999999999999,12.0000000000003,11.9));
#5699=CARTESIAN_POINT('Origin',(4.89999999999999,13.0000000000003,11.9));
#5700=CARTESIAN_POINT('Origin',(8.89999999999999,12.0000000000003,2.09999999999999));
#5701=CARTESIAN_POINT('',(8.89999999999999,13.0000000000003,2.09999999999999));
#5702=CARTESIAN_POINT('',(8.89999999999999,12.0000000000003,2.09999999999999));
#5703=CARTESIAN_POINT('',(8.89999999999999,13.0000000000003,2.09999999999999));
#5704=CARTESIAN_POINT('Origin',(4.89999999999999,12.0000000000003,2.09999999999999));
#5705=CARTESIAN_POINT('Origin',(4.89999999999999,13.0000000000003,2.09999999999999));
#5706=CARTESIAN_POINT('Origin',(-4.90000000000001,12.0000000000003,2.09999999999999));
#5707=CARTESIAN_POINT('Origin',(-4.90000000000001,13.0000000000003,2.09999999999999));
#5708=CARTESIAN_POINT('Origin',(-4.25619135894946E-14,12.0000000000003,
-28.));
#5709=CARTESIAN_POINT('Origin',(-4.70028056879952E-14,13.0000000000003,
-28.));
#5710=CARTESIAN_POINT('Origin',(-5.70452775925591E-14,16.1000000000003,
-28.));
#5711=CARTESIAN_POINT('',(-6.01753637452382E-14,16.4000000000003,-10.6));
#5712=CARTESIAN_POINT('Origin',(-5.80444783147218E-14,16.4000000000003,
-28.));
#5713=CARTESIAN_POINT('',(-5.91394236191011E-14,16.1000000000003,-10.9));
#5714=CARTESIAN_POINT('Origin',(-5.91761630230755E-14,16.1000000000003,
-10.6));
#5715=CARTESIAN_POINT('',(-17.1000000000001,16.1000000000003,-28.));
#5716=CARTESIAN_POINT('Origin',(-5.70452775925591E-14,16.1000000000003,
-28.));
#5717=CARTESIAN_POINT('Origin',(-5.70452775925591E-14,16.1000000000003,
-28.));
#5718=CARTESIAN_POINT('Origin',(-5.77315972805092E-14,16.4000000000003,
-28.));
#5719=CARTESIAN_POINT('',(-5.70962786805644E-14,16.4000000000003,-45.6));
#5720=CARTESIAN_POINT('Origin',(-5.49409003140651E-14,16.4000000000003,
-28.));
#5721=CARTESIAN_POINT('Origin',(-4.25619135894946E-14,12.0000000000003,
-28.));
#5722=CARTESIAN_POINT('',(-17.1,13.6000000000002,-28.));
#5723=CARTESIAN_POINT('',(-17.1,12.0000000000002,-28.));
#5724=CARTESIAN_POINT('Origin',(-4.82139580784954E-14,13.6000000000003,
-28.));
#5725=CARTESIAN_POINT('Origin',(-5.39416995919025E-14,16.1000000000003,
-28.));
#5726=CARTESIAN_POINT('',(-5.61338173623762E-14,16.1000000000003,-45.9));
#5727=CARTESIAN_POINT('Origin',(-5.60970779584018E-14,16.1000000000003,
-45.6));
#5728=CARTESIAN_POINT('',(-17.9000000000001,16.1000000000002,-28.));
#5729=CARTESIAN_POINT('Origin',(-5.39416995919025E-14,16.1000000000003,
-28.));
#5730=CARTESIAN_POINT('Origin',(-5.39416995919025E-14,16.1000000000003,
-28.));
#5731=CARTESIAN_POINT('Origin',(-4.25619135894946E-14,12.0000000000003,
-28.));
#5732=CARTESIAN_POINT('',(-17.8999941684216,15.0607887483667,-28.0000000619004));
#5733=CARTESIAN_POINT('',(-17.9,12.0000000000003,-28.));
#5734=CARTESIAN_POINT('',(-17.4750441551233,15.0722917522204,-24.1227804064654));
#5735=CARTESIAN_POINT('Ctrl Pts',(-17.8999941684216,15.0607887483667,-28.0000000619004));
#5736=CARTESIAN_POINT('Ctrl Pts',(-17.8999941685963,15.0607931369768,-27.9985062869933));
#5737=CARTESIAN_POINT('Ctrl Pts',(-17.8999939813807,15.0607975255906,-27.9970125052588));
#5738=CARTESIAN_POINT('Ctrl Pts',(-17.8999936067622,15.0608019142082,-27.9955187167752));
#5739=CARTESIAN_POINT('Ctrl Pts',(-17.8998818520312,15.0621111093595,-27.5498976094099));
#5740=CARTESIAN_POINT('Ctrl Pts',(-17.8830963083699,15.0634198008406,-27.1049730681088));
#5741=CARTESIAN_POINT('Ctrl Pts',(-17.8499721805459,15.0647287734776,-26.6626863416102));
#5742=CARTESIAN_POINT('Ctrl Pts',(-17.7862031199211,15.0672487479171,-25.8112161013843));
#5743=CARTESIAN_POINT('Ctrl Pts',(-17.6607726568601,15.069762675064,-24.9598799061057));
#5744=CARTESIAN_POINT('Ctrl Pts',(-17.4750441549853,15.0722917522118,-24.122780406495));
#5745=CARTESIAN_POINT('',(-17.4744019005685,14.0637168332012,-24.1198868293232));
#5746=CARTESIAN_POINT('Ctrl Pts',(-17.4750441551234,15.0722917522204,-24.1227804064655));
#5747=CARTESIAN_POINT('Ctrl Pts',(-17.474829821124,14.7361001166732,-24.1218143801411));
#5748=CARTESIAN_POINT('Ctrl Pts',(-17.4746157357861,14.3999084770042,-24.1208498533684));
#5749=CARTESIAN_POINT('Ctrl Pts',(-17.474401900587,14.0637168332012,-24.1198868293188));
#5750=CARTESIAN_POINT('',(-17.8999941271437,14.0522057873304,-28.0000001226874));
#5751=CARTESIAN_POINT('Ctrl Pts',(-17.4744018998199,14.0637168331709,-24.1198868294848));
#5752=CARTESIAN_POINT('Ctrl Pts',(-17.6602492101859,14.061187917182,-24.9568679044434));
#5753=CARTESIAN_POINT('Ctrl Pts',(-17.7858412345208,14.0586744189624,-25.8082660117467));
#5754=CARTESIAN_POINT('Ctrl Pts',(-17.8497506570603,14.0561547048069,-26.6597323333831));
#5755=CARTESIAN_POINT('Ctrl Pts',(-17.8829474755927,14.0548458759949,-27.1020141103515));
#5756=CARTESIAN_POINT('Ctrl Pts',(-17.8998062508136,14.0535372857587,-27.5469101518067));
#5757=CARTESIAN_POINT('Ctrl Pts',(-17.8999925662155,14.0522277457273,-27.9925280988055));
#5758=CARTESIAN_POINT('Ctrl Pts',(-17.8999936075882,14.0522204263144,-27.9950187914527));
#5759=CARTESIAN_POINT('Ctrl Pts',(-17.8999941279278,14.0522131068982,-27.9975094662031));
#5760=CARTESIAN_POINT('Ctrl Pts',(-17.8999941272922,14.0522057874789,-28.0000001226878));
#5761=CARTESIAN_POINT('',(-17.9,13.0000000000002,-28.));
#5762=CARTESIAN_POINT('',(-17.9,12.0000000000003,-28.));
#5763=CARTESIAN_POINT('Origin',(-4.70028056879952E-14,13.0000000000003,
-28.));
#5764=CARTESIAN_POINT('',(-17.4776030763192,14.0407374753174,-31.8656682095712));
#5765=CARTESIAN_POINT('Ctrl Pts',(-17.8999941271437,14.0522057873304,-28.0000001226874));
#5766=CARTESIAN_POINT('Ctrl Pts',(-17.8999940140635,14.0509035655578,-28.4431209432466));
#5767=CARTESIAN_POINT('Ctrl Pts',(-17.8835034078053,14.0496012435558,-28.8856635987421));
#5768=CARTESIAN_POINT('Ctrl Pts',(-17.8508495012987,14.0482996858157,-29.3255511646701));
#5769=CARTESIAN_POINT('Ctrl Pts',(-17.7876340645454,14.045779970725,-30.1771394607555));
#5770=CARTESIAN_POINT('Ctrl Pts',(-17.6627855119048,14.0432702242013,-31.0284116600289));
#5771=CARTESIAN_POINT('Ctrl Pts',(-17.4776030752699,14.0407374751696,-31.8656682093446));
#5772=CARTESIAN_POINT('',(-17.4769628154414,15.049311960709,-31.8685618448821));
#5773=CARTESIAN_POINT('Ctrl Pts',(-17.4776030763233,14.0407374753154,-31.8656682095722));
#5774=CARTESIAN_POINT('Ctrl Pts',(-17.4773897272284,14.3769288805401,-31.8666328114507));
#5775=CARTESIAN_POINT('Ctrl Pts',(-17.4771763722255,14.713120376396,-31.8675970615571));
#5776=CARTESIAN_POINT('Ctrl Pts',(-17.4769628154404,15.049311960709,-31.868561844882));
#5777=CARTESIAN_POINT('Ctrl Pts',(-17.4769628152901,15.0493119607174,-31.8685618448496));
#5778=CARTESIAN_POINT('Ctrl Pts',(-17.6622825367968,15.0518413351284,-31.0313436294449));
#5779=CARTESIAN_POINT('Ctrl Pts',(-17.7872754751157,15.0543548534466,-30.1800616530401));
#5780=CARTESIAN_POINT('Ctrl Pts',(-17.8506298785473,15.0568748411115,-29.3285056634605));
#5781=CARTESIAN_POINT('Ctrl Pts',(-17.883429346921,15.0581794742741,-28.8876431150682));
#5782=CARTESIAN_POINT('Ctrl Pts',(-17.8999941164395,15.0594839440886,-28.4441233442835));
#5783=CARTESIAN_POINT('Ctrl Pts',(-17.8999941683976,15.0607887483667,-28.0000000619004));
#5784=CARTESIAN_POINT('',(17.4750441551232,15.0722917522205,-31.8772195935346));
#5785=CARTESIAN_POINT('',(17.4744019005684,14.0637168332013,-31.8801131706768));
#5786=CARTESIAN_POINT('Ctrl Pts',(17.4750441551233,15.0722917522205,-31.8772195935346));
#5787=CARTESIAN_POINT('Ctrl Pts',(17.4748298211239,14.7361001166733,-31.8781856198589));
#5788=CARTESIAN_POINT('Ctrl Pts',(17.474615735786,14.3999084770043,-31.8791501466316));
#5789=CARTESIAN_POINT('Ctrl Pts',(17.4744019005869,14.0637168332013,-31.8801131706812));
#5790=CARTESIAN_POINT('',(17.4776030763191,14.0407374753175,-24.1343317904289));
#5791=CARTESIAN_POINT('Ctrl Pts',(17.4744018998198,14.063716833171,-31.8801131705153));
#5792=CARTESIAN_POINT('Ctrl Pts',(17.6602492101826,14.061187917182,-31.0431320955565));
#5793=CARTESIAN_POINT('Ctrl Pts',(17.7858412326416,14.0586744189272,-30.1917339881436));
#5794=CARTESIAN_POINT('Ctrl Pts',(17.8497506552515,14.0561547047908,-29.3402676665534));
#5795=CARTESIAN_POINT('Ctrl Pts',(17.8829474738204,14.0548458759888,-28.8979858896089));
#5796=CARTESIAN_POINT('Ctrl Pts',(17.8998062489474,14.0535372857541,-28.4530898481593));
#5797=CARTESIAN_POINT('Ctrl Pts',(17.8999925643525,14.0522277457274,-28.0074719011757));
#5798=CARTESIAN_POINT('Ctrl Pts',(17.9001788797575,14.0509182057007,-27.5618539541921));
#5799=CARTESIAN_POINT('Ctrl Pts',(17.8836869445391,14.0496085593976,-27.116808884531));
#5800=CARTESIAN_POINT('Ctrl Pts',(17.8508494996616,14.0482996859805,-26.6744488353466));
#5801=CARTESIAN_POINT('Ctrl Pts',(17.7876340628671,14.0457799709089,-25.8228605393014));
#5802=CARTESIAN_POINT('Ctrl Pts',(17.6627855120477,14.04327022435,-24.9715883399457));
#5803=CARTESIAN_POINT('Ctrl Pts',(17.4776030754147,14.0407374753182,-24.134331790623));
#5804=CARTESIAN_POINT('',(17.4769628154413,15.0493119607091,-24.1314381551179));
#5805=CARTESIAN_POINT('Ctrl Pts',(17.4776030763232,14.0407374753155,-24.1343317904278));
#5806=CARTESIAN_POINT('Ctrl Pts',(17.4773897272283,14.3769288805402,-24.1333671885493));
#5807=CARTESIAN_POINT('Ctrl Pts',(17.4771763722254,14.7131203763961,-24.1324029384429));
#5808=CARTESIAN_POINT('Ctrl Pts',(17.4769628154403,15.0493119607091,-24.1314381551181));
#5809=CARTESIAN_POINT('Ctrl Pts',(17.47696281529,15.0493119607175,-24.1314381551504));
#5810=CARTESIAN_POINT('Ctrl Pts',(17.6622825367954,15.0518413351285,-24.9686563705552));
#5811=CARTESIAN_POINT('Ctrl Pts',(17.7872754734813,15.0543548534782,-25.8199383470341));
#5812=CARTESIAN_POINT('Ctrl Pts',(17.8506298769535,15.056874841126,-26.6714943365722));
#5813=CARTESIAN_POINT('Ctrl Pts',(17.8835396638675,15.0581838623143,-27.1138396926192));
#5814=CARTESIAN_POINT('Ctrl Pts',(17.9001053598118,15.0594927190611,-27.5588601758653));
#5815=CARTESIAN_POINT('Ctrl Pts',(17.8999936050796,15.0608019142082,-28.0044812832166));
#5816=CARTESIAN_POINT('Ctrl Pts',(17.8998818503473,15.0621111093553,-28.4501023905678));
#5817=CARTESIAN_POINT('Ctrl Pts',(17.88309630677,15.063419800835,-28.895026931863));
#5818=CARTESIAN_POINT('Ctrl Pts',(17.8499721789183,15.0647287734632,-29.3373136583399));
#5819=CARTESIAN_POINT('Ctrl Pts',(17.7862031182402,15.0672487478856,-30.1887838985237));
#5820=CARTESIAN_POINT('Ctrl Pts',(17.6607726568351,15.069762675064,-31.0401200938902));
#5821=CARTESIAN_POINT('Ctrl Pts',(17.4750441549618,15.0722917522119,-31.8772195934998));
#5822=CARTESIAN_POINT('',(3.87721959353457,15.0722917522205,-10.5249558448768));
#5823=CARTESIAN_POINT('',(3.88011317067674,14.0637168332013,-10.5255980994315));
#5824=CARTESIAN_POINT('Ctrl Pts',(3.87721959353449,15.0722917522205,-10.5249558448766));
#5825=CARTESIAN_POINT('Ctrl Pts',(3.87818561985889,14.7361001166733,-10.5251701788761));
#5826=CARTESIAN_POINT('Ctrl Pts',(3.87915014663158,14.3999084770043,-10.5253842642139));
#5827=CARTESIAN_POINT('Ctrl Pts',(3.88011317068119,14.0637168332013,-10.525598099413));
#5828=CARTESIAN_POINT('',(-3.86566820957119,14.0407374753174,-10.5223969236808));
#5829=CARTESIAN_POINT('Ctrl Pts',(3.88011317051577,14.0637168331711,-10.5255981001717));
#5830=CARTESIAN_POINT('Ctrl Pts',(3.04313209599427,14.0611879173265,-10.3397507832149));
#5831=CARTESIAN_POINT('Ctrl Pts',(2.1917342446938,14.0586745035836,-10.21415489812));
#5832=CARTESIAN_POINT('Ctrl Pts',(1.34026780997103,14.056154743012,-10.1502457774023));
#5833=CARTESIAN_POINT('Ctrl Pts',(0.897985974261487,14.0548458900898,-10.1170491156469));
#5834=CARTESIAN_POINT('Ctrl Pts',(0.453089920633017,14.0535372967664,-10.1001901460234));
#5835=CARTESIAN_POINT('Ctrl Pts',(0.00747193782155286,14.0522277456613,
-10.1000038380246));
#5836=CARTESIAN_POINT('Ctrl Pts',(-0.438146044989912,14.0509181945562,-10.0998175300258));
#5837=CARTESIAN_POINT('Ctrl Pts',(-0.883191130394136,14.0496085451699,-10.1163096637361));
#5838=CARTESIAN_POINT('Ctrl Pts',(-1.32555123843557,14.0482996476381,-10.1491469892551));
#5839=CARTESIAN_POINT('Ctrl Pts',(-2.17713964778656,14.0457798861433,-10.2123621962724));
#5840=CARTESIAN_POINT('Ctrl Pts',(-3.0284116604088,14.0432702241893,-10.3372144808661));
#5841=CARTESIAN_POINT('Ctrl Pts',(-3.86566820937755,14.0407374753179,-10.5223969245752));
#5842=CARTESIAN_POINT('',(-3.86856184488212,15.0493119607091,-10.5230371845587));
#5843=CARTESIAN_POINT('Ctrl Pts',(-3.86566820957225,14.0407374753154,-10.5223969236768));
#5844=CARTESIAN_POINT('Ctrl Pts',(-3.86663281145079,14.3769288805401,-10.5226102727717));
#5845=CARTESIAN_POINT('Ctrl Pts',(-3.86759706155718,14.7131203763961,-10.5228236277746));
#5846=CARTESIAN_POINT('Ctrl Pts',(-3.86856184488201,15.0493119607091,-10.5230371845597));
#5847=CARTESIAN_POINT('Ctrl Pts',(-3.86856184484976,15.0493119607174,-10.5230371847083));
#5848=CARTESIAN_POINT('Ctrl Pts',(-3.03134362959301,15.0518413350664,-10.3377174604327));
#5849=CARTESIAN_POINT('Ctrl Pts',(-2.18006184222165,15.0543547741656,-10.2127209841994));
#5850=CARTESIAN_POINT('Ctrl Pts',(-1.32850574795621,15.0568748052887,-10.1493668003051));
#5851=CARTESIAN_POINT('Ctrl Pts',(-0.886160337508037,15.0581838490604,-10.1164571274519));
#5852=CARTESIAN_POINT('Ctrl Pts',(-0.441139840385109,15.0594927087613,-10.0998912463216));
#5853=CARTESIAN_POINT('Ctrl Pts',(0.00448130016865508,15.0608019143157,
-10.1000029980023));
#5854=CARTESIAN_POINT('Ctrl Pts',(0.450102440722419,15.0621111198701,-10.100114749683));
#5855=CARTESIAN_POINT('Ctrl Pts',(0.895026994265668,15.0634198142914,-10.1169004767707));
#5856=CARTESIAN_POINT('Ctrl Pts',(1.3373137749918,15.0647288095146,-10.150024473671));
#5857=CARTESIAN_POINT('Ctrl Pts',(2.18878411961381,15.067248827436,-10.2137932822473));
#5858=CARTESIAN_POINT('Ctrl Pts',(3.04012009406519,15.069762675127,-10.3392273403149));
#5859=CARTESIAN_POINT('Ctrl Pts',(3.87721959349983,15.0722917522119,-10.5249558450365));
#5860=CARTESIAN_POINT('Origin',(-4.25619135894946E-14,12.0000000000003,
-28.));
#5861=CARTESIAN_POINT('',(-15.9,13.6000000000003,-28.));
#5862=CARTESIAN_POINT('Origin',(-4.70028056879952E-14,13.6000000000003,
-28.));
#5863=CARTESIAN_POINT('',(-15.9,12.0000000000003,-28.));
#5864=CARTESIAN_POINT('Origin',(-4.66293670342577E-14,13.6000000000003,
-28.));
#5865=CARTESIAN_POINT('Origin',(-4.66293670342577E-14,13.0000000000003,
-28.));
#5866=CARTESIAN_POINT('Ctrl Pts',(-17.8889963465642,14.4886573961252,-24.0267046230027));
#5867=CARTESIAN_POINT('Ctrl Pts',(-18.0794914427342,14.4861260443774,-24.8843718858018));
#5868=CARTESIAN_POINT('Ctrl Pts',(-18.2081535865315,14.4836101395333,-25.7566267645152));
#5869=CARTESIAN_POINT('Ctrl Pts',(-18.273586449151,14.4810879727247,-26.6291518633341));
#5870=CARTESIAN_POINT('Ctrl Pts',(-18.2735944840782,14.4810876635247,-26.6292589455797));
#5871=CARTESIAN_POINT('Ctrl Pts',(-18.3075556851534,14.4797794580898,-27.0820295020774));
#5872=CARTESIAN_POINT('Ctrl Pts',(-18.3247716170594,14.4784706338449,-27.5374003140628));
#5873=CARTESIAN_POINT('Ctrl Pts',(-18.3249324161322,14.4771612484921,-27.9935996806952));
#5874=CARTESIAN_POINT('Ctrl Pts',(-18.3249324577607,14.4771609030785,-27.9937199928103));
#5875=CARTESIAN_POINT('Ctrl Pts',(-18.3250879152973,14.4758514834502,-28.4499319963266));
#5876=CARTESIAN_POINT('Ctrl Pts',(-18.3081837102983,14.4745421348441,-28.9054070380748));
#5877=CARTESIAN_POINT('Ctrl Pts',(-18.2745274594831,14.4732338653901,-29.3582553171172));
#5878=CARTESIAN_POINT('Ctrl Pts',(-18.2745194846107,14.4732335557005,-29.3583625821368));
#5879=CARTESIAN_POINT('Ctrl Pts',(-18.2096786334269,14.4707114351557,-30.2309725854274));
#5880=CARTESIAN_POINT('Ctrl Pts',(-18.0816234815381,14.4681972525025,-31.1032166134002));
#5881=CARTESIAN_POINT('Ctrl Pts',(-17.8917219964851,14.4656641289373,-31.9610027920375));
#5882=CARTESIAN_POINT('Ctrl Pts',(-17.8104427082384,14.6832046308182,-24.0446898104755));
#5883=CARTESIAN_POINT('Ctrl Pts',(-18.0000742571001,14.680673305795,-24.898586072344));
#5884=CARTESIAN_POINT('Ctrl Pts',(-18.1281469273159,14.6781572948693,-25.7670142136574));
#5885=CARTESIAN_POINT('Ctrl Pts',(-18.1932671146565,14.6756350900454,-26.6357036816222));
#5886=CARTESIAN_POINT('Ctrl Pts',(-18.1932751093692,14.6756347808588,-26.6358102931719));
#5887=CARTESIAN_POINT('Ctrl Pts',(-18.2270739540837,14.6743265561582,-27.0865904539769));
#5888=CARTESIAN_POINT('Ctrl Pts',(-18.2442011137762,14.6730177328561,-27.5399575827929));
#5889=CARTESIAN_POINT('Ctrl Pts',(-18.2443481732558,14.6717083963234,-27.9941507881465));
#5890=CARTESIAN_POINT('Ctrl Pts',(-18.244348210879,14.6717080509202,-27.9942705711959));
#5891=CARTESIAN_POINT('Ctrl Pts',(-18.2444899137396,14.67039868002,-28.4484763568815));
#5892=CARTESIAN_POINT('Ctrl Pts',(-18.2276468728331,14.669089426738,-28.9019495995422));
#5893=CARTESIAN_POINT('Ctrl Pts',(-18.1941256608161,14.6677811322286,-29.3528058108507));
#5894=CARTESIAN_POINT('Ctrl Pts',(-18.1941177242832,14.6677808225482,-29.3529126053274));
#5895=CARTESIAN_POINT('Ctrl Pts',(-18.1295366159274,14.6652586527835,-30.2216839571527));
#5896=CARTESIAN_POINT('Ctrl Pts',(-18.002021109179,14.6627439814254,-31.0900832545228));
#5897=CARTESIAN_POINT('Ctrl Pts',(-17.8129291217924,14.6602113050896,-31.9440967413258));
#5898=CARTESIAN_POINT('Ctrl Pts',(-17.731889061123,14.8777518656802,-24.062674957737));
#5899=CARTESIAN_POINT('Ctrl Pts',(-17.9206575904159,14.8752205645068,-24.9128001173954));
#5900=CARTESIAN_POINT('Ctrl Pts',(-18.048140652709,14.8727044480128,-25.7774016447565));
#5901=CARTESIAN_POINT('Ctrl Pts',(-18.1129477902296,14.8701822076589,-26.6422554575611));
#5902=CARTESIAN_POINT('Ctrl Pts',(-18.1129557501841,14.8701818984322,-26.6423615982869));
#5903=CARTESIAN_POINT('Ctrl Pts',(-18.1465923318838,14.8688736550066,-27.091151361572));
#5904=CARTESIAN_POINT('Ctrl Pts',(-18.1636307186449,14.867564833738,-27.5425148172251));
#5905=CARTESIAN_POINT('Ctrl Pts',(-18.1637639528515,14.8662555459619,-27.9947018591392));
#5906=CARTESIAN_POINT('Ctrl Pts',(-18.1637639875919,14.8662552005763,-27.9948211130821));
#5907=CARTESIAN_POINT('Ctrl Pts',(-18.1638919647507,14.8649458786642,-28.4470206821666));
#5908=CARTESIAN_POINT('Ctrl Pts',(-18.1471101049381,14.8636367223857,-28.8984921365964));
#5909=CARTESIAN_POINT('Ctrl Pts',(-18.1137238945325,14.8623284032366,-29.3473562749693));
#5910=CARTESIAN_POINT('Ctrl Pts',(-18.113715977331,14.8623280935202,-29.3474625949671));
#5911=CARTESIAN_POINT('Ctrl Pts',(-18.0493956495171,14.8598058759449,-30.2123954219246));
#5912=CARTESIAN_POINT('Ctrl Pts',(-17.9224202374988,14.8572907117294,-31.0769501978249));
#5913=CARTESIAN_POINT('Ctrl Pts',(-17.7341362561888,14.8547584814126,-31.9271906502095));
#5914=CARTESIAN_POINT('Ctrl Pts',(-17.6533354048677,15.0722991007205,-24.0806600631577));
#5915=CARTESIAN_POINT('Ctrl Pts',(-17.8412403909824,15.069767826264,-24.9270142220638));
#5916=CARTESIAN_POINT('Ctrl Pts',(-17.968133983497,15.0672516036954,-25.7877890106587));
#5917=CARTESIAN_POINT('Ctrl Pts',(-18.0326284497527,15.0647293253261,-26.6488071922584));
#5918=CARTESIAN_POINT('Ctrl Pts',(-18.0326363694928,15.0647290161128,-26.6489128622883));
#5919=CARTESIAN_POINT('Ctrl Pts',(-18.0661105969038,15.0634207534214,-27.095712229709));
#5920=CARTESIAN_POINT('Ctrl Pts',(-18.0830602135375,15.0621119330938,-27.5450720023174));
#5921=CARTESIAN_POINT('Ctrl Pts',(-18.0831797102325,15.0608026941382,-27.9952528829));
#5922=CARTESIAN_POINT('Ctrl Pts',(-18.0831797409681,15.060802348763,-27.9953716077771));
#5923=CARTESIAN_POINT('Ctrl Pts',(-18.0832939655325,15.0594930755794,-28.445564958979));
#5924=CARTESIAN_POINT('Ctrl Pts',(-18.0665732719097,15.0581840146268,-28.895034614222));
#5925=CARTESIAN_POINT('Ctrl Pts',(-18.0333221023604,15.0568756704214,-29.3419066851935));
#5926=CARTESIAN_POINT('Ctrl Pts',(-18.0333142234986,15.0568753607141,-29.3420125346485));
#5927=CARTESIAN_POINT('Ctrl Pts',(-17.9692536425011,15.0543530939173,-30.2031067107743));
#5928=CARTESIAN_POINT('Ctrl Pts',(-17.8428178793881,15.051837440991,-31.063816757268));
#5929=CARTESIAN_POINT('Ctrl Pts',(-17.655343400047,15.0493056579155,-31.9102845170581));
#5930=CARTESIAN_POINT('',(-17.6555945542336,15.0493089813675,-31.9091504869667));
#5931=CARTESIAN_POINT('',(-17.8917219860015,14.4656641548125,-31.9610027897798));
#5932=CARTESIAN_POINT('Ctrl Pts',(-17.6555945542362,15.0493089813686,-31.9091504869674));
#5933=CARTESIAN_POINT('Ctrl Pts',(-17.694948202351,14.952035054235,-31.9177962195874));
#5934=CARTESIAN_POINT('Ctrl Pts',(-17.7343028437701,14.8547597010066,-31.9264402426015));
#5935=CARTESIAN_POINT('Ctrl Pts',(-17.8130111957166,14.6602133756299,-31.9437241845355));
#5936=CARTESIAN_POINT('Ctrl Pts',(-17.8523666605868,14.5629380672078,-31.9523644887011));
#5937=CARTESIAN_POINT('Ctrl Pts',(-17.8917219860052,14.4656641548175,-31.9610027897809));
#5938=CARTESIAN_POINT('',(-17.8889963411165,14.4886574096035,-24.0267046242502));
#5939=CARTESIAN_POINT('Ctrl Pts',(-17.8917219859981,14.4656641548351,-31.9610027897791));
#5940=CARTESIAN_POINT('Ctrl Pts',(-18.0816234709424,14.4681972784003,-31.1032166116466));
#5941=CARTESIAN_POINT('Ctrl Pts',(-18.2096786227587,14.4707114610536,-30.2309725841882));
#5942=CARTESIAN_POINT('Ctrl Pts',(-18.2745115033528,14.473233271567,-29.3584698469045));
#5943=CARTESIAN_POINT('Ctrl Pts',(-18.2745194739077,14.4732335815984,-29.3583625814113));
#5944=CARTESIAN_POINT('Ctrl Pts',(-18.2745274487801,14.4732338912879,-29.3582553163917));
#5945=CARTESIAN_POINT('Ctrl Pts',(-18.2745354208805,14.4732342011755,-29.3581480509699));
#5946=CARTESIAN_POINT('Ctrl Pts',(-18.3081836995774,14.474542160742,-28.9054070376145));
#5947=CARTESIAN_POINT('Ctrl Pts',(-18.3250879045682,14.475851509348,-28.4499319961328));
#5948=CARTESIAN_POINT('Ctrl Pts',(-18.3249324880307,14.4771605836563,-27.9938403050543));
#5949=CARTESIAN_POINT('Ctrl Pts',(-18.3249324470334,14.4771609289763,-27.9937199928836));
#5950=CARTESIAN_POINT('Ctrl Pts',(-18.3249324054049,14.4771612743899,-27.9935996807686));
#5951=CARTESIAN_POINT('Ctrl Pts',(-18.3249323629979,14.4771616197101,-27.9934793686992));
#5952=CARTESIAN_POINT('Ctrl Pts',(-18.324771606334,14.4784706597427,-27.5374003144032));
#5953=CARTESIAN_POINT('Ctrl Pts',(-18.3075556744398,14.4797794839876,-27.0820295026845));
#5954=CARTESIAN_POINT('Ctrl Pts',(-18.2736025053805,14.4810873800254,-26.6293660289585));
#5955=CARTESIAN_POINT('Ctrl Pts',(-18.2735944733862,14.4810876894226,-26.6292589464518));
#5956=CARTESIAN_POINT('Ctrl Pts',(-18.273586438459,14.4810879986225,-26.6291518642062));
#5957=CARTESIAN_POINT('Ctrl Pts',(-18.2735784080424,14.4810883081619,-26.6290447813162));
#5958=CARTESIAN_POINT('Ctrl Pts',(-18.2081535758811,14.4836101654312,-25.7566267658981));
#5959=CARTESIAN_POINT('Ctrl Pts',(-18.0794914321623,14.4861260702753,-24.8843718876942));
#5960=CARTESIAN_POINT('Ctrl Pts',(-17.8889963361073,14.488657422023,-24.0267046253972));
#5961=CARTESIAN_POINT('',(-17.6536557747987,15.0722947488438,-24.0821032714422));
#5962=CARTESIAN_POINT('Ctrl Pts',(-17.8889963411211,14.4886574096055,-24.0267046242489));
#5963=CARTESIAN_POINT('Ctrl Pts',(-17.8497737324886,14.5859302807901,-24.0359412408469));
#5964=CARTESIAN_POINT('Ctrl Pts',(-17.8105507195577,14.6832031490285,-24.0451761036658));
#5965=CARTESIAN_POINT('Ctrl Pts',(-17.7321038612973,14.8777489364866,-24.0636423218827));
#5966=CARTESIAN_POINT('Ctrl Pts',(-17.6928800228683,14.9750218385925,-24.0728736756554));
#5967=CARTESIAN_POINT('Ctrl Pts',(-17.6536557748012,15.0722947488451,-24.0821032714415));
#5968=CARTESIAN_POINT('Ctrl Pts',(-17.6555945540461,15.0493089813804,-31.909150486926));
#5969=CARTESIAN_POINT('Ctrl Pts',(-17.8429308203922,15.0518396194358,-31.0630480230332));
#5970=CARTESIAN_POINT('Ctrl Pts',(-17.9692822748519,15.0543541517545,-30.2027222203696));
#5971=CARTESIAN_POINT('Ctrl Pts',(-18.0333063771262,15.0568749822655,-29.3421183864763));
#5972=CARTESIAN_POINT('Ctrl Pts',(-18.0333142517664,15.0568752923149,-29.3420125365646));
#5973=CARTESIAN_POINT('Ctrl Pts',(-18.0333221306282,15.0568756020221,-29.3419066871095));
#5974=CARTESIAN_POINT('Ctrl Pts',(-18.0333300067777,15.0568759119274,-29.3418008372619));
#5975=CARTESIAN_POINT('Ctrl Pts',(-18.066573300225,15.0581839462276,-28.8950346154376));
#5976=CARTESIAN_POINT('Ctrl Pts',(-18.0832939938693,15.0594930071802,-28.4455649594908));
#5977=CARTESIAN_POINT('Ctrl Pts',(-18.0831797994234,15.0608019350824,-27.9954903325162));
#5978=CARTESIAN_POINT('Ctrl Pts',(-18.0831797693001,15.0608022803638,-27.9953716075835));
#5979=CARTESIAN_POINT('Ctrl Pts',(-18.0831797385644,15.060802625739,-27.9952528827063));
#5980=CARTESIAN_POINT('Ctrl Pts',(-18.0831797070499,15.0608029710206,-27.9951341578736));
#5981=CARTESIAN_POINT('Ctrl Pts',(-18.0830602418646,15.0621118646946,-27.5450720014184));
#5982=CARTESIAN_POINT('Ctrl Pts',(-18.0661106251997,15.0634206850222,-27.0957122281055));
#5983=CARTESIAN_POINT('Ctrl Pts',(-18.0326443145543,15.0647286383029,-26.6490185302758));
#5984=CARTESIAN_POINT('Ctrl Pts',(-18.0326363977317,15.0647289477136,-26.648912859985));
#5985=CARTESIAN_POINT('Ctrl Pts',(-18.0326284779916,15.0647292569269,-26.648807189955));
#5986=CARTESIAN_POINT('Ctrl Pts',(-18.0326205627421,15.0647295664801,-26.6487015192808));
#5987=CARTESIAN_POINT('Ctrl Pts',(-17.9681706656433,15.0672501018145,-25.7882783478334));
#5988=CARTESIAN_POINT('Ctrl Pts',(-17.8413846508341,15.0697648974319,-24.927992742202));
#5989=CARTESIAN_POINT('Ctrl Pts',(-17.653655787726,15.0722947160229,-24.0821032684803));
#5990=CARTESIAN_POINT('Ctrl Pts',(-17.4744019005642,14.0637168332012,-24.119886829324));
#5991=CARTESIAN_POINT('Ctrl Pts',(-17.6125077131595,14.0637145112622,-24.0884104455382));
#5992=CARTESIAN_POINT('Ctrl Pts',(-17.7506135257368,14.0637121893239,-24.0569340616735));
#5993=CARTESIAN_POINT('Ctrl Pts',(-17.8887193382961,14.0637098673863,-24.02545767773));
#5994=CARTESIAN_POINT('Ctrl Pts',(-17.4746157370372,14.3999104799092,-24.1208498591109));
#5995=CARTESIAN_POINT('Ctrl Pts',(-17.6127232843224,14.3999081555832,-24.0893810864521));
#5996=CARTESIAN_POINT('Ctrl Pts',(-17.7508308315896,14.3999058312578,-24.0579123137143));
#5997=CARTESIAN_POINT('Ctrl Pts',(-17.8889383788387,14.3999035069332,-24.0264435408974));
#5998=CARTESIAN_POINT('Ctrl Pts',(-17.474829823652,14.7361041224832,-24.1218143916389));
#5999=CARTESIAN_POINT('Ctrl Pts',(-17.6129391076729,14.7361017957727,-24.0903532419874));
#6000=CARTESIAN_POINT('Ctrl Pts',(-17.7510483916757,14.736099469063,-24.0588920922567));
#6001=CARTESIAN_POINT('Ctrl Pts',(-17.8891576756605,14.7360971423541,-24.0274309424468));
#6002=CARTESIAN_POINT('Ctrl Pts',(-17.4750441589314,15.0722977609352,-24.1227804237364));
#6003=CARTESIAN_POINT('Ctrl Pts',(-17.6131551817219,15.0722954318431,-24.0913269089475));
#6004=CARTESIAN_POINT('Ctrl Pts',(-17.7512662044945,15.0722931027517,-24.0598733940793));
#6005=CARTESIAN_POINT('Ctrl Pts',(-17.8893772272489,15.0722907736611,-24.0284198791317));
#6006=CARTESIAN_POINT('Ctrl Pts',(-17.4744019005642,14.0637168332056,-24.119886829324));
#6007=CARTESIAN_POINT('Ctrl Pts',(-17.5396845738521,14.1306297283975,-24.1052093059954));
#6008=CARTESIAN_POINT('Ctrl Pts',(-17.6049677481308,14.1975426157912,-24.0905339885947));
#6009=CARTESIAN_POINT('Ctrl Pts',(-17.7431657737126,14.3391894793264,-24.059472705006));
#6010=CARTESIAN_POINT('Ctrl Pts',(-17.8160807425947,14.4139234469895,-24.0430872865761));
#6011=CARTESIAN_POINT('Ctrl Pts',(-17.8889963411053,14.4886574096154,-24.0267046242526));
#6012=CARTESIAN_POINT('Ctrl Pts',(-17.6536557747991,15.0722947488438,-24.0821032714419));
#6013=CARTESIAN_POINT('Ctrl Pts',(-17.6343392285229,15.0722944280499,-24.0865024351783));
#6014=CARTESIAN_POINT('Ctrl Pts',(-17.6150227014377,15.0722941062011,-24.0909015945457));
#6015=CARTESIAN_POINT('Ctrl Pts',(-17.5554862227439,15.0722931109292,-24.1044604737837));
#6016=CARTESIAN_POINT('Ctrl Pts',(-17.5152644860253,15.0722924339214,-24.1136206002019));
#6017=CARTESIAN_POINT('Ctrl Pts',(-17.4750441551234,15.0722917522204,-24.1227804064655));
#6018=CARTESIAN_POINT('Ctrl Pts',(-17.891722405769,14.4656645850292,-31.9610028839298));
#6019=CARTESIAN_POINT('Ctrl Pts',(-18.0816549444608,14.468199816362,-31.1030837330437));
#6020=CARTESIAN_POINT('Ctrl Pts',(-18.2097006240546,14.4707119020364,-30.2307958171143));
#6021=CARTESIAN_POINT('Ctrl Pts',(-18.3081787267206,14.4745428814645,-28.9053088480324));
#6022=CARTESIAN_POINT('Ctrl Pts',(-18.3250908580212,14.4758525373506,-28.4496962296836));
#6023=CARTESIAN_POINT('Ctrl Pts',(-18.324766541812,14.4784716184616,-27.5373024963344));
#6024=CARTESIAN_POINT('Ctrl Pts',(-18.3075361990175,14.4797801990521,-27.0818473076756));
#6025=CARTESIAN_POINT('Ctrl Pts',(-18.2081525067625,14.4836108898159,-25.756637128345));
#6026=CARTESIAN_POINT('Ctrl Pts',(-18.079467423929,14.4861265631682,-24.884262904528));
#6027=CARTESIAN_POINT('Ctrl Pts',(-17.8889965613005,14.4886576350764,-24.0267045758045));
#6028=CARTESIAN_POINT('Ctrl Pts',(-17.7535069522536,14.3240198129786,-31.9300186784583));
#6029=CARTESIAN_POINT('Ctrl Pts',(-17.9419522937951,14.3265550322136,-31.0787311398177));
#6030=CARTESIAN_POINT('Ctrl Pts',(-18.0689915909762,14.3290671284425,-30.2131795225757));
#6031=CARTESIAN_POINT('Ctrl Pts',(-18.1666814477602,14.3328981075295,-28.8979362007778));
#6032=CARTESIAN_POINT('Ctrl Pts',(-18.1834534527762,14.3342077602149,-28.4458460922286));
#6033=CARTESIAN_POINT('Ctrl Pts',(-18.1831129970209,14.3368268409756,-27.5405049916914));
#6034=CARTESIAN_POINT('Ctrl Pts',(-18.1660066501783,14.3381354247879,-27.0885695036819));
#6035=CARTESIAN_POINT('Ctrl Pts',(-18.0673635374233,14.3419661171091,-25.7736042511565));
#6036=CARTESIAN_POINT('Ctrl Pts',(-17.939655577132,14.3444817793917,-24.9079797814587));
#6037=CARTESIAN_POINT('Ctrl Pts',(-17.7506395177263,14.3470128615663,-24.0570502622608));
#6038=CARTESIAN_POINT('Ctrl Pts',(-17.615291483722,14.1823750406365,-31.8990345412975));
#6039=CARTESIAN_POINT('Ctrl Pts',(-17.8022513035951,14.1849102476606,-31.0543789020456));
#6040=CARTESIAN_POINT('Ctrl Pts',(-17.9282831573923,14.1874223545655,-30.1955633065682));
#6041=CARTESIAN_POINT('Ctrl Pts',(-18.0251842315021,14.1912533332661,-28.8905636181647));
#6042=CARTESIAN_POINT('Ctrl Pts',(-18.0418162895124,14.1925629827677,-28.4419960390237));
#6043=CARTESIAN_POINT('Ctrl Pts',(-18.0414597910703,14.1951820631802,-27.5437075123728));
#6044=CARTESIAN_POINT('Ctrl Pts',(-18.0244770163175,14.1964906501984,-27.0952917699937));
#6045=CARTESIAN_POINT('Ctrl Pts',(-17.9265755894779,14.20032134412,-25.7905713652446));
#6046=CARTESIAN_POINT('Ctrl Pts',(-17.799846408401,14.2028369952815,-24.9316962430962));
#6047=CARTESIAN_POINT('Ctrl Pts',(-17.6122824893798,14.2053680877658,-24.0873960167971));
#6048=CARTESIAN_POINT('Ctrl Pts',(-17.4770759990897,14.0407302679743,-31.8680504774155));
#6049=CARTESIAN_POINT('Ctrl Pts',(-17.6625486289289,14.0432654629149,-31.0300264501572));
#6050=CARTESIAN_POINT('Ctrl Pts',(-17.7875741068914,14.0457775803621,-30.1779471557462));
#6051=CARTESIAN_POINT('Ctrl Pts',(-17.8836869456343,14.0496085587218,-28.8831911154377));
#6052=CARTESIAN_POINT('Ctrl Pts',(-17.9001788809479,14.0509182050264,-28.438146045786));
#6053=CARTESIAN_POINT('Ctrl Pts',(-17.8998062501441,14.0535372850892,-27.5469101518218));
#6054=CARTESIAN_POINT('Ctrl Pts',(-17.8829474749238,14.0548458753255,-27.1020141103833));
#6055=CARTESIAN_POINT('Ctrl Pts',(-17.7857866381216,14.0586765708025,-25.8075386319383));
#6056=CARTESIAN_POINT('Ctrl Pts',(-17.6600345861761,14.061192210907,-24.9554132613746));
#6057=CARTESIAN_POINT('Ctrl Pts',(-17.4739254773741,14.0637233136463,-24.1177418443552));
#6058=CARTESIAN_POINT('Ctrl Pts',(-17.4776030763153,14.0407374753211,-31.8656682095704));
#6059=CARTESIAN_POINT('Ctrl Pts',(-17.542813043141,14.1076482117551,-31.8806754669512));
#6060=CARTESIAN_POINT('Ctrl Pts',(-17.6080229080398,14.1745593600858,-31.8956849496556));
#6061=CARTESIAN_POINT('Ctrl Pts',(-17.7460617905244,14.3162006838513,-31.9274624055674));
#6062=CARTESIAN_POINT('Ctrl Pts',(-17.8188925340464,14.3909327583273,-31.9442313342448));
#6063=CARTESIAN_POINT('Ctrl Pts',(-17.8917219859891,14.4656641548232,-31.9610027897773));
#6064=CARTESIAN_POINT('Ctrl Pts',(-17.4769628154325,15.049311960709,-31.8685618448802));
#6065=CARTESIAN_POINT('Ctrl Pts',(-17.6150893369483,15.0493142865482,-31.899946919525));
#6066=CARTESIAN_POINT('Ctrl Pts',(-17.7532158584461,15.0493166123866,-31.931331994249));
#6067=CARTESIAN_POINT('Ctrl Pts',(-17.8913423799259,15.0493189382243,-31.9627170690521));
#6068=CARTESIAN_POINT('Ctrl Pts',(-17.4771763722175,14.713120376396,-31.8675970615553));
#6069=CARTESIAN_POINT('Ctrl Pts',(-17.6153046262885,14.7131227013496,-31.8989745111798));
#6070=CARTESIAN_POINT('Ctrl Pts',(-17.7534328803423,14.7131250263024,-31.9303519608814));
#6071=CARTESIAN_POINT('Ctrl Pts',(-17.8915611343773,14.7131273512546,-31.961729410664));
#6072=CARTESIAN_POINT('Ctrl Pts',(-17.4773897272205,14.3769288805401,-31.8666328114489));
#6073=CARTESIAN_POINT('Ctrl Pts',(-17.6155197122261,14.3769312053211,-31.8980026402649));
#6074=CARTESIAN_POINT('Ctrl Pts',(-17.7536496972145,14.3769335301015,-31.929372469158));
#6075=CARTESIAN_POINT('Ctrl Pts',(-17.8917796821843,14.3769358548811,-31.9607422981321));
#6076=CARTESIAN_POINT('Ctrl Pts',(-17.4776030763153,14.0407374753154,-31.8656682095704));
#6077=CARTESIAN_POINT('Ctrl Pts',(-17.6157347922242,14.0407398006331,-31.8970304147954));
#6078=CARTESIAN_POINT('Ctrl Pts',(-17.7538665081152,14.0407421259502,-31.9283926200995));
#6079=CARTESIAN_POINT('Ctrl Pts',(-17.8919982239882,14.0407444512666,-31.9597548254827));
#6080=CARTESIAN_POINT('Ctrl Pts',(-17.4769628154414,15.049311960709,-31.8685618448822));
#6081=CARTESIAN_POINT('Ctrl Pts',(-17.5171876710292,15.0493112829597,-31.8777017227072));
#6082=CARTESIAN_POINT('Ctrl Pts',(-17.5574139245702,15.0493106098629,-31.8868419181676));
#6083=CARTESIAN_POINT('Ctrl Pts',(-17.6169571293283,15.04930962032,-31.900371304613));
#6084=CARTESIAN_POINT('Ctrl Pts',(-17.6362758305656,15.0493093003209,-31.9047608932424));
#6085=CARTESIAN_POINT('Ctrl Pts',(-17.6555945542336,15.0493089813675,-31.9091504869669));
#6086=CARTESIAN_POINT('Ctrl Pts',(-17.4748234187497,15.0722947576118,-24.1217856578945));
#6087=CARTESIAN_POINT('Ctrl Pts',(-17.5344342115891,15.0722947546442,-24.1085582045216));
#6088=CARTESIAN_POINT('Ctrl Pts',(-17.5940450021981,15.0722947517221,-24.095330741098));
#6089=CARTESIAN_POINT('Ctrl Pts',(-17.6536557906439,15.0722947488438,-24.082103267926));
#6090=CARTESIAN_POINT('Ctrl Pts',(-17.6606732781543,15.0697646666561,-24.9592054572753));
#6091=CARTESIAN_POINT('Ctrl Pts',(-17.7209182609247,15.0697646637447,-24.9488345686841));
#6092=CARTESIAN_POINT('Ctrl Pts',(-17.7811622981029,15.0697646608783,-24.9384638360846));
#6093=CARTESIAN_POINT('Ctrl Pts',(-17.8414072774628,15.0697646580545,-24.9280929276731));
#6094=CARTESIAN_POINT('Ctrl Pts',(-17.786177860211,15.0672497461091,-25.8108788238627));
#6095=CARTESIAN_POINT('Ctrl Pts',(-17.8468506779058,15.0672497431354,-25.8034132586045));
#6096=CARTESIAN_POINT('Ctrl Pts',(-17.9075231409473,15.0672497402072,-25.7959477031091));
#6097=CARTESIAN_POINT('Ctrl Pts',(-17.9681959561552,15.067249737323,-25.7884821176789));
#6098=CARTESIAN_POINT('Ctrl Pts',(-17.8830963083457,15.0634198008406,-27.1049730681101));
#6099=CARTESIAN_POINT('Ctrl Pts',(-17.9440994693563,15.0634197978766,-27.1019219495005));
#6100=CARTESIAN_POINT('Ctrl Pts',(-18.0051026368499,15.0634197949582,-27.0988708196129));
#6101=CARTESIAN_POINT('Ctrl Pts',(-18.06610579685,15.0634197920834,-27.0958196807539));
#6102=CARTESIAN_POINT('Ctrl Pts',(-17.8998818520069,15.0621111093595,-27.5498976094106));
#6103=CARTESIAN_POINT('Ctrl Pts',(-17.9609422660502,15.0621111064143,-27.5483642141782));
#6104=CARTESIAN_POINT('Ctrl Pts',(-18.0220025548667,15.0621111035144,-27.5468308220565));
#6105=CARTESIAN_POINT('Ctrl Pts',(-18.0830629684019,15.0621111006578,-27.5452974066203));
#6106=CARTESIAN_POINT('Ctrl Pts',(-17.9001053614689,15.0594927190569,-28.4411398241398));
#6107=CARTESIAN_POINT('Ctrl Pts',(-17.9611664378031,15.059492716112,-28.4426466549045));
#6108=CARTESIAN_POINT('Ctrl Pts',(-18.0222273905884,15.0594927132124,-28.4441534635047));
#6109=CARTESIAN_POINT('Ctrl Pts',(-18.0832884674214,15.0594927103561,-28.4456602740664));
#6110=CARTESIAN_POINT('Ctrl Pts',(-17.8835396654398,15.0581838623086,-28.886160307392));
#6111=CARTESIAN_POINT('Ctrl Pts',(-17.9445441411778,15.058183859345,-28.8891851979837));
#6112=CARTESIAN_POINT('Ctrl Pts',(-18.0055486179245,15.0581838564271,-28.8922100803263));
#6113=CARTESIAN_POINT('Ctrl Pts',(-18.0665530946636,15.0581838535526,-28.8952349506694));
#6114=CARTESIAN_POINT('Ctrl Pts',(-17.7872506733454,15.0543538669302,-30.1803950173317));
#6115=CARTESIAN_POINT('Ctrl Pts',(-17.8479266530743,15.0543538639568,-30.1878348182485));
#6116=CARTESIAN_POINT('Ctrl Pts',(-17.9086022973011,15.0543538610289,-30.1952745908665));
#6117=CARTESIAN_POINT('Ctrl Pts',(-17.9692782795076,15.0543538581449,-30.2027143716111));
#6118=CARTESIAN_POINT('Ctrl Pts',(-17.6621846637149,15.0518393671619,-31.0320101434467));
#6119=CARTESIAN_POINT('Ctrl Pts',(-17.7224341144579,15.0518393642504,-31.0423549975245));
#6120=CARTESIAN_POINT('Ctrl Pts',(-17.7826826628294,15.0518393613839,-31.0526996836261));
#6121=CARTESIAN_POINT('Ctrl Pts',(-17.8429321169736,15.05183935856,-31.0630445178818));
#6122=CARTESIAN_POINT('Ctrl Pts',(-17.476745142519,15.049308990137,-31.869545092546));
#6123=CARTESIAN_POINT('Ctrl Pts',(-17.5363616197462,15.0493089871689,-31.8827469026));
#6124=CARTESIAN_POINT('Ctrl Pts',(-17.5959780991993,15.0493089842463,-31.8959487026013));
#6125=CARTESIAN_POINT('Ctrl Pts',(-17.6555945808114,15.0493089813675,-31.9091504928525));
#6126=CARTESIAN_POINT('Ctrl Pts',(3.9732953769972,14.4886573961252,-10.1110036534359));
#6127=CARTESIAN_POINT('Ctrl Pts',(3.11562811419815,14.4861260443775,-9.92050855726586));
#6128=CARTESIAN_POINT('Ctrl Pts',(2.24337359090653,14.4836103380907,-9.79184289284176));
#6129=CARTESIAN_POINT('Ctrl Pts',(1.37084833505284,14.4810881165285,-9.72641102348358));
#6130=CARTESIAN_POINT('Ctrl Pts',(1.37074125282291,14.4810878073363,-9.72640298846254));
#6131=CARTESIAN_POINT('Ctrl Pts',(0.917970679666135,14.4797795823712,-9.69244185845104));
#6132=CARTESIAN_POINT('Ctrl Pts',(0.462599811678773,14.478470685488,-9.67522605229233));
#6133=CARTESIAN_POINT('Ctrl Pts',(0.0064004313765097,14.4771612866554,-9.67506528620764));
#6134=CARTESIAN_POINT('Ctrl Pts',(0.00628011926565284,14.4771609412485,
-9.67506524457737));
#6135=CARTESIAN_POINT('Ctrl Pts',(-0.449931894334414,14.4758514978473,-9.67490976416523));
#6136=CARTESIAN_POINT('Ctrl Pts',(-0.905406959475664,14.4745420240644,-9.69181390402063));
#6137=CARTESIAN_POINT('Ctrl Pts',(-1.35825524911932,14.4732337267644,-9.72547009897638));
#6138=CARTESIAN_POINT('Ctrl Pts',(-1.35836251412138,14.4732334170842,-9.72547807393779));
#6139=CARTESIAN_POINT('Ctrl Pts',(-2.2309727076905,14.4707112377997,-9.79031796289753));
#6140=CARTESIAN_POINT('Ctrl Pts',(-3.10321661340032,14.4681972525026,-9.91837651846193));
#6141=CARTESIAN_POINT('Ctrl Pts',(-3.96100279203754,14.4656641289373,-10.1082780035149));
#6142=CARTESIAN_POINT('Ctrl Pts',(3.95531018952442,14.6832046308182,-10.1895572917616));
#6143=CARTESIAN_POINT('Ctrl Pts',(3.10141392765592,14.680673305795,-9.9999257429));
#6144=CARTESIAN_POINT('Ctrl Pts',(2.23298614176435,14.6781574934267,-9.87184955205738));
#6145=CARTESIAN_POINT('Ctrl Pts',(1.36429651676475,14.6756352338493,-9.80673035797799));
#6146=CARTESIAN_POINT('Ctrl Pts',(1.36418990523066,14.6756349246704,-9.80672236317152));
#6147=CARTESIAN_POINT('Ctrl Pts',(0.913409727766619,14.6743266804396,-9.77292358952076));
#6148=CARTESIAN_POINT('Ctrl Pts',(0.460042542948665,14.6730177844992,-9.75579655557554));
#6149=CARTESIAN_POINT('Ctrl Pts',(0.00584932392524284,14.6717084344868,
-9.75564952908402));
#6150=CARTESIAN_POINT('Ctrl Pts',(0.00572954088011203,14.6717080890902,
-9.75564949145904));
#6151=CARTESIAN_POINT('Ctrl Pts',(-0.448476254889393,14.6703986944171,-9.75550776572293));
#6152=CARTESIAN_POINT('Ctrl Pts',(-0.90194952094313,14.6690893159583,-9.77235074148587));
#6153=CARTESIAN_POINT('Ctrl Pts',(-1.35280574285279,14.6677809936029,-9.80587189764339));
#6154=CARTESIAN_POINT('Ctrl Pts',(-1.35291253731204,14.6677806839319,-9.80587983426522));
#6155=CARTESIAN_POINT('Ctrl Pts',(-2.22168407941583,14.6652584554275,-9.870459980397));
#6156=CARTESIAN_POINT('Ctrl Pts',(-3.09008325452283,14.6627439814254,-9.99797889082106));
#6157=CARTESIAN_POINT('Ctrl Pts',(-3.94409674132587,14.6602113050896,-10.1870708782077));
#6158=CARTESIAN_POINT('Ctrl Pts',(3.93732504226293,14.8777518656803,-10.268110938877));
#6159=CARTESIAN_POINT('Ctrl Pts',(3.08719988260448,14.8752205645069,-10.0793424095842));
#6160=CARTESIAN_POINT('Ctrl Pts',(2.22259871133149,14.8727046499278,-9.95185586150845));
#6161=CARTESIAN_POINT('Ctrl Pts',(1.35774474249045,14.8701823553598,-9.88704971254934));
#6162=CARTESIAN_POINT('Ctrl Pts',(1.3576386017803,14.8701820461407,-9.88704175250134));
#6163=CARTESIAN_POINT('Ctrl Pts',(0.908848822126926,14.8688737828366,-9.85340524212807));
#6164=CARTESIAN_POINT('Ctrl Pts',(0.457485311926538,14.8675648872693,-9.83636698279488));
#6165=CARTESIAN_POINT('Ctrl Pts',(0.00529825668439115,14.8662555856906,
-9.83623378172673));
#6166=CARTESIAN_POINT('Ctrl Pts',(0.00517900274568078,14.8662552403118,
-9.83623374698444));
#6167=CARTESIAN_POINT('Ctrl Pts',(-0.447020576041253,14.8649458938888,-9.83610574761934));
#6168=CARTESIAN_POINT('Ctrl Pts',(-0.898492052187499,14.8636366086571,-9.85288754552593));
#6169=CARTESIAN_POINT('Ctrl Pts',(-1.34735620066355,14.8623282609779,-9.88627370185972));
#6170=CARTESIAN_POINT('Ctrl Pts',(-1.34746252064429,14.8623279512709,-9.88628161914817));
#6171=CARTESIAN_POINT('Ctrl Pts',(-2.21239553400462,14.8598056753337,-9.95060100529227));
#6172=CARTESIAN_POINT('Ctrl Pts',(-3.07695019782497,14.8572907117294,-10.0775797625012));
#6173=CARTESIAN_POINT('Ctrl Pts',(-3.92719065020958,14.8547584814126,-10.2658637438113));
#6174=CARTESIAN_POINT('Ctrl Pts',(3.91933993684227,15.0722991007205,-10.3466645951324));
#6175=CARTESIAN_POINT('Ctrl Pts',(3.07298577793616,15.0697678262641,-10.1587596090176));
#6176=CARTESIAN_POINT('Ctrl Pts',(2.2122113454292,15.0672518056104,-10.0318625307204));
#6177=CARTESIAN_POINT('Ctrl Pts',(1.35119300779315,15.064729473027,-9.96736905302619));
#6178=CARTESIAN_POINT('Ctrl Pts',(1.35108733777883,15.0647291638213,-9.96736113319264));
#6179=CARTESIAN_POINT('Ctrl Pts',(0.904287953989872,15.0634208812514,-9.93388697710808));
#6180=CARTESIAN_POINT('Ctrl Pts',(0.454928126834236,15.0621119866251,-9.91693748790237));
#6181=CARTESIAN_POINT('Ctrl Pts',(0.0047472329236479,15.0608027338669,-9.91681802434581));
#6182=CARTESIAN_POINT('Ctrl Pts',(0.00462850805067706,15.0608023884985,
-9.91681799360821));
#6183=CARTESIAN_POINT('Ctrl Pts',(-0.445564852853689,15.0594930908041,-9.91670374683754));
#6184=CARTESIAN_POINT('Ctrl Pts',(-0.89503452981315,15.0581839008982,-9.93342437855429));
#6185=CARTESIAN_POINT('Ctrl Pts',(-1.34190661088777,15.0568755281627,-9.96667549403185));
#6186=CARTESIAN_POINT('Ctrl Pts',(-1.34201246032568,15.0568752184649,-9.96668337298061));
#6187=CARTESIAN_POINT('Ctrl Pts',(-2.20310682285434,15.0543528933061,-10.0307430123082));
#6188=CARTESIAN_POINT('Ctrl Pts',(-3.06381675726806,15.0518374409911,-10.157182120612));
#6189=CARTESIAN_POINT('Ctrl Pts',(-3.91028451705817,15.0493056579156,-10.344656599953));
#6190=CARTESIAN_POINT('',(-3.90915048696678,15.0493089813675,-10.3444054457664));
#6191=CARTESIAN_POINT('',(-3.96100278977987,14.4656641548125,-10.1082780139986));
#6192=CARTESIAN_POINT('Ctrl Pts',(-3.90915048696747,15.0493089813686,-10.3444054457639));
#6193=CARTESIAN_POINT('Ctrl Pts',(-3.91779621958438,14.952035054269,-10.3050517976628));
#6194=CARTESIAN_POINT('Ctrl Pts',(-3.92644024259895,14.8547597010356,-10.2656971562417));
#6195=CARTESIAN_POINT('Ctrl Pts',(-3.94372418452037,14.6602133758011,-10.1869888043527));
#6196=CARTESIAN_POINT('Ctrl Pts',(-3.95236448869199,14.5629380673107,-10.1476333394549));
#6197=CARTESIAN_POINT('Ctrl Pts',(-3.96100278978093,14.4656641548175,-10.1082780139949));
#6198=CARTESIAN_POINT('',(3.97329537574977,14.4886574096036,-10.1110036588836));
#6199=CARTESIAN_POINT('Ctrl Pts',(-3.96100278977913,14.4656641548352,-10.108278014002));
#6200=CARTESIAN_POINT('Ctrl Pts',(-3.10321661164667,14.4681972784004,-9.9183765290577));
#6201=CARTESIAN_POINT('Ctrl Pts',(-2.23097270645134,14.4707112636975,-9.79031797356573));
#6202=CARTESIAN_POINT('Ctrl Pts',(-1.35846977891254,14.4732331329434,-9.72548605507732));
#6203=CARTESIAN_POINT('Ctrl Pts',(-1.35836251339588,14.473233442982,-9.72547808464076));
#6204=CARTESIAN_POINT('Ctrl Pts',(-1.35825524839389,14.4732337526622,-9.72547010967935));
#6205=CARTESIAN_POINT('Ctrl Pts',(-1.35814798296953,14.4732340625564,-9.72546213759219));
#6206=CARTESIAN_POINT('Ctrl Pts',(-0.905406959015414,14.4745420499623,-9.69181391474158));
#6207=CARTESIAN_POINT('Ctrl Pts',(-0.449931894140641,14.4758515237452,-9.67490977489432));
#6208=CARTESIAN_POINT('Ctrl Pts',(0.00615980701902987,14.4771606218201,
-9.67506521430136));
#6209=CARTESIAN_POINT('Ctrl Pts',(0.00628011919236072,14.4771609671463,
-9.67506525530463));
#6210=CARTESIAN_POINT('Ctrl Pts',(0.00640043130314692,14.4771613125533,
-9.67506529693491));
#6211=CARTESIAN_POINT('Ctrl Pts',(0.00652074337615438,14.4771616578771,
-9.67506533933326));
#6212=CARTESIAN_POINT('Ctrl Pts',(0.462599811338353,14.4784707113858,-9.67522606301777));
#6213=CARTESIAN_POINT('Ctrl Pts',(0.917970679058987,14.479779608269,-9.69244186916465));
#6214=CARTESIAN_POINT('Ctrl Pts',(1.37063416944018,14.4810875238324,-9.72639496717703));
#6215=CARTESIAN_POINT('Ctrl Pts',(1.3707412519508,14.4810878332341,-9.72640299915455));
#6216=CARTESIAN_POINT('Ctrl Pts',(1.37084833418067,14.4810881424264,-9.72641103417557));
#6217=CARTESIAN_POINT('Ctrl Pts',(1.37095541708998,14.4810884519725,-9.72641906447027));
#6218=CARTESIAN_POINT('Ctrl Pts',(2.24337358952368,14.4836103639886,-9.79184290349212));
#6219=CARTESIAN_POINT('Ctrl Pts',(3.1156281123058,14.4861260702753,-9.92050856783774));
#6220=CARTESIAN_POINT('Ctrl Pts',(3.97329537460278,14.4886574220231,-10.1110036638927));
#6221=CARTESIAN_POINT('',(3.91789672855773,15.0722947488438,-10.3463442252014));
#6222=CARTESIAN_POINT('Ctrl Pts',(3.97329537575099,14.4886574096056,-10.1110036588789));
#6223=CARTESIAN_POINT('Ctrl Pts',(3.96405875914293,14.5859302808962,-10.1502262675542));
#6224=CARTESIAN_POINT('Ctrl Pts',(3.95482389632746,14.6832031490994,-10.1894492804709));
#6225=CARTESIAN_POINT('Ctrl Pts',(3.93635767811117,14.8777489365502,-10.2678961387283));
#6226=CARTESIAN_POINT('Ctrl Pts',(3.9271263243412,14.9750218386276,-10.3071199771459));
#6227=CARTESIAN_POINT('Ctrl Pts',(3.91789672855848,15.0722947488452,-10.3463442251989));
#6228=CARTESIAN_POINT('Ctrl Pts',(3.91789672848842,15.072294748828,-10.3463442255167));
#6229=CARTESIAN_POINT('Ctrl Pts',(3.07200725580656,15.0697649304662,-10.1586153585964));
#6230=CARTESIAN_POINT('Ctrl Pts',(2.21172200641475,15.0672503365035,-10.0318258626268));
#6231=CARTESIAN_POINT('Ctrl Pts',(1.35129867968514,15.0647297469924,-9.96737695345911));
#6232=CARTESIAN_POINT('Ctrl Pts',(1.35119300899186,15.0647294374326,-9.96736903833094));
#6233=CARTESIAN_POINT('Ctrl Pts',(1.35108733897745,15.0647291282269,-9.96736111849738));
#6234=CARTESIAN_POINT('Ctrl Pts',(1.3509816686829,15.0647288188115,-9.96735320169162));
#6235=CARTESIAN_POINT('Ctrl Pts',(0.90428795482433,15.063420845657,-9.93388696238312));
#6236=CARTESIAN_POINT('Ctrl Pts',(0.454928127302099,15.0621119510307,-9.91693747316116));
#6237=CARTESIAN_POINT('Ctrl Pts',(0.00486595786055301,15.0608030435578,
-9.91681804110785));
#6238=CARTESIAN_POINT('Ctrl Pts',(0.00474723302446352,15.0608026982725,
-9.91681800960209));
#6239=CARTESIAN_POINT('Ctrl Pts',(0.00462850815139619,15.0608023529041,
-9.91681797886448));
#6240=CARTESIAN_POINT('Ctrl Pts',(0.00450978321621122,15.0608020076163,
-9.91681794873534));
#6241=CARTESIAN_POINT('Ctrl Pts',(-0.445564853120028,15.0594930552096,-9.9167037320913));
#6242=CARTESIAN_POINT('Ctrl Pts',(-0.895034530445741,15.0581838653037,-9.93342436381924));
#6243=CARTESIAN_POINT('Ctrl Pts',(-1.34180076203495,15.0568758024803,-9.96666760318485));
#6244=CARTESIAN_POINT('Ctrl Pts',(-1.34190661188483,15.0568754925682,-9.96667547932151));
#6245=CARTESIAN_POINT('Ctrl Pts',(-1.34201246132282,15.0568751828704,-9.96668335827028));
#6246=CARTESIAN_POINT('Ctrl Pts',(-1.34211831125731,15.0568748728139,-9.96669123279475));
#6247=CARTESIAN_POINT('Ctrl Pts',(-2.20272233080042,15.0543539839741,-10.0307143938916));
#6248=CARTESIAN_POINT('Ctrl Pts',(-3.06304802091931,15.0518396520615,-10.1570691900437));
#6249=CARTESIAN_POINT('Ctrl Pts',(-3.90915048407625,15.0493090141852,-10.3444054592383));
#6250=CARTESIAN_POINT('Ctrl Pts',(3.88011317067599,14.0637168332013,-10.5255980994359));
#6251=CARTESIAN_POINT('Ctrl Pts',(3.91158955446179,14.0637145112623,-10.3874922868406));
#6252=CARTESIAN_POINT('Ctrl Pts',(3.94306593832644,14.0637121893239,-10.2493864742633));
#6253=CARTESIAN_POINT('Ctrl Pts',(3.97454232226993,14.0637098673864,-10.1112806617039));
#6254=CARTESIAN_POINT('Ctrl Pts',(3.87915014088903,14.3999104799093,-10.5253842629628));
#6255=CARTESIAN_POINT('Ctrl Pts',(3.91061891354785,14.3999081555832,-10.3872767156777));
#6256=CARTESIAN_POINT('Ctrl Pts',(3.94208768628568,14.3999058312579,-10.2491691684105));
#6257=CARTESIAN_POINT('Ctrl Pts',(3.97355645910252,14.3999035069333,-10.1110616211613));
#6258=CARTESIAN_POINT('Ctrl Pts',(3.8781856083611,14.7361041224832,-10.525170176348));
#6259=CARTESIAN_POINT('Ctrl Pts',(3.9096467580126,14.7361017957728,-10.3870608923272));
#6260=CARTESIAN_POINT('Ctrl Pts',(3.94110790774327,14.7360994690631,-10.2489516083243));
#6261=CARTESIAN_POINT('Ctrl Pts',(3.97256905755313,14.7360971423541,-10.1108423243395));
#6262=CARTESIAN_POINT('Ctrl Pts',(3.87721957626361,15.0722977609353,-10.5249558410687));
#6263=CARTESIAN_POINT('Ctrl Pts',(3.90867309105249,15.0722954318432,-10.3868448182781));
#6264=CARTESIAN_POINT('Ctrl Pts',(3.94012660592071,15.0722931027518,-10.2487337955056));
#6265=CARTESIAN_POINT('Ctrl Pts',(3.97158012086827,15.0722907736611,-10.1106227727512));
#6266=CARTESIAN_POINT('Ctrl Pts',(3.88011317067598,14.0637168332057,-10.5255980994359));
#6267=CARTESIAN_POINT('Ctrl Pts',(3.89479069401664,14.1306297284525,-10.4603154260944));
#6268=CARTESIAN_POINT('Ctrl Pts',(3.90946601141147,14.1975426158195,-10.3950322518417));
#6269=CARTESIAN_POINT('Ctrl Pts',(3.94052729500056,14.3391894793568,-10.2568342262578));
#6270=CARTESIAN_POINT('Ctrl Pts',(3.95691271342764,14.4139234470066,-10.1839192573887));
#6271=CARTESIAN_POINT('Ctrl Pts',(3.97329537574736,14.4886574096155,-10.1110036588947));
#6272=CARTESIAN_POINT('Ctrl Pts',(3.91789672855791,15.0722947488438,-10.3463442252014));
#6273=CARTESIAN_POINT('Ctrl Pts',(3.91349756401601,15.0722944280499,-10.3656607750148));
#6274=CARTESIAN_POINT('Ctrl Pts',(3.90909840506729,15.0722941062011,-10.3849773002615));
#6275=CARTESIAN_POINT('Ctrl Pts',(3.89553953941283,15.0722931109302,-10.4445137193106));
#6276=CARTESIAN_POINT('Ctrl Pts',(3.88637940647367,15.072292433922,-10.4847354846625));
#6277=CARTESIAN_POINT('Ctrl Pts',(3.87721959353447,15.0722917522205,-10.5249558448767));
#6278=CARTESIAN_POINT('Ctrl Pts',(-3.96100288392985,14.4656645850293,-10.1082775942311));
#6279=CARTESIAN_POINT('Ctrl Pts',(-3.10308373304381,14.468199816362,-9.91834505553927));
#6280=CARTESIAN_POINT('Ctrl Pts',(-2.23079600527553,14.470711817257,-9.79029555523881));
#6281=CARTESIAN_POINT('Ctrl Pts',(-0.905308860210715,14.4745428672375,-9.69181780410783));
#6282=CARTESIAN_POINT('Ctrl Pts',(-0.449696225566954,14.475852526205,-9.67490546943863));
#6283=CARTESIAN_POINT('Ctrl Pts',(0.462697581121185,14.4784716294635,-9.67522976859399));
#6284=CARTESIAN_POINT('Ctrl Pts',(0.918152782065303,14.4797802131414,-9.69246031013865));
#6285=CARTESIAN_POINT('Ctrl Pts',(2.24336313775272,14.4836109744724,-9.79184352658375));
#6286=CARTESIAN_POINT('Ctrl Pts',(3.11573709547196,14.4861265631683,-9.92053257607109));
#6287=CARTESIAN_POINT('Ctrl Pts',(3.97329542419544,14.4886576350764,-10.1110034386996));
#6288=CARTESIAN_POINT('Ctrl Pts',(-3.93001867845833,14.3240198129787,-10.2464930477464));
#6289=CARTESIAN_POINT('Ctrl Pts',(-3.07873113981777,14.3265550322137,-10.058047706205));
#6290=CARTESIAN_POINT('Ctrl Pts',(-2.21317971073694,14.329067043663,-9.93100458831719));
#6291=CARTESIAN_POINT('Ctrl Pts',(-0.897936212956176,14.3328980933024,-9.83331508306821));
#6292=CARTESIAN_POINT('Ctrl Pts',(-0.445846088111878,14.3342077490693,-9.81654287468365));
#6293=CARTESIAN_POINT('Ctrl Pts',(0.459495085764171,14.3368268519775,-9.81688331338511));
#6294=CARTESIAN_POINT('Ctrl Pts',(0.911430586058943,14.3381354388772,-9.83398985897782));
#6295=CARTESIAN_POINT('Ctrl Pts',(2.22639601494127,14.3419662017656,-9.93263249592303));
#6296=CARTESIAN_POINT('Ctrl Pts',(3.09202021854132,14.3444817793917,-10.060344422868));
#6297=CARTESIAN_POINT('Ctrl Pts',(3.94294973773911,14.3470128615664,-10.2493604822738));
#6298=CARTESIAN_POINT('Ctrl Pts',(-3.89903454129757,14.1823750406366,-10.384708516278));
#6299=CARTESIAN_POINT('Ctrl Pts',(-3.05437890204565,14.1849102476607,-10.197748696405));
#6300=CARTESIAN_POINT('Ctrl Pts',(-2.19556349368822,14.1874222697913,-10.0717131033551));
#6301=CARTESIAN_POINT('Ctrl Pts',(-0.890563633086253,14.1912533190448,-9.97481237853704));
#6302=CARTESIAN_POINT('Ctrl Pts',(-0.441996038209422,14.192562971628,-9.95818012213071));
#6303=CARTESIAN_POINT('Ctrl Pts',(0.456292560066898,14.195182074188,-9.95853660576669));
#6304=CARTESIAN_POINT('Ctrl Pts',(0.904708314619324,14.1964906642933,-9.97551957492208));
#6305=CARTESIAN_POINT('Ctrl Pts',(2.20942889129252,14.2003214287809,-10.0734205429051));
#6306=CARTESIAN_POINT('Ctrl Pts',(3.06830375690376,14.2028369952815,-10.200153591599));
#6307=CARTESIAN_POINT('Ctrl Pts',(3.91260398320284,14.2053680877659,-10.3877175106202));
#6308=CARTESIAN_POINT('Ctrl Pts',(-3.86805047741557,14.0407302679743,-10.5229240009103));
#6309=CARTESIAN_POINT('Ctrl Pts',(-3.0300264501573,14.043265462915,-10.3374513710711));
#6310=CARTESIAN_POINT('Ctrl Pts',(-2.17794734286617,14.0457774955879,-10.212422153856));
#6311=CARTESIAN_POINT('Ctrl Pts',(-0.883191130359291,14.0496085445005,-10.1163096644049));
#6312=CARTESIAN_POINT('Ctrl Pts',(-0.438146044971716,14.0509181938867,-10.0998175306952));
#6313=CARTESIAN_POINT('Ctrl Pts',(0.453089920617881,14.0535372960969,-10.1001901466929));
#6314=CARTESIAN_POINT('Ctrl Pts',(0.897985974229714,14.0548458894204,-10.1170491163158));
#6315=CARTESIAN_POINT('Ctrl Pts',(2.1924616245988,14.0586766554634,-10.2142094942614));
#6316=CARTESIAN_POINT('Ctrl Pts',(3.04458673862535,14.061192210907,-10.3399654138239));
#6317=CARTESIAN_POINT('Ctrl Pts',(3.88225815564472,14.0637233136464,-10.526074522626));
#6318=CARTESIAN_POINT('Ctrl Pts',(-3.86566820957048,14.0407374753211,-10.5223969236847));
#6319=CARTESIAN_POINT('Ctrl Pts',(-3.88067546696546,14.1076482118185,-10.4571869567973));
#6320=CARTESIAN_POINT('Ctrl Pts',(-3.89568494966232,14.1745593601156,-10.3919770919313));
#6321=CARTESIAN_POINT('Ctrl Pts',(-3.92746240555986,14.3162006838177,-10.2539382095084));
#6322=CARTESIAN_POINT('Ctrl Pts',(-3.94423133424059,14.3909327583082,-10.1811074659724));
#6323=CARTESIAN_POINT('Ctrl Pts',(-3.96100278977735,14.4656641548233,-10.1082780140109));
#6324=CARTESIAN_POINT('Ctrl Pts',(-3.8685618448802,15.0493119607091,-10.5230371845676));
#6325=CARTESIAN_POINT('Ctrl Pts',(-3.89994691952504,15.0493142865482,-10.3849106630518));
#6326=CARTESIAN_POINT('Ctrl Pts',(-3.93133199424901,15.0493166123866,-10.246784141554));
#6327=CARTESIAN_POINT('Ctrl Pts',(-3.9627170690521,15.0493189382243,-10.1086576200741));
#6328=CARTESIAN_POINT('Ctrl Pts',(-3.86759706155538,14.7131203763961,-10.5228236277825));
#6329=CARTESIAN_POINT('Ctrl Pts',(-3.89897451117985,14.7131227013496,-10.3846953737115));
#6330=CARTESIAN_POINT('Ctrl Pts',(-3.9303519608814,14.7131250263025,-10.2465671196578));
#6331=CARTESIAN_POINT('Ctrl Pts',(-3.961729410664,14.7131273512546,-10.1084388656227));
#6332=CARTESIAN_POINT('Ctrl Pts',(-3.86663281144899,14.3769288805401,-10.5226102727796));
#6333=CARTESIAN_POINT('Ctrl Pts',(-3.89800264026498,14.3769312053212,-10.384480287774));
#6334=CARTESIAN_POINT('Ctrl Pts',(-3.92937246915804,14.3769335301015,-10.2463503027855));
#6335=CARTESIAN_POINT('Ctrl Pts',(-3.96074229813214,14.3769358548811,-10.1082203178158));
#6336=CARTESIAN_POINT('Ctrl Pts',(-3.86566820957045,14.0407374753154,-10.5223969236847));
#6337=CARTESIAN_POINT('Ctrl Pts',(-3.89703041479545,14.0407398006332,-10.3842652077758));
#6338=CARTESIAN_POINT('Ctrl Pts',(-3.92839262009955,14.0407421259503,-10.2461334918849));
#6339=CARTESIAN_POINT('Ctrl Pts',(-3.95975482548273,14.0407444512666,-10.1080017760119));
#6340=CARTESIAN_POINT('Ctrl Pts',(-3.90915048696697,15.0493089813675,-10.3444054457661));
#6341=CARTESIAN_POINT('Ctrl Pts',(-3.90476089454173,15.0493093003208,-10.3637241637162));
#6342=CARTESIAN_POINT('Ctrl Pts',(-3.90037130523711,15.04930962032,-10.3830428679251));
#6343=CARTESIAN_POINT('Ctrl Pts',(-3.88684191766968,15.049310609863,-10.4425860776215));
#6344=CARTESIAN_POINT('Ctrl Pts',(-3.87770172245496,15.0493112829598,-10.4828123300813));
#6345=CARTESIAN_POINT('Ctrl Pts',(-3.86856184488224,15.0493119607091,-10.5230371845586));
#6346=CARTESIAN_POINT('Ctrl Pts',(3.87821434210569,15.0722947576119,-10.5251765812505));
#6347=CARTESIAN_POINT('Ctrl Pts',(3.8914417954786,15.0722947546443,-10.465565788411));
#6348=CARTESIAN_POINT('Ctrl Pts',(3.90466925890224,15.0722947517222,-10.405954997802));
#6349=CARTESIAN_POINT('Ctrl Pts',(3.91789673207422,15.0722947488438,-10.3463442093562));
#6350=CARTESIAN_POINT('Ctrl Pts',(3.04079454272479,15.0697646666561,-10.3393267218457));
#6351=CARTESIAN_POINT('Ctrl Pts',(3.05116543131604,15.0697646637448,-10.2790817390754));
#6352=CARTESIAN_POINT('Ctrl Pts',(3.06153616391551,15.0697646608783,-10.2188377018972));
#6353=CARTESIAN_POINT('Ctrl Pts',(3.07190707232698,15.0697646580545,-10.1585927225373));
#6354=CARTESIAN_POINT('Ctrl Pts',(2.18912139717977,15.0672498256452,-10.2138185418339));
#6355=CARTESIAN_POINT('Ctrl Pts',(2.19658696243801,15.0672498226715,-10.153145724139));
#6356=CARTESIAN_POINT('Ctrl Pts',(2.20405252021389,15.0672498197433,-10.0924732242418));
#6357=CARTESIAN_POINT('Ctrl Pts',(2.21151810564408,15.067249816859,-10.031800409034));
#6358=CARTESIAN_POINT('Ctrl Pts',(0.89502699426565,15.0634198142914,-10.1169004767711));
#6359=CARTESIAN_POINT('Ctrl Pts',(0.8980781128752,15.0634198113274,-10.0558973157604));
#6360=CARTESIAN_POINT('Ctrl Pts',(0.901129243418229,15.0634198084091,-9.99489411536091));
#6361=CARTESIAN_POINT('Ctrl Pts',(0.904180382277263,15.0634198055342,-9.93389095536083));
#6362=CARTESIAN_POINT('Ctrl Pts',(0.450102440722411,15.0621111198701,-10.1001147496834));
#6363=CARTESIAN_POINT('Ctrl Pts',(0.4516358359548,15.062111116925,-10.0390543356401));
#6364=CARTESIAN_POINT('Ctrl Pts',(0.453169228607634,15.0621111140251,-9.97799401204176));
#6365=CARTESIAN_POINT('Ctrl Pts',(0.454702644043752,15.0621111111685,-9.91693359850662));
#6366=CARTESIAN_POINT('Ctrl Pts',(-0.441139840385101,15.0594927087613,-10.0998912463219));
#6367=CARTESIAN_POINT('Ctrl Pts',(-0.442646671149762,15.0594927058164,-10.0388301699877));
#6368=CARTESIAN_POINT('Ctrl Pts',(-0.444153479898176,15.0594927029168,-9.97776918249233));
#6369=CARTESIAN_POINT('Ctrl Pts',(-0.44566029045984,15.0594927000605,-9.91670810565939));
#6370=CARTESIAN_POINT('Ctrl Pts',(-0.886160337508019,15.0581838490604,-10.1164571274523));
#6371=CARTESIAN_POINT('Ctrl Pts',(-0.889185228099764,15.0581838460968,-10.0554526517143));
#6372=CARTESIAN_POINT('Ctrl Pts',(-0.892210110733402,15.0581838431788,-9.99444814215314));
#6373=CARTESIAN_POINT('Ctrl Pts',(-0.895234981076533,15.0581838403043,-9.93344366541403));
#6374=CARTESIAN_POINT('Ctrl Pts',(-2.18039520655421,15.0543537876323,-10.2127457858839));
#6375=CARTESIAN_POINT('Ctrl Pts',(-2.18783500747103,15.0543537846588,-10.152069806155));
#6376=CARTESIAN_POINT('Ctrl Pts',(-2.19527478200706,15.0543537817309,-10.0913941257286));
#6377=CARTESIAN_POINT('Ctrl Pts',(-2.20271456275166,15.0543537788469,-10.0307181435221));
#6378=CARTESIAN_POINT('Ctrl Pts',(-3.03201014344662,15.0518393671619,-10.3378153362851));
#6379=CARTESIAN_POINT('Ctrl Pts',(-3.0423549975245,15.0518393642505,-10.2775658855422));
#6380=CARTESIAN_POINT('Ctrl Pts',(-3.05269968362608,15.0518393613839,-10.2173173371706));
#6381=CARTESIAN_POINT('Ctrl Pts',(-3.06304451788177,15.05183935856,-10.1570678830265));
#6382=CARTESIAN_POINT('Ctrl Pts',(-3.86954509254596,15.0493089901371,-10.523254857481));
#6383=CARTESIAN_POINT('Ctrl Pts',(-3.88274690259992,15.0493089871689,-10.4636383802538));
#6384=CARTESIAN_POINT('Ctrl Pts',(-3.89594870260126,15.0493089842464,-10.4040219008007));
#6385=CARTESIAN_POINT('Ctrl Pts',(-3.90915049285242,15.0493089813675,-10.3444054191886));
#6386=CARTESIAN_POINT('Ctrl Pts',(17.8889963465641,14.4886573961253,-31.9732953769973));
#6387=CARTESIAN_POINT('Ctrl Pts',(18.0794914427341,14.4861260443775,-31.1156281141982));
#6388=CARTESIAN_POINT('Ctrl Pts',(18.2081533483103,14.4836099523744,-30.243372874417));
#6389=CARTESIAN_POINT('Ctrl Pts',(18.2735861714696,14.4810877540844,-29.3708477186758));
#6390=CARTESIAN_POINT('Ctrl Pts',(18.2735942064,14.481087444887,-29.3707406364314));
#6391=CARTESIAN_POINT('Ctrl Pts',(18.307555408091,14.4797792399465,-28.917970101599));
#6392=CARTESIAN_POINT('Ctrl Pts',(18.324771342633,14.4784704178565,-28.4625994048009));
#6393=CARTESIAN_POINT('Ctrl Pts',(18.3249321404464,14.4771610315227,-28.0064000604876));
#6394=CARTESIAN_POINT('Ctrl Pts',(18.3249321820739,14.4771606861083,-28.0062797483611));
#6395=CARTESIAN_POINT('Ctrl Pts',(18.3250876463221,14.4758512717976,-27.5500677861838));
#6396=CARTESIAN_POINT('Ctrl Pts',(18.3081834662887,14.4745419429463,-27.0945929513638));
#6397=CARTESIAN_POINT('Ctrl Pts',(18.2745272199789,14.4732336770637,-26.6417447103026));
#6398=CARTESIAN_POINT('Ctrl Pts',(18.2745192451028,14.4732333673713,-26.6416374452768));
#6399=CARTESIAN_POINT('Ctrl Pts',(18.2096784286869,14.4707112746159,-25.7690274440648));
#6400=CARTESIAN_POINT('Ctrl Pts',(18.081623481538,14.4681972525026,-24.8967833865998));
#6401=CARTESIAN_POINT('Ctrl Pts',(17.891721996485,14.4656641289374,-24.0389972079625));
#6402=CARTESIAN_POINT('Ctrl Pts',(17.8104427082383,14.6832046308183,-31.9553101895245));
#6403=CARTESIAN_POINT('Ctrl Pts',(18.0000742571,14.6806733057951,-31.1014139276559));
#6404=CARTESIAN_POINT('Ctrl Pts',(18.1281466890946,14.6781571077104,-30.2329854252748));
#6405=CARTESIAN_POINT('Ctrl Pts',(18.1932668369752,14.6756348714051,-29.3642959003877));
#6406=CARTESIAN_POINT('Ctrl Pts',(18.1932748316911,14.6756345622211,-29.3641892888392));
#6407=CARTESIAN_POINT('Ctrl Pts',(18.2270736770213,14.6743263380149,-28.9134091496995));
#6408=CARTESIAN_POINT('Ctrl Pts',(18.2442008393498,14.6730175168677,-28.4600421360708));
#6409=CARTESIAN_POINT('Ctrl Pts',(18.24434789757,14.6717081793541,-28.0058489530363));
#6410=CARTESIAN_POINT('Ctrl Pts',(18.2443479351922,14.67170783395,-28.0057291699756));
#6411=CARTESIAN_POINT('Ctrl Pts',(18.2444896447644,14.6703984683674,-27.5515234256289));
#6412=CARTESIAN_POINT('Ctrl Pts',(18.2276466288234,14.6690892348401,-27.0980503898963));
#6413=CARTESIAN_POINT('Ctrl Pts',(18.1941254213118,14.6677809439022,-26.6471942165692));
#6414=CARTESIAN_POINT('Ctrl Pts',(18.1941174847753,14.667780634219,-26.6470874220861));
#6415=CARTESIAN_POINT('Ctrl Pts',(18.1295364111874,14.6652584922437,-25.7783160723394));
#6416=CARTESIAN_POINT('Ctrl Pts',(18.0020211091789,14.6627439814255,-24.9099167454772));
#6417=CARTESIAN_POINT('Ctrl Pts',(17.8129291217923,14.6602113050897,-24.0559032586742));
#6418=CARTESIAN_POINT('Ctrl Pts',(17.7318890611229,14.8777518656803,-31.937325042263));
#6419=CARTESIAN_POINT('Ctrl Pts',(17.9206575904158,14.8752205645069,-31.0871998826045));
#6420=CARTESIAN_POINT('Ctrl Pts',(18.0481404176283,14.8727042533016,-30.2225979942867));
#6421=CARTESIAN_POINT('Ctrl Pts',(18.1129475162103,14.8701819802059,-29.3577441245915));
#6422=CARTESIAN_POINT('Ctrl Pts',(18.112955476168,14.8701816709818,-29.357637983867));
#6423=CARTESIAN_POINT('Ctrl Pts',(18.146592058476,14.8688734280704,-28.9088482422374));
#6424=CARTESIAN_POINT('Ctrl Pts',(18.1636304478391,14.8675646090411,-28.4574849017156));
#6425=CARTESIAN_POINT('Ctrl Pts',(18.163763680805,14.866255320246,-28.0052978821146));
#6426=CARTESIAN_POINT('Ctrl Pts',(18.1637637155444,14.8662549748596,-28.0051786281605));
#6427=CARTESIAN_POINT('Ctrl Pts',(18.1638916993264,14.8649456584793,-27.5529791004043));
#6428=CARTESIAN_POINT('Ctrl Pts',(18.1471098641531,14.8636365227498,-27.1015078528563));
#6429=CARTESIAN_POINT('Ctrl Pts',(18.1137236581922,14.8623282073168,-26.6526437524545));
#6430=CARTESIAN_POINT('Ctrl Pts',(18.1137157409871,14.8623278975974,-26.6525374324504));
#6431=CARTESIAN_POINT('Ctrl Pts',(18.0493954474853,14.8598057089308,-25.7876046075677));
#6432=CARTESIAN_POINT('Ctrl Pts',(17.9224202374987,14.8572907117295,-24.9230498021751));
#6433=CARTESIAN_POINT('Ctrl Pts',(17.7341362561887,14.8547584814127,-24.0728093497905));
#6434=CARTESIAN_POINT('Ctrl Pts',(17.6533354048676,15.0722991007206,-31.9193399368423));
#6435=CARTESIAN_POINT('Ctrl Pts',(17.8412403909823,15.0697678262641,-31.0729857779362));
#6436=CARTESIAN_POINT('Ctrl Pts',(17.9681337484163,15.0672514089842,-30.2122106283844));
#6437=CARTESIAN_POINT('Ctrl Pts',(18.0326281757334,15.0647290978731,-29.3511923898942));
#6438=CARTESIAN_POINT('Ctrl Pts',(18.0326360954767,15.0647287886624,-29.3510867198655));
#6439=CARTESIAN_POINT('Ctrl Pts',(18.066110323496,15.0634205264852,-28.9042873741004));
#6440=CARTESIAN_POINT('Ctrl Pts',(18.0830599427316,15.0621117083969,-28.4549277166233));
#6441=CARTESIAN_POINT('Ctrl Pts',(18.0831794381859,15.0608024684223,-28.0047468583539));
#6442=CARTESIAN_POINT('Ctrl Pts',(18.0831794689206,15.0608021230463,-28.0046281334654));
#6443=CARTESIAN_POINT('Ctrl Pts',(18.0832937001082,15.0594928553945,-27.5544348235919));
#6444=CARTESIAN_POINT('Ctrl Pts',(18.0665730311247,15.0581838149909,-27.1049653752307));
#6445=CARTESIAN_POINT('Ctrl Pts',(18.0333218660201,15.0568754745016,-26.6580933422303));
#6446=CARTESIAN_POINT('Ctrl Pts',(18.0333139871547,15.0568751647914,-26.657987492769));
#6447=CARTESIAN_POINT('Ctrl Pts',(17.9692534404693,15.0543529269031,-25.796893318718));
#6448=CARTESIAN_POINT('Ctrl Pts',(17.842817879388,15.0518374409911,-24.936183242732));
#6449=CARTESIAN_POINT('Ctrl Pts',(17.6553434000469,15.0493056579157,-24.0897154829419));
#6450=CARTESIAN_POINT('',(17.6555945542335,15.0493089813676,-24.0908495130333));
#6451=CARTESIAN_POINT('',(17.8917219860014,14.4656641548126,-24.0389972102202));
#6452=CARTESIAN_POINT('Ctrl Pts',(17.6555945542361,15.0493089813687,-24.0908495130326));
#6453=CARTESIAN_POINT('Ctrl Pts',(17.694948202452,14.9520350539853,-24.0822037803905));
#6454=CARTESIAN_POINT('Ctrl Pts',(17.7343028438145,14.8547597008965,-24.0735597573887));
#6455=CARTESIAN_POINT('Ctrl Pts',(17.8130111955101,14.6602133761402,-24.0562758155098));
#6456=CARTESIAN_POINT('Ctrl Pts',(17.8523666604602,14.5629380675207,-24.0476355113267));
#6457=CARTESIAN_POINT('Ctrl Pts',(17.8917219860051,14.4656641548176,-24.0389972102191));
#6458=CARTESIAN_POINT('',(17.8889963411164,14.4886574096036,-31.9732953757498));
#6459=CARTESIAN_POINT('Ctrl Pts',(17.891721985998,14.4656641548352,-24.0389972102209));
#6460=CARTESIAN_POINT('Ctrl Pts',(18.0816234709423,14.4681972784004,-24.8967833883534));
#6461=CARTESIAN_POINT('Ctrl Pts',(18.2096784180187,14.4707113005137,-25.7690274453039));
#6462=CARTESIAN_POINT('Ctrl Pts',(18.2745112638492,14.4732330832412,-26.6415301805093));
#6463=CARTESIAN_POINT('Ctrl Pts',(18.2745192343998,14.4732333932692,-26.6416374460023));
#6464=CARTESIAN_POINT('Ctrl Pts',(18.2745272092759,14.4732337029616,-26.6417447110281));
#6465=CARTESIAN_POINT('Ctrl Pts',(18.2745351813752,14.4732340128484,-26.6418519764409));
#6466=CARTESIAN_POINT('Ctrl Pts',(18.3081834555677,14.4745419688441,-27.0945929518241));
#6467=CARTESIAN_POINT('Ctrl Pts',(18.325087635593,14.4758512976955,-27.5500677863776));
#6468=CARTESIAN_POINT('Ctrl Pts',(18.3249322123456,14.4771603666876,-28.0061594361281));
#6469=CARTESIAN_POINT('Ctrl Pts',(18.3249321713466,14.4771607120062,-28.0062797482879));
#6470=CARTESIAN_POINT('Ctrl Pts',(18.3249321297191,14.4771610574206,-28.0064000604142));
#6471=CARTESIAN_POINT('Ctrl Pts',(18.3249320873124,14.477161402741,-28.0065203724777));
#6472=CARTESIAN_POINT('Ctrl Pts',(18.3247713319075,14.4784704437543,-28.4625994044604));
#6473=CARTESIAN_POINT('Ctrl Pts',(18.3075553973774,14.4797792658443,-28.9179701009919));
#6474=CARTESIAN_POINT('Ctrl Pts',(18.2736022277025,14.4810871613878,-29.3706335530578));
#6475=CARTESIAN_POINT('Ctrl Pts',(18.273594195708,14.4810874707848,-29.3707406355593));
#6476=CARTESIAN_POINT('Ctrl Pts',(18.2735861607777,14.4810877799822,-29.3708477178036));
#6477=CARTESIAN_POINT('Ctrl Pts',(18.2735781303659,14.4810880895255,-29.3709548007006));
#6478=CARTESIAN_POINT('Ctrl Pts',(18.2081533376599,14.4836099782723,-30.2433728730341));
#6479=CARTESIAN_POINT('Ctrl Pts',(18.0794914321622,14.4861260702754,-31.1156281123058));
#6480=CARTESIAN_POINT('Ctrl Pts',(17.8889963361072,14.4886574220231,-31.9732953746028));
#6481=CARTESIAN_POINT('',(17.6536557747986,15.0722947488439,-31.9178967285578));
#6482=CARTESIAN_POINT('Ctrl Pts',(17.888996341121,14.4886574096056,-31.9732953757511));
#6483=CARTESIAN_POINT('Ctrl Pts',(17.8497737324775,14.5859302808176,-31.9640587591505));
#6484=CARTESIAN_POINT('Ctrl Pts',(17.8105507195432,14.6832031490645,-31.9548238963308));
#6485=CARTESIAN_POINT('Ctrl Pts',(17.7321038612116,14.8777489366991,-31.9363576780971));
#6486=CARTESIAN_POINT('Ctrl Pts',(17.6928800228183,14.9750218387166,-31.9271263243328));
#6487=CARTESIAN_POINT('Ctrl Pts',(17.6536557748011,15.0722947488452,-31.9178967285585));
#6488=CARTESIAN_POINT('Ctrl Pts',(17.6536557744796,15.0722947488276,-31.9178967284878));
#6489=CARTESIAN_POINT('Ctrl Pts',(17.8413846371752,15.0697649300155,-31.0720072549917));
#6490=CARTESIAN_POINT('Ctrl Pts',(17.9681704170496,15.0672499398895,-30.2117212894263));
#6491=CARTESIAN_POINT('Ctrl Pts',(18.032620275184,15.0647293718359,-29.351298061774));
#6492=CARTESIAN_POINT('Ctrl Pts',(18.0326281904287,15.0647290622787,-29.3511923910929));
#6493=CARTESIAN_POINT('Ctrl Pts',(18.0326361101719,15.064728753068,-29.3510867210642));
#6494=CARTESIAN_POINT('Ctrl Pts',(18.0326440269947,15.0647284436574,-29.3509810507786));
#6495=CARTESIAN_POINT('Ctrl Pts',(18.066110338221,15.0634204908908,-28.9042873749348));
#6496=CARTESIAN_POINT('Ctrl Pts',(18.0830599574728,15.0621116728025,-28.4549277170912));
#6497=CARTESIAN_POINT('Ctrl Pts',(18.0831794214155,15.0608027781098,-28.0048655832814));
#6498=CARTESIAN_POINT('Ctrl Pts',(18.0831794529296,15.0608024328279,-28.0047468584547));
#6499=CARTESIAN_POINT('Ctrl Pts',(18.0831794836643,15.0608020874519,-28.0046281335662));
#6500=CARTESIAN_POINT('Ctrl Pts',(18.0831795137894,15.060801742172,-28.0045094086444));
#6501=CARTESIAN_POINT('Ctrl Pts',(18.0832937148544,15.0594928198001,-27.5544348233256));
#6502=CARTESIAN_POINT('Ctrl Pts',(18.0665730458598,15.0581837793964,-27.1049653745981));
#6503=CARTESIAN_POINT('Ctrl Pts',(18.0333297568788,15.0568757488117,-26.6581991910718));
#6504=CARTESIAN_POINT('Ctrl Pts',(18.0333218807304,15.0568754389072,-26.6580933412333));
#6505=CARTESIAN_POINT('Ctrl Pts',(18.033314001865,15.056875129197,-26.6579874917719));
#6506=CARTESIAN_POINT('Ctrl Pts',(18.033306127229,15.0568748191512,-26.6578816418606));
#6507=CARTESIAN_POINT('Ctrl Pts',(17.9692820592911,15.0543540175322,-25.7972778106877));
#6508=CARTESIAN_POINT('Ctrl Pts',(17.8429308067889,15.0518396520915,-24.9369519792071));
#6509=CARTESIAN_POINT('Ctrl Pts',(17.6555945407595,15.0493090141852,-24.0908495159239));
#6510=CARTESIAN_POINT('Ctrl Pts',(17.4744019005642,14.0637168332013,-31.8801131706761));
#6511=CARTESIAN_POINT('Ctrl Pts',(17.6125077131595,14.0637145112623,-31.9115895544619));
#6512=CARTESIAN_POINT('Ctrl Pts',(17.7506135257367,14.063712189324,-31.9430659383265));
#6513=CARTESIAN_POINT('Ctrl Pts',(17.888719338296,14.0637098673864,-31.97454232227));
#6514=CARTESIAN_POINT('Ctrl Pts',(17.4746157370373,14.3999104799093,-31.8791501408891));
#6515=CARTESIAN_POINT('Ctrl Pts',(17.6127232843224,14.3999081555833,-31.9106189135479));
#6516=CARTESIAN_POINT('Ctrl Pts',(17.7508308315895,14.3999058312579,-31.9420876862857));
#6517=CARTESIAN_POINT('Ctrl Pts',(17.8889383788386,14.3999035069333,-31.9735564591026));
#6518=CARTESIAN_POINT('Ctrl Pts',(17.4748298236521,14.7361041224833,-31.8781856083612));
#6519=CARTESIAN_POINT('Ctrl Pts',(17.6129391076729,14.7361017957728,-31.9096467580127));
#6520=CARTESIAN_POINT('Ctrl Pts',(17.7510483916757,14.7360994690631,-31.9411079077433));
#6521=CARTESIAN_POINT('Ctrl Pts',(17.8891576756604,14.7360971423542,-31.9725690575532));
#6522=CARTESIAN_POINT('Ctrl Pts',(17.4750441589314,15.0722977609353,-31.8772195762637));
#6523=CARTESIAN_POINT('Ctrl Pts',(17.6131551817219,15.0722954318432,-31.9086730910526));
#6524=CARTESIAN_POINT('Ctrl Pts',(17.7512662044944,15.0722931027518,-31.9401266059208));
#6525=CARTESIAN_POINT('Ctrl Pts',(17.8893772272488,15.0722907736612,-31.9715801208683));
#6526=CARTESIAN_POINT('Ctrl Pts',(17.888996341105,14.4886574096153,-31.9732953757474));
#6527=CARTESIAN_POINT('Ctrl Pts',(17.81608074253,14.4139234469234,-31.9569127134095));
#6528=CARTESIAN_POINT('Ctrl Pts',(17.7431657736195,14.3391894792311,-31.9405272949731));
#6529=CARTESIAN_POINT('Ctrl Pts',(17.6049677481697,14.1975426158313,-31.9094660114141));
#6530=CARTESIAN_POINT('Ctrl Pts',(17.5396845739322,14.1306297284798,-31.8947906940227));
#6531=CARTESIAN_POINT('Ctrl Pts',(17.4744019005642,14.0637168332059,-31.8801131706761));
#6532=CARTESIAN_POINT('Ctrl Pts',(17.6536557747988,15.0722947488439,-31.917896728558));
#6533=CARTESIAN_POINT('Ctrl Pts',(17.6343392291103,15.07229442805,-31.9134975649555));
#6534=CARTESIAN_POINT('Ctrl Pts',(17.6150227017206,15.0722941062012,-31.9090984055187));
#6535=CARTESIAN_POINT('Ctrl Pts',(17.5554862283466,15.0722931109294,-31.8955395274923));
#6536=CARTESIAN_POINT('Ctrl Pts',(17.5152644888534,15.0722924339216,-31.8863794004422));
#6537=CARTESIAN_POINT('Ctrl Pts',(17.4750441551233,15.0722917522205,-31.8772195935345));
#6538=CARTESIAN_POINT('Ctrl Pts',(17.8917224057689,14.4656645850293,-24.0389971160702));
#6539=CARTESIAN_POINT('Ctrl Pts',(18.0816549444607,14.4681998163621,-24.8969162669562));
#6540=CARTESIAN_POINT('Ctrl Pts',(18.2097006221884,14.4707119020719,-25.7692041829613));
#6541=CARTESIAN_POINT('Ctrl Pts',(18.3081787249153,14.4745428814709,-27.0946911519698));
#6542=CARTESIAN_POINT('Ctrl Pts',(18.3250908561176,14.4758525373554,-27.5503037703109));
#6543=CARTESIAN_POINT('Ctrl Pts',(18.3247665399012,14.478471618457,-28.4626975036291));
#6544=CARTESIAN_POINT('Ctrl Pts',(18.3075361972026,14.479780199046,-28.9181526922823));
#6545=CARTESIAN_POINT('Ctrl Pts',(18.2081525048357,14.4836108897807,-30.2433628715409));
#6546=CARTESIAN_POINT('Ctrl Pts',(18.0794674239289,14.4861265631683,-31.115737095472));
#6547=CARTESIAN_POINT('Ctrl Pts',(17.8889965613004,14.4886576350765,-31.9732954241955));
#6548=CARTESIAN_POINT('Ctrl Pts',(17.7535069522535,14.3240198129787,-24.0699813215417));
#6549=CARTESIAN_POINT('Ctrl Pts',(17.941952293795,14.3265550322137,-24.9212688601823));
#6550=CARTESIAN_POINT('Ctrl Pts',(18.06899158911,14.3290671284779,-25.7868204774999));
#6551=CARTESIAN_POINT('Ctrl Pts',(18.1666814459549,14.3328981075358,-27.1020637992243));
#6552=CARTESIAN_POINT('Ctrl Pts',(18.1834534508726,14.3342077602197,-27.554153907766));
#6553=CARTESIAN_POINT('Ctrl Pts',(18.1831129951101,14.336826840971,-28.4594950082721));
#6554=CARTESIAN_POINT('Ctrl Pts',(18.1660066483634,14.3381354247818,-28.911430496276));
#6555=CARTESIAN_POINT('Ctrl Pts',(18.0673635354964,14.3419661170739,-30.2263957487295));
#6556=CARTESIAN_POINT('Ctrl Pts',(17.9396555771319,14.3444817793918,-31.0920202185414));
#6557=CARTESIAN_POINT('Ctrl Pts',(17.7506395177262,14.3470128615664,-31.9429497377392));
#6558=CARTESIAN_POINT('Ctrl Pts',(17.6152914837219,14.1823750406366,-24.1009654587025));
#6559=CARTESIAN_POINT('Ctrl Pts',(17.802251303595,14.1849102476608,-24.9456210979544));
#6560=CARTESIAN_POINT('Ctrl Pts',(17.9282831555665,14.1874223546009,-25.8044366935072));
#6561=CARTESIAN_POINT('Ctrl Pts',(18.0251842297382,14.1912533332725,-27.1094363818389));
#6562=CARTESIAN_POINT('Ctrl Pts',(18.0418162876526,14.1925629827725,-27.5580039609726));
#6563=CARTESIAN_POINT('Ctrl Pts',(18.0414597892041,14.1951820631756,-28.4562924875931));
#6564=CARTESIAN_POINT('Ctrl Pts',(18.0244770145451,14.1964906501923,-28.9047082299668));
#6565=CARTESIAN_POINT('Ctrl Pts',(17.9265755875987,14.2003213440849,-30.2094286346457));
#6566=CARTESIAN_POINT('Ctrl Pts',(17.7998464084009,14.2028369952816,-31.0683037569038));
#6567=CARTESIAN_POINT('Ctrl Pts',(17.6122824893797,14.2053680877659,-31.9126039832029));
#6568=CARTESIAN_POINT('Ctrl Pts',(17.4770759990896,14.0407302679744,-24.1319495225845));
#6569=CARTESIAN_POINT('Ctrl Pts',(17.6625486289288,14.0432654629151,-24.9699735498427));
#6570=CARTESIAN_POINT('Ctrl Pts',(17.7875741050655,14.0457775803975,-25.8220528443293));
#6571=CARTESIAN_POINT('Ctrl Pts',(17.8836869438703,14.0496085587282,-27.1168088845659));
#6572=CARTESIAN_POINT('Ctrl Pts',(17.9001788790881,14.0509182050312,-27.5618539542103));
#6573=CARTESIAN_POINT('Ctrl Pts',(17.8998062482779,14.0535372850846,-28.4530898481441));
#6574=CARTESIAN_POINT('Ctrl Pts',(17.8829474731514,14.0548458753194,-28.8979858895771));
#6575=CARTESIAN_POINT('Ctrl Pts',(17.7857866362423,14.0586765707673,-30.192461367952));
#6576=CARTESIAN_POINT('Ctrl Pts',(17.660034586176,14.0611922109071,-31.0445867386254));
#6577=CARTESIAN_POINT('Ctrl Pts',(17.473925477374,14.0637233136464,-31.8822581556448));
#6578=CARTESIAN_POINT('Ctrl Pts',(17.8917219859899,14.4656641548243,-24.0389972102225));
#6579=CARTESIAN_POINT('Ctrl Pts',(17.8188925340845,14.3909327583667,-24.0557686657463));
#6580=CARTESIAN_POINT('Ctrl Pts',(17.7460617905745,14.3162006839029,-24.0725375944211));
#6581=CARTESIAN_POINT('Ctrl Pts',(17.6080229080765,14.1745593601237,-24.1043150503359));
#6582=CARTESIAN_POINT('Ctrl Pts',(17.5428130432169,14.1076482118331,-24.1193245330313));
#6583=CARTESIAN_POINT('Ctrl Pts',(17.4776030763166,14.0407374753226,-24.1343317904293));
#6584=CARTESIAN_POINT('Ctrl Pts',(17.4769628154337,15.0493119607091,-24.1314381551195));
#6585=CARTESIAN_POINT('Ctrl Pts',(17.6150893369491,15.0493142865483,-24.1000530804748));
#6586=CARTESIAN_POINT('Ctrl Pts',(17.7532158584464,15.0493166123867,-24.0686680057509));
#6587=CARTESIAN_POINT('Ctrl Pts',(17.8913423799258,15.0493189382244,-24.037282930948));
#6588=CARTESIAN_POINT('Ctrl Pts',(17.4771763722188,14.7131203763961,-24.1324029384444));
#6589=CARTESIAN_POINT('Ctrl Pts',(17.6153046262893,14.7131227013497,-24.10102548882));
#6590=CARTESIAN_POINT('Ctrl Pts',(17.7534328803426,14.7131250263025,-24.0696480391186));
#6591=CARTESIAN_POINT('Ctrl Pts',(17.8915611343772,14.7131273512547,-24.0382705893361));
#6592=CARTESIAN_POINT('Ctrl Pts',(17.4773897272217,14.3769288805402,-24.1333671885507));
#6593=CARTESIAN_POINT('Ctrl Pts',(17.6155197122269,14.3769312053212,-24.1019973597349));
#6594=CARTESIAN_POINT('Ctrl Pts',(17.7536496972149,14.3769335301016,-24.0706275308419));
#6595=CARTESIAN_POINT('Ctrl Pts',(17.8917796821842,14.3769358548812,-24.0392577018679));
#6596=CARTESIAN_POINT('Ctrl Pts',(17.4776030763166,14.0407374753155,-24.1343317904293));
#6597=CARTESIAN_POINT('Ctrl Pts',(17.6157347922251,14.0407398006332,-24.1029695852044));
#6598=CARTESIAN_POINT('Ctrl Pts',(17.7538665081156,14.0407421259503,-24.0716073799004));
#6599=CARTESIAN_POINT('Ctrl Pts',(17.8919982239881,14.0407444512667,-24.0402451745173));
#6600=CARTESIAN_POINT('Ctrl Pts',(17.4769628154413,15.0493119607091,-24.1314381551178));
#6601=CARTESIAN_POINT('Ctrl Pts',(17.5171877054038,15.0493112829592,-24.1222982694822));
#6602=CARTESIAN_POINT('Ctrl Pts',(17.5574139925121,15.0493106098619,-24.1131580663946));
#6603=CARTESIAN_POINT('Ctrl Pts',(17.616957129987,15.0493096203201,-24.0996286952373));
#6604=CARTESIAN_POINT('Ctrl Pts',(17.6362758319379,15.0493093003209,-24.0952391064458));
#6605=CARTESIAN_POINT('Ctrl Pts',(17.6555945542331,15.0493089813676,-24.0908495130332));
#6606=CARTESIAN_POINT('Ctrl Pts',(17.4748234187496,15.0722947576119,-31.8782143421054));
#6607=CARTESIAN_POINT('Ctrl Pts',(17.534434211589,15.0722947546443,-31.8914417954784));
#6608=CARTESIAN_POINT('Ctrl Pts',(17.5940450021981,15.0722947517222,-31.904669258902));
#6609=CARTESIAN_POINT('Ctrl Pts',(17.6536557906438,15.0722947488439,-31.917896732074));
#6610=CARTESIAN_POINT('Ctrl Pts',(17.6606732781542,15.0697646666562,-31.0407945427247));
#6611=CARTESIAN_POINT('Ctrl Pts',(17.7209182609246,15.0697646637448,-31.0511654313159));
#6612=CARTESIAN_POINT('Ctrl Pts',(17.7811622981028,15.0697646608783,-31.0615361639154));
#6613=CARTESIAN_POINT('Ctrl Pts',(17.8414072774627,15.0697646580546,-31.0719070723268));
#6614=CARTESIAN_POINT('Ctrl Pts',(17.7861778585538,15.0672497460776,-30.1891211760482));
#6615=CARTESIAN_POINT('Ctrl Pts',(17.8468506762486,15.0672497431038,-30.1965867413064));
#6616=CARTESIAN_POINT('Ctrl Pts',(17.9075231392732,15.0672497401757,-30.2040522968009));
#6617=CARTESIAN_POINT('Ctrl Pts',(17.968195954481,15.0672497372914,-30.2115178822311));
#6618=CARTESIAN_POINT('Ctrl Pts',(17.8830963067697,15.063419800835,-28.895026931863));
#6619=CARTESIAN_POINT('Ctrl Pts',(17.9440994677803,15.063419797871,-28.8980780504725));
#6620=CARTESIAN_POINT('Ctrl Pts',(18.0051026352578,15.0634197949527,-28.9011291803598));
#6621=CARTESIAN_POINT('Ctrl Pts',(18.0661057952579,15.0634197920778,-28.9041803192189));
#6622=CARTESIAN_POINT('Ctrl Pts',(17.899881850347,15.0621111093553,-28.4501023905678));
#6623=CARTESIAN_POINT('Ctrl Pts',(17.9609422643903,15.0621111064101,-28.4516357858002));
#6624=CARTESIAN_POINT('Ctrl Pts',(18.0220025531898,15.0621111035102,-28.4531691779217));
#6625=CARTESIAN_POINT('Ctrl Pts',(18.083062966725,15.0621111006536,-28.4547025933578));
#6626=CARTESIAN_POINT('Ctrl Pts',(17.9001053598115,15.0594927190611,-27.5588601758653));
#6627=CARTESIAN_POINT('Ctrl Pts',(17.9611664361457,15.0594927161162,-27.5573533451007));
#6628=CARTESIAN_POINT('Ctrl Pts',(18.022227388914,15.0594927132166,-27.5558465365005));
#6629=CARTESIAN_POINT('Ctrl Pts',(18.083288465747,15.0594927103603,-27.5543397259388));
#6630=CARTESIAN_POINT('Ctrl Pts',(17.8835396638671,15.0581838623143,-27.1138396926192));
#6631=CARTESIAN_POINT('Ctrl Pts',(17.9445441396051,15.0581838593507,-27.1108148020275));
#6632=CARTESIAN_POINT('Ctrl Pts',(18.0055486163357,15.0581838564327,-27.1077899196851));
#6633=CARTESIAN_POINT('Ctrl Pts',(18.0665530930748,15.0581838535582,-27.1047650493419));
#6634=CARTESIAN_POINT('Ctrl Pts',(17.7872506717109,15.0543538669618,-25.8196049827425));
#6635=CARTESIAN_POINT('Ctrl Pts',(17.8479266514398,15.0543538639884,-25.8121651818257));
#6636=CARTESIAN_POINT('Ctrl Pts',(17.9086022956499,15.0543538610605,-25.8047254092086));
#6637=CARTESIAN_POINT('Ctrl Pts',(17.9692782778564,15.0543538581765,-25.797285628464));
#6638=CARTESIAN_POINT('Ctrl Pts',(17.6621846637148,15.051839367162,-24.9679898565534));
#6639=CARTESIAN_POINT('Ctrl Pts',(17.7224341144578,15.0518393642505,-24.9576450024756));
#6640=CARTESIAN_POINT('Ctrl Pts',(17.7826826628293,15.051839361384,-24.947300316374));
#6641=CARTESIAN_POINT('Ctrl Pts',(17.8429321169735,15.0518393585601,-24.9369554821183));
#6642=CARTESIAN_POINT('Ctrl Pts',(17.4767451425189,15.0493089901371,-24.1304549074541));
#6643=CARTESIAN_POINT('Ctrl Pts',(17.5363616197461,15.049308987169,-24.1172530974001));
#6644=CARTESIAN_POINT('Ctrl Pts',(17.5959780991992,15.0493089842464,-24.1040512973988));
#6645=CARTESIAN_POINT('Ctrl Pts',(17.6555945808113,15.0493089813676,-24.0908495071476));
#6646=UNCERTAINTY_MEASURE_WITH_UNIT(LENGTH_MEASURE(0.01),#6650,
'DISTANCE_ACCURACY_VALUE',
'Maximum model space distance between geometric entities at asserted c
onnectivities');
#6647=UNCERTAINTY_MEASURE_WITH_UNIT(LENGTH_MEASURE(0.01),#6650,
'DISTANCE_ACCURACY_VALUE',
'Maximum model space distance between geometric entities at asserted c
onnectivities');
#6648=(
GEOMETRIC_REPRESENTATION_CONTEXT(3)
GLOBAL_UNCERTAINTY_ASSIGNED_CONTEXT((#6646))
GLOBAL_UNIT_ASSIGNED_CONTEXT((#6650,#6652,#6653))
REPRESENTATION_CONTEXT('','3D')
);
#6649=(
GEOMETRIC_REPRESENTATION_CONTEXT(3)
GLOBAL_UNCERTAINTY_ASSIGNED_CONTEXT((#6647))
GLOBAL_UNIT_ASSIGNED_CONTEXT((#6650,#6652,#6653))
REPRESENTATION_CONTEXT('','3D')
);
#6650=(
LENGTH_UNIT()
NAMED_UNIT(*)
SI_UNIT(.MILLI.,.METRE.)
);
#6651=(
LENGTH_UNIT()
NAMED_UNIT(*)
SI_UNIT($,.METRE.)
);
#6652=(
NAMED_UNIT(*)
PLANE_ANGLE_UNIT()
SI_UNIT($,.RADIAN.)
);
#6653=(
NAMED_UNIT(*)
SI_UNIT($,.STERADIAN.)
SOLID_ANGLE_UNIT()
);
#6654=SHAPE_DEFINITION_REPRESENTATION(#6655,#6656);
#6655=PRODUCT_DEFINITION_SHAPE('',$,#6658);
#6656=SHAPE_REPRESENTATION('',(#3305),#6648);
#6657=PRODUCT_DEFINITION_CONTEXT('part definition',#6662,'design');
#6658=PRODUCT_DEFINITION('2026-08-29-11-09-37-417','(Unsaved)',#6659,#6657);
#6659=PRODUCT_DEFINITION_FORMATION('',$,#6664);
#6660=PRODUCT_RELATED_PRODUCT_CATEGORY('(Unsaved)','(Unsaved)',(#6664));
#6661=APPLICATION_PROTOCOL_DEFINITION('international standard',
'automotive_design',2009,#6662);
#6662=APPLICATION_CONTEXT(
'Core Data for Automotive Mechanical Design Process');
#6663=PRODUCT_CONTEXT('part definition',#6662,'mechanical');
#6664=PRODUCT('2026-08-29-11-09-37-417','(Unsaved)',$,(#6663));
#6665=PRESENTATION_STYLE_ASSIGNMENT((#6666));
#6666=SURFACE_STYLE_USAGE(.BOTH.,#6667);
#6667=SURFACE_SIDE_STYLE('',(#6668));
#6668=SURFACE_STYLE_FILL_AREA(#6669);
#6669=FILL_AREA_STYLE('Steel - Satin',(#6670));
#6670=FILL_AREA_STYLE_COLOUR('Steel - Satin',#6671);
#6671=COLOUR_RGB('Steel - Satin',0.627450980392157,0.627450980392157,0.627450980392157);
ENDSEC;
END-ISO-10303-21;
