ISO-10303-21;
HEADER;
/* Generated by software containing ST-Developer
 * from STEP Tools, Inc. (www.steptools.com) 
 */

FILE_DESCRIPTION(
/* description */ (''),
/* implementation_level */ '2;1');

FILE_NAME(
/* name */ 'electronics-housing_v1.1.otl-export-tmp.step',
/* time_stamp */ '2026-09-08T16:40:50-05:00',
/* author */ (''),
/* organization */ (''),
/* preprocessor_version */ 'ST-DEVELOPER v20.2',
/* originating_system */ 'Autodesk Translation Framework v15.15.0.0',
/* authorisation */ '');

FILE_SCHEMA (('AUTOMOTIVE_DESIGN { 1 0 10303 214 3 1 1 }'));
ENDSEC;

DATA;
#10=MECHANICAL_DESIGN_GEOMETRIC_PRESENTATION_REPRESENTATION('',(#13),#8831);
#11=SHAPE_REPRESENTATION_RELATIONSHIP('SRR','None',#8838,#12);
#12=ADVANCED_BREP_SHAPE_REPRESENTATION('',(#14),#8830);
#13=STYLED_ITEM('',(#8847),#14);
#14=MANIFOLD_SOLID_BREP('Body1',#4330);
#15=FACE_BOUND('',#765,.T.);
#16=FACE_BOUND('',#767,.T.);
#17=FACE_BOUND('',#790,.T.);
#18=FACE_BOUND('',#791,.T.);
#19=FACE_BOUND('',#792,.T.);
#20=FACE_BOUND('',#794,.T.);
#21=FACE_BOUND('',#798,.T.);
#22=FACE_BOUND('',#808,.T.);
#23=FACE_BOUND('',#811,.T.);
#24=FACE_BOUND('',#823,.T.);
#25=FACE_BOUND('',#826,.T.);
#26=FACE_BOUND('',#828,.T.);
#27=FACE_BOUND('',#829,.T.);
#28=FACE_BOUND('',#830,.T.);
#29=FACE_BOUND('',#839,.T.);
#30=FACE_BOUND('',#840,.T.);
#31=FACE_BOUND('',#870,.T.);
#32=FACE_BOUND('',#874,.T.);
#33=FACE_BOUND('',#887,.T.);
#34=FACE_BOUND('',#888,.T.);
#35=FACE_BOUND('',#889,.T.);
#36=FACE_BOUND('',#890,.T.);
#37=FACE_BOUND('',#895,.T.);
#38=FACE_BOUND('',#898,.T.);
#39=FACE_BOUND('',#900,.T.);
#40=FACE_BOUND('',#903,.T.);
#41=FACE_BOUND('',#904,.T.);
#42=FACE_BOUND('',#908,.T.);
#43=FACE_BOUND('',#913,.T.);
#44=FACE_BOUND('',#914,.T.);
#45=FACE_BOUND('',#916,.T.);
#46=CONICAL_SURFACE('',#4444,3.60000000112867,0.785398163397446);
#47=CONICAL_SURFACE('',#4463,7.17668559282542,0.78539816339745);
#48=CONICAL_SURFACE('',#4468,9.12878559282541,0.785398163397449);
#49=CONICAL_SURFACE('',#4524,27.0000000149012,0.785398163397445);
#50=CONICAL_SURFACE('',#4632,13.5,0.78539816339745);
#51=CONICAL_SURFACE('',#4634,26.,0.785398163397447);
#52=CONICAL_SURFACE('',#4636,13.5,0.78539816339745);
#53=CONICAL_SURFACE('',#4719,3.60000000112867,0.785398163397446);
#54=TOROIDAL_SURFACE('',#4437,6.65273559282541,3.);
#55=(
BOUNDED_CURVE()
B_SPLINE_CURVE(2,(#7884,#7885,#7886),.UNSPECIFIED.,.F.,.F.)
B_SPLINE_CURVE_WITH_KNOTS((3,3),(0.737799665904382,1.60140888145772),
 .UNSPECIFIED.)
CURVE()
GEOMETRIC_REPRESENTATION_ITEM()
RATIONAL_B_SPLINE_CURVE((0.999981341991528,0.99997975121035,1.))
REPRESENTATION_ITEM('')
);
#56=(
BOUNDED_CURVE()
B_SPLINE_CURVE(2,(#8019,#8020,#8021),.UNSPECIFIED.,.F.,.F.)
B_SPLINE_CURVE_WITH_KNOTS((3,3),(0.358254947607433,0.375328311300648),
 .UNSPECIFIED.)
CURVE()
GEOMETRIC_REPRESENTATION_ITEM()
RATIONAL_B_SPLINE_CURVE((1.03850132131947,1.03857477084565,1.03856777726223))
REPRESENTATION_ITEM('')
);
#57=(
BOUNDED_CURVE()
B_SPLINE_CURVE(2,(#8025,#8026,#8027),.UNSPECIFIED.,.F.,.F.)
B_SPLINE_CURVE_WITH_KNOTS((3,3),(0.369039859498882,0.377037071892836),
 .UNSPECIFIED.)
CURVE()
GEOMETRIC_REPRESENTATION_ITEM()
RATIONAL_B_SPLINE_CURVE((1.03774369315886,1.03775019444219,1.03773925295008))
REPRESENTATION_ITEM('')
);
#58=ELLIPSE('',#4431,3.0583648429351,3.);
#59=ELLIPSE('',#4433,8.65982445990577,3.);
#60=ELLIPSE('',#4434,3.04754944424826,3.);
#61=ELLIPSE('',#4436,8.734955507729,3.);
#62=ELLIPSE('',#4566,25.9393332041004,24.375);
#63=ELLIPSE('',#4568,25.2348568974958,24.375);
#64=ELLIPSE('',#4648,23.5007692953091,22.7000000000002);
#65=ELLIPSE('',#4664,1.03527618041008,1.);
#66=ELLIPSE('',#4667,1.06417777247591,1.);
#67=ELLIPSE('',#4669,1.03527618041008,1.);
#68=ELLIPSE('',#4679,1.06417777247591,1.);
#69=ELLIPSE('',#4680,24.1568354352034,22.7000000000002);
#70=B_SPLINE_CURVE_WITH_KNOTS('',3,(#6075,#6076,#6077,#6078,#6079,#6080,
#6081),.UNSPECIFIED.,.F.,.F.,(4,3,4),(-0.129142074598144,-0.125000065715608,
1.77921560742993E-7),.UNSPECIFIED.);
#71=B_SPLINE_CURVE_WITH_KNOTS('',3,(#6083,#6084,#6085,#6086),
 .UNSPECIFIED.,.F.,.F.,(4,4),(-0.0258133762894657,0.),.UNSPECIFIED.);
#72=B_SPLINE_CURVE_WITH_KNOTS('',3,(#6088,#6089,#6090,#6091,#6092,#6093,
#6094),.UNSPECIFIED.,.F.,.F.,(4,3,4),(0.00901243639334859,0.0538322116425635,
0.0876908332251188),.UNSPECIFIED.);
#73=B_SPLINE_CURVE_WITH_KNOTS('',3,(#6095,#6096,#6097,#6098),
 .UNSPECIFIED.,.F.,.F.,(4,4),(0.0200375172542366,0.0994118230283511),
 .UNSPECIFIED.);
#74=B_SPLINE_CURVE_WITH_KNOTS('',3,(#6164,#6165,#6166,#6167,#6168,#6169),
 .UNSPECIFIED.,.F.,.F.,(4,2,4),(0.0297333551517068,0.442883130487368,0.856059957502312),
 .UNSPECIFIED.);
#75=B_SPLINE_CURVE_WITH_KNOTS('',3,(#6171,#6172,#6173,#6174,#6175,#6176),
 .UNSPECIFIED.,.F.,.F.,(4,2,4),(0.0308835756478512,0.456593138704074,0.882305689933577),
 .UNSPECIFIED.);
#76=B_SPLINE_CURVE_WITH_KNOTS('',3,(#6177,#6178,#6179,#6180),
 .UNSPECIFIED.,.F.,.F.,(4,4),(-0.0802063311721975,0.),.UNSPECIFIED.);
#77=B_SPLINE_CURVE_WITH_KNOTS('',3,(#6288,#6289,#6290,#6291,#6292,#6293,
#6294),.UNSPECIFIED.,.F.,.F.,(4,3,4),(-0.129142074598247,-0.125000065715608,
-0.00999982544039501),.UNSPECIFIED.);
#78=B_SPLINE_CURVE_WITH_KNOTS('',3,(#6296,#6297,#6298,#6299),
 .UNSPECIFIED.,.F.,.F.,(4,4),(-0.0299579871403449,0.),.UNSPECIFIED.);
#79=B_SPLINE_CURVE_WITH_KNOTS('',3,(#6301,#6302,#6303,#6304,#6305,#6306),
 .UNSPECIFIED.,.F.,.F.,(4,2,4),(0.00891597166216434,0.0486071350927336,
0.0771675209363014),.UNSPECIFIED.);
#80=B_SPLINE_CURVE_WITH_KNOTS('',3,(#6307,#6308,#6309,#6310),
 .UNSPECIFIED.,.F.,.F.,(4,4),(0.0200375172543406,0.0994118230244305),
 .UNSPECIFIED.);
#81=B_SPLINE_CURVE_WITH_KNOTS('',3,(#6376,#6377,#6378,#6379,#6380,#6381),
 .UNSPECIFIED.,.F.,.F.,(4,2,4),(0.0297333551517064,0.442883130487361,0.85605995750228),
 .UNSPECIFIED.);
#82=B_SPLINE_CURVE_WITH_KNOTS('',3,(#6383,#6384,#6385,#6386,#6387,#6388),
 .UNSPECIFIED.,.F.,.F.,(4,2,4),(0.0307884454965787,0.456499904684321,0.882209939300326),
 .UNSPECIFIED.);
#83=B_SPLINE_CURVE_WITH_KNOTS('',3,(#6389,#6390,#6391,#6392),
 .UNSPECIFIED.,.F.,.F.,(4,4),(0.,0.0802063312109318),.UNSPECIFIED.);
#84=B_SPLINE_CURVE_WITH_KNOTS('',3,(#6423,#6424,#6425,#6426,#6427,#6428,
#6429),.UNSPECIFIED.,.F.,.F.,(4,3,4),(-0.129142074598246,-0.125000065715608,
-0.00999982544039467),.UNSPECIFIED.);
#85=B_SPLINE_CURVE_WITH_KNOTS('',3,(#6431,#6432,#6433,#6434),
 .UNSPECIFIED.,.F.,.F.,(4,4),(-0.0299579871695037,0.),.UNSPECIFIED.);
#86=B_SPLINE_CURVE_WITH_KNOTS('',3,(#6436,#6437,#6438,#6439,#6440,#6441),
 .UNSPECIFIED.,.F.,.F.,(4,2,4),(0.00891597166064339,0.0486071350572006,
0.0771675208173038),.UNSPECIFIED.);
#87=B_SPLINE_CURVE_WITH_KNOTS('',3,(#6442,#6443,#6444,#6445),
 .UNSPECIFIED.,.F.,.F.,(4,4),(0.0200375172544587,0.0994118230155442),
 .UNSPECIFIED.);
#88=B_SPLINE_CURVE_WITH_KNOTS('',3,(#6511,#6512,#6513,#6514,#6515,#6516),
 .UNSPECIFIED.,.F.,.F.,(4,2,4),(0.0297333551517058,0.442883130487373,0.856059957502305),
 .UNSPECIFIED.);
#89=B_SPLINE_CURVE_WITH_KNOTS('',3,(#6518,#6519,#6520,#6521,#6522,#6523),
 .UNSPECIFIED.,.F.,.F.,(4,2,4),(0.0307884454965758,0.456499904684185,0.882209939300031),
 .UNSPECIFIED.);
#90=B_SPLINE_CURVE_WITH_KNOTS('',3,(#6524,#6525,#6526,#6527),
 .UNSPECIFIED.,.F.,.F.,(4,4),(-0.0802063311824543,0.),.UNSPECIFIED.);
#91=B_SPLINE_CURVE_WITH_KNOTS('',3,(#6558,#6559,#6560,#6561,#6562,#6563,
#6564),.UNSPECIFIED.,.F.,.F.,(4,3,4),(-0.129142074598246,-0.125000065715608,
-0.00999982544039443),.UNSPECIFIED.);
#92=B_SPLINE_CURVE_WITH_KNOTS('',3,(#6566,#6567,#6568,#6569),
 .UNSPECIFIED.,.F.,.F.,(4,4),(-0.0299579870678176,0.),.UNSPECIFIED.);
#93=B_SPLINE_CURVE_WITH_KNOTS('',3,(#6571,#6572,#6573,#6574,#6575,#6576),
 .UNSPECIFIED.,.F.,.F.,(4,2,4),(0.00891597166331467,0.0486071351080287,
0.0771675209635728),.UNSPECIFIED.);
#94=B_SPLINE_CURVE_WITH_KNOTS('',3,(#6577,#6578,#6579,#6580),
 .UNSPECIFIED.,.F.,.F.,(4,4),(0.0200375172545019,0.0994118230327718),
 .UNSPECIFIED.);
#95=B_SPLINE_CURVE_WITH_KNOTS('',3,(#6646,#6647,#6648,#6649),
 .UNSPECIFIED.,.F.,.F.,(4,4),(0.443694493813662,0.856059957502283),
 .UNSPECIFIED.);
#96=B_SPLINE_CURVE_WITH_KNOTS('',3,(#6651,#6652,#6653,#6654,#6655,#6656),
 .UNSPECIFIED.,.F.,.F.,(4,2,4),(0.030788445496574,0.45649990468405,0.882209939299764),
 .UNSPECIFIED.);
#97=B_SPLINE_CURVE_WITH_KNOTS('',3,(#6658,#6659,#6660,#6661),
 .UNSPECIFIED.,.F.,.F.,(4,4),(0.,0.0802063312284486),.UNSPECIFIED.);
#98=B_SPLINE_CURVE_WITH_KNOTS('',3,(#6662,#6663,#6664,#6665,#6666,#6667),
 .UNSPECIFIED.,.F.,.F.,(4,2,4),(0.0297333551517068,0.442883130487361,0.443694493813662),
 .UNSPECIFIED.);
#99=B_SPLINE_CURVE_WITH_KNOTS('',3,(#6781,#6782,#6783,#6784,#6785,#6786),
 .UNSPECIFIED.,.F.,.F.,(4,2,4),(0.0302009276718638,0.449134982351161,0.868095108085065),
 .UNSPECIFIED.);
#100=B_SPLINE_CURVE_WITH_KNOTS('',3,(#6787,#6788,#6789,#6790,#6791,#6792,
#6793),.UNSPECIFIED.,.F.,.F.,(4,3,4),(0.0200470020301979,0.0540738996534737,
0.0990477150198869),.UNSPECIFIED.);
#101=B_SPLINE_CURVE_WITH_KNOTS('',3,(#6823,#6824,#6825,#6826,#6827,#6828,
#6829),.UNSPECIFIED.,.F.,.F.,(4,3,4),(-0.124999838474438,0.,0.00414224781837066),
 .UNSPECIFIED.);
#102=B_SPLINE_CURVE_WITH_KNOTS('',3,(#6830,#6831,#6832,#6833),
 .UNSPECIFIED.,.F.,.F.,(4,4),(-0.0916876444168434,-0.0658754342226601),
 .UNSPECIFIED.);
#103=B_SPLINE_CURVE_WITH_KNOTS('',3,(#6890,#6891,#6892,#6893,#6894,#6895,
#6896,#6897,#6898,#6899,#6900,#6901,#6902,#6903,#6904,#6905,#6906,#6907,
#6908),.UNSPECIFIED.,.F.,.F.,(4,3,3,3,3,3,4),(-0.0199776260962712,-0.00997470797585915,
0.258696069727294,0.393031586922755,0.527367104118215,0.796028698800014,
0.806030741435367),.UNSPECIFIED.);
#104=B_SPLINE_CURVE_WITH_KNOTS('',3,(#7103,#7104,#7105,#7106,#7107,#7108),
 .UNSPECIFIED.,.F.,.F.,(4,2,4),(0.030200458110659,0.45006228035431,0.869950699651572),
 .UNSPECIFIED.);
#105=B_SPLINE_CURVE_WITH_KNOTS('',3,(#7109,#7110,#7111,#7112,#7113,#7114),
 .UNSPECIFIED.,.F.,.F.,(4,2,4),(0.020047001954312,0.0486078100688547,0.088299599062282),
 .UNSPECIFIED.);
#106=B_SPLINE_CURVE_WITH_KNOTS('',3,(#7144,#7145,#7146,#7147,#7148,#7149,
#7150),.UNSPECIFIED.,.F.,.F.,(4,3,4),(-0.114999847721934,0.,0.00414224781844882),
 .UNSPECIFIED.);
#107=B_SPLINE_CURVE_WITH_KNOTS('',3,(#7151,#7152,#7153,#7154),
 .UNSPECIFIED.,.F.,.F.,(4,4),(-0.0624200352739894,-0.0324624376770869),
 .UNSPECIFIED.);
#108=B_SPLINE_CURVE_WITH_KNOTS('',3,(#7219,#7220,#7221,#7222,#7223,#7224,
#7225,#7226,#7227,#7228,#7229,#7230,#7231,#7232,#7233,#7234,#7235,#7236,
#7237),.UNSPECIFIED.,.F.,.F.,(4,3,3,3,3,3,4),(-0.0199545107164773,-0.00995138003780099,
0.258719445483987,0.393054986588788,0.527390527693589,0.796052170192388,
0.806054050499221),.UNSPECIFIED.);
#109=B_SPLINE_CURVE_WITH_KNOTS('',3,(#7351,#7352,#7353,#7354,#7355,#7356),
 .UNSPECIFIED.,.F.,.F.,(4,2,4),(0.0302004581106582,0.450062280354443,0.869950699652182),
 .UNSPECIFIED.);
#110=B_SPLINE_CURVE_WITH_KNOTS('',3,(#7357,#7358,#7359,#7360,#7361,#7362),
 .UNSPECIFIED.,.F.,.F.,(4,2,4),(-0.0882995980888962,-0.0486078095819499,
-0.0200470018470211),.UNSPECIFIED.);
#111=B_SPLINE_CURVE_WITH_KNOTS('',3,(#7392,#7393,#7394,#7395,#7396,#7397,
#7398),.UNSPECIFIED.,.F.,.F.,(4,3,4),(-0.114999847721934,0.,0.00414224781844879),
 .UNSPECIFIED.);
#112=B_SPLINE_CURVE_WITH_KNOTS('',3,(#7399,#7400,#7401,#7402),
 .UNSPECIFIED.,.F.,.F.,(4,4),(-0.0624200339308221,-0.0324624372193453),
 .UNSPECIFIED.);
#113=B_SPLINE_CURVE_WITH_KNOTS('',3,(#7467,#7468,#7469,#7470,#7471,#7472,
#7473,#7474,#7475,#7476,#7477,#7478,#7479,#7480,#7481,#7482,#7483,#7484,
#7485),.UNSPECIFIED.,.F.,.F.,(4,3,3,3,3,3,4),(-0.0199545107164522,-0.00995138003777713,
0.258719445484005,0.393054986588803,0.527390527693602,0.796052170192394,
0.806054050499228),.UNSPECIFIED.);
#114=B_SPLINE_CURVE_WITH_KNOTS('',3,(#7599,#7600,#7601,#7602,#7603,#7604),
 .UNSPECIFIED.,.F.,.F.,(4,2,4),(0.0302004581106571,0.450062280354359,0.869950699651923),
 .UNSPECIFIED.);
#115=B_SPLINE_CURVE_WITH_KNOTS('',3,(#7605,#7606,#7607,#7608,#7609,#7610),
 .UNSPECIFIED.,.F.,.F.,(4,2,4),(0.0200470018328557,0.0486078095156111,0.0882995980192374),
 .UNSPECIFIED.);
#116=B_SPLINE_CURVE_WITH_KNOTS('',3,(#7640,#7641,#7642,#7643,#7644,#7645,
#7646),.UNSPECIFIED.,.F.,.F.,(4,3,4),(-0.114999847721934,0.,0.00414224781844922),
 .UNSPECIFIED.);
#117=B_SPLINE_CURVE_WITH_KNOTS('',3,(#7647,#7648,#7649,#7650),
 .UNSPECIFIED.,.F.,.F.,(4,4),(-0.06242003088204,-0.0324624361794895),
 .UNSPECIFIED.);
#118=B_SPLINE_CURVE_WITH_KNOTS('',3,(#7716,#7717,#7718,#7719,#7720,#7721,
#7722,#7723,#7724),.UNSPECIFIED.,.F.,.F.,(4,3,2,4),(-0.0199545107164823,
4.62692786820512E-5,0.393040576409978,0.393495613010079),.UNSPECIFIED.);
#119=B_SPLINE_CURVE_WITH_KNOTS('',3,(#7725,#7726,#7727,#7728,#7729,#7730,
#7731),.UNSPECIFIED.,.F.,.F.,(4,3,4),(0.393495613010079,0.786053269060684,
0.806054050499203),.UNSPECIFIED.);
#120=B_SPLINE_CURVE_WITH_KNOTS('',3,(#7766,#7767,#7768,#7769,#7770,#7771),
 .UNSPECIFIED.,.F.,.F.,(4,2,4),(0.,0.163434956892098,0.164112955832767),
 .UNSPECIFIED.);
#121=B_SPLINE_CURVE_WITH_KNOTS('',3,(#7772,#7773,#7774,#7775,#7776,#7777),
 .UNSPECIFIED.,.F.,.F.,(4,2,4),(-0.164112955832767,-0.163434956892098,0.),
 .UNSPECIFIED.);
#122=B_SPLINE_CURVE_WITH_KNOTS('',3,(#7805,#7806,#7807,#7808,#7809,#7810,
#7811,#7812,#7813,#7814),.UNSPECIFIED.,.F.,.F.,(4,2,2,2,4),(0.,0.0373946940419047,
0.0777997400483621,0.105676720191929,0.134244284979291),.UNSPECIFIED.);
#123=B_SPLINE_CURVE_WITH_KNOTS('',3,(#7815,#7816,#7817,#7818,#7819),
 .UNSPECIFIED.,.F.,.F.,(4,1,4),(-0.183357582674063,-0.108181016592738,0.),
 .UNSPECIFIED.);
#124=B_SPLINE_CURVE_WITH_KNOTS('',3,(#7820,#7821,#7822,#7823,#7824),
 .UNSPECIFIED.,.F.,.F.,(4,1,4),(0.,0.108181016592738,0.216362033185477),
 .UNSPECIFIED.);
#125=B_SPLINE_CURVE_WITH_KNOTS('',3,(#7865,#7866,#7867,#7868,#7869,#7870),
 .UNSPECIFIED.,.F.,.F.,(4,2,4),(0.0315308321863255,0.190791315542843,0.222410589642679),
 .UNSPECIFIED.);
#126=B_SPLINE_CURVE_WITH_KNOTS('',3,(#7872,#7873,#7874,#7875,#7876,#7877,
#7878),.UNSPECIFIED.,.F.,.F.,(4,3,4),(0.,0.0153010262294232,0.0204375663291238),
 .UNSPECIFIED.);
#127=B_SPLINE_CURVE_WITH_KNOTS('',3,(#7894,#7895,#7896,#7897,#7898,#7899,
#7900,#7901,#7902,#7903,#7904,#7905,#7906,#7907),.UNSPECIFIED.,.F.,.F.,
(4,2,2,2,2,2,4),(0.,0.110060548257619,0.223411340015289,0.344357875687257,
0.417570370976314,0.491549642967929,0.492427710698475),.UNSPECIFIED.);
#128=B_SPLINE_CURVE_WITH_KNOTS('',3,(#7913,#7914,#7915,#7916),
 .UNSPECIFIED.,.F.,.F.,(4,4),(0.744272434935229,0.804943744632234),
 .UNSPECIFIED.);
#129=B_SPLINE_CURVE_WITH_KNOTS('',3,(#7920,#7921,#7922,#7923,#7924,#7925,
#7926,#7927,#7928,#7929),.UNSPECIFIED.,.F.,.F.,(4,2,2,2,4),(1.07150710303395,
1.12507637249795,1.24138184463038,1.35920229964268,1.49499826166582),
 .UNSPECIFIED.);
#130=B_SPLINE_CURVE_WITH_KNOTS('',3,(#8029,#8030,#8031,#8032,#8033,#8034,
#8035,#8036,#8037,#8038,#8039,#8040),.UNSPECIFIED.,.F.,.F.,(4,2,2,2,2,4),
(0.569949188191356,0.582761013849499,0.606632829695459,0.654376461387378,
0.71247473857076,0.751927406270304),.UNSPECIFIED.);
#131=B_SPLINE_CURVE_WITH_KNOTS('',3,(#8043,#8044,#8045,#8046,#8047,#8048,
#8049,#8050,#8051,#8052,#8053,#8054),.UNSPECIFIED.,.F.,.F.,(4,2,2,2,2,4),
(0.374220371250193,0.405303657436317,0.463401934619698,0.511145566311618,
0.535017382157579,0.547829207815722),.UNSPECIFIED.);
#132=B_SPLINE_CURVE_WITH_KNOTS('',3,(#8059,#8060,#8061,#8062,#8063,#8064,
#8065,#8066,#8067,#8068,#8069,#8070),.UNSPECIFIED.,.F.,.F.,(4,2,2,2,2,4),
(0.180598791688309,0.215616511534733,0.251760303950514,0.305352871094209,
0.358945438237905,0.366674412042104),.UNSPECIFIED.);
#133=B_SPLINE_CURVE_WITH_KNOTS('',3,(#8073,#8074,#8075,#8076,#8077,#8078,
#8079,#8080,#8081,#8082,#8083,#8084,#8085),.UNSPECIFIED.,.F.,.F.,(4,3,2,
2,2,4),(-0.0077289738390822,0.,0.0535925671436955,0.107185134287391,0.143328926703172,
0.178346646549595),.UNSPECIFIED.);
#134=B_SPLINE_CURVE_WITH_KNOTS('',3,(#8276,#8277,#8278,#8279,#8280,#8281),
 .UNSPECIFIED.,.F.,.F.,(4,2,4),(1.460836821502,1.61125861180162,1.69532252762413),
 .UNSPECIFIED.);
#135=B_SPLINE_CURVE_WITH_KNOTS('',3,(#8294,#8295,#8296,#8297,#8298,#8299),
 .UNSPECIFIED.,.F.,.F.,(4,2,4),(1.4871309755121,1.65601065878999,1.71213755044627),
 .UNSPECIFIED.);
#136=B_SPLINE_SURFACE_WITH_KNOTS('',3,3,((#6045,#6046,#6047,#6048),(#6049,
#6050,#6051,#6052),(#6053,#6054,#6055,#6056),(#6057,#6058,#6059,#6060),
(#6061,#6062,#6063,#6064),(#6065,#6066,#6067,#6068),(#6069,#6070,#6071,
#6072)),.UNSPECIFIED.,.F.,.F.,.F.,(4,3,4),(4,4),(-1.01774937050289E-6,0.125000065715608,
0.129142074598144),(0.00997222225036274,0.0660582627238727),
 .UNSPECIFIED.);
#137=B_SPLINE_SURFACE_WITH_KNOTS('',3,3,((#6099,#6100,#6101,#6102,#6103,
#6104,#6105,#6106,#6107,#6108,#6109,#6110,#6111,#6112,#6113,#6114),(#6115,
#6116,#6117,#6118,#6119,#6120,#6121,#6122,#6123,#6124,#6125,#6126,#6127,
#6128,#6129,#6130),(#6131,#6132,#6133,#6134,#6135,#6136,#6137,#6138,#6139,
#6140,#6141,#6142,#6143,#6144,#6145,#6146),(#6147,#6148,#6149,#6150,#6151,
#6152,#6153,#6154,#6155,#6156,#6157,#6158,#6159,#6160,#6161,#6162)),
 .UNSPECIFIED.,.F.,.F.,.F.,(4,4),(4,3,2,2,2,3,4),(0.527886847307914,0.976568545188501),
(-0.00992781638433499,-7.36471430715091E-16,0.26665353349528,0.399984964678711,
0.533316395862141,0.799983037772713,0.809911865669914),.UNSPECIFIED.);
#138=B_SPLINE_SURFACE_WITH_KNOTS('',3,3,((#6258,#6259,#6260,#6261),(#6262,
#6263,#6264,#6265),(#6266,#6267,#6268,#6269),(#6270,#6271,#6272,#6273),
(#6274,#6275,#6276,#6277),(#6278,#6279,#6280,#6281),(#6282,#6283,#6284,
#6285)),.UNSPECIFIED.,.F.,.F.,.F.,(4,3,4),(4,4),(0.00999885065388184,0.125000065715608,
0.129142074598247),(0.00997222225026081,0.066058262723886),
 .UNSPECIFIED.);
#139=B_SPLINE_SURFACE_WITH_KNOTS('',3,3,((#6311,#6312,#6313,#6314,#6315,
#6316,#6317,#6318,#6319,#6320,#6321,#6322,#6323,#6324,#6325,#6326),(#6327,
#6328,#6329,#6330,#6331,#6332,#6333,#6334,#6335,#6336,#6337,#6338,#6339,
#6340,#6341,#6342),(#6343,#6344,#6345,#6346,#6347,#6348,#6349,#6350,#6351,
#6352,#6353,#6354,#6355,#6356,#6357,#6358),(#6359,#6360,#6361,#6362,#6363,
#6364,#6365,#6366,#6367,#6368,#6369,#6370,#6371,#6372,#6373,#6374)),
 .UNSPECIFIED.,.F.,.F.,.F.,(4,4),(4,3,2,2,2,3,4),(0.527886847300757,0.976568545188508),
(-0.00992781638433615,-1.38947284667595E-16,0.26665353349528,0.399984964678711,
0.533316395862141,0.799983037772713,0.809911865669914),.UNSPECIFIED.);
#140=B_SPLINE_SURFACE_WITH_KNOTS('',3,3,((#6393,#6394,#6395,#6396),(#6397,
#6398,#6399,#6400),(#6401,#6402,#6403,#6404),(#6405,#6406,#6407,#6408),
(#6409,#6410,#6411,#6412),(#6413,#6414,#6415,#6416),(#6417,#6418,#6419,
#6420)),.UNSPECIFIED.,.F.,.F.,.F.,(4,3,4),(4,4),(0.00999885065388145,0.125000065715608,
0.129142074598246),(0.00997222225026123,0.0660582627238866),
 .UNSPECIFIED.);
#141=B_SPLINE_SURFACE_WITH_KNOTS('',3,3,((#6446,#6447,#6448,#6449,#6450,
#6451,#6452,#6453,#6454,#6455,#6456,#6457,#6458,#6459,#6460,#6461),(#6462,
#6463,#6464,#6465,#6466,#6467,#6468,#6469,#6470,#6471,#6472,#6473,#6474,
#6475,#6476,#6477),(#6478,#6479,#6480,#6481,#6482,#6483,#6484,#6485,#6486,
#6487,#6488,#6489,#6490,#6491,#6492,#6493),(#6494,#6495,#6496,#6497,#6498,
#6499,#6500,#6501,#6502,#6503,#6504,#6505,#6506,#6507,#6508,#6509)),
 .UNSPECIFIED.,.F.,.F.,.F.,(4,4),(4,3,2,2,2,3,4),(0.527886847300752,0.976568545188508),
(-0.00992781638433517,0.,0.26665353349528,0.399984964678711,0.533316395862141,
0.799983037772713,0.809911865669915),.UNSPECIFIED.);
#142=B_SPLINE_SURFACE_WITH_KNOTS('',3,3,((#6528,#6529,#6530,#6531),(#6532,
#6533,#6534,#6535),(#6536,#6537,#6538,#6539),(#6540,#6541,#6542,#6543),
(#6544,#6545,#6546,#6547),(#6548,#6549,#6550,#6551),(#6552,#6553,#6554,
#6555)),.UNSPECIFIED.,.F.,.F.,.F.,(4,3,4),(4,4),(0.00999885065388156,0.125000065715608,
0.129142074598246),(0.00997222225026129,0.0660582627238866),
 .UNSPECIFIED.);
#143=B_SPLINE_SURFACE_WITH_KNOTS('',3,3,((#6581,#6582,#6583,#6584,#6585,
#6586,#6587,#6588,#6589,#6590,#6591,#6592,#6593,#6594,#6595,#6596),(#6597,
#6598,#6599,#6600,#6601,#6602,#6603,#6604,#6605,#6606,#6607,#6608,#6609,
#6610,#6611,#6612),(#6613,#6614,#6615,#6616,#6617,#6618,#6619,#6620,#6621,
#6622,#6623,#6624,#6625,#6626,#6627,#6628),(#6629,#6630,#6631,#6632,#6633,
#6634,#6635,#6636,#6637,#6638,#6639,#6640,#6641,#6642,#6643,#6644)),
 .UNSPECIFIED.,.F.,.F.,.F.,(4,4),(4,3,2,2,2,3,4),(0.527886847300752,0.976568545188508),
(-0.00992781638433552,0.,0.26665353349528,0.399984964678711,0.53331639586214,
0.799983037772712,0.809911865669914),.UNSPECIFIED.);
#144=B_SPLINE_SURFACE_WITH_KNOTS('',3,3,((#6668,#6669,#6670,#6671,#6672,
#6673,#6674,#6675,#6676,#6677,#6678,#6679,#6680,#6681,#6682,#6683,#6684,
#6685,#6686,#6687,#6688,#6689,#6690,#6691,#6692,#6693,#6694,#6695),(#6696,
#6697,#6698,#6699,#6700,#6701,#6702,#6703,#6704,#6705,#6706,#6707,#6708,
#6709,#6710,#6711,#6712,#6713,#6714,#6715,#6716,#6717,#6718,#6719,#6720,
#6721,#6722,#6723),(#6724,#6725,#6726,#6727,#6728,#6729,#6730,#6731,#6732,
#6733,#6734,#6735,#6736,#6737,#6738,#6739,#6740,#6741,#6742,#6743,#6744,
#6745,#6746,#6747,#6748,#6749,#6750,#6751),(#6752,#6753,#6754,#6755,#6756,
#6757,#6758,#6759,#6760,#6761,#6762,#6763,#6764,#6765,#6766,#6767,#6768,
#6769,#6770,#6771,#6772,#6773,#6774,#6775,#6776,#6777,#6778,#6779)),
 .UNSPECIFIED.,.F.,.F.,.F.,(4,4),(4,3,3,2,2,2,2,2,2,3,3,4),(-0.0873019259405123,
0.945880418200761),(-0.00978833105983104,-3.23734326907237E-5,0.,0.266634962402825,
0.266666495555946,0.399964707115432,0.399999870720359,0.533301663429005,
0.533333245884771,0.799958512311831,0.799990626924638,0.809777086653267),
 .UNSPECIFIED.);
#145=B_SPLINE_SURFACE_WITH_KNOTS('',3,3,((#6794,#6795,#6796,#6797),(#6798,
#6799,#6800,#6801),(#6802,#6803,#6804,#6805),(#6806,#6807,#6808,#6809),
(#6810,#6811,#6812,#6813),(#6814,#6815,#6816,#6817),(#6818,#6819,#6820,
#6821)),.UNSPECIFIED.,.F.,.F.,.F.,(4,3,4),(4,4),(-0.00414224781837066,0.,
0.124999838474438),(0.00997222224987103,0.0660582392035622),
 .UNSPECIFIED.);
#146=B_SPLINE_SURFACE_WITH_KNOTS('',3,3,((#6834,#6835,#6836,#6837),(#6838,
#6839,#6840,#6841),(#6842,#6843,#6844,#6845),(#6846,#6847,#6848,#6849),
(#6850,#6851,#6852,#6853),(#6854,#6855,#6856,#6857),(#6858,#6859,#6860,
#6861),(#6862,#6863,#6864,#6865),(#6866,#6867,#6868,#6869),(#6870,#6871,
#6872,#6873),(#6874,#6875,#6876,#6877),(#6878,#6879,#6880,#6881),(#6882,
#6883,#6884,#6885),(#6886,#6887,#6888,#6889)),.UNSPECIFIED.,.F.,.F.,.F.,
(4,2,2,2,2,2,4),(4,4),(-0.00992829642029085,0.,0.266666495555946,0.399999870720359,
0.533333245884771,0.799990626924638,0.809918054390977),(0.00999999999850641,
0.0358239242842648),.UNSPECIFIED.);
#147=B_SPLINE_SURFACE_WITH_KNOTS('',3,3,((#6990,#6991,#6992,#6993,#6994,
#6995,#6996,#6997,#6998,#6999,#7000,#7001,#7002,#7003,#7004,#7005,#7006,
#7007,#7008,#7009,#7010,#7011,#7012,#7013,#7014,#7015,#7016,#7017),(#7018,
#7019,#7020,#7021,#7022,#7023,#7024,#7025,#7026,#7027,#7028,#7029,#7030,
#7031,#7032,#7033,#7034,#7035,#7036,#7037,#7038,#7039,#7040,#7041,#7042,
#7043,#7044,#7045),(#7046,#7047,#7048,#7049,#7050,#7051,#7052,#7053,#7054,
#7055,#7056,#7057,#7058,#7059,#7060,#7061,#7062,#7063,#7064,#7065,#7066,
#7067,#7068,#7069,#7070,#7071,#7072,#7073),(#7074,#7075,#7076,#7077,#7078,
#7079,#7080,#7081,#7082,#7083,#7084,#7085,#7086,#7087,#7088,#7089,#7090,
#7091,#7092,#7093,#7094,#7095,#7096,#7097,#7098,#7099,#7100,#7101)),
 .UNSPECIFIED.,.F.,.F.,.F.,(4,4),(4,3,3,2,2,2,2,2,2,3,3,4),(-0.0873019261136406,
0.804459148119667),(-0.00976841593495198,-3.2373432690168E-5,0.,0.266634962402824,
0.266666495555946,0.399964707115431,0.399999870720357,0.533301663429005,
0.53333324588477,0.79995851231183,0.799990626924638,0.809752722430766),
 .UNSPECIFIED.);
#148=B_SPLINE_SURFACE_WITH_KNOTS('',3,3,((#7115,#7116,#7117,#7118),(#7119,
#7120,#7121,#7122),(#7123,#7124,#7125,#7126),(#7127,#7128,#7129,#7130),
(#7131,#7132,#7133,#7134),(#7135,#7136,#7137,#7138),(#7139,#7140,#7141,
#7142)),.UNSPECIFIED.,.F.,.F.,.F.,(4,3,4),(4,4),(-0.00414224781844882,0.,
0.114999847721934),(0.00997222224987061,0.0660582392035409),
 .UNSPECIFIED.);
#149=B_SPLINE_SURFACE_WITH_KNOTS('',3,3,((#7155,#7156,#7157,#7158),(#7159,
#7160,#7161,#7162),(#7163,#7164,#7165,#7166),(#7167,#7168,#7169,#7170),
(#7171,#7172,#7173,#7174),(#7175,#7176,#7177,#7178),(#7179,#7180,#7181,
#7182),(#7183,#7184,#7185,#7186),(#7187,#7188,#7189,#7190),(#7191,#7192,
#7193,#7194),(#7195,#7196,#7197,#7198),(#7199,#7200,#7201,#7202),(#7203,
#7204,#7205,#7206),(#7207,#7208,#7209,#7210),(#7211,#7212,#7213,#7214),
(#7215,#7216,#7217,#7218)),.UNSPECIFIED.,.F.,.F.,.F.,(4,3,2,2,2,3,4),(4,
4),(-0.00992850562577349,-2.22044604925031E-16,0.266666495555946,0.399999870720358,
0.533333245884771,0.799990626924638,0.809917891506549),(0.00999999975869599,
0.039966065838168),.UNSPECIFIED.);
#150=B_SPLINE_SURFACE_WITH_KNOTS('',3,3,((#7238,#7239,#7240,#7241,#7242,
#7243,#7244,#7245,#7246,#7247,#7248,#7249,#7250,#7251,#7252,#7253,#7254,
#7255,#7256,#7257,#7258,#7259,#7260,#7261,#7262,#7263,#7264,#7265),(#7266,
#7267,#7268,#7269,#7270,#7271,#7272,#7273,#7274,#7275,#7276,#7277,#7278,
#7279,#7280,#7281,#7282,#7283,#7284,#7285,#7286,#7287,#7288,#7289,#7290,
#7291,#7292,#7293),(#7294,#7295,#7296,#7297,#7298,#7299,#7300,#7301,#7302,
#7303,#7304,#7305,#7306,#7307,#7308,#7309,#7310,#7311,#7312,#7313,#7314,
#7315,#7316,#7317,#7318,#7319,#7320,#7321),(#7322,#7323,#7324,#7325,#7326,
#7327,#7328,#7329,#7330,#7331,#7332,#7333,#7334,#7335,#7336,#7337,#7338,
#7339,#7340,#7341,#7342,#7343,#7344,#7345,#7346,#7347,#7348,#7349)),
 .UNSPECIFIED.,.F.,.F.,.F.,(4,4),(4,3,3,2,2,2,2,2,2,3,3,4),(-0.0873019261136442,
0.804459148119645),(-0.00976841593495131,-3.23734326903912E-5,0.,0.266634962402825,
0.266666495555946,0.399964707115432,0.399999870720359,0.533301663429004,
0.533333245884771,0.799958512311832,0.799990626924638,0.809752722430766),
 .UNSPECIFIED.);
#151=B_SPLINE_SURFACE_WITH_KNOTS('',3,3,((#7363,#7364,#7365,#7366),(#7367,
#7368,#7369,#7370),(#7371,#7372,#7373,#7374),(#7375,#7376,#7377,#7378),
(#7379,#7380,#7381,#7382),(#7383,#7384,#7385,#7386),(#7387,#7388,#7389,
#7390)),.UNSPECIFIED.,.F.,.F.,.F.,(4,3,4),(4,4),(-0.00414224781844879,0.,
0.114999847721934),(0.00997222224987075,0.0660582392035367),
 .UNSPECIFIED.);
#152=B_SPLINE_SURFACE_WITH_KNOTS('',3,3,((#7403,#7404,#7405,#7406),(#7407,
#7408,#7409,#7410),(#7411,#7412,#7413,#7414),(#7415,#7416,#7417,#7418),
(#7419,#7420,#7421,#7422),(#7423,#7424,#7425,#7426),(#7427,#7428,#7429,
#7430),(#7431,#7432,#7433,#7434),(#7435,#7436,#7437,#7438),(#7439,#7440,
#7441,#7442),(#7443,#7444,#7445,#7446),(#7447,#7448,#7449,#7450),(#7451,
#7452,#7453,#7454),(#7455,#7456,#7457,#7458),(#7459,#7460,#7461,#7462),
(#7463,#7464,#7465,#7466)),.UNSPECIFIED.,.F.,.F.,.F.,(4,3,2,2,2,3,4),(4,
4),(-0.00992850562577354,0.,0.266666495555946,0.399999870720359,0.533333245884771,
0.799990626924638,0.80991789150655),(0.00999999975869621,0.0399660658381677),
 .UNSPECIFIED.);
#153=B_SPLINE_SURFACE_WITH_KNOTS('',3,3,((#7486,#7487,#7488,#7489,#7490,
#7491,#7492,#7493,#7494,#7495,#7496,#7497,#7498,#7499,#7500,#7501,#7502,
#7503,#7504,#7505,#7506,#7507,#7508,#7509,#7510,#7511,#7512,#7513),(#7514,
#7515,#7516,#7517,#7518,#7519,#7520,#7521,#7522,#7523,#7524,#7525,#7526,
#7527,#7528,#7529,#7530,#7531,#7532,#7533,#7534,#7535,#7536,#7537,#7538,
#7539,#7540,#7541),(#7542,#7543,#7544,#7545,#7546,#7547,#7548,#7549,#7550,
#7551,#7552,#7553,#7554,#7555,#7556,#7557,#7558,#7559,#7560,#7561,#7562,
#7563,#7564,#7565,#7566,#7567,#7568,#7569),(#7570,#7571,#7572,#7573,#7574,
#7575,#7576,#7577,#7578,#7579,#7580,#7581,#7582,#7583,#7584,#7585,#7586,
#7587,#7588,#7589,#7590,#7591,#7592,#7593,#7594,#7595,#7596,#7597)),
 .UNSPECIFIED.,.F.,.F.,.F.,(4,4),(4,3,3,2,2,2,2,2,2,3,3,4),(-0.0873019261136432,
0.804459148119666),(-0.0097684159349529,-3.23734326897255E-5,0.,0.266634962402824,
0.266666495555945,0.399964707115433,0.399999870720357,0.533301663429004,
0.533333245884771,0.79995851231183,0.799990626924638,0.809752722430767),
 .UNSPECIFIED.);
#154=B_SPLINE_SURFACE_WITH_KNOTS('',3,3,((#7611,#7612,#7613,#7614),(#7615,
#7616,#7617,#7618),(#7619,#7620,#7621,#7622),(#7623,#7624,#7625,#7626),
(#7627,#7628,#7629,#7630),(#7631,#7632,#7633,#7634),(#7635,#7636,#7637,
#7638)),.UNSPECIFIED.,.F.,.F.,.F.,(4,3,4),(4,4),(-0.00414224781844922,0.,
0.114999847721934),(0.00997222224987075,0.0660582392035411),
 .UNSPECIFIED.);
#155=B_SPLINE_SURFACE_WITH_KNOTS('',3,3,((#7651,#7652,#7653,#7654),(#7655,
#7656,#7657,#7658),(#7659,#7660,#7661,#7662),(#7663,#7664,#7665,#7666),
(#7667,#7668,#7669,#7670),(#7671,#7672,#7673,#7674),(#7675,#7676,#7677,
#7678),(#7679,#7680,#7681,#7682),(#7683,#7684,#7685,#7686),(#7687,#7688,
#7689,#7690),(#7691,#7692,#7693,#7694),(#7695,#7696,#7697,#7698),(#7699,
#7700,#7701,#7702),(#7703,#7704,#7705,#7706),(#7707,#7708,#7709,#7710),
(#7711,#7712,#7713,#7714)),.UNSPECIFIED.,.F.,.F.,.F.,(4,3,2,2,2,3,4),(4,
4),(-0.00992850562577303,-2.15105711021124E-16,0.266666495555946,0.399999870720358,
0.533333245884771,0.799990626924638,0.80991789150655),(0.00999999975869607,
0.039966065838168),.UNSPECIFIED.);
#156=B_SPLINE_SURFACE_WITH_KNOTS('',3,3,((#7738,#7739,#7740,#7741,#7742,
#7743),(#7744,#7745,#7746,#7747,#7748,#7749),(#7750,#7751,#7752,#7753,#7754,
#7755),(#7756,#7757,#7758,#7759,#7760,#7761)),.UNSPECIFIED.,.F.,.F.,.F.,
(4,4),(4,2,4),(0.,1.),(-0.164112955832767,-0.163434956892098,0.),
 .UNSPECIFIED.);
#157=B_SPLINE_SURFACE_WITH_KNOTS('',3,3,((#7778,#7779,#7780,#7781,#7782),
(#7783,#7784,#7785,#7786,#7787),(#7788,#7789,#7790,#7791,#7792),(#7793,
#7794,#7795,#7796,#7797),(#7798,#7799,#7800,#7801,#7802)),.UNSPECIFIED.,
 .F.,.F.,.F.,(4,1,4),(4,1,4),(0.,0.571428571428571,1.),(0.,0.108181016592738,
0.216362033185477),.UNSPECIFIED.);
#158=B_SPLINE_SURFACE_WITH_KNOTS('',3,3,((#7839,#7840,#7841,#7842,#7843),
(#7844,#7845,#7846,#7847,#7848),(#7849,#7850,#7851,#7852,#7853),(#7854,
#7855,#7856,#7857,#7858),(#7859,#7860,#7861,#7862,#7863)),.UNSPECIFIED.,
 .F.,.F.,.F.,(4,1,4),(4,1,4),(0.236581806389265,0.618290903194632,1.),(-3.31979214780599E-15,
0.844824207535532,1.47844236318718),.UNSPECIFIED.);
#159=CIRCLE('',#4350,19.5);
#160=CIRCLE('',#4351,19.5);
#161=CIRCLE('',#4352,19.5);
#162=CIRCLE('',#4353,19.5);
#163=CIRCLE('',#4354,19.5);
#164=CIRCLE('',#4355,19.5);
#165=CIRCLE('',#4356,19.5);
#166=CIRCLE('',#4357,19.5);
#167=CIRCLE('',#4359,0.600000000000001);
#168=CIRCLE('',#4360,0.600000000000001);
#169=CIRCLE('',#4362,0.600000000000001);
#170=CIRCLE('',#4365,0.600000000000001);
#171=CIRCLE('',#4368,1.25);
#172=CIRCLE('',#4370,1.25);
#173=CIRCLE('',#4374,1.25);
#174=CIRCLE('',#4375,1.25);
#175=CIRCLE('',#4378,0.9);
#176=CIRCLE('',#4379,0.9);
#177=CIRCLE('',#4381,0.9);
#178=CIRCLE('',#4382,0.9);
#179=CIRCLE('',#4395,0.9);
#180=CIRCLE('',#4396,0.9);
#181=CIRCLE('',#4399,0.9);
#182=CIRCLE('',#4400,0.9);
#183=CIRCLE('',#4402,0.9);
#184=CIRCLE('',#4403,0.9);
#185=CIRCLE('',#4406,0.9);
#186=CIRCLE('',#4407,0.9);
#187=CIRCLE('',#4410,0.9);
#188=CIRCLE('',#4411,0.9);
#189=CIRCLE('',#4413,0.9);
#190=CIRCLE('',#4414,0.9);
#191=CIRCLE('',#4426,0.999999999999999);
#192=CIRCLE('',#4428,4.59999999999999);
#193=CIRCLE('',#4429,4.59999999999999);
#194=CIRCLE('',#4438,9.65273559282541);
#195=CIRCLE('',#4439,9.59212328416523);
#196=CIRCLE('',#4440,6.65273559282541);
#197=CIRCLE('',#4445,4.10000000112866);
#198=CIRCLE('',#4446,3.10000000112867);
#199=CIRCLE('',#4449,3.10000000112867);
#200=CIRCLE('',#4452,9.65273559282541);
#201=CIRCLE('',#4453,9.65273559282541);
#202=CIRCLE('',#4454,9.65273559282541);
#203=CIRCLE('',#4456,6.65273559282541);
#204=CIRCLE('',#4460,1.29999999999972);
#205=CIRCLE('',#4462,1.29999999999972);
#206=CIRCLE('',#4464,6.65273559282541);
#207=CIRCLE('',#4465,7.70063559282542);
#208=CIRCLE('',#4467,1.05);
#209=CIRCLE('',#4469,8.60483559282541);
#210=CIRCLE('',#4471,1.05);
#211=CIRCLE('',#4475,1.05);
#212=CIRCLE('',#4482,6.65273559282541);
#213=CIRCLE('',#4483,6.65273559282541);
#214=CIRCLE('',#4490,1.1);
#215=CIRCLE('',#4492,1.1);
#216=CIRCLE('',#4494,1.1);
#217=CIRCLE('',#4496,1.1);
#218=CIRCLE('',#4500,4.10000000112855);
#219=CIRCLE('',#4501,4.10000000112855);
#220=CIRCLE('',#4505,4.075);
#221=CIRCLE('',#4506,4.075);
#222=CIRCLE('',#4509,4.07499999999999);
#223=CIRCLE('',#4510,4.07499999999999);
#224=CIRCLE('',#4512,6.);
#225=CIRCLE('',#4513,6.);
#226=CIRCLE('',#4515,6.);
#227=CIRCLE('',#4516,6.);
#228=CIRCLE('',#4518,13.5);
#229=CIRCLE('',#4519,27.5000000149012);
#230=CIRCLE('',#4520,12.);
#231=CIRCLE('',#4523,13.5);
#232=CIRCLE('',#4525,27.5000000149012);
#233=CIRCLE('',#4526,27.5);
#234=CIRCLE('',#4527,26.5000000149012);
#235=CIRCLE('',#4529,13.6);
#236=CIRCLE('',#4530,13.6);
#237=CIRCLE('',#4533,4.5);
#238=CIRCLE('',#4534,4.5);
#239=CIRCLE('',#4536,4.5);
#240=CIRCLE('',#4537,4.5);
#241=CIRCLE('',#4539,4.5);
#242=CIRCLE('',#4540,4.5);
#243=CIRCLE('',#4542,18.);
#244=CIRCLE('',#4543,18.);
#245=CIRCLE('',#4547,3.1);
#246=CIRCLE('',#4548,3.1);
#247=CIRCLE('',#4551,3.1);
#248=CIRCLE('',#4552,3.1);
#249=CIRCLE('',#4554,3.1);
#250=CIRCLE('',#4555,3.1);
#251=CIRCLE('',#4558,3.1);
#252=CIRCLE('',#4559,3.1);
#253=CIRCLE('',#4561,3.625);
#254=CIRCLE('',#4562,3.625);
#255=CIRCLE('',#4564,24.375);
#256=CIRCLE('',#4565,24.375);
#257=CIRCLE('',#4567,24.375);
#258=CIRCLE('',#4569,24.375);
#259=CIRCLE('',#4571,3.625);
#260=CIRCLE('',#4572,3.625);
#261=CIRCLE('',#4575,2.);
#262=CIRCLE('',#4577,26.5000000149012);
#263=CIRCLE('',#4580,3.1);
#264=CIRCLE('',#4581,3.1);
#265=CIRCLE('',#4584,3.1);
#266=CIRCLE('',#4585,3.1);
#267=CIRCLE('',#4587,4.1);
#268=CIRCLE('',#4588,4.1);
#269=CIRCLE('',#4590,4.1);
#270=CIRCLE('',#4591,4.1);
#271=CIRCLE('',#4594,4.1);
#272=CIRCLE('',#4595,4.1);
#273=CIRCLE('',#4597,4.1);
#274=CIRCLE('',#4598,4.1);
#275=CIRCLE('',#4601,3.1);
#276=CIRCLE('',#4602,3.1);
#277=CIRCLE('',#4605,3.1);
#278=CIRCLE('',#4606,3.1);
#279=CIRCLE('',#4609,4.1);
#280=CIRCLE('',#4610,4.1);
#281=CIRCLE('',#4611,4.1);
#282=CIRCLE('',#4612,4.1);
#283=CIRCLE('',#4614,4.1);
#284=CIRCLE('',#4617,4.1);
#285=CIRCLE('',#4620,4.1);
#286=CIRCLE('',#4622,4.1);
#287=CIRCLE('',#4626,12.);
#288=CIRCLE('',#4628,27.5);
#289=CIRCLE('',#4630,12.);
#290=CIRCLE('',#4631,12.);
#291=CIRCLE('',#4633,15.);
#292=CIRCLE('',#4635,24.5);
#293=CIRCLE('',#4637,15.);
#294=CIRCLE('',#4640,3.10000000112867);
#295=CIRCLE('',#4641,3.10000000112867);
#296=CIRCLE('',#4644,25.5);
#297=CIRCLE('',#4645,25.5);
#298=CIRCLE('',#4647,22.7000000000002);
#299=CIRCLE('',#4650,25.5);
#300=CIRCLE('',#4651,25.5);
#301=CIRCLE('',#4653,1.);
#302=CIRCLE('',#4654,1.);
#303=CIRCLE('',#4656,25.5);
#304=CIRCLE('',#4657,25.5);
#305=CIRCLE('',#4659,1.);
#306=CIRCLE('',#4660,1.);
#307=CIRCLE('',#4663,1.);
#308=CIRCLE('',#4666,1.);
#309=CIRCLE('',#4671,1.);
#310=CIRCLE('',#4674,1.);
#311=CIRCLE('',#4675,1.);
#312=CIRCLE('',#4677,1.);
#313=CIRCLE('',#4682,22.7000000000002);
#314=CIRCLE('',#4684,1.);
#315=CIRCLE('',#4687,1.);
#316=CIRCLE('',#4689,4.10000000112862);
#317=CIRCLE('',#4691,6.99999999999999);
#318=CIRCLE('',#4692,6.99999999999999);
#319=CIRCLE('',#4694,6.99999999999999);
#320=CIRCLE('',#4695,6.99999999999999);
#321=CIRCLE('',#4697,2.6);
#322=CIRCLE('',#4699,6.);
#323=CIRCLE('',#4700,6.);
#324=CIRCLE('',#4701,1.30000000000001);
#325=CIRCLE('',#4705,6.);
#326=CIRCLE('',#4708,6.);
#327=CIRCLE('',#4710,1.30000000000001);
#328=CIRCLE('',#4711,2.);
#329=CIRCLE('',#4713,1.30000000000001);
#330=CIRCLE('',#4718,4.10000000112866);
#331=CIRCLE('',#4723,2.);
#332=CIRCLE('',#4725,2.);
#333=CIRCLE('',#4727,2.6);
#334=CIRCLE('',#4729,2.6);
#335=CIRCLE('',#4732,4.5);
#336=CIRCLE('',#4734,4.5);
#337=CIRCLE('',#4737,2.6);
#338=CIRCLE('',#4741,4.10000000112862);
#339=CYLINDRICAL_SURFACE('',#4349,19.5);
#340=CYLINDRICAL_SURFACE('',#4358,0.600000000000001);
#341=CYLINDRICAL_SURFACE('',#4364,0.600000000000001);
#342=CYLINDRICAL_SURFACE('',#4369,1.25);
#343=CYLINDRICAL_SURFACE('',#4373,1.25);
#344=CYLINDRICAL_SURFACE('',#4377,0.9);
#345=CYLINDRICAL_SURFACE('',#4380,0.9);
#346=CYLINDRICAL_SURFACE('',#4394,0.9);
#347=CYLINDRICAL_SURFACE('',#4398,0.9);
#348=CYLINDRICAL_SURFACE('',#4401,0.9);
#349=CYLINDRICAL_SURFACE('',#4405,0.9);
#350=CYLINDRICAL_SURFACE('',#4409,0.9);
#351=CYLINDRICAL_SURFACE('',#4412,0.9);
#352=CYLINDRICAL_SURFACE('',#4427,4.59999999999999);
#353=CYLINDRICAL_SURFACE('',#4432,3.);
#354=CYLINDRICAL_SURFACE('',#4435,3.);
#355=CYLINDRICAL_SURFACE('',#4448,3.10000000112867);
#356=CYLINDRICAL_SURFACE('',#4451,9.65273559282541);
#357=CYLINDRICAL_SURFACE('',#4461,1.29999999999972);
#358=CYLINDRICAL_SURFACE('',#4470,1.05);
#359=CYLINDRICAL_SURFACE('',#4474,1.05);
#360=CYLINDRICAL_SURFACE('',#4481,6.65273559282541);
#361=CYLINDRICAL_SURFACE('',#4493,1.1);
#362=CYLINDRICAL_SURFACE('',#4495,1.1);
#363=CYLINDRICAL_SURFACE('',#4499,4.10000000112855);
#364=CYLINDRICAL_SURFACE('',#4504,4.075);
#365=CYLINDRICAL_SURFACE('',#4508,4.07499999999999);
#366=CYLINDRICAL_SURFACE('',#4511,6.);
#367=CYLINDRICAL_SURFACE('',#4514,6.);
#368=CYLINDRICAL_SURFACE('',#4522,13.5);
#369=CYLINDRICAL_SURFACE('',#4528,13.6);
#370=CYLINDRICAL_SURFACE('',#4532,4.5);
#371=CYLINDRICAL_SURFACE('',#4535,4.5);
#372=CYLINDRICAL_SURFACE('',#4538,4.5);
#373=CYLINDRICAL_SURFACE('',#4541,18.);
#374=CYLINDRICAL_SURFACE('',#4546,3.1);
#375=CYLINDRICAL_SURFACE('',#4550,3.1);
#376=CYLINDRICAL_SURFACE('',#4553,3.1);
#377=CYLINDRICAL_SURFACE('',#4557,3.1);
#378=CYLINDRICAL_SURFACE('',#4560,3.625);
#379=CYLINDRICAL_SURFACE('',#4563,24.375);
#380=CYLINDRICAL_SURFACE('',#4570,3.625);
#381=CYLINDRICAL_SURFACE('',#4576,26.5000000149012);
#382=CYLINDRICAL_SURFACE('',#4579,3.1);
#383=CYLINDRICAL_SURFACE('',#4583,3.1);
#384=CYLINDRICAL_SURFACE('',#4586,4.1);
#385=CYLINDRICAL_SURFACE('',#4589,4.1);
#386=CYLINDRICAL_SURFACE('',#4593,4.1);
#387=CYLINDRICAL_SURFACE('',#4596,4.1);
#388=CYLINDRICAL_SURFACE('',#4600,3.1);
#389=CYLINDRICAL_SURFACE('',#4604,3.1);
#390=CYLINDRICAL_SURFACE('',#4613,4.1);
#391=CYLINDRICAL_SURFACE('',#4616,4.1);
#392=CYLINDRICAL_SURFACE('',#4619,4.1);
#393=CYLINDRICAL_SURFACE('',#4621,4.1);
#394=CYLINDRICAL_SURFACE('',#4625,12.);
#395=CYLINDRICAL_SURFACE('',#4627,27.5);
#396=CYLINDRICAL_SURFACE('',#4629,12.);
#397=CYLINDRICAL_SURFACE('',#4639,3.10000000112867);
#398=CYLINDRICAL_SURFACE('',#4643,25.5);
#399=CYLINDRICAL_SURFACE('',#4646,22.7000000000002);
#400=CYLINDRICAL_SURFACE('',#4649,25.5);
#401=CYLINDRICAL_SURFACE('',#4652,1.);
#402=CYLINDRICAL_SURFACE('',#4655,25.5);
#403=CYLINDRICAL_SURFACE('',#4658,1.);
#404=CYLINDRICAL_SURFACE('',#4662,1.);
#405=CYLINDRICAL_SURFACE('',#4665,1.);
#406=CYLINDRICAL_SURFACE('',#4670,1.);
#407=CYLINDRICAL_SURFACE('',#4676,1.);
#408=CYLINDRICAL_SURFACE('',#4681,22.7000000000002);
#409=CYLINDRICAL_SURFACE('',#4683,1.);
#410=CYLINDRICAL_SURFACE('',#4686,1.);
#411=CYLINDRICAL_SURFACE('',#4690,6.99999999999999);
#412=CYLINDRICAL_SURFACE('',#4693,6.99999999999999);
#413=CYLINDRICAL_SURFACE('',#4704,6.);
#414=CYLINDRICAL_SURFACE('',#4707,6.);
#415=CYLINDRICAL_SURFACE('',#4712,1.30000000000001);
#416=CYLINDRICAL_SURFACE('',#4720,2.);
#417=CYLINDRICAL_SURFACE('',#4724,2.);
#418=CYLINDRICAL_SURFACE('',#4730,2.6);
#419=CYLINDRICAL_SURFACE('',#4733,4.5);
#420=CYLINDRICAL_SURFACE('',#4738,2.6);
#421=CYLINDRICAL_SURFACE('',#4740,4.10000000112862);
#422=FACE_OUTER_BOUND('',#655,.T.);
#423=FACE_OUTER_BOUND('',#656,.T.);
#424=FACE_OUTER_BOUND('',#657,.T.);
#425=FACE_OUTER_BOUND('',#658,.T.);
#426=FACE_OUTER_BOUND('',#659,.T.);
#427=FACE_OUTER_BOUND('',#660,.T.);
#428=FACE_OUTER_BOUND('',#661,.T.);
#429=FACE_OUTER_BOUND('',#662,.T.);
#430=FACE_OUTER_BOUND('',#663,.T.);
#431=FACE_OUTER_BOUND('',#664,.T.);
#432=FACE_OUTER_BOUND('',#665,.T.);
#433=FACE_OUTER_BOUND('',#666,.T.);
#434=FACE_OUTER_BOUND('',#667,.T.);
#435=FACE_OUTER_BOUND('',#668,.T.);
#436=FACE_OUTER_BOUND('',#669,.T.);
#437=FACE_OUTER_BOUND('',#670,.T.);
#438=FACE_OUTER_BOUND('',#671,.T.);
#439=FACE_OUTER_BOUND('',#672,.T.);
#440=FACE_OUTER_BOUND('',#673,.T.);
#441=FACE_OUTER_BOUND('',#674,.T.);
#442=FACE_OUTER_BOUND('',#675,.T.);
#443=FACE_OUTER_BOUND('',#676,.T.);
#444=FACE_OUTER_BOUND('',#677,.T.);
#445=FACE_OUTER_BOUND('',#678,.T.);
#446=FACE_OUTER_BOUND('',#679,.T.);
#447=FACE_OUTER_BOUND('',#680,.T.);
#448=FACE_OUTER_BOUND('',#681,.T.);
#449=FACE_OUTER_BOUND('',#682,.T.);
#450=FACE_OUTER_BOUND('',#683,.T.);
#451=FACE_OUTER_BOUND('',#684,.T.);
#452=FACE_OUTER_BOUND('',#685,.T.);
#453=FACE_OUTER_BOUND('',#686,.T.);
#454=FACE_OUTER_BOUND('',#687,.T.);
#455=FACE_OUTER_BOUND('',#688,.T.);
#456=FACE_OUTER_BOUND('',#689,.T.);
#457=FACE_OUTER_BOUND('',#690,.T.);
#458=FACE_OUTER_BOUND('',#691,.T.);
#459=FACE_OUTER_BOUND('',#692,.T.);
#460=FACE_OUTER_BOUND('',#693,.T.);
#461=FACE_OUTER_BOUND('',#694,.T.);
#462=FACE_OUTER_BOUND('',#695,.T.);
#463=FACE_OUTER_BOUND('',#696,.T.);
#464=FACE_OUTER_BOUND('',#697,.T.);
#465=FACE_OUTER_BOUND('',#698,.T.);
#466=FACE_OUTER_BOUND('',#699,.T.);
#467=FACE_OUTER_BOUND('',#700,.T.);
#468=FACE_OUTER_BOUND('',#701,.T.);
#469=FACE_OUTER_BOUND('',#702,.T.);
#470=FACE_OUTER_BOUND('',#703,.T.);
#471=FACE_OUTER_BOUND('',#704,.T.);
#472=FACE_OUTER_BOUND('',#705,.T.);
#473=FACE_OUTER_BOUND('',#706,.T.);
#474=FACE_OUTER_BOUND('',#707,.T.);
#475=FACE_OUTER_BOUND('',#708,.T.);
#476=FACE_OUTER_BOUND('',#709,.T.);
#477=FACE_OUTER_BOUND('',#710,.T.);
#478=FACE_OUTER_BOUND('',#711,.T.);
#479=FACE_OUTER_BOUND('',#712,.T.);
#480=FACE_OUTER_BOUND('',#713,.T.);
#481=FACE_OUTER_BOUND('',#714,.T.);
#482=FACE_OUTER_BOUND('',#715,.T.);
#483=FACE_OUTER_BOUND('',#716,.T.);
#484=FACE_OUTER_BOUND('',#717,.T.);
#485=FACE_OUTER_BOUND('',#718,.T.);
#486=FACE_OUTER_BOUND('',#719,.T.);
#487=FACE_OUTER_BOUND('',#720,.T.);
#488=FACE_OUTER_BOUND('',#721,.T.);
#489=FACE_OUTER_BOUND('',#722,.T.);
#490=FACE_OUTER_BOUND('',#723,.T.);
#491=FACE_OUTER_BOUND('',#724,.T.);
#492=FACE_OUTER_BOUND('',#725,.T.);
#493=FACE_OUTER_BOUND('',#726,.T.);
#494=FACE_OUTER_BOUND('',#727,.T.);
#495=FACE_OUTER_BOUND('',#728,.T.);
#496=FACE_OUTER_BOUND('',#729,.T.);
#497=FACE_OUTER_BOUND('',#730,.T.);
#498=FACE_OUTER_BOUND('',#731,.T.);
#499=FACE_OUTER_BOUND('',#732,.T.);
#500=FACE_OUTER_BOUND('',#733,.T.);
#501=FACE_OUTER_BOUND('',#734,.T.);
#502=FACE_OUTER_BOUND('',#735,.T.);
#503=FACE_OUTER_BOUND('',#736,.T.);
#504=FACE_OUTER_BOUND('',#737,.T.);
#505=FACE_OUTER_BOUND('',#738,.T.);
#506=FACE_OUTER_BOUND('',#739,.T.);
#507=FACE_OUTER_BOUND('',#740,.T.);
#508=FACE_OUTER_BOUND('',#741,.T.);
#509=FACE_OUTER_BOUND('',#742,.T.);
#510=FACE_OUTER_BOUND('',#743,.T.);
#511=FACE_OUTER_BOUND('',#744,.T.);
#512=FACE_OUTER_BOUND('',#745,.T.);
#513=FACE_OUTER_BOUND('',#746,.T.);
#514=FACE_OUTER_BOUND('',#747,.T.);
#515=FACE_OUTER_BOUND('',#748,.T.);
#516=FACE_OUTER_BOUND('',#749,.T.);
#517=FACE_OUTER_BOUND('',#750,.T.);
#518=FACE_OUTER_BOUND('',#751,.T.);
#519=FACE_OUTER_BOUND('',#752,.T.);
#520=FACE_OUTER_BOUND('',#753,.T.);
#521=FACE_OUTER_BOUND('',#754,.T.);
#522=FACE_OUTER_BOUND('',#755,.T.);
#523=FACE_OUTER_BOUND('',#756,.T.);
#524=FACE_OUTER_BOUND('',#757,.T.);
#525=FACE_OUTER_BOUND('',#758,.T.);
#526=FACE_OUTER_BOUND('',#759,.T.);
#527=FACE_OUTER_BOUND('',#760,.T.);
#528=FACE_OUTER_BOUND('',#761,.T.);
#529=FACE_OUTER_BOUND('',#762,.T.);
#530=FACE_OUTER_BOUND('',#763,.T.);
#531=FACE_OUTER_BOUND('',#764,.T.);
#532=FACE_OUTER_BOUND('',#766,.T.);
#533=FACE_OUTER_BOUND('',#768,.T.);
#534=FACE_OUTER_BOUND('',#769,.T.);
#535=FACE_OUTER_BOUND('',#770,.T.);
#536=FACE_OUTER_BOUND('',#771,.T.);
#537=FACE_OUTER_BOUND('',#772,.T.);
#538=FACE_OUTER_BOUND('',#773,.T.);
#539=FACE_OUTER_BOUND('',#774,.T.);
#540=FACE_OUTER_BOUND('',#775,.T.);
#541=FACE_OUTER_BOUND('',#776,.T.);
#542=FACE_OUTER_BOUND('',#777,.T.);
#543=FACE_OUTER_BOUND('',#778,.T.);
#544=FACE_OUTER_BOUND('',#779,.T.);
#545=FACE_OUTER_BOUND('',#780,.T.);
#546=FACE_OUTER_BOUND('',#781,.T.);
#547=FACE_OUTER_BOUND('',#782,.T.);
#548=FACE_OUTER_BOUND('',#783,.T.);
#549=FACE_OUTER_BOUND('',#784,.T.);
#550=FACE_OUTER_BOUND('',#785,.T.);
#551=FACE_OUTER_BOUND('',#786,.T.);
#552=FACE_OUTER_BOUND('',#787,.T.);
#553=FACE_OUTER_BOUND('',#788,.T.);
#554=FACE_OUTER_BOUND('',#789,.T.);
#555=FACE_OUTER_BOUND('',#793,.T.);
#556=FACE_OUTER_BOUND('',#795,.T.);
#557=FACE_OUTER_BOUND('',#796,.T.);
#558=FACE_OUTER_BOUND('',#797,.T.);
#559=FACE_OUTER_BOUND('',#799,.T.);
#560=FACE_OUTER_BOUND('',#800,.T.);
#561=FACE_OUTER_BOUND('',#801,.T.);
#562=FACE_OUTER_BOUND('',#802,.T.);
#563=FACE_OUTER_BOUND('',#803,.T.);
#564=FACE_OUTER_BOUND('',#804,.T.);
#565=FACE_OUTER_BOUND('',#805,.T.);
#566=FACE_OUTER_BOUND('',#806,.T.);
#567=FACE_OUTER_BOUND('',#807,.T.);
#568=FACE_OUTER_BOUND('',#809,.T.);
#569=FACE_OUTER_BOUND('',#810,.T.);
#570=FACE_OUTER_BOUND('',#812,.T.);
#571=FACE_OUTER_BOUND('',#813,.T.);
#572=FACE_OUTER_BOUND('',#814,.T.);
#573=FACE_OUTER_BOUND('',#815,.T.);
#574=FACE_OUTER_BOUND('',#816,.T.);
#575=FACE_OUTER_BOUND('',#817,.T.);
#576=FACE_OUTER_BOUND('',#818,.T.);
#577=FACE_OUTER_BOUND('',#819,.T.);
#578=FACE_OUTER_BOUND('',#820,.T.);
#579=FACE_OUTER_BOUND('',#821,.T.);
#580=FACE_OUTER_BOUND('',#822,.T.);
#581=FACE_OUTER_BOUND('',#824,.T.);
#582=FACE_OUTER_BOUND('',#825,.T.);
#583=FACE_OUTER_BOUND('',#827,.T.);
#584=FACE_OUTER_BOUND('',#831,.T.);
#585=FACE_OUTER_BOUND('',#832,.T.);
#586=FACE_OUTER_BOUND('',#833,.T.);
#587=FACE_OUTER_BOUND('',#834,.T.);
#588=FACE_OUTER_BOUND('',#835,.T.);
#589=FACE_OUTER_BOUND('',#836,.T.);
#590=FACE_OUTER_BOUND('',#837,.T.);
#591=FACE_OUTER_BOUND('',#838,.T.);
#592=FACE_OUTER_BOUND('',#841,.T.);
#593=FACE_OUTER_BOUND('',#842,.T.);
#594=FACE_OUTER_BOUND('',#843,.T.);
#595=FACE_OUTER_BOUND('',#844,.T.);
#596=FACE_OUTER_BOUND('',#845,.T.);
#597=FACE_OUTER_BOUND('',#846,.T.);
#598=FACE_OUTER_BOUND('',#847,.T.);
#599=FACE_OUTER_BOUND('',#848,.T.);
#600=FACE_OUTER_BOUND('',#849,.T.);
#601=FACE_OUTER_BOUND('',#850,.T.);
#602=FACE_OUTER_BOUND('',#851,.T.);
#603=FACE_OUTER_BOUND('',#852,.T.);
#604=FACE_OUTER_BOUND('',#853,.T.);
#605=FACE_OUTER_BOUND('',#854,.T.);
#606=FACE_OUTER_BOUND('',#855,.T.);
#607=FACE_OUTER_BOUND('',#856,.T.);
#608=FACE_OUTER_BOUND('',#857,.T.);
#609=FACE_OUTER_BOUND('',#858,.T.);
#610=FACE_OUTER_BOUND('',#859,.T.);
#611=FACE_OUTER_BOUND('',#860,.T.);
#612=FACE_OUTER_BOUND('',#861,.T.);
#613=FACE_OUTER_BOUND('',#862,.T.);
#614=FACE_OUTER_BOUND('',#863,.T.);
#615=FACE_OUTER_BOUND('',#864,.T.);
#616=FACE_OUTER_BOUND('',#865,.T.);
#617=FACE_OUTER_BOUND('',#866,.T.);
#618=FACE_OUTER_BOUND('',#867,.T.);
#619=FACE_OUTER_BOUND('',#868,.T.);
#620=FACE_OUTER_BOUND('',#869,.T.);
#621=FACE_OUTER_BOUND('',#871,.T.);
#622=FACE_OUTER_BOUND('',#872,.T.);
#623=FACE_OUTER_BOUND('',#873,.T.);
#624=FACE_OUTER_BOUND('',#875,.T.);
#625=FACE_OUTER_BOUND('',#876,.T.);
#626=FACE_OUTER_BOUND('',#877,.T.);
#627=FACE_OUTER_BOUND('',#878,.T.);
#628=FACE_OUTER_BOUND('',#879,.T.);
#629=FACE_OUTER_BOUND('',#880,.T.);
#630=FACE_OUTER_BOUND('',#881,.T.);
#631=FACE_OUTER_BOUND('',#882,.T.);
#632=FACE_OUTER_BOUND('',#883,.T.);
#633=FACE_OUTER_BOUND('',#884,.T.);
#634=FACE_OUTER_BOUND('',#885,.T.);
#635=FACE_OUTER_BOUND('',#886,.T.);
#636=FACE_OUTER_BOUND('',#891,.T.);
#637=FACE_OUTER_BOUND('',#892,.T.);
#638=FACE_OUTER_BOUND('',#893,.T.);
#639=FACE_OUTER_BOUND('',#894,.T.);
#640=FACE_OUTER_BOUND('',#896,.T.);
#641=FACE_OUTER_BOUND('',#897,.T.);
#642=FACE_OUTER_BOUND('',#899,.T.);
#643=FACE_OUTER_BOUND('',#901,.T.);
#644=FACE_OUTER_BOUND('',#902,.T.);
#645=FACE_OUTER_BOUND('',#905,.T.);
#646=FACE_OUTER_BOUND('',#906,.T.);
#647=FACE_OUTER_BOUND('',#907,.T.);
#648=FACE_OUTER_BOUND('',#909,.T.);
#649=FACE_OUTER_BOUND('',#910,.T.);
#650=FACE_OUTER_BOUND('',#911,.T.);
#651=FACE_OUTER_BOUND('',#912,.T.);
#652=FACE_OUTER_BOUND('',#915,.T.);
#653=FACE_OUTER_BOUND('',#917,.T.);
#654=FACE_OUTER_BOUND('',#918,.T.);
#655=EDGE_LOOP('',(#2713,#2714,#2715,#2716));
#656=EDGE_LOOP('',(#2717,#2718,#2719,#2720));
#657=EDGE_LOOP('',(#2721,#2722,#2723,#2724));
#658=EDGE_LOOP('',(#2725,#2726,#2727,#2728));
#659=EDGE_LOOP('',(#2729,#2730,#2731,#2732));
#660=EDGE_LOOP('',(#2733,#2734,#2735,#2736,#2737,#2738,#2739,#2740,#2741,
#2742,#2743,#2744,#2745,#2746,#2747,#2748));
#661=EDGE_LOOP('',(#2749,#2750,#2751,#2752));
#662=EDGE_LOOP('',(#2753,#2754,#2755,#2756));
#663=EDGE_LOOP('',(#2757,#2758,#2759,#2760));
#664=EDGE_LOOP('',(#2761,#2762,#2763,#2764));
#665=EDGE_LOOP('',(#2765,#2766,#2767,#2768));
#666=EDGE_LOOP('',(#2769,#2770,#2771));
#667=EDGE_LOOP('',(#2772,#2773,#2774,#2775));
#668=EDGE_LOOP('',(#2776,#2777,#2778,#2779));
#669=EDGE_LOOP('',(#2780,#2781,#2782,#2783));
#670=EDGE_LOOP('',(#2784,#2785,#2786,#2787));
#671=EDGE_LOOP('',(#2788,#2789,#2790,#2791));
#672=EDGE_LOOP('',(#2792,#2793,#2794,#2795));
#673=EDGE_LOOP('',(#2796,#2797,#2798,#2799));
#674=EDGE_LOOP('',(#2800,#2801,#2802,#2803));
#675=EDGE_LOOP('',(#2804,#2805,#2806,#2807));
#676=EDGE_LOOP('',(#2808,#2809,#2810,#2811));
#677=EDGE_LOOP('',(#2812,#2813,#2814));
#678=EDGE_LOOP('',(#2815,#2816,#2817,#2818));
#679=EDGE_LOOP('',(#2819,#2820,#2821));
#680=EDGE_LOOP('',(#2822,#2823,#2824,#2825));
#681=EDGE_LOOP('',(#2826,#2827,#2828));
#682=EDGE_LOOP('',(#2829,#2830,#2831,#2832));
#683=EDGE_LOOP('',(#2833,#2834,#2835));
#684=EDGE_LOOP('',(#2836,#2837,#2838,#2839));
#685=EDGE_LOOP('',(#2840,#2841,#2842));
#686=EDGE_LOOP('',(#2843,#2844,#2845,#2846));
#687=EDGE_LOOP('',(#2847,#2848,#2849,#2850));
#688=EDGE_LOOP('',(#2851,#2852,#2853,#2854));
#689=EDGE_LOOP('',(#2855,#2856,#2857,#2858));
#690=EDGE_LOOP('',(#2859,#2860,#2861,#2862));
#691=EDGE_LOOP('',(#2863,#2864,#2865,#2866,#2867));
#692=EDGE_LOOP('',(#2868,#2869,#2870,#2871));
#693=EDGE_LOOP('',(#2872,#2873,#2874,#2875));
#694=EDGE_LOOP('',(#2876,#2877,#2878,#2879));
#695=EDGE_LOOP('',(#2880,#2881,#2882,#2883));
#696=EDGE_LOOP('',(#2884,#2885,#2886,#2887));
#697=EDGE_LOOP('',(#2888,#2889,#2890,#2891));
#698=EDGE_LOOP('',(#2892,#2893,#2894,#2895));
#699=EDGE_LOOP('',(#2896,#2897,#2898,#2899));
#700=EDGE_LOOP('',(#2900,#2901,#2902,#2903));
#701=EDGE_LOOP('',(#2904,#2905,#2906,#2907));
#702=EDGE_LOOP('',(#2908,#2909,#2910,#2911));
#703=EDGE_LOOP('',(#2912,#2913,#2914,#2915));
#704=EDGE_LOOP('',(#2916,#2917,#2918,#2919));
#705=EDGE_LOOP('',(#2920,#2921,#2922,#2923));
#706=EDGE_LOOP('',(#2924,#2925,#2926));
#707=EDGE_LOOP('',(#2927,#2928,#2929,#2930));
#708=EDGE_LOOP('',(#2931,#2932,#2933));
#709=EDGE_LOOP('',(#2934,#2935,#2936,#2937));
#710=EDGE_LOOP('',(#2938,#2939,#2940));
#711=EDGE_LOOP('',(#2941,#2942,#2943,#2944));
#712=EDGE_LOOP('',(#2945,#2946,#2947));
#713=EDGE_LOOP('',(#2948,#2949,#2950,#2951));
#714=EDGE_LOOP('',(#2952,#2953,#2954));
#715=EDGE_LOOP('',(#2955,#2956,#2957,#2958));
#716=EDGE_LOOP('',(#2959,#2960,#2961,#2962));
#717=EDGE_LOOP('',(#2963,#2964,#2965,#2966));
#718=EDGE_LOOP('',(#2967,#2968,#2969,#2970));
#719=EDGE_LOOP('',(#2971,#2972,#2973,#2974));
#720=EDGE_LOOP('',(#2975,#2976,#2977,#2978));
#721=EDGE_LOOP('',(#2979,#2980,#2981,#2982));
#722=EDGE_LOOP('',(#2983,#2984,#2985,#2986));
#723=EDGE_LOOP('',(#2987,#2988,#2989,#2990,#2991));
#724=EDGE_LOOP('',(#2992,#2993,#2994,#2995));
#725=EDGE_LOOP('',(#2996,#2997,#2998));
#726=EDGE_LOOP('',(#2999,#3000,#3001,#3002));
#727=EDGE_LOOP('',(#3003,#3004,#3005,#3006,#3007));
#728=EDGE_LOOP('',(#3008,#3009,#3010,#3011,#3012));
#729=EDGE_LOOP('',(#3013,#3014,#3015,#3016,#3017));
#730=EDGE_LOOP('',(#3018,#3019,#3020,#3021,#3022));
#731=EDGE_LOOP('',(#3023,#3024,#3025,#3026,#3027));
#732=EDGE_LOOP('',(#3028,#3029,#3030,#3031,#3032,#3033));
#733=EDGE_LOOP('',(#3034,#3035,#3036,#3037));
#734=EDGE_LOOP('',(#3038,#3039,#3040,#3041));
#735=EDGE_LOOP('',(#3042,#3043,#3044,#3045));
#736=EDGE_LOOP('',(#3046,#3047,#3048,#3049));
#737=EDGE_LOOP('',(#3050,#3051,#3052,#3053));
#738=EDGE_LOOP('',(#3054,#3055,#3056,#3057));
#739=EDGE_LOOP('',(#3058,#3059,#3060,#3061));
#740=EDGE_LOOP('',(#3062,#3063,#3064,#3065,#3066,#3067,#3068,#3069));
#741=EDGE_LOOP('',(#3070,#3071,#3072,#3073,#3074));
#742=EDGE_LOOP('',(#3075,#3076,#3077,#3078,#3079,#3080,#3081,#3082,#3083,
#3084,#3085,#3086,#3087));
#743=EDGE_LOOP('',(#3088,#3089,#3090,#3091));
#744=EDGE_LOOP('',(#3092,#3093,#3094));
#745=EDGE_LOOP('',(#3095,#3096,#3097,#3098));
#746=EDGE_LOOP('',(#3099,#3100,#3101,#3102,#3103,#3104));
#747=EDGE_LOOP('',(#3105,#3106));
#748=EDGE_LOOP('',(#3107,#3108,#3109,#3110));
#749=EDGE_LOOP('',(#3111,#3112,#3113,#3114,#3115,#3116,#3117));
#750=EDGE_LOOP('',(#3118,#3119,#3120,#3121));
#751=EDGE_LOOP('',(#3122,#3123,#3124,#3125));
#752=EDGE_LOOP('',(#3126,#3127,#3128,#3129,#3130,#3131));
#753=EDGE_LOOP('',(#3132,#3133,#3134));
#754=EDGE_LOOP('',(#3135,#3136,#3137,#3138));
#755=EDGE_LOOP('',(#3139,#3140,#3141,#3142));
#756=EDGE_LOOP('',(#3143,#3144,#3145,#3146));
#757=EDGE_LOOP('',(#3147,#3148,#3149,#3150,#3151,#3152,#3153,#3154,#3155,
#3156,#3157,#3158,#3159,#3160));
#758=EDGE_LOOP('',(#3161,#3162,#3163,#3164,#3165,#3166,#3167,#3168));
#759=EDGE_LOOP('',(#3169,#3170,#3171,#3172));
#760=EDGE_LOOP('',(#3173,#3174,#3175,#3176));
#761=EDGE_LOOP('',(#3177,#3178,#3179,#3180));
#762=EDGE_LOOP('',(#3181,#3182,#3183,#3184));
#763=EDGE_LOOP('',(#3185,#3186,#3187,#3188));
#764=EDGE_LOOP('',(#3189,#3190,#3191,#3192));
#765=EDGE_LOOP('',(#3193));
#766=EDGE_LOOP('',(#3194,#3195,#3196,#3197));
#767=EDGE_LOOP('',(#3198));
#768=EDGE_LOOP('',(#3199,#3200,#3201,#3202));
#769=EDGE_LOOP('',(#3203,#3204,#3205,#3206));
#770=EDGE_LOOP('',(#3207));
#771=EDGE_LOOP('',(#3208,#3209,#3210,#3211));
#772=EDGE_LOOP('',(#3212,#3213,#3214,#3215));
#773=EDGE_LOOP('',(#3216,#3217,#3218,#3219));
#774=EDGE_LOOP('',(#3220,#3221,#3222,#3223));
#775=EDGE_LOOP('',(#3224,#3225,#3226,#3227));
#776=EDGE_LOOP('',(#3228,#3229,#3230,#3231));
#777=EDGE_LOOP('',(#3232,#3233,#3234,#3235));
#778=EDGE_LOOP('',(#3236,#3237,#3238,#3239));
#779=EDGE_LOOP('',(#3240,#3241,#3242,#3243));
#780=EDGE_LOOP('',(#3244,#3245,#3246,#3247,#3248,#3249,#3250,#3251));
#781=EDGE_LOOP('',(#3252,#3253,#3254,#3255));
#782=EDGE_LOOP('',(#3256,#3257,#3258,#3259,#3260));
#783=EDGE_LOOP('',(#3261,#3262,#3263,#3264,#3265,#3266));
#784=EDGE_LOOP('',(#3267,#3268,#3269,#3270,#3271));
#785=EDGE_LOOP('',(#3272,#3273,#3274,#3275));
#786=EDGE_LOOP('',(#3276,#3277,#3278,#3279));
#787=EDGE_LOOP('',(#3280,#3281,#3282,#3283));
#788=EDGE_LOOP('',(#3284,#3285,#3286,#3287));
#789=EDGE_LOOP('',(#3288,#3289,#3290,#3291,#3292,#3293,#3294,#3295,#3296,
#3297,#3298,#3299));
#790=EDGE_LOOP('',(#3300,#3301,#3302,#3303));
#791=EDGE_LOOP('',(#3304,#3305,#3306,#3307));
#792=EDGE_LOOP('',(#3308,#3309,#3310,#3311));
#793=EDGE_LOOP('',(#3312,#3313,#3314,#3315));
#794=EDGE_LOOP('',(#3316,#3317,#3318,#3319));
#795=EDGE_LOOP('',(#3320,#3321,#3322,#3323));
#796=EDGE_LOOP('',(#3324,#3325,#3326,#3327));
#797=EDGE_LOOP('',(#3328,#3329,#3330,#3331));
#798=EDGE_LOOP('',(#3332,#3333,#3334,#3335));
#799=EDGE_LOOP('',(#3336,#3337,#3338,#3339));
#800=EDGE_LOOP('',(#3340,#3341,#3342,#3343));
#801=EDGE_LOOP('',(#3344,#3345,#3346,#3347));
#802=EDGE_LOOP('',(#3348,#3349,#3350,#3351));
#803=EDGE_LOOP('',(#3352,#3353,#3354,#3355));
#804=EDGE_LOOP('',(#3356,#3357,#3358,#3359,#3360,#3361,#3362,#3363,#3364,
#3365,#3366,#3367));
#805=EDGE_LOOP('',(#3368,#3369,#3370,#3371));
#806=EDGE_LOOP('',(#3372,#3373,#3374,#3375));
#807=EDGE_LOOP('',(#3376,#3377,#3378,#3379,#3380));
#808=EDGE_LOOP('',(#3381));
#809=EDGE_LOOP('',(#3382,#3383,#3384,#3385));
#810=EDGE_LOOP('',(#3386,#3387,#3388,#3389));
#811=EDGE_LOOP('',(#3390,#3391,#3392,#3393));
#812=EDGE_LOOP('',(#3394,#3395,#3396,#3397));
#813=EDGE_LOOP('',(#3398,#3399,#3400,#3401));
#814=EDGE_LOOP('',(#3402,#3403,#3404,#3405));
#815=EDGE_LOOP('',(#3406,#3407,#3408,#3409));
#816=EDGE_LOOP('',(#3410,#3411,#3412,#3413));
#817=EDGE_LOOP('',(#3414,#3415,#3416,#3417));
#818=EDGE_LOOP('',(#3418,#3419,#3420,#3421));
#819=EDGE_LOOP('',(#3422,#3423,#3424,#3425));
#820=EDGE_LOOP('',(#3426,#3427,#3428,#3429));
#821=EDGE_LOOP('',(#3430,#3431,#3432,#3433));
#822=EDGE_LOOP('',(#3434,#3435,#3436,#3437));
#823=EDGE_LOOP('',(#3438,#3439,#3440,#3441));
#824=EDGE_LOOP('',(#3442,#3443,#3444,#3445));
#825=EDGE_LOOP('',(#3446,#3447,#3448,#3449));
#826=EDGE_LOOP('',(#3450,#3451,#3452,#3453));
#827=EDGE_LOOP('',(#3454,#3455,#3456,#3457,#3458,#3459,#3460,#3461,#3462,
#3463,#3464,#3465,#3466,#3467,#3468,#3469,#3470,#3471,#3472,#3473,#3474,
#3475,#3476,#3477,#3478,#3479,#3480,#3481,#3482,#3483,#3484,#3485));
#828=EDGE_LOOP('',(#3486,#3487,#3488,#3489,#3490,#3491,#3492,#3493));
#829=EDGE_LOOP('',(#3494));
#830=EDGE_LOOP('',(#3495,#3496,#3497,#3498,#3499,#3500,#3501,#3502));
#831=EDGE_LOOP('',(#3503,#3504,#3505,#3506));
#832=EDGE_LOOP('',(#3507,#3508,#3509,#3510));
#833=EDGE_LOOP('',(#3511,#3512,#3513,#3514));
#834=EDGE_LOOP('',(#3515,#3516,#3517,#3518));
#835=EDGE_LOOP('',(#3519,#3520,#3521,#3522));
#836=EDGE_LOOP('',(#3523,#3524,#3525,#3526));
#837=EDGE_LOOP('',(#3527,#3528,#3529,#3530));
#838=EDGE_LOOP('',(#3531,#3532,#3533,#3534,#3535));
#839=EDGE_LOOP('',(#3536));
#840=EDGE_LOOP('',(#3537));
#841=EDGE_LOOP('',(#3538,#3539,#3540,#3541));
#842=EDGE_LOOP('',(#3542,#3543,#3544,#3545));
#843=EDGE_LOOP('',(#3546,#3547,#3548,#3549));
#844=EDGE_LOOP('',(#3550,#3551,#3552,#3553));
#845=EDGE_LOOP('',(#3554,#3555,#3556,#3557));
#846=EDGE_LOOP('',(#3558,#3559,#3560,#3561));
#847=EDGE_LOOP('',(#3562,#3563,#3564,#3565));
#848=EDGE_LOOP('',(#3566,#3567,#3568,#3569));
#849=EDGE_LOOP('',(#3570,#3571,#3572,#3573,#3574,#3575));
#850=EDGE_LOOP('',(#3576,#3577,#3578,#3579));
#851=EDGE_LOOP('',(#3580,#3581,#3582,#3583));
#852=EDGE_LOOP('',(#3584,#3585,#3586,#3587));
#853=EDGE_LOOP('',(#3588,#3589,#3590,#3591));
#854=EDGE_LOOP('',(#3592,#3593,#3594,#3595));
#855=EDGE_LOOP('',(#3596,#3597,#3598,#3599));
#856=EDGE_LOOP('',(#3600,#3601,#3602,#3603,#3604,#3605));
#857=EDGE_LOOP('',(#3606,#3607,#3608,#3609));
#858=EDGE_LOOP('',(#3610,#3611,#3612,#3613));
#859=EDGE_LOOP('',(#3614,#3615,#3616,#3617,#3618,#3619));
#860=EDGE_LOOP('',(#3620,#3621,#3622,#3623));
#861=EDGE_LOOP('',(#3624,#3625,#3626,#3627,#3628,#3629));
#862=EDGE_LOOP('',(#3630,#3631,#3632,#3633,#3634,#3635));
#863=EDGE_LOOP('',(#3636,#3637,#3638,#3639));
#864=EDGE_LOOP('',(#3640,#3641,#3642,#3643,#3644,#3645));
#865=EDGE_LOOP('',(#3646,#3647,#3648,#3649));
#866=EDGE_LOOP('',(#3650,#3651,#3652,#3653));
#867=EDGE_LOOP('',(#3654,#3655,#3656,#3657,#3658,#3659));
#868=EDGE_LOOP('',(#3660,#3661,#3662,#3663));
#869=EDGE_LOOP('',(#3664,#3665,#3666,#3667));
#870=EDGE_LOOP('',(#3668,#3669,#3670,#3671));
#871=EDGE_LOOP('',(#3672,#3673,#3674,#3675));
#872=EDGE_LOOP('',(#3676,#3677,#3678,#3679,#3680));
#873=EDGE_LOOP('',(#3681,#3682,#3683,#3684,#3685,#3686,#3687,#3688));
#874=EDGE_LOOP('',(#3689));
#875=EDGE_LOOP('',(#3690,#3691,#3692,#3693,#3694,#3695,#3696,#3697));
#876=EDGE_LOOP('',(#3698,#3699,#3700,#3701));
#877=EDGE_LOOP('',(#3702,#3703,#3704,#3705));
#878=EDGE_LOOP('',(#3706,#3707,#3708,#3709));
#879=EDGE_LOOP('',(#3710,#3711,#3712,#3713,#3714,#3715,#3716,#3717));
#880=EDGE_LOOP('',(#3718,#3719,#3720,#3721));
#881=EDGE_LOOP('',(#3722,#3723,#3724,#3725,#3726,#3727,#3728,#3729,#3730,
#3731,#3732,#3733,#3734,#3735,#3736,#3737,#3738,#3739,#3740));
#882=EDGE_LOOP('',(#3741,#3742,#3743,#3744,#3745,#3746));
#883=EDGE_LOOP('',(#3747,#3748,#3749,#3750));
#884=EDGE_LOOP('',(#3751,#3752,#3753,#3754));
#885=EDGE_LOOP('',(#3755,#3756,#3757,#3758,#3759,#3760,#3761,#3762,#3763,
#3764,#3765,#3766));
#886=EDGE_LOOP('',(#3767,#3768,#3769,#3770,#3771,#3772));
#887=EDGE_LOOP('',(#3773,#3774,#3775,#3776));
#888=EDGE_LOOP('',(#3777,#3778,#3779,#3780,#3781,#3782,#3783,#3784));
#889=EDGE_LOOP('',(#3785,#3786,#3787,#3788,#3789,#3790,#3791,#3792));
#890=EDGE_LOOP('',(#3793));
#891=EDGE_LOOP('',(#3794,#3795,#3796,#3797));
#892=EDGE_LOOP('',(#3798,#3799,#3800,#3801));
#893=EDGE_LOOP('',(#3802,#3803,#3804,#3805,#3806,#3807,#3808,#3809,#3810,
#3811,#3812,#3813,#3814,#3815,#3816,#3817,#3818,#3819,#3820,#3821,#3822,
#3823,#3824,#3825,#3826,#3827));
#894=EDGE_LOOP('',(#3828,#3829,#3830,#3831,#3832));
#895=EDGE_LOOP('',(#3833));
#896=EDGE_LOOP('',(#3834,#3835,#3836,#3837));
#897=EDGE_LOOP('',(#3838,#3839,#3840,#3841,#3842,#3843,#3844,#3845));
#898=EDGE_LOOP('',(#3846));
#899=EDGE_LOOP('',(#3847));
#900=EDGE_LOOP('',(#3848));
#901=EDGE_LOOP('',(#3849,#3850,#3851,#3852));
#902=EDGE_LOOP('',(#3853,#3854,#3855,#3856,#3857));
#903=EDGE_LOOP('',(#3858));
#904=EDGE_LOOP('',(#3859));
#905=EDGE_LOOP('',(#3860,#3861,#3862,#3863));
#906=EDGE_LOOP('',(#3864,#3865,#3866,#3867,#3868,#3869,#3870,#3871));
#907=EDGE_LOOP('',(#3872));
#908=EDGE_LOOP('',(#3873));
#909=EDGE_LOOP('',(#3874,#3875,#3876,#3877));
#910=EDGE_LOOP('',(#3878,#3879,#3880,#3881));
#911=EDGE_LOOP('',(#3882,#3883,#3884,#3885));
#912=EDGE_LOOP('',(#3886,#3887,#3888,#3889,#3890,#3891,#3892,#3893));
#913=EDGE_LOOP('',(#3894,#3895,#3896,#3897,#3898,#3899,#3900,#3901,#3902,
#3903,#3904,#3905,#3906,#3907,#3908,#3909,#3910,#3911,#3912,#3913,#3914,
#3915,#3916,#3917,#3918,#3919,#3920,#3921,#3922,#3923,#3924,#3925,#3926,
#3927,#3928,#3929,#3930,#3931,#3932,#3933,#3934,#3935,#3936));
#914=EDGE_LOOP('',(#3937,#3938,#3939,#3940));
#915=EDGE_LOOP('',(#3941,#3942,#3943,#3944,#3945,#3946,#3947,#3948,#3949,
#3950,#3951,#3952,#3953,#3954,#3955,#3956,#3957,#3958,#3959,#3960,#3961,
#3962,#3963,#3964,#3965,#3966,#3967,#3968,#3969));
#916=EDGE_LOOP('',(#3970));
#917=EDGE_LOOP('',(#3971,#3972,#3973,#3974));
#918=EDGE_LOOP('',(#3975,#3976,#3977,#3978));
#919=LINE('',#5928,#1291);
#920=LINE('',#5930,#1292);
#921=LINE('',#5932,#1293);
#922=LINE('',#5933,#1294);
#923=LINE('',#5937,#1295);
#924=LINE('',#5939,#1296);
#925=LINE('',#5941,#1297);
#926=LINE('',#5942,#1298);
#927=LINE('',#5946,#1299);
#928=LINE('',#5948,#1300);
#929=LINE('',#5950,#1301);
#930=LINE('',#5951,#1302);
#931=LINE('',#5955,#1303);
#932=LINE('',#5957,#1304);
#933=LINE('',#5959,#1305);
#934=LINE('',#5960,#1306);
#935=LINE('',#5964,#1307);
#936=LINE('',#5966,#1308);
#937=LINE('',#5968,#1309);
#938=LINE('',#5969,#1310);
#939=LINE('',#5973,#1311);
#940=LINE('',#5977,#1312);
#941=LINE('',#5981,#1313);
#942=LINE('',#5985,#1314);
#943=LINE('',#5989,#1315);
#944=LINE('',#5993,#1316);
#945=LINE('',#5997,#1317);
#946=LINE('',#6001,#1318);
#947=LINE('',#6007,#1319);
#948=LINE('',#6011,#1320);
#949=LINE('',#6015,#1321);
#950=LINE('',#6016,#1322);
#951=LINE('',#6021,#1323);
#952=LINE('',#6023,#1324);
#953=LINE('',#6024,#1325);
#954=LINE('',#6031,#1326);
#955=LINE('',#6033,#1327);
#956=LINE('',#6034,#1328);
#957=LINE('',#6037,#1329);
#958=LINE('',#6039,#1330);
#959=LINE('',#6040,#1331);
#960=LINE('',#6185,#1332);
#961=LINE('',#6191,#1333);
#962=LINE('',#6196,#1334);
#963=LINE('',#6198,#1335);
#964=LINE('',#6200,#1336);
#965=LINE('',#6201,#1337);
#966=LINE('',#6204,#1338);
#967=LINE('',#6205,#1339);
#968=LINE('',#6209,#1340);
#969=LINE('',#6211,#1341);
#970=LINE('',#6213,#1342);
#971=LINE('',#6214,#1343);
#972=LINE('',#6217,#1344);
#973=LINE('',#6218,#1345);
#974=LINE('',#6222,#1346);
#975=LINE('',#6224,#1347);
#976=LINE('',#6226,#1348);
#977=LINE('',#6227,#1349);
#978=LINE('',#6230,#1350);
#979=LINE('',#6231,#1351);
#980=LINE('',#6235,#1352);
#981=LINE('',#6237,#1353);
#982=LINE('',#6239,#1354);
#983=LINE('',#6240,#1355);
#984=LINE('',#6243,#1356);
#985=LINE('',#6244,#1357);
#986=LINE('',#6248,#1358);
#987=LINE('',#6250,#1359);
#988=LINE('',#6252,#1360);
#989=LINE('',#6253,#1361);
#990=LINE('',#6256,#1362);
#991=LINE('',#6257,#1363);
#992=LINE('',#6911,#1364);
#993=LINE('',#6913,#1365);
#994=LINE('',#6914,#1366);
#995=LINE('',#6919,#1367);
#996=LINE('',#6923,#1368);
#997=LINE('',#6925,#1369);
#998=LINE('',#6926,#1370);
#999=LINE('',#6935,#1371);
#1000=LINE('',#6937,#1372);
#1001=LINE('',#6938,#1373);
#1002=LINE('',#6942,#1374);
#1003=LINE('',#6946,#1375);
#1004=LINE('',#6950,#1376);
#1005=LINE('',#6952,#1377);
#1006=LINE('',#6953,#1378);
#1007=LINE('',#6962,#1379);
#1008=LINE('',#6963,#1380);
#1009=LINE('',#6965,#1381);
#1010=LINE('',#6968,#1382);
#1011=LINE('',#6969,#1383);
#1012=LINE('',#6971,#1384);
#1013=LINE('',#6974,#1385);
#1014=LINE('',#6975,#1386);
#1015=LINE('',#6977,#1387);
#1016=LINE('',#6980,#1388);
#1017=LINE('',#6981,#1389);
#1018=LINE('',#6983,#1390);
#1019=LINE('',#6986,#1391);
#1020=LINE('',#6987,#1392);
#1021=LINE('',#6989,#1393);
#1022=LINE('',#7734,#1394);
#1023=LINE('',#7736,#1395);
#1024=LINE('',#7737,#1396);
#1025=LINE('',#7827,#1397);
#1026=LINE('',#7831,#1398);
#1027=LINE('',#7835,#1399);
#1028=LINE('',#7837,#1400);
#1029=LINE('',#7838,#1401);
#1030=LINE('',#7892,#1402);
#1031=LINE('',#7908,#1403);
#1032=LINE('',#7933,#1404);
#1033=LINE('',#7935,#1405);
#1034=LINE('',#7936,#1406);
#1035=LINE('',#7938,#1407);
#1036=LINE('',#7942,#1408);
#1037=LINE('',#7944,#1409);
#1038=LINE('',#7946,#1410);
#1039=LINE('',#7947,#1411);
#1040=LINE('',#7951,#1412);
#1041=LINE('',#7957,#1413);
#1042=LINE('',#7958,#1414);
#1043=LINE('',#7959,#1415);
#1044=LINE('',#7962,#1416);
#1045=LINE('',#7965,#1417);
#1046=LINE('',#7968,#1418);
#1047=LINE('',#7969,#1419);
#1048=LINE('',#7974,#1420);
#1049=LINE('',#7978,#1421);
#1050=LINE('',#7981,#1422);
#1051=LINE('',#7984,#1423);
#1052=LINE('',#7987,#1424);
#1053=LINE('',#7990,#1425);
#1054=LINE('',#7992,#1426);
#1055=LINE('',#7994,#1427);
#1056=LINE('',#7996,#1428);
#1057=LINE('',#7998,#1429);
#1058=LINE('',#8000,#1430);
#1059=LINE('',#8002,#1431);
#1060=LINE('',#8004,#1432);
#1061=LINE('',#8005,#1433);
#1062=LINE('',#8008,#1434);
#1063=LINE('',#8010,#1435);
#1064=LINE('',#8011,#1436);
#1065=LINE('',#8091,#1437);
#1066=LINE('',#8092,#1438);
#1067=LINE('',#8093,#1439);
#1068=LINE('',#8097,#1440);
#1069=LINE('',#8098,#1441);
#1070=LINE('',#8099,#1442);
#1071=LINE('',#8104,#1443);
#1072=LINE('',#8105,#1444);
#1073=LINE('',#8109,#1445);
#1074=LINE('',#8111,#1446);
#1075=LINE('',#8113,#1447);
#1076=LINE('',#8114,#1448);
#1077=LINE('',#8118,#1449);
#1078=LINE('',#8120,#1450);
#1079=LINE('',#8122,#1451);
#1080=LINE('',#8123,#1452);
#1081=LINE('',#8125,#1453);
#1082=LINE('',#8126,#1454);
#1083=LINE('',#8128,#1455);
#1084=LINE('',#8130,#1456);
#1085=LINE('',#8132,#1457);
#1086=LINE('',#8134,#1458);
#1087=LINE('',#8136,#1459);
#1088=LINE('',#8138,#1460);
#1089=LINE('',#8140,#1461);
#1090=LINE('',#8142,#1462);
#1091=LINE('',#8144,#1463);
#1092=LINE('',#8146,#1464);
#1093=LINE('',#8148,#1465);
#1094=LINE('',#8149,#1466);
#1095=LINE('',#8153,#1467);
#1096=LINE('',#8156,#1468);
#1097=LINE('',#8160,#1469);
#1098=LINE('',#8162,#1470);
#1099=LINE('',#8164,#1471);
#1100=LINE('',#8165,#1472);
#1101=LINE('',#8168,#1473);
#1102=LINE('',#8170,#1474);
#1103=LINE('',#8171,#1475);
#1104=LINE('',#8174,#1476);
#1105=LINE('',#8176,#1477);
#1106=LINE('',#8177,#1478);
#1107=LINE('',#8179,#1479);
#1108=LINE('',#8180,#1480);
#1109=LINE('',#8189,#1481);
#1110=LINE('',#8194,#1482);
#1111=LINE('',#8199,#1483);
#1112=LINE('',#8201,#1484);
#1113=LINE('',#8203,#1485);
#1114=LINE('',#8204,#1486);
#1115=LINE('',#8209,#1487);
#1116=LINE('',#8213,#1488);
#1117=LINE('',#8215,#1489);
#1118=LINE('',#8216,#1490);
#1119=LINE('',#8219,#1491);
#1120=LINE('',#8220,#1492);
#1121=LINE('',#8226,#1493);
#1122=LINE('',#8229,#1494);
#1123=LINE('',#8232,#1495);
#1124=LINE('',#8234,#1496);
#1125=LINE('',#8235,#1497);
#1126=LINE('',#8241,#1498);
#1127=LINE('',#8246,#1499);
#1128=LINE('',#8252,#1500);
#1129=LINE('',#8256,#1501);
#1130=LINE('',#8258,#1502);
#1131=LINE('',#8260,#1503);
#1132=LINE('',#8267,#1504);
#1133=LINE('',#8271,#1505);
#1134=LINE('',#8272,#1506);
#1135=LINE('',#8273,#1507);
#1136=LINE('',#8283,#1508);
#1137=LINE('',#8286,#1509);
#1138=LINE('',#8302,#1510);
#1139=LINE('',#8306,#1511);
#1140=LINE('',#8311,#1512);
#1141=LINE('',#8313,#1513);
#1142=LINE('',#8315,#1514);
#1143=LINE('',#8316,#1515);
#1144=LINE('',#8321,#1516);
#1145=LINE('',#8327,#1517);
#1146=LINE('',#8333,#1518);
#1147=LINE('',#8338,#1519);
#1148=LINE('',#8340,#1520);
#1149=LINE('',#8345,#1521);
#1150=LINE('',#8347,#1522);
#1151=LINE('',#8349,#1523);
#1152=LINE('',#8350,#1524);
#1153=LINE('',#8354,#1525);
#1154=LINE('',#8356,#1526);
#1155=LINE('',#8358,#1527);
#1156=LINE('',#8359,#1528);
#1157=LINE('',#8364,#1529);
#1158=LINE('',#8368,#1530);
#1159=LINE('',#8370,#1531);
#1160=LINE('',#8371,#1532);
#1161=LINE('',#8377,#1533);
#1162=LINE('',#8383,#1534);
#1163=LINE('',#8386,#1535);
#1164=LINE('',#8389,#1536);
#1165=LINE('',#8391,#1537);
#1166=LINE('',#8392,#1538);
#1167=LINE('',#8401,#1539);
#1168=LINE('',#8404,#1540);
#1169=LINE('',#8409,#1541);
#1170=LINE('',#8413,#1542);
#1171=LINE('',#8417,#1543);
#1172=LINE('',#8421,#1544);
#1173=LINE('',#8425,#1545);
#1174=LINE('',#8432,#1546);
#1175=LINE('',#8434,#1547);
#1176=LINE('',#8435,#1548);
#1177=LINE('',#8439,#1549);
#1178=LINE('',#8440,#1550);
#1179=LINE('',#8445,#1551);
#1180=LINE('',#8447,#1552);
#1181=LINE('',#8448,#1553);
#1182=LINE('',#8454,#1554);
#1183=LINE('',#8457,#1555);
#1184=LINE('',#8459,#1556);
#1185=LINE('',#8460,#1557);
#1186=LINE('',#8469,#1558);
#1187=LINE('',#8474,#1559);
#1188=LINE('',#8478,#1560);
#1189=LINE('',#8480,#1561);
#1190=LINE('',#8481,#1562);
#1191=LINE('',#8489,#1563);
#1192=LINE('',#8492,#1564);
#1193=LINE('',#8493,#1565);
#1194=LINE('',#8499,#1566);
#1195=LINE('',#8502,#1567);
#1196=LINE('',#8504,#1568);
#1197=LINE('',#8505,#1569);
#1198=LINE('',#8511,#1570);
#1199=LINE('',#8513,#1571);
#1200=LINE('',#8514,#1572);
#1201=LINE('',#8520,#1573);
#1202=LINE('',#8525,#1574);
#1203=LINE('',#8528,#1575);
#1204=LINE('',#8533,#1576);
#1205=LINE('',#8534,#1577);
#1206=LINE('',#8537,#1578);
#1207=LINE('',#8538,#1579);
#1208=LINE('',#8542,#1580);
#1209=LINE('',#8545,#1581);
#1210=LINE('',#8546,#1582);
#1211=LINE('',#8552,#1583);
#1212=LINE('',#8554,#1584);
#1213=LINE('',#8557,#1585);
#1214=LINE('',#8558,#1586);
#1215=LINE('',#8562,#1587);
#1216=LINE('',#8566,#1588);
#1217=LINE('',#8572,#1589);
#1218=LINE('',#8575,#1590);
#1219=LINE('',#8577,#1591);
#1220=LINE('',#8582,#1592);
#1221=LINE('',#8585,#1593);
#1222=LINE('',#8588,#1594);
#1223=LINE('',#8595,#1595);
#1224=LINE('',#8596,#1596);
#1225=LINE('',#8598,#1597);
#1226=LINE('',#8600,#1598);
#1227=LINE('',#8601,#1599);
#1228=LINE('',#8605,#1600);
#1229=LINE('',#8609,#1601);
#1230=LINE('',#8614,#1602);
#1231=LINE('',#8618,#1603);
#1232=LINE('',#8623,#1604);
#1233=LINE('',#8627,#1605);
#1234=LINE('',#8635,#1606);
#1235=LINE('',#8639,#1607);
#1236=LINE('',#8645,#1608);
#1237=LINE('',#8650,#1609);
#1238=LINE('',#8651,#1610);
#1239=LINE('',#8652,#1611);
#1240=LINE('',#8653,#1612);
#1241=LINE('',#8661,#1613);
#1242=LINE('',#8666,#1614);
#1243=LINE('',#8670,#1615);
#1244=LINE('',#8674,#1616);
#1245=LINE('',#8675,#1617);
#1246=LINE('',#8676,#1618);
#1247=LINE('',#8681,#1619);
#1248=LINE('',#8688,#1620);
#1249=LINE('',#8692,#1621);
#1250=LINE('',#8697,#1622);
#1251=LINE('',#8700,#1623);
#1252=LINE('',#8701,#1624);
#1253=LINE('',#8711,#1625);
#1254=LINE('',#8714,#1626);
#1255=LINE('',#8718,#1627);
#1256=LINE('',#8720,#1628);
#1257=LINE('',#8724,#1629);
#1258=LINE('',#8727,#1630);
#1259=LINE('',#8733,#1631);
#1260=LINE('',#8734,#1632);
#1261=LINE('',#8735,#1633);
#1262=LINE('',#8739,#1634);
#1263=LINE('',#8745,#1635);
#1264=LINE('',#8747,#1636);
#1265=LINE('',#8748,#1637);
#1266=LINE('',#8750,#1638);
#1267=LINE('',#8754,#1639);
#1268=LINE('',#8756,#1640);
#1269=LINE('',#8757,#1641);
#1270=LINE('',#8760,#1642);
#1271=LINE('',#8764,#1643);
#1272=LINE('',#8765,#1644);
#1273=LINE('',#8768,#1645);
#1274=LINE('',#8769,#1646);
#1275=LINE('',#8773,#1647);
#1276=LINE('',#8775,#1648);
#1277=LINE('',#8778,#1649);
#1278=LINE('',#8780,#1650);
#1279=LINE('',#8784,#1651);
#1280=LINE('',#8788,#1652);
#1281=LINE('',#8789,#1653);
#1282=LINE('',#8790,#1654);
#1283=LINE('',#8796,#1655);
#1284=LINE('',#8803,#1656);
#1285=LINE('',#8805,#1657);
#1286=LINE('',#8806,#1658);
#1287=LINE('',#8811,#1659);
#1288=LINE('',#8818,#1660);
#1289=LINE('',#8823,#1661);
#1290=LINE('',#8825,#1662);
#1291=VECTOR('',#4750,10.);
#1292=VECTOR('',#4751,10.);
#1293=VECTOR('',#4752,10.);
#1294=VECTOR('',#4753,10.);
#1295=VECTOR('',#4756,10.);
#1296=VECTOR('',#4757,10.);
#1297=VECTOR('',#4758,10.);
#1298=VECTOR('',#4759,10.);
#1299=VECTOR('',#4762,10.);
#1300=VECTOR('',#4763,10.);
#1301=VECTOR('',#4764,10.);
#1302=VECTOR('',#4765,10.);
#1303=VECTOR('',#4768,10.);
#1304=VECTOR('',#4769,10.);
#1305=VECTOR('',#4770,10.);
#1306=VECTOR('',#4771,10.);
#1307=VECTOR('',#4774,10.);
#1308=VECTOR('',#4775,10.);
#1309=VECTOR('',#4776,10.);
#1310=VECTOR('',#4777,10.);
#1311=VECTOR('',#4780,10.);
#1312=VECTOR('',#4783,10.);
#1313=VECTOR('',#4786,10.);
#1314=VECTOR('',#4789,10.);
#1315=VECTOR('',#4792,10.);
#1316=VECTOR('',#4795,10.);
#1317=VECTOR('',#4798,10.);
#1318=VECTOR('',#4801,10.);
#1319=VECTOR('',#4808,10.);
#1320=VECTOR('',#4813,10.);
#1321=VECTOR('',#4818,10.);
#1322=VECTOR('',#4819,10.);
#1323=VECTOR('',#4826,10.);
#1324=VECTOR('',#4827,10.);
#1325=VECTOR('',#4828,10.);
#1326=VECTOR('',#4839,10.);
#1327=VECTOR('',#4840,10.);
#1328=VECTOR('',#4841,10.);
#1329=VECTOR('',#4844,10.);
#1330=VECTOR('',#4845,10.);
#1331=VECTOR('',#4846,10.);
#1332=VECTOR('',#4859,10.);
#1333=VECTOR('',#4866,10.);
#1334=VECTOR('',#4871,10.);
#1335=VECTOR('',#4872,10.);
#1336=VECTOR('',#4873,10.);
#1337=VECTOR('',#4874,10.);
#1338=VECTOR('',#4877,10.);
#1339=VECTOR('',#4878,10.);
#1340=VECTOR('',#4881,10.);
#1341=VECTOR('',#4882,10.);
#1342=VECTOR('',#4883,10.);
#1343=VECTOR('',#4884,10.);
#1344=VECTOR('',#4887,10.);
#1345=VECTOR('',#4888,10.);
#1346=VECTOR('',#4891,10.);
#1347=VECTOR('',#4892,10.);
#1348=VECTOR('',#4893,10.);
#1349=VECTOR('',#4894,10.);
#1350=VECTOR('',#4897,10.);
#1351=VECTOR('',#4898,10.);
#1352=VECTOR('',#4901,10.);
#1353=VECTOR('',#4902,10.);
#1354=VECTOR('',#4903,10.);
#1355=VECTOR('',#4904,10.);
#1356=VECTOR('',#4907,10.);
#1357=VECTOR('',#4908,10.);
#1358=VECTOR('',#4911,10.);
#1359=VECTOR('',#4912,10.);
#1360=VECTOR('',#4913,10.);
#1361=VECTOR('',#4914,10.);
#1362=VECTOR('',#4917,10.);
#1363=VECTOR('',#4918,10.);
#1364=VECTOR('',#4921,10.);
#1365=VECTOR('',#4922,10.);
#1366=VECTOR('',#4923,10.);
#1367=VECTOR('',#4928,10.);
#1368=VECTOR('',#4933,10.);
#1369=VECTOR('',#4934,10.);
#1370=VECTOR('',#4935,10.);
#1371=VECTOR('',#4950,10.);
#1372=VECTOR('',#4951,10.);
#1373=VECTOR('',#4952,10.);
#1374=VECTOR('',#4955,10.);
#1375=VECTOR('',#4958,10.);
#1376=VECTOR('',#4963,10.);
#1377=VECTOR('',#4964,10.);
#1378=VECTOR('',#4965,10.);
#1379=VECTOR('',#4980,10.);
#1380=VECTOR('',#4981,10.);
#1381=VECTOR('',#4984,10.);
#1382=VECTOR('',#4987,10.);
#1383=VECTOR('',#4988,10.);
#1384=VECTOR('',#4991,10.);
#1385=VECTOR('',#4994,10.);
#1386=VECTOR('',#4995,10.);
#1387=VECTOR('',#4998,10.);
#1388=VECTOR('',#5001,10.);
#1389=VECTOR('',#5002,10.);
#1390=VECTOR('',#5005,10.);
#1391=VECTOR('',#5008,10.);
#1392=VECTOR('',#5009,10.);
#1393=VECTOR('',#5012,10.);
#1394=VECTOR('',#5015,10.);
#1395=VECTOR('',#5016,10.);
#1396=VECTOR('',#5017,10.);
#1397=VECTOR('',#5022,10.);
#1398=VECTOR('',#5025,10.);
#1399=VECTOR('',#5030,10.);
#1400=VECTOR('',#5031,10.);
#1401=VECTOR('',#5032,10.);
#1402=VECTOR('',#5045,10.);
#1403=VECTOR('',#5046,10.);
#1404=VECTOR('',#5057,10.);
#1405=VECTOR('',#5058,10.);
#1406=VECTOR('',#5059,10.);
#1407=VECTOR('',#5062,10.);
#1408=VECTOR('',#5065,10.);
#1409=VECTOR('',#5066,10.);
#1410=VECTOR('',#5067,10.);
#1411=VECTOR('',#5068,10.);
#1412=VECTOR('',#5071,10.);
#1413=VECTOR('',#5078,10.);
#1414=VECTOR('',#5079,10.);
#1415=VECTOR('',#5080,10.);
#1416=VECTOR('',#5083,10.);
#1417=VECTOR('',#5086,10.);
#1418=VECTOR('',#5089,10.);
#1419=VECTOR('',#5090,10.);
#1420=VECTOR('',#5095,10.);
#1421=VECTOR('',#5098,10.);
#1422=VECTOR('',#5101,10.);
#1423=VECTOR('',#5104,10.);
#1424=VECTOR('',#5107,10.);
#1425=VECTOR('',#5110,10.);
#1426=VECTOR('',#5111,10.);
#1427=VECTOR('',#5112,10.);
#1428=VECTOR('',#5113,10.);
#1429=VECTOR('',#5114,10.);
#1430=VECTOR('',#5115,10.);
#1431=VECTOR('',#5116,10.);
#1432=VECTOR('',#5117,10.);
#1433=VECTOR('',#5118,10.);
#1434=VECTOR('',#5121,10.);
#1435=VECTOR('',#5122,10.);
#1436=VECTOR('',#5123,10.);
#1437=VECTOR('',#5152,10.);
#1438=VECTOR('',#5153,10.);
#1439=VECTOR('',#5154,10.);
#1440=VECTOR('',#5157,10.);
#1441=VECTOR('',#5158,10.);
#1442=VECTOR('',#5159,10.);
#1443=VECTOR('',#5166,10.);
#1444=VECTOR('',#5167,10.);
#1445=VECTOR('',#5170,10.);
#1446=VECTOR('',#5171,10.);
#1447=VECTOR('',#5172,10.);
#1448=VECTOR('',#5173,10.);
#1449=VECTOR('',#5176,10.);
#1450=VECTOR('',#5177,10.);
#1451=VECTOR('',#5178,10.);
#1452=VECTOR('',#5179,10.);
#1453=VECTOR('',#5182,10.);
#1454=VECTOR('',#5183,10.);
#1455=VECTOR('',#5186,10.);
#1456=VECTOR('',#5187,10.);
#1457=VECTOR('',#5188,10.);
#1458=VECTOR('',#5189,10.);
#1459=VECTOR('',#5190,10.);
#1460=VECTOR('',#5191,10.);
#1461=VECTOR('',#5192,10.);
#1462=VECTOR('',#5193,10.);
#1463=VECTOR('',#5194,10.);
#1464=VECTOR('',#5195,10.);
#1465=VECTOR('',#5196,10.);
#1466=VECTOR('',#5197,10.);
#1467=VECTOR('',#5202,10.);
#1468=VECTOR('',#5207,10.);
#1469=VECTOR('',#5210,10.);
#1470=VECTOR('',#5211,10.);
#1471=VECTOR('',#5212,10.);
#1472=VECTOR('',#5213,10.);
#1473=VECTOR('',#5216,10.);
#1474=VECTOR('',#5217,10.);
#1475=VECTOR('',#5218,10.);
#1476=VECTOR('',#5221,10.);
#1477=VECTOR('',#5222,10.);
#1478=VECTOR('',#5223,10.);
#1479=VECTOR('',#5226,10.);
#1480=VECTOR('',#5227,10.);
#1481=VECTOR('',#5238,1.1);
#1482=VECTOR('',#5245,1.1);
#1483=VECTOR('',#5250,10.);
#1484=VECTOR('',#5251,10.);
#1485=VECTOR('',#5252,10.);
#1486=VECTOR('',#5253,10.);
#1487=VECTOR('',#5258,10.);
#1488=VECTOR('',#5263,10.);
#1489=VECTOR('',#5264,10.);
#1490=VECTOR('',#5265,10.);
#1491=VECTOR('',#5268,10.);
#1492=VECTOR('',#5269,10.);
#1493=VECTOR('',#5274,10.);
#1494=VECTOR('',#5277,10.);
#1495=VECTOR('',#5280,10.);
#1496=VECTOR('',#5281,10.);
#1497=VECTOR('',#5282,10.);
#1498=VECTOR('',#5289,10.);
#1499=VECTOR('',#5294,10.);
#1500=VECTOR('',#5301,10.);
#1501=VECTOR('',#5306,10.);
#1502=VECTOR('',#5307,10.);
#1503=VECTOR('',#5308,10.);
#1504=VECTOR('',#5315,10.);
#1505=VECTOR('',#5318,10.);
#1506=VECTOR('',#5319,10.);
#1507=VECTOR('',#5320,10.);
#1508=VECTOR('',#5323,10.);
#1509=VECTOR('',#5326,10.);
#1510=VECTOR('',#5337,10.);
#1511=VECTOR('',#5340,10.);
#1512=VECTOR('',#5345,10.);
#1513=VECTOR('',#5346,10.);
#1514=VECTOR('',#5347,10.);
#1515=VECTOR('',#5348,10.);
#1516=VECTOR('',#5353,4.5);
#1517=VECTOR('',#5360,4.5);
#1518=VECTOR('',#5367,4.5);
#1519=VECTOR('',#5374,17.9);
#1520=VECTOR('',#5375,17.9);
#1521=VECTOR('',#5380,10.);
#1522=VECTOR('',#5381,10.);
#1523=VECTOR('',#5382,10.);
#1524=VECTOR('',#5383,10.);
#1525=VECTOR('',#5386,10.);
#1526=VECTOR('',#5387,10.);
#1527=VECTOR('',#5388,10.);
#1528=VECTOR('',#5389,10.);
#1529=VECTOR('',#5394,10.);
#1530=VECTOR('',#5399,10.);
#1531=VECTOR('',#5400,10.);
#1532=VECTOR('',#5401,10.);
#1533=VECTOR('',#5408,10.);
#1534=VECTOR('',#5413,10.);
#1535=VECTOR('',#5416,10.);
#1536=VECTOR('',#5419,10.);
#1537=VECTOR('',#5420,10.);
#1538=VECTOR('',#5421,10.);
#1539=VECTOR('',#5432,10.);
#1540=VECTOR('',#5435,10.);
#1541=VECTOR('',#5440,10.);
#1542=VECTOR('',#5443,10.);
#1543=VECTOR('',#5446,10.);
#1544=VECTOR('',#5449,10.);
#1545=VECTOR('',#5452,10.);
#1546=VECTOR('',#5461,10.);
#1547=VECTOR('',#5464,10.);
#1548=VECTOR('',#5465,10.);
#1549=VECTOR('',#5470,10.);
#1550=VECTOR('',#5471,10.);
#1551=VECTOR('',#5478,10.);
#1552=VECTOR('',#5479,10.);
#1553=VECTOR('',#5480,10.);
#1554=VECTOR('',#5487,10.);
#1555=VECTOR('',#5490,10.);
#1556=VECTOR('',#5491,10.);
#1557=VECTOR('',#5492,10.);
#1558=VECTOR('',#5505,10.);
#1559=VECTOR('',#5510,10.);
#1560=VECTOR('',#5515,10.);
#1561=VECTOR('',#5516,10.);
#1562=VECTOR('',#5517,10.);
#1563=VECTOR('',#5528,10.);
#1564=VECTOR('',#5533,10.);
#1565=VECTOR('',#5534,10.);
#1566=VECTOR('',#5541,10.);
#1567=VECTOR('',#5544,10.);
#1568=VECTOR('',#5545,10.);
#1569=VECTOR('',#5546,10.);
#1570=VECTOR('',#5553,10.);
#1571=VECTOR('',#5556,10.);
#1572=VECTOR('',#5557,10.);
#1573=VECTOR('',#5562,10.);
#1574=VECTOR('',#5567,10.);
#1575=VECTOR('',#5570,10.);
#1576=VECTOR('',#5575,10.);
#1577=VECTOR('',#5576,10.);
#1578=VECTOR('',#5579,10.);
#1579=VECTOR('',#5580,10.);
#1580=VECTOR('',#5585,10.);
#1581=VECTOR('',#5588,10.);
#1582=VECTOR('',#5589,10.);
#1583=VECTOR('',#5598,10.);
#1584=VECTOR('',#5601,10.);
#1585=VECTOR('',#5604,10.);
#1586=VECTOR('',#5605,10.);
#1587=VECTOR('',#5610,10.);
#1588=VECTOR('',#5615,10.);
#1589=VECTOR('',#5622,10.);
#1590=VECTOR('',#5625,10.);
#1591=VECTOR('',#5626,10.);
#1592=VECTOR('',#5633,10.);
#1593=VECTOR('',#5636,10.);
#1594=VECTOR('',#5641,10.);
#1595=VECTOR('',#5650,10.);
#1596=VECTOR('',#5651,10.);
#1597=VECTOR('',#5652,10.);
#1598=VECTOR('',#5653,10.);
#1599=VECTOR('',#5654,10.);
#1600=VECTOR('',#5657,10.);
#1601=VECTOR('',#5660,10.);
#1602=VECTOR('',#5665,10.);
#1603=VECTOR('',#5668,10.);
#1604=VECTOR('',#5673,10.);
#1605=VECTOR('',#5676,10.);
#1606=VECTOR('',#5687,10.);
#1607=VECTOR('',#5690,10.);
#1608=VECTOR('',#5697,10.);
#1609=VECTOR('',#5702,10.);
#1610=VECTOR('',#5703,10.);
#1611=VECTOR('',#5704,10.);
#1612=VECTOR('',#5705,10.);
#1613=VECTOR('',#5716,10.);
#1614=VECTOR('',#5723,10.);
#1615=VECTOR('',#5728,10.);
#1616=VECTOR('',#5731,10.);
#1617=VECTOR('',#5732,10.);
#1618=VECTOR('',#5733,10.);
#1619=VECTOR('',#5740,10.);
#1620=VECTOR('',#5749,10.);
#1621=VECTOR('',#5754,10.);
#1622=VECTOR('',#5761,10.);
#1623=VECTOR('',#5764,10.);
#1624=VECTOR('',#5765,10.);
#1625=VECTOR('',#5778,10.);
#1626=VECTOR('',#5781,10.);
#1627=VECTOR('',#5784,10.);
#1628=VECTOR('',#5785,10.);
#1629=VECTOR('',#5788,10.);
#1630=VECTOR('',#5793,10.);
#1631=VECTOR('',#5798,10.);
#1632=VECTOR('',#5799,10.);
#1633=VECTOR('',#5800,10.);
#1634=VECTOR('',#5803,10.);
#1635=VECTOR('',#5810,6.);
#1636=VECTOR('',#5811,10.);
#1637=VECTOR('',#5812,10.);
#1638=VECTOR('',#5815,10.);
#1639=VECTOR('',#5822,10.);
#1640=VECTOR('',#5823,10.);
#1641=VECTOR('',#5824,10.);
#1642=VECTOR('',#5827,10.);
#1643=VECTOR('',#5834,10.);
#1644=VECTOR('',#5835,10.);
#1645=VECTOR('',#5838,10.);
#1646=VECTOR('',#5839,10.);
#1647=VECTOR('',#5844,10.);
#1648=VECTOR('',#5847,10.);
#1649=VECTOR('',#5852,10.);
#1650=VECTOR('',#5855,10.);
#1651=VECTOR('',#5862,10.);
#1652=VECTOR('',#5865,10.);
#1653=VECTOR('',#5866,10.);
#1654=VECTOR('',#5867,10.);
#1655=VECTOR('',#5878,10.);
#1656=VECTOR('',#5887,2.6);
#1657=VECTOR('',#5890,10.);
#1658=VECTOR('',#5891,10.);
#1659=VECTOR('',#5896,4.5);
#1660=VECTOR('',#5907,2.6);
#1661=VECTOR('',#5916,10.);
#1662=VECTOR('',#5919,10.);
#1663=VERTEX_POINT('',#5926);
#1664=VERTEX_POINT('',#5927);
#1665=VERTEX_POINT('',#5929);
#1666=VERTEX_POINT('',#5931);
#1667=VERTEX_POINT('',#5935);
#1668=VERTEX_POINT('',#5936);
#1669=VERTEX_POINT('',#5938);
#1670=VERTEX_POINT('',#5940);
#1671=VERTEX_POINT('',#5944);
#1672=VERTEX_POINT('',#5945);
#1673=VERTEX_POINT('',#5947);
#1674=VERTEX_POINT('',#5949);
#1675=VERTEX_POINT('',#5953);
#1676=VERTEX_POINT('',#5954);
#1677=VERTEX_POINT('',#5956);
#1678=VERTEX_POINT('',#5958);
#1679=VERTEX_POINT('',#5962);
#1680=VERTEX_POINT('',#5963);
#1681=VERTEX_POINT('',#5965);
#1682=VERTEX_POINT('',#5967);
#1683=VERTEX_POINT('',#5971);
#1684=VERTEX_POINT('',#5972);
#1685=VERTEX_POINT('',#5974);
#1686=VERTEX_POINT('',#5976);
#1687=VERTEX_POINT('',#5978);
#1688=VERTEX_POINT('',#5980);
#1689=VERTEX_POINT('',#5982);
#1690=VERTEX_POINT('',#5984);
#1691=VERTEX_POINT('',#5986);
#1692=VERTEX_POINT('',#5988);
#1693=VERTEX_POINT('',#5990);
#1694=VERTEX_POINT('',#5992);
#1695=VERTEX_POINT('',#5994);
#1696=VERTEX_POINT('',#5996);
#1697=VERTEX_POINT('',#5998);
#1698=VERTEX_POINT('',#6000);
#1699=VERTEX_POINT('',#6004);
#1700=VERTEX_POINT('',#6006);
#1701=VERTEX_POINT('',#6010);
#1702=VERTEX_POINT('',#6014);
#1703=VERTEX_POINT('',#6020);
#1704=VERTEX_POINT('',#6022);
#1705=VERTEX_POINT('',#6030);
#1706=VERTEX_POINT('',#6032);
#1707=VERTEX_POINT('',#6036);
#1708=VERTEX_POINT('',#6038);
#1709=VERTEX_POINT('',#6073);
#1710=VERTEX_POINT('',#6074);
#1711=VERTEX_POINT('',#6082);
#1712=VERTEX_POINT('',#6087);
#1713=VERTEX_POINT('',#6163);
#1714=VERTEX_POINT('',#6170);
#1715=VERTEX_POINT('',#6182);
#1716=VERTEX_POINT('',#6184);
#1717=VERTEX_POINT('',#6188);
#1718=VERTEX_POINT('',#6190);
#1719=VERTEX_POINT('',#6194);
#1720=VERTEX_POINT('',#6195);
#1721=VERTEX_POINT('',#6197);
#1722=VERTEX_POINT('',#6199);
#1723=VERTEX_POINT('',#6203);
#1724=VERTEX_POINT('',#6207);
#1725=VERTEX_POINT('',#6208);
#1726=VERTEX_POINT('',#6210);
#1727=VERTEX_POINT('',#6212);
#1728=VERTEX_POINT('',#6216);
#1729=VERTEX_POINT('',#6220);
#1730=VERTEX_POINT('',#6221);
#1731=VERTEX_POINT('',#6223);
#1732=VERTEX_POINT('',#6225);
#1733=VERTEX_POINT('',#6229);
#1734=VERTEX_POINT('',#6233);
#1735=VERTEX_POINT('',#6234);
#1736=VERTEX_POINT('',#6236);
#1737=VERTEX_POINT('',#6238);
#1738=VERTEX_POINT('',#6242);
#1739=VERTEX_POINT('',#6246);
#1740=VERTEX_POINT('',#6247);
#1741=VERTEX_POINT('',#6249);
#1742=VERTEX_POINT('',#6251);
#1743=VERTEX_POINT('',#6255);
#1744=VERTEX_POINT('',#6286);
#1745=VERTEX_POINT('',#6287);
#1746=VERTEX_POINT('',#6295);
#1747=VERTEX_POINT('',#6300);
#1748=VERTEX_POINT('',#6375);
#1749=VERTEX_POINT('',#6382);
#1750=VERTEX_POINT('',#6421);
#1751=VERTEX_POINT('',#6422);
#1752=VERTEX_POINT('',#6430);
#1753=VERTEX_POINT('',#6435);
#1754=VERTEX_POINT('',#6510);
#1755=VERTEX_POINT('',#6517);
#1756=VERTEX_POINT('',#6556);
#1757=VERTEX_POINT('',#6557);
#1758=VERTEX_POINT('',#6565);
#1759=VERTEX_POINT('',#6570);
#1760=VERTEX_POINT('',#6645);
#1761=VERTEX_POINT('',#6650);
#1762=VERTEX_POINT('',#6657);
#1763=VERTEX_POINT('',#6780);
#1764=VERTEX_POINT('',#6822);
#1765=VERTEX_POINT('',#6910);
#1766=VERTEX_POINT('',#6912);
#1767=VERTEX_POINT('',#6916);
#1768=VERTEX_POINT('',#6918);
#1769=VERTEX_POINT('',#6922);
#1770=VERTEX_POINT('',#6924);
#1771=VERTEX_POINT('',#6934);
#1772=VERTEX_POINT('',#6936);
#1773=VERTEX_POINT('',#6940);
#1774=VERTEX_POINT('',#6941);
#1775=VERTEX_POINT('',#6943);
#1776=VERTEX_POINT('',#6945);
#1777=VERTEX_POINT('',#6949);
#1778=VERTEX_POINT('',#6951);
#1779=VERTEX_POINT('',#6961);
#1780=VERTEX_POINT('',#6967);
#1781=VERTEX_POINT('',#6973);
#1782=VERTEX_POINT('',#6979);
#1783=VERTEX_POINT('',#6985);
#1784=VERTEX_POINT('',#7102);
#1785=VERTEX_POINT('',#7143);
#1786=VERTEX_POINT('',#7350);
#1787=VERTEX_POINT('',#7391);
#1788=VERTEX_POINT('',#7598);
#1789=VERTEX_POINT('',#7639);
#1790=VERTEX_POINT('',#7715);
#1791=VERTEX_POINT('',#7733);
#1792=VERTEX_POINT('',#7735);
#1793=VERTEX_POINT('',#7762);
#1794=VERTEX_POINT('',#7763);
#1795=VERTEX_POINT('',#7765);
#1796=VERTEX_POINT('',#7803);
#1797=VERTEX_POINT('',#7804);
#1798=VERTEX_POINT('',#7826);
#1799=VERTEX_POINT('',#7828);
#1800=VERTEX_POINT('',#7830);
#1801=VERTEX_POINT('',#7834);
#1802=VERTEX_POINT('',#7836);
#1803=VERTEX_POINT('',#7864);
#1804=VERTEX_POINT('',#7871);
#1805=VERTEX_POINT('',#7881);
#1806=VERTEX_POINT('',#7883);
#1807=VERTEX_POINT('',#7889);
#1808=VERTEX_POINT('',#7891);
#1809=VERTEX_POINT('',#7893);
#1810=VERTEX_POINT('',#7910);
#1811=VERTEX_POINT('',#7912);
#1812=VERTEX_POINT('',#7917);
#1813=VERTEX_POINT('',#7919);
#1814=VERTEX_POINT('',#7932);
#1815=VERTEX_POINT('',#7934);
#1816=VERTEX_POINT('',#7940);
#1817=VERTEX_POINT('',#7941);
#1818=VERTEX_POINT('',#7943);
#1819=VERTEX_POINT('',#7945);
#1820=VERTEX_POINT('',#7949);
#1821=VERTEX_POINT('',#7950);
#1822=VERTEX_POINT('',#7955);
#1823=VERTEX_POINT('',#7956);
#1824=VERTEX_POINT('',#7961);
#1825=VERTEX_POINT('',#7963);
#1826=VERTEX_POINT('',#7967);
#1827=VERTEX_POINT('',#7971);
#1828=VERTEX_POINT('',#7973);
#1829=VERTEX_POINT('',#7975);
#1830=VERTEX_POINT('',#7977);
#1831=VERTEX_POINT('',#7979);
#1832=VERTEX_POINT('',#7983);
#1833=VERTEX_POINT('',#7985);
#1834=VERTEX_POINT('',#7989);
#1835=VERTEX_POINT('',#7991);
#1836=VERTEX_POINT('',#7993);
#1837=VERTEX_POINT('',#7995);
#1838=VERTEX_POINT('',#7997);
#1839=VERTEX_POINT('',#7999);
#1840=VERTEX_POINT('',#8001);
#1841=VERTEX_POINT('',#8003);
#1842=VERTEX_POINT('',#8007);
#1843=VERTEX_POINT('',#8009);
#1844=VERTEX_POINT('',#8017);
#1845=VERTEX_POINT('',#8018);
#1846=VERTEX_POINT('',#8022);
#1847=VERTEX_POINT('',#8024);
#1848=VERTEX_POINT('',#8028);
#1849=VERTEX_POINT('',#8041);
#1850=VERTEX_POINT('',#8058);
#1851=VERTEX_POINT('',#8071);
#1852=VERTEX_POINT('',#8089);
#1853=VERTEX_POINT('',#8090);
#1854=VERTEX_POINT('',#8095);
#1855=VERTEX_POINT('',#8096);
#1856=VERTEX_POINT('',#8103);
#1857=VERTEX_POINT('',#8107);
#1858=VERTEX_POINT('',#8108);
#1859=VERTEX_POINT('',#8110);
#1860=VERTEX_POINT('',#8112);
#1861=VERTEX_POINT('',#8116);
#1862=VERTEX_POINT('',#8117);
#1863=VERTEX_POINT('',#8119);
#1864=VERTEX_POINT('',#8121);
#1865=VERTEX_POINT('',#8129);
#1866=VERTEX_POINT('',#8131);
#1867=VERTEX_POINT('',#8133);
#1868=VERTEX_POINT('',#8135);
#1869=VERTEX_POINT('',#8137);
#1870=VERTEX_POINT('',#8139);
#1871=VERTEX_POINT('',#8141);
#1872=VERTEX_POINT('',#8143);
#1873=VERTEX_POINT('',#8145);
#1874=VERTEX_POINT('',#8147);
#1875=VERTEX_POINT('',#8151);
#1876=VERTEX_POINT('',#8158);
#1877=VERTEX_POINT('',#8159);
#1878=VERTEX_POINT('',#8161);
#1879=VERTEX_POINT('',#8163);
#1880=VERTEX_POINT('',#8167);
#1881=VERTEX_POINT('',#8169);
#1882=VERTEX_POINT('',#8173);
#1883=VERTEX_POINT('',#8175);
#1884=VERTEX_POINT('',#8182);
#1885=VERTEX_POINT('',#8185);
#1886=VERTEX_POINT('',#8188);
#1887=VERTEX_POINT('',#8192);
#1888=VERTEX_POINT('',#8197);
#1889=VERTEX_POINT('',#8198);
#1890=VERTEX_POINT('',#8200);
#1891=VERTEX_POINT('',#8202);
#1892=VERTEX_POINT('',#8206);
#1893=VERTEX_POINT('',#8208);
#1894=VERTEX_POINT('',#8212);
#1895=VERTEX_POINT('',#8214);
#1896=VERTEX_POINT('',#8218);
#1897=VERTEX_POINT('',#8222);
#1898=VERTEX_POINT('',#8223);
#1899=VERTEX_POINT('',#8225);
#1900=VERTEX_POINT('',#8227);
#1901=VERTEX_POINT('',#8231);
#1902=VERTEX_POINT('',#8233);
#1903=VERTEX_POINT('',#8237);
#1904=VERTEX_POINT('',#8239);
#1905=VERTEX_POINT('',#8243);
#1906=VERTEX_POINT('',#8245);
#1907=VERTEX_POINT('',#8249);
#1908=VERTEX_POINT('',#8251);
#1909=VERTEX_POINT('',#8255);
#1910=VERTEX_POINT('',#8257);
#1911=VERTEX_POINT('',#8259);
#1912=VERTEX_POINT('',#8261);
#1913=VERTEX_POINT('',#8263);
#1914=VERTEX_POINT('',#8265);
#1915=VERTEX_POINT('',#8269);
#1916=VERTEX_POINT('',#8270);
#1917=VERTEX_POINT('',#8275);
#1918=VERTEX_POINT('',#8282);
#1919=VERTEX_POINT('',#8284);
#1920=VERTEX_POINT('',#8288);
#1921=VERTEX_POINT('',#8289);
#1922=VERTEX_POINT('',#8292);
#1923=VERTEX_POINT('',#8301);
#1924=VERTEX_POINT('',#8303);
#1925=VERTEX_POINT('',#8305);
#1926=VERTEX_POINT('',#8309);
#1927=VERTEX_POINT('',#8310);
#1928=VERTEX_POINT('',#8312);
#1929=VERTEX_POINT('',#8314);
#1930=VERTEX_POINT('',#8318);
#1931=VERTEX_POINT('',#8320);
#1932=VERTEX_POINT('',#8324);
#1933=VERTEX_POINT('',#8326);
#1934=VERTEX_POINT('',#8330);
#1935=VERTEX_POINT('',#8332);
#1936=VERTEX_POINT('',#8336);
#1937=VERTEX_POINT('',#8339);
#1938=VERTEX_POINT('',#8343);
#1939=VERTEX_POINT('',#8344);
#1940=VERTEX_POINT('',#8346);
#1941=VERTEX_POINT('',#8348);
#1942=VERTEX_POINT('',#8352);
#1943=VERTEX_POINT('',#8353);
#1944=VERTEX_POINT('',#8355);
#1945=VERTEX_POINT('',#8357);
#1946=VERTEX_POINT('',#8361);
#1947=VERTEX_POINT('',#8363);
#1948=VERTEX_POINT('',#8367);
#1949=VERTEX_POINT('',#8369);
#1950=VERTEX_POINT('',#8373);
#1951=VERTEX_POINT('',#8375);
#1952=VERTEX_POINT('',#8379);
#1953=VERTEX_POINT('',#8380);
#1954=VERTEX_POINT('',#8382);
#1955=VERTEX_POINT('',#8384);
#1956=VERTEX_POINT('',#8388);
#1957=VERTEX_POINT('',#8390);
#1958=VERTEX_POINT('',#8397);
#1959=VERTEX_POINT('',#8398);
#1960=VERTEX_POINT('',#8400);
#1961=VERTEX_POINT('',#8402);
#1962=VERTEX_POINT('',#8406);
#1963=VERTEX_POINT('',#8408);
#1964=VERTEX_POINT('',#8410);
#1965=VERTEX_POINT('',#8412);
#1966=VERTEX_POINT('',#8414);
#1967=VERTEX_POINT('',#8416);
#1968=VERTEX_POINT('',#8418);
#1969=VERTEX_POINT('',#8420);
#1970=VERTEX_POINT('',#8422);
#1971=VERTEX_POINT('',#8424);
#1972=VERTEX_POINT('',#8428);
#1973=VERTEX_POINT('',#8430);
#1974=VERTEX_POINT('',#8437);
#1975=VERTEX_POINT('',#8444);
#1976=VERTEX_POINT('',#8446);
#1977=VERTEX_POINT('',#8450);
#1978=VERTEX_POINT('',#8452);
#1979=VERTEX_POINT('',#8456);
#1980=VERTEX_POINT('',#8458);
#1981=VERTEX_POINT('',#8465);
#1982=VERTEX_POINT('',#8467);
#1983=VERTEX_POINT('',#8471);
#1984=VERTEX_POINT('',#8473);
#1985=VERTEX_POINT('',#8477);
#1986=VERTEX_POINT('',#8479);
#1987=VERTEX_POINT('',#8486);
#1988=VERTEX_POINT('',#8488);
#1989=VERTEX_POINT('',#8495);
#1990=VERTEX_POINT('',#8497);
#1991=VERTEX_POINT('',#8501);
#1992=VERTEX_POINT('',#8503);
#1993=VERTEX_POINT('',#8507);
#1994=VERTEX_POINT('',#8509);
#1995=VERTEX_POINT('',#8516);
#1996=VERTEX_POINT('',#8517);
#1997=VERTEX_POINT('',#8519);
#1998=VERTEX_POINT('',#8522);
#1999=VERTEX_POINT('',#8524);
#2000=VERTEX_POINT('',#8526);
#2001=VERTEX_POINT('',#8530);
#2002=VERTEX_POINT('',#8531);
#2003=VERTEX_POINT('',#8536);
#2004=VERTEX_POINT('',#8540);
#2005=VERTEX_POINT('',#8544);
#2006=VERTEX_POINT('',#8550);
#2007=VERTEX_POINT('',#8556);
#2008=VERTEX_POINT('',#8560);
#2009=VERTEX_POINT('',#8564);
#2010=VERTEX_POINT('',#8568);
#2011=VERTEX_POINT('',#8570);
#2012=VERTEX_POINT('',#8574);
#2013=VERTEX_POINT('',#8576);
#2014=VERTEX_POINT('',#8580);
#2015=VERTEX_POINT('',#8584);
#2016=VERTEX_POINT('',#8593);
#2017=VERTEX_POINT('',#8594);
#2018=VERTEX_POINT('',#8597);
#2019=VERTEX_POINT('',#8599);
#2020=VERTEX_POINT('',#8603);
#2021=VERTEX_POINT('',#8604);
#2022=VERTEX_POINT('',#8606);
#2023=VERTEX_POINT('',#8608);
#2024=VERTEX_POINT('',#8612);
#2025=VERTEX_POINT('',#8613);
#2026=VERTEX_POINT('',#8615);
#2027=VERTEX_POINT('',#8617);
#2028=VERTEX_POINT('',#8621);
#2029=VERTEX_POINT('',#8622);
#2030=VERTEX_POINT('',#8624);
#2031=VERTEX_POINT('',#8626);
#2032=VERTEX_POINT('',#8633);
#2033=VERTEX_POINT('',#8634);
#2034=VERTEX_POINT('',#8636);
#2035=VERTEX_POINT('',#8638);
#2036=VERTEX_POINT('',#8642);
#2037=VERTEX_POINT('',#8644);
#2038=VERTEX_POINT('',#8648);
#2039=VERTEX_POINT('',#8649);
#2040=VERTEX_POINT('',#8658);
#2041=VERTEX_POINT('',#8660);
#2042=VERTEX_POINT('',#8664);
#2043=VERTEX_POINT('',#8668);
#2044=VERTEX_POINT('',#8672);
#2045=VERTEX_POINT('',#8673);
#2046=VERTEX_POINT('',#8678);
#2047=VERTEX_POINT('',#8685);
#2048=VERTEX_POINT('',#8686);
#2049=VERTEX_POINT('',#8691);
#2050=VERTEX_POINT('',#8695);
#2051=VERTEX_POINT('',#8699);
#2052=VERTEX_POINT('',#8707);
#2053=VERTEX_POINT('',#8708);
#2054=VERTEX_POINT('',#8710);
#2055=VERTEX_POINT('',#8712);
#2056=VERTEX_POINT('',#8716);
#2057=VERTEX_POINT('',#8717);
#2058=VERTEX_POINT('',#8719);
#2059=VERTEX_POINT('',#8721);
#2060=VERTEX_POINT('',#8723);
#2061=VERTEX_POINT('',#8728);
#2062=VERTEX_POINT('',#8731);
#2063=VERTEX_POINT('',#8732);
#2064=VERTEX_POINT('',#8736);
#2065=VERTEX_POINT('',#8738);
#2066=VERTEX_POINT('',#8740);
#2067=VERTEX_POINT('',#8744);
#2068=VERTEX_POINT('',#8746);
#2069=VERTEX_POINT('',#8755);
#2070=VERTEX_POINT('',#8759);
#2071=VERTEX_POINT('',#8766);
#2072=VERTEX_POINT('',#8771);
#2073=VERTEX_POINT('',#8786);
#2074=VERTEX_POINT('',#8787);
#2075=VERTEX_POINT('',#8797);
#2076=VERTEX_POINT('',#8800);
#2077=VERTEX_POINT('',#8807);
#2078=VERTEX_POINT('',#8810);
#2079=VERTEX_POINT('',#8815);
#2080=EDGE_CURVE('',#1663,#1664,#919,.T.);
#2081=EDGE_CURVE('',#1664,#1665,#920,.T.);
#2082=EDGE_CURVE('',#1666,#1665,#921,.T.);
#2083=EDGE_CURVE('',#1663,#1666,#922,.T.);
#2084=EDGE_CURVE('',#1667,#1668,#923,.T.);
#2085=EDGE_CURVE('',#1669,#1668,#924,.T.);
#2086=EDGE_CURVE('',#1669,#1670,#925,.T.);
#2087=EDGE_CURVE('',#1670,#1667,#926,.T.);
#2088=EDGE_CURVE('',#1671,#1672,#927,.T.);
#2089=EDGE_CURVE('',#1673,#1672,#928,.T.);
#2090=EDGE_CURVE('',#1673,#1674,#929,.T.);
#2091=EDGE_CURVE('',#1671,#1674,#930,.F.);
#2092=EDGE_CURVE('',#1675,#1676,#931,.T.);
#2093=EDGE_CURVE('',#1677,#1676,#932,.F.);
#2094=EDGE_CURVE('',#1678,#1677,#933,.T.);
#2095=EDGE_CURVE('',#1675,#1678,#934,.T.);
#2096=EDGE_CURVE('',#1679,#1680,#935,.T.);
#2097=EDGE_CURVE('',#1681,#1680,#936,.T.);
#2098=EDGE_CURVE('',#1681,#1682,#937,.T.);
#2099=EDGE_CURVE('',#1679,#1682,#938,.F.);
#2100=EDGE_CURVE('',#1683,#1684,#939,.F.);
#2101=EDGE_CURVE('',#1684,#1685,#159,.T.);
#2102=EDGE_CURVE('',#1685,#1686,#940,.F.);
#2103=EDGE_CURVE('',#1687,#1686,#160,.T.);
#2104=EDGE_CURVE('',#1687,#1688,#941,.T.);
#2105=EDGE_CURVE('',#1688,#1689,#161,.T.);
#2106=EDGE_CURVE('',#1689,#1690,#942,.T.);
#2107=EDGE_CURVE('',#1691,#1690,#162,.T.);
#2108=EDGE_CURVE('',#1691,#1692,#943,.T.);
#2109=EDGE_CURVE('',#1692,#1693,#163,.T.);
#2110=EDGE_CURVE('',#1693,#1694,#944,.T.);
#2111=EDGE_CURVE('',#1695,#1694,#164,.T.);
#2112=EDGE_CURVE('',#1695,#1696,#945,.T.);
#2113=EDGE_CURVE('',#1696,#1697,#165,.T.);
#2114=EDGE_CURVE('',#1697,#1698,#946,.T.);
#2115=EDGE_CURVE('',#1683,#1698,#166,.T.);
#2116=EDGE_CURVE('',#1699,#1691,#167,.T.);
#2117=EDGE_CURVE('',#1699,#1700,#947,.T.);
#2118=EDGE_CURVE('',#1700,#1692,#168,.T.);
#2119=EDGE_CURVE('',#1701,#1700,#948,.T.);
#2120=EDGE_CURVE('',#1693,#1701,#169,.T.);
#2121=EDGE_CURVE('',#1702,#1699,#949,.T.);
#2122=EDGE_CURVE('',#1702,#1701,#950,.T.);
#2123=EDGE_CURVE('',#1694,#1702,#170,.T.);
#2124=EDGE_CURVE('',#1703,#1695,#951,.T.);
#2125=EDGE_CURVE('',#1703,#1704,#952,.T.);
#2126=EDGE_CURVE('',#1704,#1696,#953,.T.);
#2127=EDGE_CURVE('',#1697,#1704,#171,.T.);
#2128=EDGE_CURVE('',#1698,#1703,#172,.T.);
#2129=EDGE_CURVE('',#1689,#1705,#954,.T.);
#2130=EDGE_CURVE('',#1706,#1705,#955,.T.);
#2131=EDGE_CURVE('',#1690,#1706,#956,.T.);
#2132=EDGE_CURVE('',#1707,#1687,#957,.T.);
#2133=EDGE_CURVE('',#1707,#1708,#958,.T.);
#2134=EDGE_CURVE('',#1708,#1688,#959,.T.);
#2135=EDGE_CURVE('',#1706,#1707,#173,.T.);
#2136=EDGE_CURVE('',#1705,#1708,#174,.T.);
#2137=EDGE_CURVE('',#1709,#1710,#70,.F.);
#2138=EDGE_CURVE('',#1709,#1711,#71,.F.);
#2139=EDGE_CURVE('',#1711,#1712,#72,.T.);
#2140=EDGE_CURVE('',#1712,#1710,#73,.T.);
#2141=EDGE_CURVE('',#1710,#1713,#74,.F.);
#2142=EDGE_CURVE('',#1712,#1714,#75,.T.);
#2143=EDGE_CURVE('',#1713,#1714,#76,.F.);
#2144=EDGE_CURVE('',#1685,#1715,#175,.T.);
#2145=EDGE_CURVE('',#1716,#1715,#960,.T.);
#2146=EDGE_CURVE('',#1686,#1716,#176,.T.);
#2147=EDGE_CURVE('',#1671,#1717,#177,.T.);
#2148=EDGE_CURVE('',#1718,#1717,#961,.T.);
#2149=EDGE_CURVE('',#1672,#1718,#178,.T.);
#2150=EDGE_CURVE('',#1719,#1720,#962,.F.);
#2151=EDGE_CURVE('',#1719,#1721,#963,.T.);
#2152=EDGE_CURVE('',#1721,#1722,#964,.F.);
#2153=EDGE_CURVE('',#1720,#1722,#965,.T.);
#2154=EDGE_CURVE('',#1720,#1723,#966,.F.);
#2155=EDGE_CURVE('',#1723,#1722,#967,.F.);
#2156=EDGE_CURVE('',#1724,#1725,#968,.F.);
#2157=EDGE_CURVE('',#1724,#1726,#969,.F.);
#2158=EDGE_CURVE('',#1726,#1727,#970,.F.);
#2159=EDGE_CURVE('',#1725,#1727,#971,.T.);
#2160=EDGE_CURVE('',#1725,#1728,#972,.T.);
#2161=EDGE_CURVE('',#1728,#1727,#973,.F.);
#2162=EDGE_CURVE('',#1729,#1730,#974,.F.);
#2163=EDGE_CURVE('',#1729,#1731,#975,.T.);
#2164=EDGE_CURVE('',#1732,#1731,#976,.T.);
#2165=EDGE_CURVE('',#1730,#1732,#977,.T.);
#2166=EDGE_CURVE('',#1730,#1733,#978,.F.);
#2167=EDGE_CURVE('',#1733,#1732,#979,.F.);
#2168=EDGE_CURVE('',#1734,#1735,#980,.F.);
#2169=EDGE_CURVE('',#1734,#1736,#981,.F.);
#2170=EDGE_CURVE('',#1736,#1737,#982,.F.);
#2171=EDGE_CURVE('',#1735,#1737,#983,.T.);
#2172=EDGE_CURVE('',#1735,#1738,#984,.F.);
#2173=EDGE_CURVE('',#1738,#1737,#985,.F.);
#2174=EDGE_CURVE('',#1739,#1740,#986,.F.);
#2175=EDGE_CURVE('',#1739,#1741,#987,.T.);
#2176=EDGE_CURVE('',#1742,#1741,#988,.T.);
#2177=EDGE_CURVE('',#1740,#1742,#989,.T.);
#2178=EDGE_CURVE('',#1740,#1743,#990,.F.);
#2179=EDGE_CURVE('',#1743,#1742,#991,.F.);
#2180=EDGE_CURVE('',#1744,#1745,#77,.F.);
#2181=EDGE_CURVE('',#1744,#1746,#78,.F.);
#2182=EDGE_CURVE('',#1746,#1747,#79,.T.);
#2183=EDGE_CURVE('',#1747,#1745,#80,.T.);
#2184=EDGE_CURVE('',#1745,#1748,#81,.F.);
#2185=EDGE_CURVE('',#1747,#1749,#82,.T.);
#2186=EDGE_CURVE('',#1748,#1749,#83,.T.);
#2187=EDGE_CURVE('',#1750,#1751,#84,.F.);
#2188=EDGE_CURVE('',#1750,#1752,#85,.F.);
#2189=EDGE_CURVE('',#1752,#1753,#86,.T.);
#2190=EDGE_CURVE('',#1753,#1751,#87,.T.);
#2191=EDGE_CURVE('',#1751,#1754,#88,.F.);
#2192=EDGE_CURVE('',#1753,#1755,#89,.T.);
#2193=EDGE_CURVE('',#1754,#1755,#90,.F.);
#2194=EDGE_CURVE('',#1756,#1757,#91,.F.);
#2195=EDGE_CURVE('',#1756,#1758,#92,.F.);
#2196=EDGE_CURVE('',#1758,#1759,#93,.T.);
#2197=EDGE_CURVE('',#1759,#1757,#94,.T.);
#2198=EDGE_CURVE('',#1757,#1760,#95,.F.);
#2199=EDGE_CURVE('',#1759,#1761,#96,.T.);
#2200=EDGE_CURVE('',#1762,#1761,#97,.T.);
#2201=EDGE_CURVE('',#1760,#1762,#98,.F.);
#2202=EDGE_CURVE('',#1763,#1711,#99,.T.);
#2203=EDGE_CURVE('',#1714,#1763,#100,.T.);
#2204=EDGE_CURVE('',#1713,#1764,#101,.F.);
#2205=EDGE_CURVE('',#1764,#1763,#102,.T.);
#2206=EDGE_CURVE('',#1764,#1709,#103,.T.);
#2207=EDGE_CURVE('',#1715,#1765,#992,.T.);
#2208=EDGE_CURVE('',#1765,#1766,#993,.T.);
#2209=EDGE_CURVE('',#1716,#1766,#994,.T.);
#2210=EDGE_CURVE('',#1767,#1683,#179,.T.);
#2211=EDGE_CURVE('',#1768,#1767,#995,.T.);
#2212=EDGE_CURVE('',#1768,#1684,#180,.T.);
#2213=EDGE_CURVE('',#1769,#1767,#996,.T.);
#2214=EDGE_CURVE('',#1769,#1770,#997,.T.);
#2215=EDGE_CURVE('',#1770,#1768,#998,.T.);
#2216=EDGE_CURVE('',#1679,#1770,#181,.T.);
#2217=EDGE_CURVE('',#1680,#1769,#182,.T.);
#2218=EDGE_CURVE('',#1766,#1675,#183,.T.);
#2219=EDGE_CURVE('',#1765,#1676,#184,.T.);
#2220=EDGE_CURVE('',#1717,#1771,#999,.T.);
#2221=EDGE_CURVE('',#1771,#1772,#1000,.T.);
#2222=EDGE_CURVE('',#1718,#1772,#1001,.T.);
#2223=EDGE_CURVE('',#1773,#1774,#1002,.T.);
#2224=EDGE_CURVE('',#1775,#1773,#185,.T.);
#2225=EDGE_CURVE('',#1776,#1775,#1003,.T.);
#2226=EDGE_CURVE('',#1776,#1774,#186,.T.);
#2227=EDGE_CURVE('',#1777,#1775,#1004,.T.);
#2228=EDGE_CURVE('',#1777,#1778,#1005,.T.);
#2229=EDGE_CURVE('',#1778,#1776,#1006,.T.);
#2230=EDGE_CURVE('',#1667,#1778,#187,.T.);
#2231=EDGE_CURVE('',#1668,#1777,#188,.T.);
#2232=EDGE_CURVE('',#1772,#1663,#189,.T.);
#2233=EDGE_CURVE('',#1771,#1664,#190,.T.);
#2234=EDGE_CURVE('',#1723,#1779,#1007,.F.);
#2235=EDGE_CURVE('',#1779,#1721,#1008,.F.);
#2236=EDGE_CURVE('',#1779,#1719,#1009,.F.);
#2237=EDGE_CURVE('',#1728,#1780,#1010,.F.);
#2238=EDGE_CURVE('',#1780,#1726,#1011,.T.);
#2239=EDGE_CURVE('',#1780,#1724,#1012,.F.);
#2240=EDGE_CURVE('',#1733,#1781,#1013,.F.);
#2241=EDGE_CURVE('',#1781,#1731,#1014,.F.);
#2242=EDGE_CURVE('',#1781,#1729,#1015,.F.);
#2243=EDGE_CURVE('',#1738,#1782,#1016,.F.);
#2244=EDGE_CURVE('',#1782,#1736,#1017,.T.);
#2245=EDGE_CURVE('',#1782,#1734,#1018,.F.);
#2246=EDGE_CURVE('',#1743,#1783,#1019,.F.);
#2247=EDGE_CURVE('',#1783,#1741,#1020,.F.);
#2248=EDGE_CURVE('',#1783,#1739,#1021,.F.);
#2249=EDGE_CURVE('',#1784,#1746,#104,.T.);
#2250=EDGE_CURVE('',#1749,#1784,#105,.T.);
#2251=EDGE_CURVE('',#1748,#1785,#106,.F.);
#2252=EDGE_CURVE('',#1785,#1784,#107,.T.);
#2253=EDGE_CURVE('',#1785,#1744,#108,.T.);
#2254=EDGE_CURVE('',#1786,#1752,#109,.T.);
#2255=EDGE_CURVE('',#1755,#1786,#110,.F.);
#2256=EDGE_CURVE('',#1754,#1787,#111,.F.);
#2257=EDGE_CURVE('',#1787,#1786,#112,.T.);
#2258=EDGE_CURVE('',#1787,#1750,#113,.T.);
#2259=EDGE_CURVE('',#1788,#1758,#114,.T.);
#2260=EDGE_CURVE('',#1761,#1788,#115,.T.);
#2261=EDGE_CURVE('',#1762,#1789,#116,.F.);
#2262=EDGE_CURVE('',#1789,#1788,#117,.T.);
#2263=EDGE_CURVE('',#1789,#1790,#118,.T.);
#2264=EDGE_CURVE('',#1790,#1756,#119,.T.);
#2265=EDGE_CURVE('',#1791,#1774,#1022,.F.);
#2266=EDGE_CURVE('',#1792,#1791,#1023,.T.);
#2267=EDGE_CURVE('',#1773,#1792,#1024,.T.);
#2268=EDGE_CURVE('',#1793,#1794,#191,.T.);
#2269=EDGE_CURVE('',#1794,#1795,#120,.T.);
#2270=EDGE_CURVE('',#1795,#1793,#121,.T.);
#2271=EDGE_CURVE('',#1796,#1797,#122,.T.);
#2272=EDGE_CURVE('',#1796,#1794,#123,.T.);
#2273=EDGE_CURVE('',#1793,#1797,#124,.T.);
#2274=EDGE_CURVE('',#1798,#1793,#1025,.T.);
#2275=EDGE_CURVE('',#1799,#1798,#192,.T.);
#2276=EDGE_CURVE('',#1799,#1800,#1026,.T.);
#2277=EDGE_CURVE('',#1800,#1797,#193,.T.);
#2278=EDGE_CURVE('',#1801,#1795,#1027,.T.);
#2279=EDGE_CURVE('',#1801,#1802,#1028,.T.);
#2280=EDGE_CURVE('',#1798,#1802,#1029,.T.);
#2281=EDGE_CURVE('',#1796,#1803,#125,.F.);
#2282=EDGE_CURVE('',#1804,#1803,#126,.T.);
#2283=EDGE_CURVE('',#1804,#1795,#58,.T.);
#2284=EDGE_CURVE('',#1805,#1804,#59,.T.);
#2285=EDGE_CURVE('',#1806,#1805,#55,.T.);
#2286=EDGE_CURVE('',#1806,#1801,#60,.T.);
#2287=EDGE_CURVE('',#1807,#1806,#61,.T.);
#2288=EDGE_CURVE('',#1807,#1808,#1030,.T.);
#2289=EDGE_CURVE('',#1808,#1809,#127,.T.);
#2290=EDGE_CURVE('',#1809,#1801,#1031,.T.);
#2291=EDGE_CURVE('',#1808,#1810,#194,.T.);
#2292=EDGE_CURVE('',#1811,#1810,#128,.T.);
#2293=EDGE_CURVE('',#1812,#1811,#195,.F.);
#2294=EDGE_CURVE('',#1812,#1813,#129,.T.);
#2295=EDGE_CURVE('',#1813,#1809,#196,.T.);
#2296=EDGE_CURVE('',#1814,#1807,#1032,.T.);
#2297=EDGE_CURVE('',#1814,#1815,#1033,.T.);
#2298=EDGE_CURVE('',#1815,#1808,#1034,.T.);
#2299=EDGE_CURVE('',#1802,#1813,#1035,.T.);
#2300=EDGE_CURVE('',#1816,#1817,#1036,.T.);
#2301=EDGE_CURVE('',#1817,#1818,#1037,.T.);
#2302=EDGE_CURVE('',#1818,#1819,#1038,.T.);
#2303=EDGE_CURVE('',#1819,#1816,#1039,.T.);
#2304=EDGE_CURVE('',#1820,#1821,#1040,.T.);
#2305=EDGE_CURVE('',#1821,#1817,#197,.T.);
#2306=EDGE_CURVE('',#1816,#1820,#198,.T.);
#2307=EDGE_CURVE('',#1822,#1823,#1041,.T.);
#2308=EDGE_CURVE('',#1823,#1821,#1042,.T.);
#2309=EDGE_CURVE('',#1820,#1822,#1043,.T.);
#2310=EDGE_CURVE('',#1816,#1824,#1044,.T.);
#2311=EDGE_CURVE('',#1824,#1825,#199,.T.);
#2312=EDGE_CURVE('',#1820,#1825,#1045,.T.);
#2313=EDGE_CURVE('',#1819,#1826,#1046,.T.);
#2314=EDGE_CURVE('',#1826,#1824,#1047,.T.);
#2315=EDGE_CURVE('',#1815,#1827,#200,.T.);
#2316=EDGE_CURVE('',#1828,#1827,#1048,.F.);
#2317=EDGE_CURVE('',#1829,#1828,#201,.T.);
#2318=EDGE_CURVE('',#1829,#1830,#1049,.T.);
#2319=EDGE_CURVE('',#1831,#1830,#202,.T.);
#2320=EDGE_CURVE('',#1831,#1810,#1050,.T.);
#2321=EDGE_CURVE('',#1832,#1814,#1051,.T.);
#2322=EDGE_CURVE('',#1833,#1832,#203,.T.);
#2323=EDGE_CURVE('',#1827,#1833,#1052,.T.);
#2324=EDGE_CURVE('',#1834,#1805,#1053,.T.);
#2325=EDGE_CURVE('',#1834,#1835,#1054,.T.);
#2326=EDGE_CURVE('',#1835,#1836,#1055,.T.);
#2327=EDGE_CURVE('',#1837,#1836,#1056,.T.);
#2328=EDGE_CURVE('',#1837,#1838,#1057,.T.);
#2329=EDGE_CURVE('',#1838,#1839,#1058,.T.);
#2330=EDGE_CURVE('',#1839,#1840,#1059,.T.);
#2331=EDGE_CURVE('',#1841,#1840,#1060,.T.);
#2332=EDGE_CURVE('',#1841,#1832,#1061,.T.);
#2333=EDGE_CURVE('',#1842,#1839,#1062,.T.);
#2334=EDGE_CURVE('',#1843,#1842,#1063,.T.);
#2335=EDGE_CURVE('',#1840,#1843,#1064,.T.);
#2336=EDGE_CURVE('',#1838,#1842,#204,.T.);
#2337=EDGE_CURVE('',#1843,#1837,#205,.T.);
#2338=EDGE_CURVE('',#1844,#1845,#56,.F.);
#2339=EDGE_CURVE('',#1844,#1846,#206,.T.);
#2340=EDGE_CURVE('',#1846,#1847,#57,.T.);
#2341=EDGE_CURVE('',#1847,#1848,#130,.F.);
#2342=EDGE_CURVE('',#1848,#1849,#207,.T.);
#2343=EDGE_CURVE('',#1845,#1849,#131,.T.);
#2344=EDGE_CURVE('',#1848,#1849,#208,.T.);
#2345=EDGE_CURVE('',#1830,#1850,#132,.F.);
#2346=EDGE_CURVE('',#1850,#1851,#209,.T.);
#2347=EDGE_CURVE('',#1851,#1831,#133,.F.);
#2348=EDGE_CURVE('',#1811,#1829,#210,.T.);
#2349=EDGE_CURVE('',#1852,#1853,#1065,.T.);
#2350=EDGE_CURVE('',#1852,#1847,#1066,.T.);
#2351=EDGE_CURVE('',#1853,#1846,#1067,.T.);
#2352=EDGE_CURVE('',#1854,#1855,#1068,.T.);
#2353=EDGE_CURVE('',#1844,#1854,#1069,.T.);
#2354=EDGE_CURVE('',#1855,#1845,#1070,.T.);
#2355=EDGE_CURVE('',#1855,#1852,#211,.T.);
#2356=EDGE_CURVE('',#1856,#1841,#1071,.T.);
#2357=EDGE_CURVE('',#1856,#1832,#1072,.T.);
#2358=EDGE_CURVE('',#1857,#1858,#1073,.T.);
#2359=EDGE_CURVE('',#1858,#1859,#1074,.T.);
#2360=EDGE_CURVE('',#1860,#1859,#1075,.T.);
#2361=EDGE_CURVE('',#1857,#1860,#1076,.T.);
#2362=EDGE_CURVE('',#1861,#1862,#1077,.T.);
#2363=EDGE_CURVE('',#1861,#1863,#1078,.T.);
#2364=EDGE_CURVE('',#1864,#1863,#1079,.T.);
#2365=EDGE_CURVE('',#1862,#1864,#1080,.T.);
#2366=EDGE_CURVE('',#1863,#1800,#1081,.T.);
#2367=EDGE_CURVE('',#1864,#1799,#1082,.T.);
#2368=EDGE_CURVE('',#1859,#1861,#1083,.T.);
#2369=EDGE_CURVE('',#1862,#1865,#1084,.T.);
#2370=EDGE_CURVE('',#1865,#1866,#1085,.T.);
#2371=EDGE_CURVE('',#1866,#1867,#1086,.T.);
#2372=EDGE_CURVE('',#1868,#1867,#1087,.T.);
#2373=EDGE_CURVE('',#1869,#1868,#1088,.T.);
#2374=EDGE_CURVE('',#1870,#1869,#1089,.T.);
#2375=EDGE_CURVE('',#1871,#1870,#1090,.F.);
#2376=EDGE_CURVE('',#1872,#1871,#1091,.T.);
#2377=EDGE_CURVE('',#1872,#1873,#1092,.T.);
#2378=EDGE_CURVE('',#1874,#1873,#1093,.T.);
#2379=EDGE_CURVE('',#1874,#1860,#1094,.T.);
#2380=EDGE_CURVE('',#1875,#1854,#212,.T.);
#2381=EDGE_CURVE('',#1875,#1833,#1095,.T.);
#2382=EDGE_CURVE('',#1853,#1856,#213,.T.);
#2383=EDGE_CURVE('',#1828,#1875,#1096,.F.);
#2384=EDGE_CURVE('',#1876,#1877,#1097,.T.);
#2385=EDGE_CURVE('',#1876,#1878,#1098,.T.);
#2386=EDGE_CURVE('',#1878,#1879,#1099,.T.);
#2387=EDGE_CURVE('',#1877,#1879,#1100,.T.);
#2388=EDGE_CURVE('',#1880,#1876,#1101,.T.);
#2389=EDGE_CURVE('',#1880,#1881,#1102,.T.);
#2390=EDGE_CURVE('',#1881,#1878,#1103,.T.);
#2391=EDGE_CURVE('',#1882,#1880,#1104,.T.);
#2392=EDGE_CURVE('',#1882,#1883,#1105,.T.);
#2393=EDGE_CURVE('',#1883,#1881,#1106,.T.);
#2394=EDGE_CURVE('',#1877,#1882,#1107,.T.);
#2395=EDGE_CURVE('',#1879,#1883,#1108,.T.);
#2396=EDGE_CURVE('',#1884,#1884,#214,.T.);
#2397=EDGE_CURVE('',#1885,#1885,#215,.T.);
#2398=EDGE_CURVE('',#1885,#1886,#1109,.T.);
#2399=EDGE_CURVE('',#1886,#1886,#216,.T.);
#2400=EDGE_CURVE('',#1887,#1887,#217,.T.);
#2401=EDGE_CURVE('',#1887,#1884,#1110,.T.);
#2402=EDGE_CURVE('',#1888,#1889,#1111,.T.);
#2403=EDGE_CURVE('',#1888,#1890,#1112,.T.);
#2404=EDGE_CURVE('',#1890,#1891,#1113,.F.);
#2405=EDGE_CURVE('',#1889,#1891,#1114,.T.);
#2406=EDGE_CURVE('',#1892,#1888,#218,.T.);
#2407=EDGE_CURVE('',#1892,#1893,#1115,.T.);
#2408=EDGE_CURVE('',#1893,#1890,#219,.F.);
#2409=EDGE_CURVE('',#1894,#1892,#1116,.T.);
#2410=EDGE_CURVE('',#1894,#1895,#1117,.T.);
#2411=EDGE_CURVE('',#1895,#1893,#1118,.F.);
#2412=EDGE_CURVE('',#1825,#1896,#1119,.T.);
#2413=EDGE_CURVE('',#1822,#1896,#1120,.T.);
#2414=EDGE_CURVE('',#1897,#1898,#220,.T.);
#2415=EDGE_CURVE('',#1897,#1899,#1121,.T.);
#2416=EDGE_CURVE('',#1899,#1900,#221,.F.);
#2417=EDGE_CURVE('',#1900,#1898,#1122,.T.);
#2418=EDGE_CURVE('',#1901,#1900,#1123,.F.);
#2419=EDGE_CURVE('',#1902,#1901,#1124,.T.);
#2420=EDGE_CURVE('',#1902,#1898,#1125,.T.);
#2421=EDGE_CURVE('',#1902,#1903,#222,.T.);
#2422=EDGE_CURVE('',#1901,#1904,#223,.F.);
#2423=EDGE_CURVE('',#1904,#1903,#1126,.T.);
#2424=EDGE_CURVE('',#1873,#1905,#224,.T.);
#2425=EDGE_CURVE('',#1905,#1906,#1127,.T.);
#2426=EDGE_CURVE('',#1906,#1874,#225,.T.);
#2427=EDGE_CURVE('',#1867,#1907,#226,.T.);
#2428=EDGE_CURVE('',#1907,#1908,#1128,.T.);
#2429=EDGE_CURVE('',#1908,#1868,#227,.T.);
#2430=EDGE_CURVE('',#1907,#1909,#1129,.T.);
#2431=EDGE_CURVE('',#1909,#1910,#1130,.T.);
#2432=EDGE_CURVE('',#1910,#1911,#1131,.T.);
#2433=EDGE_CURVE('',#1911,#1912,#228,.T.);
#2434=EDGE_CURVE('',#1912,#1913,#229,.T.);
#2435=EDGE_CURVE('',#1913,#1914,#230,.T.);
#2436=EDGE_CURVE('',#1914,#1908,#1132,.T.);
#2437=EDGE_CURVE('',#1915,#1916,#1133,.T.);
#2438=EDGE_CURVE('',#1910,#1915,#1134,.T.);
#2439=EDGE_CURVE('',#1916,#1909,#1135,.T.);
#2440=EDGE_CURVE('',#1912,#1917,#134,.T.);
#2441=EDGE_CURVE('',#1911,#1918,#1136,.T.);
#2442=EDGE_CURVE('',#1919,#1918,#231,.F.);
#2443=EDGE_CURVE('',#1917,#1919,#1137,.T.);
#2444=EDGE_CURVE('',#1920,#1921,#232,.T.);
#2445=EDGE_CURVE('',#1920,#1913,#233,.T.);
#2446=EDGE_CURVE('',#1922,#1917,#234,.T.);
#2447=EDGE_CURVE('',#1921,#1922,#135,.T.);
#2448=EDGE_CURVE('',#1923,#1922,#1138,.T.);
#2449=EDGE_CURVE('',#1923,#1924,#235,.T.);
#2450=EDGE_CURVE('',#1924,#1925,#1139,.T.);
#2451=EDGE_CURVE('',#1921,#1925,#236,.T.);
#2452=EDGE_CURVE('',#1926,#1927,#1140,.T.);
#2453=EDGE_CURVE('',#1928,#1926,#1141,.T.);
#2454=EDGE_CURVE('',#1929,#1928,#1142,.T.);
#2455=EDGE_CURVE('',#1927,#1929,#1143,.T.);
#2456=EDGE_CURVE('',#1930,#1930,#237,.T.);
#2457=EDGE_CURVE('',#1930,#1931,#1144,.T.);
#2458=EDGE_CURVE('',#1931,#1931,#238,.T.);
#2459=EDGE_CURVE('',#1932,#1932,#239,.T.);
#2460=EDGE_CURVE('',#1932,#1933,#1145,.T.);
#2461=EDGE_CURVE('',#1933,#1933,#240,.T.);
#2462=EDGE_CURVE('',#1934,#1934,#241,.T.);
#2463=EDGE_CURVE('',#1934,#1935,#1146,.T.);
#2464=EDGE_CURVE('',#1935,#1935,#242,.T.);
#2465=EDGE_CURVE('',#1936,#1936,#243,.F.);
#2466=EDGE_CURVE('',#1936,#1790,#1147,.T.);
#2467=EDGE_CURVE('',#1760,#1937,#1148,.T.);
#2468=EDGE_CURVE('',#1937,#1937,#244,.F.);
#2469=EDGE_CURVE('',#1938,#1939,#1149,.F.);
#2470=EDGE_CURVE('',#1940,#1939,#1150,.T.);
#2471=EDGE_CURVE('',#1941,#1940,#1151,.F.);
#2472=EDGE_CURVE('',#1938,#1941,#1152,.T.);
#2473=EDGE_CURVE('',#1942,#1943,#1153,.F.);
#2474=EDGE_CURVE('',#1944,#1943,#1154,.T.);
#2475=EDGE_CURVE('',#1945,#1944,#1155,.F.);
#2476=EDGE_CURVE('',#1942,#1945,#1156,.T.);
#2477=EDGE_CURVE('',#1943,#1946,#245,.T.);
#2478=EDGE_CURVE('',#1946,#1947,#1157,.T.);
#2479=EDGE_CURVE('',#1947,#1944,#246,.F.);
#2480=EDGE_CURVE('',#1946,#1948,#1158,.F.);
#2481=EDGE_CURVE('',#1949,#1948,#1159,.T.);
#2482=EDGE_CURVE('',#1947,#1949,#1160,.F.);
#2483=EDGE_CURVE('',#1950,#1942,#247,.T.);
#2484=EDGE_CURVE('',#1945,#1951,#248,.F.);
#2485=EDGE_CURVE('',#1951,#1950,#1161,.T.);
#2486=EDGE_CURVE('',#1952,#1953,#249,.T.);
#2487=EDGE_CURVE('',#1953,#1954,#1162,.T.);
#2488=EDGE_CURVE('',#1954,#1955,#250,.F.);
#2489=EDGE_CURVE('',#1955,#1952,#1163,.T.);
#2490=EDGE_CURVE('',#1956,#1952,#1164,.F.);
#2491=EDGE_CURVE('',#1957,#1955,#1165,.F.);
#2492=EDGE_CURVE('',#1956,#1957,#1166,.T.);
#2493=EDGE_CURVE('',#1939,#1956,#251,.T.);
#2494=EDGE_CURVE('',#1957,#1940,#252,.F.);
#2495=EDGE_CURVE('',#1958,#1959,#253,.F.);
#2496=EDGE_CURVE('',#1958,#1960,#1167,.T.);
#2497=EDGE_CURVE('',#1960,#1961,#254,.T.);
#2498=EDGE_CURVE('',#1959,#1961,#1168,.T.);
#2499=EDGE_CURVE('',#1961,#1962,#255,.T.);
#2500=EDGE_CURVE('',#1963,#1962,#1169,.T.);
#2501=EDGE_CURVE('',#1964,#1963,#256,.F.);
#2502=EDGE_CURVE('',#1964,#1965,#1170,.T.);
#2503=EDGE_CURVE('',#1966,#1965,#62,.F.);
#2504=EDGE_CURVE('',#1967,#1966,#1171,.T.);
#2505=EDGE_CURVE('',#1968,#1967,#257,.F.);
#2506=EDGE_CURVE('',#1968,#1969,#1172,.F.);
#2507=EDGE_CURVE('',#1970,#1969,#63,.F.);
#2508=EDGE_CURVE('',#1971,#1970,#1173,.F.);
#2509=EDGE_CURVE('',#1959,#1971,#258,.F.);
#2510=EDGE_CURVE('',#1963,#1972,#259,.F.);
#2511=EDGE_CURVE('',#1962,#1973,#260,.T.);
#2512=EDGE_CURVE('',#1972,#1973,#1174,.T.);
#2513=EDGE_CURVE('',#1972,#1904,#1175,.F.);
#2514=EDGE_CURVE('',#1973,#1903,#1176,.T.);
#2515=EDGE_CURVE('',#1974,#1927,#261,.T.);
#2516=EDGE_CURVE('',#1925,#1929,#1177,.T.);
#2517=EDGE_CURVE('',#1924,#1974,#1178,.T.);
#2518=EDGE_CURVE('',#1923,#1919,#262,.F.);
#2519=EDGE_CURVE('',#1975,#1950,#1179,.F.);
#2520=EDGE_CURVE('',#1976,#1951,#1180,.F.);
#2521=EDGE_CURVE('',#1975,#1976,#1181,.T.);
#2522=EDGE_CURVE('',#1977,#1975,#263,.T.);
#2523=EDGE_CURVE('',#1976,#1978,#264,.F.);
#2524=EDGE_CURVE('',#1978,#1977,#1182,.T.);
#2525=EDGE_CURVE('',#1979,#1977,#1183,.F.);
#2526=EDGE_CURVE('',#1980,#1978,#1184,.F.);
#2527=EDGE_CURVE('',#1979,#1980,#1185,.T.);
#2528=EDGE_CURVE('',#1948,#1979,#265,.T.);
#2529=EDGE_CURVE('',#1980,#1949,#266,.F.);
#2530=EDGE_CURVE('',#1678,#1981,#267,.T.);
#2531=EDGE_CURVE('',#1982,#1677,#268,.F.);
#2532=EDGE_CURVE('',#1981,#1982,#1186,.T.);
#2533=EDGE_CURVE('',#1983,#1681,#269,.T.);
#2534=EDGE_CURVE('',#1983,#1984,#1187,.T.);
#2535=EDGE_CURVE('',#1682,#1984,#270,.F.);
#2536=EDGE_CURVE('',#1985,#1983,#1188,.T.);
#2537=EDGE_CURVE('',#1985,#1986,#1189,.T.);
#2538=EDGE_CURVE('',#1984,#1986,#1190,.F.);
#2539=EDGE_CURVE('',#1792,#1985,#271,.T.);
#2540=EDGE_CURVE('',#1986,#1791,#272,.F.);
#2541=EDGE_CURVE('',#1987,#1673,#273,.T.);
#2542=EDGE_CURVE('',#1987,#1988,#1191,.T.);
#2543=EDGE_CURVE('',#1674,#1988,#274,.F.);
#2544=EDGE_CURVE('',#1981,#1987,#1192,.T.);
#2545=EDGE_CURVE('',#1988,#1982,#1193,.F.);
#2546=EDGE_CURVE('',#1989,#1938,#275,.T.);
#2547=EDGE_CURVE('',#1941,#1990,#276,.F.);
#2548=EDGE_CURVE('',#1990,#1989,#1194,.T.);
#2549=EDGE_CURVE('',#1991,#1989,#1195,.F.);
#2550=EDGE_CURVE('',#1992,#1990,#1196,.F.);
#2551=EDGE_CURVE('',#1991,#1992,#1197,.T.);
#2552=EDGE_CURVE('',#1993,#1991,#277,.T.);
#2553=EDGE_CURVE('',#1992,#1994,#278,.F.);
#2554=EDGE_CURVE('',#1994,#1993,#1198,.T.);
#2555=EDGE_CURVE('',#1953,#1993,#1199,.F.);
#2556=EDGE_CURVE('',#1954,#1994,#1200,.F.);
#2557=EDGE_CURVE('',#1995,#1996,#279,.T.);
#2558=EDGE_CURVE('',#1997,#1995,#1201,.T.);
#2559=EDGE_CURVE('',#1665,#1997,#280,.T.);
#2560=EDGE_CURVE('',#1998,#1670,#281,.T.);
#2561=EDGE_CURVE('',#1999,#1998,#1202,.T.);
#2562=EDGE_CURVE('',#2000,#1999,#282,.T.);
#2563=EDGE_CURVE('',#1996,#2000,#1203,.T.);
#2564=EDGE_CURVE('',#2001,#2002,#283,.T.);
#2565=EDGE_CURVE('',#2001,#1995,#1204,.T.);
#2566=EDGE_CURVE('',#2002,#1996,#1205,.T.);
#2567=EDGE_CURVE('',#2002,#2003,#1206,.T.);
#2568=EDGE_CURVE('',#2003,#2000,#1207,.T.);
#2569=EDGE_CURVE('',#2003,#2004,#284,.T.);
#2570=EDGE_CURVE('',#2004,#1999,#1208,.T.);
#2571=EDGE_CURVE('',#2004,#2005,#1209,.T.);
#2572=EDGE_CURVE('',#2005,#1998,#1210,.T.);
#2573=EDGE_CURVE('',#2005,#1669,#285,.T.);
#2574=EDGE_CURVE('',#1666,#2006,#286,.T.);
#2575=EDGE_CURVE('',#2006,#1997,#1211,.T.);
#2576=EDGE_CURVE('',#2006,#2001,#1212,.T.);
#2577=EDGE_CURVE('',#1869,#2007,#1213,.T.);
#2578=EDGE_CURVE('',#2007,#1914,#1214,.T.);
#2579=EDGE_CURVE('',#2007,#2008,#287,.T.);
#2580=EDGE_CURVE('',#1913,#2008,#1215,.T.);
#2581=EDGE_CURVE('',#2008,#2009,#288,.T.);
#2582=EDGE_CURVE('',#2009,#1920,#1216,.T.);
#2583=EDGE_CURVE('',#2009,#2010,#289,.T.);
#2584=EDGE_CURVE('',#2011,#1920,#290,.T.);
#2585=EDGE_CURVE('',#2011,#2010,#1217,.T.);
#2586=EDGE_CURVE('',#2009,#2012,#1218,.T.);
#2587=EDGE_CURVE('',#2010,#2013,#1219,.T.);
#2588=EDGE_CURVE('',#2013,#2012,#291,.T.);
#2589=EDGE_CURVE('',#2012,#2014,#292,.T.);
#2590=EDGE_CURVE('',#2008,#2014,#1220,.T.);
#2591=EDGE_CURVE('',#2007,#2015,#1221,.T.);
#2592=EDGE_CURVE('',#2014,#2015,#293,.T.);
#2593=EDGE_CURVE('',#2015,#1870,#1222,.T.);
#2594=EDGE_CURVE('',#1822,#1819,#294,.T.);
#2595=EDGE_CURVE('',#1896,#1826,#295,.T.);
#2596=EDGE_CURVE('',#2016,#2017,#1223,.T.);
#2597=EDGE_CURVE('',#2016,#1965,#1224,.T.);
#2598=EDGE_CURVE('',#2018,#1964,#1225,.T.);
#2599=EDGE_CURVE('',#2019,#2018,#1226,.T.);
#2600=EDGE_CURVE('',#2019,#2017,#1227,.T.);
#2601=EDGE_CURVE('',#2020,#2021,#1228,.T.);
#2602=EDGE_CURVE('',#2020,#2022,#296,.F.);
#2603=EDGE_CURVE('',#2023,#2022,#1229,.T.);
#2604=EDGE_CURVE('',#2021,#2023,#297,.T.);
#2605=EDGE_CURVE('',#2024,#2025,#1230,.T.);
#2606=EDGE_CURVE('',#2024,#2026,#298,.T.);
#2607=EDGE_CURVE('',#2027,#2026,#1231,.T.);
#2608=EDGE_CURVE('',#2025,#2027,#64,.F.);
#2609=EDGE_CURVE('',#2028,#2029,#1232,.T.);
#2610=EDGE_CURVE('',#2030,#2028,#299,.T.);
#2611=EDGE_CURVE('',#2030,#2031,#1233,.T.);
#2612=EDGE_CURVE('',#2031,#2029,#300,.F.);
#2613=EDGE_CURVE('',#2028,#2018,#301,.T.);
#2614=EDGE_CURVE('',#2029,#2019,#302,.T.);
#2615=EDGE_CURVE('',#2032,#2033,#1234,.T.);
#2616=EDGE_CURVE('',#2032,#2034,#303,.F.);
#2617=EDGE_CURVE('',#2034,#2035,#1235,.T.);
#2618=EDGE_CURVE('',#2033,#2035,#304,.T.);
#2619=EDGE_CURVE('',#2036,#2033,#305,.T.);
#2620=EDGE_CURVE('',#2036,#2037,#1236,.T.);
#2621=EDGE_CURVE('',#2037,#2032,#306,.T.);
#2622=EDGE_CURVE('',#2038,#2039,#1237,.T.);
#2623=EDGE_CURVE('',#2038,#2037,#1238,.T.);
#2624=EDGE_CURVE('',#1971,#2036,#1239,.T.);
#2625=EDGE_CURVE('',#2039,#1970,#1240,.F.);
#2626=EDGE_CURVE('',#2026,#2038,#307,.T.);
#2627=EDGE_CURVE('',#2039,#2027,#65,.T.);
#2628=EDGE_CURVE('',#2017,#2040,#308,.T.);
#2629=EDGE_CURVE('',#2040,#2041,#1241,.T.);
#2630=EDGE_CURVE('',#2041,#2016,#66,.T.);
#2631=EDGE_CURVE('',#2025,#2042,#67,.T.);
#2632=EDGE_CURVE('',#2042,#1969,#1242,.T.);
#2633=EDGE_CURVE('',#2043,#2024,#309,.T.);
#2634=EDGE_CURVE('',#2042,#2043,#1243,.T.);
#2635=EDGE_CURVE('',#2044,#2045,#1244,.T.);
#2636=EDGE_CURVE('',#2044,#2043,#1245,.T.);
#2637=EDGE_CURVE('',#2045,#1968,#1246,.T.);
#2638=EDGE_CURVE('',#2046,#2021,#310,.T.);
#2639=EDGE_CURVE('',#2023,#2045,#311,.T.);
#2640=EDGE_CURVE('',#1967,#2046,#1247,.T.);
#2641=EDGE_CURVE('',#2022,#2044,#312,.T.);
#2642=EDGE_CURVE('',#2047,#2048,#68,.T.);
#2643=EDGE_CURVE('',#2047,#1966,#1248,.F.);
#2644=EDGE_CURVE('',#2041,#2048,#69,.F.);
#2645=EDGE_CURVE('',#2048,#2049,#1249,.T.);
#2646=EDGE_CURVE('',#2040,#2049,#313,.T.);
#2647=EDGE_CURVE('',#2049,#2050,#314,.T.);
#2648=EDGE_CURVE('',#2050,#2047,#1250,.T.);
#2649=EDGE_CURVE('',#2046,#2051,#1251,.T.);
#2650=EDGE_CURVE('',#2050,#2051,#1252,.T.);
#2651=EDGE_CURVE('',#2051,#2020,#315,.T.);
#2652=EDGE_CURVE('',#1891,#1895,#316,.F.);
#2653=EDGE_CURVE('',#2052,#2053,#317,.T.);
#2654=EDGE_CURVE('',#2053,#2054,#1253,.T.);
#2655=EDGE_CURVE('',#2054,#2055,#318,.T.);
#2656=EDGE_CURVE('',#2052,#2055,#1254,.T.);
#2657=EDGE_CURVE('',#2056,#2057,#1255,.T.);
#2658=EDGE_CURVE('',#2057,#2058,#1256,.T.);
#2659=EDGE_CURVE('',#2058,#2059,#319,.T.);
#2660=EDGE_CURVE('',#2060,#2059,#1257,.T.);
#2661=EDGE_CURVE('',#2056,#2060,#320,.T.);
#2662=EDGE_CURVE('',#1865,#1812,#1258,.T.);
#2663=EDGE_CURVE('',#2061,#2061,#321,.T.);
#2664=EDGE_CURVE('',#2062,#2063,#1259,.T.);
#2665=EDGE_CURVE('',#2053,#2063,#1260,.T.);
#2666=EDGE_CURVE('',#2057,#2052,#1261,.T.);
#2667=EDGE_CURVE('',#2064,#2057,#322,.T.);
#2668=EDGE_CURVE('',#2064,#2065,#1262,.T.);
#2669=EDGE_CURVE('',#2066,#2065,#323,.T.);
#2670=EDGE_CURVE('',#2066,#2062,#324,.T.);
#2671=EDGE_CURVE('',#2065,#2067,#1263,.T.);
#2672=EDGE_CURVE('',#2068,#2064,#1264,.T.);
#2673=EDGE_CURVE('',#2068,#2067,#1265,.T.);
#2674=EDGE_CURVE('',#2055,#2058,#1266,.T.);
#2675=EDGE_CURVE('',#2056,#2068,#325,.T.);
#2676=EDGE_CURVE('',#1803,#2054,#1267,.T.);
#2677=EDGE_CURVE('',#2063,#2069,#1268,.T.);
#2678=EDGE_CURVE('',#2069,#1834,#1269,.T.);
#2679=EDGE_CURVE('',#2070,#2066,#1270,.T.);
#2680=EDGE_CURVE('',#2067,#2070,#326,.T.);
#2681=EDGE_CURVE('',#1836,#2070,#327,.T.);
#2682=EDGE_CURVE('',#2060,#1857,#1271,.T.);
#2683=EDGE_CURVE('',#1928,#1906,#1272,.T.);
#2684=EDGE_CURVE('',#2071,#1926,#328,.T.);
#2685=EDGE_CURVE('',#2071,#2031,#1273,.F.);
#2686=EDGE_CURVE('',#1841,#2030,#1274,.T.);
#2687=EDGE_CURVE('',#2072,#1835,#329,.T.);
#2688=EDGE_CURVE('',#2062,#2072,#1275,.T.);
#2689=EDGE_CURVE('',#2069,#2072,#1276,.T.);
#2690=EDGE_CURVE('',#2059,#1858,#1277,.T.);
#2691=EDGE_CURVE('',#1871,#2013,#1278,.T.);
#2692=EDGE_CURVE('',#1818,#1823,#330,.T.);
#2693=EDGE_CURVE('',#1974,#2071,#1279,.T.);
#2694=EDGE_CURVE('',#2073,#2074,#1280,.T.);
#2695=EDGE_CURVE('',#2034,#2073,#1281,.F.);
#2696=EDGE_CURVE('',#1918,#2074,#1282,.F.);
#2697=EDGE_CURVE('',#1915,#2074,#331,.T.);
#2698=EDGE_CURVE('',#1916,#2073,#332,.T.);
#2699=EDGE_CURVE('',#2035,#1866,#1283,.T.);
#2700=EDGE_CURVE('',#2075,#2075,#333,.T.);
#2701=EDGE_CURVE('',#2076,#2076,#334,.T.);
#2702=EDGE_CURVE('',#2076,#2075,#1284,.T.);
#2703=EDGE_CURVE('',#2010,#1872,#1285,.T.);
#2704=EDGE_CURVE('',#1905,#2011,#1286,.T.);
#2705=EDGE_CURVE('',#2077,#2077,#335,.T.);
#2706=EDGE_CURVE('',#2077,#2078,#1287,.T.);
#2707=EDGE_CURVE('',#2078,#2078,#336,.T.);
#2708=EDGE_CURVE('',#2079,#2079,#337,.T.);
#2709=EDGE_CURVE('',#2079,#2061,#1288,.T.);
#2710=EDGE_CURVE('',#1889,#1894,#338,.T.);
#2711=EDGE_CURVE('',#1897,#1960,#1289,.T.);
#2712=EDGE_CURVE('',#1899,#1958,#1290,.F.);
#2713=ORIENTED_EDGE('',*,*,#2080,.T.);
#2714=ORIENTED_EDGE('',*,*,#2081,.T.);
#2715=ORIENTED_EDGE('',*,*,#2082,.F.);
#2716=ORIENTED_EDGE('',*,*,#2083,.F.);
#2717=ORIENTED_EDGE('',*,*,#2084,.T.);
#2718=ORIENTED_EDGE('',*,*,#2085,.F.);
#2719=ORIENTED_EDGE('',*,*,#2086,.T.);
#2720=ORIENTED_EDGE('',*,*,#2087,.T.);
#2721=ORIENTED_EDGE('',*,*,#2088,.T.);
#2722=ORIENTED_EDGE('',*,*,#2089,.F.);
#2723=ORIENTED_EDGE('',*,*,#2090,.T.);
#2724=ORIENTED_EDGE('',*,*,#2091,.F.);
#2725=ORIENTED_EDGE('',*,*,#2092,.T.);
#2726=ORIENTED_EDGE('',*,*,#2093,.F.);
#2727=ORIENTED_EDGE('',*,*,#2094,.F.);
#2728=ORIENTED_EDGE('',*,*,#2095,.F.);
#2729=ORIENTED_EDGE('',*,*,#2096,.T.);
#2730=ORIENTED_EDGE('',*,*,#2097,.F.);
#2731=ORIENTED_EDGE('',*,*,#2098,.T.);
#2732=ORIENTED_EDGE('',*,*,#2099,.F.);
#2733=ORIENTED_EDGE('',*,*,#2100,.T.);
#2734=ORIENTED_EDGE('',*,*,#2101,.T.);
#2735=ORIENTED_EDGE('',*,*,#2102,.T.);
#2736=ORIENTED_EDGE('',*,*,#2103,.F.);
#2737=ORIENTED_EDGE('',*,*,#2104,.T.);
#2738=ORIENTED_EDGE('',*,*,#2105,.T.);
#2739=ORIENTED_EDGE('',*,*,#2106,.T.);
#2740=ORIENTED_EDGE('',*,*,#2107,.F.);
#2741=ORIENTED_EDGE('',*,*,#2108,.T.);
#2742=ORIENTED_EDGE('',*,*,#2109,.T.);
#2743=ORIENTED_EDGE('',*,*,#2110,.T.);
#2744=ORIENTED_EDGE('',*,*,#2111,.F.);
#2745=ORIENTED_EDGE('',*,*,#2112,.T.);
#2746=ORIENTED_EDGE('',*,*,#2113,.T.);
#2747=ORIENTED_EDGE('',*,*,#2114,.T.);
#2748=ORIENTED_EDGE('',*,*,#2115,.F.);
#2749=ORIENTED_EDGE('',*,*,#2108,.F.);
#2750=ORIENTED_EDGE('',*,*,#2116,.F.);
#2751=ORIENTED_EDGE('',*,*,#2117,.T.);
#2752=ORIENTED_EDGE('',*,*,#2118,.T.);
#2753=ORIENTED_EDGE('',*,*,#2109,.F.);
#2754=ORIENTED_EDGE('',*,*,#2118,.F.);
#2755=ORIENTED_EDGE('',*,*,#2119,.F.);
#2756=ORIENTED_EDGE('',*,*,#2120,.F.);
#2757=ORIENTED_EDGE('',*,*,#2121,.F.);
#2758=ORIENTED_EDGE('',*,*,#2122,.T.);
#2759=ORIENTED_EDGE('',*,*,#2119,.T.);
#2760=ORIENTED_EDGE('',*,*,#2117,.F.);
#2761=ORIENTED_EDGE('',*,*,#2110,.F.);
#2762=ORIENTED_EDGE('',*,*,#2120,.T.);
#2763=ORIENTED_EDGE('',*,*,#2122,.F.);
#2764=ORIENTED_EDGE('',*,*,#2123,.F.);
#2765=ORIENTED_EDGE('',*,*,#2112,.F.);
#2766=ORIENTED_EDGE('',*,*,#2124,.F.);
#2767=ORIENTED_EDGE('',*,*,#2125,.T.);
#2768=ORIENTED_EDGE('',*,*,#2126,.T.);
#2769=ORIENTED_EDGE('',*,*,#2113,.F.);
#2770=ORIENTED_EDGE('',*,*,#2126,.F.);
#2771=ORIENTED_EDGE('',*,*,#2127,.F.);
#2772=ORIENTED_EDGE('',*,*,#2114,.F.);
#2773=ORIENTED_EDGE('',*,*,#2127,.T.);
#2774=ORIENTED_EDGE('',*,*,#2125,.F.);
#2775=ORIENTED_EDGE('',*,*,#2128,.F.);
#2776=ORIENTED_EDGE('',*,*,#2106,.F.);
#2777=ORIENTED_EDGE('',*,*,#2129,.T.);
#2778=ORIENTED_EDGE('',*,*,#2130,.F.);
#2779=ORIENTED_EDGE('',*,*,#2131,.F.);
#2780=ORIENTED_EDGE('',*,*,#2104,.F.);
#2781=ORIENTED_EDGE('',*,*,#2132,.F.);
#2782=ORIENTED_EDGE('',*,*,#2133,.T.);
#2783=ORIENTED_EDGE('',*,*,#2134,.T.);
#2784=ORIENTED_EDGE('',*,*,#2135,.F.);
#2785=ORIENTED_EDGE('',*,*,#2130,.T.);
#2786=ORIENTED_EDGE('',*,*,#2136,.T.);
#2787=ORIENTED_EDGE('',*,*,#2133,.F.);
#2788=ORIENTED_EDGE('',*,*,#2105,.F.);
#2789=ORIENTED_EDGE('',*,*,#2134,.F.);
#2790=ORIENTED_EDGE('',*,*,#2136,.F.);
#2791=ORIENTED_EDGE('',*,*,#2129,.F.);
#2792=ORIENTED_EDGE('',*,*,#2137,.F.);
#2793=ORIENTED_EDGE('',*,*,#2138,.T.);
#2794=ORIENTED_EDGE('',*,*,#2139,.T.);
#2795=ORIENTED_EDGE('',*,*,#2140,.T.);
#2796=ORIENTED_EDGE('',*,*,#2141,.F.);
#2797=ORIENTED_EDGE('',*,*,#2140,.F.);
#2798=ORIENTED_EDGE('',*,*,#2142,.T.);
#2799=ORIENTED_EDGE('',*,*,#2143,.F.);
#2800=ORIENTED_EDGE('',*,*,#2102,.F.);
#2801=ORIENTED_EDGE('',*,*,#2144,.T.);
#2802=ORIENTED_EDGE('',*,*,#2145,.F.);
#2803=ORIENTED_EDGE('',*,*,#2146,.F.);
#2804=ORIENTED_EDGE('',*,*,#2088,.F.);
#2805=ORIENTED_EDGE('',*,*,#2147,.T.);
#2806=ORIENTED_EDGE('',*,*,#2148,.F.);
#2807=ORIENTED_EDGE('',*,*,#2149,.F.);
#2808=ORIENTED_EDGE('',*,*,#2150,.F.);
#2809=ORIENTED_EDGE('',*,*,#2151,.T.);
#2810=ORIENTED_EDGE('',*,*,#2152,.T.);
#2811=ORIENTED_EDGE('',*,*,#2153,.F.);
#2812=ORIENTED_EDGE('',*,*,#2154,.F.);
#2813=ORIENTED_EDGE('',*,*,#2153,.T.);
#2814=ORIENTED_EDGE('',*,*,#2155,.F.);
#2815=ORIENTED_EDGE('',*,*,#2156,.F.);
#2816=ORIENTED_EDGE('',*,*,#2157,.T.);
#2817=ORIENTED_EDGE('',*,*,#2158,.T.);
#2818=ORIENTED_EDGE('',*,*,#2159,.F.);
#2819=ORIENTED_EDGE('',*,*,#2160,.F.);
#2820=ORIENTED_EDGE('',*,*,#2159,.T.);
#2821=ORIENTED_EDGE('',*,*,#2161,.F.);
#2822=ORIENTED_EDGE('',*,*,#2162,.F.);
#2823=ORIENTED_EDGE('',*,*,#2163,.T.);
#2824=ORIENTED_EDGE('',*,*,#2164,.F.);
#2825=ORIENTED_EDGE('',*,*,#2165,.F.);
#2826=ORIENTED_EDGE('',*,*,#2166,.F.);
#2827=ORIENTED_EDGE('',*,*,#2165,.T.);
#2828=ORIENTED_EDGE('',*,*,#2167,.F.);
#2829=ORIENTED_EDGE('',*,*,#2168,.F.);
#2830=ORIENTED_EDGE('',*,*,#2169,.T.);
#2831=ORIENTED_EDGE('',*,*,#2170,.T.);
#2832=ORIENTED_EDGE('',*,*,#2171,.F.);
#2833=ORIENTED_EDGE('',*,*,#2172,.F.);
#2834=ORIENTED_EDGE('',*,*,#2171,.T.);
#2835=ORIENTED_EDGE('',*,*,#2173,.F.);
#2836=ORIENTED_EDGE('',*,*,#2174,.F.);
#2837=ORIENTED_EDGE('',*,*,#2175,.T.);
#2838=ORIENTED_EDGE('',*,*,#2176,.F.);
#2839=ORIENTED_EDGE('',*,*,#2177,.F.);
#2840=ORIENTED_EDGE('',*,*,#2178,.F.);
#2841=ORIENTED_EDGE('',*,*,#2177,.T.);
#2842=ORIENTED_EDGE('',*,*,#2179,.F.);
#2843=ORIENTED_EDGE('',*,*,#2180,.F.);
#2844=ORIENTED_EDGE('',*,*,#2181,.T.);
#2845=ORIENTED_EDGE('',*,*,#2182,.T.);
#2846=ORIENTED_EDGE('',*,*,#2183,.T.);
#2847=ORIENTED_EDGE('',*,*,#2184,.F.);
#2848=ORIENTED_EDGE('',*,*,#2183,.F.);
#2849=ORIENTED_EDGE('',*,*,#2185,.T.);
#2850=ORIENTED_EDGE('',*,*,#2186,.F.);
#2851=ORIENTED_EDGE('',*,*,#2187,.F.);
#2852=ORIENTED_EDGE('',*,*,#2188,.T.);
#2853=ORIENTED_EDGE('',*,*,#2189,.T.);
#2854=ORIENTED_EDGE('',*,*,#2190,.T.);
#2855=ORIENTED_EDGE('',*,*,#2191,.F.);
#2856=ORIENTED_EDGE('',*,*,#2190,.F.);
#2857=ORIENTED_EDGE('',*,*,#2192,.T.);
#2858=ORIENTED_EDGE('',*,*,#2193,.F.);
#2859=ORIENTED_EDGE('',*,*,#2194,.F.);
#2860=ORIENTED_EDGE('',*,*,#2195,.T.);
#2861=ORIENTED_EDGE('',*,*,#2196,.T.);
#2862=ORIENTED_EDGE('',*,*,#2197,.T.);
#2863=ORIENTED_EDGE('',*,*,#2198,.F.);
#2864=ORIENTED_EDGE('',*,*,#2197,.F.);
#2865=ORIENTED_EDGE('',*,*,#2199,.T.);
#2866=ORIENTED_EDGE('',*,*,#2200,.F.);
#2867=ORIENTED_EDGE('',*,*,#2201,.F.);
#2868=ORIENTED_EDGE('',*,*,#2139,.F.);
#2869=ORIENTED_EDGE('',*,*,#2202,.F.);
#2870=ORIENTED_EDGE('',*,*,#2203,.F.);
#2871=ORIENTED_EDGE('',*,*,#2142,.F.);
#2872=ORIENTED_EDGE('',*,*,#2204,.F.);
#2873=ORIENTED_EDGE('',*,*,#2143,.T.);
#2874=ORIENTED_EDGE('',*,*,#2203,.T.);
#2875=ORIENTED_EDGE('',*,*,#2205,.F.);
#2876=ORIENTED_EDGE('',*,*,#2206,.F.);
#2877=ORIENTED_EDGE('',*,*,#2205,.T.);
#2878=ORIENTED_EDGE('',*,*,#2202,.T.);
#2879=ORIENTED_EDGE('',*,*,#2138,.F.);
#2880=ORIENTED_EDGE('',*,*,#2145,.T.);
#2881=ORIENTED_EDGE('',*,*,#2207,.T.);
#2882=ORIENTED_EDGE('',*,*,#2208,.T.);
#2883=ORIENTED_EDGE('',*,*,#2209,.F.);
#2884=ORIENTED_EDGE('',*,*,#2100,.F.);
#2885=ORIENTED_EDGE('',*,*,#2210,.F.);
#2886=ORIENTED_EDGE('',*,*,#2211,.F.);
#2887=ORIENTED_EDGE('',*,*,#2212,.T.);
#2888=ORIENTED_EDGE('',*,*,#2211,.T.);
#2889=ORIENTED_EDGE('',*,*,#2213,.F.);
#2890=ORIENTED_EDGE('',*,*,#2214,.T.);
#2891=ORIENTED_EDGE('',*,*,#2215,.T.);
#2892=ORIENTED_EDGE('',*,*,#2096,.F.);
#2893=ORIENTED_EDGE('',*,*,#2216,.T.);
#2894=ORIENTED_EDGE('',*,*,#2214,.F.);
#2895=ORIENTED_EDGE('',*,*,#2217,.F.);
#2896=ORIENTED_EDGE('',*,*,#2092,.F.);
#2897=ORIENTED_EDGE('',*,*,#2218,.F.);
#2898=ORIENTED_EDGE('',*,*,#2208,.F.);
#2899=ORIENTED_EDGE('',*,*,#2219,.T.);
#2900=ORIENTED_EDGE('',*,*,#2148,.T.);
#2901=ORIENTED_EDGE('',*,*,#2220,.T.);
#2902=ORIENTED_EDGE('',*,*,#2221,.T.);
#2903=ORIENTED_EDGE('',*,*,#2222,.F.);
#2904=ORIENTED_EDGE('',*,*,#2223,.F.);
#2905=ORIENTED_EDGE('',*,*,#2224,.F.);
#2906=ORIENTED_EDGE('',*,*,#2225,.F.);
#2907=ORIENTED_EDGE('',*,*,#2226,.T.);
#2908=ORIENTED_EDGE('',*,*,#2225,.T.);
#2909=ORIENTED_EDGE('',*,*,#2227,.F.);
#2910=ORIENTED_EDGE('',*,*,#2228,.T.);
#2911=ORIENTED_EDGE('',*,*,#2229,.T.);
#2912=ORIENTED_EDGE('',*,*,#2084,.F.);
#2913=ORIENTED_EDGE('',*,*,#2230,.T.);
#2914=ORIENTED_EDGE('',*,*,#2228,.F.);
#2915=ORIENTED_EDGE('',*,*,#2231,.F.);
#2916=ORIENTED_EDGE('',*,*,#2080,.F.);
#2917=ORIENTED_EDGE('',*,*,#2232,.F.);
#2918=ORIENTED_EDGE('',*,*,#2221,.F.);
#2919=ORIENTED_EDGE('',*,*,#2233,.T.);
#2920=ORIENTED_EDGE('',*,*,#2234,.F.);
#2921=ORIENTED_EDGE('',*,*,#2155,.T.);
#2922=ORIENTED_EDGE('',*,*,#2152,.F.);
#2923=ORIENTED_EDGE('',*,*,#2235,.F.);
#2924=ORIENTED_EDGE('',*,*,#2236,.F.);
#2925=ORIENTED_EDGE('',*,*,#2235,.T.);
#2926=ORIENTED_EDGE('',*,*,#2151,.F.);
#2927=ORIENTED_EDGE('',*,*,#2237,.F.);
#2928=ORIENTED_EDGE('',*,*,#2161,.T.);
#2929=ORIENTED_EDGE('',*,*,#2158,.F.);
#2930=ORIENTED_EDGE('',*,*,#2238,.F.);
#2931=ORIENTED_EDGE('',*,*,#2239,.F.);
#2932=ORIENTED_EDGE('',*,*,#2238,.T.);
#2933=ORIENTED_EDGE('',*,*,#2157,.F.);
#2934=ORIENTED_EDGE('',*,*,#2240,.F.);
#2935=ORIENTED_EDGE('',*,*,#2167,.T.);
#2936=ORIENTED_EDGE('',*,*,#2164,.T.);
#2937=ORIENTED_EDGE('',*,*,#2241,.F.);
#2938=ORIENTED_EDGE('',*,*,#2242,.F.);
#2939=ORIENTED_EDGE('',*,*,#2241,.T.);
#2940=ORIENTED_EDGE('',*,*,#2163,.F.);
#2941=ORIENTED_EDGE('',*,*,#2243,.F.);
#2942=ORIENTED_EDGE('',*,*,#2173,.T.);
#2943=ORIENTED_EDGE('',*,*,#2170,.F.);
#2944=ORIENTED_EDGE('',*,*,#2244,.F.);
#2945=ORIENTED_EDGE('',*,*,#2245,.F.);
#2946=ORIENTED_EDGE('',*,*,#2244,.T.);
#2947=ORIENTED_EDGE('',*,*,#2169,.F.);
#2948=ORIENTED_EDGE('',*,*,#2246,.F.);
#2949=ORIENTED_EDGE('',*,*,#2179,.T.);
#2950=ORIENTED_EDGE('',*,*,#2176,.T.);
#2951=ORIENTED_EDGE('',*,*,#2247,.F.);
#2952=ORIENTED_EDGE('',*,*,#2248,.F.);
#2953=ORIENTED_EDGE('',*,*,#2247,.T.);
#2954=ORIENTED_EDGE('',*,*,#2175,.F.);
#2955=ORIENTED_EDGE('',*,*,#2182,.F.);
#2956=ORIENTED_EDGE('',*,*,#2249,.F.);
#2957=ORIENTED_EDGE('',*,*,#2250,.F.);
#2958=ORIENTED_EDGE('',*,*,#2185,.F.);
#2959=ORIENTED_EDGE('',*,*,#2251,.F.);
#2960=ORIENTED_EDGE('',*,*,#2186,.T.);
#2961=ORIENTED_EDGE('',*,*,#2250,.T.);
#2962=ORIENTED_EDGE('',*,*,#2252,.F.);
#2963=ORIENTED_EDGE('',*,*,#2253,.F.);
#2964=ORIENTED_EDGE('',*,*,#2252,.T.);
#2965=ORIENTED_EDGE('',*,*,#2249,.T.);
#2966=ORIENTED_EDGE('',*,*,#2181,.F.);
#2967=ORIENTED_EDGE('',*,*,#2189,.F.);
#2968=ORIENTED_EDGE('',*,*,#2254,.F.);
#2969=ORIENTED_EDGE('',*,*,#2255,.F.);
#2970=ORIENTED_EDGE('',*,*,#2192,.F.);
#2971=ORIENTED_EDGE('',*,*,#2256,.F.);
#2972=ORIENTED_EDGE('',*,*,#2193,.T.);
#2973=ORIENTED_EDGE('',*,*,#2255,.T.);
#2974=ORIENTED_EDGE('',*,*,#2257,.F.);
#2975=ORIENTED_EDGE('',*,*,#2258,.F.);
#2976=ORIENTED_EDGE('',*,*,#2257,.T.);
#2977=ORIENTED_EDGE('',*,*,#2254,.T.);
#2978=ORIENTED_EDGE('',*,*,#2188,.F.);
#2979=ORIENTED_EDGE('',*,*,#2196,.F.);
#2980=ORIENTED_EDGE('',*,*,#2259,.F.);
#2981=ORIENTED_EDGE('',*,*,#2260,.F.);
#2982=ORIENTED_EDGE('',*,*,#2199,.F.);
#2983=ORIENTED_EDGE('',*,*,#2261,.F.);
#2984=ORIENTED_EDGE('',*,*,#2200,.T.);
#2985=ORIENTED_EDGE('',*,*,#2260,.T.);
#2986=ORIENTED_EDGE('',*,*,#2262,.F.);
#2987=ORIENTED_EDGE('',*,*,#2263,.F.);
#2988=ORIENTED_EDGE('',*,*,#2262,.T.);
#2989=ORIENTED_EDGE('',*,*,#2259,.T.);
#2990=ORIENTED_EDGE('',*,*,#2195,.F.);
#2991=ORIENTED_EDGE('',*,*,#2264,.F.);
#2992=ORIENTED_EDGE('',*,*,#2223,.T.);
#2993=ORIENTED_EDGE('',*,*,#2265,.F.);
#2994=ORIENTED_EDGE('',*,*,#2266,.F.);
#2995=ORIENTED_EDGE('',*,*,#2267,.F.);
#2996=ORIENTED_EDGE('',*,*,#2268,.T.);
#2997=ORIENTED_EDGE('',*,*,#2269,.T.);
#2998=ORIENTED_EDGE('',*,*,#2270,.T.);
#2999=ORIENTED_EDGE('',*,*,#2271,.F.);
#3000=ORIENTED_EDGE('',*,*,#2272,.T.);
#3001=ORIENTED_EDGE('',*,*,#2268,.F.);
#3002=ORIENTED_EDGE('',*,*,#2273,.T.);
#3003=ORIENTED_EDGE('',*,*,#2273,.F.);
#3004=ORIENTED_EDGE('',*,*,#2274,.F.);
#3005=ORIENTED_EDGE('',*,*,#2275,.F.);
#3006=ORIENTED_EDGE('',*,*,#2276,.T.);
#3007=ORIENTED_EDGE('',*,*,#2277,.T.);
#3008=ORIENTED_EDGE('',*,*,#2270,.F.);
#3009=ORIENTED_EDGE('',*,*,#2278,.F.);
#3010=ORIENTED_EDGE('',*,*,#2279,.T.);
#3011=ORIENTED_EDGE('',*,*,#2280,.F.);
#3012=ORIENTED_EDGE('',*,*,#2274,.T.);
#3013=ORIENTED_EDGE('',*,*,#2272,.F.);
#3014=ORIENTED_EDGE('',*,*,#2281,.T.);
#3015=ORIENTED_EDGE('',*,*,#2282,.F.);
#3016=ORIENTED_EDGE('',*,*,#2283,.T.);
#3017=ORIENTED_EDGE('',*,*,#2269,.F.);
#3018=ORIENTED_EDGE('',*,*,#2283,.F.);
#3019=ORIENTED_EDGE('',*,*,#2284,.F.);
#3020=ORIENTED_EDGE('',*,*,#2285,.F.);
#3021=ORIENTED_EDGE('',*,*,#2286,.T.);
#3022=ORIENTED_EDGE('',*,*,#2278,.T.);
#3023=ORIENTED_EDGE('',*,*,#2287,.F.);
#3024=ORIENTED_EDGE('',*,*,#2288,.T.);
#3025=ORIENTED_EDGE('',*,*,#2289,.T.);
#3026=ORIENTED_EDGE('',*,*,#2290,.T.);
#3027=ORIENTED_EDGE('',*,*,#2286,.F.);
#3028=ORIENTED_EDGE('',*,*,#2291,.T.);
#3029=ORIENTED_EDGE('',*,*,#2292,.F.);
#3030=ORIENTED_EDGE('',*,*,#2293,.F.);
#3031=ORIENTED_EDGE('',*,*,#2294,.T.);
#3032=ORIENTED_EDGE('',*,*,#2295,.T.);
#3033=ORIENTED_EDGE('',*,*,#2289,.F.);
#3034=ORIENTED_EDGE('',*,*,#2288,.F.);
#3035=ORIENTED_EDGE('',*,*,#2296,.F.);
#3036=ORIENTED_EDGE('',*,*,#2297,.T.);
#3037=ORIENTED_EDGE('',*,*,#2298,.T.);
#3038=ORIENTED_EDGE('',*,*,#2290,.F.);
#3039=ORIENTED_EDGE('',*,*,#2295,.F.);
#3040=ORIENTED_EDGE('',*,*,#2299,.F.);
#3041=ORIENTED_EDGE('',*,*,#2279,.F.);
#3042=ORIENTED_EDGE('',*,*,#2300,.T.);
#3043=ORIENTED_EDGE('',*,*,#2301,.T.);
#3044=ORIENTED_EDGE('',*,*,#2302,.T.);
#3045=ORIENTED_EDGE('',*,*,#2303,.T.);
#3046=ORIENTED_EDGE('',*,*,#2304,.T.);
#3047=ORIENTED_EDGE('',*,*,#2305,.T.);
#3048=ORIENTED_EDGE('',*,*,#2300,.F.);
#3049=ORIENTED_EDGE('',*,*,#2306,.T.);
#3050=ORIENTED_EDGE('',*,*,#2307,.T.);
#3051=ORIENTED_EDGE('',*,*,#2308,.T.);
#3052=ORIENTED_EDGE('',*,*,#2304,.F.);
#3053=ORIENTED_EDGE('',*,*,#2309,.T.);
#3054=ORIENTED_EDGE('',*,*,#2306,.F.);
#3055=ORIENTED_EDGE('',*,*,#2310,.T.);
#3056=ORIENTED_EDGE('',*,*,#2311,.T.);
#3057=ORIENTED_EDGE('',*,*,#2312,.F.);
#3058=ORIENTED_EDGE('',*,*,#2303,.F.);
#3059=ORIENTED_EDGE('',*,*,#2313,.T.);
#3060=ORIENTED_EDGE('',*,*,#2314,.T.);
#3061=ORIENTED_EDGE('',*,*,#2310,.F.);
#3062=ORIENTED_EDGE('',*,*,#2291,.F.);
#3063=ORIENTED_EDGE('',*,*,#2298,.F.);
#3064=ORIENTED_EDGE('',*,*,#2315,.T.);
#3065=ORIENTED_EDGE('',*,*,#2316,.F.);
#3066=ORIENTED_EDGE('',*,*,#2317,.F.);
#3067=ORIENTED_EDGE('',*,*,#2318,.T.);
#3068=ORIENTED_EDGE('',*,*,#2319,.F.);
#3069=ORIENTED_EDGE('',*,*,#2320,.T.);
#3070=ORIENTED_EDGE('',*,*,#2297,.F.);
#3071=ORIENTED_EDGE('',*,*,#2321,.F.);
#3072=ORIENTED_EDGE('',*,*,#2322,.F.);
#3073=ORIENTED_EDGE('',*,*,#2323,.F.);
#3074=ORIENTED_EDGE('',*,*,#2315,.F.);
#3075=ORIENTED_EDGE('',*,*,#2285,.T.);
#3076=ORIENTED_EDGE('',*,*,#2324,.F.);
#3077=ORIENTED_EDGE('',*,*,#2325,.T.);
#3078=ORIENTED_EDGE('',*,*,#2326,.T.);
#3079=ORIENTED_EDGE('',*,*,#2327,.F.);
#3080=ORIENTED_EDGE('',*,*,#2328,.T.);
#3081=ORIENTED_EDGE('',*,*,#2329,.T.);
#3082=ORIENTED_EDGE('',*,*,#2330,.T.);
#3083=ORIENTED_EDGE('',*,*,#2331,.F.);
#3084=ORIENTED_EDGE('',*,*,#2332,.T.);
#3085=ORIENTED_EDGE('',*,*,#2321,.T.);
#3086=ORIENTED_EDGE('',*,*,#2296,.T.);
#3087=ORIENTED_EDGE('',*,*,#2287,.T.);
#3088=ORIENTED_EDGE('',*,*,#2330,.F.);
#3089=ORIENTED_EDGE('',*,*,#2333,.F.);
#3090=ORIENTED_EDGE('',*,*,#2334,.F.);
#3091=ORIENTED_EDGE('',*,*,#2335,.F.);
#3092=ORIENTED_EDGE('',*,*,#2329,.F.);
#3093=ORIENTED_EDGE('',*,*,#2336,.T.);
#3094=ORIENTED_EDGE('',*,*,#2333,.T.);
#3095=ORIENTED_EDGE('',*,*,#2328,.F.);
#3096=ORIENTED_EDGE('',*,*,#2337,.F.);
#3097=ORIENTED_EDGE('',*,*,#2334,.T.);
#3098=ORIENTED_EDGE('',*,*,#2336,.F.);
#3099=ORIENTED_EDGE('',*,*,#2338,.F.);
#3100=ORIENTED_EDGE('',*,*,#2339,.T.);
#3101=ORIENTED_EDGE('',*,*,#2340,.T.);
#3102=ORIENTED_EDGE('',*,*,#2341,.T.);
#3103=ORIENTED_EDGE('',*,*,#2342,.T.);
#3104=ORIENTED_EDGE('',*,*,#2343,.F.);
#3105=ORIENTED_EDGE('',*,*,#2342,.F.);
#3106=ORIENTED_EDGE('',*,*,#2344,.T.);
#3107=ORIENTED_EDGE('',*,*,#2345,.T.);
#3108=ORIENTED_EDGE('',*,*,#2346,.T.);
#3109=ORIENTED_EDGE('',*,*,#2347,.T.);
#3110=ORIENTED_EDGE('',*,*,#2319,.T.);
#3111=ORIENTED_EDGE('',*,*,#2292,.T.);
#3112=ORIENTED_EDGE('',*,*,#2320,.F.);
#3113=ORIENTED_EDGE('',*,*,#2347,.F.);
#3114=ORIENTED_EDGE('',*,*,#2346,.F.);
#3115=ORIENTED_EDGE('',*,*,#2345,.F.);
#3116=ORIENTED_EDGE('',*,*,#2318,.F.);
#3117=ORIENTED_EDGE('',*,*,#2348,.F.);
#3118=ORIENTED_EDGE('',*,*,#2349,.F.);
#3119=ORIENTED_EDGE('',*,*,#2350,.T.);
#3120=ORIENTED_EDGE('',*,*,#2340,.F.);
#3121=ORIENTED_EDGE('',*,*,#2351,.F.);
#3122=ORIENTED_EDGE('',*,*,#2352,.F.);
#3123=ORIENTED_EDGE('',*,*,#2353,.F.);
#3124=ORIENTED_EDGE('',*,*,#2338,.T.);
#3125=ORIENTED_EDGE('',*,*,#2354,.F.);
#3126=ORIENTED_EDGE('',*,*,#2355,.F.);
#3127=ORIENTED_EDGE('',*,*,#2354,.T.);
#3128=ORIENTED_EDGE('',*,*,#2343,.T.);
#3129=ORIENTED_EDGE('',*,*,#2344,.F.);
#3130=ORIENTED_EDGE('',*,*,#2341,.F.);
#3131=ORIENTED_EDGE('',*,*,#2350,.F.);
#3132=ORIENTED_EDGE('',*,*,#2356,.F.);
#3133=ORIENTED_EDGE('',*,*,#2357,.T.);
#3134=ORIENTED_EDGE('',*,*,#2332,.F.);
#3135=ORIENTED_EDGE('',*,*,#2358,.T.);
#3136=ORIENTED_EDGE('',*,*,#2359,.T.);
#3137=ORIENTED_EDGE('',*,*,#2360,.F.);
#3138=ORIENTED_EDGE('',*,*,#2361,.F.);
#3139=ORIENTED_EDGE('',*,*,#2362,.F.);
#3140=ORIENTED_EDGE('',*,*,#2363,.T.);
#3141=ORIENTED_EDGE('',*,*,#2364,.F.);
#3142=ORIENTED_EDGE('',*,*,#2365,.F.);
#3143=ORIENTED_EDGE('',*,*,#2364,.T.);
#3144=ORIENTED_EDGE('',*,*,#2366,.T.);
#3145=ORIENTED_EDGE('',*,*,#2276,.F.);
#3146=ORIENTED_EDGE('',*,*,#2367,.F.);
#3147=ORIENTED_EDGE('',*,*,#2360,.T.);
#3148=ORIENTED_EDGE('',*,*,#2368,.T.);
#3149=ORIENTED_EDGE('',*,*,#2362,.T.);
#3150=ORIENTED_EDGE('',*,*,#2369,.T.);
#3151=ORIENTED_EDGE('',*,*,#2370,.T.);
#3152=ORIENTED_EDGE('',*,*,#2371,.T.);
#3153=ORIENTED_EDGE('',*,*,#2372,.F.);
#3154=ORIENTED_EDGE('',*,*,#2373,.F.);
#3155=ORIENTED_EDGE('',*,*,#2374,.F.);
#3156=ORIENTED_EDGE('',*,*,#2375,.F.);
#3157=ORIENTED_EDGE('',*,*,#2376,.F.);
#3158=ORIENTED_EDGE('',*,*,#2377,.T.);
#3159=ORIENTED_EDGE('',*,*,#2378,.F.);
#3160=ORIENTED_EDGE('',*,*,#2379,.T.);
#3161=ORIENTED_EDGE('',*,*,#2353,.T.);
#3162=ORIENTED_EDGE('',*,*,#2380,.F.);
#3163=ORIENTED_EDGE('',*,*,#2381,.T.);
#3164=ORIENTED_EDGE('',*,*,#2322,.T.);
#3165=ORIENTED_EDGE('',*,*,#2357,.F.);
#3166=ORIENTED_EDGE('',*,*,#2382,.F.);
#3167=ORIENTED_EDGE('',*,*,#2351,.T.);
#3168=ORIENTED_EDGE('',*,*,#2339,.F.);
#3169=ORIENTED_EDGE('',*,*,#2383,.F.);
#3170=ORIENTED_EDGE('',*,*,#2316,.T.);
#3171=ORIENTED_EDGE('',*,*,#2323,.T.);
#3172=ORIENTED_EDGE('',*,*,#2381,.F.);
#3173=ORIENTED_EDGE('',*,*,#2384,.F.);
#3174=ORIENTED_EDGE('',*,*,#2385,.T.);
#3175=ORIENTED_EDGE('',*,*,#2386,.T.);
#3176=ORIENTED_EDGE('',*,*,#2387,.F.);
#3177=ORIENTED_EDGE('',*,*,#2388,.F.);
#3178=ORIENTED_EDGE('',*,*,#2389,.T.);
#3179=ORIENTED_EDGE('',*,*,#2390,.T.);
#3180=ORIENTED_EDGE('',*,*,#2385,.F.);
#3181=ORIENTED_EDGE('',*,*,#2391,.F.);
#3182=ORIENTED_EDGE('',*,*,#2392,.T.);
#3183=ORIENTED_EDGE('',*,*,#2393,.T.);
#3184=ORIENTED_EDGE('',*,*,#2389,.F.);
#3185=ORIENTED_EDGE('',*,*,#2394,.F.);
#3186=ORIENTED_EDGE('',*,*,#2387,.T.);
#3187=ORIENTED_EDGE('',*,*,#2395,.T.);
#3188=ORIENTED_EDGE('',*,*,#2392,.F.);
#3189=ORIENTED_EDGE('',*,*,#2395,.F.);
#3190=ORIENTED_EDGE('',*,*,#2386,.F.);
#3191=ORIENTED_EDGE('',*,*,#2390,.F.);
#3192=ORIENTED_EDGE('',*,*,#2393,.F.);
#3193=ORIENTED_EDGE('',*,*,#2396,.F.);
#3194=ORIENTED_EDGE('',*,*,#2394,.T.);
#3195=ORIENTED_EDGE('',*,*,#2391,.T.);
#3196=ORIENTED_EDGE('',*,*,#2388,.T.);
#3197=ORIENTED_EDGE('',*,*,#2384,.T.);
#3198=ORIENTED_EDGE('',*,*,#2397,.F.);
#3199=ORIENTED_EDGE('',*,*,#2397,.T.);
#3200=ORIENTED_EDGE('',*,*,#2398,.T.);
#3201=ORIENTED_EDGE('',*,*,#2399,.T.);
#3202=ORIENTED_EDGE('',*,*,#2398,.F.);
#3203=ORIENTED_EDGE('',*,*,#2400,.F.);
#3204=ORIENTED_EDGE('',*,*,#2401,.T.);
#3205=ORIENTED_EDGE('',*,*,#2396,.T.);
#3206=ORIENTED_EDGE('',*,*,#2401,.F.);
#3207=ORIENTED_EDGE('',*,*,#2399,.F.);
#3208=ORIENTED_EDGE('',*,*,#2402,.F.);
#3209=ORIENTED_EDGE('',*,*,#2403,.T.);
#3210=ORIENTED_EDGE('',*,*,#2404,.T.);
#3211=ORIENTED_EDGE('',*,*,#2405,.F.);
#3212=ORIENTED_EDGE('',*,*,#2406,.F.);
#3213=ORIENTED_EDGE('',*,*,#2407,.T.);
#3214=ORIENTED_EDGE('',*,*,#2408,.T.);
#3215=ORIENTED_EDGE('',*,*,#2403,.F.);
#3216=ORIENTED_EDGE('',*,*,#2409,.F.);
#3217=ORIENTED_EDGE('',*,*,#2410,.T.);
#3218=ORIENTED_EDGE('',*,*,#2411,.T.);
#3219=ORIENTED_EDGE('',*,*,#2407,.F.);
#3220=ORIENTED_EDGE('',*,*,#2309,.F.);
#3221=ORIENTED_EDGE('',*,*,#2312,.T.);
#3222=ORIENTED_EDGE('',*,*,#2412,.T.);
#3223=ORIENTED_EDGE('',*,*,#2413,.F.);
#3224=ORIENTED_EDGE('',*,*,#2414,.F.);
#3225=ORIENTED_EDGE('',*,*,#2415,.T.);
#3226=ORIENTED_EDGE('',*,*,#2416,.T.);
#3227=ORIENTED_EDGE('',*,*,#2417,.T.);
#3228=ORIENTED_EDGE('',*,*,#2417,.F.);
#3229=ORIENTED_EDGE('',*,*,#2418,.F.);
#3230=ORIENTED_EDGE('',*,*,#2419,.F.);
#3231=ORIENTED_EDGE('',*,*,#2420,.T.);
#3232=ORIENTED_EDGE('',*,*,#2421,.F.);
#3233=ORIENTED_EDGE('',*,*,#2419,.T.);
#3234=ORIENTED_EDGE('',*,*,#2422,.T.);
#3235=ORIENTED_EDGE('',*,*,#2423,.T.);
#3236=ORIENTED_EDGE('',*,*,#2424,.T.);
#3237=ORIENTED_EDGE('',*,*,#2425,.T.);
#3238=ORIENTED_EDGE('',*,*,#2426,.T.);
#3239=ORIENTED_EDGE('',*,*,#2378,.T.);
#3240=ORIENTED_EDGE('',*,*,#2427,.T.);
#3241=ORIENTED_EDGE('',*,*,#2428,.T.);
#3242=ORIENTED_EDGE('',*,*,#2429,.T.);
#3243=ORIENTED_EDGE('',*,*,#2372,.T.);
#3244=ORIENTED_EDGE('',*,*,#2430,.T.);
#3245=ORIENTED_EDGE('',*,*,#2431,.T.);
#3246=ORIENTED_EDGE('',*,*,#2432,.T.);
#3247=ORIENTED_EDGE('',*,*,#2433,.T.);
#3248=ORIENTED_EDGE('',*,*,#2434,.T.);
#3249=ORIENTED_EDGE('',*,*,#2435,.T.);
#3250=ORIENTED_EDGE('',*,*,#2436,.T.);
#3251=ORIENTED_EDGE('',*,*,#2428,.F.);
#3252=ORIENTED_EDGE('',*,*,#2437,.F.);
#3253=ORIENTED_EDGE('',*,*,#2438,.F.);
#3254=ORIENTED_EDGE('',*,*,#2431,.F.);
#3255=ORIENTED_EDGE('',*,*,#2439,.F.);
#3256=ORIENTED_EDGE('',*,*,#2440,.F.);
#3257=ORIENTED_EDGE('',*,*,#2433,.F.);
#3258=ORIENTED_EDGE('',*,*,#2441,.T.);
#3259=ORIENTED_EDGE('',*,*,#2442,.F.);
#3260=ORIENTED_EDGE('',*,*,#2443,.F.);
#3261=ORIENTED_EDGE('',*,*,#2444,.F.);
#3262=ORIENTED_EDGE('',*,*,#2445,.T.);
#3263=ORIENTED_EDGE('',*,*,#2434,.F.);
#3264=ORIENTED_EDGE('',*,*,#2440,.T.);
#3265=ORIENTED_EDGE('',*,*,#2446,.F.);
#3266=ORIENTED_EDGE('',*,*,#2447,.F.);
#3267=ORIENTED_EDGE('',*,*,#2447,.T.);
#3268=ORIENTED_EDGE('',*,*,#2448,.F.);
#3269=ORIENTED_EDGE('',*,*,#2449,.T.);
#3270=ORIENTED_EDGE('',*,*,#2450,.T.);
#3271=ORIENTED_EDGE('',*,*,#2451,.F.);
#3272=ORIENTED_EDGE('',*,*,#2452,.F.);
#3273=ORIENTED_EDGE('',*,*,#2453,.F.);
#3274=ORIENTED_EDGE('',*,*,#2454,.F.);
#3275=ORIENTED_EDGE('',*,*,#2455,.F.);
#3276=ORIENTED_EDGE('',*,*,#2456,.F.);
#3277=ORIENTED_EDGE('',*,*,#2457,.T.);
#3278=ORIENTED_EDGE('',*,*,#2458,.F.);
#3279=ORIENTED_EDGE('',*,*,#2457,.F.);
#3280=ORIENTED_EDGE('',*,*,#2459,.F.);
#3281=ORIENTED_EDGE('',*,*,#2460,.T.);
#3282=ORIENTED_EDGE('',*,*,#2461,.F.);
#3283=ORIENTED_EDGE('',*,*,#2460,.F.);
#3284=ORIENTED_EDGE('',*,*,#2462,.F.);
#3285=ORIENTED_EDGE('',*,*,#2463,.T.);
#3286=ORIENTED_EDGE('',*,*,#2464,.T.);
#3287=ORIENTED_EDGE('',*,*,#2463,.F.);
#3288=ORIENTED_EDGE('',*,*,#2465,.F.);
#3289=ORIENTED_EDGE('',*,*,#2466,.T.);
#3290=ORIENTED_EDGE('',*,*,#2264,.T.);
#3291=ORIENTED_EDGE('',*,*,#2194,.T.);
#3292=ORIENTED_EDGE('',*,*,#2198,.T.);
#3293=ORIENTED_EDGE('',*,*,#2467,.T.);
#3294=ORIENTED_EDGE('',*,*,#2468,.T.);
#3295=ORIENTED_EDGE('',*,*,#2467,.F.);
#3296=ORIENTED_EDGE('',*,*,#2201,.T.);
#3297=ORIENTED_EDGE('',*,*,#2261,.T.);
#3298=ORIENTED_EDGE('',*,*,#2263,.T.);
#3299=ORIENTED_EDGE('',*,*,#2466,.F.);
#3300=ORIENTED_EDGE('',*,*,#2204,.T.);
#3301=ORIENTED_EDGE('',*,*,#2206,.T.);
#3302=ORIENTED_EDGE('',*,*,#2137,.T.);
#3303=ORIENTED_EDGE('',*,*,#2141,.T.);
#3304=ORIENTED_EDGE('',*,*,#2251,.T.);
#3305=ORIENTED_EDGE('',*,*,#2253,.T.);
#3306=ORIENTED_EDGE('',*,*,#2180,.T.);
#3307=ORIENTED_EDGE('',*,*,#2184,.T.);
#3308=ORIENTED_EDGE('',*,*,#2256,.T.);
#3309=ORIENTED_EDGE('',*,*,#2258,.T.);
#3310=ORIENTED_EDGE('',*,*,#2187,.T.);
#3311=ORIENTED_EDGE('',*,*,#2191,.T.);
#3312=ORIENTED_EDGE('',*,*,#2469,.T.);
#3313=ORIENTED_EDGE('',*,*,#2470,.F.);
#3314=ORIENTED_EDGE('',*,*,#2471,.F.);
#3315=ORIENTED_EDGE('',*,*,#2472,.F.);
#3316=ORIENTED_EDGE('',*,*,#2240,.T.);
#3317=ORIENTED_EDGE('',*,*,#2242,.T.);
#3318=ORIENTED_EDGE('',*,*,#2162,.T.);
#3319=ORIENTED_EDGE('',*,*,#2166,.T.);
#3320=ORIENTED_EDGE('',*,*,#2473,.T.);
#3321=ORIENTED_EDGE('',*,*,#2474,.F.);
#3322=ORIENTED_EDGE('',*,*,#2475,.F.);
#3323=ORIENTED_EDGE('',*,*,#2476,.F.);
#3324=ORIENTED_EDGE('',*,*,#2477,.T.);
#3325=ORIENTED_EDGE('',*,*,#2478,.T.);
#3326=ORIENTED_EDGE('',*,*,#2479,.T.);
#3327=ORIENTED_EDGE('',*,*,#2474,.T.);
#3328=ORIENTED_EDGE('',*,*,#2480,.T.);
#3329=ORIENTED_EDGE('',*,*,#2481,.F.);
#3330=ORIENTED_EDGE('',*,*,#2482,.F.);
#3331=ORIENTED_EDGE('',*,*,#2478,.F.);
#3332=ORIENTED_EDGE('',*,*,#2243,.T.);
#3333=ORIENTED_EDGE('',*,*,#2245,.T.);
#3334=ORIENTED_EDGE('',*,*,#2168,.T.);
#3335=ORIENTED_EDGE('',*,*,#2172,.T.);
#3336=ORIENTED_EDGE('',*,*,#2483,.T.);
#3337=ORIENTED_EDGE('',*,*,#2476,.T.);
#3338=ORIENTED_EDGE('',*,*,#2484,.T.);
#3339=ORIENTED_EDGE('',*,*,#2485,.T.);
#3340=ORIENTED_EDGE('',*,*,#2486,.T.);
#3341=ORIENTED_EDGE('',*,*,#2487,.T.);
#3342=ORIENTED_EDGE('',*,*,#2488,.T.);
#3343=ORIENTED_EDGE('',*,*,#2489,.T.);
#3344=ORIENTED_EDGE('',*,*,#2490,.T.);
#3345=ORIENTED_EDGE('',*,*,#2489,.F.);
#3346=ORIENTED_EDGE('',*,*,#2491,.F.);
#3347=ORIENTED_EDGE('',*,*,#2492,.F.);
#3348=ORIENTED_EDGE('',*,*,#2493,.T.);
#3349=ORIENTED_EDGE('',*,*,#2492,.T.);
#3350=ORIENTED_EDGE('',*,*,#2494,.T.);
#3351=ORIENTED_EDGE('',*,*,#2470,.T.);
#3352=ORIENTED_EDGE('',*,*,#2495,.F.);
#3353=ORIENTED_EDGE('',*,*,#2496,.T.);
#3354=ORIENTED_EDGE('',*,*,#2497,.T.);
#3355=ORIENTED_EDGE('',*,*,#2498,.F.);
#3356=ORIENTED_EDGE('',*,*,#2498,.T.);
#3357=ORIENTED_EDGE('',*,*,#2499,.T.);
#3358=ORIENTED_EDGE('',*,*,#2500,.F.);
#3359=ORIENTED_EDGE('',*,*,#2501,.F.);
#3360=ORIENTED_EDGE('',*,*,#2502,.T.);
#3361=ORIENTED_EDGE('',*,*,#2503,.F.);
#3362=ORIENTED_EDGE('',*,*,#2504,.F.);
#3363=ORIENTED_EDGE('',*,*,#2505,.F.);
#3364=ORIENTED_EDGE('',*,*,#2506,.T.);
#3365=ORIENTED_EDGE('',*,*,#2507,.F.);
#3366=ORIENTED_EDGE('',*,*,#2508,.F.);
#3367=ORIENTED_EDGE('',*,*,#2509,.F.);
#3368=ORIENTED_EDGE('',*,*,#2510,.F.);
#3369=ORIENTED_EDGE('',*,*,#2500,.T.);
#3370=ORIENTED_EDGE('',*,*,#2511,.T.);
#3371=ORIENTED_EDGE('',*,*,#2512,.F.);
#3372=ORIENTED_EDGE('',*,*,#2513,.F.);
#3373=ORIENTED_EDGE('',*,*,#2512,.T.);
#3374=ORIENTED_EDGE('',*,*,#2514,.T.);
#3375=ORIENTED_EDGE('',*,*,#2423,.F.);
#3376=ORIENTED_EDGE('',*,*,#2515,.T.);
#3377=ORIENTED_EDGE('',*,*,#2455,.T.);
#3378=ORIENTED_EDGE('',*,*,#2516,.F.);
#3379=ORIENTED_EDGE('',*,*,#2450,.F.);
#3380=ORIENTED_EDGE('',*,*,#2517,.T.);
#3381=ORIENTED_EDGE('',*,*,#2461,.T.);
#3382=ORIENTED_EDGE('',*,*,#2446,.T.);
#3383=ORIENTED_EDGE('',*,*,#2443,.T.);
#3384=ORIENTED_EDGE('',*,*,#2518,.F.);
#3385=ORIENTED_EDGE('',*,*,#2448,.T.);
#3386=ORIENTED_EDGE('',*,*,#2519,.T.);
#3387=ORIENTED_EDGE('',*,*,#2485,.F.);
#3388=ORIENTED_EDGE('',*,*,#2520,.F.);
#3389=ORIENTED_EDGE('',*,*,#2521,.F.);
#3390=ORIENTED_EDGE('',*,*,#2246,.T.);
#3391=ORIENTED_EDGE('',*,*,#2248,.T.);
#3392=ORIENTED_EDGE('',*,*,#2174,.T.);
#3393=ORIENTED_EDGE('',*,*,#2178,.T.);
#3394=ORIENTED_EDGE('',*,*,#2522,.T.);
#3395=ORIENTED_EDGE('',*,*,#2521,.T.);
#3396=ORIENTED_EDGE('',*,*,#2523,.T.);
#3397=ORIENTED_EDGE('',*,*,#2524,.T.);
#3398=ORIENTED_EDGE('',*,*,#2525,.T.);
#3399=ORIENTED_EDGE('',*,*,#2524,.F.);
#3400=ORIENTED_EDGE('',*,*,#2526,.F.);
#3401=ORIENTED_EDGE('',*,*,#2527,.F.);
#3402=ORIENTED_EDGE('',*,*,#2528,.T.);
#3403=ORIENTED_EDGE('',*,*,#2527,.T.);
#3404=ORIENTED_EDGE('',*,*,#2529,.T.);
#3405=ORIENTED_EDGE('',*,*,#2481,.T.);
#3406=ORIENTED_EDGE('',*,*,#2530,.F.);
#3407=ORIENTED_EDGE('',*,*,#2094,.T.);
#3408=ORIENTED_EDGE('',*,*,#2531,.F.);
#3409=ORIENTED_EDGE('',*,*,#2532,.F.);
#3410=ORIENTED_EDGE('',*,*,#2533,.F.);
#3411=ORIENTED_EDGE('',*,*,#2534,.T.);
#3412=ORIENTED_EDGE('',*,*,#2535,.F.);
#3413=ORIENTED_EDGE('',*,*,#2098,.F.);
#3414=ORIENTED_EDGE('',*,*,#2536,.F.);
#3415=ORIENTED_EDGE('',*,*,#2537,.T.);
#3416=ORIENTED_EDGE('',*,*,#2538,.F.);
#3417=ORIENTED_EDGE('',*,*,#2534,.F.);
#3418=ORIENTED_EDGE('',*,*,#2539,.F.);
#3419=ORIENTED_EDGE('',*,*,#2266,.T.);
#3420=ORIENTED_EDGE('',*,*,#2540,.F.);
#3421=ORIENTED_EDGE('',*,*,#2537,.F.);
#3422=ORIENTED_EDGE('',*,*,#2541,.F.);
#3423=ORIENTED_EDGE('',*,*,#2542,.T.);
#3424=ORIENTED_EDGE('',*,*,#2543,.F.);
#3425=ORIENTED_EDGE('',*,*,#2090,.F.);
#3426=ORIENTED_EDGE('',*,*,#2544,.F.);
#3427=ORIENTED_EDGE('',*,*,#2532,.T.);
#3428=ORIENTED_EDGE('',*,*,#2545,.F.);
#3429=ORIENTED_EDGE('',*,*,#2542,.F.);
#3430=ORIENTED_EDGE('',*,*,#2546,.T.);
#3431=ORIENTED_EDGE('',*,*,#2472,.T.);
#3432=ORIENTED_EDGE('',*,*,#2547,.T.);
#3433=ORIENTED_EDGE('',*,*,#2548,.T.);
#3434=ORIENTED_EDGE('',*,*,#2549,.T.);
#3435=ORIENTED_EDGE('',*,*,#2548,.F.);
#3436=ORIENTED_EDGE('',*,*,#2550,.F.);
#3437=ORIENTED_EDGE('',*,*,#2551,.F.);
#3438=ORIENTED_EDGE('',*,*,#2234,.T.);
#3439=ORIENTED_EDGE('',*,*,#2236,.T.);
#3440=ORIENTED_EDGE('',*,*,#2150,.T.);
#3441=ORIENTED_EDGE('',*,*,#2154,.T.);
#3442=ORIENTED_EDGE('',*,*,#2552,.T.);
#3443=ORIENTED_EDGE('',*,*,#2551,.T.);
#3444=ORIENTED_EDGE('',*,*,#2553,.T.);
#3445=ORIENTED_EDGE('',*,*,#2554,.T.);
#3446=ORIENTED_EDGE('',*,*,#2555,.T.);
#3447=ORIENTED_EDGE('',*,*,#2554,.F.);
#3448=ORIENTED_EDGE('',*,*,#2556,.F.);
#3449=ORIENTED_EDGE('',*,*,#2487,.F.);
#3450=ORIENTED_EDGE('',*,*,#2237,.T.);
#3451=ORIENTED_EDGE('',*,*,#2239,.T.);
#3452=ORIENTED_EDGE('',*,*,#2156,.T.);
#3453=ORIENTED_EDGE('',*,*,#2160,.T.);
#3454=ORIENTED_EDGE('',*,*,#2557,.F.);
#3455=ORIENTED_EDGE('',*,*,#2558,.F.);
#3456=ORIENTED_EDGE('',*,*,#2559,.F.);
#3457=ORIENTED_EDGE('',*,*,#2081,.F.);
#3458=ORIENTED_EDGE('',*,*,#2233,.F.);
#3459=ORIENTED_EDGE('',*,*,#2220,.F.);
#3460=ORIENTED_EDGE('',*,*,#2147,.F.);
#3461=ORIENTED_EDGE('',*,*,#2091,.T.);
#3462=ORIENTED_EDGE('',*,*,#2543,.T.);
#3463=ORIENTED_EDGE('',*,*,#2545,.T.);
#3464=ORIENTED_EDGE('',*,*,#2531,.T.);
#3465=ORIENTED_EDGE('',*,*,#2093,.T.);
#3466=ORIENTED_EDGE('',*,*,#2219,.F.);
#3467=ORIENTED_EDGE('',*,*,#2207,.F.);
#3468=ORIENTED_EDGE('',*,*,#2144,.F.);
#3469=ORIENTED_EDGE('',*,*,#2101,.F.);
#3470=ORIENTED_EDGE('',*,*,#2212,.F.);
#3471=ORIENTED_EDGE('',*,*,#2215,.F.);
#3472=ORIENTED_EDGE('',*,*,#2216,.F.);
#3473=ORIENTED_EDGE('',*,*,#2099,.T.);
#3474=ORIENTED_EDGE('',*,*,#2535,.T.);
#3475=ORIENTED_EDGE('',*,*,#2538,.T.);
#3476=ORIENTED_EDGE('',*,*,#2540,.T.);
#3477=ORIENTED_EDGE('',*,*,#2265,.T.);
#3478=ORIENTED_EDGE('',*,*,#2226,.F.);
#3479=ORIENTED_EDGE('',*,*,#2229,.F.);
#3480=ORIENTED_EDGE('',*,*,#2230,.F.);
#3481=ORIENTED_EDGE('',*,*,#2087,.F.);
#3482=ORIENTED_EDGE('',*,*,#2560,.F.);
#3483=ORIENTED_EDGE('',*,*,#2561,.F.);
#3484=ORIENTED_EDGE('',*,*,#2562,.F.);
#3485=ORIENTED_EDGE('',*,*,#2563,.F.);
#3486=ORIENTED_EDGE('',*,*,#2522,.F.);
#3487=ORIENTED_EDGE('',*,*,#2525,.F.);
#3488=ORIENTED_EDGE('',*,*,#2528,.F.);
#3489=ORIENTED_EDGE('',*,*,#2480,.F.);
#3490=ORIENTED_EDGE('',*,*,#2477,.F.);
#3491=ORIENTED_EDGE('',*,*,#2473,.F.);
#3492=ORIENTED_EDGE('',*,*,#2483,.F.);
#3493=ORIENTED_EDGE('',*,*,#2519,.F.);
#3494=ORIENTED_EDGE('',*,*,#2468,.F.);
#3495=ORIENTED_EDGE('',*,*,#2493,.F.);
#3496=ORIENTED_EDGE('',*,*,#2469,.F.);
#3497=ORIENTED_EDGE('',*,*,#2546,.F.);
#3498=ORIENTED_EDGE('',*,*,#2549,.F.);
#3499=ORIENTED_EDGE('',*,*,#2552,.F.);
#3500=ORIENTED_EDGE('',*,*,#2555,.F.);
#3501=ORIENTED_EDGE('',*,*,#2486,.F.);
#3502=ORIENTED_EDGE('',*,*,#2490,.F.);
#3503=ORIENTED_EDGE('',*,*,#2564,.F.);
#3504=ORIENTED_EDGE('',*,*,#2565,.T.);
#3505=ORIENTED_EDGE('',*,*,#2557,.T.);
#3506=ORIENTED_EDGE('',*,*,#2566,.F.);
#3507=ORIENTED_EDGE('',*,*,#2567,.F.);
#3508=ORIENTED_EDGE('',*,*,#2566,.T.);
#3509=ORIENTED_EDGE('',*,*,#2563,.T.);
#3510=ORIENTED_EDGE('',*,*,#2568,.F.);
#3511=ORIENTED_EDGE('',*,*,#2569,.F.);
#3512=ORIENTED_EDGE('',*,*,#2568,.T.);
#3513=ORIENTED_EDGE('',*,*,#2562,.T.);
#3514=ORIENTED_EDGE('',*,*,#2570,.F.);
#3515=ORIENTED_EDGE('',*,*,#2571,.F.);
#3516=ORIENTED_EDGE('',*,*,#2570,.T.);
#3517=ORIENTED_EDGE('',*,*,#2561,.T.);
#3518=ORIENTED_EDGE('',*,*,#2572,.F.);
#3519=ORIENTED_EDGE('',*,*,#2573,.F.);
#3520=ORIENTED_EDGE('',*,*,#2572,.T.);
#3521=ORIENTED_EDGE('',*,*,#2560,.T.);
#3522=ORIENTED_EDGE('',*,*,#2086,.F.);
#3523=ORIENTED_EDGE('',*,*,#2574,.F.);
#3524=ORIENTED_EDGE('',*,*,#2082,.T.);
#3525=ORIENTED_EDGE('',*,*,#2559,.T.);
#3526=ORIENTED_EDGE('',*,*,#2575,.F.);
#3527=ORIENTED_EDGE('',*,*,#2576,.F.);
#3528=ORIENTED_EDGE('',*,*,#2575,.T.);
#3529=ORIENTED_EDGE('',*,*,#2558,.T.);
#3530=ORIENTED_EDGE('',*,*,#2565,.F.);
#3531=ORIENTED_EDGE('',*,*,#2577,.F.);
#3532=ORIENTED_EDGE('',*,*,#2373,.T.);
#3533=ORIENTED_EDGE('',*,*,#2429,.F.);
#3534=ORIENTED_EDGE('',*,*,#2436,.F.);
#3535=ORIENTED_EDGE('',*,*,#2578,.F.);
#3536=ORIENTED_EDGE('',*,*,#2462,.T.);
#3537=ORIENTED_EDGE('',*,*,#2456,.T.);
#3538=ORIENTED_EDGE('',*,*,#2579,.F.);
#3539=ORIENTED_EDGE('',*,*,#2578,.T.);
#3540=ORIENTED_EDGE('',*,*,#2435,.F.);
#3541=ORIENTED_EDGE('',*,*,#2580,.T.);
#3542=ORIENTED_EDGE('',*,*,#2581,.F.);
#3543=ORIENTED_EDGE('',*,*,#2580,.F.);
#3544=ORIENTED_EDGE('',*,*,#2445,.F.);
#3545=ORIENTED_EDGE('',*,*,#2582,.F.);
#3546=ORIENTED_EDGE('',*,*,#2583,.F.);
#3547=ORIENTED_EDGE('',*,*,#2582,.T.);
#3548=ORIENTED_EDGE('',*,*,#2584,.F.);
#3549=ORIENTED_EDGE('',*,*,#2585,.T.);
#3550=ORIENTED_EDGE('',*,*,#2586,.F.);
#3551=ORIENTED_EDGE('',*,*,#2583,.T.);
#3552=ORIENTED_EDGE('',*,*,#2587,.T.);
#3553=ORIENTED_EDGE('',*,*,#2588,.T.);
#3554=ORIENTED_EDGE('',*,*,#2586,.T.);
#3555=ORIENTED_EDGE('',*,*,#2589,.T.);
#3556=ORIENTED_EDGE('',*,*,#2590,.F.);
#3557=ORIENTED_EDGE('',*,*,#2581,.T.);
#3558=ORIENTED_EDGE('',*,*,#2591,.F.);
#3559=ORIENTED_EDGE('',*,*,#2579,.T.);
#3560=ORIENTED_EDGE('',*,*,#2590,.T.);
#3561=ORIENTED_EDGE('',*,*,#2592,.T.);
#3562=ORIENTED_EDGE('',*,*,#2577,.T.);
#3563=ORIENTED_EDGE('',*,*,#2591,.T.);
#3564=ORIENTED_EDGE('',*,*,#2593,.T.);
#3565=ORIENTED_EDGE('',*,*,#2374,.T.);
#3566=ORIENTED_EDGE('',*,*,#2594,.F.);
#3567=ORIENTED_EDGE('',*,*,#2413,.T.);
#3568=ORIENTED_EDGE('',*,*,#2595,.T.);
#3569=ORIENTED_EDGE('',*,*,#2313,.F.);
#3570=ORIENTED_EDGE('',*,*,#2596,.F.);
#3571=ORIENTED_EDGE('',*,*,#2597,.T.);
#3572=ORIENTED_EDGE('',*,*,#2502,.F.);
#3573=ORIENTED_EDGE('',*,*,#2598,.F.);
#3574=ORIENTED_EDGE('',*,*,#2599,.F.);
#3575=ORIENTED_EDGE('',*,*,#2600,.T.);
#3576=ORIENTED_EDGE('',*,*,#2601,.F.);
#3577=ORIENTED_EDGE('',*,*,#2602,.T.);
#3578=ORIENTED_EDGE('',*,*,#2603,.F.);
#3579=ORIENTED_EDGE('',*,*,#2604,.F.);
#3580=ORIENTED_EDGE('',*,*,#2605,.F.);
#3581=ORIENTED_EDGE('',*,*,#2606,.T.);
#3582=ORIENTED_EDGE('',*,*,#2607,.F.);
#3583=ORIENTED_EDGE('',*,*,#2608,.F.);
#3584=ORIENTED_EDGE('',*,*,#2609,.F.);
#3585=ORIENTED_EDGE('',*,*,#2610,.F.);
#3586=ORIENTED_EDGE('',*,*,#2611,.T.);
#3587=ORIENTED_EDGE('',*,*,#2612,.T.);
#3588=ORIENTED_EDGE('',*,*,#2613,.F.);
#3589=ORIENTED_EDGE('',*,*,#2609,.T.);
#3590=ORIENTED_EDGE('',*,*,#2614,.T.);
#3591=ORIENTED_EDGE('',*,*,#2599,.T.);
#3592=ORIENTED_EDGE('',*,*,#2615,.F.);
#3593=ORIENTED_EDGE('',*,*,#2616,.T.);
#3594=ORIENTED_EDGE('',*,*,#2617,.T.);
#3595=ORIENTED_EDGE('',*,*,#2618,.F.);
#3596=ORIENTED_EDGE('',*,*,#2619,.F.);
#3597=ORIENTED_EDGE('',*,*,#2620,.T.);
#3598=ORIENTED_EDGE('',*,*,#2621,.T.);
#3599=ORIENTED_EDGE('',*,*,#2615,.T.);
#3600=ORIENTED_EDGE('',*,*,#2622,.F.);
#3601=ORIENTED_EDGE('',*,*,#2623,.T.);
#3602=ORIENTED_EDGE('',*,*,#2620,.F.);
#3603=ORIENTED_EDGE('',*,*,#2624,.F.);
#3604=ORIENTED_EDGE('',*,*,#2508,.T.);
#3605=ORIENTED_EDGE('',*,*,#2625,.F.);
#3606=ORIENTED_EDGE('',*,*,#2626,.T.);
#3607=ORIENTED_EDGE('',*,*,#2622,.T.);
#3608=ORIENTED_EDGE('',*,*,#2627,.T.);
#3609=ORIENTED_EDGE('',*,*,#2607,.T.);
#3610=ORIENTED_EDGE('',*,*,#2628,.T.);
#3611=ORIENTED_EDGE('',*,*,#2629,.T.);
#3612=ORIENTED_EDGE('',*,*,#2630,.T.);
#3613=ORIENTED_EDGE('',*,*,#2596,.T.);
#3614=ORIENTED_EDGE('',*,*,#2631,.F.);
#3615=ORIENTED_EDGE('',*,*,#2608,.T.);
#3616=ORIENTED_EDGE('',*,*,#2627,.F.);
#3617=ORIENTED_EDGE('',*,*,#2625,.T.);
#3618=ORIENTED_EDGE('',*,*,#2507,.T.);
#3619=ORIENTED_EDGE('',*,*,#2632,.F.);
#3620=ORIENTED_EDGE('',*,*,#2633,.T.);
#3621=ORIENTED_EDGE('',*,*,#2605,.T.);
#3622=ORIENTED_EDGE('',*,*,#2631,.T.);
#3623=ORIENTED_EDGE('',*,*,#2634,.T.);
#3624=ORIENTED_EDGE('',*,*,#2635,.F.);
#3625=ORIENTED_EDGE('',*,*,#2636,.T.);
#3626=ORIENTED_EDGE('',*,*,#2634,.F.);
#3627=ORIENTED_EDGE('',*,*,#2632,.T.);
#3628=ORIENTED_EDGE('',*,*,#2506,.F.);
#3629=ORIENTED_EDGE('',*,*,#2637,.F.);
#3630=ORIENTED_EDGE('',*,*,#2638,.T.);
#3631=ORIENTED_EDGE('',*,*,#2604,.T.);
#3632=ORIENTED_EDGE('',*,*,#2639,.T.);
#3633=ORIENTED_EDGE('',*,*,#2637,.T.);
#3634=ORIENTED_EDGE('',*,*,#2505,.T.);
#3635=ORIENTED_EDGE('',*,*,#2640,.T.);
#3636=ORIENTED_EDGE('',*,*,#2639,.F.);
#3637=ORIENTED_EDGE('',*,*,#2603,.T.);
#3638=ORIENTED_EDGE('',*,*,#2641,.T.);
#3639=ORIENTED_EDGE('',*,*,#2635,.T.);
#3640=ORIENTED_EDGE('',*,*,#2642,.F.);
#3641=ORIENTED_EDGE('',*,*,#2643,.T.);
#3642=ORIENTED_EDGE('',*,*,#2503,.T.);
#3643=ORIENTED_EDGE('',*,*,#2597,.F.);
#3644=ORIENTED_EDGE('',*,*,#2630,.F.);
#3645=ORIENTED_EDGE('',*,*,#2644,.T.);
#3646=ORIENTED_EDGE('',*,*,#2645,.F.);
#3647=ORIENTED_EDGE('',*,*,#2644,.F.);
#3648=ORIENTED_EDGE('',*,*,#2629,.F.);
#3649=ORIENTED_EDGE('',*,*,#2646,.T.);
#3650=ORIENTED_EDGE('',*,*,#2647,.T.);
#3651=ORIENTED_EDGE('',*,*,#2648,.T.);
#3652=ORIENTED_EDGE('',*,*,#2642,.T.);
#3653=ORIENTED_EDGE('',*,*,#2645,.T.);
#3654=ORIENTED_EDGE('',*,*,#2649,.F.);
#3655=ORIENTED_EDGE('',*,*,#2640,.F.);
#3656=ORIENTED_EDGE('',*,*,#2504,.T.);
#3657=ORIENTED_EDGE('',*,*,#2643,.F.);
#3658=ORIENTED_EDGE('',*,*,#2648,.F.);
#3659=ORIENTED_EDGE('',*,*,#2650,.T.);
#3660=ORIENTED_EDGE('',*,*,#2638,.F.);
#3661=ORIENTED_EDGE('',*,*,#2649,.T.);
#3662=ORIENTED_EDGE('',*,*,#2651,.T.);
#3663=ORIENTED_EDGE('',*,*,#2601,.T.);
#3664=ORIENTED_EDGE('',*,*,#2652,.F.);
#3665=ORIENTED_EDGE('',*,*,#2404,.F.);
#3666=ORIENTED_EDGE('',*,*,#2408,.F.);
#3667=ORIENTED_EDGE('',*,*,#2411,.F.);
#3668=ORIENTED_EDGE('',*,*,#2595,.F.);
#3669=ORIENTED_EDGE('',*,*,#2412,.F.);
#3670=ORIENTED_EDGE('',*,*,#2311,.F.);
#3671=ORIENTED_EDGE('',*,*,#2314,.F.);
#3672=ORIENTED_EDGE('',*,*,#2653,.T.);
#3673=ORIENTED_EDGE('',*,*,#2654,.T.);
#3674=ORIENTED_EDGE('',*,*,#2655,.T.);
#3675=ORIENTED_EDGE('',*,*,#2656,.F.);
#3676=ORIENTED_EDGE('',*,*,#2657,.T.);
#3677=ORIENTED_EDGE('',*,*,#2658,.T.);
#3678=ORIENTED_EDGE('',*,*,#2659,.T.);
#3679=ORIENTED_EDGE('',*,*,#2660,.F.);
#3680=ORIENTED_EDGE('',*,*,#2661,.F.);
#3681=ORIENTED_EDGE('',*,*,#2280,.T.);
#3682=ORIENTED_EDGE('',*,*,#2299,.T.);
#3683=ORIENTED_EDGE('',*,*,#2294,.F.);
#3684=ORIENTED_EDGE('',*,*,#2662,.F.);
#3685=ORIENTED_EDGE('',*,*,#2369,.F.);
#3686=ORIENTED_EDGE('',*,*,#2365,.T.);
#3687=ORIENTED_EDGE('',*,*,#2367,.T.);
#3688=ORIENTED_EDGE('',*,*,#2275,.T.);
#3689=ORIENTED_EDGE('',*,*,#2663,.F.);
#3690=ORIENTED_EDGE('',*,*,#2664,.T.);
#3691=ORIENTED_EDGE('',*,*,#2665,.F.);
#3692=ORIENTED_EDGE('',*,*,#2653,.F.);
#3693=ORIENTED_EDGE('',*,*,#2666,.F.);
#3694=ORIENTED_EDGE('',*,*,#2667,.F.);
#3695=ORIENTED_EDGE('',*,*,#2668,.T.);
#3696=ORIENTED_EDGE('',*,*,#2669,.F.);
#3697=ORIENTED_EDGE('',*,*,#2670,.T.);
#3698=ORIENTED_EDGE('',*,*,#2671,.F.);
#3699=ORIENTED_EDGE('',*,*,#2668,.F.);
#3700=ORIENTED_EDGE('',*,*,#2672,.F.);
#3701=ORIENTED_EDGE('',*,*,#2673,.T.);
#3702=ORIENTED_EDGE('',*,*,#2666,.T.);
#3703=ORIENTED_EDGE('',*,*,#2656,.T.);
#3704=ORIENTED_EDGE('',*,*,#2674,.T.);
#3705=ORIENTED_EDGE('',*,*,#2658,.F.);
#3706=ORIENTED_EDGE('',*,*,#2667,.T.);
#3707=ORIENTED_EDGE('',*,*,#2657,.F.);
#3708=ORIENTED_EDGE('',*,*,#2675,.T.);
#3709=ORIENTED_EDGE('',*,*,#2672,.T.);
#3710=ORIENTED_EDGE('',*,*,#2676,.T.);
#3711=ORIENTED_EDGE('',*,*,#2654,.F.);
#3712=ORIENTED_EDGE('',*,*,#2665,.T.);
#3713=ORIENTED_EDGE('',*,*,#2677,.T.);
#3714=ORIENTED_EDGE('',*,*,#2678,.T.);
#3715=ORIENTED_EDGE('',*,*,#2324,.T.);
#3716=ORIENTED_EDGE('',*,*,#2284,.T.);
#3717=ORIENTED_EDGE('',*,*,#2282,.T.);
#3718=ORIENTED_EDGE('',*,*,#2679,.T.);
#3719=ORIENTED_EDGE('',*,*,#2669,.T.);
#3720=ORIENTED_EDGE('',*,*,#2671,.T.);
#3721=ORIENTED_EDGE('',*,*,#2680,.T.);
#3722=ORIENTED_EDGE('',*,*,#2681,.T.);
#3723=ORIENTED_EDGE('',*,*,#2680,.F.);
#3724=ORIENTED_EDGE('',*,*,#2673,.F.);
#3725=ORIENTED_EDGE('',*,*,#2675,.F.);
#3726=ORIENTED_EDGE('',*,*,#2661,.T.);
#3727=ORIENTED_EDGE('',*,*,#2682,.T.);
#3728=ORIENTED_EDGE('',*,*,#2361,.T.);
#3729=ORIENTED_EDGE('',*,*,#2379,.F.);
#3730=ORIENTED_EDGE('',*,*,#2426,.F.);
#3731=ORIENTED_EDGE('',*,*,#2683,.F.);
#3732=ORIENTED_EDGE('',*,*,#2453,.T.);
#3733=ORIENTED_EDGE('',*,*,#2684,.F.);
#3734=ORIENTED_EDGE('',*,*,#2685,.T.);
#3735=ORIENTED_EDGE('',*,*,#2611,.F.);
#3736=ORIENTED_EDGE('',*,*,#2686,.F.);
#3737=ORIENTED_EDGE('',*,*,#2331,.T.);
#3738=ORIENTED_EDGE('',*,*,#2335,.T.);
#3739=ORIENTED_EDGE('',*,*,#2337,.T.);
#3740=ORIENTED_EDGE('',*,*,#2327,.T.);
#3741=ORIENTED_EDGE('',*,*,#2687,.F.);
#3742=ORIENTED_EDGE('',*,*,#2688,.F.);
#3743=ORIENTED_EDGE('',*,*,#2670,.F.);
#3744=ORIENTED_EDGE('',*,*,#2679,.F.);
#3745=ORIENTED_EDGE('',*,*,#2681,.F.);
#3746=ORIENTED_EDGE('',*,*,#2326,.F.);
#3747=ORIENTED_EDGE('',*,*,#2677,.F.);
#3748=ORIENTED_EDGE('',*,*,#2664,.F.);
#3749=ORIENTED_EDGE('',*,*,#2688,.T.);
#3750=ORIENTED_EDGE('',*,*,#2689,.F.);
#3751=ORIENTED_EDGE('',*,*,#2678,.F.);
#3752=ORIENTED_EDGE('',*,*,#2689,.T.);
#3753=ORIENTED_EDGE('',*,*,#2687,.T.);
#3754=ORIENTED_EDGE('',*,*,#2325,.F.);
#3755=ORIENTED_EDGE('',*,*,#2271,.T.);
#3756=ORIENTED_EDGE('',*,*,#2277,.F.);
#3757=ORIENTED_EDGE('',*,*,#2366,.F.);
#3758=ORIENTED_EDGE('',*,*,#2363,.F.);
#3759=ORIENTED_EDGE('',*,*,#2368,.F.);
#3760=ORIENTED_EDGE('',*,*,#2359,.F.);
#3761=ORIENTED_EDGE('',*,*,#2690,.F.);
#3762=ORIENTED_EDGE('',*,*,#2659,.F.);
#3763=ORIENTED_EDGE('',*,*,#2674,.F.);
#3764=ORIENTED_EDGE('',*,*,#2655,.F.);
#3765=ORIENTED_EDGE('',*,*,#2676,.F.);
#3766=ORIENTED_EDGE('',*,*,#2281,.F.);
#3767=ORIENTED_EDGE('',*,*,#2593,.F.);
#3768=ORIENTED_EDGE('',*,*,#2592,.F.);
#3769=ORIENTED_EDGE('',*,*,#2589,.F.);
#3770=ORIENTED_EDGE('',*,*,#2588,.F.);
#3771=ORIENTED_EDGE('',*,*,#2691,.F.);
#3772=ORIENTED_EDGE('',*,*,#2375,.T.);
#3773=ORIENTED_EDGE('',*,*,#2692,.F.);
#3774=ORIENTED_EDGE('',*,*,#2301,.F.);
#3775=ORIENTED_EDGE('',*,*,#2305,.F.);
#3776=ORIENTED_EDGE('',*,*,#2308,.F.);
#3777=ORIENTED_EDGE('',*,*,#2482,.T.);
#3778=ORIENTED_EDGE('',*,*,#2529,.F.);
#3779=ORIENTED_EDGE('',*,*,#2526,.T.);
#3780=ORIENTED_EDGE('',*,*,#2523,.F.);
#3781=ORIENTED_EDGE('',*,*,#2520,.T.);
#3782=ORIENTED_EDGE('',*,*,#2484,.F.);
#3783=ORIENTED_EDGE('',*,*,#2475,.T.);
#3784=ORIENTED_EDGE('',*,*,#2479,.F.);
#3785=ORIENTED_EDGE('',*,*,#2550,.T.);
#3786=ORIENTED_EDGE('',*,*,#2547,.F.);
#3787=ORIENTED_EDGE('',*,*,#2471,.T.);
#3788=ORIENTED_EDGE('',*,*,#2494,.F.);
#3789=ORIENTED_EDGE('',*,*,#2491,.T.);
#3790=ORIENTED_EDGE('',*,*,#2488,.F.);
#3791=ORIENTED_EDGE('',*,*,#2556,.T.);
#3792=ORIENTED_EDGE('',*,*,#2553,.F.);
#3793=ORIENTED_EDGE('',*,*,#2465,.T.);
#3794=ORIENTED_EDGE('',*,*,#2692,.T.);
#3795=ORIENTED_EDGE('',*,*,#2307,.F.);
#3796=ORIENTED_EDGE('',*,*,#2594,.T.);
#3797=ORIENTED_EDGE('',*,*,#2302,.F.);
#3798=ORIENTED_EDGE('',*,*,#2515,.F.);
#3799=ORIENTED_EDGE('',*,*,#2693,.T.);
#3800=ORIENTED_EDGE('',*,*,#2684,.T.);
#3801=ORIENTED_EDGE('',*,*,#2452,.T.);
#3802=ORIENTED_EDGE('',*,*,#2694,.F.);
#3803=ORIENTED_EDGE('',*,*,#2695,.F.);
#3804=ORIENTED_EDGE('',*,*,#2616,.F.);
#3805=ORIENTED_EDGE('',*,*,#2621,.F.);
#3806=ORIENTED_EDGE('',*,*,#2623,.F.);
#3807=ORIENTED_EDGE('',*,*,#2626,.F.);
#3808=ORIENTED_EDGE('',*,*,#2606,.F.);
#3809=ORIENTED_EDGE('',*,*,#2633,.F.);
#3810=ORIENTED_EDGE('',*,*,#2636,.F.);
#3811=ORIENTED_EDGE('',*,*,#2641,.F.);
#3812=ORIENTED_EDGE('',*,*,#2602,.F.);
#3813=ORIENTED_EDGE('',*,*,#2651,.F.);
#3814=ORIENTED_EDGE('',*,*,#2650,.F.);
#3815=ORIENTED_EDGE('',*,*,#2647,.F.);
#3816=ORIENTED_EDGE('',*,*,#2646,.F.);
#3817=ORIENTED_EDGE('',*,*,#2628,.F.);
#3818=ORIENTED_EDGE('',*,*,#2600,.F.);
#3819=ORIENTED_EDGE('',*,*,#2614,.F.);
#3820=ORIENTED_EDGE('',*,*,#2612,.F.);
#3821=ORIENTED_EDGE('',*,*,#2685,.F.);
#3822=ORIENTED_EDGE('',*,*,#2693,.F.);
#3823=ORIENTED_EDGE('',*,*,#2517,.F.);
#3824=ORIENTED_EDGE('',*,*,#2449,.F.);
#3825=ORIENTED_EDGE('',*,*,#2518,.T.);
#3826=ORIENTED_EDGE('',*,*,#2442,.T.);
#3827=ORIENTED_EDGE('',*,*,#2696,.T.);
#3828=ORIENTED_EDGE('',*,*,#2697,.T.);
#3829=ORIENTED_EDGE('',*,*,#2696,.F.);
#3830=ORIENTED_EDGE('',*,*,#2441,.F.);
#3831=ORIENTED_EDGE('',*,*,#2432,.F.);
#3832=ORIENTED_EDGE('',*,*,#2438,.T.);
#3833=ORIENTED_EDGE('',*,*,#2458,.T.);
#3834=ORIENTED_EDGE('',*,*,#2697,.F.);
#3835=ORIENTED_EDGE('',*,*,#2437,.T.);
#3836=ORIENTED_EDGE('',*,*,#2698,.T.);
#3837=ORIENTED_EDGE('',*,*,#2694,.T.);
#3838=ORIENTED_EDGE('',*,*,#2699,.F.);
#3839=ORIENTED_EDGE('',*,*,#2617,.F.);
#3840=ORIENTED_EDGE('',*,*,#2695,.T.);
#3841=ORIENTED_EDGE('',*,*,#2698,.F.);
#3842=ORIENTED_EDGE('',*,*,#2439,.T.);
#3843=ORIENTED_EDGE('',*,*,#2430,.F.);
#3844=ORIENTED_EDGE('',*,*,#2427,.F.);
#3845=ORIENTED_EDGE('',*,*,#2371,.F.);
#3846=ORIENTED_EDGE('',*,*,#2700,.T.);
#3847=ORIENTED_EDGE('',*,*,#2464,.F.);
#3848=ORIENTED_EDGE('',*,*,#2701,.F.);
#3849=ORIENTED_EDGE('',*,*,#2701,.T.);
#3850=ORIENTED_EDGE('',*,*,#2702,.T.);
#3851=ORIENTED_EDGE('',*,*,#2700,.F.);
#3852=ORIENTED_EDGE('',*,*,#2702,.F.);
#3853=ORIENTED_EDGE('',*,*,#2703,.F.);
#3854=ORIENTED_EDGE('',*,*,#2585,.F.);
#3855=ORIENTED_EDGE('',*,*,#2704,.F.);
#3856=ORIENTED_EDGE('',*,*,#2424,.F.);
#3857=ORIENTED_EDGE('',*,*,#2377,.F.);
#3858=ORIENTED_EDGE('',*,*,#2459,.T.);
#3859=ORIENTED_EDGE('',*,*,#2705,.F.);
#3860=ORIENTED_EDGE('',*,*,#2705,.T.);
#3861=ORIENTED_EDGE('',*,*,#2706,.T.);
#3862=ORIENTED_EDGE('',*,*,#2707,.F.);
#3863=ORIENTED_EDGE('',*,*,#2706,.F.);
#3864=ORIENTED_EDGE('',*,*,#2704,.T.);
#3865=ORIENTED_EDGE('',*,*,#2584,.T.);
#3866=ORIENTED_EDGE('',*,*,#2444,.T.);
#3867=ORIENTED_EDGE('',*,*,#2451,.T.);
#3868=ORIENTED_EDGE('',*,*,#2516,.T.);
#3869=ORIENTED_EDGE('',*,*,#2454,.T.);
#3870=ORIENTED_EDGE('',*,*,#2683,.T.);
#3871=ORIENTED_EDGE('',*,*,#2425,.F.);
#3872=ORIENTED_EDGE('',*,*,#2707,.T.);
#3873=ORIENTED_EDGE('',*,*,#2708,.T.);
#3874=ORIENTED_EDGE('',*,*,#2708,.F.);
#3875=ORIENTED_EDGE('',*,*,#2709,.T.);
#3876=ORIENTED_EDGE('',*,*,#2663,.T.);
#3877=ORIENTED_EDGE('',*,*,#2709,.F.);
#3878=ORIENTED_EDGE('',*,*,#2682,.F.);
#3879=ORIENTED_EDGE('',*,*,#2660,.T.);
#3880=ORIENTED_EDGE('',*,*,#2690,.T.);
#3881=ORIENTED_EDGE('',*,*,#2358,.F.);
#3882=ORIENTED_EDGE('',*,*,#2652,.T.);
#3883=ORIENTED_EDGE('',*,*,#2410,.F.);
#3884=ORIENTED_EDGE('',*,*,#2710,.F.);
#3885=ORIENTED_EDGE('',*,*,#2405,.T.);
#3886=ORIENTED_EDGE('',*,*,#2711,.F.);
#3887=ORIENTED_EDGE('',*,*,#2414,.T.);
#3888=ORIENTED_EDGE('',*,*,#2420,.F.);
#3889=ORIENTED_EDGE('',*,*,#2421,.T.);
#3890=ORIENTED_EDGE('',*,*,#2514,.F.);
#3891=ORIENTED_EDGE('',*,*,#2511,.F.);
#3892=ORIENTED_EDGE('',*,*,#2499,.F.);
#3893=ORIENTED_EDGE('',*,*,#2497,.F.);
#3894=ORIENTED_EDGE('',*,*,#2116,.T.);
#3895=ORIENTED_EDGE('',*,*,#2107,.T.);
#3896=ORIENTED_EDGE('',*,*,#2131,.T.);
#3897=ORIENTED_EDGE('',*,*,#2135,.T.);
#3898=ORIENTED_EDGE('',*,*,#2132,.T.);
#3899=ORIENTED_EDGE('',*,*,#2103,.T.);
#3900=ORIENTED_EDGE('',*,*,#2146,.T.);
#3901=ORIENTED_EDGE('',*,*,#2209,.T.);
#3902=ORIENTED_EDGE('',*,*,#2218,.T.);
#3903=ORIENTED_EDGE('',*,*,#2095,.T.);
#3904=ORIENTED_EDGE('',*,*,#2530,.T.);
#3905=ORIENTED_EDGE('',*,*,#2544,.T.);
#3906=ORIENTED_EDGE('',*,*,#2541,.T.);
#3907=ORIENTED_EDGE('',*,*,#2089,.T.);
#3908=ORIENTED_EDGE('',*,*,#2149,.T.);
#3909=ORIENTED_EDGE('',*,*,#2222,.T.);
#3910=ORIENTED_EDGE('',*,*,#2232,.T.);
#3911=ORIENTED_EDGE('',*,*,#2083,.T.);
#3912=ORIENTED_EDGE('',*,*,#2574,.T.);
#3913=ORIENTED_EDGE('',*,*,#2576,.T.);
#3914=ORIENTED_EDGE('',*,*,#2564,.T.);
#3915=ORIENTED_EDGE('',*,*,#2567,.T.);
#3916=ORIENTED_EDGE('',*,*,#2569,.T.);
#3917=ORIENTED_EDGE('',*,*,#2571,.T.);
#3918=ORIENTED_EDGE('',*,*,#2573,.T.);
#3919=ORIENTED_EDGE('',*,*,#2085,.T.);
#3920=ORIENTED_EDGE('',*,*,#2231,.T.);
#3921=ORIENTED_EDGE('',*,*,#2227,.T.);
#3922=ORIENTED_EDGE('',*,*,#2224,.T.);
#3923=ORIENTED_EDGE('',*,*,#2267,.T.);
#3924=ORIENTED_EDGE('',*,*,#2539,.T.);
#3925=ORIENTED_EDGE('',*,*,#2536,.T.);
#3926=ORIENTED_EDGE('',*,*,#2533,.T.);
#3927=ORIENTED_EDGE('',*,*,#2097,.T.);
#3928=ORIENTED_EDGE('',*,*,#2217,.T.);
#3929=ORIENTED_EDGE('',*,*,#2213,.T.);
#3930=ORIENTED_EDGE('',*,*,#2210,.T.);
#3931=ORIENTED_EDGE('',*,*,#2115,.T.);
#3932=ORIENTED_EDGE('',*,*,#2128,.T.);
#3933=ORIENTED_EDGE('',*,*,#2124,.T.);
#3934=ORIENTED_EDGE('',*,*,#2111,.T.);
#3935=ORIENTED_EDGE('',*,*,#2123,.T.);
#3936=ORIENTED_EDGE('',*,*,#2121,.T.);
#3937=ORIENTED_EDGE('',*,*,#2710,.T.);
#3938=ORIENTED_EDGE('',*,*,#2409,.T.);
#3939=ORIENTED_EDGE('',*,*,#2406,.T.);
#3940=ORIENTED_EDGE('',*,*,#2402,.T.);
#3941=ORIENTED_EDGE('',*,*,#2712,.T.);
#3942=ORIENTED_EDGE('',*,*,#2495,.T.);
#3943=ORIENTED_EDGE('',*,*,#2509,.T.);
#3944=ORIENTED_EDGE('',*,*,#2624,.T.);
#3945=ORIENTED_EDGE('',*,*,#2619,.T.);
#3946=ORIENTED_EDGE('',*,*,#2618,.T.);
#3947=ORIENTED_EDGE('',*,*,#2699,.T.);
#3948=ORIENTED_EDGE('',*,*,#2370,.F.);
#3949=ORIENTED_EDGE('',*,*,#2662,.T.);
#3950=ORIENTED_EDGE('',*,*,#2293,.T.);
#3951=ORIENTED_EDGE('',*,*,#2348,.T.);
#3952=ORIENTED_EDGE('',*,*,#2317,.T.);
#3953=ORIENTED_EDGE('',*,*,#2383,.T.);
#3954=ORIENTED_EDGE('',*,*,#2380,.T.);
#3955=ORIENTED_EDGE('',*,*,#2352,.T.);
#3956=ORIENTED_EDGE('',*,*,#2355,.T.);
#3957=ORIENTED_EDGE('',*,*,#2349,.T.);
#3958=ORIENTED_EDGE('',*,*,#2382,.T.);
#3959=ORIENTED_EDGE('',*,*,#2356,.T.);
#3960=ORIENTED_EDGE('',*,*,#2686,.T.);
#3961=ORIENTED_EDGE('',*,*,#2610,.T.);
#3962=ORIENTED_EDGE('',*,*,#2613,.T.);
#3963=ORIENTED_EDGE('',*,*,#2598,.T.);
#3964=ORIENTED_EDGE('',*,*,#2501,.T.);
#3965=ORIENTED_EDGE('',*,*,#2510,.T.);
#3966=ORIENTED_EDGE('',*,*,#2513,.T.);
#3967=ORIENTED_EDGE('',*,*,#2422,.F.);
#3968=ORIENTED_EDGE('',*,*,#2418,.T.);
#3969=ORIENTED_EDGE('',*,*,#2416,.F.);
#3970=ORIENTED_EDGE('',*,*,#2400,.T.);
#3971=ORIENTED_EDGE('',*,*,#2691,.T.);
#3972=ORIENTED_EDGE('',*,*,#2587,.F.);
#3973=ORIENTED_EDGE('',*,*,#2703,.T.);
#3974=ORIENTED_EDGE('',*,*,#2376,.T.);
#3975=ORIENTED_EDGE('',*,*,#2711,.T.);
#3976=ORIENTED_EDGE('',*,*,#2496,.F.);
#3977=ORIENTED_EDGE('',*,*,#2712,.F.);
#3978=ORIENTED_EDGE('',*,*,#2415,.F.);
#3979=PLANE('',#4344);
#3980=PLANE('',#4345);
#3981=PLANE('',#4346);
#3982=PLANE('',#4347);
#3983=PLANE('',#4348);
#3984=PLANE('',#4361);
#3985=PLANE('',#4363);
#3986=PLANE('',#4366);
#3987=PLANE('',#4367);
#3988=PLANE('',#4371);
#3989=PLANE('',#4372);
#3990=PLANE('',#4376);
#3991=PLANE('',#4383);
#3992=PLANE('',#4384);
#3993=PLANE('',#4385);
#3994=PLANE('',#4386);
#3995=PLANE('',#4387);
#3996=PLANE('',#4388);
#3997=PLANE('',#4389);
#3998=PLANE('',#4390);
#3999=PLANE('',#4391);
#4000=PLANE('',#4392);
#4001=PLANE('',#4393);
#4002=PLANE('',#4397);
#4003=PLANE('',#4404);
#4004=PLANE('',#4408);
#4005=PLANE('',#4415);
#4006=PLANE('',#4416);
#4007=PLANE('',#4417);
#4008=PLANE('',#4418);
#4009=PLANE('',#4419);
#4010=PLANE('',#4420);
#4011=PLANE('',#4421);
#4012=PLANE('',#4422);
#4013=PLANE('',#4423);
#4014=PLANE('',#4424);
#4015=PLANE('',#4425);
#4016=PLANE('',#4430);
#4017=PLANE('',#4441);
#4018=PLANE('',#4442);
#4019=PLANE('',#4443);
#4020=PLANE('',#4447);
#4021=PLANE('',#4450);
#4022=PLANE('',#4455);
#4023=PLANE('',#4457);
#4024=PLANE('',#4458);
#4025=PLANE('',#4459);
#4026=PLANE('',#4466);
#4027=PLANE('',#4472);
#4028=PLANE('',#4473);
#4029=PLANE('',#4476);
#4030=PLANE('',#4477);
#4031=PLANE('',#4478);
#4032=PLANE('',#4479);
#4033=PLANE('',#4480);
#4034=PLANE('',#4484);
#4035=PLANE('',#4485);
#4036=PLANE('',#4486);
#4037=PLANE('',#4487);
#4038=PLANE('',#4488);
#4039=PLANE('',#4489);
#4040=PLANE('',#4491);
#4041=PLANE('',#4497);
#4042=PLANE('',#4498);
#4043=PLANE('',#4502);
#4044=PLANE('',#4503);
#4045=PLANE('',#4507);
#4046=PLANE('',#4517);
#4047=PLANE('',#4521);
#4048=PLANE('',#4531);
#4049=PLANE('',#4544);
#4050=PLANE('',#4545);
#4051=PLANE('',#4549);
#4052=PLANE('',#4556);
#4053=PLANE('',#4573);
#4054=PLANE('',#4574);
#4055=PLANE('',#4578);
#4056=PLANE('',#4582);
#4057=PLANE('',#4592);
#4058=PLANE('',#4599);
#4059=PLANE('',#4603);
#4060=PLANE('',#4607);
#4061=PLANE('',#4608);
#4062=PLANE('',#4615);
#4063=PLANE('',#4618);
#4064=PLANE('',#4623);
#4065=PLANE('',#4624);
#4066=PLANE('',#4638);
#4067=PLANE('',#4642);
#4068=PLANE('',#4661);
#4069=PLANE('',#4668);
#4070=PLANE('',#4672);
#4071=PLANE('',#4673);
#4072=PLANE('',#4678);
#4073=PLANE('',#4685);
#4074=PLANE('',#4688);
#4075=PLANE('',#4696);
#4076=PLANE('',#4698);
#4077=PLANE('',#4702);
#4078=PLANE('',#4703);
#4079=PLANE('',#4706);
#4080=PLANE('',#4709);
#4081=PLANE('',#4714);
#4082=PLANE('',#4715);
#4083=PLANE('',#4716);
#4084=PLANE('',#4717);
#4085=PLANE('',#4721);
#4086=PLANE('',#4722);
#4087=PLANE('',#4726);
#4088=PLANE('',#4728);
#4089=PLANE('',#4731);
#4090=PLANE('',#4735);
#4091=PLANE('',#4736);
#4092=PLANE('',#4739);
#4093=PLANE('',#4742);
#4094=PLANE('',#4743);
#4095=PLANE('',#4744);
#4096=PLANE('',#4745);
#4097=ADVANCED_FACE('',(#422),#3979,.F.);
#4098=ADVANCED_FACE('',(#423),#3980,.F.);
#4099=ADVANCED_FACE('',(#424),#3981,.T.);
#4100=ADVANCED_FACE('',(#425),#3982,.T.);
#4101=ADVANCED_FACE('',(#426),#3983,.T.);
#4102=ADVANCED_FACE('',(#427),#339,.F.);
#4103=ADVANCED_FACE('',(#428),#340,.F.);
#4104=ADVANCED_FACE('',(#429),#3984,.T.);
#4105=ADVANCED_FACE('',(#430),#3985,.F.);
#4106=ADVANCED_FACE('',(#431),#341,.F.);
#4107=ADVANCED_FACE('',(#432),#3986,.F.);
#4108=ADVANCED_FACE('',(#433),#3987,.T.);
#4109=ADVANCED_FACE('',(#434),#342,.F.);
#4110=ADVANCED_FACE('',(#435),#3988,.F.);
#4111=ADVANCED_FACE('',(#436),#3989,.F.);
#4112=ADVANCED_FACE('',(#437),#343,.F.);
#4113=ADVANCED_FACE('',(#438),#3990,.T.);
#4114=ADVANCED_FACE('',(#439),#136,.F.);
#4115=ADVANCED_FACE('',(#440),#137,.F.);
#4116=ADVANCED_FACE('',(#441),#344,.T.);
#4117=ADVANCED_FACE('',(#442),#345,.T.);
#4118=ADVANCED_FACE('',(#443),#3991,.T.);
#4119=ADVANCED_FACE('',(#444),#3992,.T.);
#4120=ADVANCED_FACE('',(#445),#3993,.T.);
#4121=ADVANCED_FACE('',(#446),#3994,.T.);
#4122=ADVANCED_FACE('',(#447),#3995,.F.);
#4123=ADVANCED_FACE('',(#448),#3996,.F.);
#4124=ADVANCED_FACE('',(#449),#3997,.T.);
#4125=ADVANCED_FACE('',(#450),#3998,.T.);
#4126=ADVANCED_FACE('',(#451),#3999,.F.);
#4127=ADVANCED_FACE('',(#452),#4000,.F.);
#4128=ADVANCED_FACE('',(#453),#138,.F.);
#4129=ADVANCED_FACE('',(#454),#139,.F.);
#4130=ADVANCED_FACE('',(#455),#140,.F.);
#4131=ADVANCED_FACE('',(#456),#141,.F.);
#4132=ADVANCED_FACE('',(#457),#142,.F.);
#4133=ADVANCED_FACE('',(#458),#143,.F.);
#4134=ADVANCED_FACE('',(#459),#144,.F.);
#4135=ADVANCED_FACE('',(#460),#145,.F.);
#4136=ADVANCED_FACE('',(#461),#146,.F.);
#4137=ADVANCED_FACE('',(#462),#4001,.F.);
#4138=ADVANCED_FACE('',(#463),#346,.T.);
#4139=ADVANCED_FACE('',(#464),#4002,.F.);
#4140=ADVANCED_FACE('',(#465),#347,.T.);
#4141=ADVANCED_FACE('',(#466),#348,.T.);
#4142=ADVANCED_FACE('',(#467),#4003,.F.);
#4143=ADVANCED_FACE('',(#468),#349,.T.);
#4144=ADVANCED_FACE('',(#469),#4004,.F.);
#4145=ADVANCED_FACE('',(#470),#350,.T.);
#4146=ADVANCED_FACE('',(#471),#351,.T.);
#4147=ADVANCED_FACE('',(#472),#4005,.T.);
#4148=ADVANCED_FACE('',(#473),#4006,.T.);
#4149=ADVANCED_FACE('',(#474),#4007,.T.);
#4150=ADVANCED_FACE('',(#475),#4008,.T.);
#4151=ADVANCED_FACE('',(#476),#4009,.F.);
#4152=ADVANCED_FACE('',(#477),#4010,.F.);
#4153=ADVANCED_FACE('',(#478),#4011,.T.);
#4154=ADVANCED_FACE('',(#479),#4012,.T.);
#4155=ADVANCED_FACE('',(#480),#4013,.F.);
#4156=ADVANCED_FACE('',(#481),#4014,.F.);
#4157=ADVANCED_FACE('',(#482),#147,.F.);
#4158=ADVANCED_FACE('',(#483),#148,.F.);
#4159=ADVANCED_FACE('',(#484),#149,.F.);
#4160=ADVANCED_FACE('',(#485),#150,.F.);
#4161=ADVANCED_FACE('',(#486),#151,.F.);
#4162=ADVANCED_FACE('',(#487),#152,.F.);
#4163=ADVANCED_FACE('',(#488),#153,.F.);
#4164=ADVANCED_FACE('',(#489),#154,.F.);
#4165=ADVANCED_FACE('',(#490),#155,.F.);
#4166=ADVANCED_FACE('',(#491),#4015,.T.);
#4167=ADVANCED_FACE('',(#492),#156,.T.);
#4168=ADVANCED_FACE('',(#493),#157,.T.);
#4169=ADVANCED_FACE('',(#494),#352,.T.);
#4170=ADVANCED_FACE('',(#495),#4016,.F.);
#4171=ADVANCED_FACE('',(#496),#158,.F.);
#4172=ADVANCED_FACE('',(#497),#353,.F.);
#4173=ADVANCED_FACE('',(#498),#354,.F.);
#4174=ADVANCED_FACE('',(#499),#54,.F.);
#4175=ADVANCED_FACE('',(#500),#4017,.T.);
#4176=ADVANCED_FACE('',(#501),#4018,.F.);
#4177=ADVANCED_FACE('',(#502),#4019,.T.);
#4178=ADVANCED_FACE('',(#503),#46,.F.);
#4179=ADVANCED_FACE('',(#504),#4020,.T.);
#4180=ADVANCED_FACE('',(#505),#355,.F.);
#4181=ADVANCED_FACE('',(#506),#4021,.F.);
#4182=ADVANCED_FACE('',(#507),#356,.F.);
#4183=ADVANCED_FACE('',(#508),#4022,.T.);
#4184=ADVANCED_FACE('',(#509),#4023,.F.);
#4185=ADVANCED_FACE('',(#510),#4024,.T.);
#4186=ADVANCED_FACE('',(#511),#4025,.F.);
#4187=ADVANCED_FACE('',(#512),#357,.T.);
#4188=ADVANCED_FACE('',(#513),#47,.T.);
#4189=ADVANCED_FACE('',(#514),#4026,.F.);
#4190=ADVANCED_FACE('',(#515),#48,.F.);
#4191=ADVANCED_FACE('',(#516),#358,.T.);
#4192=ADVANCED_FACE('',(#517),#4027,.T.);
#4193=ADVANCED_FACE('',(#518),#4028,.T.);
#4194=ADVANCED_FACE('',(#519),#359,.T.);
#4195=ADVANCED_FACE('',(#520),#4029,.F.);
#4196=ADVANCED_FACE('',(#521),#4030,.F.);
#4197=ADVANCED_FACE('',(#522),#4031,.F.);
#4198=ADVANCED_FACE('',(#523),#4032,.F.);
#4199=ADVANCED_FACE('',(#524),#4033,.T.);
#4200=ADVANCED_FACE('',(#525),#360,.T.);
#4201=ADVANCED_FACE('',(#526),#4034,.F.);
#4202=ADVANCED_FACE('',(#527),#4035,.F.);
#4203=ADVANCED_FACE('',(#528),#4036,.F.);
#4204=ADVANCED_FACE('',(#529),#4037,.F.);
#4205=ADVANCED_FACE('',(#530),#4038,.F.);
#4206=ADVANCED_FACE('',(#531,#15),#4039,.F.);
#4207=ADVANCED_FACE('',(#532,#16),#4040,.T.);
#4208=ADVANCED_FACE('',(#533),#361,.F.);
#4209=ADVANCED_FACE('',(#534),#362,.F.);
#4210=ADVANCED_FACE('',(#535),#4041,.T.);
#4211=ADVANCED_FACE('',(#536),#4042,.F.);
#4212=ADVANCED_FACE('',(#537),#363,.F.);
#4213=ADVANCED_FACE('',(#538),#4043,.F.);
#4214=ADVANCED_FACE('',(#539),#4044,.F.);
#4215=ADVANCED_FACE('',(#540),#364,.F.);
#4216=ADVANCED_FACE('',(#541),#4045,.F.);
#4217=ADVANCED_FACE('',(#542),#365,.F.);
#4218=ADVANCED_FACE('',(#543),#366,.T.);
#4219=ADVANCED_FACE('',(#544),#367,.T.);
#4220=ADVANCED_FACE('',(#545),#4046,.F.);
#4221=ADVANCED_FACE('',(#546),#4047,.F.);
#4222=ADVANCED_FACE('',(#547),#368,.T.);
#4223=ADVANCED_FACE('',(#548),#49,.F.);
#4224=ADVANCED_FACE('',(#549),#369,.T.);
#4225=ADVANCED_FACE('',(#550),#4048,.F.);
#4226=ADVANCED_FACE('',(#551),#370,.F.);
#4227=ADVANCED_FACE('',(#552),#371,.F.);
#4228=ADVANCED_FACE('',(#553),#372,.F.);
#4229=ADVANCED_FACE('',(#554,#17,#18,#19),#373,.F.);
#4230=ADVANCED_FACE('',(#555,#20),#4049,.F.);
#4231=ADVANCED_FACE('',(#556),#4050,.F.);
#4232=ADVANCED_FACE('',(#557),#374,.F.);
#4233=ADVANCED_FACE('',(#558,#21),#4051,.F.);
#4234=ADVANCED_FACE('',(#559),#375,.F.);
#4235=ADVANCED_FACE('',(#560),#376,.F.);
#4236=ADVANCED_FACE('',(#561),#4052,.F.);
#4237=ADVANCED_FACE('',(#562),#377,.F.);
#4238=ADVANCED_FACE('',(#563),#378,.T.);
#4239=ADVANCED_FACE('',(#564),#379,.F.);
#4240=ADVANCED_FACE('',(#565),#380,.T.);
#4241=ADVANCED_FACE('',(#566),#4053,.F.);
#4242=ADVANCED_FACE('',(#567,#22),#4054,.F.);
#4243=ADVANCED_FACE('',(#568),#381,.F.);
#4244=ADVANCED_FACE('',(#569,#23),#4055,.F.);
#4245=ADVANCED_FACE('',(#570),#382,.F.);
#4246=ADVANCED_FACE('',(#571),#4056,.F.);
#4247=ADVANCED_FACE('',(#572),#383,.F.);
#4248=ADVANCED_FACE('',(#573),#384,.F.);
#4249=ADVANCED_FACE('',(#574),#385,.F.);
#4250=ADVANCED_FACE('',(#575),#4057,.T.);
#4251=ADVANCED_FACE('',(#576),#386,.F.);
#4252=ADVANCED_FACE('',(#577),#387,.F.);
#4253=ADVANCED_FACE('',(#578),#4058,.T.);
#4254=ADVANCED_FACE('',(#579),#388,.F.);
#4255=ADVANCED_FACE('',(#580,#24),#4059,.F.);
#4256=ADVANCED_FACE('',(#581),#389,.F.);
#4257=ADVANCED_FACE('',(#582,#25),#4060,.F.);
#4258=ADVANCED_FACE('',(#583,#26,#27,#28),#4061,.T.);
#4259=ADVANCED_FACE('',(#584),#390,.F.);
#4260=ADVANCED_FACE('',(#585),#4062,.F.);
#4261=ADVANCED_FACE('',(#586),#391,.F.);
#4262=ADVANCED_FACE('',(#587),#4063,.F.);
#4263=ADVANCED_FACE('',(#588),#392,.F.);
#4264=ADVANCED_FACE('',(#589),#393,.F.);
#4265=ADVANCED_FACE('',(#590),#4064,.F.);
#4266=ADVANCED_FACE('',(#591,#29,#30),#4065,.T.);
#4267=ADVANCED_FACE('',(#592),#394,.F.);
#4268=ADVANCED_FACE('',(#593),#395,.T.);
#4269=ADVANCED_FACE('',(#594),#396,.F.);
#4270=ADVANCED_FACE('',(#595),#50,.F.);
#4271=ADVANCED_FACE('',(#596),#51,.T.);
#4272=ADVANCED_FACE('',(#597),#52,.F.);
#4273=ADVANCED_FACE('',(#598),#4066,.T.);
#4274=ADVANCED_FACE('',(#599),#397,.F.);
#4275=ADVANCED_FACE('',(#600),#4067,.T.);
#4276=ADVANCED_FACE('',(#601),#398,.F.);
#4277=ADVANCED_FACE('',(#602),#399,.F.);
#4278=ADVANCED_FACE('',(#603),#400,.F.);
#4279=ADVANCED_FACE('',(#604),#401,.F.);
#4280=ADVANCED_FACE('',(#605),#402,.F.);
#4281=ADVANCED_FACE('',(#606),#403,.F.);
#4282=ADVANCED_FACE('',(#607),#4068,.T.);
#4283=ADVANCED_FACE('',(#608),#404,.T.);
#4284=ADVANCED_FACE('',(#609),#405,.T.);
#4285=ADVANCED_FACE('',(#610),#4069,.F.);
#4286=ADVANCED_FACE('',(#611),#406,.T.);
#4287=ADVANCED_FACE('',(#612),#4070,.T.);
#4288=ADVANCED_FACE('',(#613),#4071,.F.);
#4289=ADVANCED_FACE('',(#614),#407,.F.);
#4290=ADVANCED_FACE('',(#615),#4072,.F.);
#4291=ADVANCED_FACE('',(#616),#408,.F.);
#4292=ADVANCED_FACE('',(#617),#409,.T.);
#4293=ADVANCED_FACE('',(#618),#4073,.T.);
#4294=ADVANCED_FACE('',(#619),#410,.F.);
#4295=ADVANCED_FACE('',(#620,#31),#4074,.T.);
#4296=ADVANCED_FACE('',(#621),#411,.F.);
#4297=ADVANCED_FACE('',(#622),#412,.F.);
#4298=ADVANCED_FACE('',(#623,#32),#4075,.F.);
#4299=ADVANCED_FACE('',(#624),#4076,.F.);
#4300=ADVANCED_FACE('',(#625),#4077,.T.);
#4301=ADVANCED_FACE('',(#626),#4078,.F.);
#4302=ADVANCED_FACE('',(#627),#413,.F.);
#4303=ADVANCED_FACE('',(#628),#4079,.F.);
#4304=ADVANCED_FACE('',(#629),#414,.F.);
#4305=ADVANCED_FACE('',(#630),#4080,.F.);
#4306=ADVANCED_FACE('',(#631),#415,.T.);
#4307=ADVANCED_FACE('',(#632),#4081,.T.);
#4308=ADVANCED_FACE('',(#633),#4082,.F.);
#4309=ADVANCED_FACE('',(#634),#4083,.T.);
#4310=ADVANCED_FACE('',(#635,#33,#34,#35,#36),#4084,.F.);
#4311=ADVANCED_FACE('',(#636),#53,.F.);
#4312=ADVANCED_FACE('',(#637),#416,.F.);
#4313=ADVANCED_FACE('',(#638),#4085,.F.);
#4314=ADVANCED_FACE('',(#639,#37),#4086,.F.);
#4315=ADVANCED_FACE('',(#640),#417,.F.);
#4316=ADVANCED_FACE('',(#641,#38),#4087,.F.);
#4317=ADVANCED_FACE('',(#642,#39),#4088,.T.);
#4318=ADVANCED_FACE('',(#643),#418,.F.);
#4319=ADVANCED_FACE('',(#644,#40,#41),#4089,.T.);
#4320=ADVANCED_FACE('',(#645),#419,.F.);
#4321=ADVANCED_FACE('',(#646),#4090,.F.);
#4322=ADVANCED_FACE('',(#647,#42),#4091,.F.);
#4323=ADVANCED_FACE('',(#648),#420,.F.);
#4324=ADVANCED_FACE('',(#649),#4092,.F.);
#4325=ADVANCED_FACE('',(#650),#421,.F.);
#4326=ADVANCED_FACE('',(#651,#43,#44),#4093,.T.);
#4327=ADVANCED_FACE('',(#652,#45),#4094,.F.);
#4328=ADVANCED_FACE('',(#653),#4095,.T.);
#4329=ADVANCED_FACE('',(#654),#4096,.F.);
#4330=CLOSED_SHELL('',(#4097,#4098,#4099,#4100,#4101,#4102,#4103,#4104,
#4105,#4106,#4107,#4108,#4109,#4110,#4111,#4112,#4113,#4114,#4115,#4116,
#4117,#4118,#4119,#4120,#4121,#4122,#4123,#4124,#4125,#4126,#4127,#4128,
#4129,#4130,#4131,#4132,#4133,#4134,#4135,#4136,#4137,#4138,#4139,#4140,
#4141,#4142,#4143,#4144,#4145,#4146,#4147,#4148,#4149,#4150,#4151,#4152,
#4153,#4154,#4155,#4156,#4157,#4158,#4159,#4160,#4161,#4162,#4163,#4164,
#4165,#4166,#4167,#4168,#4169,#4170,#4171,#4172,#4173,#4174,#4175,#4176,
#4177,#4178,#4179,#4180,#4181,#4182,#4183,#4184,#4185,#4186,#4187,#4188,
#4189,#4190,#4191,#4192,#4193,#4194,#4195,#4196,#4197,#4198,#4199,#4200,
#4201,#4202,#4203,#4204,#4205,#4206,#4207,#4208,#4209,#4210,#4211,#4212,
#4213,#4214,#4215,#4216,#4217,#4218,#4219,#4220,#4221,#4222,#4223,#4224,
#4225,#4226,#4227,#4228,#4229,#4230,#4231,#4232,#4233,#4234,#4235,#4236,
#4237,#4238,#4239,#4240,#4241,#4242,#4243,#4244,#4245,#4246,#4247,#4248,
#4249,#4250,#4251,#4252,#4253,#4254,#4255,#4256,#4257,#4258,#4259,#4260,
#4261,#4262,#4263,#4264,#4265,#4266,#4267,#4268,#4269,#4270,#4271,#4272,
#4273,#4274,#4275,#4276,#4277,#4278,#4279,#4280,#4281,#4282,#4283,#4284,
#4285,#4286,#4287,#4288,#4289,#4290,#4291,#4292,#4293,#4294,#4295,#4296,
#4297,#4298,#4299,#4300,#4301,#4302,#4303,#4304,#4305,#4306,#4307,#4308,
#4309,#4310,#4311,#4312,#4313,#4314,#4315,#4316,#4317,#4318,#4319,#4320,
#4321,#4322,#4323,#4324,#4325,#4326,#4327,#4328,#4329));
#4331=DERIVED_UNIT_ELEMENT(#4333,1.);
#4332=DERIVED_UNIT_ELEMENT(#8833,-3.);
#4333=(
MASS_UNIT()
NAMED_UNIT(*)
SI_UNIT(.KILO.,.GRAM.)
);
#4334=DERIVED_UNIT((#4331,#4332));
#4335=MEASURE_REPRESENTATION_ITEM('density measure',
POSITIVE_RATIO_MEASURE(7850.),#4334);
#4336=PROPERTY_DEFINITION_REPRESENTATION(#4341,#4338);
#4337=PROPERTY_DEFINITION_REPRESENTATION(#4342,#4339);
#4338=REPRESENTATION('material name',(#4340),#8830);
#4339=REPRESENTATION('density',(#4335),#8830);
#4340=DESCRIPTIVE_REPRESENTATION_ITEM('Steel','Steel');
#4341=PROPERTY_DEFINITION('material property','material name',#8840);
#4342=PROPERTY_DEFINITION('material property','density of part',#8840);
#4343=AXIS2_PLACEMENT_3D('',#5924,#4746,#4747);
#4344=AXIS2_PLACEMENT_3D('',#5925,#4748,#4749);
#4345=AXIS2_PLACEMENT_3D('',#5934,#4754,#4755);
#4346=AXIS2_PLACEMENT_3D('',#5943,#4760,#4761);
#4347=AXIS2_PLACEMENT_3D('',#5952,#4766,#4767);
#4348=AXIS2_PLACEMENT_3D('',#5961,#4772,#4773);
#4349=AXIS2_PLACEMENT_3D('',#5970,#4778,#4779);
#4350=AXIS2_PLACEMENT_3D('',#5975,#4781,#4782);
#4351=AXIS2_PLACEMENT_3D('',#5979,#4784,#4785);
#4352=AXIS2_PLACEMENT_3D('',#5983,#4787,#4788);
#4353=AXIS2_PLACEMENT_3D('',#5987,#4790,#4791);
#4354=AXIS2_PLACEMENT_3D('',#5991,#4793,#4794);
#4355=AXIS2_PLACEMENT_3D('',#5995,#4796,#4797);
#4356=AXIS2_PLACEMENT_3D('',#5999,#4799,#4800);
#4357=AXIS2_PLACEMENT_3D('',#6002,#4802,#4803);
#4358=AXIS2_PLACEMENT_3D('',#6003,#4804,#4805);
#4359=AXIS2_PLACEMENT_3D('',#6005,#4806,#4807);
#4360=AXIS2_PLACEMENT_3D('',#6008,#4809,#4810);
#4361=AXIS2_PLACEMENT_3D('',#6009,#4811,#4812);
#4362=AXIS2_PLACEMENT_3D('',#6012,#4814,#4815);
#4363=AXIS2_PLACEMENT_3D('',#6013,#4816,#4817);
#4364=AXIS2_PLACEMENT_3D('',#6017,#4820,#4821);
#4365=AXIS2_PLACEMENT_3D('',#6018,#4822,#4823);
#4366=AXIS2_PLACEMENT_3D('',#6019,#4824,#4825);
#4367=AXIS2_PLACEMENT_3D('',#6025,#4829,#4830);
#4368=AXIS2_PLACEMENT_3D('',#6026,#4831,#4832);
#4369=AXIS2_PLACEMENT_3D('',#6027,#4833,#4834);
#4370=AXIS2_PLACEMENT_3D('',#6028,#4835,#4836);
#4371=AXIS2_PLACEMENT_3D('',#6029,#4837,#4838);
#4372=AXIS2_PLACEMENT_3D('',#6035,#4842,#4843);
#4373=AXIS2_PLACEMENT_3D('',#6041,#4847,#4848);
#4374=AXIS2_PLACEMENT_3D('',#6042,#4849,#4850);
#4375=AXIS2_PLACEMENT_3D('',#6043,#4851,#4852);
#4376=AXIS2_PLACEMENT_3D('',#6044,#4853,#4854);
#4377=AXIS2_PLACEMENT_3D('',#6181,#4855,#4856);
#4378=AXIS2_PLACEMENT_3D('',#6183,#4857,#4858);
#4379=AXIS2_PLACEMENT_3D('',#6186,#4860,#4861);
#4380=AXIS2_PLACEMENT_3D('',#6187,#4862,#4863);
#4381=AXIS2_PLACEMENT_3D('',#6189,#4864,#4865);
#4382=AXIS2_PLACEMENT_3D('',#6192,#4867,#4868);
#4383=AXIS2_PLACEMENT_3D('',#6193,#4869,#4870);
#4384=AXIS2_PLACEMENT_3D('',#6202,#4875,#4876);
#4385=AXIS2_PLACEMENT_3D('',#6206,#4879,#4880);
#4386=AXIS2_PLACEMENT_3D('',#6215,#4885,#4886);
#4387=AXIS2_PLACEMENT_3D('',#6219,#4889,#4890);
#4388=AXIS2_PLACEMENT_3D('',#6228,#4895,#4896);
#4389=AXIS2_PLACEMENT_3D('',#6232,#4899,#4900);
#4390=AXIS2_PLACEMENT_3D('',#6241,#4905,#4906);
#4391=AXIS2_PLACEMENT_3D('',#6245,#4909,#4910);
#4392=AXIS2_PLACEMENT_3D('',#6254,#4915,#4916);
#4393=AXIS2_PLACEMENT_3D('',#6909,#4919,#4920);
#4394=AXIS2_PLACEMENT_3D('',#6915,#4924,#4925);
#4395=AXIS2_PLACEMENT_3D('',#6917,#4926,#4927);
#4396=AXIS2_PLACEMENT_3D('',#6920,#4929,#4930);
#4397=AXIS2_PLACEMENT_3D('',#6921,#4931,#4932);
#4398=AXIS2_PLACEMENT_3D('',#6927,#4936,#4937);
#4399=AXIS2_PLACEMENT_3D('',#6928,#4938,#4939);
#4400=AXIS2_PLACEMENT_3D('',#6929,#4940,#4941);
#4401=AXIS2_PLACEMENT_3D('',#6930,#4942,#4943);
#4402=AXIS2_PLACEMENT_3D('',#6931,#4944,#4945);
#4403=AXIS2_PLACEMENT_3D('',#6932,#4946,#4947);
#4404=AXIS2_PLACEMENT_3D('',#6933,#4948,#4949);
#4405=AXIS2_PLACEMENT_3D('',#6939,#4953,#4954);
#4406=AXIS2_PLACEMENT_3D('',#6944,#4956,#4957);
#4407=AXIS2_PLACEMENT_3D('',#6947,#4959,#4960);
#4408=AXIS2_PLACEMENT_3D('',#6948,#4961,#4962);
#4409=AXIS2_PLACEMENT_3D('',#6954,#4966,#4967);
#4410=AXIS2_PLACEMENT_3D('',#6955,#4968,#4969);
#4411=AXIS2_PLACEMENT_3D('',#6956,#4970,#4971);
#4412=AXIS2_PLACEMENT_3D('',#6957,#4972,#4973);
#4413=AXIS2_PLACEMENT_3D('',#6958,#4974,#4975);
#4414=AXIS2_PLACEMENT_3D('',#6959,#4976,#4977);
#4415=AXIS2_PLACEMENT_3D('',#6960,#4978,#4979);
#4416=AXIS2_PLACEMENT_3D('',#6964,#4982,#4983);
#4417=AXIS2_PLACEMENT_3D('',#6966,#4985,#4986);
#4418=AXIS2_PLACEMENT_3D('',#6970,#4989,#4990);
#4419=AXIS2_PLACEMENT_3D('',#6972,#4992,#4993);
#4420=AXIS2_PLACEMENT_3D('',#6976,#4996,#4997);
#4421=AXIS2_PLACEMENT_3D('',#6978,#4999,#5000);
#4422=AXIS2_PLACEMENT_3D('',#6982,#5003,#5004);
#4423=AXIS2_PLACEMENT_3D('',#6984,#5006,#5007);
#4424=AXIS2_PLACEMENT_3D('',#6988,#5010,#5011);
#4425=AXIS2_PLACEMENT_3D('',#7732,#5013,#5014);
#4426=AXIS2_PLACEMENT_3D('',#7764,#5018,#5019);
#4427=AXIS2_PLACEMENT_3D('',#7825,#5020,#5021);
#4428=AXIS2_PLACEMENT_3D('',#7829,#5023,#5024);
#4429=AXIS2_PLACEMENT_3D('',#7832,#5026,#5027);
#4430=AXIS2_PLACEMENT_3D('',#7833,#5028,#5029);
#4431=AXIS2_PLACEMENT_3D('',#7879,#5033,#5034);
#4432=AXIS2_PLACEMENT_3D('',#7880,#5035,#5036);
#4433=AXIS2_PLACEMENT_3D('',#7882,#5037,#5038);
#4434=AXIS2_PLACEMENT_3D('',#7887,#5039,#5040);
#4435=AXIS2_PLACEMENT_3D('',#7888,#5041,#5042);
#4436=AXIS2_PLACEMENT_3D('',#7890,#5043,#5044);
#4437=AXIS2_PLACEMENT_3D('',#7909,#5047,#5048);
#4438=AXIS2_PLACEMENT_3D('',#7911,#5049,#5050);
#4439=AXIS2_PLACEMENT_3D('',#7918,#5051,#5052);
#4440=AXIS2_PLACEMENT_3D('',#7930,#5053,#5054);
#4441=AXIS2_PLACEMENT_3D('',#7931,#5055,#5056);
#4442=AXIS2_PLACEMENT_3D('',#7937,#5060,#5061);
#4443=AXIS2_PLACEMENT_3D('',#7939,#5063,#5064);
#4444=AXIS2_PLACEMENT_3D('',#7948,#5069,#5070);
#4445=AXIS2_PLACEMENT_3D('',#7952,#5072,#5073);
#4446=AXIS2_PLACEMENT_3D('',#7953,#5074,#5075);
#4447=AXIS2_PLACEMENT_3D('',#7954,#5076,#5077);
#4448=AXIS2_PLACEMENT_3D('',#7960,#5081,#5082);
#4449=AXIS2_PLACEMENT_3D('',#7964,#5084,#5085);
#4450=AXIS2_PLACEMENT_3D('',#7966,#5087,#5088);
#4451=AXIS2_PLACEMENT_3D('',#7970,#5091,#5092);
#4452=AXIS2_PLACEMENT_3D('',#7972,#5093,#5094);
#4453=AXIS2_PLACEMENT_3D('',#7976,#5096,#5097);
#4454=AXIS2_PLACEMENT_3D('',#7980,#5099,#5100);
#4455=AXIS2_PLACEMENT_3D('',#7982,#5102,#5103);
#4456=AXIS2_PLACEMENT_3D('',#7986,#5105,#5106);
#4457=AXIS2_PLACEMENT_3D('',#7988,#5108,#5109);
#4458=AXIS2_PLACEMENT_3D('',#8006,#5119,#5120);
#4459=AXIS2_PLACEMENT_3D('',#8012,#5124,#5125);
#4460=AXIS2_PLACEMENT_3D('',#8013,#5126,#5127);
#4461=AXIS2_PLACEMENT_3D('',#8014,#5128,#5129);
#4462=AXIS2_PLACEMENT_3D('',#8015,#5130,#5131);
#4463=AXIS2_PLACEMENT_3D('',#8016,#5132,#5133);
#4464=AXIS2_PLACEMENT_3D('',#8023,#5134,#5135);
#4465=AXIS2_PLACEMENT_3D('',#8042,#5136,#5137);
#4466=AXIS2_PLACEMENT_3D('',#8055,#5138,#5139);
#4467=AXIS2_PLACEMENT_3D('',#8056,#5140,#5141);
#4468=AXIS2_PLACEMENT_3D('',#8057,#5142,#5143);
#4469=AXIS2_PLACEMENT_3D('',#8072,#5144,#5145);
#4470=AXIS2_PLACEMENT_3D('',#8086,#5146,#5147);
#4471=AXIS2_PLACEMENT_3D('',#8087,#5148,#5149);
#4472=AXIS2_PLACEMENT_3D('',#8088,#5150,#5151);
#4473=AXIS2_PLACEMENT_3D('',#8094,#5155,#5156);
#4474=AXIS2_PLACEMENT_3D('',#8100,#5160,#5161);
#4475=AXIS2_PLACEMENT_3D('',#8101,#5162,#5163);
#4476=AXIS2_PLACEMENT_3D('',#8102,#5164,#5165);
#4477=AXIS2_PLACEMENT_3D('',#8106,#5168,#5169);
#4478=AXIS2_PLACEMENT_3D('',#8115,#5174,#5175);
#4479=AXIS2_PLACEMENT_3D('',#8124,#5180,#5181);
#4480=AXIS2_PLACEMENT_3D('',#8127,#5184,#5185);
#4481=AXIS2_PLACEMENT_3D('',#8150,#5198,#5199);
#4482=AXIS2_PLACEMENT_3D('',#8152,#5200,#5201);
#4483=AXIS2_PLACEMENT_3D('',#8154,#5203,#5204);
#4484=AXIS2_PLACEMENT_3D('',#8155,#5205,#5206);
#4485=AXIS2_PLACEMENT_3D('',#8157,#5208,#5209);
#4486=AXIS2_PLACEMENT_3D('',#8166,#5214,#5215);
#4487=AXIS2_PLACEMENT_3D('',#8172,#5219,#5220);
#4488=AXIS2_PLACEMENT_3D('',#8178,#5224,#5225);
#4489=AXIS2_PLACEMENT_3D('',#8181,#5228,#5229);
#4490=AXIS2_PLACEMENT_3D('',#8183,#5230,#5231);
#4491=AXIS2_PLACEMENT_3D('',#8184,#5232,#5233);
#4492=AXIS2_PLACEMENT_3D('',#8186,#5234,#5235);
#4493=AXIS2_PLACEMENT_3D('',#8187,#5236,#5237);
#4494=AXIS2_PLACEMENT_3D('',#8190,#5239,#5240);
#4495=AXIS2_PLACEMENT_3D('',#8191,#5241,#5242);
#4496=AXIS2_PLACEMENT_3D('',#8193,#5243,#5244);
#4497=AXIS2_PLACEMENT_3D('',#8195,#5246,#5247);
#4498=AXIS2_PLACEMENT_3D('',#8196,#5248,#5249);
#4499=AXIS2_PLACEMENT_3D('',#8205,#5254,#5255);
#4500=AXIS2_PLACEMENT_3D('',#8207,#5256,#5257);
#4501=AXIS2_PLACEMENT_3D('',#8210,#5259,#5260);
#4502=AXIS2_PLACEMENT_3D('',#8211,#5261,#5262);
#4503=AXIS2_PLACEMENT_3D('',#8217,#5266,#5267);
#4504=AXIS2_PLACEMENT_3D('',#8221,#5270,#5271);
#4505=AXIS2_PLACEMENT_3D('',#8224,#5272,#5273);
#4506=AXIS2_PLACEMENT_3D('',#8228,#5275,#5276);
#4507=AXIS2_PLACEMENT_3D('',#8230,#5278,#5279);
#4508=AXIS2_PLACEMENT_3D('',#8236,#5283,#5284);
#4509=AXIS2_PLACEMENT_3D('',#8238,#5285,#5286);
#4510=AXIS2_PLACEMENT_3D('',#8240,#5287,#5288);
#4511=AXIS2_PLACEMENT_3D('',#8242,#5290,#5291);
#4512=AXIS2_PLACEMENT_3D('',#8244,#5292,#5293);
#4513=AXIS2_PLACEMENT_3D('',#8247,#5295,#5296);
#4514=AXIS2_PLACEMENT_3D('',#8248,#5297,#5298);
#4515=AXIS2_PLACEMENT_3D('',#8250,#5299,#5300);
#4516=AXIS2_PLACEMENT_3D('',#8253,#5302,#5303);
#4517=AXIS2_PLACEMENT_3D('',#8254,#5304,#5305);
#4518=AXIS2_PLACEMENT_3D('',#8262,#5309,#5310);
#4519=AXIS2_PLACEMENT_3D('',#8264,#5311,#5312);
#4520=AXIS2_PLACEMENT_3D('',#8266,#5313,#5314);
#4521=AXIS2_PLACEMENT_3D('',#8268,#5316,#5317);
#4522=AXIS2_PLACEMENT_3D('',#8274,#5321,#5322);
#4523=AXIS2_PLACEMENT_3D('',#8285,#5324,#5325);
#4524=AXIS2_PLACEMENT_3D('',#8287,#5327,#5328);
#4525=AXIS2_PLACEMENT_3D('',#8290,#5329,#5330);
#4526=AXIS2_PLACEMENT_3D('',#8291,#5331,#5332);
#4527=AXIS2_PLACEMENT_3D('',#8293,#5333,#5334);
#4528=AXIS2_PLACEMENT_3D('',#8300,#5335,#5336);
#4529=AXIS2_PLACEMENT_3D('',#8304,#5338,#5339);
#4530=AXIS2_PLACEMENT_3D('',#8307,#5341,#5342);
#4531=AXIS2_PLACEMENT_3D('',#8308,#5343,#5344);
#4532=AXIS2_PLACEMENT_3D('',#8317,#5349,#5350);
#4533=AXIS2_PLACEMENT_3D('',#8319,#5351,#5352);
#4534=AXIS2_PLACEMENT_3D('',#8322,#5354,#5355);
#4535=AXIS2_PLACEMENT_3D('',#8323,#5356,#5357);
#4536=AXIS2_PLACEMENT_3D('',#8325,#5358,#5359);
#4537=AXIS2_PLACEMENT_3D('',#8328,#5361,#5362);
#4538=AXIS2_PLACEMENT_3D('',#8329,#5363,#5364);
#4539=AXIS2_PLACEMENT_3D('',#8331,#5365,#5366);
#4540=AXIS2_PLACEMENT_3D('',#8334,#5368,#5369);
#4541=AXIS2_PLACEMENT_3D('',#8335,#5370,#5371);
#4542=AXIS2_PLACEMENT_3D('',#8337,#5372,#5373);
#4543=AXIS2_PLACEMENT_3D('',#8341,#5376,#5377);
#4544=AXIS2_PLACEMENT_3D('',#8342,#5378,#5379);
#4545=AXIS2_PLACEMENT_3D('',#8351,#5384,#5385);
#4546=AXIS2_PLACEMENT_3D('',#8360,#5390,#5391);
#4547=AXIS2_PLACEMENT_3D('',#8362,#5392,#5393);
#4548=AXIS2_PLACEMENT_3D('',#8365,#5395,#5396);
#4549=AXIS2_PLACEMENT_3D('',#8366,#5397,#5398);
#4550=AXIS2_PLACEMENT_3D('',#8372,#5402,#5403);
#4551=AXIS2_PLACEMENT_3D('',#8374,#5404,#5405);
#4552=AXIS2_PLACEMENT_3D('',#8376,#5406,#5407);
#4553=AXIS2_PLACEMENT_3D('',#8378,#5409,#5410);
#4554=AXIS2_PLACEMENT_3D('',#8381,#5411,#5412);
#4555=AXIS2_PLACEMENT_3D('',#8385,#5414,#5415);
#4556=AXIS2_PLACEMENT_3D('',#8387,#5417,#5418);
#4557=AXIS2_PLACEMENT_3D('',#8393,#5422,#5423);
#4558=AXIS2_PLACEMENT_3D('',#8394,#5424,#5425);
#4559=AXIS2_PLACEMENT_3D('',#8395,#5426,#5427);
#4560=AXIS2_PLACEMENT_3D('',#8396,#5428,#5429);
#4561=AXIS2_PLACEMENT_3D('',#8399,#5430,#5431);
#4562=AXIS2_PLACEMENT_3D('',#8403,#5433,#5434);
#4563=AXIS2_PLACEMENT_3D('',#8405,#5436,#5437);
#4564=AXIS2_PLACEMENT_3D('',#8407,#5438,#5439);
#4565=AXIS2_PLACEMENT_3D('',#8411,#5441,#5442);
#4566=AXIS2_PLACEMENT_3D('',#8415,#5444,#5445);
#4567=AXIS2_PLACEMENT_3D('',#8419,#5447,#5448);
#4568=AXIS2_PLACEMENT_3D('',#8423,#5450,#5451);
#4569=AXIS2_PLACEMENT_3D('',#8426,#5453,#5454);
#4570=AXIS2_PLACEMENT_3D('',#8427,#5455,#5456);
#4571=AXIS2_PLACEMENT_3D('',#8429,#5457,#5458);
#4572=AXIS2_PLACEMENT_3D('',#8431,#5459,#5460);
#4573=AXIS2_PLACEMENT_3D('',#8433,#5462,#5463);
#4574=AXIS2_PLACEMENT_3D('',#8436,#5466,#5467);
#4575=AXIS2_PLACEMENT_3D('',#8438,#5468,#5469);
#4576=AXIS2_PLACEMENT_3D('',#8441,#5472,#5473);
#4577=AXIS2_PLACEMENT_3D('',#8442,#5474,#5475);
#4578=AXIS2_PLACEMENT_3D('',#8443,#5476,#5477);
#4579=AXIS2_PLACEMENT_3D('',#8449,#5481,#5482);
#4580=AXIS2_PLACEMENT_3D('',#8451,#5483,#5484);
#4581=AXIS2_PLACEMENT_3D('',#8453,#5485,#5486);
#4582=AXIS2_PLACEMENT_3D('',#8455,#5488,#5489);
#4583=AXIS2_PLACEMENT_3D('',#8461,#5493,#5494);
#4584=AXIS2_PLACEMENT_3D('',#8462,#5495,#5496);
#4585=AXIS2_PLACEMENT_3D('',#8463,#5497,#5498);
#4586=AXIS2_PLACEMENT_3D('',#8464,#5499,#5500);
#4587=AXIS2_PLACEMENT_3D('',#8466,#5501,#5502);
#4588=AXIS2_PLACEMENT_3D('',#8468,#5503,#5504);
#4589=AXIS2_PLACEMENT_3D('',#8470,#5506,#5507);
#4590=AXIS2_PLACEMENT_3D('',#8472,#5508,#5509);
#4591=AXIS2_PLACEMENT_3D('',#8475,#5511,#5512);
#4592=AXIS2_PLACEMENT_3D('',#8476,#5513,#5514);
#4593=AXIS2_PLACEMENT_3D('',#8482,#5518,#5519);
#4594=AXIS2_PLACEMENT_3D('',#8483,#5520,#5521);
#4595=AXIS2_PLACEMENT_3D('',#8484,#5522,#5523);
#4596=AXIS2_PLACEMENT_3D('',#8485,#5524,#5525);
#4597=AXIS2_PLACEMENT_3D('',#8487,#5526,#5527);
#4598=AXIS2_PLACEMENT_3D('',#8490,#5529,#5530);
#4599=AXIS2_PLACEMENT_3D('',#8491,#5531,#5532);
#4600=AXIS2_PLACEMENT_3D('',#8494,#5535,#5536);
#4601=AXIS2_PLACEMENT_3D('',#8496,#5537,#5538);
#4602=AXIS2_PLACEMENT_3D('',#8498,#5539,#5540);
#4603=AXIS2_PLACEMENT_3D('',#8500,#5542,#5543);
#4604=AXIS2_PLACEMENT_3D('',#8506,#5547,#5548);
#4605=AXIS2_PLACEMENT_3D('',#8508,#5549,#5550);
#4606=AXIS2_PLACEMENT_3D('',#8510,#5551,#5552);
#4607=AXIS2_PLACEMENT_3D('',#8512,#5554,#5555);
#4608=AXIS2_PLACEMENT_3D('',#8515,#5558,#5559);
#4609=AXIS2_PLACEMENT_3D('',#8518,#5560,#5561);
#4610=AXIS2_PLACEMENT_3D('',#8521,#5563,#5564);
#4611=AXIS2_PLACEMENT_3D('',#8523,#5565,#5566);
#4612=AXIS2_PLACEMENT_3D('',#8527,#5568,#5569);
#4613=AXIS2_PLACEMENT_3D('',#8529,#5571,#5572);
#4614=AXIS2_PLACEMENT_3D('',#8532,#5573,#5574);
#4615=AXIS2_PLACEMENT_3D('',#8535,#5577,#5578);
#4616=AXIS2_PLACEMENT_3D('',#8539,#5581,#5582);
#4617=AXIS2_PLACEMENT_3D('',#8541,#5583,#5584);
#4618=AXIS2_PLACEMENT_3D('',#8543,#5586,#5587);
#4619=AXIS2_PLACEMENT_3D('',#8547,#5590,#5591);
#4620=AXIS2_PLACEMENT_3D('',#8548,#5592,#5593);
#4621=AXIS2_PLACEMENT_3D('',#8549,#5594,#5595);
#4622=AXIS2_PLACEMENT_3D('',#8551,#5596,#5597);
#4623=AXIS2_PLACEMENT_3D('',#8553,#5599,#5600);
#4624=AXIS2_PLACEMENT_3D('',#8555,#5602,#5603);
#4625=AXIS2_PLACEMENT_3D('',#8559,#5606,#5607);
#4626=AXIS2_PLACEMENT_3D('',#8561,#5608,#5609);
#4627=AXIS2_PLACEMENT_3D('',#8563,#5611,#5612);
#4628=AXIS2_PLACEMENT_3D('',#8565,#5613,#5614);
#4629=AXIS2_PLACEMENT_3D('',#8567,#5616,#5617);
#4630=AXIS2_PLACEMENT_3D('',#8569,#5618,#5619);
#4631=AXIS2_PLACEMENT_3D('',#8571,#5620,#5621);
#4632=AXIS2_PLACEMENT_3D('',#8573,#5623,#5624);
#4633=AXIS2_PLACEMENT_3D('',#8578,#5627,#5628);
#4634=AXIS2_PLACEMENT_3D('',#8579,#5629,#5630);
#4635=AXIS2_PLACEMENT_3D('',#8581,#5631,#5632);
#4636=AXIS2_PLACEMENT_3D('',#8583,#5634,#5635);
#4637=AXIS2_PLACEMENT_3D('',#8586,#5637,#5638);
#4638=AXIS2_PLACEMENT_3D('',#8587,#5639,#5640);
#4639=AXIS2_PLACEMENT_3D('',#8589,#5642,#5643);
#4640=AXIS2_PLACEMENT_3D('',#8590,#5644,#5645);
#4641=AXIS2_PLACEMENT_3D('',#8591,#5646,#5647);
#4642=AXIS2_PLACEMENT_3D('',#8592,#5648,#5649);
#4643=AXIS2_PLACEMENT_3D('',#8602,#5655,#5656);
#4644=AXIS2_PLACEMENT_3D('',#8607,#5658,#5659);
#4645=AXIS2_PLACEMENT_3D('',#8610,#5661,#5662);
#4646=AXIS2_PLACEMENT_3D('',#8611,#5663,#5664);
#4647=AXIS2_PLACEMENT_3D('',#8616,#5666,#5667);
#4648=AXIS2_PLACEMENT_3D('',#8619,#5669,#5670);
#4649=AXIS2_PLACEMENT_3D('',#8620,#5671,#5672);
#4650=AXIS2_PLACEMENT_3D('',#8625,#5674,#5675);
#4651=AXIS2_PLACEMENT_3D('',#8628,#5677,#5678);
#4652=AXIS2_PLACEMENT_3D('',#8629,#5679,#5680);
#4653=AXIS2_PLACEMENT_3D('',#8630,#5681,#5682);
#4654=AXIS2_PLACEMENT_3D('',#8631,#5683,#5684);
#4655=AXIS2_PLACEMENT_3D('',#8632,#5685,#5686);
#4656=AXIS2_PLACEMENT_3D('',#8637,#5688,#5689);
#4657=AXIS2_PLACEMENT_3D('',#8640,#5691,#5692);
#4658=AXIS2_PLACEMENT_3D('',#8641,#5693,#5694);
#4659=AXIS2_PLACEMENT_3D('',#8643,#5695,#5696);
#4660=AXIS2_PLACEMENT_3D('',#8646,#5698,#5699);
#4661=AXIS2_PLACEMENT_3D('',#8647,#5700,#5701);
#4662=AXIS2_PLACEMENT_3D('',#8654,#5706,#5707);
#4663=AXIS2_PLACEMENT_3D('',#8655,#5708,#5709);
#4664=AXIS2_PLACEMENT_3D('',#8656,#5710,#5711);
#4665=AXIS2_PLACEMENT_3D('',#8657,#5712,#5713);
#4666=AXIS2_PLACEMENT_3D('',#8659,#5714,#5715);
#4667=AXIS2_PLACEMENT_3D('',#8662,#5717,#5718);
#4668=AXIS2_PLACEMENT_3D('',#8663,#5719,#5720);
#4669=AXIS2_PLACEMENT_3D('',#8665,#5721,#5722);
#4670=AXIS2_PLACEMENT_3D('',#8667,#5724,#5725);
#4671=AXIS2_PLACEMENT_3D('',#8669,#5726,#5727);
#4672=AXIS2_PLACEMENT_3D('',#8671,#5729,#5730);
#4673=AXIS2_PLACEMENT_3D('',#8677,#5734,#5735);
#4674=AXIS2_PLACEMENT_3D('',#8679,#5736,#5737);
#4675=AXIS2_PLACEMENT_3D('',#8680,#5738,#5739);
#4676=AXIS2_PLACEMENT_3D('',#8682,#5741,#5742);
#4677=AXIS2_PLACEMENT_3D('',#8683,#5743,#5744);
#4678=AXIS2_PLACEMENT_3D('',#8684,#5745,#5746);
#4679=AXIS2_PLACEMENT_3D('',#8687,#5747,#5748);
#4680=AXIS2_PLACEMENT_3D('',#8689,#5750,#5751);
#4681=AXIS2_PLACEMENT_3D('',#8690,#5752,#5753);
#4682=AXIS2_PLACEMENT_3D('',#8693,#5755,#5756);
#4683=AXIS2_PLACEMENT_3D('',#8694,#5757,#5758);
#4684=AXIS2_PLACEMENT_3D('',#8696,#5759,#5760);
#4685=AXIS2_PLACEMENT_3D('',#8698,#5762,#5763);
#4686=AXIS2_PLACEMENT_3D('',#8702,#5766,#5767);
#4687=AXIS2_PLACEMENT_3D('',#8703,#5768,#5769);
#4688=AXIS2_PLACEMENT_3D('',#8704,#5770,#5771);
#4689=AXIS2_PLACEMENT_3D('',#8705,#5772,#5773);
#4690=AXIS2_PLACEMENT_3D('',#8706,#5774,#5775);
#4691=AXIS2_PLACEMENT_3D('',#8709,#5776,#5777);
#4692=AXIS2_PLACEMENT_3D('',#8713,#5779,#5780);
#4693=AXIS2_PLACEMENT_3D('',#8715,#5782,#5783);
#4694=AXIS2_PLACEMENT_3D('',#8722,#5786,#5787);
#4695=AXIS2_PLACEMENT_3D('',#8725,#5789,#5790);
#4696=AXIS2_PLACEMENT_3D('',#8726,#5791,#5792);
#4697=AXIS2_PLACEMENT_3D('',#8729,#5794,#5795);
#4698=AXIS2_PLACEMENT_3D('',#8730,#5796,#5797);
#4699=AXIS2_PLACEMENT_3D('',#8737,#5801,#5802);
#4700=AXIS2_PLACEMENT_3D('',#8741,#5804,#5805);
#4701=AXIS2_PLACEMENT_3D('',#8742,#5806,#5807);
#4702=AXIS2_PLACEMENT_3D('',#8743,#5808,#5809);
#4703=AXIS2_PLACEMENT_3D('',#8749,#5813,#5814);
#4704=AXIS2_PLACEMENT_3D('',#8751,#5816,#5817);
#4705=AXIS2_PLACEMENT_3D('',#8752,#5818,#5819);
#4706=AXIS2_PLACEMENT_3D('',#8753,#5820,#5821);
#4707=AXIS2_PLACEMENT_3D('',#8758,#5825,#5826);
#4708=AXIS2_PLACEMENT_3D('',#8761,#5828,#5829);
#4709=AXIS2_PLACEMENT_3D('',#8762,#5830,#5831);
#4710=AXIS2_PLACEMENT_3D('',#8763,#5832,#5833);
#4711=AXIS2_PLACEMENT_3D('',#8767,#5836,#5837);
#4712=AXIS2_PLACEMENT_3D('',#8770,#5840,#5841);
#4713=AXIS2_PLACEMENT_3D('',#8772,#5842,#5843);
#4714=AXIS2_PLACEMENT_3D('',#8774,#5845,#5846);
#4715=AXIS2_PLACEMENT_3D('',#8776,#5848,#5849);
#4716=AXIS2_PLACEMENT_3D('',#8777,#5850,#5851);
#4717=AXIS2_PLACEMENT_3D('',#8779,#5853,#5854);
#4718=AXIS2_PLACEMENT_3D('',#8781,#5856,#5857);
#4719=AXIS2_PLACEMENT_3D('',#8782,#5858,#5859);
#4720=AXIS2_PLACEMENT_3D('',#8783,#5860,#5861);
#4721=AXIS2_PLACEMENT_3D('',#8785,#5863,#5864);
#4722=AXIS2_PLACEMENT_3D('',#8791,#5868,#5869);
#4723=AXIS2_PLACEMENT_3D('',#8792,#5870,#5871);
#4724=AXIS2_PLACEMENT_3D('',#8793,#5872,#5873);
#4725=AXIS2_PLACEMENT_3D('',#8794,#5874,#5875);
#4726=AXIS2_PLACEMENT_3D('',#8795,#5876,#5877);
#4727=AXIS2_PLACEMENT_3D('',#8798,#5879,#5880);
#4728=AXIS2_PLACEMENT_3D('',#8799,#5881,#5882);
#4729=AXIS2_PLACEMENT_3D('',#8801,#5883,#5884);
#4730=AXIS2_PLACEMENT_3D('',#8802,#5885,#5886);
#4731=AXIS2_PLACEMENT_3D('',#8804,#5888,#5889);
#4732=AXIS2_PLACEMENT_3D('',#8808,#5892,#5893);
#4733=AXIS2_PLACEMENT_3D('',#8809,#5894,#5895);
#4734=AXIS2_PLACEMENT_3D('',#8812,#5897,#5898);
#4735=AXIS2_PLACEMENT_3D('',#8813,#5899,#5900);
#4736=AXIS2_PLACEMENT_3D('',#8814,#5901,#5902);
#4737=AXIS2_PLACEMENT_3D('',#8816,#5903,#5904);
#4738=AXIS2_PLACEMENT_3D('',#8817,#5905,#5906);
#4739=AXIS2_PLACEMENT_3D('',#8819,#5908,#5909);
#4740=AXIS2_PLACEMENT_3D('',#8820,#5910,#5911);
#4741=AXIS2_PLACEMENT_3D('',#8821,#5912,#5913);
#4742=AXIS2_PLACEMENT_3D('',#8822,#5914,#5915);
#4743=AXIS2_PLACEMENT_3D('',#8824,#5917,#5918);
#4744=AXIS2_PLACEMENT_3D('',#8826,#5920,#5921);
#4745=AXIS2_PLACEMENT_3D('',#8827,#5922,#5923);
#4746=DIRECTION('axis',(0.,0.,1.));
#4747=DIRECTION('refdir',(1.,0.,0.));
#4748=DIRECTION('center_axis',(-6.79728382423565E-16,-2.26395030197357E-30,
-1.));
#4749=DIRECTION('ref_axis',(-1.,-3.33066907387547E-15,6.79728382423565E-16));
#4750=DIRECTION('',(-3.53252780562548E-15,1.,1.37209109210509E-31));
#4751=DIRECTION('',(-1.,-3.33066907387548E-15,6.79728382423565E-16));
#4752=DIRECTION('',(-3.33066907387547E-15,1.,0.));
#4753=DIRECTION('',(-1.,-3.33066907387547E-15,6.79728382423565E-16));
#4754=DIRECTION('center_axis',(-6.79728382423565E-16,-2.26395030197357E-30,
-1.));
#4755=DIRECTION('ref_axis',(-1.,-3.33066907387547E-15,6.79728382423565E-16));
#4756=DIRECTION('',(3.53252780562548E-15,-1.,-1.37209109210509E-31));
#4757=DIRECTION('',(-1.,-3.33066907387547E-15,6.79728382423565E-16));
#4758=DIRECTION('',(-3.33066907387547E-15,1.,0.));
#4759=DIRECTION('',(-1.,-3.33066907387548E-15,6.79728382423565E-16));
#4760=DIRECTION('center_axis',(6.79728382423565E-16,2.26395030197357E-30,
-1.));
#4761=DIRECTION('ref_axis',(-1.,-3.33066907387547E-15,-6.79728382423565E-16));
#4762=DIRECTION('',(3.53252780562548E-15,-1.,1.37209109210509E-31));
#4763=DIRECTION('',(1.,3.33066907387547E-15,6.79728382423565E-16));
#4764=DIRECTION('',(-3.33066907387547E-15,1.,0.));
#4765=DIRECTION('',(1.,3.33066907387548E-15,6.79728382423565E-16));
#4766=DIRECTION('center_axis',(4.53152254949043E-16,1.50930020131571E-30,
1.));
#4767=DIRECTION('ref_axis',(1.,3.33066907387547E-15,-4.53152254949043E-16));
#4768=DIRECTION('',(-3.53252780562548E-15,1.,9.14727394736729E-32));
#4769=DIRECTION('',(-1.,-3.33066907387548E-15,4.53152254949043E-16));
#4770=DIRECTION('',(-3.33066907387547E-15,1.,0.));
#4771=DIRECTION('',(-1.,-3.33066907387547E-15,4.53152254949043E-16));
#4772=DIRECTION('center_axis',(4.53152254949043E-16,1.50930020131571E-30,
1.));
#4773=DIRECTION('ref_axis',(1.,3.33066907387547E-15,-4.53152254949043E-16));
#4774=DIRECTION('',(3.53252780562548E-15,-1.,-9.14727394736729E-32));
#4775=DIRECTION('',(-1.,-3.33066907387547E-15,4.53152254949043E-16));
#4776=DIRECTION('',(-3.33066907387547E-15,1.,0.));
#4777=DIRECTION('',(-1.,-3.33066907387548E-15,4.53152254949043E-16));
#4778=DIRECTION('center_axis',(-4.44089209850062E-15,1.,0.));
#4779=DIRECTION('ref_axis',(1.39349996950756E-15,5.66361675543291E-30,-1.));
#4780=DIRECTION('',(4.44089209850062E-15,-1.,0.));
#4781=DIRECTION('center_axis',(-3.33066907387547E-15,1.,0.));
#4782=DIRECTION('ref_axis',(1.,4.44089209850062E-15,0.));
#4783=DIRECTION('',(-4.44089209850062E-15,1.,0.));
#4784=DIRECTION('center_axis',(-3.33066907387547E-15,1.,0.));
#4785=DIRECTION('ref_axis',(1.,4.44089209850062E-15,0.));
#4786=DIRECTION('',(-4.44089209850062E-15,1.,0.));
#4787=DIRECTION('center_axis',(3.33066907387547E-15,-1.,0.));
#4788=DIRECTION('ref_axis',(1.,4.44089209850062E-15,0.));
#4789=DIRECTION('',(4.44089209850062E-15,-1.,0.));
#4790=DIRECTION('center_axis',(-3.33066907387547E-15,1.,0.));
#4791=DIRECTION('ref_axis',(1.,4.44089209850062E-15,0.));
#4792=DIRECTION('',(-4.44089209850062E-15,1.,0.));
#4793=DIRECTION('center_axis',(3.33066907387547E-15,-1.,0.));
#4794=DIRECTION('ref_axis',(1.,4.44089209850062E-15,0.));
#4795=DIRECTION('',(4.44089209850062E-15,-1.,0.));
#4796=DIRECTION('center_axis',(-3.33066907387547E-15,1.,0.));
#4797=DIRECTION('ref_axis',(1.,4.44089209850062E-15,0.));
#4798=DIRECTION('',(-4.44089209850062E-15,1.,0.));
#4799=DIRECTION('center_axis',(3.33066907387547E-15,-1.,0.));
#4800=DIRECTION('ref_axis',(1.,4.44089209850062E-15,0.));
#4801=DIRECTION('',(4.44089209850062E-15,-1.,0.));
#4802=DIRECTION('center_axis',(-3.33066907387547E-15,1.,0.));
#4803=DIRECTION('ref_axis',(1.,4.44089209850062E-15,0.));
#4804=DIRECTION('center_axis',(-4.44089209850062E-15,1.,0.));
#4805=DIRECTION('ref_axis',(1.,4.44089209850062E-15,0.));
#4806=DIRECTION('center_axis',(-3.33066907387547E-15,1.,0.));
#4807=DIRECTION('ref_axis',(1.,4.44089209850062E-15,0.));
#4808=DIRECTION('',(-4.44089209850062E-15,1.,0.));
#4809=DIRECTION('center_axis',(-3.33066907387547E-15,1.,0.));
#4810=DIRECTION('ref_axis',(1.,3.33066907387547E-15,0.));
#4811=DIRECTION('center_axis',(3.33066907387547E-15,-1.,0.));
#4812=DIRECTION('ref_axis',(1.,3.33066907387547E-15,0.));
#4813=DIRECTION('',(0.,0.,1.));
#4814=DIRECTION('center_axis',(-3.33066907387547E-15,1.,0.));
#4815=DIRECTION('ref_axis',(-1.,-3.33066907387547E-15,0.));
#4816=DIRECTION('center_axis',(-1.,-4.44089209850062E-15,0.));
#4817=DIRECTION('ref_axis',(0.,0.,1.));
#4818=DIRECTION('',(0.,0.,1.));
#4819=DIRECTION('',(-4.44089209850062E-15,1.,0.));
#4820=DIRECTION('center_axis',(-4.44089209850062E-15,1.,0.));
#4821=DIRECTION('ref_axis',(-1.,-4.44089209850062E-15,0.));
#4822=DIRECTION('center_axis',(-3.33066907387547E-15,1.,0.));
#4823=DIRECTION('ref_axis',(-1.,-4.44089209850062E-15,0.));
#4824=DIRECTION('center_axis',(-1.,-4.44089209850062E-15,0.));
#4825=DIRECTION('ref_axis',(0.,0.,1.));
#4826=DIRECTION('',(0.,0.,1.));
#4827=DIRECTION('',(-4.44089209850062E-15,1.,0.));
#4828=DIRECTION('',(0.,0.,1.));
#4829=DIRECTION('center_axis',(3.33066907387547E-15,-1.,0.));
#4830=DIRECTION('ref_axis',(1.,3.33066907387547E-15,0.));
#4831=DIRECTION('center_axis',(-3.33066907387547E-15,1.,0.));
#4832=DIRECTION('ref_axis',(-1.,-3.33066907387547E-15,0.));
#4833=DIRECTION('center_axis',(-4.44089209850062E-15,1.,0.));
#4834=DIRECTION('ref_axis',(-1.,-4.44089209850062E-15,0.));
#4835=DIRECTION('center_axis',(-3.33066907387547E-15,1.,0.));
#4836=DIRECTION('ref_axis',(-1.,-4.44089209850062E-15,0.));
#4837=DIRECTION('center_axis',(0.,0.,-1.));
#4838=DIRECTION('ref_axis',(-1.,-3.33066907387547E-15,0.));
#4839=DIRECTION('',(-1.,-3.33066907387547E-15,0.));
#4840=DIRECTION('',(-4.44089209850062E-15,1.,0.));
#4841=DIRECTION('',(-1.,-3.33066907387547E-15,0.));
#4842=DIRECTION('center_axis',(0.,0.,1.));
#4843=DIRECTION('ref_axis',(1.,3.33066907387547E-15,0.));
#4844=DIRECTION('',(1.,3.33066907387547E-15,0.));
#4845=DIRECTION('',(-4.44089209850062E-15,1.,0.));
#4846=DIRECTION('',(1.,3.33066907387547E-15,0.));
#4847=DIRECTION('center_axis',(-4.44089209850062E-15,1.,0.));
#4848=DIRECTION('ref_axis',(0.,0.,1.));
#4849=DIRECTION('center_axis',(-3.33066907387547E-15,1.,0.));
#4850=DIRECTION('ref_axis',(0.,0.,1.));
#4851=DIRECTION('center_axis',(-3.33066907387547E-15,1.,0.));
#4852=DIRECTION('ref_axis',(0.,0.,1.));
#4853=DIRECTION('center_axis',(3.33066907387547E-15,-1.,0.));
#4854=DIRECTION('ref_axis',(1.,3.33066907387547E-15,0.));
#4855=DIRECTION('center_axis',(-4.44089209850062E-15,1.,0.));
#4856=DIRECTION('ref_axis',(0.773329952663334,2.87127899495311E-15,-0.634003773106853));
#4857=DIRECTION('center_axis',(3.33066907387548E-15,-1.,0.));
#4858=DIRECTION('ref_axis',(0.773329952663334,2.87127899495311E-15,-0.634003773106853));
#4859=DIRECTION('',(-5.04646829375045E-15,1.,0.));
#4860=DIRECTION('center_axis',(3.33066907387547E-15,-1.,0.));
#4861=DIRECTION('ref_axis',(0.773329952663334,2.87127899495311E-15,-0.634003773106853));
#4862=DIRECTION('center_axis',(-3.53252780562548E-15,1.,-1.37209109210509E-31));
#4863=DIRECTION('ref_axis',(0.707106781186547,3.14018491736755E-15,-0.707106781186548));
#4864=DIRECTION('center_axis',(3.33066907387548E-15,-1.,0.));
#4865=DIRECTION('ref_axis',(0.707106781186547,3.14018491736755E-15,-0.707106781186548));
#4866=DIRECTION('',(-5.04646829375045E-15,1.,0.));
#4867=DIRECTION('center_axis',(3.33066907387547E-15,-1.,0.));
#4868=DIRECTION('ref_axis',(0.707106781186547,3.14018491736755E-15,-0.707106781186548));
#4869=DIRECTION('center_axis',(2.69750607137753E-15,-0.707106781186547,
-0.707106781186548));
#4870=DIRECTION('ref_axis',(1.,3.46944695195361E-15,3.45402718772271E-16));
#4871=DIRECTION('',(1.,3.81484967072587E-15,0.));
#4872=DIRECTION('',(-0.577350269189624,-0.577350269189629,0.577350269189625));
#4873=DIRECTION('',(1.,3.46944695195361E-15,3.45402718772259E-16));
#4874=DIRECTION('',(0.577350269189627,-0.577350269189625,0.577350269189626));
#4875=DIRECTION('center_axis',(0.707106781186548,2.4532694666934E-15,-0.707106781186547));
#4876=DIRECTION('ref_axis',(-3.46944695195361E-15,1.,-9.50316341366113E-47));
#4877=DIRECTION('',(-3.46944695195361E-15,1.,0.));
#4878=DIRECTION('',(-0.57735026918962,-0.577350269189635,-0.577350269189622));
#4879=DIRECTION('center_axis',(-0.707106781186551,-0.707106781186545,-8.72273588157656E-17));
#4880=DIRECTION('ref_axis',(1.2335811384724E-16,0.,-1.));
#4881=DIRECTION('',(2.10801840118701E-16,-8.74437262714621E-17,-1.));
#4882=DIRECTION('',(-0.577350269189624,0.577350269189629,-0.577350269189625));
#4883=DIRECTION('',(1.2335811384724E-16,0.,-1.));
#4884=DIRECTION('',(0.577350269189624,-0.577350269189628,-0.577350269189626));
#4885=DIRECTION('center_axis',(-0.707106781186547,2.4532694666934E-15,-0.707106781186548));
#4886=DIRECTION('ref_axis',(3.46944695195361E-15,1.,4.27984432086052E-31));
#4887=DIRECTION('',(3.43159843975048E-15,-1.,-6.9010453917041E-15));
#4888=DIRECTION('',(-0.577350269189624,-0.577350269189631,0.577350269189622));
#4889=DIRECTION('center_axis',(-0.707106781186551,0.707106781186545,8.72273588157656E-17));
#4890=DIRECTION('ref_axis',(-1.2335811384724E-16,0.,-1.));
#4891=DIRECTION('',(-7.02672800395662E-17,-1.93625393886807E-16,1.));
#4892=DIRECTION('',(-0.577350269189624,-0.577350269189628,-0.577350269189626));
#4893=DIRECTION('',(1.2335811384724E-16,0.,1.));
#4894=DIRECTION('',(-0.577350269189624,-0.577350269189629,0.577350269189625));
#4895=DIRECTION('center_axis',(-0.707106781186547,-2.4532694666934E-15,
-0.707106781186548));
#4896=DIRECTION('ref_axis',(3.46944695195361E-15,-1.,-4.27984432086052E-31));
#4897=DIRECTION('',(-3.43159843975048E-15,1.,-3.78485122031271E-17));
#4898=DIRECTION('',(0.577350269189624,-0.577350269189631,-0.577350269189622));
#4899=DIRECTION('center_axis',(-0.707106781186551,-0.707106781186544,-8.72273588157656E-17));
#4900=DIRECTION('ref_axis',(1.2335811384724E-16,0.,-1.));
#4901=DIRECTION('',(-7.02672800395675E-17,1.93625393886809E-16,-1.));
#4902=DIRECTION('',(-0.577350269189623,0.577350269189629,-0.577350269189625));
#4903=DIRECTION('',(1.2335811384724E-16,-1.84889274661175E-31,-1.));
#4904=DIRECTION('',(0.577350269189624,-0.577350269189628,-0.577350269189625));
#4905=DIRECTION('center_axis',(-0.707106781186547,2.4532694666934E-15,-0.707106781186548));
#4906=DIRECTION('ref_axis',(3.46944695195361E-15,1.,4.27984432086052E-31));
#4907=DIRECTION('',(-3.43159843975048E-15,1.,6.90104539170409E-15));
#4908=DIRECTION('',(-0.577350269189624,-0.577350269189631,0.577350269189622));
#4909=DIRECTION('center_axis',(-0.707106781186551,0.707106781186544,8.72273588157656E-17));
#4910=DIRECTION('ref_axis',(-1.2335811384724E-16,0.,-1.));
#4911=DIRECTION('',(-7.02672800395662E-17,-1.93625393886807E-16,1.));
#4912=DIRECTION('',(-0.577350269189624,-0.577350269189628,-0.577350269189625));
#4913=DIRECTION('',(1.2335811384724E-16,1.84889274661175E-31,1.));
#4914=DIRECTION('',(-0.577350269189623,-0.577350269189629,0.577350269189625));
#4915=DIRECTION('center_axis',(-0.707106781186547,-2.45326946669339E-15,
-0.707106781186548));
#4916=DIRECTION('ref_axis',(3.46944695195361E-15,-1.,-4.27984432086052E-31));
#4917=DIRECTION('',(-3.43159843975048E-15,1.,-3.78485122031254E-17));
#4918=DIRECTION('',(0.577350269189624,-0.577350269189631,-0.577350269189622));
#4919=DIRECTION('center_axis',(-1.,-3.53252780562548E-15,-1.90043864502707E-15));
#4920=DIRECTION('ref_axis',(-1.90043864502707E-15,-6.32973222178947E-30,
1.));
#4921=DIRECTION('',(-1.90043864502707E-15,-6.32973222178947E-30,1.));
#4922=DIRECTION('',(3.53252780562548E-15,-1.,-9.14727394736729E-32));
#4923=DIRECTION('',(-1.90043864502707E-15,-6.32973222178947E-30,1.));
#4924=DIRECTION('center_axis',(4.44089209850062E-15,-1.,0.));
#4925=DIRECTION('ref_axis',(-0.773329952663333,-2.87127899495311E-15,-0.634003773106853));
#4926=DIRECTION('center_axis',(3.33066907387547E-15,-1.,0.));
#4927=DIRECTION('ref_axis',(-0.773329952663333,-2.87127899495311E-15,-0.634003773106853));
#4928=DIRECTION('',(3.53252780562548E-15,-1.,7.11872414821694E-31));
#4929=DIRECTION('center_axis',(3.33066907387548E-15,-1.,0.));
#4930=DIRECTION('ref_axis',(-0.773329952663333,-2.87127899495311E-15,-0.634003773106853));
#4931=DIRECTION('center_axis',(1.,3.53252780562548E-15,-7.83686039186421E-16));
#4932=DIRECTION('ref_axis',(-7.83686039186421E-16,-2.61019885434617E-30,
-1.));
#4933=DIRECTION('',(-7.83686039186421E-16,-2.61019885434618E-30,-1.));
#4934=DIRECTION('',(-5.04646829375045E-15,1.,0.));
#4935=DIRECTION('',(-7.83686039186421E-16,-2.61019885434618E-30,-1.));
#4936=DIRECTION('center_axis',(-3.53252780562548E-15,1.,9.14727394736729E-32));
#4937=DIRECTION('ref_axis',(-0.707106781186547,-3.14018491736755E-15,0.707106781186548));
#4938=DIRECTION('center_axis',(3.33066907387548E-15,-1.,0.));
#4939=DIRECTION('ref_axis',(-0.707106781186547,-3.14018491736755E-15,0.707106781186548));
#4940=DIRECTION('center_axis',(3.33066907387547E-15,-1.,0.));
#4941=DIRECTION('ref_axis',(-0.707106781186547,-3.14018491736755E-15,0.707106781186548));
#4942=DIRECTION('center_axis',(3.53252780562548E-15,-1.,-9.14727394736729E-32));
#4943=DIRECTION('ref_axis',(0.707106781186547,3.14018491736755E-15,0.707106781186548));
#4944=DIRECTION('center_axis',(3.33066907387547E-15,-1.,0.));
#4945=DIRECTION('ref_axis',(0.707106781186547,3.14018491736755E-15,0.707106781186548));
#4946=DIRECTION('center_axis',(3.33066907387548E-15,-1.,0.));
#4947=DIRECTION('ref_axis',(0.707106781186547,3.14018491736755E-15,0.707106781186548));
#4948=DIRECTION('center_axis',(-1.,-3.53252780562548E-15,-1.90043864502707E-15));
#4949=DIRECTION('ref_axis',(-1.90043864502707E-15,-6.32973222178947E-30,
1.));
#4950=DIRECTION('',(-1.90043864502707E-15,-6.32973222178947E-30,1.));
#4951=DIRECTION('',(3.53252780562548E-15,-1.,-1.37209109210509E-31));
#4952=DIRECTION('',(-1.90043864502707E-15,-6.32973222178947E-30,1.));
#4953=DIRECTION('center_axis',(3.53252780562548E-15,-1.,1.37209109210509E-31));
#4954=DIRECTION('ref_axis',(-0.707106781186547,-3.14018491736755E-15,-0.707106781186548));
#4955=DIRECTION('',(-3.53252780562548E-15,1.,-1.37209109210509E-31));
#4956=DIRECTION('center_axis',(3.33066907387547E-15,-1.,0.));
#4957=DIRECTION('ref_axis',(-0.707106781186547,-3.14018491736755E-15,-0.707106781186548));
#4958=DIRECTION('',(3.53252780562548E-15,-1.,1.37209109210509E-31));
#4959=DIRECTION('center_axis',(3.33066907387548E-15,-1.,0.));
#4960=DIRECTION('ref_axis',(-0.707106781186547,-3.14018491736755E-15,-0.707106781186548));
#4961=DIRECTION('center_axis',(1.,3.53252780562548E-15,-7.83686039186421E-16));
#4962=DIRECTION('ref_axis',(-7.83686039186421E-16,-2.61019885434617E-30,
-1.));
#4963=DIRECTION('',(-7.83686039186421E-16,-2.61019885434618E-30,-1.));
#4964=DIRECTION('',(-5.04646829375045E-15,1.,0.));
#4965=DIRECTION('',(-7.83686039186421E-16,-2.61019885434618E-30,-1.));
#4966=DIRECTION('center_axis',(-3.53252780562548E-15,1.,1.37209109210509E-31));
#4967=DIRECTION('ref_axis',(-0.707106781186547,-3.14018491736755E-15,0.707106781186548));
#4968=DIRECTION('center_axis',(3.33066907387548E-15,-1.,0.));
#4969=DIRECTION('ref_axis',(-0.707106781186547,-3.14018491736755E-15,0.707106781186548));
#4970=DIRECTION('center_axis',(3.33066907387547E-15,-1.,0.));
#4971=DIRECTION('ref_axis',(-0.707106781186547,-3.14018491736755E-15,0.707106781186548));
#4972=DIRECTION('center_axis',(3.53252780562548E-15,-1.,-1.37209109210509E-31));
#4973=DIRECTION('ref_axis',(0.707106781186546,3.14018491736754E-15,0.707106781186549));
#4974=DIRECTION('center_axis',(3.33066907387547E-15,-1.,0.));
#4975=DIRECTION('ref_axis',(0.707106781186546,3.14018491736754E-15,0.707106781186549));
#4976=DIRECTION('center_axis',(3.33066907387548E-15,-1.,0.));
#4977=DIRECTION('ref_axis',(0.707106781186546,3.14018491736754E-15,0.707106781186549));
#4978=DIRECTION('center_axis',(-2.20903286200924E-15,0.707106781186541,
-0.707106781186554));
#4979=DIRECTION('ref_axis',(-1.,-3.46944695195361E-15,-3.45402718772271E-16));
#4980=DIRECTION('',(-1.,-3.12404423318135E-15,0.));
#4981=DIRECTION('',(0.577350269189624,-0.577350269189631,-0.577350269189622));
#4982=DIRECTION('center_axis',(-0.707106781186547,-2.4532694666934E-15,
-0.707106781186548));
#4983=DIRECTION('ref_axis',(3.46944695195361E-15,-1.,9.50316341366113E-47));
#4984=DIRECTION('',(3.46944695195361E-15,-1.,0.));
#4985=DIRECTION('center_axis',(-0.707106781186551,0.707106781186544,-8.72273588157657E-17));
#4986=DIRECTION('ref_axis',(-1.2335811384724E-16,0.,1.));
#4987=DIRECTION('',(-2.108018401187E-16,-8.74437262714617E-17,1.));
#4988=DIRECTION('',(0.577350269189624,0.577350269189631,0.577350269189622));
#4989=DIRECTION('center_axis',(-0.707106781186547,2.4532694666934E-15,0.707106781186548));
#4990=DIRECTION('ref_axis',(-3.46944695195361E-15,-1.,-4.27984432086052E-31));
#4991=DIRECTION('',(3.43159843975048E-15,-1.,6.90104539170409E-15));
#4992=DIRECTION('center_axis',(-0.707106781186551,-0.707106781186544,8.72273588157657E-17));
#4993=DIRECTION('ref_axis',(1.2335811384724E-16,0.,1.));
#4994=DIRECTION('',(7.02672800395676E-17,-1.93625393886809E-16,-1.));
#4995=DIRECTION('',(0.577350269189624,-0.577350269189631,0.577350269189622));
#4996=DIRECTION('center_axis',(-0.707106781186547,-2.4532694666934E-15,
0.707106781186548));
#4997=DIRECTION('ref_axis',(-3.46944695195361E-15,1.,4.27984432086052E-31));
#4998=DIRECTION('',(3.43159843975048E-15,-1.,-3.78485122031282E-17));
#4999=DIRECTION('center_axis',(-0.707106781186552,0.707106781186544,-8.7227358815766E-17));
#5000=DIRECTION('ref_axis',(-1.2335811384724E-16,1.29884903720195E-45,1.));
#5001=DIRECTION('',(7.02672800395662E-17,1.93625393886808E-16,1.));
#5002=DIRECTION('',(0.577350269189624,0.577350269189631,0.577350269189622));
#5003=DIRECTION('center_axis',(-0.707106781186547,2.45326946669339E-15,
0.707106781186548));
#5004=DIRECTION('ref_axis',(-3.46944695195361E-15,-1.,-4.27984432086052E-31));
#5005=DIRECTION('',(3.43159843975048E-15,-1.,6.90104539170409E-15));
#5006=DIRECTION('center_axis',(-0.707106781186552,-0.707106781186544,8.7227358815766E-17));
#5007=DIRECTION('ref_axis',(1.2335811384724E-16,1.29884903720195E-45,1.));
#5008=DIRECTION('',(7.02672800395675E-17,-1.9362539388681E-16,-1.));
#5009=DIRECTION('',(0.577350269189624,-0.577350269189631,0.577350269189622));
#5010=DIRECTION('center_axis',(-0.707106781186547,-2.4532694666934E-15,
0.707106781186548));
#5011=DIRECTION('ref_axis',(-3.46944695195361E-15,1.,4.27984432086052E-31));
#5012=DIRECTION('',(3.43159843975048E-15,-1.,-3.78485122031282E-17));
#5013=DIRECTION('center_axis',(6.79728382423565E-16,2.26395030197357E-30,
-1.));
#5014=DIRECTION('ref_axis',(-1.,-3.33066907387547E-15,-6.79728382423565E-16));
#5015=DIRECTION('',(1.,3.33066907387548E-15,6.79728382423565E-16));
#5016=DIRECTION('',(-3.33066907387547E-15,1.,0.));
#5017=DIRECTION('',(1.,3.33066907387547E-15,6.79728382423565E-16));
#5018=DIRECTION('center_axis',(-0.739356668032342,-0.233254375265624,-0.63162022913738));
#5019=DIRECTION('ref_axis',(0.,-0.938076806161838,0.346427345544785));
#5020=DIRECTION('center_axis',(-1.,0.,0.));
#5021=DIRECTION('ref_axis',(0.,0.,-1.));
#5022=DIRECTION('',(-1.,0.,0.));
#5023=DIRECTION('center_axis',(1.,0.,0.));
#5024=DIRECTION('ref_axis',(0.,0.,-1.));
#5025=DIRECTION('',(-1.,0.,0.));
#5026=DIRECTION('center_axis',(1.,0.,0.));
#5027=DIRECTION('ref_axis',(0.,0.,-1.));
#5028=DIRECTION('center_axis',(0.,-0.938076806184395,0.346427345483703));
#5029=DIRECTION('ref_axis',(0.,0.346427345483703,0.938076806184395));
#5030=DIRECTION('',(0.,-0.346427345483703,-0.938076806184395));
#5031=DIRECTION('',(1.,-7.83674784824508E-45,-2.12208172599354E-44));
#5032=DIRECTION('',(0.,0.346427345483703,0.938076806184395));
#5033=DIRECTION('center_axis',(1.54604284705319E-15,0.522206849241566,0.852818859198832));
#5034=DIRECTION('ref_axis',(-2.90409570248573E-15,-0.852818859198831,0.522206849241566));
#5035=DIRECTION('center_axis',(0.,0.346427345483703,0.938076806184395));
#5036=DIRECTION('ref_axis',(-0.707106781186547,-0.663320470926805,0.244961125179982));
#5037=DIRECTION('center_axis',(0.,-1.,0.));
#5038=DIRECTION('ref_axis',(6.41019358859635E-17,2.2663456776075E-17,1.));
#5039=DIRECTION('center_axis',(-2.91440200052017E-15,0.175959077366874,
0.984397482266284));
#5040=DIRECTION('ref_axis',(-1.6304529635843E-14,-0.984397482266284,0.175959077366874));
#5041=DIRECTION('center_axis',(0.,1.59204953653573E-45,-1.));
#5042=DIRECTION('ref_axis',(-0.707106781186547,-0.707106781186548,0.));
#5043=DIRECTION('center_axis',(0.,-0.939171819821724,0.34344765664181));
#5044=DIRECTION('ref_axis',(3.17752913464411E-17,-0.34344765664181,-0.939171819821724));
#5045=DIRECTION('',(0.,-1.59204953653573E-45,1.));
#5046=DIRECTION('',(0.,1.59204953653573E-45,-1.));
#5047=DIRECTION('center_axis',(-7.83674784824508E-45,-1.,-1.59204953653573E-45));
#5048=DIRECTION('ref_axis',(0.,0.,-1.));
#5049=DIRECTION('center_axis',(7.83674784824508E-45,1.,1.59204953653573E-45));
#5050=DIRECTION('ref_axis',(-0.59375963298907,0.,0.804642466088315));
#5051=DIRECTION('center_axis',(1.66533453693774E-15,-1.,-7.96024768267867E-46));
#5052=DIRECTION('ref_axis',(0.,7.96024768267867E-46,-1.));
#5053=DIRECTION('center_axis',(-7.83674784824508E-45,-1.,-1.59204953653573E-45));
#5054=DIRECTION('ref_axis',(-0.59375963298907,3.37211386098901E-45,0.804642466088315));
#5055=DIRECTION('center_axis',(1.,0.,0.));
#5056=DIRECTION('ref_axis',(0.,0.,-1.));
#5057=DIRECTION('',(0.,-0.34344765664181,-0.939171819821724));
#5058=DIRECTION('',(0.,-1.59204953653573E-45,1.));
#5059=DIRECTION('',(0.,-1.,0.));
#5060=DIRECTION('center_axis',(-7.83674784824508E-45,-1.,-1.59204953653573E-45));
#5061=DIRECTION('ref_axis',(1.,-7.83674784824508E-45,0.));
#5062=DIRECTION('',(0.,-1.59204953653573E-45,1.));
#5063=DIRECTION('center_axis',(-0.70710678118655,0.707106781186545,-2.93566771269999E-12));
#5064=DIRECTION('ref_axis',(-4.15166109392112E-12,0.,1.));
#5065=DIRECTION('',(0.707106781186545,0.70710678118655,2.93921308265603E-12));
#5066=DIRECTION('',(4.15166109392113E-12,1.38278092107351E-26,-1.));
#5067=DIRECTION('',(-0.707106781186545,-0.70710678118655,-2.93921308265603E-12));
#5068=DIRECTION('',(-4.15166109392113E-12,-1.38278092107351E-26,1.));
#5069=DIRECTION('center_axis',(-3.33066907387547E-15,1.,0.));
#5070=DIRECTION('ref_axis',(-1.,-3.32446111684713E-15,-4.15075381317031E-12));
#5071=DIRECTION('',(-0.707106781186548,0.707106781186547,-2.93293271282129E-12));
#5072=DIRECTION('center_axis',(-3.33066907387547E-15,1.,0.));
#5073=DIRECTION('ref_axis',(-1.,-3.33066907387548E-15,-4.15075381317031E-12));
#5074=DIRECTION('center_axis',(3.33066907387547E-15,-1.,0.));
#5075=DIRECTION('ref_axis',(-1.,-3.31625059303618E-15,-4.15075381317031E-12));
#5076=DIRECTION('center_axis',(0.707106781186547,0.707106781186548,2.93561706455617E-12));
#5077=DIRECTION('ref_axis',(4.15158946662923E-12,0.,-1.));
#5078=DIRECTION('',(-0.707106781186548,0.707106781186547,-2.93293271282129E-12));
#5079=DIRECTION('',(-4.15158946662922E-12,-1.38275706439291E-26,1.));
#5080=DIRECTION('',(4.15158946662922E-12,1.38275706439291E-26,-1.));
#5081=DIRECTION('center_axis',(3.31625059303618E-15,-1.,0.));
#5082=DIRECTION('ref_axis',(-1.,-3.31625059303618E-15,-4.15075381317031E-12));
#5083=DIRECTION('',(3.31625059303618E-15,-1.,0.));
#5084=DIRECTION('center_axis',(3.33066907387547E-15,-1.,0.));
#5085=DIRECTION('ref_axis',(-1.,-3.31625059303618E-15,-4.15075381317031E-12));
#5086=DIRECTION('',(3.31625059303618E-15,-1.,0.));
#5087=DIRECTION('center_axis',(1.,3.31625059303618E-15,4.15166109392113E-12));
#5088=DIRECTION('ref_axis',(-4.15166109392113E-12,-1.38278092107351E-26,
1.));
#5089=DIRECTION('',(3.31625059303618E-15,-1.,0.));
#5090=DIRECTION('',(-4.15166109392113E-12,-1.38278092107351E-26,1.));
#5091=DIRECTION('center_axis',(0.,1.,0.));
#5092=DIRECTION('ref_axis',(0.832163448612979,0.,0.554530427291915));
#5093=DIRECTION('center_axis',(7.83674784824508E-45,1.,1.59204953653573E-45));
#5094=DIRECTION('ref_axis',(0.832163448612979,-7.40429502507103E-45,0.554530427291915));
#5095=DIRECTION('',(0.,-1.,0.));
#5096=DIRECTION('center_axis',(-3.33066907387547E-15,1.,0.));
#5097=DIRECTION('ref_axis',(0.832163448612979,0.,0.554530427291915));
#5098=DIRECTION('',(0.,1.,0.));
#5099=DIRECTION('center_axis',(-1.61794888051597E-47,1.,-7.06261454056222E-47));
#5100=DIRECTION('ref_axis',(0.832163448612979,0.,0.554530427291915));
#5101=DIRECTION('',(0.,-1.,0.));
#5102=DIRECTION('center_axis',(-7.83674784824508E-45,-1.,-1.59204953653573E-45));
#5103=DIRECTION('ref_axis',(1.,-7.83674784824508E-45,0.));
#5104=DIRECTION('',(-1.,6.18924592594318E-44,0.));
#5105=DIRECTION('center_axis',(-1.12915996420941E-44,-1.,-9.68891964452366E-46));
#5106=DIRECTION('ref_axis',(0.593828473674533,-7.48483577756462E-45,0.804591662803794));
#5107=DIRECTION('',(-1.,7.83674784824508E-45,0.));
#5108=DIRECTION('center_axis',(0.,0.939171819821724,-0.34344765664181));
#5109=DIRECTION('ref_axis',(0.,-0.34344765664181,-0.939171819821724));
#5110=DIRECTION('',(-1.,0.,0.));
#5111=DIRECTION('',(0.,0.34344765664181,0.939171819821724));
#5112=DIRECTION('',(1.,0.,0.));
#5113=DIRECTION('',(0.,-0.34344765664181,-0.939171819821724));
#5114=DIRECTION('',(-1.,0.,0.));
#5115=DIRECTION('',(0.,0.34344765664181,0.939171819821724));
#5116=DIRECTION('',(1.,0.,0.));
#5117=DIRECTION('',(0.,-0.34344765664181,-0.939171819821724));
#5118=DIRECTION('',(0.,0.34344765664181,0.939171819821724));
#5119=DIRECTION('center_axis',(0.,0.340554080286943,0.940224929684336));
#5120=DIRECTION('ref_axis',(0.,0.940224929684336,-0.340554080286943));
#5121=DIRECTION('',(0.,0.940224929684336,-0.340554080286943));
#5122=DIRECTION('',(-1.,0.,0.));
#5123=DIRECTION('',(0.,-0.940224929684336,0.340554080286943));
#5124=DIRECTION('center_axis',(1.,0.,0.));
#5125=DIRECTION('ref_axis',(0.,0.,-1.));
#5126=DIRECTION('center_axis',(-1.,0.,0.));
#5127=DIRECTION('ref_axis',(0.,0.340554080286357,0.940224929684548));
#5128=DIRECTION('center_axis',(-1.,0.,0.));
#5129=DIRECTION('ref_axis',(0.,0.340554080286357,0.940224929684548));
#5130=DIRECTION('center_axis',(1.,0.,0.));
#5131=DIRECTION('ref_axis',(0.,0.340554080286357,0.940224929684548));
#5132=DIRECTION('center_axis',(0.,-1.,0.));
#5133=DIRECTION('ref_axis',(0.593828473674533,3.56415711939478E-47,0.804591662803794));
#5134=DIRECTION('center_axis',(1.61794888051597E-47,-1.,7.06261454056222E-47));
#5135=DIRECTION('ref_axis',(0.593828473674533,0.,0.804591662803794));
#5136=DIRECTION('center_axis',(-1.61794888051597E-47,1.,-7.06261454056222E-47));
#5137=DIRECTION('ref_axis',(0.593828473674533,6.64330489113343E-47,0.804591662803794));
#5138=DIRECTION('center_axis',(1.61794888051597E-47,-1.,7.06261454056222E-47));
#5139=DIRECTION('ref_axis',(1.,1.61794888051597E-47,0.));
#5140=DIRECTION('center_axis',(0.,1.,0.));
#5141=DIRECTION('ref_axis',(1.,0.,0.));
#5142=DIRECTION('center_axis',(0.,1.,0.));
#5143=DIRECTION('ref_axis',(0.832163448612979,2.48038518568217E-47,0.554530427291915));
#5144=DIRECTION('center_axis',(1.61794888051597E-47,-1.,7.06261454056222E-47));
#5145=DIRECTION('ref_axis',(0.832163448612979,5.26283257906574E-47,0.554530427291915));
#5146=DIRECTION('center_axis',(0.,1.,0.));
#5147=DIRECTION('ref_axis',(-1.,0.,0.));
#5148=DIRECTION('center_axis',(0.,-1.,0.));
#5149=DIRECTION('ref_axis',(-1.,0.,0.));
#5150=DIRECTION('center_axis',(-1.,0.,-1.11022302462516E-15));
#5151=DIRECTION('ref_axis',(-1.11022302462516E-15,0.,1.));
#5152=DIRECTION('',(1.11022302462516E-15,0.,-1.));
#5153=DIRECTION('',(0.,1.,0.));
#5154=DIRECTION('',(0.,1.,0.));
#5155=DIRECTION('center_axis',(1.,0.,0.));
#5156=DIRECTION('ref_axis',(0.,0.,-1.));
#5157=DIRECTION('',(0.,0.,1.));
#5158=DIRECTION('',(0.,-1.,0.));
#5159=DIRECTION('',(0.,1.,0.));
#5160=DIRECTION('center_axis',(0.,1.,0.));
#5161=DIRECTION('ref_axis',(1.,0.,0.));
#5162=DIRECTION('center_axis',(0.,-1.,0.));
#5163=DIRECTION('ref_axis',(1.,0.,0.));
#5164=DIRECTION('center_axis',(1.,0.,0.));
#5165=DIRECTION('ref_axis',(0.,0.,-1.));
#5166=DIRECTION('',(0.,0.,-1.));
#5167=DIRECTION('',(0.,1.,0.));
#5168=DIRECTION('center_axis',(0.,-1.,0.));
#5169=DIRECTION('ref_axis',(0.,0.,1.));
#5170=DIRECTION('',(-1.,0.,0.));
#5171=DIRECTION('',(0.,0.,1.));
#5172=DIRECTION('',(-1.,0.,0.));
#5173=DIRECTION('',(0.,0.,1.));
#5174=DIRECTION('center_axis',(0.,1.,-1.47377046655376E-16));
#5175=DIRECTION('ref_axis',(0.,-1.47377046655376E-16,-1.));
#5176=DIRECTION('',(1.,0.,0.));
#5177=DIRECTION('',(0.,-1.47377046655376E-16,-1.));
#5178=DIRECTION('',(-1.,0.,0.));
#5179=DIRECTION('',(0.,-1.47377046655376E-16,-1.));
#5180=DIRECTION('center_axis',(0.,0.796738278284768,-0.604324512092488));
#5181=DIRECTION('ref_axis',(0.,-0.604324512092488,-0.796738278284768));
#5182=DIRECTION('',(0.,-0.604324512092488,-0.796738278284768));
#5183=DIRECTION('',(0.,-0.604324512092488,-0.796738278284768));
#5184=DIRECTION('center_axis',(0.,0.,1.));
#5185=DIRECTION('ref_axis',(-1.,-3.33066907387547E-15,0.));
#5186=DIRECTION('',(0.,1.,0.));
#5187=DIRECTION('',(0.,1.,0.));
#5188=DIRECTION('',(1.,3.33066907387547E-15,0.));
#5189=DIRECTION('',(-1.08314441426845E-16,-1.,0.));
#5190=DIRECTION('',(-1.,-3.33066907387547E-15,0.));
#5191=DIRECTION('',(3.33066907387547E-15,-1.,0.));
#5192=DIRECTION('',(0.70710678118655,-0.707106781186545,0.));
#5193=DIRECTION('',(-1.,-3.33066907387547E-15,0.));
#5194=DIRECTION('',(0.707106781186545,0.70710678118655,0.));
#5195=DIRECTION('',(3.33066907387547E-15,-1.,0.));
#5196=DIRECTION('',(-1.,-3.33066907387547E-15,0.));
#5197=DIRECTION('',(0.,1.,0.));
#5198=DIRECTION('center_axis',(0.,1.,0.));
#5199=DIRECTION('ref_axis',(0.593828473674533,0.,0.804591662803794));
#5200=DIRECTION('center_axis',(3.33066907387547E-15,-1.,0.));
#5201=DIRECTION('ref_axis',(0.593828473674533,0.,0.804591662803794));
#5202=DIRECTION('',(0.,1.,0.));
#5203=DIRECTION('center_axis',(3.33066907387547E-15,-1.,0.));
#5204=DIRECTION('ref_axis',(0.593828473674533,0.,0.804591662803794));
#5205=DIRECTION('center_axis',(0.,0.,-1.));
#5206=DIRECTION('ref_axis',(-1.,0.,0.));
#5207=DIRECTION('',(1.,3.33066907387547E-15,0.));
#5208=DIRECTION('center_axis',(0.,0.,1.));
#5209=DIRECTION('ref_axis',(-1.,0.,0.));
#5210=DIRECTION('',(-1.,0.,0.));
#5211=DIRECTION('',(0.,-1.,0.));
#5212=DIRECTION('',(-1.,0.,0.));
#5213=DIRECTION('',(0.,-1.,0.));
#5214=DIRECTION('center_axis',(1.,0.,-7.74574203226854E-16));
#5215=DIRECTION('ref_axis',(7.74574203226854E-16,0.,1.));
#5216=DIRECTION('',(7.74574203226854E-16,0.,1.));
#5217=DIRECTION('',(0.,-1.,0.));
#5218=DIRECTION('',(7.74574203226854E-16,0.,1.));
#5219=DIRECTION('center_axis',(0.,0.,-1.));
#5220=DIRECTION('ref_axis',(1.,0.,0.));
#5221=DIRECTION('',(1.,0.,0.));
#5222=DIRECTION('',(0.,-1.,0.));
#5223=DIRECTION('',(1.,0.,0.));
#5224=DIRECTION('center_axis',(-1.,0.,-6.45478502689045E-17));
#5225=DIRECTION('ref_axis',(6.45478502689045E-17,0.,-1.));
#5226=DIRECTION('',(6.45478502689045E-17,0.,-1.));
#5227=DIRECTION('',(6.45478502689045E-17,0.,-1.));
#5228=DIRECTION('center_axis',(0.,-1.,0.));
#5229=DIRECTION('ref_axis',(0.,0.,-1.));
#5230=DIRECTION('center_axis',(0.,1.,0.));
#5231=DIRECTION('ref_axis',(1.,0.,0.));
#5232=DIRECTION('center_axis',(0.,-1.,0.));
#5233=DIRECTION('ref_axis',(-1.,0.,0.));
#5234=DIRECTION('center_axis',(0.,-1.,0.));
#5235=DIRECTION('ref_axis',(1.,0.,0.));
#5236=DIRECTION('center_axis',(0.,1.,0.));
#5237=DIRECTION('ref_axis',(1.,0.,0.));
#5238=DIRECTION('',(0.,1.,0.));
#5239=DIRECTION('center_axis',(0.,1.,0.));
#5240=DIRECTION('ref_axis',(1.,0.,0.));
#5241=DIRECTION('center_axis',(0.,1.,0.));
#5242=DIRECTION('ref_axis',(1.,0.,0.));
#5243=DIRECTION('center_axis',(-3.33066907387547E-15,1.,0.));
#5244=DIRECTION('ref_axis',(1.,0.,0.));
#5245=DIRECTION('',(0.,1.,0.));
#5246=DIRECTION('center_axis',(0.,-1.,0.));
#5247=DIRECTION('ref_axis',(1.,0.,0.));
#5248=DIRECTION('center_axis',(1.,3.33066907387547E-15,3.92990299815529E-12));
#5249=DIRECTION('ref_axis',(3.92990299815529E-12,1.30892063792863E-26,-1.));
#5250=DIRECTION('',(3.92990299815529E-12,1.30892063792863E-26,-1.));
#5251=DIRECTION('',(-3.33066907387547E-15,1.,0.));
#5252=DIRECTION('',(-3.92990299815529E-12,-1.30892063792863E-26,1.));
#5253=DIRECTION('',(-3.33066907387547E-15,1.,0.));
#5254=DIRECTION('center_axis',(-3.33066907387547E-15,1.,0.));
#5255=DIRECTION('ref_axis',(1.,3.33066907387547E-15,3.70814490120181E-12));
#5256=DIRECTION('center_axis',(-3.33066907387547E-15,1.,0.));
#5257=DIRECTION('ref_axis',(1.,3.33066907387547E-15,3.70814490120181E-12));
#5258=DIRECTION('',(-3.33066907387547E-15,1.,0.));
#5259=DIRECTION('center_axis',(3.33066907387547E-15,-1.,0.));
#5260=DIRECTION('ref_axis',(1.,3.33066907387547E-15,3.70814490120181E-12));
#5261=DIRECTION('center_axis',(-1.,-3.33066907387547E-15,-3.97058729996246E-12));
#5262=DIRECTION('ref_axis',(-3.97058729996246E-12,-1.32247123251077E-26,
1.));
#5263=DIRECTION('',(-3.97058729996246E-12,-1.32247123251077E-26,1.));
#5264=DIRECTION('',(-3.33066907387547E-15,1.,0.));
#5265=DIRECTION('',(3.97058729996246E-12,1.32247123251077E-26,-1.));
#5266=DIRECTION('center_axis',(-1.,-3.31625059303618E-15,-4.15158946662922E-12));
#5267=DIRECTION('ref_axis',(4.15158946662922E-12,1.38275706439291E-26,-1.));
#5268=DIRECTION('',(4.15158946662922E-12,1.38275706439291E-26,-1.));
#5269=DIRECTION('',(3.31625059303618E-15,-1.,0.));
#5270=DIRECTION('center_axis',(-3.33066907387547E-15,1.,0.));
#5271=DIRECTION('ref_axis',(0.707106781186549,2.35513868802567E-15,0.707106781186546));
#5272=DIRECTION('center_axis',(3.33066907387547E-15,-1.,0.));
#5273=DIRECTION('ref_axis',(0.707106781186549,2.35513868802567E-15,0.707106781186546));
#5274=DIRECTION('',(3.33066907387547E-15,-1.,0.));
#5275=DIRECTION('center_axis',(-3.33066907387547E-15,1.,0.));
#5276=DIRECTION('ref_axis',(0.707106781186549,2.35513868802567E-15,0.707106781186546));
#5277=DIRECTION('',(-3.33066907387547E-15,1.,0.));
#5278=DIRECTION('center_axis',(0.,0.,1.));
#5279=DIRECTION('ref_axis',(1.,3.33066907387547E-15,0.));
#5280=DIRECTION('',(-1.,-3.33066907387547E-15,0.));
#5281=DIRECTION('',(3.33066907387547E-15,-1.,0.));
#5282=DIRECTION('',(1.,3.33066907387547E-15,0.));
#5283=DIRECTION('center_axis',(-3.33066907387547E-15,1.,0.));
#5284=DIRECTION('ref_axis',(-0.70710678118655,-2.35513868802567E-15,0.707106781186545));
#5285=DIRECTION('center_axis',(3.33066907387547E-15,-1.,0.));
#5286=DIRECTION('ref_axis',(-0.70710678118655,-2.35513868802567E-15,0.707106781186545));
#5287=DIRECTION('center_axis',(-3.33066907387547E-15,1.,0.));
#5288=DIRECTION('ref_axis',(-0.70710678118655,-2.35513868802567E-15,0.707106781186545));
#5289=DIRECTION('',(-3.33066907387547E-15,1.,0.));
#5290=DIRECTION('center_axis',(-1.,-3.33066907387547E-15,0.));
#5291=DIRECTION('ref_axis',(2.35513868802566E-15,-0.707106781186548,0.707106781186547));
#5292=DIRECTION('center_axis',(1.,3.33066907387547E-15,0.));
#5293=DIRECTION('ref_axis',(2.35513868802566E-15,-0.707106781186548,0.707106781186547));
#5294=DIRECTION('',(1.,3.33066907387547E-15,0.));
#5295=DIRECTION('center_axis',(-1.,0.,0.));
#5296=DIRECTION('ref_axis',(2.35513868802566E-15,-0.707106781186548,0.707106781186547));
#5297=DIRECTION('center_axis',(-1.,-3.33066907387547E-15,0.));
#5298=DIRECTION('ref_axis',(2.35513868802566E-15,-0.707106781186548,0.707106781186547));
#5299=DIRECTION('center_axis',(1.,-1.08314441426845E-16,0.));
#5300=DIRECTION('ref_axis',(2.35513868802566E-15,-0.707106781186548,0.707106781186547));
#5301=DIRECTION('',(1.,3.33066907387547E-15,0.));
#5302=DIRECTION('center_axis',(-1.,-3.33066907387547E-15,2.77725380901482E-17));
#5303=DIRECTION('ref_axis',(2.35513868802566E-15,-0.707106781186548,0.707106781186547));
#5304=DIRECTION('center_axis',(-3.33066907387547E-15,1.,0.));
#5305=DIRECTION('ref_axis',(-1.,-3.33066907387547E-15,0.));
#5306=DIRECTION('',(0.,0.,-1.));
#5307=DIRECTION('',(1.,3.33066907387547E-15,9.06304509898082E-16));
#5308=DIRECTION('',(-2.72256918406425E-61,-9.06797698284918E-76,-1.));
#5309=DIRECTION('center_axis',(3.33066907387547E-15,-1.,0.));
#5310=DIRECTION('ref_axis',(-1.,-3.33066907387547E-15,-9.04626168213088E-16));
#5311=DIRECTION('center_axis',(-3.33066907387547E-15,1.,0.));
#5312=DIRECTION('ref_axis',(-1.,-3.33066907387547E-15,0.));
#5313=DIRECTION('center_axis',(-3.33066907387547E-15,1.,0.));
#5314=DIRECTION('ref_axis',(-0.917481417740291,-2.8235126518119E-15,-0.397778642087865));
#5315=DIRECTION('',(2.77725380901482E-17,9.25011337198853E-32,1.));
#5316=DIRECTION('center_axis',(-9.06304509898082E-16,-3.01860040263141E-30,
1.));
#5317=DIRECTION('ref_axis',(1.,3.33066907387548E-15,9.06304509898082E-16));
#5318=DIRECTION('',(-1.,-3.33066907387547E-15,-9.06304509898082E-16));
#5319=DIRECTION('',(-3.02788097625042E-15,1.,0.));
#5320=DIRECTION('',(-1.08314441426845E-16,-1.,-3.11676626938365E-30));
#5321=DIRECTION('center_axis',(-3.33066907387547E-15,1.,0.));
#5322=DIRECTION('ref_axis',(-1.,-3.33066907387547E-15,-9.04626168213088E-16));
#5323=DIRECTION('',(-3.02788097625042E-15,1.,0.));
#5324=DIRECTION('center_axis',(3.33066907387547E-15,-1.,-3.62990039445887E-31));
#5325=DIRECTION('ref_axis',(-1.,-3.33066907387547E-15,-9.04626168213088E-16));
#5326=DIRECTION('',(-3.02788097625042E-15,1.,0.));
#5327=DIRECTION('center_axis',(3.33066907387548E-15,-1.,0.));
#5328=DIRECTION('ref_axis',(-0.00328186137939355,-1.09307942010889E-17,
-0.999994614678442));
#5329=DIRECTION('center_axis',(-3.33066907387547E-15,1.,0.));
#5330=DIRECTION('ref_axis',(-1.,-3.33066907387547E-15,0.));
#5331=DIRECTION('center_axis',(3.33066907387547E-15,-1.,0.));
#5332=DIRECTION('ref_axis',(1.,3.37507799486048E-15,0.));
#5333=DIRECTION('center_axis',(3.33066907387547E-15,-1.,0.));
#5334=DIRECTION('ref_axis',(-1.,-3.33066907387547E-15,0.));
#5335=DIRECTION('center_axis',(-3.33066907387547E-15,1.,0.));
#5336=DIRECTION('ref_axis',(0.683544303797466,2.27665987328196E-15,-0.729909024979167));
#5337=DIRECTION('',(3.33066907387547E-15,-1.,0.));
#5338=DIRECTION('center_axis',(3.33066907387547E-15,-1.,-3.62990039445887E-31));
#5339=DIRECTION('ref_axis',(0.683544303797466,2.27665987328196E-15,-0.729909024979167));
#5340=DIRECTION('',(3.33066907387547E-15,-1.,0.));
#5341=DIRECTION('center_axis',(3.33066907387548E-15,-1.,4.82079417399424E-31));
#5342=DIRECTION('ref_axis',(0.683544303797466,2.27665987328196E-15,-0.729909024979167));
#5343=DIRECTION('center_axis',(9.06304509898113E-16,3.01860040263151E-30,
1.));
#5344=DIRECTION('ref_axis',(1.,3.33066907387548E-15,-9.06304509898113E-16));
#5345=DIRECTION('',(-1.,-3.33066907387547E-15,9.06304509898113E-16));
#5346=DIRECTION('',(0.,1.,-3.01860040263151E-30));
#5347=DIRECTION('',(1.,3.33066907387548E-15,-9.06304509898113E-16));
#5348=DIRECTION('',(3.33066907387547E-15,-1.,0.));
#5349=DIRECTION('center_axis',(-1.,-3.33066907387547E-15,0.));
#5350=DIRECTION('ref_axis',(0.,9.86718961079428E-32,-1.));
#5351=DIRECTION('center_axis',(-1.,-3.33066907387547E-15,2.77725380901482E-17));
#5352=DIRECTION('ref_axis',(0.,9.86718961079428E-32,-1.));
#5353=DIRECTION('',(-1.,-3.33066907387547E-15,0.));
#5354=DIRECTION('center_axis',(1.,3.33066907387547E-15,-2.72256918406425E-61));
#5355=DIRECTION('ref_axis',(0.,9.86718961079428E-32,-1.));
#5356=DIRECTION('center_axis',(1.,-3.33066907387547E-15,0.));
#5357=DIRECTION('ref_axis',(0.,9.86718961079428E-32,-1.));
#5358=DIRECTION('center_axis',(1.,3.33066907387547E-15,0.));
#5359=DIRECTION('ref_axis',(0.,9.86718961079428E-32,-1.));
#5360=DIRECTION('',(1.,-3.33066907387547E-15,0.));
#5361=DIRECTION('center_axis',(-1.,-3.33066907387547E-15,0.));
#5362=DIRECTION('ref_axis',(0.,9.86718961079428E-32,-1.));
#5363=DIRECTION('center_axis',(-1.,-3.33066907387547E-15,0.));
#5364=DIRECTION('ref_axis',(0.,9.86718961079428E-32,-1.));
#5365=DIRECTION('center_axis',(-1.,-3.33066907387547E-15,2.77725380901482E-17));
#5366=DIRECTION('ref_axis',(0.,9.86718961079428E-32,-1.));
#5367=DIRECTION('',(-1.,-3.33066907387547E-15,0.));
#5368=DIRECTION('center_axis',(-1.,-3.33066907387547E-15,2.96252476362448E-17));
#5369=DIRECTION('ref_axis',(-2.96252476362448E-17,0.,-1.));
#5370=DIRECTION('center_axis',(3.22973970800046E-15,-1.,0.));
#5371=DIRECTION('ref_axis',(-1.,-3.22973970800046E-15,0.));
#5372=DIRECTION('center_axis',(-3.33066907387547E-15,1.,0.));
#5373=DIRECTION('ref_axis',(-1.,-3.22973970800046E-15,0.));
#5374=DIRECTION('',(3.22973970800046E-15,-1.,0.));
#5375=DIRECTION('',(3.22973970800046E-15,-1.,0.));
#5376=DIRECTION('center_axis',(-3.33066907387547E-15,1.,0.));
#5377=DIRECTION('ref_axis',(-1.,-3.22973970800046E-15,0.));
#5378=DIRECTION('center_axis',(-1.,-3.43159843975048E-15,-7.02672800395669E-17));
#5379=DIRECTION('ref_axis',(7.02672800395669E-17,2.34037056533133E-31,-1.));
#5380=DIRECTION('',(-7.02672800395669E-17,-2.34037056533133E-31,1.));
#5381=DIRECTION('',(3.43159843975048E-15,-1.,0.));
#5382=DIRECTION('',(-7.02672800395669E-17,-2.34037056533133E-31,1.));
#5383=DIRECTION('',(-3.43159843975048E-15,1.,0.));
#5384=DIRECTION('center_axis',(0.,0.,-1.));
#5385=DIRECTION('ref_axis',(1.,3.33066907387547E-15,0.));
#5386=DIRECTION('',(-1.,-3.33066907387548E-15,0.));
#5387=DIRECTION('',(3.43159843975048E-15,-1.,0.));
#5388=DIRECTION('',(-1.,-3.33066907387547E-15,0.));
#5389=DIRECTION('',(-3.43159843975048E-15,1.,0.));
#5390=DIRECTION('center_axis',(3.43159843975048E-15,-1.,0.));
#5391=DIRECTION('ref_axis',(0.707106781186547,2.09345661157837E-15,-0.707106781186548));
#5392=DIRECTION('center_axis',(3.33066907387548E-15,-1.,0.));
#5393=DIRECTION('ref_axis',(0.707106781186547,2.09345661157837E-15,-0.707106781186548));
#5394=DIRECTION('',(-3.43159843975048E-15,1.,0.));
#5395=DIRECTION('center_axis',(3.33066907387547E-15,-1.,0.));
#5396=DIRECTION('ref_axis',(0.707106781186547,2.09345661157837E-15,-0.707106781186548));
#5397=DIRECTION('center_axis',(1.,3.43159843975048E-15,-7.02672800395669E-17));
#5398=DIRECTION('ref_axis',(7.02672800395669E-17,2.34037056533115E-31,1.));
#5399=DIRECTION('',(-7.02672800395669E-17,-2.34037056533133E-31,-1.));
#5400=DIRECTION('',(3.43159843975048E-15,-1.,0.));
#5401=DIRECTION('',(-7.02672800395669E-17,-2.34037056533133E-31,-1.));
#5402=DIRECTION('center_axis',(3.43159843975048E-15,-1.,0.));
#5403=DIRECTION('ref_axis',(-0.707106781186547,-2.09345661157837E-15,-0.707106781186548));
#5404=DIRECTION('center_axis',(3.33066907387548E-15,-1.,0.));
#5405=DIRECTION('ref_axis',(-0.707106781186547,-2.09345661157837E-15,-0.707106781186548));
#5406=DIRECTION('center_axis',(3.33066907387547E-15,-1.,0.));
#5407=DIRECTION('ref_axis',(-0.707106781186547,-2.09345661157837E-15,-0.707106781186548));
#5408=DIRECTION('',(3.43159843975048E-15,-1.,0.));
#5409=DIRECTION('center_axis',(3.43159843975048E-15,-1.,0.));
#5410=DIRECTION('ref_axis',(0.707106781186547,2.09345661157837E-15,-0.707106781186548));
#5411=DIRECTION('center_axis',(3.33066907387548E-15,-1.,0.));
#5412=DIRECTION('ref_axis',(0.707106781186547,2.09345661157837E-15,-0.707106781186548));
#5413=DIRECTION('',(-3.43159843975048E-15,1.,0.));
#5414=DIRECTION('center_axis',(3.33066907387547E-15,-1.,0.));
#5415=DIRECTION('ref_axis',(0.707106781186547,2.09345661157837E-15,-0.707106781186548));
#5416=DIRECTION('',(3.43159843975048E-15,-1.,0.));
#5417=DIRECTION('center_axis',(-5.62138240316535E-16,-1.9290327083943E-30,
-1.));
#5418=DIRECTION('ref_axis',(1.,3.33066907387547E-15,-5.62138240316535E-16));
#5419=DIRECTION('',(-1.,-3.33066907387548E-15,5.62138240316535E-16));
#5420=DIRECTION('',(-1.,-3.33066907387547E-15,5.62138240316535E-16));
#5421=DIRECTION('',(-3.43159843975048E-15,1.,0.));
#5422=DIRECTION('center_axis',(3.43159843975048E-15,-1.,0.));
#5423=DIRECTION('ref_axis',(-0.707106781186548,-3.14018491736755E-15,-0.707106781186547));
#5424=DIRECTION('center_axis',(3.33066907387548E-15,-1.,0.));
#5425=DIRECTION('ref_axis',(-0.707106781186548,-3.14018491736755E-15,-0.707106781186547));
#5426=DIRECTION('center_axis',(3.33066907387547E-15,-1.,0.));
#5427=DIRECTION('ref_axis',(-0.707106781186548,-3.14018491736755E-15,-0.707106781186547));
#5428=DIRECTION('center_axis',(-3.33066907387547E-15,1.,0.));
#5429=DIRECTION('ref_axis',(-1.,-3.33066907387547E-15,0.));
#5430=DIRECTION('center_axis',(-3.33066907387547E-15,1.,0.));
#5431=DIRECTION('ref_axis',(-1.,-3.33066907387547E-15,0.));
#5432=DIRECTION('',(-3.33066907387547E-15,1.,0.));
#5433=DIRECTION('center_axis',(3.33066907387547E-15,-1.,0.));
#5434=DIRECTION('ref_axis',(-1.,-3.33066907387547E-15,0.));
#5435=DIRECTION('',(-3.33066907387548E-15,1.,0.));
#5436=DIRECTION('center_axis',(-3.33066907387547E-15,1.,0.));
#5437=DIRECTION('ref_axis',(-1.54861878306688E-15,-4.85452864751391E-30,
-1.));
#5438=DIRECTION('center_axis',(-3.33066907387547E-15,1.,0.));
#5439=DIRECTION('ref_axis',(-0.464285714285711,-1.5463820700136E-15,0.885685483402662));
#5440=DIRECTION('',(-3.33066907387548E-15,1.,0.));
#5441=DIRECTION('center_axis',(3.33066907387547E-15,-1.,0.));
#5442=DIRECTION('ref_axis',(-0.464285714285711,-1.5463820700136E-15,0.885685483402662));
#5443=DIRECTION('',(3.33066907387547E-15,-1.,0.));
#5444=DIRECTION('center_axis',(-0.133439263756776,-0.939692620785908,-0.31491545107943));
#5445=DIRECTION('ref_axis',(0.366621364040399,-0.342020143325669,0.865223090878096));
#5446=DIRECTION('',(3.33066907387547E-15,-1.,0.));
#5447=DIRECTION('center_axis',(3.33066907387547E-15,-1.,0.));
#5448=DIRECTION('ref_axis',(-0.464285714285711,-1.5463820700136E-15,0.885685483402662));
#5449=DIRECTION('',(3.33066907387547E-15,-1.,0.));
#5450=DIRECTION('center_axis',(0.100978329781669,-0.965925826289068,-0.238307941584592));
#5451=DIRECTION('ref_axis',(-0.376856257208621,-0.258819045102521,0.889377345840858));
#5452=DIRECTION('',(3.33066907387547E-15,-1.,0.));
#5453=DIRECTION('center_axis',(3.33066907387547E-15,-1.,0.));
#5454=DIRECTION('ref_axis',(-0.464285714285711,-1.5463820700136E-15,0.885685483402662));
#5455=DIRECTION('center_axis',(-3.33066907387547E-15,1.,0.));
#5456=DIRECTION('ref_axis',(0.464285714285732,1.54638207001367E-15,-0.885685483402651));
#5457=DIRECTION('center_axis',(-3.33066907387547E-15,1.,0.));
#5458=DIRECTION('ref_axis',(0.464285714285732,1.54638207001367E-15,-0.885685483402651));
#5459=DIRECTION('center_axis',(3.33066907387547E-15,-1.,0.));
#5460=DIRECTION('ref_axis',(0.464285714285732,1.54638207001367E-15,-0.885685483402651));
#5461=DIRECTION('',(-3.33066907387547E-15,1.,0.));
#5462=DIRECTION('center_axis',(-1.,-3.33066907387547E-15,-9.31718496580895E-15));
#5463=DIRECTION('ref_axis',(-9.31718496580895E-15,-3.10324598211974E-29,
1.));
#5464=DIRECTION('',(9.31718496580895E-15,3.10324598211974E-29,-1.));
#5465=DIRECTION('',(-9.31718496580895E-15,-3.10324598211974E-29,1.));
#5466=DIRECTION('center_axis',(-1.,-3.33066907387547E-15,0.));
#5467=DIRECTION('ref_axis',(0.,0.,1.));
#5468=DIRECTION('center_axis',(1.,3.33066907387547E-15,0.));
#5469=DIRECTION('ref_axis',(-1.57009245868377E-15,0.707106781186547,0.707106781186548));
#5470=DIRECTION('',(-1.60564700668417E-45,4.82079417399424E-31,1.));
#5471=DIRECTION('',(1.20899969850725E-45,-3.62990039445887E-31,1.));
#5472=DIRECTION('center_axis',(-3.33066907387547E-15,1.,0.));
#5473=DIRECTION('ref_axis',(-0.00549491926007289,-1.83017576429674E-17,
-0.9999849028172));
#5474=DIRECTION('center_axis',(-3.33066907387547E-15,1.,3.62990039445887E-31));
#5475=DIRECTION('ref_axis',(-1.,-3.33066907387547E-15,0.));
#5476=DIRECTION('center_axis',(-1.,-3.43159843975048E-15,-7.02672800395668E-17));
#5477=DIRECTION('ref_axis',(7.02672800395668E-17,2.34037056533133E-31,-1.));
#5478=DIRECTION('',(-7.02672800395668E-17,-2.34037056533133E-31,1.));
#5479=DIRECTION('',(-7.02672800395668E-17,-2.34037056533133E-31,1.));
#5480=DIRECTION('',(-3.43159843975048E-15,1.,0.));
#5481=DIRECTION('center_axis',(3.43159843975048E-15,-1.,0.));
#5482=DIRECTION('ref_axis',(-0.707106781186548,-2.09345661157837E-15,0.707106781186547));
#5483=DIRECTION('center_axis',(3.33066907387548E-15,-1.,0.));
#5484=DIRECTION('ref_axis',(-0.707106781186548,-2.09345661157837E-15,0.707106781186547));
#5485=DIRECTION('center_axis',(3.33066907387547E-15,-1.,0.));
#5486=DIRECTION('ref_axis',(-0.707106781186548,-2.09345661157837E-15,0.707106781186547));
#5487=DIRECTION('',(3.43159843975048E-15,-1.,0.));
#5488=DIRECTION('center_axis',(1.40534560079134E-16,4.82258177098576E-31,
1.));
#5489=DIRECTION('ref_axis',(-1.,-3.33066907387547E-15,1.40534560079134E-16));
#5490=DIRECTION('',(1.,3.33066907387548E-15,-1.40534560079134E-16));
#5491=DIRECTION('',(1.,3.33066907387547E-15,-1.40534560079134E-16));
#5492=DIRECTION('',(-3.43159843975048E-15,1.,0.));
#5493=DIRECTION('center_axis',(3.43159843975048E-15,-1.,0.));
#5494=DIRECTION('ref_axis',(0.707106781186547,2.09345661157837E-15,0.707106781186548));
#5495=DIRECTION('center_axis',(3.33066907387548E-15,-1.,0.));
#5496=DIRECTION('ref_axis',(0.707106781186547,2.09345661157837E-15,0.707106781186548));
#5497=DIRECTION('center_axis',(3.33066907387547E-15,-1.,0.));
#5498=DIRECTION('ref_axis',(0.707106781186547,2.09345661157837E-15,0.707106781186548));
#5499=DIRECTION('center_axis',(3.33066907387547E-15,-1.,0.));
#5500=DIRECTION('ref_axis',(1.21543267145725E-61,0.,-1.));
#5501=DIRECTION('center_axis',(-3.33066907387547E-15,1.,0.));
#5502=DIRECTION('ref_axis',(1.21543267145725E-61,0.,-1.));
#5503=DIRECTION('center_axis',(-3.33066907387548E-15,1.,0.));
#5504=DIRECTION('ref_axis',(1.21543267145725E-61,0.,-1.));
#5505=DIRECTION('',(-3.33066907387547E-15,1.,0.));
#5506=DIRECTION('center_axis',(3.33066907387547E-15,-1.,0.));
#5507=DIRECTION('ref_axis',(1.,3.33066907387547E-15,0.));
#5508=DIRECTION('center_axis',(-3.33066907387547E-15,1.,0.));
#5509=DIRECTION('ref_axis',(1.,3.33066907387547E-15,0.));
#5510=DIRECTION('',(-3.33066907387547E-15,1.,0.));
#5511=DIRECTION('center_axis',(-3.33066907387548E-15,1.,0.));
#5512=DIRECTION('ref_axis',(1.,3.33066907387547E-15,0.));
#5513=DIRECTION('center_axis',(-1.,-3.33066907387547E-15,-2.26576127474522E-16));
#5514=DIRECTION('ref_axis',(-2.26576127474522E-16,-7.54650100657857E-31,
1.));
#5515=DIRECTION('',(2.26576127474522E-16,7.54650100657857E-31,-1.));
#5516=DIRECTION('',(-3.33066907387547E-15,1.,0.));
#5517=DIRECTION('',(2.26576127474522E-16,7.54650100657857E-31,-1.));
#5518=DIRECTION('center_axis',(3.33066907387547E-15,-1.,0.));
#5519=DIRECTION('ref_axis',(-4.16333634234434E-16,-1.38666955995881E-30,
1.));
#5520=DIRECTION('center_axis',(-3.33066907387547E-15,1.,0.));
#5521=DIRECTION('ref_axis',(-4.16333634234434E-16,-1.38666955995881E-30,
1.));
#5522=DIRECTION('center_axis',(-3.33066907387548E-15,1.,0.));
#5523=DIRECTION('ref_axis',(-4.16333634234434E-16,-1.38666955995881E-30,
1.));
#5524=DIRECTION('center_axis',(3.33066907387547E-15,-1.,0.));
#5525=DIRECTION('ref_axis',(-1.,-3.33066907387547E-15,0.));
#5526=DIRECTION('center_axis',(-3.33066907387547E-15,1.,0.));
#5527=DIRECTION('ref_axis',(-1.,-3.33066907387547E-15,0.));
#5528=DIRECTION('',(-3.33066907387547E-15,1.,0.));
#5529=DIRECTION('center_axis',(-3.33066907387548E-15,1.,0.));
#5530=DIRECTION('ref_axis',(-1.,-3.33066907387547E-15,0.));
#5531=DIRECTION('center_axis',(1.,3.33066907387547E-15,3.11150763893057E-61));
#5532=DIRECTION('ref_axis',(1.34052786765767E-46,-4.02480053684189E-32,
-1.));
#5533=DIRECTION('',(-3.11150763893057E-61,-1.03634022661133E-75,1.));
#5534=DIRECTION('',(-3.11150763893057E-61,-1.03634022661134E-75,1.));
#5535=DIRECTION('center_axis',(3.43159843975048E-15,-1.,0.));
#5536=DIRECTION('ref_axis',(-0.707106781186548,-2.09345661157837E-15,0.707106781186547));
#5537=DIRECTION('center_axis',(3.33066907387548E-15,-1.,0.));
#5538=DIRECTION('ref_axis',(-0.707106781186548,-2.09345661157837E-15,0.707106781186547));
#5539=DIRECTION('center_axis',(3.33066907387547E-15,-1.,0.));
#5540=DIRECTION('ref_axis',(-0.707106781186548,-2.09345661157837E-15,0.707106781186547));
#5541=DIRECTION('',(3.43159843975048E-15,-1.,0.));
#5542=DIRECTION('center_axis',(0.,0.,1.));
#5543=DIRECTION('ref_axis',(-1.,-3.33066907387547E-15,0.));
#5544=DIRECTION('',(1.,3.33066907387548E-15,0.));
#5545=DIRECTION('',(1.,3.33066907387547E-15,0.));
#5546=DIRECTION('',(-3.43159843975048E-15,1.,0.));
#5547=DIRECTION('center_axis',(3.43159843975048E-15,-1.,0.));
#5548=DIRECTION('ref_axis',(0.707106781186548,2.09345661157837E-15,0.707106781186547));
#5549=DIRECTION('center_axis',(3.33066907387548E-15,-1.,0.));
#5550=DIRECTION('ref_axis',(0.707106781186548,2.09345661157837E-15,0.707106781186547));
#5551=DIRECTION('center_axis',(3.33066907387547E-15,-1.,0.));
#5552=DIRECTION('ref_axis',(0.707106781186548,2.09345661157837E-15,0.707106781186547));
#5553=DIRECTION('',(3.43159843975048E-15,-1.,0.));
#5554=DIRECTION('center_axis',(1.,3.43159843975048E-15,2.10801840118701E-16));
#5555=DIRECTION('ref_axis',(-2.10801840118701E-16,-7.02111169599398E-31,
1.));
#5556=DIRECTION('',(2.10801840118701E-16,7.02111169599398E-31,-1.));
#5557=DIRECTION('',(2.10801840118701E-16,7.02111169599398E-31,-1.));
#5558=DIRECTION('center_axis',(3.33066907387548E-15,-1.,0.));
#5559=DIRECTION('ref_axis',(1.,3.33066907387548E-15,0.));
#5560=DIRECTION('center_axis',(-3.33066907387548E-15,1.,0.));
#5561=DIRECTION('ref_axis',(1.21543267145725E-61,0.,1.));
#5562=DIRECTION('',(3.11150763893057E-61,1.03634022661134E-75,1.));
#5563=DIRECTION('center_axis',(-3.33066907387548E-15,1.,0.));
#5564=DIRECTION('ref_axis',(-1.,-3.33066907387547E-15,0.));
#5565=DIRECTION('center_axis',(-3.33066907387548E-15,1.,0.));
#5566=DIRECTION('ref_axis',(-4.16333634234434E-16,-1.38666955995881E-30,
-1.));
#5567=DIRECTION('',(-2.26576127474522E-16,-7.54650100657857E-31,-1.));
#5568=DIRECTION('center_axis',(-3.33066907387548E-15,1.,0.));
#5569=DIRECTION('ref_axis',(1.,3.33066907387547E-15,0.));
#5570=DIRECTION('',(1.,3.33066907387548E-15,4.53152254949043E-16));
#5571=DIRECTION('center_axis',(-3.33066907387547E-15,1.,0.));
#5572=DIRECTION('ref_axis',(1.21543267145725E-61,0.,1.));
#5573=DIRECTION('center_axis',(-3.33066907387547E-15,1.,0.));
#5574=DIRECTION('ref_axis',(1.21543267145725E-61,0.,1.));
#5575=DIRECTION('',(-3.33066907387547E-15,1.,0.));
#5576=DIRECTION('',(-3.33066907387547E-15,1.,0.));
#5577=DIRECTION('center_axis',(-4.53152254949043E-16,-1.50930020131571E-30,
1.));
#5578=DIRECTION('ref_axis',(1.,3.33066907387547E-15,4.53152254949043E-16));
#5579=DIRECTION('',(1.,3.33066907387547E-15,4.53152254949043E-16));
#5580=DIRECTION('',(-3.33066907387547E-15,1.,0.));
#5581=DIRECTION('center_axis',(-3.33066907387547E-15,1.,0.));
#5582=DIRECTION('ref_axis',(1.,3.33066907387547E-15,0.));
#5583=DIRECTION('center_axis',(-3.33066907387547E-15,1.,0.));
#5584=DIRECTION('ref_axis',(1.,3.33066907387547E-15,0.));
#5585=DIRECTION('',(-3.33066907387547E-15,1.,0.));
#5586=DIRECTION('center_axis',(1.,3.33066907387547E-15,-2.26576127474522E-16));
#5587=DIRECTION('ref_axis',(-2.26576127474522E-16,-7.54650100657857E-31,
-1.));
#5588=DIRECTION('',(-2.26576127474522E-16,-7.54650100657857E-31,-1.));
#5589=DIRECTION('',(-3.33066907387547E-15,1.,0.));
#5590=DIRECTION('center_axis',(-3.33066907387547E-15,1.,0.));
#5591=DIRECTION('ref_axis',(-4.16333634234434E-16,-1.38666955995881E-30,
-1.));
#5592=DIRECTION('center_axis',(-3.33066907387547E-15,1.,0.));
#5593=DIRECTION('ref_axis',(-4.16333634234434E-16,-1.38666955995881E-30,
-1.));
#5594=DIRECTION('center_axis',(-3.33066907387547E-15,1.,0.));
#5595=DIRECTION('ref_axis',(-1.,-3.33066907387547E-15,0.));
#5596=DIRECTION('center_axis',(-3.33066907387547E-15,1.,0.));
#5597=DIRECTION('ref_axis',(-1.,-3.33066907387547E-15,0.));
#5598=DIRECTION('',(-3.33066907387547E-15,1.,0.));
#5599=DIRECTION('center_axis',(-1.,-3.33066907387547E-15,3.11150763893057E-61));
#5600=DIRECTION('ref_axis',(1.34052786765767E-46,-4.02480053684189E-32,
1.));
#5601=DIRECTION('',(3.11150763893057E-61,1.03634022661133E-75,1.));
#5602=DIRECTION('center_axis',(1.,3.33066907387547E-15,-2.77725380901482E-17));
#5603=DIRECTION('ref_axis',(2.77725380901482E-17,9.25011337198853E-32,1.));
#5604=DIRECTION('',(-2.77725380901482E-17,-9.25011337198853E-32,-1.));
#5605=DIRECTION('',(3.33066907387547E-15,-1.,1.23334844959848E-33));
#5606=DIRECTION('center_axis',(3.37507799486048E-15,-1.,0.));
#5607=DIRECTION('ref_axis',(-0.917481417740291,-2.8235126518119E-15,-0.397778642087865));
#5608=DIRECTION('center_axis',(3.33066907387547E-15,-1.,0.));
#5609=DIRECTION('ref_axis',(-0.917481417740291,-2.8235126518119E-15,-0.397778642087865));
#5610=DIRECTION('',(-3.37507799486048E-15,1.,0.));
#5611=DIRECTION('center_axis',(-3.37507799486048E-15,1.,0.));
#5612=DIRECTION('ref_axis',(-1.93716910436791E-15,-6.88460426374701E-30,
-1.));
#5613=DIRECTION('center_axis',(-3.33066907387547E-15,1.,0.));
#5614=DIRECTION('ref_axis',(1.,3.37507799486048E-15,0.));
#5615=DIRECTION('',(3.37507799486048E-15,-1.,0.));
#5616=DIRECTION('center_axis',(-3.37507799486048E-15,1.,0.));
#5617=DIRECTION('ref_axis',(0.91748141774029,2.8235126518119E-15,-0.397778642087867));
#5618=DIRECTION('center_axis',(3.33066907387547E-15,-1.,0.));
#5619=DIRECTION('ref_axis',(0.91748141774029,2.8235126518119E-15,-0.397778642087867));
#5620=DIRECTION('center_axis',(-3.33066907387547E-15,1.,0.));
#5621=DIRECTION('ref_axis',(0.91748141774029,2.8235126518119E-15,-0.397778642087867));
#5622=DIRECTION('',(-3.33066907387547E-15,1.,0.));
#5623=DIRECTION('center_axis',(-2.96059473233375E-15,1.,0.));
#5624=DIRECTION('ref_axis',(0.91748141774029,2.95257616965141E-15,-0.397778642087867));
#5625=DIRECTION('',(0.483338812456622,0.707106781186549,-0.516123621212031));
#5626=DIRECTION('',(0.707106781186546,0.707106781186549,0.));
#5627=DIRECTION('center_axis',(-3.33066907387547E-15,1.,0.));
#5628=DIRECTION('ref_axis',(0.91748141774029,3.05582698392301E-15,-0.397778642087867));
#5629=DIRECTION('center_axis',(3.33066907387547E-15,-1.,0.));
#5630=DIRECTION('ref_axis',(-1.96005385927235E-15,2.34854870593691E-17,
-1.));
#5631=DIRECTION('center_axis',(3.33066907387547E-15,-1.,0.));
#5632=DIRECTION('ref_axis',(1.,3.33066907387547E-15,0.));
#5633=DIRECTION('',(-0.483338812456629,0.707106781186546,-0.516123621212029));
#5634=DIRECTION('center_axis',(-2.96059473233375E-15,1.,0.));
#5635=DIRECTION('ref_axis',(-0.917481417740291,-2.95257616965141E-15,-0.397778642087865));
#5636=DIRECTION('',(-0.707106781186549,0.707106781186546,-6.54205191118239E-17));
#5637=DIRECTION('center_axis',(-3.33066907387547E-15,1.,0.));
#5638=DIRECTION('ref_axis',(-0.917481417740291,-3.05582698392301E-15,-0.397778642087865));
#5639=DIRECTION('center_axis',(0.707106781186545,0.70710678118655,-1.96381500143055E-17));
#5640=DIRECTION('ref_axis',(-2.77725380901483E-17,0.,-1.));
#5641=DIRECTION('',(2.77725380901482E-17,9.25011337198853E-32,1.));
#5642=DIRECTION('center_axis',(3.31625059303618E-15,-1.,0.));
#5643=DIRECTION('ref_axis',(1.,3.31625059303618E-15,4.15075381317031E-12));
#5644=DIRECTION('center_axis',(3.33066907387547E-15,-1.,0.));
#5645=DIRECTION('ref_axis',(1.,3.31625059303618E-15,4.15075381317031E-12));
#5646=DIRECTION('center_axis',(3.33066907387547E-15,-1.,0.));
#5647=DIRECTION('ref_axis',(1.,3.31625059303618E-15,4.15075381317031E-12));
#5648=DIRECTION('center_axis',(-0.86602540378444,0.,0.499999999999997));
#5649=DIRECTION('ref_axis',(-0.499999999999997,-1.35545031220313E-46,-0.86602540378444));
#5650=DIRECTION('',(0.,-1.,0.));
#5651=DIRECTION('',(-0.470259207415944,0.339742713479043,-0.814512839971492));
#5652=DIRECTION('',(0.499999999999997,1.66533453693773E-15,0.86602540378444));
#5653=DIRECTION('',(-9.15436820198808E-16,1.,-1.58558308370364E-15));
#5654=DIRECTION('',(0.499999999999997,1.66533453693773E-15,0.86602540378444));
#5655=DIRECTION('center_axis',(-3.37507799486048E-15,1.,0.));
#5656=DIRECTION('ref_axis',(1.,3.37507799486048E-15,0.));
#5657=DIRECTION('',(-3.37507799486048E-15,1.,0.));
#5658=DIRECTION('center_axis',(-3.33066907387547E-15,1.,3.62990039445887E-31));
#5659=DIRECTION('ref_axis',(1.,3.37507799486048E-15,0.));
#5660=DIRECTION('',(3.37507799486048E-15,-1.,0.));
#5661=DIRECTION('center_axis',(3.33066907387547E-15,-1.,0.));
#5662=DIRECTION('ref_axis',(1.,3.37507799486048E-15,0.));
#5663=DIRECTION('center_axis',(0.,-1.,0.));
#5664=DIRECTION('ref_axis',(-0.464285771817135,0.,0.885685453244077));
#5665=DIRECTION('',(0.,1.,0.));
#5666=DIRECTION('center_axis',(3.33066907387547E-15,-1.,-3.62990039445887E-31));
#5667=DIRECTION('ref_axis',(-0.464285771817135,0.,0.885685453244077));
#5668=DIRECTION('',(0.,-1.,0.));
#5669=DIRECTION('center_axis',(-0.100978329781669,0.965925826289068,0.238307941584592));
#5670=DIRECTION('ref_axis',(-0.376856257208633,-0.258819045102521,0.889377345840853));
#5671=DIRECTION('center_axis',(-3.37507799486048E-15,1.,0.));
#5672=DIRECTION('ref_axis',(-0.996584123374577,-3.36354914482885E-15,0.0825838061470049));
#5673=DIRECTION('',(3.37507799486048E-15,-1.,0.));
#5674=DIRECTION('center_axis',(3.33066907387547E-15,-1.,0.));
#5675=DIRECTION('ref_axis',(1.,3.37507799486048E-15,0.));
#5676=DIRECTION('',(3.37507799486048E-15,-1.,0.));
#5677=DIRECTION('center_axis',(-3.33066907387547E-15,1.,3.62990039445887E-31));
#5678=DIRECTION('ref_axis',(1.,3.37507799486048E-15,0.));
#5679=DIRECTION('center_axis',(-9.15436820198808E-16,1.,-1.58558308370364E-15));
#5680=DIRECTION('ref_axis',(0.235078946012625,0.,-0.97197628013321));
#5681=DIRECTION('center_axis',(3.33066907387547E-15,-1.,0.));
#5682=DIRECTION('ref_axis',(0.235078946012625,0.,-0.97197628013321));
#5683=DIRECTION('center_axis',(3.33066907387547E-15,-1.,-3.62990039445887E-31));
#5684=DIRECTION('ref_axis',(0.235078946012625,0.,-0.97197628013321));
#5685=DIRECTION('center_axis',(-3.37507799486048E-15,1.,0.));
#5686=DIRECTION('ref_axis',(1.,3.37507799486048E-15,0.));
#5687=DIRECTION('',(-3.37507799486048E-15,1.,0.));
#5688=DIRECTION('center_axis',(-3.33066907387547E-15,1.,3.62990039445887E-31));
#5689=DIRECTION('ref_axis',(1.,3.37507799486048E-15,0.));
#5690=DIRECTION('',(-3.37507799486048E-15,1.,0.));
#5691=DIRECTION('center_axis',(3.33066907387547E-15,-1.,0.));
#5692=DIRECTION('ref_axis',(1.,3.37507799486048E-15,0.));
#5693=DIRECTION('center_axis',(9.15436820198818E-16,-1.,-1.58558308370364E-15));
#5694=DIRECTION('ref_axis',(-0.235078946012622,0.,-0.971976280133211));
#5695=DIRECTION('center_axis',(3.33066907387547E-15,-1.,0.));
#5696=DIRECTION('ref_axis',(-0.235078946012622,0.,-0.971976280133211));
#5697=DIRECTION('',(9.15436820198818E-16,-1.,-1.58558308370364E-15));
#5698=DIRECTION('center_axis',(3.33066907387547E-15,-1.,-3.62990039445887E-31));
#5699=DIRECTION('ref_axis',(-0.235078946012622,0.,-0.971976280133211));
#5700=DIRECTION('center_axis',(0.866025403784437,0.,0.500000000000002));
#5701=DIRECTION('ref_axis',(-0.500000000000002,1.35545031220313E-46,0.866025403784437));
#5702=DIRECTION('',(0.,1.,0.));
#5703=DIRECTION('',(0.500000000000002,1.66533453693774E-15,-0.866025403784437));
#5704=DIRECTION('',(0.500000000000002,1.66533453693774E-15,-0.866025403784437));
#5705=DIRECTION('',(-0.483205822458567,-0.25699909059872,0.836937035011339));
#5706=DIRECTION('center_axis',(0.,-1.,0.));
#5707=DIRECTION('ref_axis',(0.27914413528301,0.,0.960249213348858));
#5708=DIRECTION('center_axis',(-3.33066907387547E-15,1.,3.62990039445887E-31));
#5709=DIRECTION('ref_axis',(0.27914413528301,0.,0.960249213348858));
#5710=DIRECTION('center_axis',(0.100978329781669,-0.965925826289068,-0.238307941584592));
#5711=DIRECTION('ref_axis',(-0.376856257208633,-0.258819045102521,0.889377345840853));
#5712=DIRECTION('center_axis',(0.,-1.,0.));
#5713=DIRECTION('ref_axis',(-0.279144135283021,0.,0.960249213348855));
#5714=DIRECTION('center_axis',(-3.33066907387547E-15,1.,3.62990039445887E-31));
#5715=DIRECTION('ref_axis',(-0.279144135283021,0.,0.960249213348855));
#5716=DIRECTION('',(0.,1.,0.));
#5717=DIRECTION('center_axis',(-0.133439263756776,-0.939692620785908,-0.31491545107943));
#5718=DIRECTION('ref_axis',(0.366621364040391,-0.342020143325669,0.8652230908781));
#5719=DIRECTION('center_axis',(0.100978329781669,-0.965925826289068,-0.238307941584592));
#5720=DIRECTION('ref_axis',(0.994813322583618,0.100978329781669,0.0122405116170345));
#5721=DIRECTION('center_axis',(0.100978329781669,-0.965925826289068,-0.238307941584592));
#5722=DIRECTION('ref_axis',(-0.376856257208633,-0.258819045102521,0.889377345840853));
#5723=DIRECTION('',(0.250160888148716,0.256487867550514,-0.933613144637561));
#5724=DIRECTION('center_axis',(0.,-1.,0.));
#5725=DIRECTION('ref_axis',(-0.876383441375099,0.,0.481614019400951));
#5726=DIRECTION('center_axis',(-3.33066907387547E-15,1.,3.62990039445887E-31));
#5727=DIRECTION('ref_axis',(-0.876383441375099,0.,0.481614019400951));
#5728=DIRECTION('',(0.,-1.,0.));
#5729=DIRECTION('center_axis',(-0.965925826289068,0.,-0.258819045102521));
#5730=DIRECTION('ref_axis',(0.258819045102521,-1.35332785447614E-46,-0.965925826289068));
#5731=DIRECTION('',(-1.95192542041724E-16,1.,7.28468484158239E-16));
#5732=DIRECTION('',(-0.258819045102521,-8.62040589252949E-16,0.965925826289068));
#5733=DIRECTION('',(-0.258819045102521,-8.62040589252949E-16,0.965925826289068));
#5734=DIRECTION('center_axis',(-3.33066907387547E-15,1.,0.));
#5735=DIRECTION('ref_axis',(0.,0.,1.));
#5736=DIRECTION('center_axis',(3.33066907387547E-15,-1.,0.));
#5737=DIRECTION('ref_axis',(-0.856731195866325,0.,-0.515763180180067));
#5738=DIRECTION('center_axis',(3.33066907387547E-15,-1.,0.));
#5739=DIRECTION('ref_axis',(0.856731195866324,0.,-0.51576318018007));
#5740=DIRECTION('',(-0.25881904510252,-8.62040589252944E-16,-0.965925826289069));
#5741=DIRECTION('center_axis',(-1.95192542041724E-16,1.,7.28468484158239E-16));
#5742=DIRECTION('ref_axis',(0.856731195866324,0.,-0.51576318018007));
#5743=DIRECTION('center_axis',(3.33066907387547E-15,-1.,-3.62990039445887E-31));
#5744=DIRECTION('ref_axis',(0.856731195866324,0.,-0.51576318018007));
#5745=DIRECTION('center_axis',(-0.133439263756776,-0.939692620785908,-0.31491545107943));
#5746=DIRECTION('ref_axis',(0.990820175876766,-0.133439263756776,-0.0216643015946753));
#5747=DIRECTION('center_axis',(-0.133439263756776,-0.939692620785908,-0.31491545107943));
#5748=DIRECTION('ref_axis',(0.366621364040391,-0.342020143325669,0.8652230908781));
#5749=DIRECTION('',(0.24348386741974,-0.339102525141253,0.908694164033836));
#5750=DIRECTION('center_axis',(0.133439263756776,0.939692620785908,0.31491545107943));
#5751=DIRECTION('ref_axis',(0.36662136404039,-0.342020143325669,0.8652230908781));
#5752=DIRECTION('center_axis',(0.,-1.,0.));
#5753=DIRECTION('ref_axis',(-0.464285771817135,0.,0.885685453244077));
#5754=DIRECTION('',(0.,-1.,0.));
#5755=DIRECTION('center_axis',(3.33066907387547E-15,-1.,-3.62990039445887E-31));
#5756=DIRECTION('ref_axis',(-0.464285771817135,0.,0.885685453244077));
#5757=DIRECTION('center_axis',(0.,-1.,0.));
#5758=DIRECTION('ref_axis',(0.876383441375093,0.,0.481614019400961));
#5759=DIRECTION('center_axis',(-3.33066907387547E-15,1.,3.62990039445887E-31));
#5760=DIRECTION('ref_axis',(0.876383441375093,0.,0.481614019400961));
#5761=DIRECTION('',(0.,1.,0.));
#5762=DIRECTION('center_axis',(0.965925826289069,0.,-0.25881904510252));
#5763=DIRECTION('ref_axis',(0.25881904510252,1.35332785447613E-46,0.965925826289069));
#5764=DIRECTION('',(1.95192542041727E-16,-1.,7.28468484158253E-16));
#5765=DIRECTION('',(-0.25881904510252,-8.62040589252944E-16,-0.965925826289068));
#5766=DIRECTION('center_axis',(1.95192542041727E-16,-1.,7.28468484158253E-16));
#5767=DIRECTION('ref_axis',(-0.856731195866325,0.,-0.515763180180067));
#5768=DIRECTION('center_axis',(3.33066907387547E-15,-1.,-3.62990039445887E-31));
#5769=DIRECTION('ref_axis',(-0.856731195866325,0.,-0.515763180180067));
#5770=DIRECTION('center_axis',(3.33066907387547E-15,-1.,0.));
#5771=DIRECTION('ref_axis',(1.,3.33066907387547E-15,0.));
#5772=DIRECTION('center_axis',(3.33066907387547E-15,-1.,0.));
#5773=DIRECTION('ref_axis',(-1.,-3.33066907387547E-15,-3.79030140500083E-12));
#5774=DIRECTION('center_axis',(-1.,0.,0.));
#5775=DIRECTION('ref_axis',(0.,-1.,0.));
#5776=DIRECTION('center_axis',(1.,0.,0.));
#5777=DIRECTION('ref_axis',(0.,-1.,0.));
#5778=DIRECTION('',(-1.,0.,0.));
#5779=DIRECTION('center_axis',(-1.,0.,0.));
#5780=DIRECTION('ref_axis',(0.,-1.,0.));
#5781=DIRECTION('',(-1.,0.,0.));
#5782=DIRECTION('center_axis',(-1.,0.,0.));
#5783=DIRECTION('ref_axis',(0.,0.,-1.));
#5784=DIRECTION('',(-1.,0.,0.));
#5785=DIRECTION('',(-1.,0.,0.));
#5786=DIRECTION('center_axis',(-1.,0.,0.));
#5787=DIRECTION('ref_axis',(0.,0.,-1.));
#5788=DIRECTION('',(-1.,0.,0.));
#5789=DIRECTION('center_axis',(-1.,0.,0.));
#5790=DIRECTION('ref_axis',(0.,0.,-1.));
#5791=DIRECTION('center_axis',(-1.,0.,0.));
#5792=DIRECTION('ref_axis',(0.,-1.,0.));
#5793=DIRECTION('',(0.,0.,-1.));
#5794=DIRECTION('center_axis',(1.,0.,0.));
#5795=DIRECTION('ref_axis',(0.,9.86718961079428E-32,-1.));
#5796=DIRECTION('center_axis',(1.,0.,0.));
#5797=DIRECTION('ref_axis',(0.,0.,-1.));
#5798=DIRECTION('',(0.,0.939171819821729,-0.343447656641796));
#5799=DIRECTION('',(0.,0.,1.));
#5800=DIRECTION('',(0.,-5.55111512312578E-17,-1.));
#5801=DIRECTION('center_axis',(-1.,0.,0.));
#5802=DIRECTION('ref_axis',(0.,-0.707106781186547,-0.707106781186548));
#5803=DIRECTION('',(0.,1.,1.26882631385732E-15));
#5804=DIRECTION('center_axis',(-1.,0.,0.));
#5805=DIRECTION('ref_axis',(0.,0.978419388216928,-0.206628896239642));
#5806=DIRECTION('center_axis',(1.,0.,0.));
#5807=DIRECTION('ref_axis',(0.,0.34344765664181,0.939171819821724));
#5808=DIRECTION('center_axis',(0.,-1.26882631385732E-15,1.));
#5809=DIRECTION('ref_axis',(0.,1.,1.26882631385732E-15));
#5810=DIRECTION('',(1.,0.,0.));
#5811=DIRECTION('',(-1.,0.,0.));
#5812=DIRECTION('',(0.,1.,1.26882631385732E-15));
#5813=DIRECTION('center_axis',(0.,-1.,5.55111512312578E-17));
#5814=DIRECTION('ref_axis',(0.,5.55111512312578E-17,1.));
#5815=DIRECTION('',(0.,5.55111512312578E-17,1.));
#5816=DIRECTION('center_axis',(-1.,0.,0.));
#5817=DIRECTION('ref_axis',(0.,-0.707106781186547,-0.707106781186548));
#5818=DIRECTION('center_axis',(1.,0.,0.));
#5819=DIRECTION('ref_axis',(0.,-0.707106781186547,-0.707106781186548));
#5820=DIRECTION('center_axis',(0.,1.,0.));
#5821=DIRECTION('ref_axis',(0.,0.,-1.));
#5822=DIRECTION('',(0.,0.,-1.));
#5823=DIRECTION('',(-1.,0.,0.));
#5824=DIRECTION('',(0.,0.,1.));
#5825=DIRECTION('center_axis',(-1.,0.,0.));
#5826=DIRECTION('ref_axis',(0.,0.978419388216928,-0.206628896239642));
#5827=DIRECTION('',(-1.,0.,0.));
#5828=DIRECTION('center_axis',(1.,0.,0.));
#5829=DIRECTION('ref_axis',(0.,0.978419388216928,-0.206628896239642));
#5830=DIRECTION('center_axis',(-1.,0.,0.));
#5831=DIRECTION('ref_axis',(0.,-1.,0.));
#5832=DIRECTION('center_axis',(1.,0.,0.));
#5833=DIRECTION('ref_axis',(0.,0.34344765664181,0.939171819821724));
#5834=DIRECTION('',(0.,0.424060595101815,0.905633817655842));
#5835=DIRECTION('',(1.02627845534721E-15,3.41819391240964E-30,1.));
#5836=DIRECTION('center_axis',(1.,0.,0.));
#5837=DIRECTION('ref_axis',(-1.57009245868377E-15,0.707106781186547,0.707106781186548));
#5838=DIRECTION('',(0.,-3.62990039445887E-31,1.));
#5839=DIRECTION('',(0.,0.,-1.));
#5840=DIRECTION('center_axis',(-1.,0.,0.));
#5841=DIRECTION('ref_axis',(0.,0.34344765664181,0.939171819821724));
#5842=DIRECTION('center_axis',(-1.,0.,0.));
#5843=DIRECTION('ref_axis',(0.,0.34344765664181,0.939171819821724));
#5844=DIRECTION('',(-1.,0.,0.));
#5845=DIRECTION('center_axis',(0.,-0.343447656641796,-0.939171819821729));
#5846=DIRECTION('ref_axis',(0.,-0.939171819821729,0.343447656641796));
#5847=DIRECTION('',(0.,-0.939171819821729,0.343447656641796));
#5848=DIRECTION('center_axis',(1.,0.,0.));
#5849=DIRECTION('ref_axis',(0.,0.,-1.));
#5850=DIRECTION('center_axis',(1.,0.,0.));
#5851=DIRECTION('ref_axis',(0.,0.,-1.));
#5852=DIRECTION('',(0.,0.424060595101815,0.905633817655842));
#5853=DIRECTION('center_axis',(3.33066907387547E-15,-1.,0.));
#5854=DIRECTION('ref_axis',(1.,3.33066907387547E-15,0.));
#5855=DIRECTION('',(0.,0.,-1.));
#5856=DIRECTION('center_axis',(-3.33066907387547E-15,1.,0.));
#5857=DIRECTION('ref_axis',(1.,3.33066907387547E-15,4.15075381317031E-12));
#5858=DIRECTION('center_axis',(-3.33066907387547E-15,1.,0.));
#5859=DIRECTION('ref_axis',(1.,3.32446111684713E-15,4.15075381317031E-12));
#5860=DIRECTION('center_axis',(1.,3.33066907387547E-15,-9.06304509898113E-16));
#5861=DIRECTION('ref_axis',(-1.57009245868377E-15,0.707106781186547,0.707106781186548));
#5862=DIRECTION('',(1.,3.33066907387547E-15,-9.06304509898113E-16));
#5863=DIRECTION('center_axis',(-3.33066907387547E-15,1.,3.62990039445887E-31));
#5864=DIRECTION('ref_axis',(0.,-3.62990039445887E-31,1.));
#5865=DIRECTION('',(1.,3.33066907387547E-15,9.06304509898082E-16));
#5866=DIRECTION('',(3.93170633660895E-47,3.62990039445887E-31,-1.));
#5867=DIRECTION('',(-1.20899969850725E-45,3.62990039445887E-31,-1.));
#5868=DIRECTION('center_axis',(1.,3.33066907387547E-15,-2.72256918406425E-61));
#5869=DIRECTION('ref_axis',(-1.82159025755806E-46,5.46914213677347E-32,
-1.));
#5870=DIRECTION('center_axis',(-1.,-3.33066907387547E-15,2.72256918406425E-61));
#5871=DIRECTION('ref_axis',(-3.14018491736755E-15,0.707106781186547,0.707106781186548));
#5872=DIRECTION('center_axis',(-1.,-3.33066907387547E-15,-9.06304509898082E-16));
#5873=DIRECTION('ref_axis',(-3.14018491736755E-15,0.707106781186547,0.707106781186548));
#5874=DIRECTION('center_axis',(-1.,1.08314441426845E-16,0.));
#5875=DIRECTION('ref_axis',(-3.14018491736755E-15,0.707106781186547,0.707106781186548));
#5876=DIRECTION('center_axis',(1.,-1.08314441426845E-16,0.));
#5877=DIRECTION('ref_axis',(1.08314441426845E-16,1.,0.));
#5878=DIRECTION('',(0.,0.,1.));
#5879=DIRECTION('center_axis',(1.,-1.08314441426845E-16,0.));
#5880=DIRECTION('ref_axis',(0.,9.86718961079428E-32,-1.));
#5881=DIRECTION('center_axis',(1.,3.33066907387547E-15,-2.96252476362448E-17));
#5882=DIRECTION('ref_axis',(-2.96252476362448E-17,0.,-1.));
#5883=DIRECTION('center_axis',(1.,3.33066907387547E-15,-2.96252476362448E-17));
#5884=DIRECTION('ref_axis',(0.,9.86718961079428E-32,-1.));
#5885=DIRECTION('center_axis',(-1.,-3.33066907387547E-15,0.));
#5886=DIRECTION('ref_axis',(0.,9.86718961079428E-32,-1.));
#5887=DIRECTION('',(-1.,-3.33066907387547E-15,0.));
#5888=DIRECTION('center_axis',(-1.,-3.33066907387547E-15,0.));
#5889=DIRECTION('ref_axis',(0.,0.,-1.));
#5890=DIRECTION('',(0.,0.,1.));
#5891=DIRECTION('',(0.,0.,-1.));
#5892=DIRECTION('center_axis',(-1.,-3.33066907387547E-15,0.));
#5893=DIRECTION('ref_axis',(0.,9.86718961079428E-32,-1.));
#5894=DIRECTION('center_axis',(-1.,3.33066907387547E-15,0.));
#5895=DIRECTION('ref_axis',(0.,9.86718961079428E-32,-1.));
#5896=DIRECTION('',(1.,-3.33066907387547E-15,0.));
#5897=DIRECTION('center_axis',(-1.,3.33066907387547E-15,-2.96252476362448E-17));
#5898=DIRECTION('ref_axis',(2.96252476362448E-17,0.,-1.));
#5899=DIRECTION('center_axis',(-3.33066907387547E-15,1.,0.));
#5900=DIRECTION('ref_axis',(-1.,-3.33066907387547E-15,0.));
#5901=DIRECTION('center_axis',(1.,-3.33066907387547E-15,2.96252476362448E-17));
#5902=DIRECTION('ref_axis',(2.96252476362448E-17,0.,-1.));
#5903=DIRECTION('center_axis',(1.,-3.33066907387547E-15,2.96252476362448E-17));
#5904=DIRECTION('ref_axis',(0.,9.86718961079428E-32,-1.));
#5905=DIRECTION('center_axis',(-1.,3.33066907387547E-15,0.));
#5906=DIRECTION('ref_axis',(0.,9.86718961079428E-32,-1.));
#5907=DIRECTION('',(1.,-3.33066907387547E-15,0.));
#5908=DIRECTION('center_axis',(0.,-0.905633817655842,0.424060595101815));
#5909=DIRECTION('ref_axis',(0.,0.424060595101815,0.905633817655842));
#5910=DIRECTION('center_axis',(-3.33066907387547E-15,1.,0.));
#5911=DIRECTION('ref_axis',(-1.,-3.33066907387547E-15,-3.79030140500083E-12));
#5912=DIRECTION('center_axis',(-3.33066907387547E-15,1.,0.));
#5913=DIRECTION('ref_axis',(-1.,-3.33066907387547E-15,-3.79030140500083E-12));
#5914=DIRECTION('center_axis',(3.33066907387547E-15,-1.,0.));
#5915=DIRECTION('ref_axis',(1.,3.33066907387547E-15,0.));
#5916=DIRECTION('',(-7.7107737648074E-15,-2.56820357140944E-29,-1.));
#5917=DIRECTION('center_axis',(-3.33066907387547E-15,1.,0.));
#5918=DIRECTION('ref_axis',(0.,0.,1.));
#5919=DIRECTION('',(7.7107737648074E-15,2.56820357140944E-29,1.));
#5920=DIRECTION('center_axis',(-0.70710678118655,0.707106781186545,0.));
#5921=DIRECTION('ref_axis',(0.,0.,1.));
#5922=DIRECTION('center_axis',(1.,3.33066907387547E-15,-7.7107737648074E-15));
#5923=DIRECTION('ref_axis',(-7.7107737648074E-15,-2.56820357140944E-29,
-1.));
#5924=CARTESIAN_POINT('',(0.,0.,0.));
#5925=CARTESIAN_POINT('Origin',(4.89999999999999,12.0000000000003,19.));
#5926=CARTESIAN_POINT('',(-4.00000000000008,12.0000000000003,19.));
#5927=CARTESIAN_POINT('',(-4.00000000000008,13.1000000000003,19.));
#5928=CARTESIAN_POINT('',(-4.00000000000008,12.0000000000003,19.));
#5929=CARTESIAN_POINT('',(-4.90000000000001,13.1000000000003,19.));
#5930=CARTESIAN_POINT('',(2.44999999999998,13.1000000000003,19.));
#5931=CARTESIAN_POINT('',(-4.90000000000001,12.0000000000003,19.));
#5932=CARTESIAN_POINT('',(-4.90000000000001,12.0000000000003,19.));
#5933=CARTESIAN_POINT('',(2.45000000000001,12.0000000000003,19.));
#5934=CARTESIAN_POINT('Origin',(4.89999999999999,12.0000000000003,19.));
#5935=CARTESIAN_POINT('',(3.99999999999992,13.1000000000003,19.));
#5936=CARTESIAN_POINT('',(3.99999999999992,12.0000000000003,19.));
#5937=CARTESIAN_POINT('',(3.99999999999992,12.0000000000003,19.));
#5938=CARTESIAN_POINT('',(4.89999999999999,12.0000000000003,19.));
#5939=CARTESIAN_POINT('',(2.45000000000001,12.0000000000003,19.));
#5940=CARTESIAN_POINT('',(4.89999999999999,13.1000000000003,19.));
#5941=CARTESIAN_POINT('',(4.89999999999999,12.0000000000003,19.));
#5942=CARTESIAN_POINT('',(2.44999999999998,13.1000000000003,19.));
#5943=CARTESIAN_POINT('Origin',(4.89999999999999,12.0000000000003,16.));
#5944=CARTESIAN_POINT('',(-4.00000000000008,13.1000000000003,16.));
#5945=CARTESIAN_POINT('',(-4.00000000000008,12.0000000000003,16.));
#5946=CARTESIAN_POINT('',(-4.00000000000008,12.0000000000003,16.));
#5947=CARTESIAN_POINT('',(-4.90000000000001,12.0000000000003,16.));
#5948=CARTESIAN_POINT('',(2.45,12.0000000000003,16.));
#5949=CARTESIAN_POINT('',(-4.90000000000001,13.1000000000003,16.));
#5950=CARTESIAN_POINT('',(-4.90000000000001,12.0000000000003,16.));
#5951=CARTESIAN_POINT('',(2.44999999999998,13.1000000000003,16.));
#5952=CARTESIAN_POINT('Origin',(-4.90000000000001,12.0000000000003,-2.00000000000001));
#5953=CARTESIAN_POINT('',(-4.00000000000004,12.0000000000003,-2.00000000000001));
#5954=CARTESIAN_POINT('',(-4.00000000000004,13.1000000000003,-2.00000000000001));
#5955=CARTESIAN_POINT('',(-4.00000000000004,12.0000000000003,-2.00000000000001));
#5956=CARTESIAN_POINT('',(-4.90000000000001,13.1000000000003,-2.00000000000001));
#5957=CARTESIAN_POINT('',(-2.45000000000002,13.1000000000003,-2.00000000000001));
#5958=CARTESIAN_POINT('',(-4.90000000000001,12.0000000000003,-2.00000000000001));
#5959=CARTESIAN_POINT('',(-4.90000000000001,12.0000000000003,-2.00000000000001));
#5960=CARTESIAN_POINT('',(-2.45,12.0000000000003,-2.00000000000001));
#5961=CARTESIAN_POINT('Origin',(-4.90000000000001,12.0000000000003,-2.00000000000001));
#5962=CARTESIAN_POINT('',(3.9999999999999,13.1000000000003,-2.00000000000001));
#5963=CARTESIAN_POINT('',(3.9999999999999,12.0000000000003,-2.00000000000001));
#5964=CARTESIAN_POINT('',(3.9999999999999,12.0000000000003,-2.00000000000001));
#5965=CARTESIAN_POINT('',(4.89999999999999,12.0000000000003,-2.00000000000001));
#5966=CARTESIAN_POINT('',(-2.45,12.0000000000003,-2.00000000000001));
#5967=CARTESIAN_POINT('',(4.89999999999999,13.1000000000003,-2.00000000000001));
#5968=CARTESIAN_POINT('',(4.89999999999999,12.0000000000003,-2.00000000000001));
#5969=CARTESIAN_POINT('',(-2.45000000000002,13.1000000000003,-2.00000000000001));
#5970=CARTESIAN_POINT('Origin',(-4.25619135894946E-14,12.0000000000003,
-28.));
#5971=CARTESIAN_POINT('',(3.82352941176461,12.0000000000003,-8.87852979404119));
#5972=CARTESIAN_POINT('',(3.8235294117646,13.1000000000003,-8.87852979404119));
#5973=CARTESIAN_POINT('',(3.82352941176461,12.0000000000003,-8.87852979404119));
#5974=CARTESIAN_POINT('',(-3.82352941176474,13.1000000000003,-8.8785297940412));
#5975=CARTESIAN_POINT('Origin',(-4.74468948978453E-14,13.1000000000003,
-28.));
#5976=CARTESIAN_POINT('',(-3.82352941176474,12.0000000000003,-8.8785297940412));
#5977=CARTESIAN_POINT('',(-3.82352941176474,12.0000000000003,-8.8785297940412));
#5978=CARTESIAN_POINT('',(-13.5091115085338,12.0000000000003,-13.9375));
#5979=CARTESIAN_POINT('Origin',(-4.25619135894946E-14,12.0000000000003,
-28.));
#5980=CARTESIAN_POINT('',(-13.5091115085338,12.5000000000003,-13.9375));
#5981=CARTESIAN_POINT('',(-13.5091115085338,12.0000000000002,-13.9375));
#5982=CARTESIAN_POINT('',(-15.7021843623746,12.5000000000003,-16.4375));
#5983=CARTESIAN_POINT('Origin',(-4.4782359638745E-14,12.5000000000003,-28.));
#5984=CARTESIAN_POINT('',(-15.7021843623746,12.0000000000003,-16.4375));
#5985=CARTESIAN_POINT('',(-15.7021843623746,12.0000000000002,-16.4375));
#5986=CARTESIAN_POINT('',(-16.3561485133012,12.0000000000003,-38.6172692256925));
#5987=CARTESIAN_POINT('Origin',(-4.25619135894946E-14,12.0000000000003,
-28.));
#5988=CARTESIAN_POINT('',(-16.3561485133012,12.5000000000002,-38.6172692256925));
#5989=CARTESIAN_POINT('',(-16.3561485133012,12.0000000000003,-38.6172692256925));
#5990=CARTESIAN_POINT('',(-15.2171151364441,12.5000000000003,-40.1938265907059));
#5991=CARTESIAN_POINT('Origin',(-4.4782359638745E-14,12.5000000000003,-28.));
#5992=CARTESIAN_POINT('',(-15.2171151364441,12.0000000000003,-40.1938265907059));
#5993=CARTESIAN_POINT('',(-15.2171151364441,12.0000000000003,-40.1938265907059));
#5994=CARTESIAN_POINT('',(-12.6456000000001,12.0000000000003,-42.8438135477376));
#5995=CARTESIAN_POINT('Origin',(-4.25619135894946E-14,12.0000000000003,
-28.));
#5996=CARTESIAN_POINT('',(-12.6456000000001,12.5000000000003,-42.8438135477376));
#5997=CARTESIAN_POINT('',(-12.6456000000001,12.0000000000003,-42.8438135477376));
#5998=CARTESIAN_POINT('',(-10.3048563322235,12.5000000000003,-44.5547556905028));
#5999=CARTESIAN_POINT('Origin',(-4.4782359638745E-14,12.5000000000003,-28.));
#6000=CARTESIAN_POINT('',(-10.3048563322235,12.0000000000003,-44.5547556905028));
#6001=CARTESIAN_POINT('',(-10.3048563322235,12.0000000000003,-44.5547556905028));
#6002=CARTESIAN_POINT('Origin',(-4.25619135894946E-14,12.0000000000003,
-28.));
#6003=CARTESIAN_POINT('Origin',(-15.7605000000001,12.0000000000003,-38.6894));
#6004=CARTESIAN_POINT('',(-16.3605000000001,12.0000000000003,-38.6894));
#6005=CARTESIAN_POINT('Origin',(-15.7605000000001,12.0000000000002,-38.6894));
#6006=CARTESIAN_POINT('',(-16.3605000000001,12.5000000000003,-38.6894));
#6007=CARTESIAN_POINT('',(-16.3605000000001,12.0000000000003,-38.6894));
#6008=CARTESIAN_POINT('Origin',(-15.7605000000001,12.5000000000003,-38.6894));
#6009=CARTESIAN_POINT('Origin',(-15.7605000000001,12.5000000000003,-39.3144));
#6010=CARTESIAN_POINT('',(-16.3605000000001,12.5000000000003,-39.9394));
#6011=CARTESIAN_POINT('',(-16.3605000000001,12.5000000000003,-38.6894));
#6012=CARTESIAN_POINT('Origin',(-15.7605000000001,12.5000000000003,-39.9394));
#6013=CARTESIAN_POINT('Origin',(-16.3605000000001,12.0000000000003,-39.9394));
#6014=CARTESIAN_POINT('',(-16.3605000000001,12.0000000000003,-39.9394));
#6015=CARTESIAN_POINT('',(-16.3605000000001,12.0000000000003,-17.0197));
#6016=CARTESIAN_POINT('',(-16.3605000000001,12.0000000000003,-39.9394));
#6017=CARTESIAN_POINT('Origin',(-15.7605000000001,12.0000000000003,-39.9394));
#6018=CARTESIAN_POINT('Origin',(-15.7605000000001,12.0000000000002,-39.9394));
#6019=CARTESIAN_POINT('Origin',(-12.6456000000001,12.0000000000003,-43.9442));
#6020=CARTESIAN_POINT('',(-12.6456000000001,12.0000000000003,-43.9442));
#6021=CARTESIAN_POINT('',(-12.6456000000001,12.0000000000003,-19.0221));
#6022=CARTESIAN_POINT('',(-12.6456000000001,12.5000000000003,-43.9442));
#6023=CARTESIAN_POINT('',(-12.6456000000001,12.0000000000003,-43.9442));
#6024=CARTESIAN_POINT('',(-12.6456000000001,12.5000000000003,-38.8642));
#6025=CARTESIAN_POINT('Origin',(-11.3956000000001,12.5000000000003,-41.4042));
#6026=CARTESIAN_POINT('Origin',(-11.3956000000001,12.5000000000003,-43.9442));
#6027=CARTESIAN_POINT('Origin',(-11.3956000000001,12.0000000000003,-43.9442));
#6028=CARTESIAN_POINT('Origin',(-11.3956000000001,12.0000000000003,-43.9442));
#6029=CARTESIAN_POINT('Origin',(-8.29260000000008,12.0000000000003,-16.4375));
#6030=CARTESIAN_POINT('',(-15.9126000000001,12.5000000000003,-16.4375));
#6031=CARTESIAN_POINT('',(-15.9126000000001,12.5000000000003,-16.4375));
#6032=CARTESIAN_POINT('',(-15.9126000000001,12.0000000000003,-16.4375));
#6033=CARTESIAN_POINT('',(-15.9126000000001,12.0000000000003,-16.4375));
#6034=CARTESIAN_POINT('',(-4.14630000000003,12.0000000000003,-16.4375));
#6035=CARTESIAN_POINT('Origin',(-15.9126000000001,12.0000000000003,-13.9375));
#6036=CARTESIAN_POINT('',(-15.9126000000001,12.0000000000003,-13.9375));
#6037=CARTESIAN_POINT('',(-7.95630000000003,12.0000000000003,-13.9375));
#6038=CARTESIAN_POINT('',(-15.9126000000001,12.5000000000003,-13.9375));
#6039=CARTESIAN_POINT('',(-15.9126000000001,12.0000000000003,-13.9375));
#6040=CARTESIAN_POINT('',(-8.29260000000008,12.5000000000003,-13.9375));
#6041=CARTESIAN_POINT('Origin',(-15.9126000000001,12.0000000000003,-15.1875));
#6042=CARTESIAN_POINT('Origin',(-15.9126000000001,12.0000000000002,-15.1875));
#6043=CARTESIAN_POINT('Origin',(-15.9126000000001,12.5000000000003,-15.1875));
#6044=CARTESIAN_POINT('Origin',(-12.1026000000001,12.5000000000003,-15.1875));
#6045=CARTESIAN_POINT('Ctrl Pts',(4.08603523007108,15.1487309650331,-45.5300974355117));
#6046=CARTESIAN_POINT('Ctrl Pts',(4.12746185771523,15.1487278948948,-45.7124033153151));
#6047=CARTESIAN_POINT('Ctrl Pts',(4.16888848522151,15.1487248247578,-45.8947091951498));
#6048=CARTESIAN_POINT('Ctrl Pts',(4.21031511258992,15.1487217546221,-46.0770150750158));
#6049=CARTESIAN_POINT('Ctrl Pts',(4.08483571676441,14.7320624930863,-45.5303770262925));
#6050=CARTESIAN_POINT('Ctrl Pts',(4.12624986996997,14.732059424628,-45.7126857407486));
#6051=CARTESIAN_POINT('Ctrl Pts',(4.16766402300204,14.7320563510415,-45.894994455245));
#6052=CARTESIAN_POINT('Ctrl Pts',(4.20907817593216,14.7320532825857,-46.0773031697638));
#6053=CARTESIAN_POINT('Ctrl Pts',(4.08363715896193,14.3153942094945,-45.5306562646774));
#6054=CARTESIAN_POINT('Ctrl Pts',(4.12503884765744,14.3153911412698,-45.7129678101853));
#6055=CARTESIAN_POINT('Ctrl Pts',(4.16644053620907,14.3153880730463,-45.8952793557267));
#6056=CARTESIAN_POINT('Ctrl Pts',(4.20784222462918,14.3153850048241,-46.0775909012971));
#6057=CARTESIAN_POINT('Ctrl Pts',(4.08243786553513,13.8987256244033,-45.5309355447449));
#6058=CARTESIAN_POINT('Ctrl Pts',(4.12382708207648,13.8987225549754,-45.7132499216957));
#6059=CARTESIAN_POINT('Ctrl Pts',(4.16521629848002,13.8987194855488,-45.8955642986777));
#6060=CARTESIAN_POINT('Ctrl Pts',(4.20660551474575,13.8987164161234,-46.077878675691));
#6061=CARTESIAN_POINT('Ctrl Pts',(4.08239812601812,13.8849189879623,-45.5309447989064));
#6062=CARTESIAN_POINT('Ctrl Pts',(4.12378692928516,13.8849159185333,-45.7132592696792));
#6063=CARTESIAN_POINT('Ctrl Pts',(4.16517573241439,13.8849128491057,-45.8955737404832));
#6064=CARTESIAN_POINT('Ctrl Pts',(4.2065645354058,13.8849097796793,-46.0778882113186));
#6065=CARTESIAN_POINT('Ctrl Pts',(4.0823583864499,13.8711123515213,-45.5309540529374));
#6066=CARTESIAN_POINT('Ctrl Pts',(4.1237467764421,13.8711092820913,-45.7132686175308));
#6067=CARTESIAN_POINT('Ctrl Pts',(4.16513516629649,13.8711062126626,-45.8955831821555));
#6068=CARTESIAN_POINT('Ctrl Pts',(4.20652355601307,13.8711031432352,-46.0778977468115));
#6069=CARTESIAN_POINT('Ctrl Pts',(4.08231864683048,13.8573057150803,-45.5309633068379));
#6070=CARTESIAN_POINT('Ctrl Pts',(4.12370662354732,13.8573026456493,-45.7132779652506));
#6071=CARTESIAN_POINT('Ctrl Pts',(4.16509460012635,13.8572995762196,-45.8955926236945));
#6072=CARTESIAN_POINT('Ctrl Pts',(4.20648257656756,13.8572965067912,-46.0779072821698));
#6073=CARTESIAN_POINT('',(4.08603520589458,15.1487225667914,-45.5300974411496));
#6074=CARTESIAN_POINT('',(4.08231864683076,13.8573057150815,-45.5309633068391));
#6075=CARTESIAN_POINT('Ctrl Pts',(4.08231864683048,13.8573057150803,-45.5309633068379));
#6076=CARTESIAN_POINT('Ctrl Pts',(4.0823583864499,13.8711123515213,-45.5309540529374));
#6077=CARTESIAN_POINT('Ctrl Pts',(4.08239812601812,13.8849189879623,-45.5309447989064));
#6078=CARTESIAN_POINT('Ctrl Pts',(4.08243786553513,13.8987256244033,-45.5309355447449));
#6079=CARTESIAN_POINT('Ctrl Pts',(4.0836371509044,14.3153914100799,-45.5306562665537));
#6080=CARTESIAN_POINT('Ctrl Pts',(4.08483570065923,14.732056894261,-45.5303770300446));
#6081=CARTESIAN_POINT('Ctrl Pts',(4.08603520589405,15.1487225667914,-45.530097441147));
#6082=CARTESIAN_POINT('',(4.14325879305165,15.1487267241806,-45.781920782106));
#6083=CARTESIAN_POINT('Ctrl Pts',(4.14325879305176,15.1487267241793,-45.781920782106));
#6084=CARTESIAN_POINT('Ctrl Pts',(4.12417807807289,15.1487253575491,-45.6979524462363));
#6085=CARTESIAN_POINT('Ctrl Pts',(4.10510165393911,15.1487239718826,-45.614002992916));
#6086=CARTESIAN_POINT('Ctrl Pts',(4.08603520589406,15.1487225667914,-45.530097441147));
#6087=CARTESIAN_POINT('',(4.2081470149884,14.4181641224616,-46.0775199092595));
#6088=CARTESIAN_POINT('Ctrl Pts',(4.14325879305165,15.1487267241806,-45.781920782106));
#6089=CARTESIAN_POINT('Ctrl Pts',(4.15555550955881,15.0103546925304,-45.8379071867472));
#6090=CARTESIAN_POINT('Ctrl Pts',(4.16791484604949,14.8712360425411,-45.8941964839001));
#6091=CARTESIAN_POINT('Ctrl Pts',(4.18023395366987,14.7325276166685,-45.9503206796442));
#6092=CARTESIAN_POINT('Ctrl Pts',(4.18954029224105,14.6277418145127,-45.9927191052222));
#6093=CARTESIAN_POINT('Ctrl Pts',(4.19884478597527,14.5229524946253,-46.0351194427975));
#6094=CARTESIAN_POINT('Ctrl Pts',(4.2081470146766,14.4181640708679,-46.077519909362));
#6095=CARTESIAN_POINT('Ctrl Pts',(4.20814701498753,14.4181641224762,-46.0775199092397));
#6096=CARTESIAN_POINT('Ctrl Pts',(4.16612340296233,14.2309255003786,-45.8950595890064));
#6097=CARTESIAN_POINT('Ctrl Pts',(4.12408552058386,14.0435486210694,-45.7124607781791));
#6098=CARTESIAN_POINT('Ctrl Pts',(4.08231864683048,13.8573057150803,-45.5309633068379));
#6099=CARTESIAN_POINT('Ctrl Pts',(4.21104465859263,14.418155653698,-46.0768451667665));
#6100=CARTESIAN_POINT('Ctrl Pts',(4.17758130353903,14.4182537481029,-46.0846405360449));
#6101=CARTESIAN_POINT('Ctrl Pts',(4.14408155034338,14.418351842518,-46.0923464200985));
#6102=CARTESIAN_POINT('Ctrl Pts',(4.11054684279178,14.4184499370437,-46.0999622363796));
#6103=CARTESIAN_POINT('Ctrl Pts',(3.20982158398577,14.4210847054082,-46.3045192051869));
#6104=CARTESIAN_POINT('Ctrl Pts',(2.29284938994168,14.4236897500754,-46.4416709069006));
#6105=CARTESIAN_POINT('Ctrl Pts',(0.91681074399065,14.4276166136755,-46.5438882502148));
#6106=CARTESIAN_POINT('Ctrl Pts',(0.455333221634773,14.4289261935086,-46.5610155463084));
#6107=CARTESIAN_POINT('Ctrl Pts',(-0.468806810702603,14.4315453216029,-46.5606795088346));
#6108=CARTESIAN_POINT('Ctrl Pts',(-0.930125490363865,14.4328538285872,-46.5432221602783));
#6109=CARTESIAN_POINT('Ctrl Pts',(-2.30597527505571,14.4367806821895,-46.4400350498296));
#6110=CARTESIAN_POINT('Ctrl Pts',(-3.22314375813813,14.4393898750272,-46.302169129009));
#6111=CARTESIAN_POINT('Ctrl Pts',(-4.12354900108477,14.4420200039718,-46.0970045021397));
#6112=CARTESIAN_POINT('Ctrl Pts',(-4.15707410936746,14.442117932474,-46.0893655347292));
#6113=CARTESIAN_POINT('Ctrl Pts',(-4.19056401389746,14.4422158607816,-46.0816365908536));
#6114=CARTESIAN_POINT('Ctrl Pts',(-4.22401727339633,14.4423137889961,-46.0738182569035));
#6115=CARTESIAN_POINT('Ctrl Pts',(4.16813610871509,14.2312056729725,-45.8948845181803));
#6116=CARTESIAN_POINT('Ctrl Pts',(4.13500973919794,14.2313037669504,-45.9026004225472));
#6117=CARTESIAN_POINT('Ctrl Pts',(4.10184733567779,14.2314018609537,-45.9102277440182));
#6118=CARTESIAN_POINT('Ctrl Pts',(4.06865032738813,14.2314999550827,-45.9177659058698));
#6119=CARTESIAN_POINT('Ctrl Pts',(3.17699841302257,14.2341347038427,-46.1202355818541));
#6120=CARTESIAN_POINT('Ctrl Pts',(2.26925339350367,14.2367397640117,-46.255982801729));
#6121=CARTESIAN_POINT('Ctrl Pts',(0.907072022047471,14.2406666271315,-46.3571333242036));
#6122=CARTESIAN_POINT('Ctrl Pts',(0.450243696638653,14.2419762026091,-46.3740754563903));
#6123=CARTESIAN_POINT('Ctrl Pts',(-0.46458789963805,14.2445953302258,-46.3737177113167));
#6124=CARTESIAN_POINT('Ctrl Pts',(-0.921261127020991,14.2459038415962,-46.3564238716677));
#6125=CARTESIAN_POINT('Ctrl Pts',(-2.28325081587306,14.2498306973721,-46.2542379278726));
#6126=CARTESIAN_POINT('Ctrl Pts',(-3.19117175418459,14.2524398739148,-46.1177361318962));
#6127=CARTESIAN_POINT('Ctrl Pts',(-4.08250827447506,14.2550700197337,-45.9146134968329));
#6128=CARTESIAN_POINT('Ctrl Pts',(-4.1156956356514,14.2551679486359,-45.9070505272262));
#6129=CARTESIAN_POINT('Ctrl Pts',(-4.14884815013876,14.2552658773587,-45.8993984864684));
#6130=CARTESIAN_POINT('Ctrl Pts',(-4.18196439116595,14.2553638060036,-45.8916579550004));
#6131=CARTESIAN_POINT('Ctrl Pts',(4.12522744175865,14.0442556927464,-45.7129238966872));
#6132=CARTESIAN_POINT('Ctrl Pts',(4.09243805776539,14.044353786297,-45.7205603359311));
#6133=CARTESIAN_POINT('Ctrl Pts',(4.05961300390553,14.0444518798881,-45.7281090945947));
#6134=CARTESIAN_POINT('Ctrl Pts',(4.02675369482088,14.0445499736203,-45.7355696017878));
#6135=CARTESIAN_POINT('Ctrl Pts',(3.14417562566342,14.0471847024631,-45.9359544820323));
#6136=CARTESIAN_POINT('Ctrl Pts',(2.24565730345871,14.049789778452,-46.0702955591461));
#6137=CARTESIAN_POINT('Ctrl Pts',(0.897333174307021,14.0537166410165,-46.1703783778645));
#6138=CARTESIAN_POINT('Ctrl Pts',(0.445154086788714,14.0550262121583,-46.1871356099647));
#6139=CARTESIAN_POINT('Ctrl Pts',(-0.460369170981292,14.0576453393011,-46.1867563044288));
#6140=CARTESIAN_POINT('Ctrl Pts',(-0.912396864808778,14.058953855036,-46.16962530903));
#6141=CARTESIAN_POINT('Ctrl Pts',(-2.26052659933448,14.0628807130645,-46.0684422526064));
#6142=CARTESIAN_POINT('Ctrl Pts',(-3.15920064166686,14.0654898731139,-45.9333071659921));
#6143=CARTESIAN_POINT('Ctrl Pts',(-4.04146766461616,14.0681200359922,-45.7322224647438));
#6144=CARTESIAN_POINT('Ctrl Pts',(-4.07431727866961,14.0682179652948,-45.7247354927308));
#6145=CARTESIAN_POINT('Ctrl Pts',(-4.10713240309649,14.0683158944331,-45.7171603548671));
#6146=CARTESIAN_POINT('Ctrl Pts',(-4.13991162563258,14.0684138235085,-45.709497625644));
#6147=CARTESIAN_POINT('Ctrl Pts',(4.08231864637256,13.8573057130852,-45.530963304896));
#6148=CARTESIAN_POINT('Ctrl Pts',(4.04986624788536,13.8574038062081,-45.5385202787568));
#6149=CARTESIAN_POINT('Ctrl Pts',(4.01737854366939,13.8575018993867,-45.5459904743665));
#6150=CARTESIAN_POINT('Ctrl Pts',(3.98485693372749,13.857599992722,-45.5533733266792));
#6151=CARTESIAN_POINT('Ctrl Pts',(3.11135220982915,13.8602347019308,-45.7516709011807));
#6152=CARTESIAN_POINT('Ctrl Pts',(2.22206105774439,13.862839793444,-45.8846074846636));
#6153=CARTESIAN_POINT('Ctrl Pts',(0.8875942016443,13.866766655528,-45.9836234638341));
#6154=CARTESIAN_POINT('Ctrl Pts',(0.440064311611604,13.868076222308,-46.0001955258088));
#6155=CARTESIAN_POINT('Ctrl Pts',(-0.456150509880601,13.8706953489721,-45.9997945002053));
#6156=CARTESIAN_POINT('Ctrl Pts',(-0.903532751935894,13.8720038690995,-45.9828270075081));
#6157=CARTESIAN_POINT('Ctrl Pts',(-2.23780238972802,13.8759307293054,-45.8826450989887));
#6158=CARTESIAN_POINT('Ctrl Pts',(-3.12722888258087,13.8785398730358,-45.748874125405));
#6159=CARTESIAN_POINT('Ctrl Pts',(-4.00042718280937,13.8811700528125,-45.5498314032623));
#6160=CARTESIAN_POINT('Ctrl Pts',(-4.0329390497175,13.8812679825157,-45.5424204285845));
#6161=CARTESIAN_POINT('Ctrl Pts',(-4.06541678406399,13.8813659120698,-45.5349221933695));
#6162=CARTESIAN_POINT('Ctrl Pts',(-4.09785898809188,13.8814638415763,-45.5273372661592));
#6163=CARTESIAN_POINT('',(-4.09785898854191,13.8814638435769,-45.5273372681085));
#6164=CARTESIAN_POINT('Ctrl Pts',(-4.0978589885419,13.8814638435769,-45.5273372681086));
#6165=CARTESIAN_POINT('Ctrl Pts',(-2.75749685924563,13.87741784841,-45.8407114512728));
#6166=CARTESIAN_POINT('Ctrl Pts',(-1.38527361342972,13.8734110929876,-45.999377413073));
#6167=CARTESIAN_POINT('Ctrl Pts',(1.36913669904464,13.8653606282973,-46.0006189702478));
#6168=CARTESIAN_POINT('Ctrl Pts',(2.74159161418146,13.8613583000595,-45.843169479991));
#6169=CARTESIAN_POINT('Ctrl Pts',(4.08231864683076,13.8573057150815,-45.5309633068391));
#6170=CARTESIAN_POINT('',(-4.22084553945737,14.4423042442696,-46.0745589592249));
#6171=CARTESIAN_POINT('Ctrl Pts',(4.20814701498808,14.4181641224892,-46.0775199092579));
#6172=CARTESIAN_POINT('Ctrl Pts',(2.82673011055745,14.4222101280707,-46.3990875640622));
#6173=CARTESIAN_POINT('Ctrl Pts',(1.41265108580264,14.4262125563732,-46.5613433511041));
#6174=CARTESIAN_POINT('Ctrl Pts',(-1.42554331899115,14.4342561170415,-46.5603572928181));
#6175=CARTESIAN_POINT('Ctrl Pts',(-2.83957901931656,14.4382612393334,-46.3971181352693));
#6176=CARTESIAN_POINT('Ctrl Pts',(-4.2208455394569,14.4423042442967,-46.0745589592233));
#6177=CARTESIAN_POINT('Ctrl Pts',(-4.22084553945604,14.442304244284,-46.0745589592044));
#6178=CARTESIAN_POINT('Ctrl Pts',(-4.1800535786545,14.2562078495156,-45.8929777277624));
#6179=CARTESIAN_POINT('Ctrl Pts',(-4.1393315158535,14.0705066317411,-45.7117857672563));
#6180=CARTESIAN_POINT('Ctrl Pts',(-4.0978589885427,13.8814638435805,-45.527337268112));
#6181=CARTESIAN_POINT('Origin',(-4.00000000000003,12.0000000000003,-7.99600039992002));
#6182=CARTESIAN_POINT('',(-3.10000000000003,13.1000000000003,-7.99600039992002));
#6183=CARTESIAN_POINT('Origin',(-4.00000000000003,13.1000000000003,-7.99600039992002));
#6184=CARTESIAN_POINT('',(-3.10000000000003,12.0000000000003,-7.99600039992002));
#6185=CARTESIAN_POINT('',(-3.10000000000003,13.0000000000003,-7.99600039992002));
#6186=CARTESIAN_POINT('Origin',(-4.00000000000003,12.0000000000003,-7.99600039992002));
#6187=CARTESIAN_POINT('Origin',(-4.00000000000008,12.0000000000003,16.9));
#6188=CARTESIAN_POINT('',(-3.10000000000008,13.1000000000003,16.9));
#6189=CARTESIAN_POINT('Origin',(-4.00000000000008,13.1000000000003,16.9));
#6190=CARTESIAN_POINT('',(-3.10000000000008,12.0000000000003,16.9));
#6191=CARTESIAN_POINT('',(-3.10000000000008,13.0000000000003,16.9));
#6192=CARTESIAN_POINT('Origin',(-4.00000000000008,12.0000000000003,16.9));
#6193=CARTESIAN_POINT('Origin',(1.99999999999996,15.120710678119,35.9707106781186));
#6194=CARTESIAN_POINT('',(2.04142135623727,15.0914213562376,36.));
#6195=CARTESIAN_POINT('',(-2.04142135623734,15.0914213562376,36.));
#6196=CARTESIAN_POINT('',(4.94999999999997,15.0914213562376,36.));
#6197=CARTESIAN_POINT('',(1.49999999999997,14.5500000000003,36.5414213562373));
#6198=CARTESIAN_POINT('',(1.8804737854124,14.9304737854127,36.1609475708249));
#6199=CARTESIAN_POINT('',(-1.50000000000004,14.5500000000003,36.5414213562373));
#6200=CARTESIAN_POINT('',(-3.57242618078596E-14,14.5500000000003,36.5414213562373));
#6201=CARTESIAN_POINT('',(-1.38047378541247,14.4304737854127,36.6609475708249));
#6202=CARTESIAN_POINT('Origin',(-2.07071067811869,15.0500000000003,35.9707106781186));
#6203=CARTESIAN_POINT('',(-2.04142135623734,14.008578643763,36.));
#6204=CARTESIAN_POINT('',(-2.04142135623734,15.2750000000003,36.));
#6205=CARTESIAN_POINT('',(-1.88047378541247,14.1695262145879,36.1609475708249));
#6206=CARTESIAN_POINT('Origin',(7.97071067811867,15.1207106781189,26.));
#6207=CARTESIAN_POINT('',(7.99999999999998,15.0914213562376,25.9585786437627));
#6208=CARTESIAN_POINT('',(7.99999999999998,15.0914213562376,29.9));
#6209=CARTESIAN_POINT('',(7.99999999999998,15.0914213562376,23.05));
#6210=CARTESIAN_POINT('',(8.54142135623732,14.5500000000003,26.5));
#6211=CARTESIAN_POINT('',(8.16094757082489,14.9304737854127,26.1195262145876));
#6212=CARTESIAN_POINT('',(8.54142135623732,14.5500000000003,29.3585786437627));
#6213=CARTESIAN_POINT('',(8.54142135623732,14.5500000000003,28.));
#6214=CARTESIAN_POINT('',(8.61380711874579,14.4776142374918,29.2861928812542));
#6215=CARTESIAN_POINT('Origin',(7.90000000000002,15.0500000000003,30.));
#6216=CARTESIAN_POINT('',(7.99999999999998,14.0085786437629,29.9));
#6217=CARTESIAN_POINT('',(7.99999999999998,15.2750000000003,29.9));
#6218=CARTESIAN_POINT('',(8.11380711874579,14.1223857625087,29.7861928812542));
#6219=CARTESIAN_POINT('Origin',(-7.97071067811867,15.1207106781189,26.));
#6220=CARTESIAN_POINT('',(-8.00000000000002,15.0914213562376,30.0414213562373));
#6221=CARTESIAN_POINT('',(-8.00000000000002,15.0914213562376,25.9585786437627));
#6222=CARTESIAN_POINT('',(-8.00000000000002,15.0914213562376,30.95));
#6223=CARTESIAN_POINT('',(-8.54142135623732,14.5500000000003,29.5));
#6224=CARTESIAN_POINT('',(-8.66094757082489,14.4304737854127,29.3804737854124));
#6225=CARTESIAN_POINT('',(-8.54142135623732,14.5500000000003,26.5));
#6226=CARTESIAN_POINT('',(-8.54142135623732,14.5500000000003,28.));
#6227=CARTESIAN_POINT('',(-8.16094757082489,14.9304737854127,26.1195262145876));
#6228=CARTESIAN_POINT('Origin',(-7.97071067811867,14.0500000000003,25.9292893218813));
#6229=CARTESIAN_POINT('',(-8.00000000000002,14.008578643763,25.9585786437627));
#6230=CARTESIAN_POINT('',(-8.00000000000002,14.7750000000003,25.9585786437627));
#6231=CARTESIAN_POINT('',(-8.66094757082488,14.6695262145878,26.6195262145876));
#6232=CARTESIAN_POINT('Origin',(7.97071067811868,15.1207106781189,4.99999999999999));
#6233=CARTESIAN_POINT('',(8.00000872036162,15.091412635876,4.95858736412428));
#6234=CARTESIAN_POINT('',(8.00000872036162,15.091412635876,9.0414126358757));
#6235=CARTESIAN_POINT('',(8.00000872036162,15.091412635876,2.04999999999999));
#6236=CARTESIAN_POINT('',(8.54142135623732,14.5500000000003,5.49999999999998));
#6237=CARTESIAN_POINT('',(8.16094757082489,14.9304737854127,5.11952621458755));
#6238=CARTESIAN_POINT('',(8.54142135623732,14.5500000000003,8.49999999999999));
#6239=CARTESIAN_POINT('',(8.54142135623732,14.5500000000003,6.99999999999999));
#6240=CARTESIAN_POINT('',(8.66094757082489,14.4304737854127,8.38047378541243));
#6241=CARTESIAN_POINT('Origin',(7.97071067811868,15.0500000000003,9.07071067811864));
#6242=CARTESIAN_POINT('',(8.00000872036162,14.0085873641246,9.04141263587569));
#6243=CARTESIAN_POINT('',(8.00000872036162,15.2750000000003,9.0414126358757));
#6244=CARTESIAN_POINT('',(8.16094757082489,14.1695262145878,8.88047378541242));
#6245=CARTESIAN_POINT('Origin',(-7.97071067811868,15.1207106781189,4.99999999999999));
#6246=CARTESIAN_POINT('',(-7.99999127963838,15.0914300765992,9.04143007659894));
#6247=CARTESIAN_POINT('',(-7.99999127963838,15.0914300765992,4.95856992340104));
#6248=CARTESIAN_POINT('',(-7.99999127963838,15.0914300765992,9.94999999999999));
#6249=CARTESIAN_POINT('',(-8.54142135623732,14.5500000000003,8.49999999999999));
#6250=CARTESIAN_POINT('',(-8.66094757082489,14.4304737854127,8.38047378541242));
#6251=CARTESIAN_POINT('',(-8.54142135623732,14.5500000000003,5.49999999999998));
#6252=CARTESIAN_POINT('',(-8.54142135623732,14.5500000000003,6.99999999999999));
#6253=CARTESIAN_POINT('',(-8.16094757082489,14.9304737854127,5.11952621458755));
#6254=CARTESIAN_POINT('Origin',(-7.97071067811867,14.0500000000003,4.92928932188133));
#6255=CARTESIAN_POINT('',(-7.99999127963837,14.0085699234013,4.95856992340103));
#6256=CARTESIAN_POINT('',(-7.99999127963838,14.7750000000003,4.95856992340103));
#6257=CARTESIAN_POINT('',(-8.66094757082488,14.6695262145878,5.61952621458754));
#6258=CARTESIAN_POINT('Ctrl Pts',(-17.5301645292428,15.0487327514329,-32.0857473707485));
#6259=CARTESIAN_POINT('Ctrl Pts',(-17.7124710892814,15.0487296816701,-32.1271710047742));
#6260=CARTESIAN_POINT('Ctrl Pts',(-17.8947776493513,15.0487266119084,-32.168594638662));
#6261=CARTESIAN_POINT('Ctrl Pts',(-18.0770842094525,15.0487235421481,-32.210018272412));
#6262=CARTESIAN_POINT('Ctrl Pts',(-17.5304217035924,14.6653971608327,-32.0846439475033));
#6263=CARTESIAN_POINT('Ctrl Pts',(-17.7127308710096,14.6653940924026,-32.1260561063826));
#6264=CARTESIAN_POINT('Ctrl Pts',(-17.8950400384597,14.6653910239738,-32.1674682651198));
#6265=CARTESIAN_POINT('Ctrl Pts',(-18.0773492059394,14.6653879555462,-32.2088804237237));
#6266=CARTESIAN_POINT('Ctrl Pts',(-17.5306786065942,14.282061450264,-32.0835412175818));
#6267=CARTESIAN_POINT('Ctrl Pts',(-17.7129903786131,14.2820583819431,-32.1249419085264));
#6268=CARTESIAN_POINT('Ctrl Pts',(-17.8953021506648,14.2820553136233,-32.1663425993289));
#6269=CARTESIAN_POINT('Ctrl Pts',(-18.0776139227463,14.2820522453049,-32.2077432899981));
#6270=CARTESIAN_POINT('Ctrl Pts',(-17.530935544744,13.8987256244033,-32.082437865535));
#6271=CARTESIAN_POINT('Ctrl Pts',(-17.7132499216951,13.8987225549754,-32.1238270820764));
#6272=CARTESIAN_POINT('Ctrl Pts',(-17.8955642986775,13.8987194855487,-32.16521629848));
#6273=CARTESIAN_POINT('Ctrl Pts',(-18.0778786756912,13.8987164161233,-32.2066055147458));
#6274=CARTESIAN_POINT('Ctrl Pts',(-17.5309447989055,13.8849189879619,-32.0823981260179));
#6275=CARTESIAN_POINT('Ctrl Pts',(-17.7132592696786,13.8849159185329,-32.1237869292851));
#6276=CARTESIAN_POINT('Ctrl Pts',(-17.895573740483,13.8849128491053,-32.1651757324144));
#6277=CARTESIAN_POINT('Ctrl Pts',(-18.0778882113187,13.8849097796789,-32.2065645354059));
#6278=CARTESIAN_POINT('Ctrl Pts',(-17.5309540529365,13.8711123515205,-32.0823583864497));
#6279=CARTESIAN_POINT('Ctrl Pts',(-17.7132686175302,13.8711092820906,-32.123746776442));
#6280=CARTESIAN_POINT('Ctrl Pts',(-17.8955831821553,13.8711062126619,-32.1651351662965));
#6281=CARTESIAN_POINT('Ctrl Pts',(-18.0778977468116,13.8711031432345,-32.2065235560132));
#6282=CARTESIAN_POINT('Ctrl Pts',(-17.5309633068369,13.8573057150792,-32.0823186468303));
#6283=CARTESIAN_POINT('Ctrl Pts',(-17.71327796525,13.8573026456483,-32.1237066235472));
#6284=CARTESIAN_POINT('Ctrl Pts',(-17.8955926236943,13.8572995762185,-32.1650946001264));
#6285=CARTESIAN_POINT('Ctrl Pts',(-18.0779072821699,13.8572965067901,-32.2064825765677));
#6286=CARTESIAN_POINT('',(-17.5301645357855,15.0487230036134,-32.0857473426903));
#6287=CARTESIAN_POINT('',(-17.5309633068391,13.8573057150815,-32.0823186468308));
#6288=CARTESIAN_POINT('Ctrl Pts',(-17.5309633068369,13.8573057150792,-32.0823186468303));
#6289=CARTESIAN_POINT('Ctrl Pts',(-17.5309540529365,13.8711123515205,-32.0823583864497));
#6290=CARTESIAN_POINT('Ctrl Pts',(-17.5309447989055,13.8849189879619,-32.0823981260179));
#6291=CARTESIAN_POINT('Ctrl Pts',(-17.530935544744,13.8987256244033,-32.082437865535));
#6292=CARTESIAN_POINT('Ctrl Pts',(-17.530678608772,14.2820582009889,-32.0835412082294));
#6293=CARTESIAN_POINT('Ctrl Pts',(-17.5304217079476,14.6653906622843,-32.0846439288092));
#6294=CARTESIAN_POINT('Ctrl Pts',(-17.5301645357825,15.0487230036134,-32.0857473426896));
#6295=CARTESIAN_POINT('',(-17.822381260049,15.0487278309523,-32.1521447559435));
#6296=CARTESIAN_POINT('Ctrl Pts',(-17.822381260049,15.0487278309521,-32.1521447559436));
#6297=CARTESIAN_POINT('Ctrl Pts',(-17.7249611613502,15.0487262480023,-32.1300089846908));
#6298=CARTESIAN_POINT('Ctrl Pts',(-17.6275423755457,15.0487246391001,-32.1078735117948));
#6299=CARTESIAN_POINT('Ctrl Pts',(-17.5301645357825,15.0487230036134,-32.0857473426896));
#6300=CARTESIAN_POINT('',(-18.0775199092596,14.4181641224616,-32.2081470149885));
#6301=CARTESIAN_POINT('Ctrl Pts',(-17.8223812600491,15.0487278309524,-32.1521447559435));
#6302=CARTESIAN_POINT('Ctrl Pts',(-17.8718379563501,14.9264950392964,-32.1630056467692));
#6303=CARTESIAN_POINT('Ctrl Pts',(-17.921296432031,14.804259458183,-32.1738638850972));
#6304=CARTESIAN_POINT('Ctrl Pts',(-18.0063416111671,14.5940748949192,-32.1925296087508));
#6305=CARTESIAN_POINT('Ctrl Pts',(-18.0419306645289,14.5061193181761,-32.2003390987485));
#6306=CARTESIAN_POINT('Ctrl Pts',(-18.0775199092672,14.418164122465,-32.2081470149931));
#6307=CARTESIAN_POINT('Ctrl Pts',(-18.0775199092397,14.4181641224762,-32.2081470149876));
#6308=CARTESIAN_POINT('Ctrl Pts',(-17.895059589017,14.2309255003894,-32.1661234029648));
#6309=CARTESIAN_POINT('Ctrl Pts',(-17.7124607781991,14.0435486210898,-32.1240855205885));
#6310=CARTESIAN_POINT('Ctrl Pts',(-17.5309633068369,13.8573057150792,-32.0823186468303));
#6311=CARTESIAN_POINT('Ctrl Pts',(-18.0768451667753,14.4181556537069,-32.2110446585948));
#6312=CARTESIAN_POINT('Ctrl Pts',(-18.0846405360536,14.4182537481118,-32.1775813035411));
#6313=CARTESIAN_POINT('Ctrl Pts',(-18.0923464201073,14.4183518425269,-32.1440815503455));
#6314=CARTESIAN_POINT('Ctrl Pts',(-18.0999622363884,14.4184499370526,-32.1105468427938));
#6315=CARTESIAN_POINT('Ctrl Pts',(-18.3045192051958,14.4210847054171,-31.2098215839875));
#6316=CARTESIAN_POINT('Ctrl Pts',(-18.4416709103366,14.4236897499999,-30.2928493901548));
#6317=CARTESIAN_POINT('Ctrl Pts',(-18.5438882531363,14.4276166136714,-28.9168107440064));
#6318=CARTESIAN_POINT('Ctrl Pts',(-18.5610155494057,14.4289261935067,-28.4553332216366));
#6319=CARTESIAN_POINT('Ctrl Pts',(-18.5606795119488,14.4315453216224,-27.5311931892229));
#6320=CARTESIAN_POINT('Ctrl Pts',(-18.5432221632199,14.4328538286089,-27.0698745095512));
#6321=CARTESIAN_POINT('Ctrl Pts',(-18.4400350534119,14.4367806822826,-25.6940247246584));
#6322=CARTESIAN_POINT('Ctrl Pts',(-18.3021691290178,14.4393898750361,-24.7768562418604));
#6323=CARTESIAN_POINT('Ctrl Pts',(-18.0970045021485,14.4420200039807,-23.8764509989133));
#6324=CARTESIAN_POINT('Ctrl Pts',(-18.089365534738,14.4421179324829,-23.8429258906306));
#6325=CARTESIAN_POINT('Ctrl Pts',(-18.0816365908624,14.4422158607905,-23.8094359861006));
#6326=CARTESIAN_POINT('Ctrl Pts',(-18.0738182569122,14.442313789005,-23.7759827266017));
#6327=CARTESIAN_POINT('Ctrl Pts',(-17.8948845181862,14.2312056729784,-32.1681361087165));
#6328=CARTESIAN_POINT('Ctrl Pts',(-17.902600422553,14.2313037669563,-32.1350097391994));
#6329=CARTESIAN_POINT('Ctrl Pts',(-17.910227744024,14.2314018609596,-32.1018473356792));
#6330=CARTESIAN_POINT('Ctrl Pts',(-17.9177659058756,14.2314999550886,-32.0686503273895));
#6331=CARTESIAN_POINT('Ctrl Pts',(-18.12023558186,14.2341347038486,-31.1769984130238));
#6332=CARTESIAN_POINT('Ctrl Pts',(-18.255982805162,14.2367397639332,-30.2692533937164));
#6333=CARTESIAN_POINT('Ctrl Pts',(-18.3571333271222,14.2406666271244,-28.9070720220631));
#6334=CARTESIAN_POINT('Ctrl Pts',(-18.3740754594847,14.2419762026042,-28.4502436966404));
#6335=CARTESIAN_POINT('Ctrl Pts',(-18.373717714428,14.2445953302423,-27.5354121002875));
#6336=CARTESIAN_POINT('Ctrl Pts',(-18.3564238746063,14.2459038416149,-27.0787388728942));
#6337=CARTESIAN_POINT('Ctrl Pts',(-18.254237931452,14.2498306974623,-25.7167491838414));
#6338=CARTESIAN_POINT('Ctrl Pts',(-18.1177361319022,14.2524398739207,-24.8088282458144));
#6339=CARTESIAN_POINT('Ctrl Pts',(-17.9146134968388,14.2550700197396,-23.9174917255237));
#6340=CARTESIAN_POINT('Ctrl Pts',(-17.9070505272321,14.2551679486418,-23.8843043643473));
#6341=CARTESIAN_POINT('Ctrl Pts',(-17.8993984864743,14.2552658773647,-23.85115184986));
#6342=CARTESIAN_POINT('Ctrl Pts',(-17.8916579550063,14.2553638060095,-23.8180356088328));
#6343=CARTESIAN_POINT('Ctrl Pts',(-17.7129238966901,14.0442556927493,-32.1252274417594));
#6344=CARTESIAN_POINT('Ctrl Pts',(-17.720560335934,14.0443537862999,-32.0924380577661));
#6345=CARTESIAN_POINT('Ctrl Pts',(-17.7281090945976,14.044451879891,-32.0596130039063));
#6346=CARTESIAN_POINT('Ctrl Pts',(-17.7355696017908,14.0445499736232,-32.0267536948216));
#6347=CARTESIAN_POINT('Ctrl Pts',(-17.9359544820352,14.047184702466,-31.144175625664));
#6348=CARTESIAN_POINT('Ctrl Pts',(-18.0702955624822,14.0497897783706,-30.2456573036678));
#6349=CARTESIAN_POINT('Ctrl Pts',(-18.1703783806936,14.0537166410064,-28.8973331743249));
#6350=CARTESIAN_POINT('Ctrl Pts',(-18.187135612964,14.0550262121505,-28.4451540867933));
#6351=CARTESIAN_POINT('Ctrl Pts',(-18.1867563074421,14.0576453393146,-27.5396308289496));
#6352=CARTESIAN_POINT('Ctrl Pts',(-18.1696253118756,14.0589538550517,-27.0876031351119));
#6353=CARTESIAN_POINT('Ctrl Pts',(-18.0684422560654,14.0628807131517,-25.7394734003925));
#6354=CARTESIAN_POINT('Ctrl Pts',(-17.9333071659951,14.0654898731169,-24.8407993583327));
#6355=CARTESIAN_POINT('Ctrl Pts',(-17.7322224647468,14.0681200359951,-23.9585323353833));
#6356=CARTESIAN_POINT('Ctrl Pts',(-17.7247354927338,14.0682179652977,-23.9256827213298));
#6357=CARTESIAN_POINT('Ctrl Pts',(-17.71716035487,14.068315894436,-23.8928675969029));
#6358=CARTESIAN_POINT('Ctrl Pts',(-17.7094976256469,14.0684138235115,-23.8600883743668));
#6359=CARTESIAN_POINT('Ctrl Pts',(-17.530963304896,13.8573057130851,-32.0823186463726));
#6360=CARTESIAN_POINT('Ctrl Pts',(-17.5385202787568,13.857403806208,-32.0498662478854));
#6361=CARTESIAN_POINT('Ctrl Pts',(-17.5459904743666,13.8575018993867,-32.0173785436695));
#6362=CARTESIAN_POINT('Ctrl Pts',(-17.5533733266792,13.8575999927219,-31.9848569337275));
#6363=CARTESIAN_POINT('Ctrl Pts',(-17.7516709011808,13.8602347019307,-31.1113522098292));
#6364=CARTESIAN_POINT('Ctrl Pts',(-17.8846074879967,13.8628397933596,-30.2220610579531));
#6365=CARTESIAN_POINT('Ctrl Pts',(-17.9836234666602,13.866766655515,-28.887594201662));
#6366=CARTESIAN_POINT('Ctrl Pts',(-18.0001955288052,13.8680762222972,-28.4400643116161));
#6367=CARTESIAN_POINT('Ctrl Pts',(-17.9997945032156,13.8706953489827,-27.5438494900503));
#6368=CARTESIAN_POINT('Ctrl Pts',(-17.9828270103508,13.8720038691122,-27.0964672479849));
#6369=CARTESIAN_POINT('Ctrl Pts',(-17.8826451024447,13.8759307293896,-25.7621976099993));
#6370=CARTESIAN_POINT('Ctrl Pts',(-17.7488741254051,13.8785398730357,-24.8727711174192));
#6371=CARTESIAN_POINT('Ctrl Pts',(-17.5498314032624,13.8811700528125,-23.9995728171907));
#6372=CARTESIAN_POINT('Ctrl Pts',(-17.5424204285846,13.8812679825157,-23.9670609502826));
#6373=CARTESIAN_POINT('Ctrl Pts',(-17.5349221933695,13.8813659120698,-23.9345832159361));
#6374=CARTESIAN_POINT('Ctrl Pts',(-17.5273372661592,13.8814638415762,-23.9021410119082));
#6375=CARTESIAN_POINT('',(-17.5273372681086,13.8814638435769,-23.9021410114581));
#6376=CARTESIAN_POINT('Ctrl Pts',(-17.5273372681086,13.8814638435769,-23.9021410114582));
#6377=CARTESIAN_POINT('Ctrl Pts',(-17.8407114512728,13.87741784841,-25.2425031407544));
#6378=CARTESIAN_POINT('Ctrl Pts',(-17.999377413073,13.8734110929876,-26.6147263865703));
#6379=CARTESIAN_POINT('Ctrl Pts',(-18.0006189702479,13.8653606282972,-29.3691366990447));
#6380=CARTESIAN_POINT('Ctrl Pts',(-17.843169479991,13.8613583000595,-30.7415916141815));
#6381=CARTESIAN_POINT('Ctrl Pts',(-17.5309633068391,13.8573057150815,-32.0823186468308));
#6382=CARTESIAN_POINT('',(-18.074558959225,14.4423042442696,-23.7791544605427));
#6383=CARTESIAN_POINT('Ctrl Pts',(-18.0775199092579,14.4181641224891,-32.2081470149882));
#6384=CARTESIAN_POINT('Ctrl Pts',(-18.3990894665435,14.4222101520079,-30.8267219377215));
#6385=CARTESIAN_POINT('Ctrl Pts',(-18.5613450285228,14.4262126007595,-29.4126354279511));
#6386=CARTESIAN_POINT('Ctrl Pts',(-18.5603556051952,14.4342561557276,-26.5744430264977));
#6387=CARTESIAN_POINT('Ctrl Pts',(-18.3971166891512,14.4382612574593,-25.1604147880999));
#6388=CARTESIAN_POINT('Ctrl Pts',(-18.0745589592234,14.4423042442967,-23.7791544605431));
#6389=CARTESIAN_POINT('Ctrl Pts',(-17.5273372681121,13.8814638435804,-23.9021410114574));
#6390=CARTESIAN_POINT('Ctrl Pts',(-17.7117857673454,14.0705066318323,-23.8606684841265));
#6391=CARTESIAN_POINT('Ctrl Pts',(-17.8929777278215,14.256207849576,-23.8199464213323));
#6392=CARTESIAN_POINT('Ctrl Pts',(-18.0745589592045,14.442304244284,-23.779154460544));
#6393=CARTESIAN_POINT('Ctrl Pts',(-4.08574737074859,15.048732751433,-10.4698354707572));
#6394=CARTESIAN_POINT('Ctrl Pts',(-4.12717100477423,15.0487296816701,-10.2875289107186));
#6395=CARTESIAN_POINT('Ctrl Pts',(-4.16859463866204,15.0487266119085,-10.1052223506487));
#6396=CARTESIAN_POINT('Ctrl Pts',(-4.21001827241201,15.0487235421482,-9.92291579054752));
#6397=CARTESIAN_POINT('Ctrl Pts',(-4.08464394750336,14.6653971608328,-10.4695782964076));
#6398=CARTESIAN_POINT('Ctrl Pts',(-4.12605610638269,14.6653940924027,-10.2872691289904));
#6399=CARTESIAN_POINT('Ctrl Pts',(-4.16746826511987,14.6653910239738,-10.1049599615404));
#6400=CARTESIAN_POINT('Ctrl Pts',(-4.20888042372375,14.6653879555462,-9.92265079406061));
#6401=CARTESIAN_POINT('Ctrl Pts',(-4.08354121758184,14.2820614502641,-10.4693213934059));
#6402=CARTESIAN_POINT('Ctrl Pts',(-4.12494190852646,14.2820583819431,-10.287009621387));
#6403=CARTESIAN_POINT('Ctrl Pts',(-4.16634259932895,14.2820553136234,-10.1046978493352));
#6404=CARTESIAN_POINT('Ctrl Pts',(-4.20774328999815,14.2820522453049,-9.92238607725377));
#6405=CARTESIAN_POINT('Ctrl Pts',(-4.082437865535,13.8987256244033,-10.4690644552561));
#6406=CARTESIAN_POINT('Ctrl Pts',(-4.12382708207644,13.8987225549754,-10.286750078305));
#6407=CARTESIAN_POINT('Ctrl Pts',(-4.16521629848006,13.8987194855487,-10.1044357013225));
#6408=CARTESIAN_POINT('Ctrl Pts',(-4.20660551474588,13.8987164161234,-9.92212132430885));
#6409=CARTESIAN_POINT('Ctrl Pts',(-4.08239812601799,13.8849189879619,-10.4690552010946));
#6410=CARTESIAN_POINT('Ctrl Pts',(-4.12378692928512,13.884915918533,-10.2867407303214));
#6411=CARTESIAN_POINT('Ctrl Pts',(-4.16517573241443,13.8849128491053,-10.104426259517));
#6412=CARTESIAN_POINT('Ctrl Pts',(-4.20656453540593,13.8849097796789,-9.92211178868133));
#6413=CARTESIAN_POINT('Ctrl Pts',(-4.08235838644978,13.8711123515206,-10.4690459470636));
#6414=CARTESIAN_POINT('Ctrl Pts',(-4.12374677644206,13.8711092820906,-10.2867313824698));
#6415=CARTESIAN_POINT('Ctrl Pts',(-4.16513516629654,13.8711062126619,-10.1044168178448));
#6416=CARTESIAN_POINT('Ctrl Pts',(-4.2065235560132,13.8711031432345,-9.92210225318841));
#6417=CARTESIAN_POINT('Ctrl Pts',(-4.08231864683035,13.8573057150793,-10.4690366931631));
#6418=CARTESIAN_POINT('Ctrl Pts',(-4.12370662354728,13.8573026456483,-10.2867220347501));
#6419=CARTESIAN_POINT('Ctrl Pts',(-4.16509460012639,13.8572995762186,-10.1044073763057));
#6420=CARTESIAN_POINT('Ctrl Pts',(-4.20648257656769,13.8572965067902,-9.9220927178301));
#6421=CARTESIAN_POINT('',(-4.08574734269031,15.0487230036134,-10.4698354642146));
#6422=CARTESIAN_POINT('',(-4.08231864683085,13.8573057150815,-10.4690366931609));
#6423=CARTESIAN_POINT('Ctrl Pts',(-4.08231864683035,13.8573057150793,-10.4690366931631));
#6424=CARTESIAN_POINT('Ctrl Pts',(-4.08235838644978,13.8711123515206,-10.4690459470636));
#6425=CARTESIAN_POINT('Ctrl Pts',(-4.08239812601799,13.8849189879619,-10.4690552010946));
#6426=CARTESIAN_POINT('Ctrl Pts',(-4.082437865535,13.8987256244033,-10.4690644552561));
#6427=CARTESIAN_POINT('Ctrl Pts',(-4.08354120822948,14.2820582009889,-10.469321391228));
#6428=CARTESIAN_POINT('Ctrl Pts',(-4.08464392880919,14.6653906622844,-10.4695782920525));
#6429=CARTESIAN_POINT('Ctrl Pts',(-4.0857473426897,15.0487230036134,-10.4698354642175));
#6430=CARTESIAN_POINT('',(-4.15214475594357,15.0487278309524,-10.177618739951));
#6431=CARTESIAN_POINT('Ctrl Pts',(-4.15214475594361,15.0487278309522,-10.177618739951));
#6432=CARTESIAN_POINT('Ctrl Pts',(-4.13000898474343,15.0487262480023,-10.2750388384185));
#6433=CARTESIAN_POINT('Ctrl Pts',(-4.10787351181642,15.0487246391001,-10.3724576243595));
#6434=CARTESIAN_POINT('Ctrl Pts',(-4.0857473426897,15.0487230036134,-10.4698354642175));
#6435=CARTESIAN_POINT('',(-4.2081470149885,14.4181641224616,-9.92248009074046));
#6436=CARTESIAN_POINT('Ctrl Pts',(-4.15214475594355,15.0487278309524,-10.177618739951));
#6437=CARTESIAN_POINT('Ctrl Pts',(-4.16300564676355,14.9264950393604,-10.1281620436758));
#6438=CARTESIAN_POINT('Ctrl Pts',(-4.17386388509327,14.8042594582272,-10.0787035679869));
#6439=CARTESIAN_POINT('Ctrl Pts',(-4.19252960873756,14.5940748950692,-9.99365838889359));
#6440=CARTESIAN_POINT('Ctrl Pts',(-4.20033909873851,14.5061193182894,-9.95806933551704));
#6441=CARTESIAN_POINT('Ctrl Pts',(-4.20814701499319,14.4181641224651,-9.92248009073289));
#6442=CARTESIAN_POINT('Ctrl Pts',(-4.20814701498763,14.4181641224762,-9.92248009076034));
#6443=CARTESIAN_POINT('Ctrl Pts',(-4.16612340296987,14.2309255004117,-10.1049404109614));
#6444=CARTESIAN_POINT('Ctrl Pts',(-4.12408552059755,14.0435486211299,-10.2875392217619));
#6445=CARTESIAN_POINT('Ctrl Pts',(-4.08231864683035,13.8573057150793,-10.4690366931631));
#6446=CARTESIAN_POINT('Ctrl Pts',(-4.21104465859479,14.4181556537069,-9.9231548332248));
#6447=CARTESIAN_POINT('Ctrl Pts',(-4.17758130354118,14.4182537481119,-9.91535946394642));
#6448=CARTESIAN_POINT('Ctrl Pts',(-4.1440815503455,14.4183518425269,-9.90765357989277));
#6449=CARTESIAN_POINT('Ctrl Pts',(-4.11054684279388,14.4184499370526,-9.9000377636117));
#6450=CARTESIAN_POINT('Ctrl Pts',(-3.20982158398744,14.4210847054172,-9.69548079480426));
#6451=CARTESIAN_POINT('Ctrl Pts',(-2.29284988588469,14.4236895588805,-9.55832283184778));
#6452=CARTESIAN_POINT('Ctrl Pts',(-0.916810791963663,14.4276165878079,-9.45610715909347));
#6453=CARTESIAN_POINT('Ctrl Pts',(-0.455333246184678,14.4289261701196,-9.43897952383898));
#6454=CARTESIAN_POINT('Ctrl Pts',(0.468806952617633,14.4315453446976,-9.43931552493072));
#6455=CARTESIAN_POINT('Ctrl Pts',(0.930125649056674,14.4328538541686,-9.4567732096021));
#6456=CARTESIAN_POINT('Ctrl Pts',(2.30597590178187,14.4367808731741,-9.55995835716088));
#6457=CARTESIAN_POINT('Ctrl Pts',(3.22314375813952,14.4393898750362,-9.6978308709822));
#6458=CARTESIAN_POINT('Ctrl Pts',(4.12354900108664,14.4420200039808,-9.90299549785158));
#6459=CARTESIAN_POINT('Ctrl Pts',(4.15707410936934,14.442117932483,-9.91063446526204));
#6460=CARTESIAN_POINT('Ctrl Pts',(4.19056401389936,14.4422158607906,-9.91836340913762));
#6461=CARTESIAN_POINT('Ctrl Pts',(4.22401727339825,14.4423137890051,-9.92618174308782));
#6462=CARTESIAN_POINT('Ctrl Pts',(-4.16813610871657,14.2312056729785,-10.1051154818139));
#6463=CARTESIAN_POINT('Ctrl Pts',(-4.1350097391994,14.2313037669564,-10.097399577447));
#6464=CARTESIAN_POINT('Ctrl Pts',(-4.10184733567923,14.2314018609596,-10.089772255976));
#6465=CARTESIAN_POINT('Ctrl Pts',(-4.06865032738957,14.2314999550886,-10.0822340941244));
#6466=CARTESIAN_POINT('Ctrl Pts',(-3.17699841302371,14.2341347038486,-9.87976441814007));
#6467=CARTESIAN_POINT('Ctrl Pts',(-2.2692538894463,14.2367395728138,-9.74401093702234));
#6468=CARTESIAN_POINT('Ctrl Pts',(-0.907072070020328,14.2406666012609,-9.64286208510759));
#6469=CARTESIAN_POINT('Ctrl Pts',(-0.450243721188476,14.2419761792171,-9.62591961376));
#6470=CARTESIAN_POINT('Ctrl Pts',(0.464588041553013,14.2445953533175,-9.6262773224516));
#6471=CARTESIAN_POINT('Ctrl Pts',(0.92126128571366,14.2459038671745,-9.64357149821564));
#6472=CARTESIAN_POINT('Ctrl Pts',(2.28325144259886,14.2498308883538,-9.74575547912083));
#6473=CARTESIAN_POINT('Ctrl Pts',(3.19117175418547,14.2524398739208,-9.88226386809789));
#6474=CARTESIAN_POINT('Ctrl Pts',(4.08250827447628,14.2550700197396,-10.0853865031613));
#6475=CARTESIAN_POINT('Ctrl Pts',(4.11569563565262,14.2551679486419,-10.092949472768));
#6476=CARTESIAN_POINT('Ctrl Pts',(4.14884815014,14.2552658773647,-10.1006015135258));
#6477=CARTESIAN_POINT('Ctrl Pts',(4.18196439116719,14.2553638060096,-10.1083420449937));
#6478=CARTESIAN_POINT('Ctrl Pts',(-4.12522744175944,14.0442556927494,-10.28707610331));
#6479=CARTESIAN_POINT('Ctrl Pts',(-4.09243805776617,14.0443537862999,-10.279439664066));
#6480=CARTESIAN_POINT('Ctrl Pts',(-4.05961300390631,14.044451879891,-10.2718909054024));
#6481=CARTESIAN_POINT('Ctrl Pts',(-4.02675369482164,14.0445499736233,-10.2644303982093));
#6482=CARTESIAN_POINT('Ctrl Pts',(-3.14417562566405,14.047184702466,-10.0640455179648));
#6483=CARTESIAN_POINT('Ctrl Pts',(-2.24565779058314,14.0497895872689,-9.92969834707876));
#6484=CARTESIAN_POINT('Ctrl Pts',(-0.897333225150377,14.05371661516,-9.82961716714072));
#6485=CARTESIAN_POINT('Ctrl Pts',(-0.445154115272793,14.0550261887811,-9.81285960640895));
#6486=CARTESIAN_POINT('Ctrl Pts',(0.460369303885502,14.0576453624072,-9.81323888191594));
#6487=CARTESIAN_POINT('Ctrl Pts',(0.91239701431905,14.0589538806279,-9.83037020356448));
#6488=CARTESIAN_POINT('Ctrl Pts',(2.26052720067361,14.0628809040579,-9.93155137511921));
#6489=CARTESIAN_POINT('Ctrl Pts',(3.15920064166728,14.0654898731169,-10.0666928340049));
#6490=CARTESIAN_POINT('Ctrl Pts',(4.04146766461671,14.0681200359952,-10.2677775352533));
#6491=CARTESIAN_POINT('Ctrl Pts',(4.07431727867018,14.0682179652977,-10.2752645072663));
#6492=CARTESIAN_POINT('Ctrl Pts',(4.10713240309705,14.0683158944361,-10.2828396451301));
#6493=CARTESIAN_POINT('Ctrl Pts',(4.13991162563316,14.0684138235115,-10.2905023743531));
#6494=CARTESIAN_POINT('Ctrl Pts',(-4.08231864637266,13.8573057130852,-10.469036695104));
#6495=CARTESIAN_POINT('Ctrl Pts',(-4.04986624788546,13.857403806208,-10.4614797212433));
#6496=CARTESIAN_POINT('Ctrl Pts',(-4.01737854366949,13.8575018993867,-10.4540095256335));
#6497=CARTESIAN_POINT('Ctrl Pts',(-3.98485693372758,13.857599992722,-10.4466266733209));
#6498=CARTESIAN_POINT('Ctrl Pts',(-3.11135220982926,13.8602347019307,-10.2483290988193));
#6499=CARTESIAN_POINT('Ctrl Pts',(-2.22206154486844,13.8628396022579,-10.1153864215642));
#6500=CARTESIAN_POINT('Ctrl Pts',(-0.8875942524875,13.8667666296685,-10.0163720811741));
#6501=CARTESIAN_POINT('Ctrl Pts',(-0.440064340095602,13.8680761989278,-9.99979969056781));
#6502=CARTESIAN_POINT('Ctrl Pts',(0.456150642784744,13.8706953720752,-10.0002006861424));
#6503=CARTESIAN_POINT('Ctrl Pts',(0.903532901446026,13.8720038946884,-10.0171685050893));
#6504=CARTESIAN_POINT('Ctrl Pts',(2.23780299106679,13.8759309202958,-10.1173485287399));
#6505=CARTESIAN_POINT('Ctrl Pts',(3.12722888258078,13.8785398730358,-10.251125874595));
#6506=CARTESIAN_POINT('Ctrl Pts',(4.00042718280927,13.8811700528125,-10.4501685967377));
#6507=CARTESIAN_POINT('Ctrl Pts',(4.03293904971741,13.8812679825157,-10.4575795714155));
#6508=CARTESIAN_POINT('Ctrl Pts',(4.06541678406389,13.8813659120698,-10.4650778066305));
#6509=CARTESIAN_POINT('Ctrl Pts',(4.09785898809179,13.8814638415763,-10.4726627338408));
#6510=CARTESIAN_POINT('',(4.09785898854182,13.8814638435769,-10.4726627318915));
#6511=CARTESIAN_POINT('Ctrl Pts',(4.09785898854181,13.8814638435769,-10.4726627318915));
#6512=CARTESIAN_POINT('Ctrl Pts',(2.75749685924552,13.87741784841,-10.1592885487272));
#6513=CARTESIAN_POINT('Ctrl Pts',(1.38527361342959,13.8734110929876,-10.000622586927));
#6514=CARTESIAN_POINT('Ctrl Pts',(-1.36913669904465,13.8653606282973,-9.99938102975218));
#6515=CARTESIAN_POINT('Ctrl Pts',(-2.74159161418151,13.8613583000595,-10.1568305200091));
#6516=CARTESIAN_POINT('Ctrl Pts',(-4.08231864683085,13.8573057150815,-10.4690366931609));
#6517=CARTESIAN_POINT('',(4.22084553945727,14.4423042442696,-9.92544104077508));
#6518=CARTESIAN_POINT('Ctrl Pts',(-4.20814701498818,14.4181641224892,-9.92248009074213));
#6519=CARTESIAN_POINT('Ctrl Pts',(-2.82672193772211,14.4222101520079,-9.60091053345671));
#6520=CARTESIAN_POINT('Ctrl Pts',(-1.41263542795341,14.4262126007596,-9.43865497147727));
#6521=CARTESIAN_POINT('Ctrl Pts',(1.42555697350452,14.4342561557276,-9.43964439480488));
#6522=CARTESIAN_POINT('Ctrl Pts',(2.83958521190065,14.4382612574593,-9.60288331084903));
#6523=CARTESIAN_POINT('Ctrl Pts',(4.22084553945681,14.4423042442967,-9.92544104077669));
#6524=CARTESIAN_POINT('Ctrl Pts',(4.22084553945594,14.442304244284,-9.92544104079558));
#6525=CARTESIAN_POINT('Ctrl Pts',(4.18005357865788,14.2562078495315,-10.1070222722221));
#6526=CARTESIAN_POINT('Ctrl Pts',(4.1393315158587,14.0705066317652,-10.2882142327201));
#6527=CARTESIAN_POINT('Ctrl Pts',(4.09785898854259,13.8814638435805,-10.472662731888));
#6528=CARTESIAN_POINT('Ctrl Pts',(17.5301645292427,15.048732751433,-23.9142526292515));
#6529=CARTESIAN_POINT('Ctrl Pts',(17.7124710892813,15.0487296816702,-23.8728289952258));
#6530=CARTESIAN_POINT('Ctrl Pts',(17.8947776493512,15.0487266119085,-23.831405361338));
#6531=CARTESIAN_POINT('Ctrl Pts',(18.0770842094524,15.0487235421482,-23.789981727588));
#6532=CARTESIAN_POINT('Ctrl Pts',(17.5304217035923,14.6653971608328,-23.9153560524967));
#6533=CARTESIAN_POINT('Ctrl Pts',(17.7127308710095,14.6653940924027,-23.8739438936174));
#6534=CARTESIAN_POINT('Ctrl Pts',(17.8950400384596,14.6653910239739,-23.8325317348802));
#6535=CARTESIAN_POINT('Ctrl Pts',(18.0773492059393,14.6653879555463,-23.7911195762763));
#6536=CARTESIAN_POINT('Ctrl Pts',(17.5306786065941,14.2820614502641,-23.9164587824182));
#6537=CARTESIAN_POINT('Ctrl Pts',(17.712990378613,14.2820583819432,-23.8750580914736));
#6538=CARTESIAN_POINT('Ctrl Pts',(17.8953021506647,14.2820553136234,-23.8336574006711));
#6539=CARTESIAN_POINT('Ctrl Pts',(18.0776139227462,14.282052245305,-23.7922567100019));
#6540=CARTESIAN_POINT('Ctrl Pts',(17.5309355447439,13.8987256244034,-23.9175621344651));
#6541=CARTESIAN_POINT('Ctrl Pts',(17.713249921695,13.8987225549755,-23.8761729179236));
#6542=CARTESIAN_POINT('Ctrl Pts',(17.8955642986774,13.8987194855488,-23.83478370152));
#6543=CARTESIAN_POINT('Ctrl Pts',(18.0778786756911,13.8987164161234,-23.7933944852542));
#6544=CARTESIAN_POINT('Ctrl Pts',(17.5309447989054,13.884918987962,-23.9176018739821));
#6545=CARTESIAN_POINT('Ctrl Pts',(17.7132592696785,13.884915918533,-23.8762130707149));
#6546=CARTESIAN_POINT('Ctrl Pts',(17.8955737404829,13.8849128491054,-23.8348242675856));
#6547=CARTESIAN_POINT('Ctrl Pts',(18.0778882113186,13.884909779679,-23.7934354645941));
#6548=CARTESIAN_POINT('Ctrl Pts',(17.5309540529364,13.8711123515206,-23.9176416135503));
#6549=CARTESIAN_POINT('Ctrl Pts',(17.7132686175301,13.8711092820907,-23.876253223558));
#6550=CARTESIAN_POINT('Ctrl Pts',(17.8955831821552,13.871106212662,-23.8348648337035));
#6551=CARTESIAN_POINT('Ctrl Pts',(18.0778977468115,13.8711031432346,-23.7934764439868));
#6552=CARTESIAN_POINT('Ctrl Pts',(17.5309633068368,13.8573057150793,-23.9176813531697));
#6553=CARTESIAN_POINT('Ctrl Pts',(17.7132779652499,13.8573026456484,-23.8762933764528));
#6554=CARTESIAN_POINT('Ctrl Pts',(17.8955926236942,13.8572995762187,-23.8349053998737));
#6555=CARTESIAN_POINT('Ctrl Pts',(18.0779072821699,13.8572965067902,-23.7935174234324));
#6556=CARTESIAN_POINT('',(17.5301645357854,15.0487230036135,-23.9142526573097));
#6557=CARTESIAN_POINT('',(17.530963306839,13.8573057150816,-23.9176813531692));
#6558=CARTESIAN_POINT('Ctrl Pts',(17.5309633068368,13.8573057150793,-23.9176813531697));
#6559=CARTESIAN_POINT('Ctrl Pts',(17.5309540529364,13.8711123515206,-23.9176416135503));
#6560=CARTESIAN_POINT('Ctrl Pts',(17.5309447989054,13.884918987962,-23.9176018739821));
#6561=CARTESIAN_POINT('Ctrl Pts',(17.5309355447439,13.8987256244034,-23.9175621344651));
#6562=CARTESIAN_POINT('Ctrl Pts',(17.5306786087719,14.282058200989,-23.9164587917706));
#6563=CARTESIAN_POINT('Ctrl Pts',(17.5304217079475,14.6653906622844,-23.9153560711909));
#6564=CARTESIAN_POINT('Ctrl Pts',(17.5301645357824,15.0487230036135,-23.9142526573104));
#6565=CARTESIAN_POINT('',(17.8223812600489,15.0487278309524,-23.8478552440565));
#6566=CARTESIAN_POINT('Ctrl Pts',(17.8223812600489,15.0487278309522,-23.8478552440565));
#6567=CARTESIAN_POINT('Ctrl Pts',(17.724961160752,15.0487262480024,-23.8699910154451));
#6568=CARTESIAN_POINT('Ctrl Pts',(17.6275423753099,15.0487246391002,-23.8921264882588));
#6569=CARTESIAN_POINT('Ctrl Pts',(17.5301645357824,15.0487230036135,-23.9142526573104));
#6570=CARTESIAN_POINT('',(18.0775199092595,14.4181641224617,-23.7918529850116));
#6571=CARTESIAN_POINT('Ctrl Pts',(17.822381260049,15.0487278309525,-23.8478552440565));
#6572=CARTESIAN_POINT('Ctrl Pts',(17.8718379563557,14.9264950392825,-23.8369943532296));
#6573=CARTESIAN_POINT('Ctrl Pts',(17.9212964320209,14.804259458208,-23.8261361149051));
#6574=CARTESIAN_POINT('Ctrl Pts',(18.0063416111765,14.5940748948959,-23.8074703912471));
#6575=CARTESIAN_POINT('Ctrl Pts',(18.0419306645351,14.5061193181605,-23.7996609012501));
#6576=CARTESIAN_POINT('Ctrl Pts',(18.0775199092671,14.4181641224651,-23.7918529850069));
#6577=CARTESIAN_POINT('Ctrl Pts',(18.0775199092396,14.4181641224763,-23.7918529850124));
#6578=CARTESIAN_POINT('Ctrl Pts',(17.8950595890014,14.2309255003736,-23.8338765970387));
#6579=CARTESIAN_POINT('Ctrl Pts',(17.712460778177,14.0435486210674,-23.8759144794165));
#6580=CARTESIAN_POINT('Ctrl Pts',(17.5309633068368,13.8573057150793,-23.9176813531697));
#6581=CARTESIAN_POINT('Ctrl Pts',(18.0768451667752,14.418155653707,-23.7889553414053));
#6582=CARTESIAN_POINT('Ctrl Pts',(18.0846405360535,14.4182537481119,-23.8224186964589));
#6583=CARTESIAN_POINT('Ctrl Pts',(18.0923464201072,14.418351842527,-23.8559184496546));
#6584=CARTESIAN_POINT('Ctrl Pts',(18.0999622363883,14.4184499370527,-23.8894531572062));
#6585=CARTESIAN_POINT('Ctrl Pts',(18.3045192051957,14.4210847054172,-24.7901784160126));
#6586=CARTESIAN_POINT('Ctrl Pts',(18.4416709069094,14.4236897500844,-25.7071506100569));
#6587=CARTESIAN_POINT('Ctrl Pts',(18.5438882502236,14.4276166136845,-27.083189256009));
#6588=CARTESIAN_POINT('Ctrl Pts',(18.5610155463172,14.4289261935176,-27.5446667783649));
#6589=CARTESIAN_POINT('Ctrl Pts',(18.5606795088435,14.4315453216119,-28.4688068107028));
#6590=CARTESIAN_POINT('Ctrl Pts',(18.5432221602871,14.4328538285963,-28.9301254903643));
#6591=CARTESIAN_POINT('Ctrl Pts',(18.4400350498384,14.4367806821985,-30.3059752750567));
#6592=CARTESIAN_POINT('Ctrl Pts',(18.3021691290178,14.4393898750362,-31.2231437581395));
#6593=CARTESIAN_POINT('Ctrl Pts',(18.0970045021484,14.4420200039808,-32.1235490010867));
#6594=CARTESIAN_POINT('Ctrl Pts',(18.0893655347379,14.442117932483,-32.1570741093694));
#6595=CARTESIAN_POINT('Ctrl Pts',(18.0816365908623,14.4422158607907,-32.1905640138994));
#6596=CARTESIAN_POINT('Ctrl Pts',(18.0738182569121,14.4423137890051,-32.2240172733983));
#6597=CARTESIAN_POINT('Ctrl Pts',(17.8948845181861,14.2312056729785,-23.8318638912835));
#6598=CARTESIAN_POINT('Ctrl Pts',(17.902600422553,14.2313037669564,-23.8649902608007));
#6599=CARTESIAN_POINT('Ctrl Pts',(17.9102277440239,14.2314018609597,-23.8981526643208));
#6600=CARTESIAN_POINT('Ctrl Pts',(17.9177659058755,14.2314999550887,-23.9313496726105));
#6601=CARTESIAN_POINT('Ctrl Pts',(18.1202355818599,14.2341347038487,-24.8230015869763));
#6602=CARTESIAN_POINT('Ctrl Pts',(18.2559828017348,14.2367397640176,-25.7307466064953));
#6603=CARTESIAN_POINT('Ctrl Pts',(18.3571333242095,14.2406666271375,-27.0929279779523));
#6604=CARTESIAN_POINT('Ctrl Pts',(18.3740754563962,14.2419762026151,-27.5497563033611));
#6605=CARTESIAN_POINT('Ctrl Pts',(18.3737177113226,14.2445953302318,-28.4645878996382));
#6606=CARTESIAN_POINT('Ctrl Pts',(18.3564238716736,14.2459038416022,-28.9212611270213));
#6607=CARTESIAN_POINT('Ctrl Pts',(18.2542379278785,14.2498306973781,-30.2832508158737));
#6608=CARTESIAN_POINT('Ctrl Pts',(18.1177361319021,14.2524398739208,-31.1911717541855));
#6609=CARTESIAN_POINT('Ctrl Pts',(17.9146134968387,14.2550700197397,-32.0825082744763));
#6610=CARTESIAN_POINT('Ctrl Pts',(17.907050527232,14.2551679486419,-32.1156956356527));
#6611=CARTESIAN_POINT('Ctrl Pts',(17.8993984864742,14.2552658773648,-32.14884815014));
#6612=CARTESIAN_POINT('Ctrl Pts',(17.8916579550062,14.2553638060096,-32.1819643911672));
#6613=CARTESIAN_POINT('Ctrl Pts',(17.71292389669,14.0442556927494,-23.8747725582406));
#6614=CARTESIAN_POINT('Ctrl Pts',(17.7205603359339,14.0443537863,-23.9075619422339));
#6615=CARTESIAN_POINT('Ctrl Pts',(17.7281090945975,14.0444518798911,-23.9403869960937));
#6616=CARTESIAN_POINT('Ctrl Pts',(17.7355696017907,14.0445499736233,-23.9732463051784));
#6617=CARTESIAN_POINT('Ctrl Pts',(17.9359544820352,14.0471847024661,-24.855824374336));
#6618=CARTESIAN_POINT('Ctrl Pts',(18.070295559149,14.049789778455,-25.7543426965409));
#6619=CARTESIAN_POINT('Ctrl Pts',(18.1703783778674,14.0537166410195,-27.1026668256928));
#6620=CARTESIAN_POINT('Ctrl Pts',(18.1871356099676,14.0550262121613,-27.5548459132112));
#6621=CARTESIAN_POINT('Ctrl Pts',(18.1867563044317,14.0576453393041,-28.4603691709813));
#6622=CARTESIAN_POINT('Ctrl Pts',(18.1696253090329,14.0589538550391,-28.9123968648089));
#6623=CARTESIAN_POINT('Ctrl Pts',(18.0684422526093,14.0628807130676,-30.2605265993348));
#6624=CARTESIAN_POINT('Ctrl Pts',(17.933307165995,14.065489873117,-31.1592006416673));
#6625=CARTESIAN_POINT('Ctrl Pts',(17.7322224647467,14.0681200359952,-32.0414676646168));
#6626=CARTESIAN_POINT('Ctrl Pts',(17.7247354927337,14.0682179652978,-32.0743172786702));
#6627=CARTESIAN_POINT('Ctrl Pts',(17.7171603548699,14.0683158944361,-32.1071324030971));
#6628=CARTESIAN_POINT('Ctrl Pts',(17.7094976256468,14.0684138235116,-32.1399116256332));
#6629=CARTESIAN_POINT('Ctrl Pts',(17.5309633048959,13.8573057130852,-23.9176813536274));
#6630=CARTESIAN_POINT('Ctrl Pts',(17.5385202787567,13.8574038062081,-23.9501337521146));
#6631=CARTESIAN_POINT('Ctrl Pts',(17.5459904743665,13.8575018993868,-23.9826214563306));
#6632=CARTESIAN_POINT('Ctrl Pts',(17.5533733266791,13.857599992722,-24.0151430662725));
#6633=CARTESIAN_POINT('Ctrl Pts',(17.7516709011807,13.8602347019308,-24.8886477901708));
#6634=CARTESIAN_POINT('Ctrl Pts',(17.8846074846635,13.8628397934441,-25.7779389422556));
#6635=CARTESIAN_POINT('Ctrl Pts',(17.983623463834,13.866766655528,-27.1124057983556));
#6636=CARTESIAN_POINT('Ctrl Pts',(18.0001955258087,13.868076222308,-27.5599356883883));
#6637=CARTESIAN_POINT('Ctrl Pts',(17.9997945002052,13.8706953489722,-28.4561505098805));
#6638=CARTESIAN_POINT('Ctrl Pts',(17.9828270075081,13.8720038690996,-28.9035327519358));
#6639=CARTESIAN_POINT('Ctrl Pts',(17.8826450989887,13.8759307293054,-30.2378023897279));
#6640=CARTESIAN_POINT('Ctrl Pts',(17.748874125405,13.8785398730358,-31.1272288825808));
#6641=CARTESIAN_POINT('Ctrl Pts',(17.5498314032623,13.8811700528126,-32.0004271828093));
#6642=CARTESIAN_POINT('Ctrl Pts',(17.5424204285845,13.8812679825158,-32.0329390497175));
#6643=CARTESIAN_POINT('Ctrl Pts',(17.5349221933694,13.8813659120699,-32.0654167840639));
#6644=CARTESIAN_POINT('Ctrl Pts',(17.5273372661591,13.8814638415763,-32.0978589880918));
#6645=CARTESIAN_POINT('',(18.,13.8693622785503,-28.0000000000001));
#6646=CARTESIAN_POINT('Ctrl Pts',(18.,13.8693622785503,-28.0000000000002));
#6647=CARTESIAN_POINT('Ctrl Pts',(18.,13.8653448614449,-26.6254731909219));
#6648=CARTESIAN_POINT('Ctrl Pts',(17.8425563946904,13.8613503419201,-25.255775574214));
#6649=CARTESIAN_POINT('Ctrl Pts',(17.530963306839,13.8573057150816,-23.9176813531692));
#6650=CARTESIAN_POINT('',(18.0745589592249,14.4423042442697,-32.2208455394573));
#6651=CARTESIAN_POINT('Ctrl Pts',(18.0775199092578,14.4181641224892,-23.7918529850119));
#6652=CARTESIAN_POINT('Ctrl Pts',(18.3990894665431,14.422210152008,-25.1732780622774));
#6653=CARTESIAN_POINT('Ctrl Pts',(18.5613450285227,14.4262126007596,-26.5873645720448));
#6654=CARTESIAN_POINT('Ctrl Pts',(18.5603556051951,14.4342561557277,-29.4255569735064));
#6655=CARTESIAN_POINT('Ctrl Pts',(18.3971166891508,14.4382612574594,-30.8395852119012));
#6656=CARTESIAN_POINT('Ctrl Pts',(18.0745589592233,14.4423042442968,-32.2208455394569));
#6657=CARTESIAN_POINT('',(17.5273372681085,13.881463843577,-32.0978589885419));
#6658=CARTESIAN_POINT('Ctrl Pts',(17.527337268112,13.8814638435805,-32.0978589885426));
#6659=CARTESIAN_POINT('Ctrl Pts',(17.7117857673856,14.0705066318737,-32.1393315158825));
#6660=CARTESIAN_POINT('Ctrl Pts',(17.8929777278443,14.2562078495996,-32.1800535786728));
#6661=CARTESIAN_POINT('Ctrl Pts',(18.0745589592044,14.4423042442841,-32.220845539456));
#6662=CARTESIAN_POINT('Ctrl Pts',(17.5273372681085,13.881463843577,-32.0978589885418));
#6663=CARTESIAN_POINT('Ctrl Pts',(17.8407114512727,13.87741784841,-30.7574968592456));
#6664=CARTESIAN_POINT('Ctrl Pts',(17.9993774130729,13.8734110929877,-29.3852736134297));
#6665=CARTESIAN_POINT('Ctrl Pts',(17.9999993904126,13.8693780877322,-28.0054090101958));
#6666=CARTESIAN_POINT('Ctrl Pts',(18.,13.8693701831524,-28.00270449575));
#6667=CARTESIAN_POINT('Ctrl Pts',(18.,13.8693622785503,-28.0000000000002));
#6668=CARTESIAN_POINT('Ctrl Pts',(-4.22226709665862,14.4423082831696,-46.0742269841803));
#6669=CARTESIAN_POINT('Ctrl Pts',(-4.18939066860833,14.4422120498056,-46.0819071530006));
#6670=CARTESIAN_POINT('Ctrl Pts',(-4.15647893837669,14.4421158164943,-46.0895009696581));
#6671=CARTESIAN_POINT('Ctrl Pts',(-4.12353327418875,14.4420195831391,-46.0970078788565));
#6672=CARTESIAN_POINT('Ctrl Pts',(-4.1234239497431,14.4420192638054,-46.0970327892266));
#6673=CARTESIAN_POINT('Ctrl Pts',(-4.12331462492378,14.4420189444719,-46.0970576986397));
#6674=CARTESIAN_POINT('Ctrl Pts',(-4.12320529972172,14.4420186251384,-46.0970826070977));
#6675=CARTESIAN_POINT('Ctrl Pts',(-3.22277038945129,14.4393884993635,-46.3022360828775));
#6676=CARTESIAN_POINT('Ctrl Pts',(-2.30584010981873,14.4367794752528,-46.4400494360641));
#6677=CARTESIAN_POINT('Ctrl Pts',(-1.38861293519386,14.4341615344346,-46.5088357909841));
#6678=CARTESIAN_POINT('Ctrl Pts',(-1.38850447449233,14.4341612252625,-46.5088439304397));
#6679=CARTESIAN_POINT('Ctrl Pts',(-0.929905037984613,14.4328529856897,-46.5432449552443));
#6680=CARTESIAN_POINT('Ctrl Pts',(-0.468671522686297,14.4315440401503,-46.5606851703711));
#6681=CARTESIAN_POINT('Ctrl Pts',(-0.00659903898494846,14.4302346215324,
-46.5608508622992));
#6682=CARTESIAN_POINT('Ctrl Pts',(-0.0064771779761215,14.4302342761249,
-46.5608509052456));
#6683=CARTESIAN_POINT('Ctrl Pts',(0.455608101504124,14.4289248291123,-46.5610112873699));
#6684=CARTESIAN_POINT('Ctrl Pts',(0.916946680770236,14.4276153695524,-46.5438922623424));
#6685=CARTESIAN_POINT('Ctrl Pts',(1.3756252115541,14.4263070707548,-46.5098057808518));
#6686=CARTESIAN_POINT('Ctrl Pts',(1.37573385747199,14.4263067610909,-46.5097977035999));
#6687=CARTESIAN_POINT('Ctrl Pts',(2.29305841713691,14.4236888714658,-46.4416446013378));
#6688=CARTESIAN_POINT('Ctrl Pts',(3.20998550760216,14.4210818670436,-46.3044803874032));
#6689=CARTESIAN_POINT('Ctrl Pts',(4.11056247055989,14.4184495161356,-46.0999584804017));
#6690=CARTESIAN_POINT('Ctrl Pts',(4.11067094376401,14.4184491990726,-46.0999338460313));
#6691=CARTESIAN_POINT('Ctrl Pts',(4.11077941673219,14.4184488820091,-46.099909210689));
#6692=CARTESIAN_POINT('Ctrl Pts',(4.11088788947388,14.4184485649451,-46.0998845743725));
#6693=CARTESIAN_POINT('Ctrl Pts',(4.14394366417624,14.4183519434543,-46.0923769506781));
#6694=CARTESIAN_POINT('Ctrl Pts',(4.1769654020436,14.4182553222242,-46.0847818297922));
#6695=CARTESIAN_POINT('Ctrl Pts',(4.2099517207396,14.4181587011581,-46.0770997706475));
#6696=CARTESIAN_POINT('Ctrl Pts',(-4.19867253360149,14.6858308875928,-45.9761521197944));
#6697=CARTESIAN_POINT('Ctrl Pts',(-4.16597468892812,14.6857346557439,-45.9837893259103));
#6698=CARTESIAN_POINT('Ctrl Pts',(-4.13324173079767,14.6856384239127,-45.9913406504441));
#6699=CARTESIAN_POINT('Ctrl Pts',(-4.10047501997431,14.6855421920028,-45.9988055410662));
#6700=CARTESIAN_POINT('Ctrl Pts',(-4.1003662893673,14.685541872674,-45.998830312002));
#6701=CARTESIAN_POINT('Ctrl Pts',(-4.10025755838862,14.6855415533452,-45.998855081986));
#6702=CARTESIAN_POINT('Ctrl Pts',(-4.10014882706798,14.6855412340166,-45.9988798510114));
#6703=CARTESIAN_POINT('Ctrl Pts',(-3.20460746758858,14.6829111564891,-46.2028841622308));
#6704=CARTESIAN_POINT('Ctrl Pts',(-2.29264812760648,14.68030199117,-46.3399176358075));
#6705=CARTESIAN_POINT('Ctrl Pts',(-1.38040396961477,14.6776840008368,-46.4082974188808));
#6706=CARTESIAN_POINT('Ctrl Pts',(-1.38029609798955,14.6776836916837,-46.408305507541));
#6707=CARTESIAN_POINT('Ctrl Pts',(-0.924188107269933,14.6763754280108,-46.4425031111305));
#6708=CARTESIAN_POINT('Ctrl Pts',(-0.46546269364927,14.6750664837689,-46.4598320121169));
#6709=CARTESIAN_POINT('Ctrl Pts',(-0.00590139314085992,14.6737571262348,
-46.4599803116855));
#6710=CARTESIAN_POINT('Ctrl Pts',(-0.00578019438147148,14.6737567808402,
-46.4599803495627));
#6711=CARTESIAN_POINT('Ctrl Pts',(0.453793831082346,14.6724473947968,-46.4601233202865));
#6712=CARTESIAN_POINT('Ctrl Pts',(0.912626688036345,14.671138054442,-46.4430806614328));
#6713=CARTESIAN_POINT('Ctrl Pts',(1.36881163299053,14.6698297243217,-46.4091630211251));
#6714=CARTESIAN_POINT('Ctrl Pts',(1.36891969023939,14.66982941467,-46.4091549931482));
#6715=CARTESIAN_POINT('Ctrl Pts',(2.28125716055322,14.6672114610931,-46.3413388726791));
#6716=CARTESIAN_POINT('Ctrl Pts',(3.19318894079025,14.6646038007609,-46.2048893757558));
#6717=CARTESIAN_POINT('Ctrl Pts',(4.08887186231123,14.6619721246004,-46.0014450302907));
#6718=CARTESIAN_POINT('Ctrl Pts',(4.08897974599607,14.6619718076187,-46.0014205256278));
#6719=CARTESIAN_POINT('Ctrl Pts',(4.08908762944643,14.6619714906365,-46.0013960199983));
#6720=CARTESIAN_POINT('Ctrl Pts',(4.08919551263145,14.6619711736539,-46.0013715134091));
#6721=CARTESIAN_POINT('Ctrl Pts',(4.12207154293052,14.6618745772154,-45.9939034416408));
#6722=CARTESIAN_POINT('Ctrl Pts',(4.15491372441317,14.6617779809997,-45.9863483470199));
#6723=CARTESIAN_POINT('Ctrl Pts',(4.18772068224386,14.6616813849102,-45.9787067853881));
#6724=CARTESIAN_POINT('Ctrl Pts',(-4.17507790810049,14.9293534917531,-45.8780772697757));
#6725=CARTESIAN_POINT('Ctrl Pts',(-4.14255864679886,14.9292572614194,-45.8856715130759));
#6726=CARTESIAN_POINT('Ctrl Pts',(-4.110004460763,14.9291610310684,-45.893180345368));
#6727=CARTESIAN_POINT('Ctrl Pts',(-4.07741670329623,14.929064800604,-45.9006032172891));
#6728=CARTESIAN_POINT('Ctrl Pts',(-4.07730856652805,14.92906448128,-45.9006278487901));
#6729=CARTESIAN_POINT('Ctrl Pts',(-4.0772004293902,14.9290641619561,-45.9006524793446));
#6730=CARTESIAN_POINT('Ctrl Pts',(-4.07709229191829,14.9290638426323,-45.9006771089444));
#6731=CARTESIAN_POINT('Ctrl Pts',(-3.18644467266352,14.926433809595,-46.1035329961108));
#6732=CARTESIAN_POINT('Ctrl Pts',(-2.27945605686167,14.9238245054167,-46.2397863508447));
#6733=CARTESIAN_POINT('Ctrl Pts',(-1.37219494620444,14.9212064692913,-46.3077590273076));
#6734=CARTESIAN_POINT('Ctrl Pts',(-1.37208766414375,14.9212061600834,-46.3077670732326));
#6735=CARTESIAN_POINT('Ctrl Pts',(-0.918471121728168,14.9198978721043,-46.3417613706504));
#6736=CARTESIAN_POINT('Ctrl Pts',(-0.462253798360362,14.9185889257956,-46.3589789524264));
#6737=CARTESIAN_POINT('Ctrl Pts',(-0.0052036840081029,14.9172796283162,
-46.3591097489778));
#6738=CARTESIAN_POINT('Ctrl Pts',(-0.0050831475517358,14.9172792829439,
-46.3591097832035));
#6739=CARTESIAN_POINT('Ctrl Pts',(0.451979625169538,14.9159699575403,-46.3592353744694));
#6740=CARTESIAN_POINT('Ctrl Pts',(0.908306772011553,14.914660734983,-46.3422690966971));
#6741=CARTESIAN_POINT('Ctrl Pts',(1.36199812314515,14.9133523733819,-46.3085202440842));
#6742=CARTESIAN_POINT('Ctrl Pts',(1.36210558579047,14.9133520636836,-46.3085122376098));
#6743=CARTESIAN_POINT('Ctrl Pts',(2.269456159168,14.9107340495692,-46.2410345708124));
#6744=CARTESIAN_POINT('Ctrl Pts',(3.17639293668894,14.9081257348104,-46.1053005311079));
#6745=CARTESIAN_POINT('Ctrl Pts',(4.06718131691374,14.9054947327996,-45.9029315656821));
#6746=CARTESIAN_POINT('Ctrl Pts',(4.06728861107907,14.9054944158993,-45.9029071907265));
#6747=CARTESIAN_POINT('Ctrl Pts',(4.06739590501139,14.9054940989984,-45.9028828148094));
#6748=CARTESIAN_POINT('Ctrl Pts',(4.06750319867371,14.905493782097,-45.9028584379394));
#6749=CARTESIAN_POINT('Ctrl Pts',(4.10019948455923,14.9053972107106,-45.8954299179855));
#6750=CARTESIAN_POINT('Ctrl Pts',(4.13286210964621,14.9053006395092,-45.8879148495111));
#6751=CARTESIAN_POINT('Ctrl Pts',(4.16548970659987,14.9052040683962,-45.8803137852668));
#6752=CARTESIAN_POINT('Ctrl Pts',(-4.15148321697626,15.1728760956325,-45.7800024348443));
#6753=CARTESIAN_POINT('Ctrl Pts',(-4.11914253903891,15.1727798668141,-45.7875537151978));
#6754=CARTESIAN_POINT('Ctrl Pts',(-4.08676712509098,15.1726836379436,-45.7950200551242));
#6755=CARTESIAN_POINT('Ctrl Pts',(-4.05435832097447,15.1725874089247,-45.8024009082273));
#6756=CARTESIAN_POINT('Ctrl Pts',(-4.05425077804533,15.1725870896056,-45.8024254002931));
#6757=CARTESIAN_POINT('Ctrl Pts',(-4.05414323474853,15.1725867702865,-45.8024498914176));
#6758=CARTESIAN_POINT('Ctrl Pts',(-4.0540356910892,15.1725864509674,-45.8024743815995));
#6759=CARTESIAN_POINT('Ctrl Pts',(-3.16828162310779,15.1699564661917,-46.0041810974548));
#6760=CARTESIAN_POINT('Ctrl Pts',(-2.2662639446812,15.1673470207932,-46.1396545664427));
#6761=CARTESIAN_POINT('Ctrl Pts',(-1.36398585008828,15.164728935153,-46.2072206645479));
#6762=CARTESIAN_POINT('Ctrl Pts',(-1.36387915710395,15.1647286259641,-46.2072286596774));
#6763=CARTESIAN_POINT('Ctrl Pts',(-0.912754060208501,15.1634203138851,-46.2410195326444));
#6764=CARTESIAN_POINT('Ctrl Pts',(-0.459044838712955,15.1621113688767,-46.2581257970225));
#6765=CARTESIAN_POINT('Ctrl Pts',(-0.00450590747103494,15.1608021324804,
-46.2582391979636));
#6766=CARTESIAN_POINT('Ctrl Pts',(-0.00438603326408524,15.1608017871211,
-46.2582392271192));
#6767=CARTESIAN_POINT('Ctrl Pts',(0.450165485522251,15.1594925226859,-46.258347403734));
#6768=CARTESIAN_POINT('Ctrl Pts',(0.903986910207242,15.158183419331,-46.2414574888602));
#6769=CARTESIAN_POINT('Ctrl Pts',(1.35518467499166,15.1568750264086,-46.2078774742163));
#6770=CARTESIAN_POINT('Ctrl Pts',(1.35529154896798,15.1568747167226,-46.2078695170169));
#6771=CARTESIAN_POINT('Ctrl Pts',(2.25765503196607,15.1542566386591,-46.1407288255427));
#6772=CARTESIAN_POINT('Ctrl Pts',(3.15959649728817,15.1516476680001,-46.0057094967757));
#6773=CARTESIAN_POINT('Ctrl Pts',(4.04549083755395,15.1490173407151,-45.8044180858293));
#6774=CARTESIAN_POINT('Ctrl Pts',(4.04559754219954,15.1490170238961,-45.8043938405805));
#6775=CARTESIAN_POINT('Ctrl Pts',(4.04570424661357,15.1490167070765,-45.8043695943756));
#6776=CARTESIAN_POINT('Ctrl Pts',(4.04581095079075,15.1490163902563,-45.8043453472157));
#6777=CARTESIAN_POINT('Ctrl Pts',(4.07832749224973,15.1489198439218,-45.7969563789451));
#6778=CARTESIAN_POINT('Ctrl Pts',(4.11081056092936,15.1488232977346,-45.7894813364927));
#6779=CARTESIAN_POINT('Ctrl Pts',(4.1432587969957,15.1487267515979,-45.781920769518));
#6780=CARTESIAN_POINT('',(-4.15148321938363,15.1728760707859,-45.7800024448508));
#6781=CARTESIAN_POINT('Ctrl Pts',(-4.15148321938362,15.1728760707859,-45.7800024448508));
#6782=CARTESIAN_POINT('Ctrl Pts',(-2.79226365784294,15.1688317481892,-46.0973689518022));
#6783=CARTESIAN_POINT('Ctrl Pts',(-1.40079166576323,15.1648243521503,-46.2579059420209));
#6784=CARTESIAN_POINT('Ctrl Pts',(1.39217741090443,15.1567788194892,-46.2585714860323));
#6785=CARTESIAN_POINT('Ctrl Pts',(2.78380997012229,15.1527716485623,-46.0986777039873));
#6786=CARTESIAN_POINT('Ctrl Pts',(4.14325879305165,15.1487267241806,-45.781920782106));
#6787=CARTESIAN_POINT('Ctrl Pts',(-4.22084553927553,14.4423042442728,-46.0745589592744));
#6788=CARTESIAN_POINT('Ctrl Pts',(-4.21089186281376,14.5470933869284,-46.0323104983547));
#6789=CARTESIAN_POINT('Ctrl Pts',(-4.20094022046206,14.6518825309086,-45.9900615722593));
#6790=CARTESIAN_POINT('Ctrl Pts',(-4.19099061320037,14.7566716940373,-45.9478121734922));
#6791=CARTESIAN_POINT('Ctrl Pts',(-4.17784008137964,14.8951729622729,-45.8919705660519));
#6792=CARTESIAN_POINT('Ctrl Pts',(-4.16459074314351,15.0347524851673,-45.8356934073397));
#6793=CARTESIAN_POINT('Ctrl Pts',(-4.15148321451571,15.1728760707842,-45.780002445982));
#6794=CARTESIAN_POINT('Ctrl Pts',(-4.0978589885427,13.8814638435777,-45.527337268112));
#6795=CARTESIAN_POINT('Ctrl Pts',(-4.13940856130193,13.8814669068613,-45.7096150862312));
#6796=CARTESIAN_POINT('Ctrl Pts',(-4.18095813392392,13.8814699701437,-45.8918929043817));
#6797=CARTESIAN_POINT('Ctrl Pts',(-4.22250770640868,13.8814730334248,-46.0741707225635));
#6798=CARTESIAN_POINT('Ctrl Pts',(-4.09781933441331,13.8952712765545,-45.527346539174));
#6799=CARTESIAN_POINT('Ctrl Pts',(-4.13936849478427,13.8952743398392,-45.7096244512957));
#6800=CARTESIAN_POINT('Ctrl Pts',(-4.18091765501799,13.8952774031227,-45.8919023634486));
#6801=CARTESIAN_POINT('Ctrl Pts',(-4.22246681511448,13.895280466405,-46.0741802756328));
#6802=CARTESIAN_POINT('Ctrl Pts',(-4.09777968023029,13.9090787095312,-45.5273558101067));
#6803=CARTESIAN_POINT('Ctrl Pts',(-4.13932842821243,13.9090817728171,-45.7096338162294));
#6804=CARTESIAN_POINT('Ctrl Pts',(-4.18087717605734,13.9090848361017,-45.8919118223833));
#6805=CARTESIAN_POINT('Ctrl Pts',(-4.22242592376501,13.9090878993851,-46.0741898285686));
#6806=CARTESIAN_POINT('Ctrl Pts',(-4.09774002599364,13.9228861425078,-45.5273650809099));
#6807=CARTESIAN_POINT('Ctrl Pts',(-4.13928836158642,13.9228892057949,-45.7096431810323));
#6808=CARTESIAN_POINT('Ctrl Pts',(-4.18083669704196,13.9228922690807,-45.891921281186));
#6809=CARTESIAN_POINT('Ctrl Pts',(-4.22238503236027,13.9228953323652,-46.074199381371));
#6810=CARTESIAN_POINT('Ctrl Pts',(-4.09654338641832,14.3395508450115,-45.527644844454));
#6811=CARTESIAN_POINT('Ctrl Pts',(-4.13807927739186,14.3395539122044,-45.7099257811937));
#6812=CARTESIAN_POINT('Ctrl Pts',(-4.17961516822777,14.339556979396,-45.8922067179648));
#6813=CARTESIAN_POINT('Ctrl Pts',(-4.22115105892613,14.3395600465863,-46.0744876547673));
#6814=CARTESIAN_POINT('Ctrl Pts',(-4.0953444294947,14.7562155401276,-45.5279250205284));
#6815=CARTESIAN_POINT('Ctrl Pts',(-4.13686785175686,14.7562186112209,-45.7102087980364));
#6816=CARTESIAN_POINT('Ctrl Pts',(-4.17839127388106,14.756221682313,-45.8924925755758));
#6817=CARTESIAN_POINT('Ctrl Pts',(-4.21991469586736,14.7562247534038,-46.0747763531466));
#6818=CARTESIAN_POINT('Ctrl Pts',(-4.09414316126113,15.1728802278711,-45.5282056062382));
#6819=CARTESIAN_POINT('Ctrl Pts',(-4.1356540907827,15.1728833028594,-45.7104922286356));
#6820=CARTESIAN_POINT('Ctrl Pts',(-4.17716502016597,15.1728863778465,-45.8927788510644));
#6821=CARTESIAN_POINT('Ctrl Pts',(-4.21867594941095,15.1728894528323,-46.0750654735247));
#6822=CARTESIAN_POINT('',(-4.09414316126463,15.172880227809,-45.5282056062531));
#6823=CARTESIAN_POINT('Ctrl Pts',(-4.09414316126113,15.1728802278711,-45.5282056062382));
#6824=CARTESIAN_POINT('Ctrl Pts',(-4.0953444294947,14.7562155401276,-45.5279250205284));
#6825=CARTESIAN_POINT('Ctrl Pts',(-4.09654338641832,14.3395508450115,-45.527644844454));
#6826=CARTESIAN_POINT('Ctrl Pts',(-4.09774002599364,13.9228861425078,-45.5273650809099));
#6827=CARTESIAN_POINT('Ctrl Pts',(-4.09777968023029,13.9090787095312,-45.5273558101067));
#6828=CARTESIAN_POINT('Ctrl Pts',(-4.09781933441331,13.8952712765545,-45.527346539174));
#6829=CARTESIAN_POINT('Ctrl Pts',(-4.0978589885427,13.8814638435777,-45.527337268112));
#6830=CARTESIAN_POINT('Ctrl Pts',(-4.09414316126131,15.172880227809,-45.5282056062382));
#6831=CARTESIAN_POINT('Ctrl Pts',(-4.1132484163972,15.1728788228415,-45.612102327124));
#6832=CARTESIAN_POINT('Ctrl Pts',(-4.13236366805123,15.172877437297,-45.696042945487));
#6833=CARTESIAN_POINT('Ctrl Pts',(-4.15148321938373,15.1728760707872,-45.7800024448508));
#6834=CARTESIAN_POINT('Ctrl Pts',(-4.09414316126131,15.172880227809,-45.5282056062382));
#6835=CARTESIAN_POINT('Ctrl Pts',(-4.11372220626345,15.172880227809,-45.6120291348384));
#6836=CARTESIAN_POINT('Ctrl Pts',(-4.13330125126559,15.172880227809,-45.6958526634386));
#6837=CARTESIAN_POINT('Ctrl Pts',(-4.15288029626773,15.172880227809,-45.7796761920388));
#6838=CARTESIAN_POINT('Ctrl Pts',(-4.06169762499317,15.1727822988926,-45.5357840585573));
#6839=CARTESIAN_POINT('Ctrl Pts',(-4.08112151184754,15.1727822988926,-45.6196438491566));
#6840=CARTESIAN_POINT('Ctrl Pts',(-4.10054538921633,15.1727822988926,-45.703503578969));
#6841=CARTESIAN_POINT('Ctrl Pts',(-4.1199692760707,15.1727822988926,-45.7873633695684));
#6842=CARTESIAN_POINT('Ctrl Pts',(-4.02921649776406,15.1726843292378,-45.543275045079));
#6843=CARTESIAN_POINT('Ctrl Pts',(-4.04848504655734,15.1726843292378,-45.6271706181781));
#6844=CARTESIAN_POINT('Ctrl Pts',(-4.06775360550927,15.1726843292378,-45.7110662533625));
#6845=CARTESIAN_POINT('Ctrl Pts',(-4.08702215430255,15.1726843292378,-45.7949618264616));
#6846=CARTESIAN_POINT('Ctrl Pts',(-3.12337727814288,15.1699578085171,-45.7495882207677));
#6847=CARTESIAN_POINT('Ctrl Pts',(-3.13831399173521,15.1699578085171,-45.834470813845));
#6848=CARTESIAN_POINT('Ctrl Pts',(-3.15325048585425,15.1699578085171,-45.9193523067552));
#6849=CARTESIAN_POINT('Ctrl Pts',(-3.16818719944659,15.1699578085171,-46.0042348998326));
#6850=CARTESIAN_POINT('Ctrl Pts',(-2.23400507759879,15.167346565296,-45.8831211074312));
#6851=CARTESIAN_POINT('Ctrl Pts',(-2.24468856688963,15.167346565296,-45.9686420794211));
#6852=CARTESIAN_POINT('Ctrl Pts',(-2.25537202051794,15.167346565296,-46.0541625607033));
#6853=CARTESIAN_POINT('Ctrl Pts',(-2.26605550980877,15.167346565296,-46.1396835326932));
#6854=CARTESIAN_POINT('Ctrl Pts',(-0.899731045949588,15.1634194374918,-45.9830248172623));
#6855=CARTESIAN_POINT('Ctrl Pts',(-0.904033743429558,15.1634194374918,-46.069023330478));
#6856=CARTESIAN_POINT('Ctrl Pts',(-0.908336452029711,15.1634194374918,-46.15502201033));
#6857=CARTESIAN_POINT('Ctrl Pts',(-0.91263914950968,15.1634194374918,-46.2410205235457));
#6858=CARTESIAN_POINT('Ctrl Pts',(-0.452321598168961,15.1621107180336,-45.9998969301905));
#6859=CARTESIAN_POINT('Ctrl Pts',(-0.454484701667019,15.1621107180336,-46.0859762068876));
#6860=CARTESIAN_POINT('Ctrl Pts',(-0.456647782839756,15.1621107180336,-46.1720554176473));
#6861=CARTESIAN_POINT('Ctrl Pts',(-0.458810886337814,15.1621107180336,-46.2581346943444));
#6862=CARTESIAN_POINT('Ctrl Pts',(0.443899851599327,15.1594922476324,-46.000106953595));
#6863=CARTESIAN_POINT('Ctrl Pts',(0.44602268012749,15.1594922476324,-46.0861872339143));
#6864=CARTESIAN_POINT('Ctrl Pts',(0.448145487603481,15.1594922476324,-46.1722674505566));
#6865=CARTESIAN_POINT('Ctrl Pts',(0.450268316131644,15.1594922476324,-46.2583477308759));
#6866=CARTESIAN_POINT('Ctrl Pts',(0.891407114487178,15.1581833574141,-45.9834411426647));
#6867=CARTESIAN_POINT('Ctrl Pts',(0.895670005038351,15.1581833574141,-46.0694416506565));
#6868=CARTESIAN_POINT('Ctrl Pts',(0.899932907176185,15.1581833574141,-46.1554423138205));
#6869=CARTESIAN_POINT('Ctrl Pts',(0.904195797727358,15.1581833574141,-46.2414428218124));
#6870=CARTESIAN_POINT('Ctrl Pts',(2.22582528687321,15.1542561705077,-45.8841419846013));
#6871=CARTESIAN_POINT('Ctrl Pts',(2.23646965790355,15.1542561705077,-45.9696678302751));
#6872=CARTESIAN_POINT('Ctrl Pts',(2.24711399566597,15.1542561705077,-46.0551932103312));
#6873=CARTESIAN_POINT('Ctrl Pts',(2.25775836669631,15.1542561705077,-46.1407190560049));
#6874=CARTESIAN_POINT('Ctrl Pts',(3.11512225189474,15.1516453947012,-45.7510398296177));
#6875=CARTESIAN_POINT('Ctrl Pts',(3.13001948479782,15.1516453947012,-45.8359293501956));
#6876=CARTESIAN_POINT('Ctrl Pts',(3.1449165085327,15.1516453947012,-45.9208178137919));
#6877=CARTESIAN_POINT('Ctrl Pts',(3.15981374143578,15.1516453947012,-46.0057073343698));
#6878=CARTESIAN_POINT('Ctrl Pts',(4.0211014722385,15.1489184831439,-45.5451369046667));
#6879=CARTESIAN_POINT('Ctrl Pts',(4.04033121344868,15.1489184831439,-45.6290413823383));
#6880=CARTESIAN_POINT('Ctrl Pts',(4.05956096434194,15.1489184831439,-45.7129459197784));
#6881=CARTESIAN_POINT('Ctrl Pts',(4.07879070555213,15.1489184831439,-45.7968503974499));
#6882=CARTESIAN_POINT('Ctrl Pts',(4.05358606738674,15.1488205046245,-45.5376609086383));
#6883=CARTESIAN_POINT('Ctrl Pts',(4.0729711629362,15.1488205046245,-45.6215296739667));
#6884=CARTESIAN_POINT('Ctrl Pts',(4.09235624944288,15.1488205046245,-45.7053983807846));
#6885=CARTESIAN_POINT('Ctrl Pts',(4.11174134499234,15.1488205046245,-45.789267146113));
#6886=CARTESIAN_POINT('Ctrl Pts',(4.0860352058912,15.1487225667914,-45.5300974411348));
#6887=CARTESIAN_POINT('Ctrl Pts',(4.10557547696267,15.1487225667914,-45.6139300168833));
#6888=CARTESIAN_POINT('Ctrl Pts',(4.12511574803415,15.1487225667914,-45.6977625926319));
#6889=CARTESIAN_POINT('Ctrl Pts',(4.14465601910562,15.1487225667914,-45.7815951683804));
#6890=CARTESIAN_POINT('Ctrl Pts',(-4.09414316126457,15.172880227809,-45.5282056062528));
#6891=CARTESIAN_POINT('Ctrl Pts',(-4.06169762499645,15.1727822988926,-45.5357840585718));
#6892=CARTESIAN_POINT('Ctrl Pts',(-4.02921649776736,15.1726843292378,-45.5432750450935));
#6893=CARTESIAN_POINT('Ctrl Pts',(-3.99670164014021,15.1725864615024,-45.5506806016082));
#6894=CARTESIAN_POINT('Ctrl Pts',(-3.12337727814547,15.1699578085171,-45.7495882207824));
#6895=CARTESIAN_POINT('Ctrl Pts',(-2.23400507760065,15.167346565296,-45.883121107446));
#6896=CARTESIAN_POINT('Ctrl Pts',(-1.34448933978123,15.164728480927,-45.9497235594562));
#6897=CARTESIAN_POINT('Ctrl Pts',(-0.899731045950335,15.1634194374918,-45.9830248172772));
#6898=CARTESIAN_POINT('Ctrl Pts',(-0.452321598169335,15.1621107180336,-45.9998969302055));
#6899=CARTESIAN_POINT('Ctrl Pts',(-0.00421087328482006,15.160801482833,
-46.0000019419077));
#6900=CARTESIAN_POINT('Ctrl Pts',(0.443899851599695,15.1594922476324,-46.0001069536099));
#6901=CARTESIAN_POINT('Ctrl Pts',(0.891407114487917,15.1581833574141,-45.9834411426796));
#6902=CARTESIAN_POINT('Ctrl Pts',(1.33622359098228,15.1568742644488,-45.9503406480051));
#6903=CARTESIAN_POINT('Ctrl Pts',(2.22582528687505,15.1542561705077,-45.8841419846161));
#6904=CARTESIAN_POINT('Ctrl Pts',(3.11512225189732,15.1516453947012,-45.7510398296324));
#6905=CARTESIAN_POINT('Ctrl Pts',(3.98858326184353,15.1490163598742,-45.55252735524));
#6906=CARTESIAN_POINT('Ctrl Pts',(4.02110147224181,15.1489184831439,-45.5451369046813));
#6907=CARTESIAN_POINT('Ctrl Pts',(4.05358606739005,15.1488205046245,-45.5376609086529));
#6908=CARTESIAN_POINT('Ctrl Pts',(4.08603520589451,15.1487225667914,-45.5300974411493));
#6909=CARTESIAN_POINT('Origin',(-3.10000000000003,12.0000000000003,-8.83336231886251));
#6910=CARTESIAN_POINT('',(-3.10000000000004,13.1000000000003,-2.90000000000001));
#6911=CARTESIAN_POINT('',(-3.10000000000007,13.1000000000003,9.58331884056874));
#6912=CARTESIAN_POINT('',(-3.10000000000004,12.0000000000003,-2.90000000000001));
#6913=CARTESIAN_POINT('',(-3.10000000000004,12.0000000000003,-2.90000000000001));
#6914=CARTESIAN_POINT('',(-3.10000000000004,12.0000000000003,-1.46668115943127));
#6915=CARTESIAN_POINT('Origin',(3.9999999999999,12.0000000000003,-7.99600039992002));
#6916=CARTESIAN_POINT('',(3.0999999999999,12.0000000000003,-7.99600039992002));
#6917=CARTESIAN_POINT('Origin',(3.9999999999999,12.0000000000003,-7.99600039992002));
#6918=CARTESIAN_POINT('',(3.09999999999989,13.1000000000003,-7.99600039992002));
#6919=CARTESIAN_POINT('',(3.0999999999999,12.0000000000003,-7.99600039992001));
#6920=CARTESIAN_POINT('Origin',(3.99999999999989,13.1000000000003,-7.99600039992002));
#6921=CARTESIAN_POINT('Origin',(3.0999999999999,12.0000000000003,-1.90000000000001));
#6922=CARTESIAN_POINT('',(3.0999999999999,12.0000000000003,-2.90000000000001));
#6923=CARTESIAN_POINT('',(3.09999999999991,12.0000000000003,1.99999999999998));
#6924=CARTESIAN_POINT('',(3.0999999999999,13.1000000000003,-2.90000000000001));
#6925=CARTESIAN_POINT('',(3.0999999999999,13.0000000000003,-2.90000000000001));
#6926=CARTESIAN_POINT('',(3.09999999999991,13.1000000000003,13.05));
#6927=CARTESIAN_POINT('Origin',(3.9999999999999,12.0000000000003,-2.90000000000001));
#6928=CARTESIAN_POINT('Origin',(3.9999999999999,13.1000000000003,-2.90000000000001));
#6929=CARTESIAN_POINT('Origin',(3.9999999999999,12.0000000000003,-2.90000000000001));
#6930=CARTESIAN_POINT('Origin',(-4.00000000000004,12.0000000000003,-2.90000000000001));
#6931=CARTESIAN_POINT('Origin',(-4.00000000000004,12.0000000000003,-2.90000000000001));
#6932=CARTESIAN_POINT('Origin',(-4.00000000000004,13.1000000000003,-2.90000000000001));
#6933=CARTESIAN_POINT('Origin',(-3.10000000000008,12.0000000000003,15.9));
#6934=CARTESIAN_POINT('',(-3.10000000000008,13.1000000000003,18.1));
#6935=CARTESIAN_POINT('',(-3.10000000000009,13.1000000000003,21.95));
#6936=CARTESIAN_POINT('',(-3.10000000000008,12.0000000000003,18.1));
#6937=CARTESIAN_POINT('',(-3.10000000000008,12.0000000000003,18.1));
#6938=CARTESIAN_POINT('',(-3.10000000000007,12.0000000000003,10.9));
#6939=CARTESIAN_POINT('Origin',(3.99999999999992,12.0000000000003,16.9));
#6940=CARTESIAN_POINT('',(3.99999999999992,12.0000000000003,16.));
#6941=CARTESIAN_POINT('',(3.99999999999991,13.1000000000003,16.));
#6942=CARTESIAN_POINT('',(3.99999999999992,12.0000000000003,16.));
#6943=CARTESIAN_POINT('',(3.09999999999992,12.0000000000003,16.9));
#6944=CARTESIAN_POINT('Origin',(3.99999999999992,12.0000000000003,16.9));
#6945=CARTESIAN_POINT('',(3.09999999999991,13.1000000000003,16.9));
#6946=CARTESIAN_POINT('',(3.09999999999992,12.0000000000003,16.9));
#6947=CARTESIAN_POINT('Origin',(3.99999999999991,13.1000000000003,16.9));
#6948=CARTESIAN_POINT('Origin',(3.09999999999992,12.0000000000003,19.1));
#6949=CARTESIAN_POINT('',(3.09999999999992,12.0000000000003,18.1));
#6950=CARTESIAN_POINT('',(3.09999999999991,12.0000000000003,12.5));
#6951=CARTESIAN_POINT('',(3.09999999999991,13.1000000000003,18.1));
#6952=CARTESIAN_POINT('',(3.09999999999991,13.0000000000003,18.1));
#6953=CARTESIAN_POINT('',(3.09999999999992,13.1000000000003,23.55));
#6954=CARTESIAN_POINT('Origin',(3.99999999999992,12.0000000000003,18.1));
#6955=CARTESIAN_POINT('Origin',(3.99999999999991,13.1000000000003,18.1));
#6956=CARTESIAN_POINT('Origin',(3.99999999999992,12.0000000000003,18.1));
#6957=CARTESIAN_POINT('Origin',(-4.00000000000008,12.0000000000003,18.1));
#6958=CARTESIAN_POINT('Origin',(-4.00000000000008,12.0000000000003,18.1));
#6959=CARTESIAN_POINT('Origin',(-4.00000000000008,13.1000000000003,18.1));
#6960=CARTESIAN_POINT('Origin',(-2.00000000000003,13.9792893218816,35.9707106781186));
#6961=CARTESIAN_POINT('',(2.04142135623727,14.008578643763,36.));
#6962=CARTESIAN_POINT('',(2.94999999999997,14.008578643763,36.));
#6963=CARTESIAN_POINT('',(1.38047378541241,14.6695262145879,36.6609475708249));
#6964=CARTESIAN_POINT('Origin',(2.07071067811862,14.0500000000003,35.9707106781186));
#6965=CARTESIAN_POINT('',(2.04142135623727,14.7750000000003,36.));
#6966=CARTESIAN_POINT('Origin',(7.97071067811867,13.9792893218816,30.));
#6967=CARTESIAN_POINT('',(7.99999999999998,14.0085786437629,25.9585786437627));
#6968=CARTESIAN_POINT('',(7.99999999999998,14.0085786437629,25.05));
#6969=CARTESIAN_POINT('',(8.66094757082488,14.6695262145878,26.6195262145876));
#6970=CARTESIAN_POINT('Origin',(7.97071067811867,14.0500000000003,25.9292893218813));
#6971=CARTESIAN_POINT('',(7.99999999999998,14.7750000000003,25.9585786437627));
#6972=CARTESIAN_POINT('Origin',(-7.97071067811867,13.9792893218816,30.));
#6973=CARTESIAN_POINT('',(-8.00000000000002,14.008578643763,30.0414213562373));
#6974=CARTESIAN_POINT('',(-8.00000000000002,14.008578643763,32.95));
#6975=CARTESIAN_POINT('',(-8.16094757082489,14.1695262145878,29.8804737854124));
#6976=CARTESIAN_POINT('Origin',(-7.97071067811867,15.0500000000003,30.0707106781187));
#6977=CARTESIAN_POINT('',(-8.00000000000002,15.2750000000003,30.0414213562373));
#6978=CARTESIAN_POINT('Origin',(7.97071067811867,13.9792893218816,8.99999999999999));
#6979=CARTESIAN_POINT('',(8.00000872036162,14.0085873641246,4.95858736412428));
#6980=CARTESIAN_POINT('',(8.00000872036162,14.0085873641246,4.04999999999999));
#6981=CARTESIAN_POINT('',(8.66094757082488,14.6695262145878,5.61952621458754));
#6982=CARTESIAN_POINT('Origin',(7.97071067811867,14.0500000000003,4.92928932188133));
#6983=CARTESIAN_POINT('',(8.00000872036162,14.7750000000003,4.95858736412428));
#6984=CARTESIAN_POINT('Origin',(-7.97071067811867,13.9792893218816,8.99999999999999));
#6985=CARTESIAN_POINT('',(-7.99999127963838,14.0085699234013,9.04143007659894));
#6986=CARTESIAN_POINT('',(-7.99999127963838,14.0085699234013,11.95));
#6987=CARTESIAN_POINT('',(-8.16094757082489,14.1695262145878,8.88047378541242));
#6988=CARTESIAN_POINT('Origin',(-7.97071067811868,15.0500000000003,9.07071067811864));
#6989=CARTESIAN_POINT('',(-7.99999127963838,15.2750000000003,9.04143007659894));
#6990=CARTESIAN_POINT('Ctrl Pts',(-18.0742740164175,14.4423076937151,-23.777934238646));
#6991=CARTESIAN_POINT('Ctrl Pts',(-18.0819381556608,14.4422116567953,-23.810743698897));
#6992=CARTESIAN_POINT('Ctrl Pts',(-18.0895162937833,14.4421156199278,-23.8435883145706));
#6993=CARTESIAN_POINT('Ctrl Pts',(-18.0970078789059,14.4420195830167,-23.8764667257997));
#6994=CARTESIAN_POINT('Ctrl Pts',(-18.097032789276,14.442019263683,-23.8765760502454));
#6995=CARTESIAN_POINT('Ctrl Pts',(-18.0970576986891,14.4420189443494,-23.8766853750647));
#6996=CARTESIAN_POINT('Ctrl Pts',(-18.0970826071472,14.4420186250159,-23.8767947002668));
#6997=CARTESIAN_POINT('Ctrl Pts',(-18.3022360829275,14.4393884992411,-24.7772296105399));
#6998=CARTESIAN_POINT('Ctrl Pts',(-18.4400492695677,14.436779399189,-25.6941598321509));
#6999=CARTESIAN_POINT('Ctrl Pts',(-18.5088355946683,14.4341614454302,-26.6113869958258));
#7000=CARTESIAN_POINT('Ctrl Pts',(-18.5088437341203,14.4341611362572,-26.6114954565284));
#7001=CARTESIAN_POINT('Ctrl Pts',(-18.5432447968109,14.4328529082626,-27.0700948919121));
#7002=CARTESIAN_POINT('Ctrl Pts',(-18.5606852150891,14.4315440228471,-27.5313283960112));
#7003=CARTESIAN_POINT('Ctrl Pts',(-18.5608509463897,14.4302346159276,-27.9934008780067));
#7004=CARTESIAN_POINT('Ctrl Pts',(-18.5608509893243,14.4302342705156,-27.9935227390128));
#7005=CARTESIAN_POINT('Ctrl Pts',(-18.561011398474,14.4289248370259,-28.4556080354129));
#7006=CARTESIAN_POINT('Ctrl Pts',(-18.5438925143789,14.4276154480279,-28.9169467046056));
#7007=CARTESIAN_POINT('Ctrl Pts',(-18.5098060608804,14.4263071626517,-29.3756252516253));
#7008=CARTESIAN_POINT('Ctrl Pts',(-18.509797983627,14.4263068529866,-29.3757338975409));
#7009=CARTESIAN_POINT('Ctrl Pts',(-18.4416448434929,14.4236889502187,-30.2930584537804));
#7010=CARTESIAN_POINT('Ctrl Pts',(-18.3044803874533,14.4210818669211,-31.2099855076107));
#7011=CARTESIAN_POINT('Ctrl Pts',(-18.0999584804512,14.4184495160131,-32.1105624705709));
#7012=CARTESIAN_POINT('Ctrl Pts',(-18.0999338460809,14.4184491989501,-32.110670943775));
#7013=CARTESIAN_POINT('Ctrl Pts',(-18.0999092107385,14.4184488818866,-32.1107794167432));
#7014=CARTESIAN_POINT('Ctrl Pts',(-18.0998845744221,14.4184485648226,-32.1108878894849));
#7015=CARTESIAN_POINT('Ctrl Pts',(-18.0923956415943,14.4183521838792,-32.1438613690293));
#7016=CARTESIAN_POINT('Ctrl Pts',(-18.0848196467058,14.4182558031952,-32.1768009810044));
#7017=CARTESIAN_POINT('Ctrl Pts',(-18.0771571444961,14.4181594226746,-32.2097053533681));
#7018=CARTESIAN_POINT('Ctrl Pts',(-17.9896233431498,14.6524970959637,-23.7982982506205));
#7019=CARTESIAN_POINT('Ctrl Pts',(-17.9972504777447,14.6524010603488,-23.830953885846));
#7020=CARTESIAN_POINT('Ctrl Pts',(-18.0047920157356,14.6523050247561,-23.8636445142797));
#7021=CARTESIAN_POINT('Ctrl Pts',(-18.012247407788,14.6522089890899,-23.8963687824549));
#7022=CARTESIAN_POINT('Ctrl Pts',(-18.0122721978095,14.6522086697604,-23.8964775943461));
#7023=CARTESIAN_POINT('Ctrl Pts',(-18.0122969868784,14.6522083504309,-23.8965864066093));
#7024=CARTESIAN_POINT('Ctrl Pts',(-18.0123217749892,14.6522080311017,-23.89669521922));
#7025=CARTESIAN_POINT('Ctrl Pts',(-18.2164833830431,14.6495779469701,-24.7929064044798));
#7026=CARTESIAN_POINT('Ctrl Pts',(-18.3536234394439,14.6469687250382,-25.7055461051506));
#7027=CARTESIAN_POINT('Ctrl Pts',(-18.4220588439651,14.6443507285419,-26.6184723239914));
#7028=CARTESIAN_POINT('Ctrl Pts',(-18.4220669395744,14.6443504193854,-26.61858027625));
#7029=CARTESIAN_POINT('Ctrl Pts',(-18.4562924252024,14.6430421705894,-27.0750292931863));
#7030=CARTESIAN_POINT('Ctrl Pts',(-18.4736367659412,14.6417332862939,-27.5340980027949));
#7031=CARTESIAN_POINT('Ctrl Pts',(-18.473787485536,14.6404239320971,-27.9940030305801));
#7032=CARTESIAN_POINT('Ctrl Pts',(-18.4737875240953,14.6404235866962,-27.9941243199851));
#7033=CARTESIAN_POINT('Ctrl Pts',(-18.4739329051048,14.6391142058302,-28.4540421010457));
#7034=CARTESIAN_POINT('Ctrl Pts',(-18.4568799342355,14.6378049197207,-28.9132180294275));
#7035=CARTESIAN_POINT('Ctrl Pts',(-18.4229392110579,14.6364966073092,-29.3697443108856));
#7036=CARTESIAN_POINT('Ctrl Pts',(-18.4229311763349,14.6364962976547,-29.3698524487087));
#7037=CARTESIAN_POINT('Ctrl Pts',(-18.3550688921638,14.6338783396886,-30.282872544867));
#7038=CARTESIAN_POINT('Ctrl Pts',(-18.2185213231756,14.6312706902615,-31.1954880430067));
#7039=CARTESIAN_POINT('Ctrl Pts',(-18.0149294818475,14.628638921742,-32.0918408574671));
#7040=CARTESIAN_POINT('Ctrl Pts',(-18.0149049594304,14.6286386047492,-32.091948821845));
#7041=CARTESIAN_POINT('Ctrl Pts',(-18.0148804360459,14.6286382877559,-32.0920567859881));
#7042=CARTESIAN_POINT('Ctrl Pts',(-18.0148559116997,14.6286379707621,-32.0921647498712));
#7043=CARTESIAN_POINT('Ctrl Pts',(-18.0074010319686,14.628541611388,-32.1249834745364));
#7044=CARTESIAN_POINT('Ctrl Pts',(-17.9998594975526,14.6284452522409,-32.1577684931079));
#7045=CARTESIAN_POINT('Ctrl Pts',(-17.9922318605431,14.6283488932246,-32.1905184399697));
#7046=CARTESIAN_POINT('Ctrl Pts',(-17.9049726805855,14.8626864980163,-23.8186623091176));
#7047=CARTESIAN_POINT('Ctrl Pts',(-17.9125628104501,14.8625904637064,-23.8511641193214));
#7048=CARTESIAN_POINT('Ctrl Pts',(-17.9200677482215,14.8624944293887,-23.8837007605201));
#7049=CARTESIAN_POINT('Ctrl Pts',(-17.9274869471104,14.8623983949675,-23.9162708856474));
#7050=CARTESIAN_POINT('Ctrl Pts',(-17.9275116167829,14.8623980756422,-23.916379184984));
#7051=CARTESIAN_POINT('Ctrl Pts',(-17.9275362855073,14.8623977563169,-23.9164874846909));
#7052=CARTESIAN_POINT('Ctrl Pts',(-17.9275609532762,14.8623974369918,-23.9165957847346));
#7053=CARTESIAN_POINT('Ctrl Pts',(-18.1307313331482,14.8597673912599,-24.8085830815041));
#7054=CARTESIAN_POINT('Ctrl Pts',(-18.2671980544689,14.8571580461378,-25.7169324468739));
#7055=CARTESIAN_POINT('Ctrl Pts',(-18.3352820774725,14.8545400095691,-26.6255576943012));
#7056=CARTESIAN_POINT('Ctrl Pts',(-18.3352901361964,14.8545397003653,-26.6256651376944));
#7057=CARTESIAN_POINT('Ctrl Pts',(-18.3693401440344,14.8532314310973,-27.079963734003));
#7058=CARTESIAN_POINT('Ctrl Pts',(-18.3865884019551,14.8519225476484,-27.5368676590283));
#7059=CARTESIAN_POINT('Ctrl Pts',(-18.3867240143098,14.8506132457979,-27.9946052300376));
#7060=CARTESIAN_POINT('Ctrl Pts',(-18.3867240497175,14.8506129004161,-27.994725947795));
#7061=CARTESIAN_POINT('Ctrl Pts',(-18.3868544300974,14.8493035724811,-28.4524762146096));
#7062=CARTESIAN_POINT('Ctrl Pts',(-18.3698673842217,14.847994391134,-28.9094894126625));
#7063=CARTESIAN_POINT('Ctrl Pts',(-18.3360723451305,14.8466860521372,-29.3638634216929));
#7064=CARTESIAN_POINT('Ctrl Pts',(-18.3360643289669,14.8466857424425,-29.3639710463014));
#7065=CARTESIAN_POINT('Ctrl Pts',(-18.2684941717052,14.8440677316583,-30.2726868485403));
#7066=CARTESIAN_POINT('Ctrl Pts',(-18.1325641305767,14.8414595139187,-31.1809910567524));
#7067=CARTESIAN_POINT('Ctrl Pts',(-17.9299004724426,14.8388283272731,-32.0731192911895));
#7068=CARTESIAN_POINT('Ctrl Pts',(-17.9298760619785,14.8388280103505,-32.0732267467408));
#7069=CARTESIAN_POINT('Ctrl Pts',(-17.9298516505515,14.8388276934273,-32.0733342020588));
#7070=CARTESIAN_POINT('Ctrl Pts',(-17.9298272381696,14.8388273765037,-32.0734416571086));
#7071=CARTESIAN_POINT('Ctrl Pts',(-17.922406411453,14.8387310386988,-32.106105626887));
#7072=CARTESIAN_POINT('Ctrl Pts',(-17.9148993374213,14.8386347010883,-32.1387360520468));
#7073=CARTESIAN_POINT('Ctrl Pts',(-17.907306565518,14.8385383635763,-32.1713315733977));
#7074=CARTESIAN_POINT('Ctrl Pts',(-17.8203220291855,15.0728758998616,-23.8390264161724));
#7075=CARTESIAN_POINT('Ctrl Pts',(-17.8278751542224,15.0727798668568,-23.8713744013601));
#7076=CARTESIAN_POINT('Ctrl Pts',(-17.8353434916827,15.0726838338142,-23.9037570553287));
#7077=CARTESIAN_POINT('Ctrl Pts',(-17.8427264973224,15.0725878006381,-23.9361730374127));
#7078=CARTESIAN_POINT('Ctrl Pts',(-17.8427510466455,15.072587481317,-23.9362808241946));
#7079=CARTESIAN_POINT('Ctrl Pts',(-17.8427755950252,15.0725871619959,-23.9363886113451));
#7080=CARTESIAN_POINT('Ctrl Pts',(-17.8428001424579,15.0725868426748,-23.9364963988484));
#7081=CARTESIAN_POINT('Ctrl Pts',(-18.0449786495915,15.0699568385967,-24.8242599702472));
#7082=CARTESIAN_POINT('Ctrl Pts',(-18.1807722361171,15.067347371586,-25.7283188163662));
#7083=CARTESIAN_POINT('Ctrl Pts',(-18.2485053337074,15.0647292922801,-26.6326431193813));
#7084=CARTESIAN_POINT('Ctrl Pts',(-18.2485133485886,15.0647289830926,-26.6327500543306));
#7085=CARTESIAN_POINT('Ctrl Pts',(-18.2823877769616,15.0634206930235,-27.0848982323906));
#7086=CARTESIAN_POINT('Ctrl Pts',(-18.2995399549243,15.0621118106965,-27.5396373627809));
#7087=CARTESIAN_POINT('Ctrl Pts',(-18.29966055316,15.0608025615683,-27.9952074796414));
#7088=CARTESIAN_POINT('Ctrl Pts',(-18.2996605841917,15.0608022161977,-27.9953276257977));
#7089=CARTESIAN_POINT('Ctrl Pts',(-18.299775934018,15.0594929408858,-28.4509103773335));
#7090=CARTESIAN_POINT('Ctrl Pts',(-18.2828547989364,15.0581838624252,-28.9057608346908));
#7091=CARTESIAN_POINT('Ctrl Pts',(-18.24920548778,15.0568754963941,-29.3579825777737));
#7092=CARTESIAN_POINT('Ctrl Pts',(-18.2491975141467,15.05687518671,-29.3580896942898));
#7093=CARTESIAN_POINT('Ctrl Pts',(-18.1819182080448,15.0542571207297,-30.2625010356837));
#7094=CARTESIAN_POINT('Ctrl Pts',(-18.0466050494582,15.0516483368678,-31.1664936867424));
#7095=CARTESIAN_POINT('Ctrl Pts',(-17.8448714517586,15.0490177325946,-32.0543977737775));
#7096=CARTESIAN_POINT('Ctrl Pts',(-17.8448471532473,15.0490174157423,-32.0545047205022));
#7097=CARTESIAN_POINT('Ctrl Pts',(-17.8448228537776,15.0490170988893,-32.0546116669948));
#7098=CARTESIAN_POINT('Ctrl Pts',(-17.8447985533533,15.0490167820357,-32.054718613239));
#7099=CARTESIAN_POINT('Ctrl Pts',(-17.8374117795536,15.0489204657999,-32.0872278281209));
#7100=CARTESIAN_POINT('Ctrl Pts',(-17.8299391658144,15.048824149726,-32.1197036598604));
#7101=CARTESIAN_POINT('Ctrl Pts',(-17.8223812589311,15.0487278337181,-32.152144755693));
#7102=CARTESIAN_POINT('',(-17.820322042391,15.072875867072,-23.8390264129956));
#7103=CARTESIAN_POINT('Ctrl Pts',(-17.820322042391,15.072875867072,-23.8390264129956));
#7104=CARTESIAN_POINT('Ctrl Pts',(-18.1383972571831,15.0688317657694,-25.2012562845154));
#7105=CARTESIAN_POINT('Ctrl Pts',(-18.299303657602,15.0648245779874,-26.5958081675741));
#7106=CARTESIAN_POINT('Ctrl Pts',(-18.3000163497632,15.0567794761513,-29.3949635732606));
#7107=CARTESIAN_POINT('Ctrl Pts',(-18.1397996207469,15.0527725220208,-30.7896783958578));
#7108=CARTESIAN_POINT('Ctrl Pts',(-17.822381260049,15.0487278309523,-32.1521447559435));
#7109=CARTESIAN_POINT('Ctrl Pts',(-18.074558959232,14.4423042442729,-23.7791544605382));
#7110=CARTESIAN_POINT('Ctrl Pts',(-18.0390973015349,14.5302600330645,-23.787509175872));
#7111=CARTESIAN_POINT('Ctrl Pts',(-18.0036353159092,14.6182158234356,-23.7958624584411));
#7112=CARTESIAN_POINT('Ctrl Pts',(-17.9188899785738,14.8284063737768,-23.8158211155863));
#7113=CARTESIAN_POINT('Ctrl Pts',(-17.8696063307803,14.9506411114461,-23.8274251516811));
#7114=CARTESIAN_POINT('Ctrl Pts',(-17.8203220423907,15.0728758670725,-23.8390264129956));
#7115=CARTESIAN_POINT('Ctrl Pts',(-17.5273372681121,13.8814638435769,-23.9021410114574));
#7116=CARTESIAN_POINT('Ctrl Pts',(-17.7096150862312,13.8814669068605,-23.8605914386981));
#7117=CARTESIAN_POINT('Ctrl Pts',(-17.8918929043816,13.8814699701429,-23.8190418660762));
#7118=CARTESIAN_POINT('Ctrl Pts',(-18.0741707225633,13.881473033424,-23.7774922935914));
#7119=CARTESIAN_POINT('Ctrl Pts',(-17.5273465391741,13.8952712765539,-23.9021806655867));
#7120=CARTESIAN_POINT('Ctrl Pts',(-17.7096244512956,13.8952743398387,-23.8606315052158));
#7121=CARTESIAN_POINT('Ctrl Pts',(-17.8919023634485,13.8952774031222,-23.8190823449821));
#7122=CARTESIAN_POINT('Ctrl Pts',(-18.0741802756326,13.8952804664044,-23.7775331848856));
#7123=CARTESIAN_POINT('Ctrl Pts',(-17.5273558101067,13.9090787095309,-23.9022203197698));
#7124=CARTESIAN_POINT('Ctrl Pts',(-17.7096338162293,13.9090817728168,-23.8606715717876));
#7125=CARTESIAN_POINT('Ctrl Pts',(-17.8919118223832,13.9090848361014,-23.8191228239427));
#7126=CARTESIAN_POINT('Ctrl Pts',(-18.0741898285684,13.9090878993848,-23.7775740762351));
#7127=CARTESIAN_POINT('Ctrl Pts',(-17.5273650809099,13.9228861425078,-23.9022599740064));
#7128=CARTESIAN_POINT('Ctrl Pts',(-17.7096431810323,13.9228892057948,-23.8607116384137));
#7129=CARTESIAN_POINT('Ctrl Pts',(-17.8919212811859,13.9228922690806,-23.8191633029581));
#7130=CARTESIAN_POINT('Ctrl Pts',(-18.0741993813708,13.9228953323651,-23.7776149676398));
#7131=CARTESIAN_POINT('Ctrl Pts',(-17.5276224633622,14.3062176565627,-23.9033608823805));
#7132=CARTESIAN_POINT('Ctrl Pts',(-17.7099031731725,14.3062207234431,-23.8618239958371));
#7133=CARTESIAN_POINT('Ctrl Pts',(-17.892183883014,14.3062237903223,-23.8202871094313));
#7134=CARTESIAN_POINT('Ctrl Pts',(-18.074464592887,14.3062268572001,-23.778750223163));
#7135=CARTESIAN_POINT('Ctrl Pts',(-17.5278801949801,14.6895491643648,-23.9044637521576));
#7136=CARTESIAN_POINT('Ctrl Pts',(-17.7101635179915,14.689552234834,-23.8629383350551));
#7137=CARTESIAN_POINT('Ctrl Pts',(-17.8924468410343,14.689555305302,-23.8214129180905));
#7138=CARTESIAN_POINT('Ctrl Pts',(-18.0747301641085,14.6895583757686,-23.7798875012637));
#7139=CARTESIAN_POINT('Ctrl Pts',(-17.5281382735097,15.0728806659257,-23.9055685786371));
#7140=CARTESIAN_POINT('Ctrl Pts',(-17.7104242132124,15.0728837399791,-23.8640546513181));
#7141=CARTESIAN_POINT('Ctrl Pts',(-17.8927101529466,15.0728868140313,-23.8225407241374));
#7142=CARTESIAN_POINT('Ctrl Pts',(-18.0749960927122,15.0728898880822,-23.7810267970948));
#7143=CARTESIAN_POINT('',(-17.5281382735231,15.0728806659257,-23.9055685786341));
#7144=CARTESIAN_POINT('Ctrl Pts',(-17.5281382735097,15.0728806659257,-23.9055685786371));
#7145=CARTESIAN_POINT('Ctrl Pts',(-17.5278801949801,14.6895491643648,-23.9044637521576));
#7146=CARTESIAN_POINT('Ctrl Pts',(-17.5276224633622,14.3062176565627,-23.9033608823805));
#7147=CARTESIAN_POINT('Ctrl Pts',(-17.5273650809099,13.9228861425078,-23.9022599740064));
#7148=CARTESIAN_POINT('Ctrl Pts',(-17.5273558101067,13.9090787095309,-23.9022203197698));
#7149=CARTESIAN_POINT('Ctrl Pts',(-17.5273465391741,13.8952712765539,-23.9021806655867));
#7150=CARTESIAN_POINT('Ctrl Pts',(-17.5273372681121,13.8814638435769,-23.9021410114574));
#7151=CARTESIAN_POINT('Ctrl Pts',(-17.5281382735097,15.0728806659257,-23.9055685786371));
#7152=CARTESIAN_POINT('Ctrl Pts',(-17.625505291065,15.0728790401654,-23.8833941360839));
#7153=CARTESIAN_POINT('Ctrl Pts',(-17.7229130132449,15.0728774407559,-23.8612104233853));
#7154=CARTESIAN_POINT('Ctrl Pts',(-17.820322042391,15.0728758670722,-23.8390264129955));
#7155=CARTESIAN_POINT('Ctrl Pts',(-17.5281382735097,15.0728806659257,-23.9055685786371));
#7156=CARTESIAN_POINT('Ctrl Pts',(-17.6254074135741,15.072880661132,-23.8828506435489));
#7157=CARTESIAN_POINT('Ctrl Pts',(-17.7226765474643,15.0728806564579,-23.8601326820274));
#7158=CARTESIAN_POINT('Ctrl Pts',(-17.8199456754788,15.0728806518959,-23.8374146953502));
#7159=CARTESIAN_POINT('Ctrl Pts',(-17.5357174388013,15.0727827346895,-23.9380147582365));
#7160=CARTESIAN_POINT('Ctrl Pts',(-17.6330286316141,15.0727827298986,-23.9154768762393));
#7161=CARTESIAN_POINT('Ctrl Pts',(-17.7303398182964,15.0727827252274,-23.8929389678068));
#7162=CARTESIAN_POINT('Ctrl Pts',(-17.8276509991584,15.072782720668,-23.8704010342136));
#7163=CARTESIAN_POINT('Ctrl Pts',(-17.543209879423,15.0726848034687,-23.9704964037355));
#7164=CARTESIAN_POINT('Ctrl Pts',(-17.6405626437297,15.0726847986806,-23.9481387716558));
#7165=CARTESIAN_POINT('Ctrl Pts',(-17.7379154019564,15.072684794012,-23.9257811131368));
#7166=CARTESIAN_POINT('Ctrl Pts',(-17.8352681544112,15.0726847894552,-23.9034234294538));
#7167=CARTESIAN_POINT('Ctrl Pts',(-17.5506150231866,15.0725868722248,-24.0030120956817));
#7168=CARTESIAN_POINT('Ctrl Pts',(-17.6480088745568,15.0725868674393,-23.9808349024688));
#7169=CARTESIAN_POINT('Ctrl Pts',(-17.7454027199051,15.0725868627732,-23.9586576828114));
#7170=CARTESIAN_POINT('Ctrl Pts',(-17.8427965595224,15.072586858219,-23.9364804379877));
#7171=CARTESIAN_POINT('Ctrl Pts',(-17.7495076318241,15.0699565653458,-24.8763416352522));
#7172=CARTESIAN_POINT('Ctrl Pts',(-17.8480056162804,15.06995656067,-24.8590106705692));
#7173=CARTESIAN_POINT('Ctrl Pts',(-17.9465018247566,15.069956556112,-24.8416800204072));
#7174=CARTESIAN_POINT('Ctrl Pts',(-18.0449998001413,15.0699565516622,-24.8243490041262));
#7175=CARTESIAN_POINT('Ctrl Pts',(-17.8830814270629,15.0673469957241,-25.765703227326));
#7176=CARTESIAN_POINT('Ctrl Pts',(-17.982320114952,15.0673469909397,-25.7533077315743));
#7177=CARTESIAN_POINT('Ctrl Pts',(-18.0815581722699,15.0673469862747,-25.7409122508192));
#7178=CARTESIAN_POINT('Ctrl Pts',(-18.1807968535763,15.0673469817215,-25.7285167024871));
#7179=CARTESIAN_POINT('Ctrl Pts',(-17.9830033924737,15.0634197437957,-27.0999764892059));
#7180=CARTESIAN_POINT('Ctrl Pts',(-18.0827960957654,15.0634197390274,-27.094985266818));
#7181=CARTESIAN_POINT('Ctrl Pts',(-18.1825888794228,15.0634197343784,-27.089994011046));
#7182=CARTESIAN_POINT('Ctrl Pts',(-18.2823815800809,15.0634197298405,-27.08500273587));
#7183=CARTESIAN_POINT('Ctrl Pts',(-17.9998839256513,15.0621111282369,-27.5473862685901));
#7184=CARTESIAN_POINT('Ctrl Pts',(-18.0997703070051,15.0621111234989,-27.544877826082));
#7185=CARTESIAN_POINT('Ctrl Pts',(-18.1996565164387,15.0621111188793,-27.5423693836709));
#7186=CARTESIAN_POINT('Ctrl Pts',(-18.2995428964673,15.0621111143702,-27.5398608884941));
#7187=CARTESIAN_POINT('Ctrl Pts',(-18.0001085045454,15.0594926908156,-28.4436076312598));
#7188=CARTESIAN_POINT('Ctrl Pts',(-18.0999959696541,15.059492686078,-28.4460725816171));
#7189=CARTESIAN_POINT('Ctrl Pts',(-18.1998832674839,15.0594926814589,-28.4485374801109));
#7190=CARTESIAN_POINT('Ctrl Pts',(-18.2997707338932,15.0594926769502,-28.4510023778014));
#7191=CARTESIAN_POINT('Ctrl Pts',(-17.9834489395817,15.0581839098572,-28.8911139179749));
#7192=CARTESIAN_POINT('Ctrl Pts',(-18.0832437962137,15.0581839050895,-28.8960621986695));
#7193=CARTESIAN_POINT('Ctrl Pts',(-18.1830387235604,15.0581839004412,-28.9010104599584));
#7194=CARTESIAN_POINT('Ctrl Pts',(-18.2828335828014,15.0581838959039,-28.9059586878672));
#7195=CARTESIAN_POINT('Ctrl Pts',(-17.8841751127912,15.0542566020071,-30.2255335642315));
#7196=CARTESIAN_POINT('Ctrl Pts',(-17.9834190515065,15.0542565972231,-30.2378869047215));
#7197=CARTESIAN_POINT('Ctrl Pts',(-18.0826623971918,15.0542565925585,-30.250240179733));
#7198=CARTESIAN_POINT('Ctrl Pts',(-18.1819063424653,15.0542565880057,-30.262593467642));
#7199=CARTESIAN_POINT('Ctrl Pts',(-17.7510608239523,15.0516474783837,-31.1148309787432));
#7200=CARTESIAN_POINT('Ctrl Pts',(-17.8495662893777,15.0516474737077,-31.1321193072744));
#7201=CARTESIAN_POINT('Ctrl Pts',(-17.9480700635272,15.0516474691495,-31.1494072849689));
#7202=CARTESIAN_POINT('Ctrl Pts',(-18.0465755380002,15.0516474646995,-31.1666955618966));
#7203=CARTESIAN_POINT('Ctrl Pts',(-17.5525920748789,15.0490168115758,-31.988296810956));
#7204=CARTESIAN_POINT('Ctrl Pts',(-17.6499954515117,15.0490168067894,-32.0104321312399));
#7205=CARTESIAN_POINT('Ctrl Pts',(-17.7473988341549,15.0490168021225,-32.032567425074));
#7206=CARTESIAN_POINT('Ctrl Pts',(-17.8448022225179,15.0490167975674,-32.0547026937368));
#7207=CARTESIAN_POINT('Ctrl Pts',(-17.5452033632128,15.04891887556,-32.020814712207));
#7208=CARTESIAN_POINT('Ctrl Pts',(-17.6425657317946,15.048918870771,-32.043130482687));
#7209=CARTESIAN_POINT('Ctrl Pts',(-17.73992810643,15.0489188661016,-32.0654462267198));
#7210=CARTESIAN_POINT('Ctrl Pts',(-17.8372904868408,15.048918861544,-32.0877619455864));
#7211=CARTESIAN_POINT('Ctrl Pts',(-17.5377273268086,15.0488209395854,-32.0532986961809));
#7212=CARTESIAN_POINT('Ctrl Pts',(-17.635048202742,15.0488209347936,-32.0757947286565));
#7213=CARTESIAN_POINT('Ctrl Pts',(-17.7323690847799,15.0488209301215,-32.0982907346885));
#7214=CARTESIAN_POINT('Ctrl Pts',(-17.8296899726413,15.0488209255613,-32.1207867155579));
#7215=CARTESIAN_POINT('Ctrl Pts',(-17.5301645357725,15.0487230036134,-32.0857473426873));
#7216=CARTESIAN_POINT('Ctrl Pts',(-17.6274434376237,15.0487229988188,-32.1084234410767));
#7217=CARTESIAN_POINT('Ctrl Pts',(-17.7247223456374,15.048722994144,-32.1310995130275));
#7218=CARTESIAN_POINT('Ctrl Pts',(-17.8220012595157,15.0487229895811,-32.1537755598178));
#7219=CARTESIAN_POINT('Ctrl Pts',(-17.5281382735228,15.0728806659257,-23.9055685786342));
#7220=CARTESIAN_POINT('Ctrl Pts',(-17.5357174388144,15.0727827346895,-23.9380147582335));
#7221=CARTESIAN_POINT('Ctrl Pts',(-17.5432098794361,15.0726848034687,-23.9704964037325));
#7222=CARTESIAN_POINT('Ctrl Pts',(-17.5506150231997,15.0725868722248,-24.0030120956787));
#7223=CARTESIAN_POINT('Ctrl Pts',(-17.7495076318374,15.0699565653458,-24.8763416352499));
#7224=CARTESIAN_POINT('Ctrl Pts',(-17.8830814270762,15.0673469957241,-25.7657032273243));
#7225=CARTESIAN_POINT('Ctrl Pts',(-17.949696049469,15.0647288286056,-26.6552184519643));
#7226=CARTESIAN_POINT('Ctrl Pts',(-17.9830033924871,15.0634197437957,-27.0999764892052));
#7227=CARTESIAN_POINT('Ctrl Pts',(-17.9998839256648,15.0621111282369,-27.5473862685898));
#7228=CARTESIAN_POINT('Ctrl Pts',(-17.9999962151118,15.0608019095263,-27.9954969499249));
#7229=CARTESIAN_POINT('Ctrl Pts',(-18.0001085045588,15.0594926908156,-28.4436076312601));
#7230=CARTESIAN_POINT('Ctrl Pts',(-17.9834489395952,15.0581839098572,-28.8911139179755));
#7231=CARTESIAN_POINT('Ctrl Pts',(-17.9503568888761,15.0568747765764,-29.3359308857716));
#7232=CARTESIAN_POINT('Ctrl Pts',(-17.8841751128045,15.0542566020071,-30.2255335642331));
#7233=CARTESIAN_POINT('Ctrl Pts',(-17.7510608239655,15.0516474783837,-31.1148309787455));
#7234=CARTESIAN_POINT('Ctrl Pts',(-17.5525920748921,15.0490168115758,-31.988296810959));
#7235=CARTESIAN_POINT('Ctrl Pts',(-17.5452033632259,15.04891887556,-32.0208147122099));
#7236=CARTESIAN_POINT('Ctrl Pts',(-17.5377273268217,15.0488209395854,-32.0532986961839));
#7237=CARTESIAN_POINT('Ctrl Pts',(-17.5301645357856,15.0487230036134,-32.0857473426903));
#7238=CARTESIAN_POINT('Ctrl Pts',(4.22206576135396,14.4423076937152,-9.92572598358257));
#7239=CARTESIAN_POINT('Ctrl Pts',(4.18925630110294,14.4422116567954,-9.9180618443393));
#7240=CARTESIAN_POINT('Ctrl Pts',(4.15641168542936,14.4421156199279,-9.91048370621677));
#7241=CARTESIAN_POINT('Ctrl Pts',(4.12353327420023,14.4420195830167,-9.90299212109416));
#7242=CARTESIAN_POINT('Ctrl Pts',(4.12342394975458,14.442019263683,-9.90296721072402));
#7243=CARTESIAN_POINT('Ctrl Pts',(4.12331462493526,14.4420189443495,-9.90294230131095));
#7244=CARTESIAN_POINT('Ctrl Pts',(4.1232052997332,14.442018625016,-9.9029173928529));
#7245=CARTESIAN_POINT('Ctrl Pts',(3.22277038946044,14.4393884992411,-9.69776391707264));
#7246=CARTESIAN_POINT('Ctrl Pts',(2.30584088316392,14.4367796925659,-9.55994523064131));
#7247=CARTESIAN_POINT('Ctrl Pts',(1.38861323744688,14.4341615668609,-9.49116192923082));
#7248=CARTESIAN_POINT('Ctrl Pts',(1.38850477679251,14.4341612577058,-9.4911537894968));
#7249=CARTESIAN_POINT('Ctrl Pts',(0.929905280885557,14.4328530036849,-9.4567529786188));
#7250=CARTESIAN_POINT('Ctrl Pts',(0.468671568564209,14.4315440498968,-9.43931294600727));
#7251=CARTESIAN_POINT('Ctrl Pts',(0.00659903887819855,14.4302346315476,
-9.4391472810874));
#7252=CARTESIAN_POINT('Ctrl Pts',(0.00647717788577838,14.4302342861396,
-9.43914723815091));
#7253=CARTESIAN_POINT('Ctrl Pts',(-0.455608147690829,14.4289248414541,-9.43898677338778));
#7254=CARTESIAN_POINT('Ctrl Pts',(-0.916946925924168,14.4276153837878,-9.45610535152446));
#7255=CARTESIAN_POINT('Ctrl Pts',(-1.37562551590022,14.4263070720694,-9.49019157852471));
#7256=CARTESIAN_POINT('Ctrl Pts',(-1.37573416177197,14.4263067624228,-9.49019965604986));
#7257=CARTESIAN_POINT('Ctrl Pts',(-2.29305917924765,14.4236886828146,-9.55834985563608));
#7258=CARTESIAN_POINT('Ctrl Pts',(-3.20998550761076,14.4210818669211,-9.69551961254674));
#7259=CARTESIAN_POINT('Ctrl Pts',(-4.1105624705709,14.4184495160131,-9.90004151954882));
#7260=CARTESIAN_POINT('Ctrl Pts',(-4.11067094377502,14.4184491989501,-9.90006615391919));
#7261=CARTESIAN_POINT('Ctrl Pts',(-4.1107794167432,14.4184488818866,-9.90009078926153));
#7262=CARTESIAN_POINT('Ctrl Pts',(-4.11088788948489,14.4184485648226,-9.90011542557797));
#7263=CARTESIAN_POINT('Ctrl Pts',(-4.14386136902932,14.4183521838793,-9.90760435840576));
#7264=CARTESIAN_POINT('Ctrl Pts',(-4.17680098100445,14.4182558031953,-9.91518035329425));
#7265=CARTESIAN_POINT('Ctrl Pts',(-4.20970535336815,14.4181594226747,-9.92284285550395));
#7266=CARTESIAN_POINT('Ctrl Pts',(4.20170174937949,14.6524970959637,-10.0103766568503));
#7267=CARTESIAN_POINT('Ctrl Pts',(4.16904611415396,14.6524010603488,-10.0027495222553));
#7268=CARTESIAN_POINT('Ctrl Pts',(4.13635548572026,14.6523050247562,-9.99520798426449));
#7269=CARTESIAN_POINT('Ctrl Pts',(4.10363121754507,14.6522089890899,-9.98775259221206));
#7270=CARTESIAN_POINT('Ctrl Pts',(4.10352240565384,14.6522086697604,-9.98772780219059));
#7271=CARTESIAN_POINT('Ctrl Pts',(4.10341359339067,14.652208350431,-9.98770301312165));
#7272=CARTESIAN_POINT('Ctrl Pts',(4.10330478077997,14.6522080311017,-9.98767822501081));
#7273=CARTESIAN_POINT('Ctrl Pts',(3.20709359552048,14.6495779469702,-9.78351661695701));
#7274=CARTESIAN_POINT('Ctrl Pts',(2.29445461016423,14.6469690184151,-9.6463710607652));
#7275=CARTESIAN_POINT('Ctrl Pts',(1.38152790928127,14.6443508499726,-9.57793867993402));
#7276=CARTESIAN_POINT('Ctrl Pts',(1.38141995707087,14.644350540834,-9.57793058404264));
#7277=CARTESIAN_POINT('Ctrl Pts',(0.924970879611327,14.6430422660117,-9.54370535022733));
#7278=CARTESIAN_POINT('Ctrl Pts',(0.465901961780547,14.6417333133435,-9.52636139515524));
#7279=CARTESIAN_POINT('Ctrl Pts',(0.00599688630475688,14.6404239477171,
-9.52621074194107));
#7280=CARTESIAN_POINT('Ctrl Pts',(0.00587559691353841,14.6404236023202,
-9.5262107033799));
#7281=CARTESIAN_POINT('Ctrl Pts',(-0.454042213323629,14.6391142102584,-9.52606526675695));
#7282=CARTESIAN_POINT('Ctrl Pts',(-0.913218250746064,14.6378048554806,-9.54311793166785));
#7283=CARTESIAN_POINT('Ctrl Pts',(-1.3697445751605,14.6364965167269,-9.57705842834718));
#7284=CARTESIAN_POINT('Ctrl Pts',(-1.36985271293982,14.6364962070908,-9.577066463342));
#7285=CARTESIAN_POINT('Ctrl Pts',(-2.28287327033423,14.6338780722845,-9.64492580696514));
#7286=CARTESIAN_POINT('Ctrl Pts',(-3.19548804300681,14.6312706902615,-9.7814786768245));
#7287=CARTESIAN_POINT('Ctrl Pts',(-4.09184085746719,14.628638921742,-9.98507051815258));
#7288=CARTESIAN_POINT('Ctrl Pts',(-4.09194882184501,14.6286386047492,-9.98509504056968));
#7289=CARTESIAN_POINT('Ctrl Pts',(-4.09205678598816,14.6286382877559,-9.9851195639542));
#7290=CARTESIAN_POINT('Ctrl Pts',(-4.09216474987127,14.6286379707621,-9.98514408830036));
#7291=CARTESIAN_POINT('Ctrl Pts',(-4.12498347453644,14.6285416113881,-9.99259896803145));
#7292=CARTESIAN_POINT('Ctrl Pts',(-4.15776849310799,14.6284452522409,-10.0001405024475));
#7293=CARTESIAN_POINT('Ctrl Pts',(-4.19051843996971,14.6283488932246,-10.007768139457));
#7294=CARTESIAN_POINT('Ctrl Pts',(4.18133769088238,14.8626864980164,-10.0950273194145));
#7295=CARTESIAN_POINT('Ctrl Pts',(4.14883588067856,14.8625904637065,-10.0874371895499));
#7296=CARTESIAN_POINT('Ctrl Pts',(4.11629923947988,14.8624944293888,-10.0799322517785));
#7297=CARTESIAN_POINT('Ctrl Pts',(4.08372911435256,14.8623983949675,-10.0725130528897));
#7298=CARTESIAN_POINT('Ctrl Pts',(4.08362081501591,14.8623980756422,-10.0724883832172));
#7299=CARTESIAN_POINT('Ctrl Pts',(4.08351251530905,14.862397756317,-10.0724637144927));
#7300=CARTESIAN_POINT('Ctrl Pts',(4.08340421526532,14.8623974369919,-10.0724390467238));
#7301=CARTESIAN_POINT('Ctrl Pts',(3.19141691849598,14.8597673912599,-9.86926866685185));
#7302=CARTESIAN_POINT('Ctrl Pts',(2.28306826450881,14.8571583411427,-9.73279648971404));
#7303=CARTESIAN_POINT('Ctrl Pts',(1.37444253776271,14.85454013273,-9.66471547038349));
#7304=CARTESIAN_POINT('Ctrl Pts',(1.37433509441738,14.8545398235441,-9.66470741137922));
#7305=CARTESIAN_POINT('Ctrl Pts',(0.920036438093721,14.8532315281073,-9.63065765466983));
#7306=CARTESIAN_POINT('Ctrl Pts',(0.463132307243497,14.8519225755625,-9.61340978307292));
#7307=CARTESIAN_POINT('Ctrl Pts',(0.00539468915016226,14.8506132621367,
-9.6132742370749));
#7308=CARTESIAN_POINT('Ctrl Pts',(0.00527397140615472,14.850612916759,-9.61327420166495));
#7309=CARTESIAN_POINT('Ctrl Pts',(-0.452476323826342,14.8493035774931,-9.613143767628));
#7310=CARTESIAN_POINT('Ctrl Pts',(-0.909489627279537,14.8479943267482,-9.63013051925291));
#7311=CARTESIAN_POINT('Ctrl Pts',(-1.36386367788765,14.8466859612619,-9.66392533808915));
#7312=CARTESIAN_POINT('Ctrl Pts',(-1.36397130245354,14.8466856515856,-9.6639333545185));
#7313=CARTESIAN_POINT('Ctrl Pts',(-2.2726875539632,14.844067463909,-9.73150063493969));
#7314=CARTESIAN_POINT('Ctrl Pts',(-3.18099105675249,14.8414595139188,-9.8674358694234));
#7315=CARTESIAN_POINT('Ctrl Pts',(-4.07311929118952,14.8388283272731,-10.0700995275575));
#7316=CARTESIAN_POINT('Ctrl Pts',(-4.07322674674087,14.8388280103505,-10.0701239380216));
#7317=CARTESIAN_POINT('Ctrl Pts',(-4.07333420205881,14.8388276934273,-10.0701483494485));
#7318=CARTESIAN_POINT('Ctrl Pts',(-4.07344165710868,14.8388273765037,-10.0701727618305));
#7319=CARTESIAN_POINT('Ctrl Pts',(-4.10610562688705,14.8387310386988,-10.077593588547));
#7320=CARTESIAN_POINT('Ctrl Pts',(-4.13873605204688,14.8386347010883,-10.0851006625787));
#7321=CARTESIAN_POINT('Ctrl Pts',(-4.1713315733978,14.8385383635763,-10.092693434482));
#7322=CARTESIAN_POINT('Ctrl Pts',(4.16097358382758,15.0728758998616,-10.1796779708145));
#7323=CARTESIAN_POINT('Ctrl Pts',(4.12862559863988,15.0727798668568,-10.1721248457777));
#7324=CARTESIAN_POINT('Ctrl Pts',(4.09624294467123,15.0726838338142,-10.1646565083173));
#7325=CARTESIAN_POINT('Ctrl Pts',(4.06382696258724,15.0725878006381,-10.1572735026777));
#7326=CARTESIAN_POINT('Ctrl Pts',(4.06371917580531,15.072587481317,-10.1572489533545));
#7327=CARTESIAN_POINT('Ctrl Pts',(4.06361138865489,15.0725871619959,-10.1572244049748));
#7328=CARTESIAN_POINT('Ctrl Pts',(4.06350360115159,15.0725868426749,-10.1571998575422));
#7329=CARTESIAN_POINT('Ctrl Pts',(3.1757400297529,15.0699568385967,-9.95502135040855));
#7330=CARTESIAN_POINT('Ctrl Pts',(2.27168189501659,15.0673476665909,-9.81922230806584));
#7331=CARTESIAN_POINT('Ctrl Pts',(1.36735711268258,15.0647294154409,-9.75149221414857));
#7332=CARTESIAN_POINT('Ctrl Pts',(1.36725017778124,15.0647291062714,-9.75148419898699));
#7333=CARTESIAN_POINT('Ctrl Pts',(0.915101939706184,15.0634207900334,-9.71761002174264));
#7334=CARTESIAN_POINT('Ctrl Pts',(0.460362603490964,15.0621118386107,-9.70045823010366));
#7335=CARTESIAN_POINT('Ctrl Pts',(0.00479243954631206,15.0608025779071,
-9.7003376982247));
#7336=CARTESIAN_POINT('Ctrl Pts',(0.00467229340349049,15.0608022325406,
-9.70033766719078));
#7337=CARTESIAN_POINT('Ctrl Pts',(-0.450910486550282,15.0594929458978,-9.7002222637074));
#7338=CARTESIAN_POINT('Ctrl Pts',(-0.905761049307764,15.0581837980393,-9.71714310453823));
#7339=CARTESIAN_POINT('Ctrl Pts',(-1.35798283396844,15.0568754055188,-9.75079219543961));
#7340=CARTESIAN_POINT('Ctrl Pts',(-1.35808995044193,15.0568750958531,-9.7508001693387));
#7341=CARTESIAN_POINT('Ctrl Pts',(-2.26250174110652,15.0542568529804,-9.81807659860011));
#7342=CARTESIAN_POINT('Ctrl Pts',(-3.16649368674244,15.0516483368679,-9.95339495054188));
#7343=CARTESIAN_POINT('Ctrl Pts',(-4.05439777377756,15.0490177325947,-10.1551285482414));
#7344=CARTESIAN_POINT('Ctrl Pts',(-4.05450472050227,15.0490174157423,-10.1551528467528));
#7345=CARTESIAN_POINT('Ctrl Pts',(-4.05461166699483,15.0490170988893,-10.1551771462224));
#7346=CARTESIAN_POINT('Ctrl Pts',(-4.05471861323904,15.0490167820357,-10.1552014466467));
#7347=CARTESIAN_POINT('Ctrl Pts',(-4.08722782812094,15.0489204657999,-10.1625882204464));
#7348=CARTESIAN_POINT('Ctrl Pts',(-4.11970365986043,15.048824149726,-10.1700608341857));
#7349=CARTESIAN_POINT('Ctrl Pts',(-4.15214475569307,15.0487278337181,-10.177618741069));
#7350=CARTESIAN_POINT('',(4.16097358700438,15.0728758670721,-10.179677957609));
#7351=CARTESIAN_POINT('Ctrl Pts',(4.16097358700438,15.0728758670721,-10.179677957609));
#7352=CARTESIAN_POINT('Ctrl Pts',(2.79874371548428,15.0688317657694,-9.86160274281688));
#7353=CARTESIAN_POINT('Ctrl Pts',(1.40419183242601,15.0648245779874,-9.70069634239807));
#7354=CARTESIAN_POINT('Ctrl Pts',(-1.3949635732619,15.0567794761514,-9.69998365023684));
#7355=CARTESIAN_POINT('Ctrl Pts',(-2.78967839585875,15.0527725220208,-9.86020037925338));
#7356=CARTESIAN_POINT('Ctrl Pts',(-4.15214475594356,15.0487278309524,-10.177618739951));
#7357=CARTESIAN_POINT('Ctrl Pts',(4.16097358700436,15.072875867072,-10.1796779576091));
#7358=CARTESIAN_POINT('Ctrl Pts',(4.17257484829985,14.9506411116464,-10.1303936693005));
#7359=CARTESIAN_POINT('Ctrl Pts',(4.18417888438185,14.8284063741115,-10.0811100215611));
#7360=CARTESIAN_POINT('Ctrl Pts',(4.20413754157303,14.6182158232859,-9.99636468403051));
#7361=CARTESIAN_POINT('Ctrl Pts',(4.21249082415678,14.5302600327618,-9.96090269834305));
#7362=CARTESIAN_POINT('Ctrl Pts',(4.22084553946181,14.442304244273,-9.92544104076806));
#7363=CARTESIAN_POINT('Ctrl Pts',(4.09785898854261,13.8814638435769,-10.472662731888));
#7364=CARTESIAN_POINT('Ctrl Pts',(4.13940856130181,13.8814669068605,-10.2903849137689));
#7365=CARTESIAN_POINT('Ctrl Pts',(4.18095813392379,13.8814699701429,-10.1081070956184));
#7366=CARTESIAN_POINT('Ctrl Pts',(4.22250770640853,13.881473033424,-9.92582927743675));
#7367=CARTESIAN_POINT('Ctrl Pts',(4.09781933441321,13.895271276554,-10.472653460826));
#7368=CARTESIAN_POINT('Ctrl Pts',(4.13936849478415,13.8952743398387,-10.2903755487044));
#7369=CARTESIAN_POINT('Ctrl Pts',(4.18091765501786,13.8952774031222,-10.1080976365516));
#7370=CARTESIAN_POINT('Ctrl Pts',(4.22246681511433,13.8952804664045,-9.92581972436749));
#7371=CARTESIAN_POINT('Ctrl Pts',(4.09777968023019,13.9090787095309,-10.4726441898934));
#7372=CARTESIAN_POINT('Ctrl Pts',(4.13932842821231,13.9090817728168,-10.2903661837707));
#7373=CARTESIAN_POINT('Ctrl Pts',(4.1808771760572,13.9090848361015,-10.1080881776168));
#7374=CARTESIAN_POINT('Ctrl Pts',(4.22242592376486,13.9090878993849,-9.92581017143165));
#7375=CARTESIAN_POINT('Ctrl Pts',(4.09774002599354,13.9228861425078,-10.4726349190902));
#7376=CARTESIAN_POINT('Ctrl Pts',(4.1392883615863,13.9228892057949,-10.2903568189678));
#7377=CARTESIAN_POINT('Ctrl Pts',(4.18083669704182,13.9228922690807,-10.1080787188142));
#7378=CARTESIAN_POINT('Ctrl Pts',(4.22238503236011,13.9228953323652,-9.92580061862925));
#7379=CARTESIAN_POINT('Ctrl Pts',(4.09663911761943,14.3062176565627,-10.4723775366378));
#7380=CARTESIAN_POINT('Ctrl Pts',(4.13817600416284,14.3062207234432,-10.2900968268276));
#7381=CARTESIAN_POINT('Ctrl Pts',(4.17971289056868,14.3062237903223,-10.107816116986));
#7382=CARTESIAN_POINT('Ctrl Pts',(4.22124977683698,14.3062268572002,-9.92553540711314));
#7383=CARTESIAN_POINT('Ctrl Pts',(4.09553624784237,14.6895491643649,-10.4721198050199));
#7384=CARTESIAN_POINT('Ctrl Pts',(4.13706166494489,14.6895522348341,-10.2898364820086));
#7385=CARTESIAN_POINT('Ctrl Pts',(4.1785870819095,14.689555305302,-10.1075531589658));
#7386=CARTESIAN_POINT('Ctrl Pts',(4.22011249873625,14.6895583757687,-9.92526983589158));
#7387=CARTESIAN_POINT('Ctrl Pts',(4.09443142136282,15.0728806659258,-10.4718617264904));
#7388=CARTESIAN_POINT('Ctrl Pts',(4.13594534868181,15.0728837399792,-10.2895757867877));
#7389=CARTESIAN_POINT('Ctrl Pts',(4.1774592758626,15.0728868140313,-10.1072898470535));
#7390=CARTESIAN_POINT('Ctrl Pts',(4.21897320290519,15.0728898880822,-9.92500390728788));
#7391=CARTESIAN_POINT('',(4.09443142136581,15.0728806659258,-10.471861726477));
#7392=CARTESIAN_POINT('Ctrl Pts',(4.09443142136282,15.0728806659258,-10.4718617264904));
#7393=CARTESIAN_POINT('Ctrl Pts',(4.09553624784237,14.6895491643649,-10.4721198050199));
#7394=CARTESIAN_POINT('Ctrl Pts',(4.09663911761943,14.3062176565627,-10.4723775366378));
#7395=CARTESIAN_POINT('Ctrl Pts',(4.09774002599354,13.9228861425078,-10.4726349190902));
#7396=CARTESIAN_POINT('Ctrl Pts',(4.09777968023019,13.9090787095309,-10.4726441898934));
#7397=CARTESIAN_POINT('Ctrl Pts',(4.09781933441321,13.895271276554,-10.472653460826));
#7398=CARTESIAN_POINT('Ctrl Pts',(4.09785898854261,13.8814638435769,-10.472662731888));
#7399=CARTESIAN_POINT('Ctrl Pts',(4.09443142136282,15.0728806659258,-10.4718617264904));
#7400=CARTESIAN_POINT('Ctrl Pts',(4.11660586395674,15.0728790401655,-10.3744947087564));
#7401=CARTESIAN_POINT('Ctrl Pts',(4.13878957671478,15.0728774407559,-10.2770869863156));
#7402=CARTESIAN_POINT('Ctrl Pts',(4.16097358700442,15.0728758670723,-10.179677957609));
#7403=CARTESIAN_POINT('Ctrl Pts',(4.09443142136282,15.0728806659258,-10.4718617264904));
#7404=CARTESIAN_POINT('Ctrl Pts',(4.11714935645103,15.072880661132,-10.374592586426));
#7405=CARTESIAN_POINT('Ctrl Pts',(4.13986731797254,15.072880656458,-10.2773234525358));
#7406=CARTESIAN_POINT('Ctrl Pts',(4.16258530464974,15.0728806518959,-10.1800543245212));
#7407=CARTESIAN_POINT('Ctrl Pts',(4.06198524176349,15.0727827346896,-10.4642825611988));
#7408=CARTESIAN_POINT('Ctrl Pts',(4.08452312376062,15.0727827298987,-10.3669713683859));
#7409=CARTESIAN_POINT('Ctrl Pts',(4.1070610321932,15.0727827252274,-10.2696601817037));
#7410=CARTESIAN_POINT('Ctrl Pts',(4.12959896578633,15.0727827206681,-10.1723490008416));
#7411=CARTESIAN_POINT('Ctrl Pts',(4.02950359626448,15.0726848034688,-10.4567901205771));
#7412=CARTESIAN_POINT('Ctrl Pts',(4.0518612283442,15.0726847986807,-10.3594373562704));
#7413=CARTESIAN_POINT('Ctrl Pts',(4.07421888686313,15.072684794012,-10.2620845980437));
#7414=CARTESIAN_POINT('Ctrl Pts',(4.09657657054613,15.0726847894553,-10.1647318455889));
#7415=CARTESIAN_POINT('Ctrl Pts',(3.99698790431826,15.0725868722248,-10.4493849768135));
#7416=CARTESIAN_POINT('Ctrl Pts',(4.01916509753115,15.0725868674393,-10.3519911254432));
#7417=CARTESIAN_POINT('Ctrl Pts',(4.04134231718851,15.0725868627733,-10.254597280095));
#7418=CARTESIAN_POINT('Ctrl Pts',(4.06351956201221,15.0725868582191,-10.1572034404777));
#7419=CARTESIAN_POINT('Ctrl Pts',(3.12365836474777,15.0699565653458,-10.2504923681759));
#7420=CARTESIAN_POINT('Ctrl Pts',(3.14098932943071,15.0699565606701,-10.1519943837197));
#7421=CARTESIAN_POINT('Ctrl Pts',(3.15831997959277,15.069956556112,-10.0534981752434));
#7422=CARTESIAN_POINT('Ctrl Pts',(3.17565099587379,15.0699565516622,-9.95500019985876));
#7423=CARTESIAN_POINT('Ctrl Pts',(2.23429730214392,15.0673471742959,-10.116912656241));
#7424=CARTESIAN_POINT('Ctrl Pts',(2.24669279789566,15.0673471695115,-10.0176739683519));
#7425=CARTESIAN_POINT('Ctrl Pts',(2.25908828750744,15.0673471648464,-9.91843581240507));
#7426=CARTESIAN_POINT('Ctrl Pts',(2.27148383583952,15.0673471602932,-9.81919713109862));
#7427=CARTESIAN_POINT('Ctrl Pts',(0.900023628208733,15.0634197682507,-10.0169923359041));
#7428=CARTESIAN_POINT('Ctrl Pts',(0.905014850596594,15.0634197634824,-9.91719963261236));
#7429=CARTESIAN_POINT('Ctrl Pts',(0.91000610835438,15.0634197588334,-9.81740677782417));
#7430=CARTESIAN_POINT('Ctrl Pts',(0.914997383530328,15.0634197542955,-9.71761407716614));
#7431=CARTESIAN_POINT('Ctrl Pts',(0.452613831597615,15.0621111501594,-10.0001114976597));
#7432=CARTESIAN_POINT('Ctrl Pts',(0.455122274105748,15.0621111454214,-9.90022511630593));
#7433=CARTESIAN_POINT('Ctrl Pts',(0.457630718217975,15.0621111408017,-9.80033883066467));
#7434=CARTESIAN_POINT('Ctrl Pts',(0.460139213394764,15.0621111362926,-9.70045245063614));
#7435=CARTESIAN_POINT('Ctrl Pts',(-0.443607680378317,15.0594926691665,-9.9998869318871));
#7436=CARTESIAN_POINT('Ctrl Pts',(-0.44607263073561,15.0594926644289,-9.89999946677842));
#7437=CARTESIAN_POINT('Ctrl Pts',(-0.448537530013938,15.0594926598097,-9.80011209299078));
#7438=CARTESIAN_POINT('Ctrl Pts',(-0.45100242770448,15.0594926553011,-9.7002246265815));
#7439=CARTESIAN_POINT('Ctrl Pts',(-0.891113987074222,15.0581838856551,-10.0165468029191));
#7440=CARTESIAN_POINT('Ctrl Pts',(-0.896062267768832,15.0581838808874,-9.91675194628718));
#7441=CARTESIAN_POINT('Ctrl Pts',(-0.901010530177102,15.058183876239,-9.81695694807991));
#7442=CARTESIAN_POINT('Ctrl Pts',(-0.905958758085891,15.0581838717017,-9.71716208883888));
#7443=CARTESIAN_POINT('Ctrl Pts',(-2.22553403856747,15.0542564238156,-10.1158191000173));
#7444=CARTESIAN_POINT('Ctrl Pts',(-2.23788737905754,15.0542564190317,-10.016575161302));
#7445=CARTESIAN_POINT('Ctrl Pts',(-2.25024066192379,15.0542564143669,-9.91733171940128));
#7446=CARTESIAN_POINT('Ctrl Pts',(-2.26259394983274,15.0542564098142,-9.81808777412775));
#7447=CARTESIAN_POINT('Ctrl Pts',(-3.11483097874321,15.0516474783837,-10.2489391760478));
#7448=CARTESIAN_POINT('Ctrl Pts',(-3.13211930727446,15.0516474737078,-10.1504337106224));
#7449=CARTESIAN_POINT('Ctrl Pts',(-3.14940728496894,15.0516474691496,-10.0519299364728));
#7450=CARTESIAN_POINT('Ctrl Pts',(-3.16669556189667,15.0516474646995,-9.95342446199984));
#7451=CARTESIAN_POINT('Ctrl Pts',(-3.98829681095608,15.0490168115758,-10.4474079251211));
#7452=CARTESIAN_POINT('Ctrl Pts',(-4.01043213123995,15.0490168067894,-10.3500045484883));
#7453=CARTESIAN_POINT('Ctrl Pts',(-4.03256742507408,15.0490168021225,-10.2526011658452));
#7454=CARTESIAN_POINT('Ctrl Pts',(-4.05470269373689,15.0490167975674,-10.1551977774822));
#7455=CARTESIAN_POINT('Ctrl Pts',(-4.02081471220701,15.0489188755601,-10.4547966367872));
#7456=CARTESIAN_POINT('Ctrl Pts',(-4.04313048268705,15.0489188707711,-10.3574342682055));
#7457=CARTESIAN_POINT('Ctrl Pts',(-4.06544622671984,15.0489188661016,-10.26007189357));
#7458=CARTESIAN_POINT('Ctrl Pts',(-4.0877619455864,15.048918861544,-10.1627095131592));
#7459=CARTESIAN_POINT('Ctrl Pts',(-4.05329869618093,15.0488209395854,-10.4622726731915));
#7460=CARTESIAN_POINT('Ctrl Pts',(-4.0757947286565,15.0488209347937,-10.3649517972581));
#7461=CARTESIAN_POINT('Ctrl Pts',(-4.09829073468855,15.0488209301215,-10.2676309152202));
#7462=CARTESIAN_POINT('Ctrl Pts',(-4.12078671555796,15.0488209255614,-10.1703100273588));
#7463=CARTESIAN_POINT('Ctrl Pts',(-4.08574734268736,15.0487230036134,-10.4698354642276));
#7464=CARTESIAN_POINT('Ctrl Pts',(-4.10842344107671,15.0487229988189,-10.3725565623763));
#7465=CARTESIAN_POINT('Ctrl Pts',(-4.13109951302757,15.048722994144,-10.2752776543627));
#7466=CARTESIAN_POINT('Ctrl Pts',(-4.15377555981782,15.0487229895811,-10.1779987404844));
#7467=CARTESIAN_POINT('Ctrl Pts',(4.09443142136574,15.0728806659258,-10.4718617264773));
#7468=CARTESIAN_POINT('Ctrl Pts',(4.06198524176643,15.0727827346896,-10.4642825611857));
#7469=CARTESIAN_POINT('Ctrl Pts',(4.02950359626745,15.0726848034688,-10.4567901205639));
#7470=CARTESIAN_POINT('Ctrl Pts',(3.99698790432125,15.0725868722248,-10.4493849768004));
#7471=CARTESIAN_POINT('Ctrl Pts',(3.1236583647501,15.0699565653458,-10.2504923681626));
#7472=CARTESIAN_POINT('Ctrl Pts',(2.23429730214559,15.0673471742959,-10.1169126562277));
#7473=CARTESIAN_POINT('Ctrl Pts',(1.34478180280218,15.0647289044329,-10.0502991305505));
#7474=CARTESIAN_POINT('Ctrl Pts',(0.900023628209405,15.0634197682507,-10.0169923358907));
#7475=CARTESIAN_POINT('Ctrl Pts',(0.452613831597953,15.0621111501594,-10.0001114976463));
#7476=CARTESIAN_POINT('Ctrl Pts',(0.00450307560965174,15.060801909663,-9.99999921475995));
#7477=CARTESIAN_POINT('Ctrl Pts',(-0.44360768037865,15.0594926691665,-9.99988693187366));
#7478=CARTESIAN_POINT('Ctrl Pts',(-0.891113987074889,15.0581838856551,-10.0165468029057));
#7479=CARTESIAN_POINT('Ctrl Pts',(-1.33593108995296,15.0568747010433,-10.0496383437154));
#7480=CARTESIAN_POINT('Ctrl Pts',(-2.22553403856913,15.0542564238156,-10.115819100004));
#7481=CARTESIAN_POINT('Ctrl Pts',(-3.11483097874554,15.0516474783837,-10.2489391760345));
#7482=CARTESIAN_POINT('Ctrl Pts',(-3.98829681095906,15.0490168115758,-10.447407925108));
#7483=CARTESIAN_POINT('Ctrl Pts',(-4.02081471220998,15.0489188755601,-10.4547966367741));
#7484=CARTESIAN_POINT('Ctrl Pts',(-4.05329869618391,15.0488209395854,-10.4622726731784));
#7485=CARTESIAN_POINT('Ctrl Pts',(-4.08574734269034,15.0487230036134,-10.4698354642144));
#7486=CARTESIAN_POINT('Ctrl Pts',(18.0742740164174,14.4423076937152,-32.222065761354));
#7487=CARTESIAN_POINT('Ctrl Pts',(18.0819381556607,14.4422116567954,-32.189256301103));
#7488=CARTESIAN_POINT('Ctrl Pts',(18.0895162937832,14.4421156199279,-32.1564116854294));
#7489=CARTESIAN_POINT('Ctrl Pts',(18.0970078789058,14.4420195830168,-32.1235332742003));
#7490=CARTESIAN_POINT('Ctrl Pts',(18.0970327892759,14.4420192636831,-32.1234239497546));
#7491=CARTESIAN_POINT('Ctrl Pts',(18.097057698689,14.4420189443495,-32.1233146249353));
#7492=CARTESIAN_POINT('Ctrl Pts',(18.0970826071471,14.442018625016,-32.1232052997333));
#7493=CARTESIAN_POINT('Ctrl Pts',(18.3022360829273,14.4393884992412,-31.2227703894605));
#7494=CARTESIAN_POINT('Ctrl Pts',(18.4400492642372,14.4367793970736,-30.3058400257994));
#7495=CARTESIAN_POINT('Ctrl Pts',(18.5088355891919,14.4341614423745,-29.3886128330244));
#7496=CARTESIAN_POINT('Ctrl Pts',(18.5088437286445,14.4341611332021,-29.3885043723253));
#7497=CARTESIAN_POINT('Ctrl Pts',(18.543244787261,14.4328529019656,-28.9299049294093));
#7498=CARTESIAN_POINT('Ctrl Pts',(18.560685183499,14.4315439992476,-28.4686713740895));
#7499=CARTESIAN_POINT('Ctrl Pts',(18.5608509090368,14.4302345878169,-28.0065988803874));
#7500=CARTESIAN_POINT('Ctrl Pts',(18.5608509519748,14.4302342424075,-28.006477019381));
#7501=CARTESIAN_POINT('Ctrl Pts',(18.5610113476153,14.4289247984206,-27.5443917365726));
#7502=CARTESIAN_POINT('Ctrl Pts',(18.5438923857354,14.4276153489566,-27.0830531283758));
#7503=CARTESIAN_POINT('Ctrl Pts',(18.5098059171913,14.4263070519383,-26.6243745907616));
#7504=CARTESIAN_POINT('Ctrl Pts',(18.5097978399388,14.4263067422738,-26.6242659448423));
#7505=CARTESIAN_POINT('Ctrl Pts',(18.4416447196013,14.4236888558815,-25.7069414161902));
#7506=CARTESIAN_POINT('Ctrl Pts',(18.3044803874532,14.4210818669212,-24.7900144923894));
#7507=CARTESIAN_POINT('Ctrl Pts',(18.0999584804511,14.4184495160132,-23.8894375294292));
#7508=CARTESIAN_POINT('Ctrl Pts',(18.0999338460808,14.4184491989502,-23.889329056225));
#7509=CARTESIAN_POINT('Ctrl Pts',(18.0999092107384,14.4184488818867,-23.8892205832569));
#7510=CARTESIAN_POINT('Ctrl Pts',(18.099884574422,14.4184485648227,-23.8891121105152));
#7511=CARTESIAN_POINT('Ctrl Pts',(18.0923956415942,14.4183521838793,-23.8561386309707));
#7512=CARTESIAN_POINT('Ctrl Pts',(18.0848196467057,14.4182558031953,-23.8231990189956));
#7513=CARTESIAN_POINT('Ctrl Pts',(18.077157144496,14.4181594226747,-23.7902946466319));
#7514=CARTESIAN_POINT('Ctrl Pts',(17.9896233431497,14.6524970959638,-32.2017017493796));
#7515=CARTESIAN_POINT('Ctrl Pts',(17.9972504777447,14.6524010603489,-32.169046114154));
#7516=CARTESIAN_POINT('Ctrl Pts',(18.0047920157354,14.6523050247562,-32.1363554857203));
#7517=CARTESIAN_POINT('Ctrl Pts',(18.0122474077879,14.65220898909,-32.1036312175451));
#7518=CARTESIAN_POINT('Ctrl Pts',(18.0122721978094,14.6522086697605,-32.1035224056539));
#7519=CARTESIAN_POINT('Ctrl Pts',(18.0122969868783,14.6522083504311,-32.1034135933907));
#7520=CARTESIAN_POINT('Ctrl Pts',(18.0123217749891,14.6522080311018,-32.10330478078));
#7521=CARTESIAN_POINT('Ctrl Pts',(18.2164833830429,14.6495779469702,-31.2070935955206));
#7522=CARTESIAN_POINT('Ctrl Pts',(18.3536234341133,14.6469687229228,-30.2944537527997));
#7523=CARTESIAN_POINT('Ctrl Pts',(18.4220588384887,14.6443507254862,-29.3815275048587));
#7524=CARTESIAN_POINT('Ctrl Pts',(18.4220669340987,14.6443504163302,-29.3814195526036));
#7525=CARTESIAN_POINT('Ctrl Pts',(18.4562924156525,14.6430421642925,-28.924970528135));
#7526=CARTESIAN_POINT('Ctrl Pts',(18.473636734351,14.6417332626944,-28.4659017673058));
#7527=CARTESIAN_POINT('Ctrl Pts',(18.4737874481832,14.6404239039863,-28.005996727814));
#7528=CARTESIAN_POINT('Ctrl Pts',(18.4737874867459,14.6404235585881,-28.0058754384088));
#7529=CARTESIAN_POINT('Ctrl Pts',(18.4739328542461,14.6391141672249,-27.5459576709398));
#7530=CARTESIAN_POINT('Ctrl Pts',(18.456879805592,14.6378048206494,-27.086781803554));
#7531=CARTESIAN_POINT('Ctrl Pts',(18.4229390673688,14.6364964965958,-26.6302555315013));
#7532=CARTESIAN_POINT('Ctrl Pts',(18.4229310326467,14.6364961869418,-26.6301473936744));
#7533=CARTESIAN_POINT('Ctrl Pts',(18.3550687682722,14.6338782453515,-25.7171273251036));
#7534=CARTESIAN_POINT('Ctrl Pts',(18.2185213231755,14.6312706902616,-24.8045119569934));
#7535=CARTESIAN_POINT('Ctrl Pts',(18.0149294818474,14.6286389217421,-23.9081591425329));
#7536=CARTESIAN_POINT('Ctrl Pts',(18.0149049594303,14.6286386047493,-23.908051178155));
#7537=CARTESIAN_POINT('Ctrl Pts',(18.0148804360458,14.628638287756,-23.9079432140119));
#7538=CARTESIAN_POINT('Ctrl Pts',(18.0148559116996,14.6286379707622,-23.9078352501288));
#7539=CARTESIAN_POINT('Ctrl Pts',(18.0074010319685,14.6285416113881,-23.8750165254636));
#7540=CARTESIAN_POINT('Ctrl Pts',(17.9998594975524,14.628445252241,-23.8422315068921));
#7541=CARTESIAN_POINT('Ctrl Pts',(17.992231860543,14.6283488932247,-23.8094815600303));
#7542=CARTESIAN_POINT('Ctrl Pts',(17.9049726805854,14.8626864980164,-32.1813376908824));
#7543=CARTESIAN_POINT('Ctrl Pts',(17.91256281045,14.8625904637065,-32.1488358806786));
#7544=CARTESIAN_POINT('Ctrl Pts',(17.9200677482214,14.8624944293888,-32.1162992394799));
#7545=CARTESIAN_POINT('Ctrl Pts',(17.9274869471103,14.8623983949676,-32.0837291143526));
#7546=CARTESIAN_POINT('Ctrl Pts',(17.9275116167827,14.8623980756423,-32.083620815016));
#7547=CARTESIAN_POINT('Ctrl Pts',(17.9275362855072,14.862397756317,-32.0835125153091));
#7548=CARTESIAN_POINT('Ctrl Pts',(17.9275609532761,14.8623974369919,-32.0834042152654));
#7549=CARTESIAN_POINT('Ctrl Pts',(18.1307313331481,14.85976739126,-31.191416918496));
#7550=CARTESIAN_POINT('Ctrl Pts',(18.2671980492076,14.8571580439394,-30.2830674110063));
#7551=CARTESIAN_POINT('Ctrl Pts',(18.3352820720658,14.8545400063816,-29.3744421344555));
#7552=CARTESIAN_POINT('Ctrl Pts',(18.3352901307904,14.8545396971784,-29.3743346910658));
#7553=CARTESIAN_POINT('Ctrl Pts',(18.3693401346131,14.8532314245263,-28.9200360872214));
#7554=CARTESIAN_POINT('Ctrl Pts',(18.3865883708035,14.8519225230186,-28.4631321109602));
#7555=CARTESIAN_POINT('Ctrl Pts',(18.3867239774811,14.8506132164577,-28.005394528233));
#7556=CARTESIAN_POINT('Ctrl Pts',(18.3867240128922,14.8506128710787,-28.0052738104752));
#7557=CARTESIAN_POINT('Ctrl Pts',(18.386854379954,14.8493035321872,-27.5475235572454));
#7558=CARTESIAN_POINT('Ctrl Pts',(18.3698672573873,14.8479942877325,-27.0905104201311));
#7559=CARTESIAN_POINT('Ctrl Pts',(18.3360722034694,14.8466859365806,-26.6361364205046));
#7560=CARTESIAN_POINT('Ctrl Pts',(18.3360641873065,14.8466856268865,-26.6360287958924));
#7561=CARTESIAN_POINT('Ctrl Pts',(18.2684940495719,14.8440676331909,-25.727313021265));
#7562=CARTESIAN_POINT('Ctrl Pts',(18.1325641305766,14.8414595139188,-24.8190089432476));
#7563=CARTESIAN_POINT('Ctrl Pts',(17.9299004724425,14.8388283272732,-23.9268807088105));
#7564=CARTESIAN_POINT('Ctrl Pts',(17.9298760619784,14.8388280103506,-23.9267732532592));
#7565=CARTESIAN_POINT('Ctrl Pts',(17.9298516505514,14.8388276934274,-23.9266657979413));
#7566=CARTESIAN_POINT('Ctrl Pts',(17.9298272381695,14.8388273765038,-23.9265583428914));
#7567=CARTESIAN_POINT('Ctrl Pts',(17.9224064114529,14.8387310386989,-23.893894373113));
#7568=CARTESIAN_POINT('Ctrl Pts',(17.9148993374212,14.8386347010884,-23.8612639479532));
#7569=CARTESIAN_POINT('Ctrl Pts',(17.9073065655179,14.8385383635764,-23.8286684266022));
#7570=CARTESIAN_POINT('Ctrl Pts',(17.8203220291854,15.0728758998617,-32.1609735838277));
#7571=CARTESIAN_POINT('Ctrl Pts',(17.8278751542222,15.0727798668569,-32.1286255986399));
#7572=CARTESIAN_POINT('Ctrl Pts',(17.8353434916826,15.0726838338143,-32.0962429446713));
#7573=CARTESIAN_POINT('Ctrl Pts',(17.8427264973223,15.0725878006382,-32.0638269625873));
#7574=CARTESIAN_POINT('Ctrl Pts',(17.8427510466454,15.0725874813171,-32.0637191758053));
#7575=CARTESIAN_POINT('Ctrl Pts',(17.8427755950251,15.072587161996,-32.0636113886549));
#7576=CARTESIAN_POINT('Ctrl Pts',(17.8428001424578,15.0725868426749,-32.0635036011516));
#7577=CARTESIAN_POINT('Ctrl Pts',(18.0449786495914,15.0699568385968,-31.175740029753));
#7578=CARTESIAN_POINT('Ctrl Pts',(18.1807722308558,15.0673473693875,-30.271681041514));
#7579=CARTESIAN_POINT('Ctrl Pts',(18.2485053283007,15.0647292890925,-29.3673567093754));
#7580=CARTESIAN_POINT('Ctrl Pts',(18.2485133431826,15.0647289799057,-29.3672497744296));
#7581=CARTESIAN_POINT('Ctrl Pts',(18.2823877675403,15.0634206864525,-28.9151015888338));
#7582=CARTESIAN_POINT('Ctrl Pts',(18.2995399237728,15.0621117860667,-28.4603624072076));
#7583=CARTESIAN_POINT('Ctrl Pts',(18.2996605163313,15.0608025322281,-28.0047922786291));
#7584=CARTESIAN_POINT('Ctrl Pts',(18.2996605473663,15.0608021868603,-28.0046721324725));
#7585=CARTESIAN_POINT('Ctrl Pts',(18.2997758838746,15.0594929005919,-27.5490893945214));
#7586=CARTESIAN_POINT('Ctrl Pts',(18.282854672102,15.0581837590236,-27.0942389981028));
#7587=CARTESIAN_POINT('Ctrl Pts',(18.2492053461189,15.0568753808375,-26.6420172644239));
#7588=CARTESIAN_POINT('Ctrl Pts',(18.2491973724863,15.0568750711539,-26.641910147904));
#7589=CARTESIAN_POINT('Ctrl Pts',(18.1819180859115,15.0542570222623,-25.7374988341216));
#7590=CARTESIAN_POINT('Ctrl Pts',(18.0466050494581,15.0516483368679,-24.8335063132577));
#7591=CARTESIAN_POINT('Ctrl Pts',(17.8448714517585,15.0490177325947,-23.9456022262225));
#7592=CARTESIAN_POINT('Ctrl Pts',(17.8448471532472,15.0490174157424,-23.9454952794978));
#7593=CARTESIAN_POINT('Ctrl Pts',(17.8448228537775,15.0490170988894,-23.9453883330052));
#7594=CARTESIAN_POINT('Ctrl Pts',(17.8447985533532,15.0490167820358,-23.945281386761));
#7595=CARTESIAN_POINT('Ctrl Pts',(17.8374117795535,15.0489204658,-23.9127721718791));
#7596=CARTESIAN_POINT('Ctrl Pts',(17.8299391658142,15.0488241497261,-23.8802963401396));
#7597=CARTESIAN_POINT('Ctrl Pts',(17.822381258931,15.0487278337182,-23.847855244307));
#7598=CARTESIAN_POINT('',(17.8203220423909,15.0728758670721,-32.1609735870044));
#7599=CARTESIAN_POINT('Ctrl Pts',(17.8203220423909,15.0728758670721,-32.1609735870044));
#7600=CARTESIAN_POINT('Ctrl Pts',(18.138397257183,15.0688317657695,-30.7987437154847));
#7601=CARTESIAN_POINT('Ctrl Pts',(18.2993036576019,15.0648245779875,-29.4041918324274));
#7602=CARTESIAN_POINT('Ctrl Pts',(18.3000163497631,15.0567794761514,-26.6050364267371));
#7603=CARTESIAN_POINT('Ctrl Pts',(18.1397996207466,15.0527725220209,-25.2103216041413));
#7604=CARTESIAN_POINT('Ctrl Pts',(17.8223812600489,15.0487278309524,-23.8478552440565));
#7605=CARTESIAN_POINT('Ctrl Pts',(18.0745589592319,14.442304244273,-32.2208455394619));
#7606=CARTESIAN_POINT('Ctrl Pts',(18.0390973016752,14.5302600327164,-32.2124908241611));
#7607=CARTESIAN_POINT('Ctrl Pts',(18.0036353159805,14.6182158232585,-32.2041375415757));
#7608=CARTESIAN_POINT('Ctrl Pts',(17.9188899783375,14.8284063743628,-32.1841788843581));
#7609=CARTESIAN_POINT('Ctrl Pts',(17.8696063306336,14.9506411118098,-32.1725748482844));
#7610=CARTESIAN_POINT('Ctrl Pts',(17.8203220423906,15.0728758670726,-32.1609735870044));
#7611=CARTESIAN_POINT('Ctrl Pts',(17.527337268112,13.881463843577,-32.0978589885427));
#7612=CARTESIAN_POINT('Ctrl Pts',(17.7096150862311,13.8814669068606,-32.1394085613019));
#7613=CARTESIAN_POINT('Ctrl Pts',(17.8918929043815,13.881469970143,-32.1809581339238));
#7614=CARTESIAN_POINT('Ctrl Pts',(18.0741707225632,13.8814730334241,-32.2225077064086));
#7615=CARTESIAN_POINT('Ctrl Pts',(17.527346539174,13.895271276554,-32.0978193344133));
#7616=CARTESIAN_POINT('Ctrl Pts',(17.7096244512955,13.8952743398388,-32.1393684947842));
#7617=CARTESIAN_POINT('Ctrl Pts',(17.8919023634484,13.8952774031223,-32.1809176550179));
#7618=CARTESIAN_POINT('Ctrl Pts',(18.0741802756325,13.8952804664045,-32.2224668151144));
#7619=CARTESIAN_POINT('Ctrl Pts',(17.5273558101066,13.909078709531,-32.0977796802302));
#7620=CARTESIAN_POINT('Ctrl Pts',(17.7096338162292,13.9090817728169,-32.1393284282124));
#7621=CARTESIAN_POINT('Ctrl Pts',(17.8919118223832,13.9090848361015,-32.1808771760573));
#7622=CARTESIAN_POINT('Ctrl Pts',(18.0741898285684,13.9090878993849,-32.2224259237649));
#7623=CARTESIAN_POINT('Ctrl Pts',(17.5273650809098,13.9228861425079,-32.0977400259936));
#7624=CARTESIAN_POINT('Ctrl Pts',(17.7096431810322,13.9228892057949,-32.1392883615864));
#7625=CARTESIAN_POINT('Ctrl Pts',(17.8919212811858,13.9228922690807,-32.1808366970419));
#7626=CARTESIAN_POINT('Ctrl Pts',(18.0741993813708,13.9228953323652,-32.2223850323602));
#7627=CARTESIAN_POINT('Ctrl Pts',(17.5276224633621,14.3062176565628,-32.0966391176195));
#7628=CARTESIAN_POINT('Ctrl Pts',(17.7099031731724,14.3062207234432,-32.1381760041629));
#7629=CARTESIAN_POINT('Ctrl Pts',(17.8921838830139,14.3062237903224,-32.1797128905687));
#7630=CARTESIAN_POINT('Ctrl Pts',(18.0744645928869,14.3062268572002,-32.221249776837));
#7631=CARTESIAN_POINT('Ctrl Pts',(17.52788019498,14.6895491643649,-32.0955362478424));
#7632=CARTESIAN_POINT('Ctrl Pts',(17.7101635179914,14.6895522348341,-32.1370616649449));
#7633=CARTESIAN_POINT('Ctrl Pts',(17.8924468410342,14.6895553053021,-32.1785870819096));
#7634=CARTESIAN_POINT('Ctrl Pts',(18.0747301641084,14.6895583757687,-32.2201124987363));
#7635=CARTESIAN_POINT('Ctrl Pts',(17.5281382735095,15.0728806659258,-32.0944314213629));
#7636=CARTESIAN_POINT('Ctrl Pts',(17.7104242132123,15.0728837399792,-32.1359453486819));
#7637=CARTESIAN_POINT('Ctrl Pts',(17.8927101529464,15.0728868140314,-32.1774592758627));
#7638=CARTESIAN_POINT('Ctrl Pts',(18.0749960927121,15.0728898880823,-32.2189732029052));
#7639=CARTESIAN_POINT('',(17.528138273523,15.0728806659258,-32.0944314213659));
#7640=CARTESIAN_POINT('Ctrl Pts',(17.5281382735095,15.0728806659258,-32.0944314213629));
#7641=CARTESIAN_POINT('Ctrl Pts',(17.52788019498,14.6895491643649,-32.0955362478424));
#7642=CARTESIAN_POINT('Ctrl Pts',(17.5276224633621,14.3062176565628,-32.0966391176195));
#7643=CARTESIAN_POINT('Ctrl Pts',(17.5273650809098,13.9228861425079,-32.0977400259936));
#7644=CARTESIAN_POINT('Ctrl Pts',(17.5273558101066,13.909078709531,-32.0977796802302));
#7645=CARTESIAN_POINT('Ctrl Pts',(17.527346539174,13.895271276554,-32.0978193344133));
#7646=CARTESIAN_POINT('Ctrl Pts',(17.527337268112,13.881463843577,-32.0978589885427));
#7647=CARTESIAN_POINT('Ctrl Pts',(17.5281382735095,15.0728806659258,-32.0944314213629));
#7648=CARTESIAN_POINT('Ctrl Pts',(17.6255052916418,15.0728790401655,-32.1166058640475));
#7649=CARTESIAN_POINT('Ctrl Pts',(17.722913014677,15.072877440756,-32.1387895769409));
#7650=CARTESIAN_POINT('Ctrl Pts',(17.8203220423909,15.0728758670723,-32.1609735870045));
#7651=CARTESIAN_POINT('Ctrl Pts',(17.5281382735095,15.0728806659258,-32.0944314213629));
#7652=CARTESIAN_POINT('Ctrl Pts',(17.6254074135739,15.0728806611321,-32.1171493564511));
#7653=CARTESIAN_POINT('Ctrl Pts',(17.7226765474642,15.072880656458,-32.1398673179726));
#7654=CARTESIAN_POINT('Ctrl Pts',(17.8199456754787,15.072880651896,-32.1625853046498));
#7655=CARTESIAN_POINT('Ctrl Pts',(17.5357174388012,15.0727827346896,-32.0619852417635));
#7656=CARTESIAN_POINT('Ctrl Pts',(17.633028631614,15.0727827298987,-32.0845231237607));
#7657=CARTESIAN_POINT('Ctrl Pts',(17.7303398182963,15.0727827252274,-32.1070610321932));
#7658=CARTESIAN_POINT('Ctrl Pts',(17.8276509991583,15.0727827206681,-32.1295989657864));
#7659=CARTESIAN_POINT('Ctrl Pts',(17.5432098794229,15.0726848034688,-32.0295035962645));
#7660=CARTESIAN_POINT('Ctrl Pts',(17.6405626437296,15.0726847986807,-32.0518612283443));
#7661=CARTESIAN_POINT('Ctrl Pts',(17.7379154019563,15.0726847940121,-32.0742188868632));
#7662=CARTESIAN_POINT('Ctrl Pts',(17.8352681544111,15.0726847894553,-32.0965765705462));
#7663=CARTESIAN_POINT('Ctrl Pts',(17.5506150231865,15.0725868722249,-31.9969879043183));
#7664=CARTESIAN_POINT('Ctrl Pts',(17.6480088745567,15.0725868674394,-32.0191650975312));
#7665=CARTESIAN_POINT('Ctrl Pts',(17.745402719905,15.0725868627733,-32.0413423171886));
#7666=CARTESIAN_POINT('Ctrl Pts',(17.8427965595223,15.0725868582191,-32.0635195620123));
#7667=CARTESIAN_POINT('Ctrl Pts',(17.749507631824,15.0699565653459,-31.1236583647478));
#7668=CARTESIAN_POINT('Ctrl Pts',(17.8480056162803,15.0699565606701,-31.1409893294308));
#7669=CARTESIAN_POINT('Ctrl Pts',(17.9465018247565,15.0699565561121,-31.1583199795928));
#7670=CARTESIAN_POINT('Ctrl Pts',(18.0449998001412,15.0699565516623,-31.1756509958739));
#7671=CARTESIAN_POINT('Ctrl Pts',(17.8830814240333,15.0673469956493,-30.2342967724484));
#7672=CARTESIAN_POINT('Ctrl Pts',(17.9823201119224,15.0673469908649,-30.2466922682001));
#7673=CARTESIAN_POINT('Ctrl Pts',(18.0815581691898,15.0673469861998,-30.2590877489514));
#7674=CARTESIAN_POINT('Ctrl Pts',(18.1807968504963,15.0673469816467,-30.2714832972835));
#7675=CARTESIAN_POINT('Ctrl Pts',(17.983003389951,15.0634197437843,-28.9000235107375));
#7676=CARTESIAN_POINT('Ctrl Pts',(18.0827960932427,15.0634197390159,-28.9050147331253));
#7677=CARTESIAN_POINT('Ctrl Pts',(18.1825888768581,15.063419734367,-28.9100059888965));
#7678=CARTESIAN_POINT('Ctrl Pts',(18.2823815775162,15.0634197298291,-28.9149972640724));
#7679=CARTESIAN_POINT('Ctrl Pts',(17.9998839229799,15.0621111282274,-28.4526137313629));
#7680=CARTESIAN_POINT('Ctrl Pts',(18.0997703043337,15.0621111234894,-28.455122173871));
#7681=CARTESIAN_POINT('Ctrl Pts',(18.1996565137228,15.0621111188698,-28.4576306162813));
#7682=CARTESIAN_POINT('Ctrl Pts',(18.2995428937514,15.0621111143607,-28.4601391114581));
#7683=CARTESIAN_POINT('Ctrl Pts',(18.0001085018798,15.0594926908251,-27.5563923687578));
#7684=CARTESIAN_POINT('Ctrl Pts',(18.0999959669885,15.0594926860875,-27.5539274184005));
#7685=CARTESIAN_POINT('Ctrl Pts',(18.199883264774,15.0594926814684,-27.5514625199069));
#7686=CARTESIAN_POINT('Ctrl Pts',(18.2997707311832,15.0594926769598,-27.5489976222164));
#7687=CARTESIAN_POINT('Ctrl Pts',(17.9834489370659,15.0581839098687,-27.1088860820537));
#7688=CARTESIAN_POINT('Ctrl Pts',(18.0832437936978,15.058183905101,-27.1039378013591));
#7689=CARTESIAN_POINT('Ctrl Pts',(18.1830387210027,15.0581839004527,-27.0989895400707));
#7690=CARTESIAN_POINT('Ctrl Pts',(18.2828335802437,15.0581838959154,-27.0940413121619));
#7691=CARTESIAN_POINT('Ctrl Pts',(17.8841751098159,15.054256602082,-25.7744664359651));
#7692=CARTESIAN_POINT('Ctrl Pts',(17.9834190485312,15.054256597298,-25.762113095475));
#7693=CARTESIAN_POINT('Ctrl Pts',(18.0826623941671,15.0542565926334,-25.7497598204668));
#7694=CARTESIAN_POINT('Ctrl Pts',(18.1819063394406,15.0542565880806,-25.7374065325578));
#7695=CARTESIAN_POINT('Ctrl Pts',(17.7510608239522,15.0516474783838,-24.8851690212568));
#7696=CARTESIAN_POINT('Ctrl Pts',(17.8495662893776,15.0516474737078,-24.8678806927256));
#7697=CARTESIAN_POINT('Ctrl Pts',(17.9480700635271,15.0516474691496,-24.8505927150311));
#7698=CARTESIAN_POINT('Ctrl Pts',(18.0465755380001,15.0516474646996,-24.8333044381034));
#7699=CARTESIAN_POINT('Ctrl Pts',(17.5525920748788,15.0490168115759,-24.011703189044));
#7700=CARTESIAN_POINT('Ctrl Pts',(17.6499954515116,15.0490168067895,-23.9895678687601));
#7701=CARTESIAN_POINT('Ctrl Pts',(17.7473988341548,15.0490168021226,-23.967432574926));
#7702=CARTESIAN_POINT('Ctrl Pts',(17.8448022225178,15.0490167975675,-23.9452973062632));
#7703=CARTESIAN_POINT('Ctrl Pts',(17.5452033632127,15.0489188755601,-23.9791852877931));
#7704=CARTESIAN_POINT('Ctrl Pts',(17.6425657317945,15.0489188707711,-23.956869517313));
#7705=CARTESIAN_POINT('Ctrl Pts',(17.7399281064299,15.0489188661017,-23.9345537732802));
#7706=CARTESIAN_POINT('Ctrl Pts',(17.8372904868407,15.0489188615441,-23.9122380544137));
#7707=CARTESIAN_POINT('Ctrl Pts',(17.5377273268085,15.0488209395855,-23.9467013038191));
#7708=CARTESIAN_POINT('Ctrl Pts',(17.6350482027419,15.0488209347937,-23.9242052713436));
#7709=CARTESIAN_POINT('Ctrl Pts',(17.7323690847798,15.0488209301216,-23.9017092653115));
#7710=CARTESIAN_POINT('Ctrl Pts',(17.8296899726412,15.0488209255614,-23.8792132844421));
#7711=CARTESIAN_POINT('Ctrl Pts',(17.5301645357724,15.0487230036135,-23.9142526573127));
#7712=CARTESIAN_POINT('Ctrl Pts',(17.6274434376236,15.0487229988189,-23.8915765589234));
#7713=CARTESIAN_POINT('Ctrl Pts',(17.7247223456373,15.0487229941441,-23.8689004869725));
#7714=CARTESIAN_POINT('Ctrl Pts',(17.8220012595156,15.0487229895812,-23.8462244401822));
#7715=CARTESIAN_POINT('',(17.9999999999999,15.0607887516534,-28.));
#7716=CARTESIAN_POINT('Ctrl Pts',(17.5281382735227,15.0728806659258,-32.0944314213658));
#7717=CARTESIAN_POINT('Ctrl Pts',(17.5433024221635,15.0726847282777,-32.0295141552493));
#7718=CARTESIAN_POINT('Ctrl Pts',(17.5581062758899,15.0724889441609,-31.9645111616934));
#7719=CARTESIAN_POINT('Ctrl Pts',(17.5725490832924,15.072293395658,-31.8994254339936));
#7720=CARTESIAN_POINT('Ctrl Pts',(17.8563350701181,15.0684510730885,-30.6205592863884));
#7721=CARTESIAN_POINT('Ctrl Pts',(17.999668267944,15.064629751133,-29.3145260134436));
#7722=CARTESIAN_POINT('Ctrl Pts',(17.9999998082835,15.0607976155782,-28.0030335493606));
#7723=CARTESIAN_POINT('Ctrl Pts',(17.9999999999999,15.0607931836081,-28.0015167720679));
#7724=CARTESIAN_POINT('Ctrl Pts',(17.9999999999999,15.0607887516534,-28.));
#7725=CARTESIAN_POINT('Ctrl Pts',(17.9999999999999,15.0607887516534,-28.));
#7726=CARTESIAN_POINT('Ctrl Pts',(17.9999999999999,15.0569653278939,-26.6914887997595));
#7727=CARTESIAN_POINT('Ctrl Pts',(17.8573165191264,15.0531487085805,-25.3868661226968));
#7728=CARTESIAN_POINT('Ctrl Pts',(17.5744787325824,15.0493103267714,-24.1092806220432));
#7729=CARTESIAN_POINT('Ctrl Pts',(17.5600681697923,15.0491147615227,-24.0441877421217));
#7730=CARTESIAN_POINT('Ctrl Pts',(17.5452965208276,15.048918958474,-23.9791774226706));
#7731=CARTESIAN_POINT('Ctrl Pts',(17.5301645357851,15.0487230036135,-23.9142526573098));
#7732=CARTESIAN_POINT('Origin',(4.89999999999999,12.0000000000003,16.));
#7733=CARTESIAN_POINT('',(4.89999999999999,13.1000000000003,16.));
#7734=CARTESIAN_POINT('',(2.44999999999998,13.1000000000003,16.));
#7735=CARTESIAN_POINT('',(4.89999999999999,12.0000000000003,16.));
#7736=CARTESIAN_POINT('',(4.89999999999999,12.0000000000003,16.));
#7737=CARTESIAN_POINT('',(2.45,12.0000000000003,16.));
#7738=CARTESIAN_POINT('Ctrl Pts',(-10.4,4.71688750929761,55.3940701806567));
#7739=CARTESIAN_POINT('Ctrl Pts',(-10.4023970880873,4.71661070367505,55.3933206297401));
#7740=CARTESIAN_POINT('Ctrl Pts',(-10.4047912613294,4.71633883599676,55.3925681380633));
#7741=CARTESIAN_POINT('Ctrl Pts',(-10.9861363305592,4.64900185177697,55.2112673587485));
#7742=CARTESIAN_POINT('Ctrl Pts',(-11.5620746322241,4.69408650855375,54.9594311685333));
#7743=CARTESIAN_POINT('Ctrl Pts',(-12.0475456446852,4.78939405915704,54.7003298685585));
#7744=CARTESIAN_POINT('Ctrl Pts',(-10.4,4.71688750929761,55.3940701806567));
#7745=CARTESIAN_POINT('Ctrl Pts',(-10.402059922484,4.71657007562787,55.3930305889406));
#7746=CARTESIAN_POINT('Ctrl Pts',(-10.4043264567176,4.71610265343365,55.3921079212539));
#7747=CARTESIAN_POINT('Ctrl Pts',(-10.9187166584691,4.62830681072468,55.148881831702));
#7748=CARTESIAN_POINT('Ctrl Pts',(-11.4312935972216,4.56976557009115,54.8731400663682));
#7749=CARTESIAN_POINT('Ctrl Pts',(-11.9222691671886,4.55948364421127,54.6385896218139));
#7750=CARTESIAN_POINT('Ctrl Pts',(-10.4,4.71688750929761,55.3940701806567));
#7751=CARTESIAN_POINT('Ctrl Pts',(-10.4018649391244,4.71642545563521,55.3928190039538));
#7752=CARTESIAN_POINT('Ctrl Pts',(-10.4037280488078,4.71596533088659,55.3915730504797));
#7753=CARTESIAN_POINT('Ctrl Pts',(-10.8549809182569,4.60424323883608,55.0890452487406));
#7754=CARTESIAN_POINT('Ctrl Pts',(-11.2962040878545,4.486035722948,54.7689558261924));
#7755=CARTESIAN_POINT('Ctrl Pts',(-11.7423841806394,4.38405501858833,54.4928063400583));
#7756=CARTESIAN_POINT('Ctrl Pts',(-10.4,4.71688750929761,55.3940701806567));
#7757=CARTESIAN_POINT('Ctrl Pts',(-10.4015980587203,4.71633389805406,55.3925710788277));
#7758=CARTESIAN_POINT('Ctrl Pts',(-10.4031956967526,4.71578014272543,55.3910715868365));
#7759=CARTESIAN_POINT('Ctrl Pts',(-10.7899234952128,4.58174400505602,55.0281204700211));
#7760=CARTESIAN_POINT('Ctrl Pts',(-11.1584688140226,4.44222637092963,54.6503262273511));
#7761=CARTESIAN_POINT('Ctrl Pts',(-11.5612578979305,4.31515330840312,54.3062301442879));
#7762=CARTESIAN_POINT('',(-11.5612578979305,4.31515330842568,54.3062301443489));
#7763=CARTESIAN_POINT('',(-12.0475456446852,4.78939405915704,54.7003298685585));
#7764=CARTESIAN_POINT('Origin',(-11.5612578979305,5.25323011458752,53.9598027988042));
#7765=CARTESIAN_POINT('',(-10.4,4.7168875092976,55.3940701806567));
#7766=CARTESIAN_POINT('Ctrl Pts',(-12.0475456446852,4.78939405915704,54.7003298685585));
#7767=CARTESIAN_POINT('Ctrl Pts',(-11.5620746322241,4.69408650855375,54.9594311685333));
#7768=CARTESIAN_POINT('Ctrl Pts',(-10.9861363305592,4.64900185177697,55.2112673587485));
#7769=CARTESIAN_POINT('Ctrl Pts',(-10.4047912613294,4.71633883599676,55.3925681380633));
#7770=CARTESIAN_POINT('Ctrl Pts',(-10.4023970880873,4.71661070367505,55.3933206297401));
#7771=CARTESIAN_POINT('Ctrl Pts',(-10.4,4.71688750929761,55.3940701806567));
#7772=CARTESIAN_POINT('Ctrl Pts',(-10.4,4.71688750929761,55.3940701806567));
#7773=CARTESIAN_POINT('Ctrl Pts',(-10.4015980587203,4.71633389805406,55.3925710788277));
#7774=CARTESIAN_POINT('Ctrl Pts',(-10.4031956967526,4.71578014272543,55.3910715868365));
#7775=CARTESIAN_POINT('Ctrl Pts',(-10.7899234952128,4.58174400505602,55.0281204700211));
#7776=CARTESIAN_POINT('Ctrl Pts',(-11.1584688140226,4.44222637092963,54.6503262273511));
#7777=CARTESIAN_POINT('Ctrl Pts',(-11.5612578979305,4.31515330840312,54.3062301442879));
#7778=CARTESIAN_POINT('Ctrl Pts',(-12.0475456446852,4.78939405915703,54.7003298685585));
#7779=CARTESIAN_POINT('Ctrl Pts',(-12.368889062593,4.85248012047672,54.5288252983935));
#7780=CARTESIAN_POINT('Ctrl Pts',(-12.9123256684597,4.97765095040717,54.1913238080506));
#7781=CARTESIAN_POINT('Ctrl Pts',(-13.3830737848114,5.07850424709553,53.9670195523978));
#7782=CARTESIAN_POINT('Ctrl Pts',(-13.6112222695416,5.13450913841864,53.8922748113292));
#7783=CARTESIAN_POINT('Ctrl Pts',(-11.9759590861148,4.6580166791916,54.6650497275644));
#7784=CARTESIAN_POINT('Ctrl Pts',(-12.2965337468632,4.68824991090217,54.5077732084774));
#7785=CARTESIAN_POINT('Ctrl Pts',(-12.8629728819037,4.75576012290182,54.2123066576403));
#7786=CARTESIAN_POINT('Ctrl Pts',(-13.3638542362276,4.83654249915531,54.0395013771534));
#7787=CARTESIAN_POINT('Ctrl Pts',(-13.6014221750958,4.88729067840095,53.990908292336));
#7788=CARTESIAN_POINT('Ctrl Pts',(-11.8200405221116,4.45760079649953,54.5565485344358));
#7789=CARTESIAN_POINT('Ctrl Pts',(-12.1254047248132,4.4311945999821,54.404643487143));
#7790=CARTESIAN_POINT('Ctrl Pts',(-12.7023327066709,4.37909991988689,54.1353419938828));
#7791=CARTESIAN_POINT('Ctrl Pts',(-13.2687152089243,4.37291228307282,54.0065426723319));
#7792=CARTESIAN_POINT('Ctrl Pts',(-13.5428739536551,4.38786006139824,53.9833320582743));
#7793=CARTESIAN_POINT('Ctrl Pts',(-11.6388834476625,4.34468261277709,54.3861913710649));
#7794=CARTESIAN_POINT('Ctrl Pts',(-11.9171104101816,4.28420746508395,54.2118399216776));
#7795=CARTESIAN_POINT('Ctrl Pts',(-12.4755520728448,4.14708886525346,53.8895488142002));
#7796=CARTESIAN_POINT('Ctrl Pts',(-13.1139050261311,4.05030633676021,53.7111313680561));
#7797=CARTESIAN_POINT('Ctrl Pts',(-13.4428294611332,4.02772503969777,53.6692127640658));
#7798=CARTESIAN_POINT('Ctrl Pts',(-11.5612578979304,4.31515330841117,54.3062301443097));
#7799=CARTESIAN_POINT('Ctrl Pts',(-11.8278724178449,4.24606104709467,54.1191379627363));
#7800=CARTESIAN_POINT('Ctrl Pts',(-12.3784419528988,4.08482187920399,53.7657352810573));
#7801=CARTESIAN_POINT('Ctrl Pts',(-13.0476381214852,3.9591562963496,53.5569092462309));
#7802=CARTESIAN_POINT('Ctrl Pts',(-13.4000000004651,3.92604784063243,53.5026834304209));
#7803=CARTESIAN_POINT('',(-13.4,5.08450136485654,53.9706936717328));
#7804=CARTESIAN_POINT('',(-13.400000000448,3.92604784059193,53.5026834303546));
#7805=CARTESIAN_POINT('Ctrl Pts',(-13.4,5.08450136485654,53.9706936717328));
#7806=CARTESIAN_POINT('Ctrl Pts',(-13.4,4.96458788817348,54.0047249273612));
#7807=CARTESIAN_POINT('Ctrl Pts',(-13.4,4.83930713135233,54.0150022559711));
#7808=CARTESIAN_POINT('Ctrl Pts',(-13.4,4.58127111609791,53.988645270375));
#7809=CARTESIAN_POINT('Ctrl Pts',(-13.4,4.4509490521365,53.9484186573838));
#7810=CARTESIAN_POINT('Ctrl Pts',(-13.4,4.24988186350458,53.8413369522213));
#7811=CARTESIAN_POINT('Ctrl Pts',(-13.4000000000475,4.17382030276987,53.7869421378384));
#7812=CARTESIAN_POINT('Ctrl Pts',(-13.4000000000475,4.03627945655089,53.6582825207486));
#7813=CARTESIAN_POINT('Ctrl Pts',(-13.4,3.97572007181712,53.5840377914401));
#7814=CARTESIAN_POINT('Ctrl Pts',(-13.4,3.92604784067613,53.5026834304925));
#7815=CARTESIAN_POINT('Ctrl Pts',(-13.4000794931808,5.0844768964244,53.9708720799771));
#7816=CARTESIAN_POINT('Ctrl Pts',(-13.237763990979,5.04716952562597,54.0380855275764));
#7817=CARTESIAN_POINT('Ctrl Pts',(-12.8294283768215,4.95855705301173,54.2428071994366));
#7818=CARTESIAN_POINT('Ctrl Pts',(-12.368889062593,4.85248012047672,54.5288252983935));
#7819=CARTESIAN_POINT('Ctrl Pts',(-12.0475456446852,4.78939405915703,54.7003298685585));
#7820=CARTESIAN_POINT('Ctrl Pts',(-11.5612578979304,4.31515330841117,54.3062301443097));
#7821=CARTESIAN_POINT('Ctrl Pts',(-11.8278724178449,4.24606104709467,54.1191379627363));
#7822=CARTESIAN_POINT('Ctrl Pts',(-12.3784419528988,4.08482187920399,53.7657352810573));
#7823=CARTESIAN_POINT('Ctrl Pts',(-13.0476381214852,3.9591562963496,53.5569092462309));
#7824=CARTESIAN_POINT('Ctrl Pts',(-13.4000000004651,3.92604784063243,53.5026834304209));
#7825=CARTESIAN_POINT('Origin',(-10.1,2.59475850026401E-14,55.8997959336351));
#7826=CARTESIAN_POINT('',(-10.1,4.31515330844824,54.30623014441));
#7827=CARTESIAN_POINT('',(-10.1,4.31515330844824,54.30623014441));
#7828=CARTESIAN_POINT('',(-10.1,-3.66499608011166,58.6796886892582));
#7829=CARTESIAN_POINT('Origin',(-10.1,2.59475850026401E-14,55.8997959336351));
#7830=CARTESIAN_POINT('',(-13.4,-3.66499608011166,58.6796886892582));
#7831=CARTESIAN_POINT('',(-10.1,-3.66499608011166,58.6796886892582));
#7832=CARTESIAN_POINT('Origin',(-13.4,2.59475850026401E-14,55.8997959336351));
#7833=CARTESIAN_POINT('Origin',(-10.1,4.31515330844824,54.30623014441));
#7834=CARTESIAN_POINT('',(-10.4,7.60000000000028,63.2011356228272));
#7835=CARTESIAN_POINT('',(-10.4,3.76335228765558,52.812030145528));
#7836=CARTESIAN_POINT('',(-10.1,7.60000000000028,63.2011356228272));
#7837=CARTESIAN_POINT('',(-11.6702255677329,7.60000000000028,63.2011356228272));
#7838=CARTESIAN_POINT('',(-10.1,-4.23406042726618,31.1561548944641));
#7839=CARTESIAN_POINT('Ctrl Pts',(-10.4,3.68415011643738,54.7449879212996));
#7840=CARTESIAN_POINT('Ctrl Pts',(-11.4138521563975,3.68415011643738,54.7449879212996));
#7841=CARTESIAN_POINT('Ctrl Pts',(-13.1762159339485,4.37946484777749,54.360378617929));
#7842=CARTESIAN_POINT('Ctrl Pts',(-13.9406523674137,5.90295426160239,53.5182761749828));
#7843=CARTESIAN_POINT('Ctrl Pts',(-14.0183658288426,6.58012650346931,53.1441025296571));
#7844=CARTESIAN_POINT('Ctrl Pts',(-10.4,3.90180815926286,54.7242913474761));
#7845=CARTESIAN_POINT('Ctrl Pts',(-11.3565154639591,3.90180815926286,54.7242913474761));
#7846=CARTESIAN_POINT('Ctrl Pts',(-13.0210849029855,4.5521361772365,54.3605676237825));
#7847=CARTESIAN_POINT('Ctrl Pts',(-13.7542802327538,5.9893142945025,53.558263595634));
#7848=CARTESIAN_POINT('Ctrl Pts',(-13.8315564828529,6.63060454359004,53.2005995598757));
#7849=CARTESIAN_POINT('Ctrl Pts',(-10.4,4.35029633658199,54.8312220457872));
#7850=CARTESIAN_POINT('Ctrl Pts',(-11.2594722965724,4.35029633658199,54.8312220457872));
#7851=CARTESIAN_POINT('Ctrl Pts',(-12.7564600841575,4.92373954344999,54.496621970793));
#7852=CARTESIAN_POINT('Ctrl Pts',(-13.4299730776705,6.20764111513913,53.7516982874996));
#7853=CARTESIAN_POINT('Ctrl Pts',(-13.5043938775769,6.7840161320533,53.418163314919));
#7854=CARTESIAN_POINT('Ctrl Pts',(-10.4,4.64114469613684,55.1889692347077));
#7855=CARTESIAN_POINT('Ctrl Pts',(-11.2353780457995,4.64114469613684,55.1889692347077));
#7856=CARTESIAN_POINT('Ctrl Pts',(-12.688197716551,5.20398551075827,54.846826266678));
#7857=CARTESIAN_POINT('Ctrl Pts',(-13.3198028934903,6.43869329734236,54.0992638582398));
#7858=CARTESIAN_POINT('Ctrl Pts',(-13.3844929190897,6.98792496622464,53.7673758873946));
#7859=CARTESIAN_POINT('Ctrl Pts',(-10.4,4.71688750929761,55.3940701806567));
#7860=CARTESIAN_POINT('Ctrl Pts',(-11.2448242075355,4.71688750929761,55.3940701806567));
#7861=CARTESIAN_POINT('Ctrl Pts',(-12.7108780831418,5.29308209347404,55.0412487636496));
#7862=CARTESIAN_POINT('Ctrl Pts',(-13.3287812100998,6.53605389696056,54.2801394352225));
#7863=CARTESIAN_POINT('Ctrl Pts',(-13.3872152090469,7.08458051066494,53.9442599555675));
#7864=CARTESIAN_POINT('',(-13.4,7.00000000000002,53.792364841952));
#7865=CARTESIAN_POINT('Ctrl Pts',(-13.4,7.00000000000001,53.792364841952));
#7866=CARTESIAN_POINT('Ctrl Pts',(-13.4,6.4643220475468,53.7867369021149));
#7867=CARTESIAN_POINT('Ctrl Pts',(-13.4000000000159,5.92054528507725,53.7959577317979));
#7868=CARTESIAN_POINT('Ctrl Pts',(-13.4000000000159,5.31022884726943,53.9130713949483));
#7869=CARTESIAN_POINT('Ctrl Pts',(-13.4,5.19969818608319,53.9380009954867));
#7870=CARTESIAN_POINT('Ctrl Pts',(-13.4,5.08450136485654,53.9706936717328));
#7871=CARTESIAN_POINT('',(-13.3766019335711,7.00000000000002,53.9960511671538));
#7872=CARTESIAN_POINT('Ctrl Pts',(-13.3765553988567,6.99999738845008,53.996052766285));
#7873=CARTESIAN_POINT('Ctrl Pts',(-13.3787933337531,7.00000450145293,53.945092266718));
#7874=CARTESIAN_POINT('Ctrl Pts',(-13.3838427425425,7.00000156550695,53.8940646659515));
#7875=CARTESIAN_POINT('Ctrl Pts',(-13.3915718613483,6.9999992863488,53.8433553090228));
#7876=CARTESIAN_POINT('Ctrl Pts',(-13.3941665192546,6.99999852123756,53.8263322256434));
#7877=CARTESIAN_POINT('Ctrl Pts',(-13.3970635757765,6.99999772962838,53.8093450547926));
#7878=CARTESIAN_POINT('Ctrl Pts',(-13.400259300832,6.99999691472378,53.7924086395402));
#7879=CARTESIAN_POINT('Origin',(-10.4,7.32511872566333,53.7969711121963));
#7880=CARTESIAN_POINT('Origin',(-10.4,6.57758270620877,51.7727481090769));
#7881=CARTESIAN_POINT('',(-13.3385743284167,7.00000000000002,54.6600225561972));
#7882=CARTESIAN_POINT('Origin',(-10.4,7.00000000000002,52.9165950686276));
#7883=CARTESIAN_POINT('',(-13.3328009672276,9.96859008035329,62.7777548922714));
#7884=CARTESIAN_POINT('Ctrl Pts',(-13.3328009672276,9.96859008035329,62.7777548922713));
#7885=CARTESIAN_POINT('Ctrl Pts',(-13.3357517636218,8.4857545921461,58.7228799294522));
#7886=CARTESIAN_POINT('Ctrl Pts',(-13.3385743284167,7.00000000000002,54.6600225561972));
#7887=CARTESIAN_POINT('Origin',(-10.4,10.6000000000003,62.6648916343874));
#7888=CARTESIAN_POINT('Origin',(-10.4,10.6000000000003,61.3468723587416));
#7889=CARTESIAN_POINT('',(-13.4,10.6000000000003,64.5043714285047));
#7890=CARTESIAN_POINT('Origin',(-10.4,10.6000000000003,64.5043714285047));
#7891=CARTESIAN_POINT('',(-13.4,10.6000000000003,70.7194177836131));
#7892=CARTESIAN_POINT('',(-13.4,10.6000000000003,61.3468723587416));
#7893=CARTESIAN_POINT('',(-10.4,7.60000000000028,69.4650205593365));
#7894=CARTESIAN_POINT('Ctrl Pts',(-13.4,10.6000000000003,70.7194177836131));
#7895=CARTESIAN_POINT('Ctrl Pts',(-13.4,10.2331315058082,70.7194177836131));
#7896=CARTESIAN_POINT('Ctrl Pts',(-13.3326882548196,9.87090041253372,70.6941845515179));
#7897=CARTESIAN_POINT('Ctrl Pts',(-13.0696747850095,9.1811595140427,70.5938592401417));
#7898=CARTESIAN_POINT('Ctrl Pts',(-12.8735635679083,8.86355231780535,70.5185326333036));
#7899=CARTESIAN_POINT('Ctrl Pts',(-12.3675113900035,8.30191500829013,70.3184135063223));
#7900=CARTESIAN_POINT('Ctrl Pts',(-12.0566801351934,8.07050582919303,70.1928693241325));
#7901=CARTESIAN_POINT('Ctrl Pts',(-11.5113774527484,7.80407206201958,69.9631637147283));
#7902=CARTESIAN_POINT('Ctrl Pts',(-11.2968390830301,7.72838161398313,69.870805630398));
#7903=CARTESIAN_POINT('Ctrl Pts',(-10.8566727682451,7.62627740287566,69.675961511546));
#7904=CARTESIAN_POINT('Ctrl Pts',(-10.6319221559097,7.60060583082446,69.573801091201));
#7905=CARTESIAN_POINT('Ctrl Pts',(-10.4053156249031,7.60000353175134,69.4675151298292));
#7906=CARTESIAN_POINT('Ctrl Pts',(-10.4026577250156,7.60000000000028,69.4662680315998));
#7907=CARTESIAN_POINT('Ctrl Pts',(-10.4,7.60000000000028,69.4650205593365));
#7908=CARTESIAN_POINT('',(-10.4,7.60000000000028,61.3468723587416));
#7909=CARTESIAN_POINT('Origin',(-6.14941617715219,10.6000000000003,64.3472644071746));
#7910=CARTESIAN_POINT('',(-7.00066395214111,10.6000000000003,73.9623921572658));
#7911=CARTESIAN_POINT('Origin',(-6.14941617715219,10.6000000000003,64.3472644071746));
#7912=CARTESIAN_POINT('',(-6.99674398683582,10.0000000000003,73.9018897102182));
#7913=CARTESIAN_POINT('Ctrl Pts',(-6.99674398683582,10.0000000000003,73.9018897102182));
#7914=CARTESIAN_POINT('Ctrl Pts',(-7.00037204400135,10.1902167608996,73.9405481821649));
#7915=CARTESIAN_POINT('Ctrl Pts',(-7.00066395214111,10.3915480679191,73.9623921572658));
#7916=CARTESIAN_POINT('Ctrl Pts',(-7.00066395214111,10.6000000000003,73.9623921572658));
#7917=CARTESIAN_POINT('',(-10.1,10.0000000156963,73.0880719602676));
#7918=CARTESIAN_POINT('Origin',(-6.14941617715219,10.0000000000003,64.3472644071746));
#7919=CARTESIAN_POINT('',(-10.1,7.60000000000028,69.6999999999999));
#7920=CARTESIAN_POINT('Ctrl Pts',(-10.1,10.0000000164435,73.088071956919));
#7921=CARTESIAN_POINT('Ctrl Pts',(-10.1,9.81029139444956,73.0455762918957));
#7922=CARTESIAN_POINT('Ctrl Pts',(-10.1,9.62574552962157,72.9820708651263));
#7923=CARTESIAN_POINT('Ctrl Pts',(-10.1,9.10957696374361,72.7492445379493));
#7924=CARTESIAN_POINT('Ctrl Pts',(-10.1,8.73689061966081,72.4707911405892));
#7925=CARTESIAN_POINT('Ctrl Pts',(-10.1,8.21710526429917,71.8886586971537));
#7926=CARTESIAN_POINT('Ctrl Pts',(-10.1,7.97923427584054,71.4818123542199));
#7927=CARTESIAN_POINT('Ctrl Pts',(-10.1,7.68563755209126,70.6890438316623));
#7928=CARTESIAN_POINT('Ctrl Pts',(-10.1,7.60000000000028,70.1526532067437));
#7929=CARTESIAN_POINT('Ctrl Pts',(-10.1,7.60000000000028,69.6999999999999));
#7930=CARTESIAN_POINT('Origin',(-6.14941617715219,7.60000000000028,64.3472644071746));
#7931=CARTESIAN_POINT('Origin',(-13.4,1.50000000000016,51.9498979668175));
#7932=CARTESIAN_POINT('',(-13.4,12.5000000000003,69.6999999999999));
#7933=CARTESIAN_POINT('',(-13.4,6.57420273875209,53.4956623371424));
#7934=CARTESIAN_POINT('',(-13.4,12.5000000000003,70.7194177836131));
#7935=CARTESIAN_POINT('',(-13.4,12.5000000000003,61.3468723587416));
#7936=CARTESIAN_POINT('',(-13.4,10.0000000000003,70.7194177836131));
#7937=CARTESIAN_POINT('Origin',(-13.2404511354658,7.60000000000028,70.7438467506657));
#7938=CARTESIAN_POINT('',(-10.1,7.60000000000028,35.1219233753328));
#7939=CARTESIAN_POINT('Origin',(3.60003601322732,15.0000000000003,11.8250000000909));
#7940=CARTESIAN_POINT('',(3.1000360130298,14.5000000000003,59.3999999998693));
#7941=CARTESIAN_POINT('',(4.1000360130298,15.5000000000003,59.3999999998734));
#7942=CARTESIAN_POINT('',(3.1000360130298,14.5000000000003,59.3999999998693));
#7943=CARTESIAN_POINT('',(4.10003601306197,15.5000000000003,51.650000000169));
#7944=CARTESIAN_POINT('',(4.10003601322731,15.5000000000003,11.825000000093));
#7945=CARTESIAN_POINT('',(3.10003601306198,14.5000000000003,51.6500000001648));
#7946=CARTESIAN_POINT('',(4.10003601306197,15.5000000000003,51.650000000169));
#7947=CARTESIAN_POINT('',(3.10003601322732,14.5000000000003,11.8250000000888));
#7948=CARTESIAN_POINT('Origin',(3.60119011329419E-5,15.0000000000003,59.3999999998564));
#7949=CARTESIAN_POINT('',(-3.09996398922753,14.5000000000003,59.3999999998435));
#7950=CARTESIAN_POINT('',(-4.09996398922753,15.5000000000003,59.3999999998394));
#7951=CARTESIAN_POINT('',(-3.09996398922753,14.5000000000003,59.3999999998435));
#7952=CARTESIAN_POINT('Origin',(3.60119011312765E-5,15.5000000000003,59.3999999998564));
#7953=CARTESIAN_POINT('Origin',(3.60119011346072E-5,14.5000000000003,59.3999999998564));
#7954=CARTESIAN_POINT('Origin',(-3.59996398904611,15.0000000000003,15.6999999999132));
#7955=CARTESIAN_POINT('',(-3.09996398919536,14.5000000000003,51.6500000001391));
#7956=CARTESIAN_POINT('',(-4.09996398919536,15.5000000000003,51.650000000135));
#7957=CARTESIAN_POINT('',(-3.09996398919536,14.5000000000003,51.6500000001391));
#7958=CARTESIAN_POINT('',(-4.09996398904611,15.5000000000003,15.6999999999112));
#7959=CARTESIAN_POINT('',(-3.09996398904611,14.5000000000003,15.6999999999153));
#7960=CARTESIAN_POINT('Origin',(3.60119011312909E-5,15.5000000000003,59.3999999998564));
#7961=CARTESIAN_POINT('',(3.10003601302981,13.1000000000003,59.3999999998693));
#7962=CARTESIAN_POINT('',(3.1000360130298,15.5000000000003,59.3999999998693));
#7963=CARTESIAN_POINT('',(-3.09996398922753,13.1000000000003,59.3999999998435));
#7964=CARTESIAN_POINT('Origin',(3.60119011392499E-5,13.1000000000003,59.3999999998564));
#7965=CARTESIAN_POINT('',(-3.09996398922754,15.5000000000003,59.3999999998435));
#7966=CARTESIAN_POINT('Origin',(3.10003601306197,15.5000000000003,51.6500000001648));
#7967=CARTESIAN_POINT('',(3.10003601306198,13.1000000000003,51.6500000001648));
#7968=CARTESIAN_POINT('',(3.10003601306197,15.5000000000003,51.6500000001648));
#7969=CARTESIAN_POINT('',(3.10003601305394,13.1000000000003,53.5875000000909));
#7970=CARTESIAN_POINT('Origin',(-6.14941617715219,10.0000000000003,64.3472644071746));
#7971=CARTESIAN_POINT('',(1.52657174008089,12.5000000000003,70.1999999999992));
#7972=CARTESIAN_POINT('Origin',(-6.14941617715219,12.5000000000003,64.3472644071746));
#7973=CARTESIAN_POINT('',(1.52657174008089,10.0000000000003,70.1999999999992));
#7974=CARTESIAN_POINT('',(1.52657174007863,10.0000000000003,70.1999999999999));
#7975=CARTESIAN_POINT('',(-4.90443754209822,10.0000000000003,73.9193766413295));
#7976=CARTESIAN_POINT('Origin',(-6.14941617715219,10.0000000000003,64.3472644071746));
#7977=CARTESIAN_POINT('',(-4.90443754209822,12.0114240695003,73.9193766413295));
#7978=CARTESIAN_POINT('',(-4.90443754209822,10.0000000000003,73.9193766413295));
#7979=CARTESIAN_POINT('',(-7.00066395214112,12.0114240695003,73.9623921572658));
#7980=CARTESIAN_POINT('Origin',(-6.14941617715219,12.0114240695003,64.3472644071746));
#7981=CARTESIAN_POINT('',(-7.00066395214111,10.0000000000003,73.9623921572658));
#7982=CARTESIAN_POINT('Origin',(-13.2404511354658,12.5000000000003,70.7438467506657));
#7983=CARTESIAN_POINT('',(-10.1,12.5000000000003,69.7));
#7984=CARTESIAN_POINT('',(-12.2988323543045,12.5000000000003,69.7));
#7985=CARTESIAN_POINT('',(-2.9864465363682,12.5000000000003,70.1999999999999));
#7986=CARTESIAN_POINT('Origin',(-6.14941617715219,12.5000000000003,64.3472644071746));
#7987=CARTESIAN_POINT('',(-5.67860678657156,12.5000000000003,70.1999999999999));
#7988=CARTESIAN_POINT('Origin',(-10.1,10.0000000000003,62.8636466164536));
#7989=CARTESIAN_POINT('',(-11.5,7.00000000000002,54.6600225561972));
#7990=CARTESIAN_POINT('',(-10.1,7.00000000000002,54.6600225561972));
#7991=CARTESIAN_POINT('',(-11.5,7.09483881539837,54.9193632188133));
#7992=CARTESIAN_POINT('',(-11.5,8.32417843088215,58.2810432347493));
#7993=CARTESIAN_POINT('',(-10.1,7.09483881539837,54.9193632188133));
#7994=CARTESIAN_POINT('',(-10.1,7.09483881539837,54.9193632188133));
#7995=CARTESIAN_POINT('',(-10.1,8.43111259964559,58.5734591413264));
#7996=CARTESIAN_POINT('',(-10.1,-0.204429090092104,34.9592132815688));
#7997=CARTESIAN_POINT('',(-11.5,8.43111259964559,58.5734591413264));
#7998=CARTESIAN_POINT('',(-10.1,8.43111259964559,58.5734591413264));
#7999=CARTESIAN_POINT('',(-11.5,9.32407862365591,61.0153116611803));
#8000=CARTESIAN_POINT('',(-11.5,9.43959029342216,61.3311830989586));
#8001=CARTESIAN_POINT('',(-10.1,9.32407862365591,61.0153116611803));
#8002=CARTESIAN_POINT('',(-10.1,9.3240786236559,61.0153116611803));
#8003=CARTESIAN_POINT('',(-10.1,10.0000000000003,62.8636466164536));
#8004=CARTESIAN_POINT('',(-10.1,-0.204429090092104,34.9592132815688));
#8005=CARTESIAN_POINT('',(-10.1,6.57420273875209,53.4956623371424));
#8006=CARTESIAN_POINT('Origin',(-10.1,9.32031485765202,61.016674915684));
#8007=CARTESIAN_POINT('',(-11.5,9.32031485765202,61.016674915684));
#8008=CARTESIAN_POINT('',(-11.5,12.1404383892555,59.9952123429747));
#8009=CARTESIAN_POINT('',(-10.1,9.32031485765202,61.016674915684));
#8010=CARTESIAN_POINT('',(-10.1,9.32031485765202,61.016674915684));
#8011=CARTESIAN_POINT('',(-10.1,12.1404383892555,59.9952123429747));
#8012=CARTESIAN_POINT('Origin',(-11.5,10.2876563190813,59.2836512207396));
#8013=CARTESIAN_POINT('Origin',(-11.5,8.87759455327985,59.7943825070944));
#8014=CARTESIAN_POINT('Origin',(-10.1,8.87759455327985,59.7943825070944));
#8015=CARTESIAN_POINT('Origin',(-10.1,8.87759455327985,59.7943825070944));
#8016=CARTESIAN_POINT('Origin',(-6.14941617715219,11.4874740695003,64.3472644071746));
#8017=CARTESIAN_POINT('',(-4.90133766820228,12.0114240695003,70.8818792315956));
#8018=CARTESIAN_POINT('',(-4.90133766820228,11.8953642870356,71.));
#8019=CARTESIAN_POINT('Ctrl Pts',(-4.90133766820228,11.8953642870165,71.0000000000194));
#8020=CARTESIAN_POINT('Ctrl Pts',(-4.90133766820228,11.9539139593462,70.9404289039252));
#8021=CARTESIAN_POINT('Ctrl Pts',(-4.90133766820228,12.0114240695003,70.8818792315956));
#8022=CARTESIAN_POINT('',(-7.00133766820228,12.0114240695003,70.9452277778772));
#8023=CARTESIAN_POINT('Origin',(-6.14941617715219,12.0114240695003,64.3472644071746));
#8024=CARTESIAN_POINT('',(-7.00133766820228,11.9570991217491,71.));
#8025=CARTESIAN_POINT('Ctrl Pts',(-7.00133766820228,12.0114240695003,70.9452277778772));
#8026=CARTESIAN_POINT('Ctrl Pts',(-7.00133766820228,11.9843738726492,70.9725025287773));
#8027=CARTESIAN_POINT('Ctrl Pts',(-7.00133766820228,11.9570991217491,71.));
#8028=CARTESIAN_POINT('',(-6.03082730152423,10.9635240695003,72.046986818539));
#8029=CARTESIAN_POINT('Ctrl Pts',(-6.03082730152423,10.9635240695003,72.046986818539));
#8030=CARTESIAN_POINT('Ctrl Pts',(-6.07353324003403,10.967423683904,72.0437444860352));
#8031=CARTESIAN_POINT('Ctrl Pts',(-6.1160303099233,10.9735873181454,72.0378772504481));
#8032=CARTESIAN_POINT('Ctrl Pts',(-6.23571153628263,10.997456960109,72.0138784616938));
#8033=CARTESIAN_POINT('Ctrl Pts',(-6.3111527867006,11.0206165314081,71.989427919971));
#8034=CARTESIAN_POINT('Ctrl Pts',(-6.5219829881848,11.1088125470729,71.8947636524513));
#8035=CARTESIAN_POINT('Ctrl Pts',(-6.6414974398522,11.1936888682518,71.8021221147345));
#8036=CARTESIAN_POINT('Ctrl Pts',(-6.83678572964972,11.3932927155865,71.586499486719));
#8037=CARTESIAN_POINT('Ctrl Pts',(-6.91472599812619,11.5259131644254,71.4446204161364));
#8038=CARTESIAN_POINT('Ctrl Pts',(-6.98753416651813,11.7616182726515,71.19885511106));
#8039=CARTESIAN_POINT('Ctrl Pts',(-7.00133766820228,11.8605113679571,71.0973764706447));
#8040=CARTESIAN_POINT('Ctrl Pts',(-7.00133766820228,11.9570991217491,71.));
#8041=CARTESIAN_POINT('',(-5.80969810556461,10.9635240695003,72.0404029192077));
#8042=CARTESIAN_POINT('Origin',(-6.14941617715219,10.9635240695003,64.3472644071746));
#8043=CARTESIAN_POINT('Ctrl Pts',(-4.90133766820228,11.8953642870356,71.));
#8044=CARTESIAN_POINT('Ctrl Pts',(-4.90133766820228,11.8186974823773,71.0780042894489));
#8045=CARTESIAN_POINT('Ctrl Pts',(-4.91012679351586,11.7413959572473,71.1582738119181));
#8046=CARTESIAN_POINT('Ctrl Pts',(-4.96320309409386,11.5259131644254,71.3865157850987));
#8047=CARTESIAN_POINT('Ctrl Pts',(-5.0325641681345,11.3932927155865,71.5327806049547));
#8048=CARTESIAN_POINT('Ctrl Pts',(-5.2146780008336,11.1936888682518,71.7596400014627));
#8049=CARTESIAN_POINT('Ctrl Pts',(-5.3284690122173,11.1088125470729,71.8592279746129));
#8050=CARTESIAN_POINT('Ctrl Pts',(-5.53329367287943,11.0206165314081,71.966267947462));
#8051=CARTESIAN_POINT('Ctrl Pts',(-5.60714659483999,10.997456960109,71.9951635729624));
#8052=CARTESIAN_POINT('Ctrl Pts',(-5.725188002712,10.9735873181454,72.0262403139778));
#8053=CARTESIAN_POINT('Ctrl Pts',(-5.76726072019704,10.967423683904,72.0346255298982));
#8054=CARTESIAN_POINT('Ctrl Pts',(-5.80969810556461,10.9635240695003,72.0404029192077));
#8055=CARTESIAN_POINT('Origin',(4.44089209850063E-15,10.9635240695003,11.275));
#8056=CARTESIAN_POINT('Origin',(-5.95133766820228,10.9635240695003,71.));
#8057=CARTESIAN_POINT('Origin',(-6.14941617715219,11.4874740695003,64.3472644071746));
#8058=CARTESIAN_POINT('',(-5.96160915296206,10.9635240695003,72.9500502409159));
#8059=CARTESIAN_POINT('Ctrl Pts',(-5.96160915296206,10.9635240695003,72.9500502409159));
#8060=CARTESIAN_POINT('Ctrl Pts',(-5.84466241914328,10.9649327221178,72.9489061703699));
#8061=CARTESIAN_POINT('Ctrl Pts',(-5.72414772664795,10.9896948393949,72.9684448002474));
#8062=CARTESIAN_POINT('Ctrl Pts',(-5.50277802754721,11.0779860827296,73.0432453219773));
#8063=CARTESIAN_POINT('Ctrl Pts',(-5.40235696549589,11.1423115254539,73.099374607222));
#8064=CARTESIAN_POINT('Ctrl Pts',(-5.20351281930549,11.30903312718,73.2481644067873));
#8065=CARTESIAN_POINT('Ctrl Pts',(-5.10642695595716,11.4322720326657,73.3608655794213));
#8066=CARTESIAN_POINT('Ctrl Pts',(-4.96778338914492,11.6926780577105,73.6063150871127));
#8067=CARTESIAN_POINT('Ctrl Pts',(-4.92643914709116,11.8298713178137,73.7391562077772));
#8068=CARTESIAN_POINT('Ctrl Pts',(-4.9077757418269,11.9744075759373,73.8824824343245));
#8069=CARTESIAN_POINT('Ctrl Pts',(-4.90586684933967,11.9928350818701,73.9008169837316));
#8070=CARTESIAN_POINT('Ctrl Pts',(-4.90443754209822,12.0114240695003,73.9193766413295));
#8071=CARTESIAN_POINT('',(-5.98414758253748,10.9635240695003,72.9505127397051));
#8072=CARTESIAN_POINT('Origin',(-6.14941617715219,10.9635240695003,64.3472644071746));
#8073=CARTESIAN_POINT('Ctrl Pts',(-7.00066395214111,12.0114240695003,73.9623921572658));
#8074=CARTESIAN_POINT('Ctrl Pts',(-6.9999972326861,11.9928350819398,73.94378948832));
#8075=CARTESIAN_POINT('Ctrl Pts',(-6.99884209695819,11.9744075760195,73.9253920636773));
#8076=CARTESIAN_POINT('Ctrl Pts',(-6.99723282543637,11.9561902099754,73.9072459161315));
#8077=CARTESIAN_POINT('Ctrl Pts',(-6.98607416532424,11.8298713178137,73.7814208517705));
#8078=CARTESIAN_POINT('Ctrl Pts',(-6.95021435304677,11.6926780577105,73.6469954689225));
#8079=CARTESIAN_POINT('Ctrl Pts',(-6.82175672987668,11.4322720326657,73.3960649237634));
#8080=CARTESIAN_POINT('Ctrl Pts',(-6.72937600709995,11.30903312718,73.2794758109165));
#8081=CARTESIAN_POINT('Ctrl Pts',(-6.53680315053975,11.1423115254539,73.122653957066));
#8082=CARTESIAN_POINT('Ctrl Pts',(-6.43876925243065,11.0779860827296,73.0624522860998));
#8083=CARTESIAN_POINT('Ctrl Pts',(-6.22065449660972,10.9896948393949,72.9786333441821));
#8084=CARTESIAN_POINT('Ctrl Pts',(-6.10104280177441,10.9649327221178,72.9541672120122));
#8085=CARTESIAN_POINT('Ctrl Pts',(-5.98414758253748,10.9635240695003,72.9505127397051));
#8086=CARTESIAN_POINT('Origin',(-5.95133766820228,10.0000000000003,74.));
#8087=CARTESIAN_POINT('Origin',(-5.95133766820228,10.0000000000003,74.));
#8088=CARTESIAN_POINT('Origin',(-7.00133766820228,10.0000000000003,70.9452277778772));
#8089=CARTESIAN_POINT('',(-7.00133766820228,10.0000000000003,71.));
#8090=CARTESIAN_POINT('',(-7.00133766820228,10.0000000000003,70.9452277778772));
#8091=CARTESIAN_POINT('',(-7.00133766820228,10.0000000000003,71.));
#8092=CARTESIAN_POINT('',(-7.00133766820228,10.0000000000003,71.));
#8093=CARTESIAN_POINT('',(-7.00133766820228,10.0000000000003,70.9452277778772));
#8094=CARTESIAN_POINT('Origin',(-4.90133766820228,10.0000000000003,71.));
#8095=CARTESIAN_POINT('',(-4.90133766820228,10.0000000000003,70.8818792315956));
#8096=CARTESIAN_POINT('',(-4.90133766820228,10.0000000000003,71.));
#8097=CARTESIAN_POINT('',(-4.90133766820228,10.0000000000003,70.));
#8098=CARTESIAN_POINT('',(-4.90133766820228,10.0000000000003,70.8818792315956));
#8099=CARTESIAN_POINT('',(-4.90133766820228,10.0000000000003,71.));
#8100=CARTESIAN_POINT('Origin',(-5.95133766820228,10.0000000000003,71.));
#8101=CARTESIAN_POINT('Origin',(-5.95133766820228,10.0000000000003,71.));
#8102=CARTESIAN_POINT('Origin',(-10.1,2.75000000000016,51.9498979668175));
#8103=CARTESIAN_POINT('',(-10.1,10.0000000000003,69.7));
#8104=CARTESIAN_POINT('',(-10.1,10.0000000000003,30.8499489834088));
#8105=CARTESIAN_POINT('',(-10.1,10.0000000000003,69.7));
#8106=CARTESIAN_POINT('Origin',(-10.1,-2.99999999999997,66.));
#8107=CARTESIAN_POINT('',(-10.1,-2.99999999999997,66.));
#8108=CARTESIAN_POINT('',(-13.4,-2.99999999999997,66.));
#8109=CARTESIAN_POINT('',(-10.1,-2.99999999999997,66.));
#8110=CARTESIAN_POINT('',(-13.4,-2.99999999999997,75.));
#8111=CARTESIAN_POINT('',(-13.4,-2.99999999999997,75.));
#8112=CARTESIAN_POINT('',(-10.1,-2.99999999999997,75.));
#8113=CARTESIAN_POINT('',(2.44999999999998,-2.99999999999997,75.));
#8114=CARTESIAN_POINT('',(-10.1,-2.99999999999997,32.75));
#8115=CARTESIAN_POINT('Origin',(-10.1,3.00000000000003,75.));
#8116=CARTESIAN_POINT('',(-13.4,3.00000000000003,75.));
#8117=CARTESIAN_POINT('',(-10.1,3.00000000000003,75.));
#8118=CARTESIAN_POINT('',(2.44999999999998,3.00000000000003,75.));
#8119=CARTESIAN_POINT('',(-13.4,3.00000000000003,67.4667846871617));
#8120=CARTESIAN_POINT('',(-13.4,3.00000000000003,67.4667846871617));
#8121=CARTESIAN_POINT('',(-10.1,3.00000000000003,67.4667846871617));
#8122=CARTESIAN_POINT('',(-10.1,3.00000000000003,67.4667846871617));
#8123=CARTESIAN_POINT('',(-10.1,3.00000000000002,37.25));
#8124=CARTESIAN_POINT('Origin',(-10.1,3.00000000000003,67.4667846871617));
#8125=CARTESIAN_POINT('',(-13.4,-3.66499608011166,58.6796886892582));
#8126=CARTESIAN_POINT('',(-10.1,-12.0387322085591,47.639798742234));
#8127=CARTESIAN_POINT('Origin',(15.,14.5000000000004,75.));
#8128=CARTESIAN_POINT('',(-13.4,8.00000000000026,75.));
#8129=CARTESIAN_POINT('',(-10.1,10.0000000000003,75.));
#8130=CARTESIAN_POINT('',(-10.1,12.3750000000002,75.));
#8131=CARTESIAN_POINT('',(10.1,10.0000000000003,75.));
#8132=CARTESIAN_POINT('',(7.49999999999997,10.0000000000003,75.));
#8133=CARTESIAN_POINT('',(10.1,-3.99999999999966,75.));
#8134=CARTESIAN_POINT('',(10.1,2.12500000000018,75.));
#8135=CARTESIAN_POINT('',(15.,-3.99999999999964,75.));
#8136=CARTESIAN_POINT('',(7.50000000000005,-3.99999999999967,75.));
#8137=CARTESIAN_POINT('',(15.,12.5000000000004,75.));
#8138=CARTESIAN_POINT('',(15.,14.5000000000004,75.));
#8139=CARTESIAN_POINT('',(11.9999999999999,15.5000000000004,75.));
#8140=CARTESIAN_POINT('',(13.75,13.7500000000004,75.));
#8141=CARTESIAN_POINT('',(-11.9999999999999,15.5000000000003,75.));
#8142=CARTESIAN_POINT('',(7.49999999999995,15.5000000000003,75.));
#8143=CARTESIAN_POINT('',(-14.9999999999999,12.5000000000003,75.));
#8144=CARTESIAN_POINT('',(-6.24999999999997,21.2500000000003,75.));
#8145=CARTESIAN_POINT('',(-14.9999999999999,-3.99999999999974,75.));
#8146=CARTESIAN_POINT('',(-14.9999999999999,14.5000000000003,75.));
#8147=CARTESIAN_POINT('',(-10.1,-3.99999999999972,75.));
#8148=CARTESIAN_POINT('',(7.50000000000005,-3.99999999999967,75.));
#8149=CARTESIAN_POINT('',(-10.1,12.3750000000002,75.));
#8150=CARTESIAN_POINT('Origin',(-6.14941617715219,10.0000000000003,64.3472644071746));
#8151=CARTESIAN_POINT('',(-2.9864465363682,10.0000000000003,70.1999999999999));
#8152=CARTESIAN_POINT('Origin',(-6.14941617715219,10.0000000000003,64.3472644071746));
#8153=CARTESIAN_POINT('',(-2.9864465363682,10.0000000000003,70.1999999999999));
#8154=CARTESIAN_POINT('Origin',(-6.14941617715219,10.0000000000003,64.3472644071746));
#8155=CARTESIAN_POINT('Origin',(1.88323756232265,10.0000000000003,70.1999999999999));
#8156=CARTESIAN_POINT('',(0.94161878116131,10.0000000000003,70.1999999999999));
#8157=CARTESIAN_POINT('Origin',(2.14999999999997,13.4500000000003,68.85));
#8158=CARTESIAN_POINT('',(2.14999999999997,13.4500000000003,68.85));
#8159=CARTESIAN_POINT('',(-2.15000000000003,13.4500000000003,68.85));
#8160=CARTESIAN_POINT('',(2.14999999999997,13.4500000000003,68.85));
#8161=CARTESIAN_POINT('',(2.14999999999997,12.1500000000003,68.85));
#8162=CARTESIAN_POINT('',(2.14999999999997,13.4500000000003,68.85));
#8163=CARTESIAN_POINT('',(-2.15000000000003,12.1500000000003,68.85));
#8164=CARTESIAN_POINT('',(2.14999999999997,12.1500000000003,68.85));
#8165=CARTESIAN_POINT('',(-2.15000000000003,13.4500000000003,68.85));
#8166=CARTESIAN_POINT('Origin',(2.14999999999996,13.4500000000003,64.55));
#8167=CARTESIAN_POINT('',(2.14999999999996,13.4500000000003,64.55));
#8168=CARTESIAN_POINT('',(2.14999999999996,13.4500000000003,64.55));
#8169=CARTESIAN_POINT('',(2.14999999999996,12.1500000000003,64.55));
#8170=CARTESIAN_POINT('',(2.14999999999996,13.4500000000003,64.55));
#8171=CARTESIAN_POINT('',(2.14999999999996,12.1500000000003,64.55));
#8172=CARTESIAN_POINT('Origin',(-2.15000000000003,13.4500000000003,64.55));
#8173=CARTESIAN_POINT('',(-2.15000000000003,13.4500000000003,64.55));
#8174=CARTESIAN_POINT('',(-2.15000000000003,13.4500000000003,64.55));
#8175=CARTESIAN_POINT('',(-2.15000000000003,12.1500000000003,64.55));
#8176=CARTESIAN_POINT('',(-2.15000000000003,13.4500000000003,64.55));
#8177=CARTESIAN_POINT('',(-2.15000000000003,12.1500000000003,64.55));
#8178=CARTESIAN_POINT('Origin',(-2.15000000000003,13.4500000000003,68.85));
#8179=CARTESIAN_POINT('',(-2.15000000000003,13.4500000000003,68.85));
#8180=CARTESIAN_POINT('',(-2.15000000000003,12.1500000000003,68.85));
#8181=CARTESIAN_POINT('Origin',(-3.44169137633799E-14,12.1500000000003,
66.7));
#8182=CARTESIAN_POINT('',(-1.10000000000006,12.1500000000003,66.7));
#8183=CARTESIAN_POINT('Origin',(-5.77315972805072E-14,12.1500000000003,
66.7));
#8184=CARTESIAN_POINT('Origin',(-3.44169137633799E-14,13.4500000000003,
66.7));
#8185=CARTESIAN_POINT('',(-1.10000000000006,13.4500000000003,66.7));
#8186=CARTESIAN_POINT('Origin',(-5.77315972805072E-14,13.4500000000003,
66.7));
#8187=CARTESIAN_POINT('Origin',(-5.77315972805072E-14,10.0000000000003,
66.7));
#8188=CARTESIAN_POINT('',(-1.10000000000006,14.2500000000003,66.7));
#8189=CARTESIAN_POINT('',(-1.10000000000006,10.0000000000003,66.7));
#8190=CARTESIAN_POINT('Origin',(-5.77315972805072E-14,14.2500000000003,
66.7));
#8191=CARTESIAN_POINT('Origin',(-5.77315972805072E-14,10.0000000000003,
66.7));
#8192=CARTESIAN_POINT('',(-1.10000000000006,10.0000000000003,66.7));
#8193=CARTESIAN_POINT('Origin',(-5.77315972805072E-14,10.0000000000003,
66.7));
#8194=CARTESIAN_POINT('',(-1.10000000000006,10.0000000000003,66.7));
#8195=CARTESIAN_POINT('Origin',(-5.77315972805081E-14,14.2500000000003,
66.7));
#8196=CARTESIAN_POINT('Origin',(4.1000360130297,12.0000000000003,59.3999999998716));
#8197=CARTESIAN_POINT('',(4.1000360130297,12.0000000000003,59.3999999998716));
#8198=CARTESIAN_POINT('',(4.10003601306015,12.0000000000003,51.6500000001672));
#8199=CARTESIAN_POINT('',(4.10003601313482,12.0000000000003,32.6499999999439));
#8200=CARTESIAN_POINT('',(4.10003601302969,13.1000000000003,59.3999999998716));
#8201=CARTESIAN_POINT('',(4.1000360130297,12.0000000000003,59.3999999998716));
#8202=CARTESIAN_POINT('',(4.10003601306015,13.1000000000003,51.6500000001672));
#8203=CARTESIAN_POINT('',(4.10003601303731,13.1000000000003,57.4624999999459));
#8204=CARTESIAN_POINT('',(4.10003601306015,12.0000000000003,51.6500000001672));
#8205=CARTESIAN_POINT('Origin',(3.60119011430515E-5,12.0000000000003,59.3999999998564));
#8206=CARTESIAN_POINT('',(-4.09996398922608,12.0000000000003,59.3999999998408));
#8207=CARTESIAN_POINT('Origin',(3.60119011430515E-5,12.0000000000003,59.3999999998564));
#8208=CARTESIAN_POINT('',(-4.09996398922608,13.1000000000003,59.3999999998408));
#8209=CARTESIAN_POINT('',(-4.09996398922608,12.0000000000003,59.3999999998408));
#8210=CARTESIAN_POINT('Origin',(3.60119011393878E-5,13.1000000000003,59.3999999998564));
#8211=CARTESIAN_POINT('Origin',(-4.0999639891953,12.0000000000003,51.6500000001364));
#8212=CARTESIAN_POINT('',(-4.0999639891953,12.0000000000003,51.6500000001364));
#8213=CARTESIAN_POINT('',(-4.09996398910448,12.0000000000003,28.7750000000601));
#8214=CARTESIAN_POINT('',(-4.09996398919531,13.1000000000003,51.6500000001364));
#8215=CARTESIAN_POINT('',(-4.0999639891953,12.0000000000003,51.6500000001364));
#8216=CARTESIAN_POINT('',(-4.099963989203,13.1000000000003,53.5875000000621));
#8217=CARTESIAN_POINT('Origin',(-3.09996398922754,15.5000000000003,59.3999999998435));
#8218=CARTESIAN_POINT('',(-3.09996398919535,13.1000000000003,51.6500000001391));
#8219=CARTESIAN_POINT('',(-3.09996398921949,13.1000000000003,57.4624999999174));
#8220=CARTESIAN_POINT('',(-3.09996398919536,15.5000000000003,51.6500000001391));
#8221=CARTESIAN_POINT('Origin',(5.30000000000049,10.0000000000003,59.7));
#8222=CARTESIAN_POINT('',(9.37500000000049,12.0000000000003,59.7));
#8223=CARTESIAN_POINT('',(5.30000000000049,12.0000000000003,63.775));
#8224=CARTESIAN_POINT('Origin',(5.30000000000049,12.0000000000003,59.7));
#8225=CARTESIAN_POINT('',(9.3750000000005,10.0000000000003,59.7));
#8226=CARTESIAN_POINT('',(9.3750000000005,10.0000000000003,59.7));
#8227=CARTESIAN_POINT('',(5.30000000000049,10.0000000000003,63.775));
#8228=CARTESIAN_POINT('Origin',(5.30000000000049,10.0000000000003,59.7));
#8229=CARTESIAN_POINT('',(5.30000000000049,10.0000000000003,63.775));
#8230=CARTESIAN_POINT('Origin',(-5.00000000000047,10.0000000000003,63.775));
#8231=CARTESIAN_POINT('',(-5.30000000000047,10.0000000000003,63.775));
#8232=CARTESIAN_POINT('',(-2.50000000000025,10.0000000000003,63.775));
#8233=CARTESIAN_POINT('',(-5.30000000000048,12.0000000000003,63.775));
#8234=CARTESIAN_POINT('',(-5.30000000000047,10.0000000000003,63.775));
#8235=CARTESIAN_POINT('',(-2.50000000000023,12.0000000000003,63.775));
#8236=CARTESIAN_POINT('Origin',(-5.30000000000047,10.0000000000003,59.7));
#8237=CARTESIAN_POINT('',(-9.37500000000048,12.0000000000003,59.7));
#8238=CARTESIAN_POINT('Origin',(-5.30000000000048,12.0000000000003,59.7));
#8239=CARTESIAN_POINT('',(-9.37500000000047,10.0000000000003,59.7));
#8240=CARTESIAN_POINT('Origin',(-5.30000000000047,10.0000000000003,59.7));
#8241=CARTESIAN_POINT('',(-9.37500000000047,10.0000000000003,59.7));
#8242=CARTESIAN_POINT('Origin',(7.50000000000005,-3.99999999999967,69.));
#8243=CARTESIAN_POINT('',(-14.9999999999998,-9.99999999999974,69.));
#8244=CARTESIAN_POINT('Origin',(-14.9999999999999,-3.99999999999974,69.));
#8245=CARTESIAN_POINT('',(-10.1,-9.99999999999972,69.));
#8246=CARTESIAN_POINT('',(7.50000000000007,-9.99999999999967,69.));
#8247=CARTESIAN_POINT('Origin',(-10.1,-3.99999999999972,69.));
#8248=CARTESIAN_POINT('Origin',(7.50000000000005,-3.99999999999967,69.));
#8249=CARTESIAN_POINT('',(10.1,-9.99999999999966,69.));
#8250=CARTESIAN_POINT('Origin',(10.1,-3.99999999999966,69.));
#8251=CARTESIAN_POINT('',(15.,-9.99999999999964,69.));
#8252=CARTESIAN_POINT('',(7.50000000000007,-9.99999999999967,69.));
#8253=CARTESIAN_POINT('Origin',(15.,-3.99999999999964,69.));
#8254=CARTESIAN_POINT('Origin',(1.02695629777826E-13,-9.99999999999969,
35.0244305716161));
#8255=CARTESIAN_POINT('',(10.1,-9.99999999999966,24.4997959336351));
#8256=CARTESIAN_POINT('',(10.1,-9.99999999999966,17.2622152858081));
#8257=CARTESIAN_POINT('',(13.5,-9.99999999999965,24.4997959336351));
#8258=CARTESIAN_POINT('',(5.05000000000006,-9.99999999999967,24.4997959336351));
#8259=CARTESIAN_POINT('',(13.5,-9.99999999999965,0.831406486676994));
#8260=CARTESIAN_POINT('',(13.5,-9.99999999999965,29.7621132526256));
#8261=CARTESIAN_POINT('',(14.7165037859699,-9.99999999999964,-4.76910427216515));
#8262=CARTESIAN_POINT('Origin',(27.0000000000001,-9.9999999999996,0.831406486677007));
#8263=CARTESIAN_POINT('',(18.7974683544304,-9.99999999999963,-7.92750181307298));
#8264=CARTESIAN_POINT('Origin',(3.65192221542895E-14,-9.99999999999969,
-28.));
#8265=CARTESIAN_POINT('',(15.,-9.99999999999964,0.831406486676993));
#8266=CARTESIAN_POINT('Origin',(27.,-9.9999999999996,0.831406486676993));
#8267=CARTESIAN_POINT('',(15.,-9.99999999999964,-4.95113885676778));
#8268=CARTESIAN_POINT('Origin',(10.1,-9.99999999999966,24.4997959336351));
#8269=CARTESIAN_POINT('',(13.5,3.50000000000035,24.4997959336351));
#8270=CARTESIAN_POINT('',(10.1,3.50000000000034,24.4997959336351));
#8271=CARTESIAN_POINT('',(5.04999999999996,3.50000000000033,24.4997959336351));
#8272=CARTESIAN_POINT('',(13.5,2.00000000000036,24.4997959336351));
#8273=CARTESIAN_POINT('',(10.1,-10.1249999999998,24.4997959336351));
#8274=CARTESIAN_POINT('Origin',(27.0000000000001,-9.9999999999996,0.831406486677007));
#8275=CARTESIAN_POINT('',(15.8265137332136,-8.99999999999964,-6.74508377240306));
#8276=CARTESIAN_POINT('Ctrl Pts',(14.7165037833681,-9.99999998852667,-4.7691042664588));
#8277=CARTESIAN_POINT('Ctrl Pts',(14.9100384867214,-9.74498889264925,-5.19358033680584));
#8278=CARTESIAN_POINT('Ctrl Pts',(15.1317953553026,-9.51076739863545,-5.62121619524582));
#8279=CARTESIAN_POINT('Ctrl Pts',(15.5212009660628,-9.19519767053617,-6.27931270793478));
#8280=CARTESIAN_POINT('Ctrl Pts',(15.6696440957195,-9.09186839214007,-6.51373908901021));
#8281=CARTESIAN_POINT('Ctrl Pts',(15.8265137332136,-8.99999999999963,-6.74508377240307));
#8282=CARTESIAN_POINT('',(13.5,5.50000000000036,0.831406486676995));
#8283=CARTESIAN_POINT('',(13.5,2.00000000000036,0.831406486676994));
#8284=CARTESIAN_POINT('',(15.8265137332136,5.50000000000036,-6.74508377240309));
#8285=CARTESIAN_POINT('Origin',(27.,5.5000000000004,0.831406486677007));
#8286=CARTESIAN_POINT('',(15.8265137332136,2.00000000000037,-6.74508377240309));
#8287=CARTESIAN_POINT('Origin',(3.48538876173518E-14,-9.49999999999969,
-28.));
#8288=CARTESIAN_POINT('',(-18.7974683544303,-9.99999999999975,-7.9275018130729));
#8289=CARTESIAN_POINT('',(-14.5637064400043,-9.99999999999974,-4.67301014813656));
#8290=CARTESIAN_POINT('Origin',(3.65192221542895E-14,-9.99999999999969,
-28.));
#8291=CARTESIAN_POINT('Origin',(3.65192221542895E-14,-9.99999999999969,
-28.));
#8292=CARTESIAN_POINT('',(-15.5919734267661,-8.99999999999974,-6.5724391157374));
#8293=CARTESIAN_POINT('Origin',(3.31885530804141E-14,-8.99999999999969,
-28.));
#8294=CARTESIAN_POINT('Ctrl Pts',(-14.5637064400042,-9.99999999999986,-4.67301014813636));
#8295=CARTESIAN_POINT('Ctrl Pts',(-14.7740800020136,-9.70823358615503,-5.14831344510408));
#8296=CARTESIAN_POINT('Ctrl Pts',(-15.0196805900846,-9.44080196190814,-5.62886975617296));
#8297=CARTESIAN_POINT('Ctrl Pts',(-15.3937450120898,-9.13768578738012,-6.26002074716266));
#8298=CARTESIAN_POINT('Ctrl Pts',(-15.4909593060646,-9.06641825949819,-6.41679408542258));
#8299=CARTESIAN_POINT('Ctrl Pts',(-15.5919734267661,-8.99999999999974,-6.5724391157374));
#8300=CARTESIAN_POINT('Origin',(-26.9999999999999,-9.99999999999978,0.831406486677121));
#8301=CARTESIAN_POINT('',(-15.5919734267661,5.50000000000026,-6.5724391157374));
#8302=CARTESIAN_POINT('',(-15.5919734267661,-3.99999999999974,-6.5724391157374));
#8303=CARTESIAN_POINT('',(-13.3999999999999,5.50000000000027,0.831406486677116));
#8304=CARTESIAN_POINT('Origin',(-26.9999999999999,5.50000000000022,0.831406486677121));
#8305=CARTESIAN_POINT('',(-13.3999999999998,-9.99999999999974,0.831406486677118));
#8306=CARTESIAN_POINT('',(-13.3999999999998,-3.99999999999973,0.831406486677116));
#8307=CARTESIAN_POINT('Origin',(-26.9999999999999,-9.99999999999978,0.831406486677121));
#8308=CARTESIAN_POINT('Origin',(-13.4999999999998,-9.99999999999974,24.3997959336351));
#8309=CARTESIAN_POINT('',(-10.1,3.50000000000028,24.3997959336351));
#8310=CARTESIAN_POINT('',(-13.3999999999999,3.50000000000027,24.3997959336351));
#8311=CARTESIAN_POINT('',(-6.74999999999993,3.50000000000029,24.3997959336351));
#8312=CARTESIAN_POINT('',(-10.1,-9.99999999999972,24.3997959336351));
#8313=CARTESIAN_POINT('',(-10.1,0.125000000000134,24.3997959336351));
#8314=CARTESIAN_POINT('',(-13.3999999999998,-9.99999999999974,24.3997959336351));
#8315=CARTESIAN_POINT('',(-6.74999999999988,-9.99999999999971,24.3997959336351));
#8316=CARTESIAN_POINT('',(-13.3999999999999,-3.99999999999973,24.3997959336351));
#8317=CARTESIAN_POINT('Origin',(15.,4.82067223924492E-14,18.8997959336351));
#8318=CARTESIAN_POINT('',(15.,4.76556313328329E-14,23.3997959336351));
#8319=CARTESIAN_POINT('Origin',(15.,4.82067223924492E-14,18.8997959336351));
#8320=CARTESIAN_POINT('',(13.5,4.26596277220197E-14,23.3997959336351));
#8321=CARTESIAN_POINT('',(15.,4.87578134520655E-14,23.3997959336351));
#8322=CARTESIAN_POINT('Origin',(13.5,4.3210718781636E-14,18.8997959336351));
#8323=CARTESIAN_POINT('Origin',(-15.,4.82067223924492E-14,18.8997959336351));
#8324=CARTESIAN_POINT('',(-15.,4.76556313328329E-14,23.3997959336351));
#8325=CARTESIAN_POINT('Origin',(-15.,4.82067223924491E-14,18.8997959336351));
#8326=CARTESIAN_POINT('',(-13.3999999999998,4.23265608146314E-14,23.3997959336351));
#8327=CARTESIAN_POINT('',(-15.,4.76556313328329E-14,23.3997959336351));
#8328=CARTESIAN_POINT('Origin',(-13.3999999999998,4.28776518742478E-14,
18.8997959336351));
#8329=CARTESIAN_POINT('Origin',(15.,4.22678634646298E-14,55.8997959336351));
#8330=CARTESIAN_POINT('',(15.,4.28189545242461E-14,60.3997959336351));
#8331=CARTESIAN_POINT('Origin',(15.,4.22678634646298E-14,55.8997959336351));
#8332=CARTESIAN_POINT('',(13.4,3.74898840060454E-14,60.3997959336351));
#8333=CARTESIAN_POINT('',(15.,4.28189545242461E-14,60.3997959336351));
#8334=CARTESIAN_POINT('Origin',(13.4,3.69387929464291E-14,55.8997959336351));
#8335=CARTESIAN_POINT('Origin',(-5.38458166943212E-14,15.5000000000003,
-28.));
#8336=CARTESIAN_POINT('',(17.9999999999999,15.5000000000004,-28.));
#8337=CARTESIAN_POINT('Origin',(-5.38458166943212E-14,15.5000000000003,
-28.));
#8338=CARTESIAN_POINT('',(17.9999999999999,15.5000000000004,-28.));
#8339=CARTESIAN_POINT('',(18.,13.1000000000004,-28.));
#8340=CARTESIAN_POINT('',(17.9999999999999,15.5000000000004,-28.));
#8341=CARTESIAN_POINT('Origin',(-4.60944413951201E-14,13.1000000000003,
-28.));
#8342=CARTESIAN_POINT('Origin',(-8.00000000000002,15.5000000000003,35.9));
#8343=CARTESIAN_POINT('',(-8.00000000000002,13.1000000000003,32.9));
#8344=CARTESIAN_POINT('',(-8.00000000000001,13.1000000000003,23.1));
#8345=CARTESIAN_POINT('',(-8.00000000000001,13.1000000000003,31.95));
#8346=CARTESIAN_POINT('',(-8.00000000000002,15.5000000000003,23.1));
#8347=CARTESIAN_POINT('',(-8.00000000000002,15.5000000000003,23.1));
#8348=CARTESIAN_POINT('',(-8.00000000000002,15.5000000000003,32.9));
#8349=CARTESIAN_POINT('',(-8.00000000000002,15.5000000000003,3.95));
#8350=CARTESIAN_POINT('',(-8.00000000000002,15.5000000000003,32.9));
#8351=CARTESIAN_POINT('Origin',(-7.89999127963838,15.5000000000003,-1.00000000000001));
#8352=CARTESIAN_POINT('',(-4.89999127963837,13.1000000000003,-1.00000000000001));
#8353=CARTESIAN_POINT('',(4.90000872036163,13.1000000000003,-1.00000000000001));
#8354=CARTESIAN_POINT('',(-3.94999563981919,13.1000000000003,-1.00000000000001));
#8355=CARTESIAN_POINT('',(4.90000872036162,15.5000000000003,-1.00000000000001));
#8356=CARTESIAN_POINT('',(4.90000872036162,15.5000000000003,-1.00000000000001));
#8357=CARTESIAN_POINT('',(-4.89999127963838,15.5000000000003,-1.00000000000001));
#8358=CARTESIAN_POINT('',(-3.94999563981921,15.5000000000003,-1.00000000000001));
#8359=CARTESIAN_POINT('',(-4.89999127963838,15.5000000000003,-1.00000000000001));
#8360=CARTESIAN_POINT('Origin',(4.90000872036162,15.5000000000003,2.09999999999999));
#8361=CARTESIAN_POINT('',(8.00000872036163,13.1000000000003,2.09999999999999));
#8362=CARTESIAN_POINT('Origin',(4.90000872036163,13.1000000000003,2.09999999999999));
#8363=CARTESIAN_POINT('',(8.00000872036162,15.5000000000003,2.09999999999999));
#8364=CARTESIAN_POINT('',(8.00000872036162,15.5000000000003,2.09999999999999));
#8365=CARTESIAN_POINT('Origin',(4.90000872036162,15.5000000000003,2.09999999999999));
#8366=CARTESIAN_POINT('Origin',(8.00000872036162,15.5000000000003,-0.900000000000009));
#8367=CARTESIAN_POINT('',(8.00000872036163,13.1000000000003,11.9));
#8368=CARTESIAN_POINT('',(8.00000872036163,13.1000000000003,3.04999999999999));
#8369=CARTESIAN_POINT('',(8.00000872036162,15.5000000000003,11.9));
#8370=CARTESIAN_POINT('',(8.00000872036162,15.5000000000003,11.9));
#8371=CARTESIAN_POINT('',(8.00000872036162,15.5000000000003,-14.45));
#8372=CARTESIAN_POINT('Origin',(-4.89999127963838,15.5000000000003,2.09999999999999));
#8373=CARTESIAN_POINT('',(-7.99999127963837,13.1000000000003,2.09999999999999));
#8374=CARTESIAN_POINT('Origin',(-4.89999127963837,13.1000000000003,2.09999999999999));
#8375=CARTESIAN_POINT('',(-7.99999127963838,15.5000000000003,2.09999999999999));
#8376=CARTESIAN_POINT('Origin',(-4.89999127963838,15.5000000000003,2.09999999999999));
#8377=CARTESIAN_POINT('',(-7.99999127963838,15.5000000000003,2.09999999999999));
#8378=CARTESIAN_POINT('Origin',(4.89999999999998,15.5000000000003,23.1));
#8379=CARTESIAN_POINT('',(4.89999999999998,13.1000000000003,20.));
#8380=CARTESIAN_POINT('',(7.99999999999999,13.1000000000003,23.1));
#8381=CARTESIAN_POINT('Origin',(4.89999999999999,13.1000000000003,23.1));
#8382=CARTESIAN_POINT('',(7.99999999999998,15.5000000000003,23.1));
#8383=CARTESIAN_POINT('',(7.99999999999998,15.5000000000003,23.1));
#8384=CARTESIAN_POINT('',(4.89999999999998,15.5000000000003,20.));
#8385=CARTESIAN_POINT('Origin',(4.89999999999998,15.5000000000003,23.1));
#8386=CARTESIAN_POINT('',(4.89999999999998,15.5000000000003,20.));
#8387=CARTESIAN_POINT('Origin',(-7.90000000000002,15.5000000000003,20.));
#8388=CARTESIAN_POINT('',(-4.90000000000002,13.1000000000003,20.));
#8389=CARTESIAN_POINT('',(-3.95000000000002,13.1000000000003,20.));
#8390=CARTESIAN_POINT('',(-4.90000000000002,15.5000000000003,20.));
#8391=CARTESIAN_POINT('',(-3.95000000000002,15.5000000000003,20.));
#8392=CARTESIAN_POINT('',(-4.90000000000002,15.5000000000003,20.));
#8393=CARTESIAN_POINT('Origin',(-4.90000000000002,15.5000000000003,23.1));
#8394=CARTESIAN_POINT('Origin',(-4.90000000000001,13.1000000000003,23.1));
#8395=CARTESIAN_POINT('Origin',(-4.90000000000002,15.5000000000003,23.1));
#8396=CARTESIAN_POINT('Origin',(13.,10.0000000000004,-2.80080646472551));
#8397=CARTESIAN_POINT('',(9.37500000000001,10.0000000000003,-2.80080646472551));
#8398=CARTESIAN_POINT('',(11.3169642857143,10.0000000000004,-6.01141634206016));
#8399=CARTESIAN_POINT('Origin',(13.,10.0000000000004,-2.80080646472551));
#8400=CARTESIAN_POINT('',(9.37500000000001,12.0000000000003,-2.80080646472551));
#8401=CARTESIAN_POINT('',(9.37500000000001,10.0000000000003,-2.80080646472551));
#8402=CARTESIAN_POINT('',(11.3169642857143,12.0000000000003,-6.01141634206016));
#8403=CARTESIAN_POINT('Origin',(13.,12.0000000000003,-2.80080646472551));
#8404=CARTESIAN_POINT('',(11.3169642857143,10.0000000000003,-6.01141634206016));
#8405=CARTESIAN_POINT('Origin',(2.23004864623987E-14,10.0000000000003,-27.6));
#8406=CARTESIAN_POINT('',(-11.3169642857142,12.0000000000003,-6.01141634206009));
#8407=CARTESIAN_POINT('Origin',(1.56391483146478E-14,12.0000000000003,-27.6));
#8408=CARTESIAN_POINT('',(-11.3169642857142,10.0000000000003,-6.01141634206009));
#8409=CARTESIAN_POINT('',(-11.3169642857142,10.0000000000003,-6.01141634206009));
#8410=CARTESIAN_POINT('',(-12.1874999999999,10.0000000000003,-48.7093692172458));
#8411=CARTESIAN_POINT('Origin',(2.23004864623987E-14,10.0000000000003,-27.6));
#8412=CARTESIAN_POINT('',(-12.1874999999999,9.99996164056128,-48.7093692172458));
#8413=CARTESIAN_POINT('',(-12.1874999999999,10.0000000000003,-48.7093692172458));
#8414=CARTESIAN_POINT('',(-6.30871422437388,9.98121210850485,-51.1444420157961));
#8415=CARTESIAN_POINT('Origin',(5.16270279277757E-14,1.19499991896451,-27.6));
#8416=CARTESIAN_POINT('',(-6.30871422437388,10.0000000000003,-51.1444420157961));
#8417=CARTESIAN_POINT('',(-6.30871422437388,10.0000000000003,-51.1444420157961));
#8418=CARTESIAN_POINT('',(6.30871422437401,10.0000000000003,-51.1444420157961));
#8419=CARTESIAN_POINT('Origin',(2.23004864623987E-14,10.0000000000003,-27.6));
#8420=CARTESIAN_POINT('',(6.30871422437401,10.0239454210875,-51.1444420157961));
#8421=CARTESIAN_POINT('',(6.30871422437401,10.0000000000003,-51.1444420157961));
#8422=CARTESIAN_POINT('',(12.1875000000001,10.0377485332654,-48.7093692172457));
#8423=CARTESIAN_POINT('Origin',(4.37644055687652E-14,3.55567346071081,-27.6));
#8424=CARTESIAN_POINT('',(12.1875000000001,10.0000000000004,-48.7093692172457));
#8425=CARTESIAN_POINT('',(12.1875000000001,10.0000000000003,-48.7093692172457));
#8426=CARTESIAN_POINT('Origin',(2.23004864623987E-14,10.0000000000003,-27.6));
#8427=CARTESIAN_POINT('Origin',(-13.,10.0000000000003,-2.80080646472547));
#8428=CARTESIAN_POINT('',(-9.37499999999998,10.0000000000003,-2.80080646472545));
#8429=CARTESIAN_POINT('Origin',(-13.,10.0000000000003,-2.80080646472547));
#8430=CARTESIAN_POINT('',(-9.37499999999999,12.0000000000003,-2.80080646472545));
#8431=CARTESIAN_POINT('Origin',(-13.,12.0000000000003,-2.80080646472547));
#8432=CARTESIAN_POINT('',(-9.37499999999998,10.0000000000003,-2.80080646472545));
#8433=CARTESIAN_POINT('Origin',(-9.37499999999989,10.0000000000003,-2.80080646472545));
#8434=CARTESIAN_POINT('',(-9.37499999999994,10.0000000000003,3.47459676763723));
#8435=CARTESIAN_POINT('',(-9.37499999999993,12.0000000000003,1.54959676763722));
#8436=CARTESIAN_POINT('Origin',(-13.3999999999998,-9.99999999999974,0.831406486677118));
#8437=CARTESIAN_POINT('',(-13.3999999999999,5.50000000000027,22.3997959336351));
#8438=CARTESIAN_POINT('Origin',(-13.3999999999999,3.50000000000027,22.3997959336351));
#8439=CARTESIAN_POINT('',(-13.3999999999998,-9.99999999999974,-7.33434777325268));
#8440=CARTESIAN_POINT('',(-13.3999999999999,5.50000000000027,-7.08434777697796));
#8441=CARTESIAN_POINT('Origin',(3.65192221542895E-14,-9.99999999999969,
-28.));
#8442=CARTESIAN_POINT('Origin',(-1.51061484907802E-14,5.50000000000031,
-28.));
#8443=CARTESIAN_POINT('Origin',(-7.99999127963838,15.5000000000003,14.9));
#8444=CARTESIAN_POINT('',(-7.99999127963837,13.1000000000003,11.9));
#8445=CARTESIAN_POINT('',(-7.99999127963837,13.1000000000003,10.95));
#8446=CARTESIAN_POINT('',(-7.99999127963838,15.5000000000003,11.9));
#8447=CARTESIAN_POINT('',(-7.99999127963838,15.5000000000003,-6.55000000000001));
#8448=CARTESIAN_POINT('',(-7.99999127963838,15.5000000000003,11.9));
#8449=CARTESIAN_POINT('Origin',(-4.89999127963838,15.5000000000003,11.9));
#8450=CARTESIAN_POINT('',(-4.89999127963837,13.1000000000003,15.));
#8451=CARTESIAN_POINT('Origin',(-4.89999127963837,13.1000000000003,11.9));
#8452=CARTESIAN_POINT('',(-4.89999127963838,15.5000000000003,15.));
#8453=CARTESIAN_POINT('Origin',(-4.89999127963838,15.5000000000003,11.9));
#8454=CARTESIAN_POINT('',(-4.89999127963838,15.5000000000003,15.));
#8455=CARTESIAN_POINT('Origin',(7.90000872036162,15.5000000000003,15.));
#8456=CARTESIAN_POINT('',(4.90000872036163,13.1000000000003,15.));
#8457=CARTESIAN_POINT('',(3.95000436018081,13.1000000000003,15.));
#8458=CARTESIAN_POINT('',(4.90000872036162,15.5000000000003,15.));
#8459=CARTESIAN_POINT('',(3.95000436018079,15.5000000000003,15.));
#8460=CARTESIAN_POINT('',(4.90000872036162,15.5000000000003,15.));
#8461=CARTESIAN_POINT('Origin',(4.90000872036162,15.5000000000003,11.9));
#8462=CARTESIAN_POINT('Origin',(4.90000872036163,13.1000000000003,11.9));
#8463=CARTESIAN_POINT('Origin',(4.90000872036162,15.5000000000003,11.9));
#8464=CARTESIAN_POINT('Origin',(-4.90000000000001,12.0000000000003,2.09999999999999));
#8465=CARTESIAN_POINT('',(-9.00000000000001,12.0000000000003,2.09999999999999));
#8466=CARTESIAN_POINT('Origin',(-4.90000000000001,12.0000000000003,2.09999999999999));
#8467=CARTESIAN_POINT('',(-9.00000000000001,13.1000000000003,2.09999999999999));
#8468=CARTESIAN_POINT('Origin',(-4.90000000000001,13.1000000000003,2.09999999999999));
#8469=CARTESIAN_POINT('',(-9.00000000000001,12.0000000000003,2.09999999999999));
#8470=CARTESIAN_POINT('Origin',(4.89999999999999,12.0000000000003,2.09999999999999));
#8471=CARTESIAN_POINT('',(8.99999999999999,12.0000000000003,2.09999999999999));
#8472=CARTESIAN_POINT('Origin',(4.89999999999999,12.0000000000003,2.09999999999999));
#8473=CARTESIAN_POINT('',(8.99999999999999,13.1000000000003,2.09999999999999));
#8474=CARTESIAN_POINT('',(8.99999999999999,12.0000000000003,2.09999999999999));
#8475=CARTESIAN_POINT('Origin',(4.89999999999998,13.1000000000003,2.09999999999999));
#8476=CARTESIAN_POINT('Origin',(8.99999999999999,12.0000000000003,2.09999999999999));
#8477=CARTESIAN_POINT('',(8.99999999999999,12.0000000000003,11.9));
#8478=CARTESIAN_POINT('',(8.99999999999999,12.0000000000003,3.99999999999998));
#8479=CARTESIAN_POINT('',(8.99999999999998,13.1000000000003,11.9));
#8480=CARTESIAN_POINT('',(8.99999999999999,12.0000000000003,11.9));
#8481=CARTESIAN_POINT('',(8.99999999999999,13.1000000000003,4.54999999999999));
#8482=CARTESIAN_POINT('Origin',(4.89999999999999,12.0000000000003,11.9));
#8483=CARTESIAN_POINT('Origin',(4.89999999999999,12.0000000000003,11.9));
#8484=CARTESIAN_POINT('Origin',(4.89999999999999,13.1000000000003,11.9));
#8485=CARTESIAN_POINT('Origin',(-4.90000000000001,12.0000000000003,11.9));
#8486=CARTESIAN_POINT('',(-9.00000000000001,12.0000000000003,11.9));
#8487=CARTESIAN_POINT('Origin',(-4.90000000000001,12.0000000000003,11.9));
#8488=CARTESIAN_POINT('',(-9.00000000000001,13.1000000000003,11.9));
#8489=CARTESIAN_POINT('',(-9.00000000000001,12.0000000000003,11.9));
#8490=CARTESIAN_POINT('Origin',(-4.90000000000001,13.1000000000003,11.9));
#8491=CARTESIAN_POINT('Origin',(-9.00000000000001,12.0000000000003,11.9));
#8492=CARTESIAN_POINT('',(-9.00000000000001,12.0000000000003,8.89999999999998));
#8493=CARTESIAN_POINT('',(-9.00000000000001,13.1000000000003,9.44999999999999));
#8494=CARTESIAN_POINT('Origin',(-4.90000000000002,15.5000000000003,32.9));
#8495=CARTESIAN_POINT('',(-4.90000000000002,13.1000000000003,36.));
#8496=CARTESIAN_POINT('Origin',(-4.90000000000001,13.1000000000003,32.9));
#8497=CARTESIAN_POINT('',(-4.90000000000002,15.5000000000003,36.));
#8498=CARTESIAN_POINT('Origin',(-4.90000000000002,15.5000000000003,32.9));
#8499=CARTESIAN_POINT('',(-4.90000000000002,15.5000000000003,36.));
#8500=CARTESIAN_POINT('Origin',(7.89999999999998,15.5000000000003,36.));
#8501=CARTESIAN_POINT('',(4.89999999999998,13.1000000000003,36.));
#8502=CARTESIAN_POINT('',(3.94999999999999,13.1000000000003,36.));
#8503=CARTESIAN_POINT('',(4.89999999999998,15.5000000000003,36.));
#8504=CARTESIAN_POINT('',(3.94999999999996,15.5000000000003,36.));
#8505=CARTESIAN_POINT('',(4.89999999999998,15.5000000000003,36.));
#8506=CARTESIAN_POINT('Origin',(4.89999999999998,15.5000000000003,32.9));
#8507=CARTESIAN_POINT('',(7.99999999999998,13.1000000000003,32.9));
#8508=CARTESIAN_POINT('Origin',(4.89999999999998,13.1000000000003,32.9));
#8509=CARTESIAN_POINT('',(7.99999999999998,15.5000000000003,32.9));
#8510=CARTESIAN_POINT('Origin',(4.89999999999998,15.5000000000003,32.9));
#8511=CARTESIAN_POINT('',(7.99999999999998,15.5000000000003,32.9));
#8512=CARTESIAN_POINT('Origin',(7.99999999999998,15.5000000000003,20.1));
#8513=CARTESIAN_POINT('',(7.99999999999999,13.1000000000003,24.05));
#8514=CARTESIAN_POINT('',(7.99999999999998,15.5000000000003,-3.95));
#8515=CARTESIAN_POINT('Origin',(-1.36557432028905E-14,13.1000000000003,
28.));
#8516=CARTESIAN_POINT('',(-9.00000000000001,13.1000000000003,32.9));
#8517=CARTESIAN_POINT('',(-4.90000000000001,13.1000000000003,37.));
#8518=CARTESIAN_POINT('Origin',(-4.90000000000001,13.1000000000003,32.9));
#8519=CARTESIAN_POINT('',(-9.00000000000001,13.1000000000003,23.1));
#8520=CARTESIAN_POINT('',(-9.00000000000001,13.1000000000003,25.55));
#8521=CARTESIAN_POINT('Origin',(-4.90000000000001,13.1000000000003,23.1));
#8522=CARTESIAN_POINT('',(8.99999999999998,13.1000000000003,23.1));
#8523=CARTESIAN_POINT('Origin',(4.89999999999999,13.1000000000003,23.1));
#8524=CARTESIAN_POINT('',(8.99999999999999,13.1000000000003,32.9));
#8525=CARTESIAN_POINT('',(8.99999999999999,13.1000000000003,30.45));
#8526=CARTESIAN_POINT('',(4.89999999999999,13.1000000000003,37.));
#8527=CARTESIAN_POINT('Origin',(4.89999999999998,13.1000000000003,32.9));
#8528=CARTESIAN_POINT('',(-2.45000000000002,13.1000000000003,37.));
#8529=CARTESIAN_POINT('Origin',(-4.90000000000001,12.0000000000003,32.9));
#8530=CARTESIAN_POINT('',(-9.00000000000001,12.0000000000003,32.9));
#8531=CARTESIAN_POINT('',(-4.90000000000001,12.0000000000003,37.));
#8532=CARTESIAN_POINT('Origin',(-4.90000000000001,12.0000000000003,32.9));
#8533=CARTESIAN_POINT('',(-9.00000000000001,12.0000000000003,32.9));
#8534=CARTESIAN_POINT('',(-4.90000000000001,12.0000000000003,37.));
#8535=CARTESIAN_POINT('Origin',(-4.90000000000001,12.0000000000003,37.));
#8536=CARTESIAN_POINT('',(4.89999999999999,12.0000000000003,37.));
#8537=CARTESIAN_POINT('',(-2.45000000000001,12.0000000000003,37.));
#8538=CARTESIAN_POINT('',(4.89999999999999,12.0000000000003,37.));
#8539=CARTESIAN_POINT('Origin',(4.89999999999999,12.0000000000003,32.9));
#8540=CARTESIAN_POINT('',(8.99999999999999,12.0000000000003,32.9));
#8541=CARTESIAN_POINT('Origin',(4.89999999999999,12.0000000000003,32.9));
#8542=CARTESIAN_POINT('',(8.99999999999999,12.0000000000003,32.9));
#8543=CARTESIAN_POINT('Origin',(8.99999999999999,12.0000000000003,32.9));
#8544=CARTESIAN_POINT('',(8.99999999999999,12.0000000000003,23.1));
#8545=CARTESIAN_POINT('',(8.99999999999999,12.0000000000003,19.4));
#8546=CARTESIAN_POINT('',(8.99999999999999,12.0000000000003,23.1));
#8547=CARTESIAN_POINT('Origin',(4.89999999999999,12.0000000000003,23.1));
#8548=CARTESIAN_POINT('Origin',(4.89999999999999,12.0000000000003,23.1));
#8549=CARTESIAN_POINT('Origin',(-4.90000000000001,12.0000000000003,23.1));
#8550=CARTESIAN_POINT('',(-9.00000000000001,12.0000000000003,23.1));
#8551=CARTESIAN_POINT('Origin',(-4.90000000000001,12.0000000000003,23.1));
#8552=CARTESIAN_POINT('',(-9.00000000000001,12.0000000000003,23.1));
#8553=CARTESIAN_POINT('Origin',(-9.00000000000001,12.0000000000003,23.1));
#8554=CARTESIAN_POINT('',(-9.00000000000001,12.0000000000003,14.5));
#8555=CARTESIAN_POINT('Origin',(15.,14.5000000000004,-4.95113885676778));
#8556=CARTESIAN_POINT('',(15.,12.5000000000004,0.831406486676993));
#8557=CARTESIAN_POINT('',(15.,12.5000000000004,-16.4755694283839));
#8558=CARTESIAN_POINT('',(15.0000000000001,-35.4999999999996,0.831406486676993));
#8559=CARTESIAN_POINT('Origin',(27.0000000000001,-35.4999999999996,0.831406486676993));
#8560=CARTESIAN_POINT('',(18.7974683544303,12.5000000000004,-7.92750181307298));
#8561=CARTESIAN_POINT('Origin',(27.,12.5000000000004,0.831406486676993));
#8562=CARTESIAN_POINT('',(18.7974683544305,-35.4999999999996,-7.92750181307298));
#8563=CARTESIAN_POINT('Origin',(1.22583711023232E-13,-35.4999999999997,
-28.));
#8564=CARTESIAN_POINT('',(-18.7974683544303,12.5000000000002,-7.9275018130729));
#8565=CARTESIAN_POINT('Origin',(-3.94200327300712E-14,12.5000000000003,
-28.));
#8566=CARTESIAN_POINT('',(-18.7974683544302,-35.4999999999998,-7.9275018130729));
#8567=CARTESIAN_POINT('Origin',(-26.9999999999998,-35.4999999999998,0.831406486677113));
#8568=CARTESIAN_POINT('',(-14.9999999999999,12.5000000000003,0.831406486677113));
#8569=CARTESIAN_POINT('Origin',(-26.9999999999999,12.5000000000002,0.831406486677113));
#8570=CARTESIAN_POINT('',(-14.9999999999998,-9.99999999999974,0.831406486677113));
#8571=CARTESIAN_POINT('Origin',(-26.9999999999998,-9.99999999999979,0.831406486677113));
#8572=CARTESIAN_POINT('',(-14.9999999999997,-35.4999999999997,0.831406486677113));
#8573=CARTESIAN_POINT('Origin',(-26.9999999999999,14.0000000000002,0.831406486677113));
#8574=CARTESIAN_POINT('',(-16.746835443038,15.5000000000003,-10.1172288880104));
#8575=CARTESIAN_POINT('',(-18.7974683544303,12.5000000000002,-7.9275018130729));
#8576=CARTESIAN_POINT('',(-11.9999999999999,15.5000000000003,0.831406486677113));
#8577=CARTESIAN_POINT('',(-14.9999999999999,12.5000000000003,0.831406486677113));
#8578=CARTESIAN_POINT('Origin',(-26.9999999999999,15.5000000000002,0.831406486677113));
#8579=CARTESIAN_POINT('Origin',(-4.44160363408844E-14,14.0000000000003,
-28.));
#8580=CARTESIAN_POINT('',(16.7468354430379,15.5000000000004,-10.1172288880105));
#8581=CARTESIAN_POINT('Origin',(-4.94120399516976E-14,15.5000000000003,
-28.));
#8582=CARTESIAN_POINT('',(18.7974683544303,12.5000000000004,-7.92750181307298));
#8583=CARTESIAN_POINT('Origin',(27.,14.0000000000004,0.831406486676993));
#8584=CARTESIAN_POINT('',(11.9999999999999,15.5000000000004,0.831406486676993));
#8585=CARTESIAN_POINT('',(15.,12.5000000000004,0.831406486676993));
#8586=CARTESIAN_POINT('Origin',(27.,15.5000000000004,0.831406486676993));
#8587=CARTESIAN_POINT('Origin',(13.5,14.0000000000004,-16.4755694283839));
#8588=CARTESIAN_POINT('',(11.9999999999999,15.5000000000004,-16.4755694283839));
#8589=CARTESIAN_POINT('Origin',(3.60119333065308E-5,15.5000000000003,51.650000000152));
#8590=CARTESIAN_POINT('Origin',(3.60119333098471E-5,14.5000000000003,51.650000000152));
#8591=CARTESIAN_POINT('Origin',(3.60119333144898E-5,13.1000000000003,51.650000000152));
#8592=CARTESIAN_POINT('Origin',(-11.35,10.0000000000003,-47.258776665907));
#8593=CARTESIAN_POINT('',(-11.8394467776159,9.74850766721404,-48.1065233523386));
#8594=CARTESIAN_POINT('',(-11.8394467776159,5.50000000000027,-48.1065233523386));
#8595=CARTESIAN_POINT('',(-11.8394467776159,10.0000000000003,-48.1065233523386));
#8596=CARTESIAN_POINT('',(-11.737154230271,9.67460555736568,-47.9293474631015));
#8597=CARTESIAN_POINT('',(-12.4085023799645,10.0000000000003,-49.0921565679381));
#8598=CARTESIAN_POINT('',(2.41151220783718,10.0000000000003,-23.4231383329535));
#8599=CARTESIAN_POINT('',(-12.4085023799645,5.50000000000027,-49.0921565679381));
#8600=CARTESIAN_POINT('',(-12.4085023799645,-35.4999999999997,-49.0921565679381));
#8601=CARTESIAN_POINT('',(-10.5098993782793,5.50000000000028,-45.8036797056165));
#8602=CARTESIAN_POINT('Origin',(1.22583711023232E-13,-35.4999999999997,
-28.));
#8603=CARTESIAN_POINT('',(-5.69419620517472,5.50000000000029,-52.8561084962424));
#8604=CARTESIAN_POINT('',(-5.69419620517474,10.0000000000003,-52.8561084962424));
#8605=CARTESIAN_POINT('',(-5.69419620517458,-35.4999999999997,-52.8561084962424));
#8606=CARTESIAN_POINT('',(5.69419620517458,5.50000000000033,-52.8561084962424));
#8607=CARTESIAN_POINT('Origin',(-1.57944867660478E-14,5.50000000000031,
-28.));
#8608=CARTESIAN_POINT('',(5.69419620517457,10.0000000000003,-52.8561084962424));
#8609=CARTESIAN_POINT('',(5.69419620517472,-35.4999999999997,-52.8561084962424));
#8610=CARTESIAN_POINT('Origin',(-3.098233774292E-14,10.0000000000003,-28.));
#8611=CARTESIAN_POINT('Origin',(4.88498130835069E-14,10.0000000000003,-27.6));
#8612=CARTESIAN_POINT('',(6.7951295320331,5.50000000000033,-49.2590908083166));
#8613=CARTESIAN_POINT('',(6.7951295320331,9.60965195343251,-49.2590908083166));
#8614=CARTESIAN_POINT('',(6.7951295320331,10.0000000000003,-49.2590908083166));
#8615=CARTESIAN_POINT('',(10.5104078137544,5.50000000000034,-47.7201721560374));
#8616=CARTESIAN_POINT('Origin',(4.88498130835069E-14,5.50000000000031,-27.6));
#8617=CARTESIAN_POINT('',(10.5104078137544,9.61837525189105,-47.7201721560374));
#8618=CARTESIAN_POINT('',(10.5104078137544,10.0000000000003,-47.7201721560374));
#8619=CARTESIAN_POINT('Origin',(4.88498130835069E-14,3.55567346071081,-27.6));
#8620=CARTESIAN_POINT('Origin',(1.22583711023232E-13,-35.4999999999997,
-28.));
#8621=CARTESIAN_POINT('',(-13.8163452443103,10.0000000000003,-49.4326527543845));
#8622=CARTESIAN_POINT('',(-13.8163452443102,5.50000000000027,-49.4326527543845));
#8623=CARTESIAN_POINT('',(-13.8163452443101,-35.4999999999997,-49.4326527543845));
#8624=CARTESIAN_POINT('',(-10.1000000000001,10.0000000000003,-4.58547459374845));
#8625=CARTESIAN_POINT('Origin',(-3.098233774292E-14,10.0000000000003,-28.));
#8626=CARTESIAN_POINT('',(-10.1,5.50000000000028,-4.58547459374845));
#8627=CARTESIAN_POINT('',(-10.0999999999999,-35.4999999999997,-4.58547459374845));
#8628=CARTESIAN_POINT('Origin',(-1.57944867660478E-14,5.50000000000031,
-28.));
#8629=CARTESIAN_POINT('Origin',(-13.2745277837489,-35.4999999999997,-48.5921565679381));
#8630=CARTESIAN_POINT('Origin',(-13.274527783749,10.0000000000002,-48.5921565679381));
#8631=CARTESIAN_POINT('Origin',(-13.274527783749,5.50000000000025,-48.5921565679381));
#8632=CARTESIAN_POINT('Origin',(1.22583711023232E-13,-35.4999999999997,
-28.));
#8633=CARTESIAN_POINT('',(13.8163452443102,5.50000000000035,-49.4326527543845));
#8634=CARTESIAN_POINT('',(13.8163452443102,10.0000000000004,-49.4326527543845));
#8635=CARTESIAN_POINT('',(13.8163452443104,-35.4999999999996,-49.4326527543845));
#8636=CARTESIAN_POINT('',(10.0999999999999,5.50000000000034,-4.58547459374842));
#8637=CARTESIAN_POINT('Origin',(-1.57944867660478E-14,5.50000000000031,
-28.));
#8638=CARTESIAN_POINT('',(10.0999999999999,10.0000000000003,-4.58547459374842));
#8639=CARTESIAN_POINT('',(10.1000000000001,-35.4999999999997,-4.58547459374842));
#8640=CARTESIAN_POINT('Origin',(-3.098233774292E-14,10.0000000000003,-28.));
#8641=CARTESIAN_POINT('Origin',(13.2745277837492,-35.4999999999996,-48.5921565679381));
#8642=CARTESIAN_POINT('',(12.4085023799647,10.0000000000004,-49.092156567938));
#8643=CARTESIAN_POINT('Origin',(13.2745277837491,10.0000000000004,-48.592156567938));
#8644=CARTESIAN_POINT('',(12.4085023799647,5.50000000000035,-49.092156567938));
#8645=CARTESIAN_POINT('',(12.4085023799647,-35.4999999999996,-49.0921565679381));
#8646=CARTESIAN_POINT('Origin',(13.2745277837491,5.50000000000037,-48.592156567938));
#8647=CARTESIAN_POINT('Origin',(12.9228129178632,10.0000000000003,-49.9829685504462));
#8648=CARTESIAN_POINT('',(11.8394467776161,5.50000000000035,-48.1065233523386));
#8649=CARTESIAN_POINT('',(11.8394467776161,9.85263205189206,-48.1065233523386));
#8650=CARTESIAN_POINT('',(11.8394467776161,10.0000000000003,-48.1065233523386));
#8651=CARTESIAN_POINT('',(11.296305837211,5.50000000000035,-47.1657756478861));
#8652=CARTESIAN_POINT('',(-1.62510574890561,10.0000000000003,-24.7852342752231));
#8653=CARTESIAN_POINT('',(12.4444755816638,10.1744242265706,-49.1544639809918));
#8654=CARTESIAN_POINT('Origin',(10.9734213738317,10.0000000000003,-48.6065233523386));
#8655=CARTESIAN_POINT('Origin',(10.9734213738317,5.50000000000031,-48.6065233523386));
#8656=CARTESIAN_POINT('Origin',(10.9734213738317,9.88545462595186,-48.6065233523386));
#8657=CARTESIAN_POINT('Origin',(-10.9734213738315,10.0000000000003,-48.6065233523386));
#8658=CARTESIAN_POINT('',(-10.5104078137542,5.50000000000027,-47.7201721560374));
#8659=CARTESIAN_POINT('Origin',(-10.9734213738315,5.50000000000031,-48.6065233523386));
#8660=CARTESIAN_POINT('',(-10.5104078137542,9.43030367637077,-47.7201721560374));
#8661=CARTESIAN_POINT('',(-10.5104078137542,10.0000000000003,-47.7201721560374));
#8662=CARTESIAN_POINT('Origin',(-10.9734213738315,9.79309238815078,-48.6065233523386));
#8663=CARTESIAN_POINT('Origin',(9.38919187240751,10.0410033942008,-49.9082903831853));
#8664=CARTESIAN_POINT('',(6.12854861904945,9.83922313193345,-50.4720548229484));
#8665=CARTESIAN_POINT('Origin',(7.09447444533852,9.8763470412176,-50.2132357778459));
#8666=CARTESIAN_POINT('',(6.05802725853255,9.76691817047605,-50.2088655224805));
#8667=CARTESIAN_POINT('Origin',(7.09447444533852,10.0000000000003,-50.2132357778459));
#8668=CARTESIAN_POINT('',(6.12854861904945,5.50000000000033,-50.4720548229484));
#8669=CARTESIAN_POINT('Origin',(7.09447444533852,5.50000000000031,-50.2132357778459));
#8670=CARTESIAN_POINT('',(6.12854861904945,10.0000000000003,-50.4720548229484));
#8671=CARTESIAN_POINT('Origin',(5.87519232382733,10.0000000000003,-49.5265162567621));
#8672=CARTESIAN_POINT('',(6.43682021949615,5.50000000000033,-51.6225400983461));
#8673=CARTESIAN_POINT('',(6.43682021949615,10.0000000000003,-51.6225400983461));
#8674=CARTESIAN_POINT('',(6.43682021949616,-35.4999999999997,-51.6225400983461));
#8675=CARTESIAN_POINT('',(5.72902661946801,5.50000000000033,-48.981018421769));
#8676=CARTESIAN_POINT('',(-1.73115383808632,10.0000000000003,-21.1392459205438));
#8677=CARTESIAN_POINT('Origin',(-2.99760216648794E-14,10.0000000000003,
9.75));
#8678=CARTESIAN_POINT('',(-6.43682021949603,10.0000000000003,-51.6225400983461));
#8679=CARTESIAN_POINT('Origin',(-5.47089439320696,10.0000000000003,-51.8813591434486));
#8680=CARTESIAN_POINT('Origin',(5.47089439320708,10.0000000000004,-51.8813591434486));
#8681=CARTESIAN_POINT('',(1.31883437127227,10.0000000000003,-22.6780431196439));
#8682=CARTESIAN_POINT('Origin',(5.47089439320709,-35.4999999999997,-51.8813591434486));
#8683=CARTESIAN_POINT('Origin',(5.47089439320708,5.50000000000034,-51.8813591434486));
#8684=CARTESIAN_POINT('Origin',(-9.38843084107285,10.0036729343037,-49.9064943561447));
#8685=CARTESIAN_POINT('',(-6.12854861904932,9.73029358828995,-50.4720548229484));
#8686=CARTESIAN_POINT('',(-6.79512953203297,9.41845433674514,-49.2590908083166));
#8687=CARTESIAN_POINT('Origin',(-7.09447444533839,9.78072105118482,-50.2132357778459));
#8688=CARTESIAN_POINT('',(-6.43782837534855,10.1610307350568,-51.6263025872097));
#8689=CARTESIAN_POINT('Origin',(4.88498130835069E-14,1.19499991896451,-27.6));
#8690=CARTESIAN_POINT('Origin',(4.88498130835069E-14,10.0000000000003,-27.6));
#8691=CARTESIAN_POINT('',(-6.79512953203297,5.50000000000029,-49.2590908083166));
#8692=CARTESIAN_POINT('',(-6.79512953203297,10.0000000000003,-49.2590908083166));
#8693=CARTESIAN_POINT('Origin',(4.88498130835069E-14,5.50000000000031,-27.6));
#8694=CARTESIAN_POINT('Origin',(-7.09447444533839,10.0000000000003,-50.2132357778459));
#8695=CARTESIAN_POINT('',(-6.12854861904932,5.50000000000029,-50.4720548229484));
#8696=CARTESIAN_POINT('Origin',(-7.09447444533839,5.50000000000031,-50.2132357778459));
#8697=CARTESIAN_POINT('',(-6.12854861904932,10.0000000000003,-50.4720548229484));
#8698=CARTESIAN_POINT('Origin',(-6.69983125745547,10.0000000000003,-52.6041106549622));
#8699=CARTESIAN_POINT('',(-6.43682021949603,5.50000000000029,-51.6225400983461));
#8700=CARTESIAN_POINT('',(-6.43682021949602,-35.4999999999997,-51.6225400983461));
#8701=CARTESIAN_POINT('',(-6.14134608628202,5.50000000000029,-50.519815620869));
#8702=CARTESIAN_POINT('Origin',(-5.47089439320695,-35.4999999999997,-51.8813591434486));
#8703=CARTESIAN_POINT('Origin',(-5.47089439320696,5.50000000000028,-51.8813591434486));
#8704=CARTESIAN_POINT('Origin',(3.60119172601037E-5,13.1000000000003,55.5250000000041));
#8705=CARTESIAN_POINT('Origin',(3.60119333142062E-5,13.1000000000003,51.650000000152));
#8706=CARTESIAN_POINT('Origin',(-10.1,2.60027707457957E-14,35.8997959336351));
#8707=CARTESIAN_POINT('',(-10.9,-6.99999999999996,35.8997959336351));
#8708=CARTESIAN_POINT('',(-10.9,7.00000000000001,35.8997959336351));
#8709=CARTESIAN_POINT('Origin',(-10.9,2.60027707457957E-14,35.8997959336351));
#8710=CARTESIAN_POINT('',(-13.4,7.00000000000002,35.8997959336351));
#8711=CARTESIAN_POINT('',(-10.1,7.00000000000002,35.8997959336351));
#8712=CARTESIAN_POINT('',(-13.4,-6.99999999999997,35.8997959336351));
#8713=CARTESIAN_POINT('Origin',(-13.4,2.60027707457957E-14,35.8997959336351));
#8714=CARTESIAN_POINT('',(-10.1,-6.99999999999997,35.8997959336351));
#8715=CARTESIAN_POINT('Origin',(-10.1,2.59475850026401E-14,55.8997959336351));
#8716=CARTESIAN_POINT('',(-10.1,-6.99999999999996,55.8997959336351));
#8717=CARTESIAN_POINT('',(-10.9,-6.99999999999996,55.8997959336351));
#8718=CARTESIAN_POINT('',(-10.1,-6.99999999999996,55.8997959336351));
#8719=CARTESIAN_POINT('',(-13.4,-6.99999999999996,55.8997959336351));
#8720=CARTESIAN_POINT('',(-10.1,-6.99999999999996,55.8997959336351));
#8721=CARTESIAN_POINT('',(-13.4,-6.3394367235908,58.8682200993479));
#8722=CARTESIAN_POINT('Origin',(-13.4,2.59475850026401E-14,55.8997959336351));
#8723=CARTESIAN_POINT('',(-10.1,-6.3394367235908,58.8682200993479));
#8724=CARTESIAN_POINT('',(-10.1,-6.3394367235908,58.8682200993479));
#8725=CARTESIAN_POINT('Origin',(-10.1,2.59475850026401E-14,55.8997959336351));
#8726=CARTESIAN_POINT('Origin',(-10.1,10.25,-0.500000000000003));
#8727=CARTESIAN_POINT('',(-10.1,10.0000000000003,4.625));
#8728=CARTESIAN_POINT('',(-10.1,2.62659931704184E-14,58.4997959336351));
#8729=CARTESIAN_POINT('Origin',(-10.1,2.59475850026401E-14,55.8997959336351));
#8730=CARTESIAN_POINT('Origin',(-10.9,2.77555756156289E-14,39.3997959336351));
#8731=CARTESIAN_POINT('',(-10.9,6.20187490812965,52.4775164872768));
#8732=CARTESIAN_POINT('',(-10.9,7.00000000000002,52.1856484960055));
#8733=CARTESIAN_POINT('',(-10.9,6.51503533436506,52.3629962128461));
#8734=CARTESIAN_POINT('',(-10.9,7.00000000000002,47.0299092449162));
#8735=CARTESIAN_POINT('',(-10.9,-6.99999999999997,37.6497959336351));
#8736=CARTESIAN_POINT('',(-10.9,-0.999999999999955,49.8997959336351));
#8737=CARTESIAN_POINT('Origin',(-10.9,-0.999999999999963,55.8997959336351));
#8738=CARTESIAN_POINT('',(-10.9,1.12948367069846,49.8997959336351));
#8739=CARTESIAN_POINT('',(-10.9,-6.99999999999996,49.8997959336351));
#8740=CARTESIAN_POINT('',(-10.9,6.09002737180629,52.5244431832697));
#8741=CARTESIAN_POINT('Origin',(-10.9,1.12948367069845,55.8997959336351));
#8742=CARTESIAN_POINT('Origin',(-10.9,6.64835686176401,53.698439853045));
#8743=CARTESIAN_POINT('Origin',(-10.1,-6.99999999999996,49.8997959336351));
#8744=CARTESIAN_POINT('',(-10.1,1.12948367069846,49.8997959336351));
#8745=CARTESIAN_POINT('',(-10.1,1.12948367069846,49.8997959336351));
#8746=CARTESIAN_POINT('',(-10.1,-0.999999999999955,49.8997959336351));
#8747=CARTESIAN_POINT('',(-10.1,-0.999999999999955,49.8997959336351));
#8748=CARTESIAN_POINT('',(-10.1,-6.99999999999996,49.8997959336351));
#8749=CARTESIAN_POINT('Origin',(-10.1,-6.99999999999997,35.8997959336351));
#8750=CARTESIAN_POINT('',(-13.4,-6.99999999999996,55.8997959336351));
#8751=CARTESIAN_POINT('Origin',(-10.1,-0.999999999999963,55.8997959336351));
#8752=CARTESIAN_POINT('Origin',(-10.1,-0.999999999999963,55.8997959336351));
#8753=CARTESIAN_POINT('Origin',(-10.1,7.00000000000002,54.6600225561972));
#8754=CARTESIAN_POINT('',(-13.4,7.00000000000002,55.8997959336351));
#8755=CARTESIAN_POINT('',(-11.5,7.00000000000002,52.1856484960055));
#8756=CARTESIAN_POINT('',(-10.1,7.00000000000002,52.1856484960055));
#8757=CARTESIAN_POINT('',(-11.5,7.00000000000002,54.0075073763002));
#8758=CARTESIAN_POINT('Origin',(-10.1,1.12948367069845,55.8997959336351));
#8759=CARTESIAN_POINT('',(-10.1,6.09002737180629,52.5244431832697));
#8760=CARTESIAN_POINT('',(-10.1,6.09002737180629,52.5244431832697));
#8761=CARTESIAN_POINT('Origin',(-10.1,1.12948367069845,55.8997959336351));
#8762=CARTESIAN_POINT('Origin',(-10.1,10.25,-0.500000000000003));
#8763=CARTESIAN_POINT('Origin',(-10.1,6.64835686176401,53.698439853045));
#8764=CARTESIAN_POINT('',(-10.1,-16.2478121348651,37.7076596649949));
#8765=CARTESIAN_POINT('',(-10.1,-9.99999999999972,15.2194779889338));
#8766=CARTESIAN_POINT('',(-10.1,5.50000000000028,22.3997959336351));
#8767=CARTESIAN_POINT('Origin',(-10.1,3.50000000000028,22.3997959336351));
#8768=CARTESIAN_POINT('',(-10.1,5.50000000000028,-7.75005102031653));
#8769=CARTESIAN_POINT('',(-10.1,10.0000000000003,4.625));
#8770=CARTESIAN_POINT('Origin',(-10.1,6.64835686176401,53.698439853045));
#8771=CARTESIAN_POINT('',(-11.5,6.20187490812965,52.4775164872768));
#8772=CARTESIAN_POINT('Origin',(-11.5,6.64835686176401,53.698439853045));
#8773=CARTESIAN_POINT('',(-10.1,6.20187490812965,52.4775164872768));
#8774=CARTESIAN_POINT('Origin',(-10.1,8.08021854777311,51.7906211739932));
#8775=CARTESIAN_POINT('',(-11.5,6.20187490812965,52.4775164872767));
#8776=CARTESIAN_POINT('Origin',(-11.5,7.58752868158573,53.3549921964032));
#8777=CARTESIAN_POINT('Origin',(-13.4,1.50000000000016,51.9498979668175));
#8778=CARTESIAN_POINT('',(-13.4,-6.3394367235908,58.8682200993479));
#8779=CARTESIAN_POINT('Origin',(-4.94049245958203E-14,15.5000000000003,
-28.));
#8780=CARTESIAN_POINT('',(-11.9999999999999,15.5000000000003,23.5));
#8781=CARTESIAN_POINT('Origin',(3.60119333065164E-5,15.5000000000003,51.650000000152));
#8782=CARTESIAN_POINT('Origin',(3.60119333081818E-5,15.0000000000003,51.650000000152));
#8783=CARTESIAN_POINT('Origin',(-6.74999999999993,3.50000000000029,22.3997959336351));
#8784=CARTESIAN_POINT('',(-6.74999999999994,5.50000000000029,22.3997959336351));
#8785=CARTESIAN_POINT('Origin',(-1.60982338570648E-14,5.50000000000031,
-15.000102040633));
#8786=CARTESIAN_POINT('',(10.1,5.50000000000034,22.4997959336351));
#8787=CARTESIAN_POINT('',(13.5,5.50000000000035,22.4997959336351));
#8788=CARTESIAN_POINT('',(5.04999999999996,5.50000000000033,22.4997959336351));
#8789=CARTESIAN_POINT('',(10.1,5.50000000000034,-7.75005102031653));
#8790=CARTESIAN_POINT('',(13.5,5.50000000000035,4.74984694650102));
#8791=CARTESIAN_POINT('Origin',(13.5,-9.99999999999965,24.4997959336351));
#8792=CARTESIAN_POINT('Origin',(13.5,3.50000000000035,22.4997959336351));
#8793=CARTESIAN_POINT('Origin',(5.04999999999996,3.50000000000033,22.4997959336351));
#8794=CARTESIAN_POINT('Origin',(10.0999999999999,3.50000000000034,22.4997959336351));
#8795=CARTESIAN_POINT('Origin',(10.1,-10.25,-0.500000000000003));
#8796=CARTESIAN_POINT('',(10.1,10.0000000000003,4.625));
#8797=CARTESIAN_POINT('',(10.1,2.62659931704182E-14,58.4997959336351));
#8798=CARTESIAN_POINT('Origin',(10.1,2.59475850026399E-14,55.8997959336351));
#8799=CARTESIAN_POINT('Origin',(13.4,3.68594044175552E-14,55.8997959336351));
#8800=CARTESIAN_POINT('',(13.4,3.72572011142074E-14,58.4997959336351));
#8801=CARTESIAN_POINT('Origin',(13.4,3.69387929464291E-14,55.8997959336351));
#8802=CARTESIAN_POINT('Origin',(15.,4.22678634646298E-14,55.8997959336351));
#8803=CARTESIAN_POINT('',(15.,4.25862716324081E-14,58.4997959336351));
#8804=CARTESIAN_POINT('Origin',(-14.9999999999999,14.5000000000003,75.));
#8805=CARTESIAN_POINT('',(-14.9999999999999,12.5000000000003,23.5));
#8806=CARTESIAN_POINT('',(-14.9999999999998,-9.99999999999974,-4.9511388567677));
#8807=CARTESIAN_POINT('',(-15.,4.28189545242461E-14,60.3997959336351));
#8808=CARTESIAN_POINT('Origin',(-15.,4.22678634646297E-14,55.8997959336351));
#8809=CARTESIAN_POINT('Origin',(-15.,4.22678634646298E-14,55.8997959336351));
#8810=CARTESIAN_POINT('',(-13.4,3.74898840060454E-14,60.3997959336351));
#8811=CARTESIAN_POINT('',(-15.,4.28189545242461E-14,60.3997959336351));
#8812=CARTESIAN_POINT('Origin',(-13.4,3.69387929464291E-14,55.8997959336351));
#8813=CARTESIAN_POINT('Origin',(1.02695629777826E-13,-9.99999999999969,
35.0244305716161));
#8814=CARTESIAN_POINT('Origin',(-13.4,3.68594044175552E-14,55.8997959336351));
#8815=CARTESIAN_POINT('',(-13.4,3.72572011142074E-14,58.4997959336351));
#8816=CARTESIAN_POINT('Origin',(-13.4,3.69387929464291E-14,55.8997959336351));
#8817=CARTESIAN_POINT('Origin',(-15.,4.22678634646298E-14,55.8997959336351));
#8818=CARTESIAN_POINT('',(-15.,4.25862716324081E-14,58.4997959336351));
#8819=CARTESIAN_POINT('Origin',(-10.1,-6.3394367235908,58.8682200993479));
#8820=CARTESIAN_POINT('Origin',(3.60119333178699E-5,12.0000000000003,51.650000000152));
#8821=CARTESIAN_POINT('Origin',(3.60119333178699E-5,12.0000000000003,51.650000000152));
#8822=CARTESIAN_POINT('Origin',(1.33226762955008E-14,12.0000000000003,5.89999999999997));
#8823=CARTESIAN_POINT('',(9.37500000000028,12.0000000000003,32.6499999999999));
#8824=CARTESIAN_POINT('Origin',(-2.99760216648794E-14,10.0000000000003,
9.75));
#8825=CARTESIAN_POINT('',(9.3750000000003,10.0000000000003,34.575));
#8826=CARTESIAN_POINT('Origin',(-13.4999999999999,14.0000000000003,23.5));
#8827=CARTESIAN_POINT('Origin',(9.37500000000049,10.0000000000003,59.4));
#8828=UNCERTAINTY_MEASURE_WITH_UNIT(LENGTH_MEASURE(0.01),#8832,
'DISTANCE_ACCURACY_VALUE',
'Maximum model space distance between geometric entities at asserted c
onnectivities');
#8829=UNCERTAINTY_MEASURE_WITH_UNIT(LENGTH_MEASURE(0.01),#8832,
'DISTANCE_ACCURACY_VALUE',
'Maximum model space distance between geometric entities at asserted c
onnectivities');
#8830=(
GEOMETRIC_REPRESENTATION_CONTEXT(3)
GLOBAL_UNCERTAINTY_ASSIGNED_CONTEXT((#8828))
GLOBAL_UNIT_ASSIGNED_CONTEXT((#8832,#8834,#8835))
REPRESENTATION_CONTEXT('','3D')
);
#8831=(
GEOMETRIC_REPRESENTATION_CONTEXT(3)
GLOBAL_UNCERTAINTY_ASSIGNED_CONTEXT((#8829))
GLOBAL_UNIT_ASSIGNED_CONTEXT((#8832,#8834,#8835))
REPRESENTATION_CONTEXT('','3D')
);
#8832=(
LENGTH_UNIT()
NAMED_UNIT(*)
SI_UNIT(.MILLI.,.METRE.)
);
#8833=(
LENGTH_UNIT()
NAMED_UNIT(*)
SI_UNIT($,.METRE.)
);
#8834=(
NAMED_UNIT(*)
PLANE_ANGLE_UNIT()
SI_UNIT($,.RADIAN.)
);
#8835=(
NAMED_UNIT(*)
SI_UNIT($,.STERADIAN.)
SOLID_ANGLE_UNIT()
);
#8836=SHAPE_DEFINITION_REPRESENTATION(#8837,#8838);
#8837=PRODUCT_DEFINITION_SHAPE('',$,#8840);
#8838=SHAPE_REPRESENTATION('',(#4343),#8830);
#8839=PRODUCT_DEFINITION_CONTEXT('part definition',#8844,'design');
#8840=PRODUCT_DEFINITION('2026-09-08-16-40-49-608','(Unsaved)',#8841,#8839);
#8841=PRODUCT_DEFINITION_FORMATION('',$,#8846);
#8842=PRODUCT_RELATED_PRODUCT_CATEGORY('(Unsaved)','(Unsaved)',(#8846));
#8843=APPLICATION_PROTOCOL_DEFINITION('international standard',
'automotive_design',2009,#8844);
#8844=APPLICATION_CONTEXT(
'Core Data for Automotive Mechanical Design Process');
#8845=PRODUCT_CONTEXT('part definition',#8844,'mechanical');
#8846=PRODUCT('2026-09-08-16-40-49-608','(Unsaved)',$,(#8845));
#8847=PRESENTATION_STYLE_ASSIGNMENT((#8848));
#8848=SURFACE_STYLE_USAGE(.BOTH.,#8849);
#8849=SURFACE_SIDE_STYLE('',(#8850));
#8850=SURFACE_STYLE_FILL_AREA(#8851);
#8851=FILL_AREA_STYLE('Steel - Satin',(#8852));
#8852=FILL_AREA_STYLE_COLOUR('Steel - Satin',#8853);
#8853=COLOUR_RGB('Steel - Satin',0.627450980392157,0.627450980392157,0.627450980392157);
ENDSEC;
END-ISO-10303-21;
