ISO-10303-21;
HEADER;
/* Generated by software containing ST-Developer
 * from STEP Tools, Inc. (www.steptools.com) 
 */

FILE_DESCRIPTION(
/* description */ (''),
/* implementation_level */ '2;1');

FILE_NAME(
/* name */ 'Heat Pipe Clamp.step',
/* time_stamp */ '2026-09-10T21:11:07-05:00',
/* author */ (''),
/* organization */ (''),
/* preprocessor_version */ 'ST-DEVELOPER v20.2',
/* originating_system */ 'Autodesk Translation Framework v15.15.0.0',
/* authorisation */ '');

FILE_SCHEMA (('AUTOMOTIVE_DESIGN { 1 0 10303 214 3 1 1 }'));
ENDSEC;

DATA;
#10=MECHANICAL_DESIGN_GEOMETRIC_PRESENTATION_REPRESENTATION('',(#30,#31,
#32),#8369);
#11=ITEM_DEFINED_TRANSFORMATION($,$,#2871,#3194);
#12=ITEM_DEFINED_TRANSFORMATION($,$,#3081,#3195);
#13=ITEM_DEFINED_TRANSFORMATION($,$,#3104,#3196);
#14=(
REPRESENTATION_RELATIONSHIP($,$,#8386,#8385)
REPRESENTATION_RELATIONSHIP_WITH_TRANSFORMATION(#11)
SHAPE_REPRESENTATION_RELATIONSHIP()
);
#15=(
REPRESENTATION_RELATIONSHIP($,$,#8387,#8385)
REPRESENTATION_RELATIONSHIP_WITH_TRANSFORMATION(#12)
SHAPE_REPRESENTATION_RELATIONSHIP()
);
#16=(
REPRESENTATION_RELATIONSHIP($,$,#8388,#8385)
REPRESENTATION_RELATIONSHIP_WITH_TRANSFORMATION(#13)
SHAPE_REPRESENTATION_RELATIONSHIP()
);
#17=CONTEXT_DEPENDENT_SHAPE_REPRESENTATION(#14,#8382);
#18=CONTEXT_DEPENDENT_SHAPE_REPRESENTATION(#15,#8383);
#19=CONTEXT_DEPENDENT_SHAPE_REPRESENTATION(#16,#8384);
#20=NEXT_ASSEMBLY_USAGE_OCCURRENCE('Pin:1','Pin:1','Pin:1',#8390,#8391,
'Pin:1');
#21=NEXT_ASSEMBLY_USAGE_OCCURRENCE('Clamp Body:1','Clamp Body:1',
'Clamp Body:1',#8390,#8392,'Clamp Body:1');
#22=NEXT_ASSEMBLY_USAGE_OCCURRENCE('Tip:1','Tip:1','Tip:1',#8390,#8393,
'Tip:1');
#23=TOROIDAL_SURFACE('',#3108,6.71275388496923,1.2);
#24=SHAPE_REPRESENTATION_RELATIONSHIP('SRR','None',#8386,#27);
#25=SHAPE_REPRESENTATION_RELATIONSHIP('SRR','None',#8387,#28);
#26=SHAPE_REPRESENTATION_RELATIONSHIP('SRR','None',#8388,#29);
#27=ADVANCED_BREP_SHAPE_REPRESENTATION('',(#33),#8366);
#28=ADVANCED_BREP_SHAPE_REPRESENTATION('',(#34),#8367);
#29=ADVANCED_BREP_SHAPE_REPRESENTATION('',(#35),#8368);
#30=STYLED_ITEM('',(#8409),#33);
#31=STYLED_ITEM('',(#8409),#34);
#32=STYLED_ITEM('',(#8409),#35);
#33=MANIFOLD_SOLID_BREP('Body1',#2833);
#34=MANIFOLD_SOLID_BREP('Body1',#2834);
#35=MANIFOLD_SOLID_BREP('Body1',#2835);
#36=B_SPLINE_SURFACE_WITH_KNOTS('',3,3,((#6094,#6095,#6096,#6097,#6098,
#6099,#6100,#6101,#6102,#6103,#6104,#6105,#6106,#6107,#6108,#6109,#6110,
#6111,#6112,#6113,#6114,#6115,#6116,#6117,#6118,#6119,#6120,#6121,#6122,
#6123,#6124,#6125,#6126,#6127,#6128,#6129,#6130,#6131,#6132,#6133,#6134,
#6135,#6136,#6137,#6138,#6139,#6140,#6141,#6142,#6143,#6144,#6145,#6146,
#6147,#6148,#6149,#6150,#6151,#6152,#6153,#6154),(#6155,#6156,#6157,#6158,
#6159,#6160,#6161,#6162,#6163,#6164,#6165,#6166,#6167,#6168,#6169,#6170,
#6171,#6172,#6173,#6174,#6175,#6176,#6177,#6178,#6179,#6180,#6181,#6182,
#6183,#6184,#6185,#6186,#6187,#6188,#6189,#6190,#6191,#6192,#6193,#6194,
#6195,#6196,#6197,#6198,#6199,#6200,#6201,#6202,#6203,#6204,#6205,#6206,
#6207,#6208,#6209,#6210,#6211,#6212,#6213,#6214,#6215),(#6216,#6217,#6218,
#6219,#6220,#6221,#6222,#6223,#6224,#6225,#6226,#6227,#6228,#6229,#6230,
#6231,#6232,#6233,#6234,#6235,#6236,#6237,#6238,#6239,#6240,#6241,#6242,
#6243,#6244,#6245,#6246,#6247,#6248,#6249,#6250,#6251,#6252,#6253,#6254,
#6255,#6256,#6257,#6258,#6259,#6260,#6261,#6262,#6263,#6264,#6265,#6266,
#6267,#6268,#6269,#6270,#6271,#6272,#6273,#6274,#6275,#6276),(#6277,#6278,
#6279,#6280,#6281,#6282,#6283,#6284,#6285,#6286,#6287,#6288,#6289,#6290,
#6291,#6292,#6293,#6294,#6295,#6296,#6297,#6298,#6299,#6300,#6301,#6302,
#6303,#6304,#6305,#6306,#6307,#6308,#6309,#6310,#6311,#6312,#6313,#6314,
#6315,#6316,#6317,#6318,#6319,#6320,#6321,#6322,#6323,#6324,#6325,#6326,
#6327,#6328,#6329,#6330,#6331,#6332,#6333,#6334,#6335,#6336,#6337)),
 .UNSPECIFIED.,.F.,.F.,.F.,(4,4),(4,1,1,1,1,1,1,1,1,1,1,1,1,1,1,1,1,1,1,
1,1,1,1,1,1,1,1,1,1,1,1,1,1,1,1,1,1,1,1,1,1,1,1,1,1,1,1,1,1,1,1,1,1,1,1,
1,1,1,4),(0.0577350269188787,0.190862095459048),(-1.18291262884897,-0.696233407151864,
-0.209554185454753,0.277125036242357,0.763804257939468,1.25048347963658,
1.73716270133369,2.2238419230308,2.71052114472791,3.19720036642502,3.68387958812213,
4.17055880981924,4.65723803151635,5.14391725321346,5.63059647491057,6.11727569660768,
6.60395491830479,7.0906341400019,7.57731336169902,8.06399258339613,8.55067180509324,
9.03735102679035,9.52403024848746,10.0107094701846,10.4973886918817,10.9840679135788,
11.4707471352759,11.957426356973,12.4441055786701,12.9307848003672,13.4174640220643,
13.9041432437615,14.3908224654586,14.8775016871557,15.3641809088528,15.8508601305499,
16.337539352247,16.8242185739441,17.3108977956412,17.7975770173383,18.2842562390354,
18.7709354607326,19.2576146824297,19.7442939041268,20.2309731258239,20.717652347521,
21.2043315692181,21.6910107909152,22.1776900126123,22.6643692343094,23.1510484560066,
23.6377276777037,24.1244068994008,24.6110861210979,25.097765342795,25.5844445644921,
26.0711237861892,26.5578030078863,27.0444822295834),.UNSPECIFIED.);
#37=B_SPLINE_SURFACE_WITH_KNOTS('',3,3,((#6566,#6567,#6568,#6569,#6570,
#6571,#6572,#6573,#6574,#6575,#6576,#6577,#6578,#6579,#6580,#6581,#6582,
#6583,#6584,#6585,#6586,#6587,#6588,#6589,#6590,#6591,#6592,#6593,#6594,
#6595,#6596,#6597,#6598,#6599,#6600,#6601,#6602,#6603,#6604,#6605,#6606,
#6607,#6608,#6609,#6610,#6611,#6612,#6613,#6614,#6615,#6616,#6617),(#6618,
#6619,#6620,#6621,#6622,#6623,#6624,#6625,#6626,#6627,#6628,#6629,#6630,
#6631,#6632,#6633,#6634,#6635,#6636,#6637,#6638,#6639,#6640,#6641,#6642,
#6643,#6644,#6645,#6646,#6647,#6648,#6649,#6650,#6651,#6652,#6653,#6654,
#6655,#6656,#6657,#6658,#6659,#6660,#6661,#6662,#6663,#6664,#6665,#6666,
#6667,#6668,#6669),(#6670,#6671,#6672,#6673,#6674,#6675,#6676,#6677,#6678,
#6679,#6680,#6681,#6682,#6683,#6684,#6685,#6686,#6687,#6688,#6689,#6690,
#6691,#6692,#6693,#6694,#6695,#6696,#6697,#6698,#6699,#6700,#6701,#6702,
#6703,#6704,#6705,#6706,#6707,#6708,#6709,#6710,#6711,#6712,#6713,#6714,
#6715,#6716,#6717,#6718,#6719,#6720,#6721),(#6722,#6723,#6724,#6725,#6726,
#6727,#6728,#6729,#6730,#6731,#6732,#6733,#6734,#6735,#6736,#6737,#6738,
#6739,#6740,#6741,#6742,#6743,#6744,#6745,#6746,#6747,#6748,#6749,#6750,
#6751,#6752,#6753,#6754,#6755,#6756,#6757,#6758,#6759,#6760,#6761,#6762,
#6763,#6764,#6765,#6766,#6767,#6768,#6769,#6770,#6771,#6772,#6773)),
 .UNSPECIFIED.,.F.,.F.,.F.,(4,4),(4,1,1,1,1,1,1,1,1,1,1,1,1,1,1,1,1,1,1,
1,1,1,1,1,1,1,1,1,1,1,1,1,1,1,1,1,1,1,1,1,1,1,1,1,1,1,1,1,1,4),(-4.56779841052218E-8,
1.00000000000001),(-0.269456618533153,0.227991777898761,0.725440174330675,
1.22288857076259,1.7203369671945,2.21778536362642,2.71523376005833,3.21268215649024,
3.71013055292216,4.37339508149804,5.03665961007393,5.69992413864981,6.19737253508173,
6.69482093151364,7.19226932794556,7.68971772437747,8.18716612080938,8.6846145172413,
9.18206291367321,9.67951131010513,10.342775838681,11.0060403672569,11.6693048958328,
12.1114812482167,12.9958339529846,13.6590984815604,14.3223630101363,14.9856275387122,
15.6488920672881,16.312156595864,16.9754211244399,17.6386856530157,18.3019501815916,
18.9652147101675,19.6284792387434,20.1259276351753,20.6233760316072,21.1208244280391,
21.6182728244711,22.2815373530469,22.9448018816228,23.6080664101987,24.1055148066306,
24.6029632030625,25.1004115994945,25.5978599959264,26.0953083923583,26.5927567887902,
27.0902051852221,27.587653581654),.UNSPECIFIED.);
#38=B_SPLINE_SURFACE_WITH_KNOTS('',3,3,((#6921,#6922,#6923,#6924,#6925,
#6926,#6927,#6928,#6929,#6930,#6931,#6932,#6933,#6934,#6935,#6936,#6937,
#6938,#6939,#6940,#6941,#6942,#6943,#6944,#6945,#6946,#6947,#6948,#6949,
#6950,#6951,#6952,#6953,#6954,#6955,#6956,#6957,#6958,#6959,#6960,#6961,
#6962,#6963,#6964,#6965,#6966,#6967,#6968,#6969,#6970,#6971,#6972,#6973,
#6974,#6975,#6976,#6977,#6978,#6979,#6980,#6981),(#6982,#6983,#6984,#6985,
#6986,#6987,#6988,#6989,#6990,#6991,#6992,#6993,#6994,#6995,#6996,#6997,
#6998,#6999,#7000,#7001,#7002,#7003,#7004,#7005,#7006,#7007,#7008,#7009,
#7010,#7011,#7012,#7013,#7014,#7015,#7016,#7017,#7018,#7019,#7020,#7021,
#7022,#7023,#7024,#7025,#7026,#7027,#7028,#7029,#7030,#7031,#7032,#7033,
#7034,#7035,#7036,#7037,#7038,#7039,#7040,#7041,#7042),(#7043,#7044,#7045,
#7046,#7047,#7048,#7049,#7050,#7051,#7052,#7053,#7054,#7055,#7056,#7057,
#7058,#7059,#7060,#7061,#7062,#7063,#7064,#7065,#7066,#7067,#7068,#7069,
#7070,#7071,#7072,#7073,#7074,#7075,#7076,#7077,#7078,#7079,#7080,#7081,
#7082,#7083,#7084,#7085,#7086,#7087,#7088,#7089,#7090,#7091,#7092,#7093,
#7094,#7095,#7096,#7097,#7098,#7099,#7100,#7101,#7102,#7103),(#7104,#7105,
#7106,#7107,#7108,#7109,#7110,#7111,#7112,#7113,#7114,#7115,#7116,#7117,
#7118,#7119,#7120,#7121,#7122,#7123,#7124,#7125,#7126,#7127,#7128,#7129,
#7130,#7131,#7132,#7133,#7134,#7135,#7136,#7137,#7138,#7139,#7140,#7141,
#7142,#7143,#7144,#7145,#7146,#7147,#7148,#7149,#7150,#7151,#7152,#7153,
#7154,#7155,#7156,#7157,#7158,#7159,#7160,#7161,#7162,#7163,#7164)),
 .UNSPECIFIED.,.F.,.F.,.F.,(4,4),(4,1,1,1,1,1,1,1,1,1,1,1,1,1,1,1,1,1,1,
1,1,1,1,1,1,1,1,1,1,1,1,1,1,1,1,1,1,1,1,1,1,1,1,1,1,1,1,1,1,1,1,1,1,1,1,
1,1,1,4),(0.0400780122168033,0.173205080756888),(0.273714758153892,0.760393979850993,
1.24707320154809,1.73375242324519,2.2204316449423,2.7071108666394,3.1937900883365,
3.6804693100336,4.1671485317307,4.6538277534278,5.1405069751249,5.627186196822,
6.1138654185191,6.6005446402162,7.0872238619133,7.57390308361041,8.06058230530751,
8.54726152700461,9.03394074870171,9.52061997039881,10.0072991920959,10.493978413793,
10.9806576354901,11.4673368571872,11.9540160788843,12.4406953005814,12.9273745222785,
13.4140537439756,13.9007329656727,14.3874121873698,14.8740914090669,15.360770630764,
15.8474498524611,16.3341290741582,16.8208082958553,17.3074875175524,17.7941667392495,
18.2808459609466,18.7675251826437,19.2542044043408,19.7408836260379,20.227562847735,
20.7142420694321,21.2009212911292,21.6876005128263,22.1742797345234,22.6609589562205,
23.1476381779176,23.6343173996147,24.1209966213118,24.6076758430089,25.094355064706,
25.5810342864031,26.0677135081002,26.5543927297973,27.0410719514944,27.5277511731915,
28.0144303948886,28.5011096165857),.UNSPECIFIED.);
#39=B_SPLINE_SURFACE_WITH_KNOTS('',3,3,((#7281,#7282,#7283,#7284,#7285,
#7286,#7287,#7288,#7289,#7290,#7291,#7292,#7293,#7294,#7295,#7296,#7297,
#7298,#7299,#7300,#7301,#7302,#7303,#7304,#7305,#7306,#7307),(#7308,#7309,
#7310,#7311,#7312,#7313,#7314,#7315,#7316,#7317,#7318,#7319,#7320,#7321,
#7322,#7323,#7324,#7325,#7326,#7327,#7328,#7329,#7330,#7331,#7332,#7333,
#7334),(#7335,#7336,#7337,#7338,#7339,#7340,#7341,#7342,#7343,#7344,#7345,
#7346,#7347,#7348,#7349,#7350,#7351,#7352,#7353,#7354,#7355,#7356,#7357,
#7358,#7359,#7360,#7361),(#7362,#7363,#7364,#7365,#7366,#7367,#7368,#7369,
#7370,#7371,#7372,#7373,#7374,#7375,#7376,#7377,#7378,#7379,#7380,#7381,
#7382,#7383,#7384,#7385,#7386,#7387,#7388)),.UNSPECIFIED.,.F.,.F.,.F.,(4,
4),(4,1,1,1,1,1,1,1,1,1,1,1,1,1,1,1,1,1,1,1,1,1,1,1,4),(0.0342664295201287,
0.167378728960007),(5.81523067031666,6.3355088123384,6.85578695436013,7.37606509638187,
7.8963432384036,8.41662138042534,8.93689952244707,9.45717766446881,9.97745580649054,
10.6711599958529,11.3648641852152,12.0585683745775,12.7522725639398,13.4459767533021,
14.1396809426644,14.8333851320267,15.527089321389,16.2207935107514,16.9144977001137,
17.608201889476,18.3019060788383,18.82218422086,19.3424623628818,19.8627405049035,
20.3830186469252),.UNSPECIFIED.);
#40=B_SPLINE_SURFACE_WITH_KNOTS('',3,3,((#7570,#7571,#7572,#7573,#7574,
#7575,#7576,#7577,#7578,#7579,#7580,#7581,#7582,#7583,#7584,#7585,#7586,
#7587,#7588,#7589,#7590,#7591,#7592,#7593,#7594,#7595),(#7596,#7597,#7598,
#7599,#7600,#7601,#7602,#7603,#7604,#7605,#7606,#7607,#7608,#7609,#7610,
#7611,#7612,#7613,#7614,#7615,#7616,#7617,#7618,#7619,#7620,#7621),(#7622,
#7623,#7624,#7625,#7626,#7627,#7628,#7629,#7630,#7631,#7632,#7633,#7634,
#7635,#7636,#7637,#7638,#7639,#7640,#7641,#7642,#7643,#7644,#7645,#7646,
#7647),(#7648,#7649,#7650,#7651,#7652,#7653,#7654,#7655,#7656,#7657,#7658,
#7659,#7660,#7661,#7662,#7663,#7664,#7665,#7666,#7667,#7668,#7669,#7670,
#7671,#7672,#7673)),.UNSPECIFIED.,.F.,.F.,.F.,(4,4),(4,1,1,1,1,1,1,1,1,
1,1,1,1,1,1,1,1,1,1,1,1,1,1,4),(0.0635613787158421,0.196673678155722),(4.20335864203836,
4.72363678406009,5.24391492608183,5.76419306810356,6.2844712101253,6.97817539948761,
7.67187958884993,8.36558377821224,9.05928796757455,9.75299215693687,10.4466963462992,
11.1404005356615,11.8341047250238,12.5278089143861,13.2215131037484,13.9152172931107,
14.6089214824731,15.3026256718354,15.9963298611977,16.69003405056,17.2103121925817,
17.7305903346035,18.2508684766252,18.7711466186469),.UNSPECIFIED.);
#41=B_SPLINE_SURFACE_WITH_KNOTS('',3,3,((#7793,#7794,#7795,#7796,#7797,
#7798,#7799,#7800,#7801,#7802,#7803,#7804,#7805,#7806,#7807,#7808,#7809,
#7810,#7811,#7812,#7813,#7814,#7815,#7816,#7817,#7818,#7819,#7820,#7821),
(#7822,#7823,#7824,#7825,#7826,#7827,#7828,#7829,#7830,#7831,#7832,#7833,
#7834,#7835,#7836,#7837,#7838,#7839,#7840,#7841,#7842,#7843,#7844,#7845,
#7846,#7847,#7848,#7849,#7850),(#7851,#7852,#7853,#7854,#7855,#7856,#7857,
#7858,#7859,#7860,#7861,#7862,#7863,#7864,#7865,#7866,#7867,#7868,#7869,
#7870,#7871,#7872,#7873,#7874,#7875,#7876,#7877,#7878,#7879),(#7880,#7881,
#7882,#7883,#7884,#7885,#7886,#7887,#7888,#7889,#7890,#7891,#7892,#7893,
#7894,#7895,#7896,#7897,#7898,#7899,#7900,#7901,#7902,#7903,#7904,#7905,
#7906,#7907,#7908)),.UNSPECIFIED.,.F.,.F.,.F.,(4,4),(4,1,1,1,1,1,1,1,1,
1,1,1,1,1,1,1,1,1,1,1,1,1,1,1,1,1,4),(-0.145934488998906,1.14593448899891),
(5.11562703900511,5.62831001082488,6.14099298264464,6.6536759544644,7.16635892628416,
7.67904189810393,8.19172486992369,8.70440784174345,9.21709081356322,9.72977378538298,
10.2424567572027,10.7551397290225,11.2678227008423,11.780505672662,12.2931886444818,
12.8058716163016,13.3185545881213,14.002131883881,14.6857091796407,15.3692864754004,
16.0528637711601,16.7364410669197,17.4200183626794,17.9327013344992,18.445384306319,
18.9580672781387,19.4707502499585),.UNSPECIFIED.);
#42=SPHERICAL_SURFACE('',#3074,4.25);
#43=SPHERICAL_SURFACE('',#3120,5.75);
#44=SPHERICAL_SURFACE('',#3124,5.75);
#45=SPHERICAL_SURFACE('',#3128,5.75);
#46=SPHERICAL_SURFACE('',#3132,5.75);
#47=SPHERICAL_SURFACE('',#3181,4.35);
#48=SPHERICAL_SURFACE('',#3183,4.35);
#49=SPHERICAL_SURFACE('',#3185,4.35);
#50=SPHERICAL_SURFACE('',#3187,4.35);
#51=SPHERICAL_SURFACE('',#3190,4.35);
#52=FACE_BOUND('',#417,.T.);
#53=FACE_BOUND('',#424,.T.);
#54=FACE_BOUND('',#443,.T.);
#55=FACE_BOUND('',#446,.T.);
#56=FACE_BOUND('',#459,.T.);
#57=PLANE('',#3071);
#58=PLANE('',#3073);
#59=PLANE('',#3079);
#60=PLANE('',#3090);
#61=PLANE('',#3091);
#62=PLANE('',#3092);
#63=PLANE('',#3093);
#64=PLANE('',#3094);
#65=PLANE('',#3095);
#66=PLANE('',#3096);
#67=PLANE('',#3097);
#68=PLANE('',#3098);
#69=PLANE('',#3099);
#70=PLANE('',#3100);
#71=PLANE('',#3101);
#72=PLANE('',#3102);
#73=PLANE('',#3103);
#74=PLANE('',#3105);
#75=PLANE('',#3106);
#76=PLANE('',#3107);
#77=PLANE('',#3136);
#78=PLANE('',#3137);
#79=PLANE('',#3138);
#80=PLANE('',#3141);
#81=PLANE('',#3144);
#82=PLANE('',#3145);
#83=PLANE('',#3148);
#84=PLANE('',#3151);
#85=PLANE('',#3153);
#86=PLANE('',#3154);
#87=PLANE('',#3155);
#88=PLANE('',#3156);
#89=PLANE('',#3159);
#90=PLANE('',#3161);
#91=PLANE('',#3163);
#92=PLANE('',#3166);
#93=PLANE('',#3169);
#94=PLANE('',#3172);
#95=PLANE('',#3175);
#96=PLANE('',#3177);
#97=PLANE('',#3179);
#98=PLANE('',#3192);
#99=PLANE('',#3193);
#100=CONICAL_SURFACE('',#2903,13.5,0.785398163397451);
#101=CONICAL_SURFACE('',#2906,13.5,0.785398163397451);
#102=CONICAL_SURFACE('',#2909,13.5,0.785398163397451);
#103=CONICAL_SURFACE('',#2912,13.5,0.785398163397451);
#104=CONICAL_SURFACE('',#2915,13.5,0.785398163397451);
#105=CONICAL_SURFACE('',#2918,13.5,0.785398163397451);
#106=CONICAL_SURFACE('',#2921,13.5,0.785398163397451);
#107=CONICAL_SURFACE('',#2924,13.5,0.785398163397451);
#108=CONICAL_SURFACE('',#2927,13.5,0.785398163397451);
#109=CONICAL_SURFACE('',#2930,13.5,0.785398163397451);
#110=CONICAL_SURFACE('',#2933,13.5,0.785398163397451);
#111=CONICAL_SURFACE('',#2936,13.5,0.785398163397451);
#112=CONICAL_SURFACE('',#2939,13.5,0.785398163397451);
#113=CONICAL_SURFACE('',#2942,13.5,0.785398163397451);
#114=CONICAL_SURFACE('',#2945,13.5,0.785398163397451);
#115=CONICAL_SURFACE('',#2948,13.5,0.785398163397451);
#116=CONICAL_SURFACE('',#2951,13.5,0.785398163397451);
#117=CONICAL_SURFACE('',#2954,13.5,0.785398163397451);
#118=CONICAL_SURFACE('',#2957,13.5,0.785398163397451);
#119=CONICAL_SURFACE('',#2960,13.5,0.785398163397451);
#120=CONICAL_SURFACE('',#2963,13.5,0.785398163397451);
#121=CONICAL_SURFACE('',#2966,13.5,0.785398163397451);
#122=CONICAL_SURFACE('',#2969,13.5,0.785398163397451);
#123=CONICAL_SURFACE('',#2972,13.5,0.785398163397451);
#124=CONICAL_SURFACE('',#2975,13.5,0.785398163397451);
#125=CONICAL_SURFACE('',#2978,13.5,0.785398163397451);
#126=CONICAL_SURFACE('',#2981,13.5,0.785398163397451);
#127=CONICAL_SURFACE('',#2984,13.5,0.785398163397451);
#128=CONICAL_SURFACE('',#2987,13.5,0.785398163397451);
#129=CONICAL_SURFACE('',#2990,13.5,0.785398163397451);
#130=CONICAL_SURFACE('',#2993,13.5,0.785398163397451);
#131=CONICAL_SURFACE('',#2996,13.5,0.785398163397451);
#132=CONICAL_SURFACE('',#2999,13.5,0.785398163397451);
#133=CONICAL_SURFACE('',#3002,13.5,0.785398163397451);
#134=CONICAL_SURFACE('',#3005,13.5,0.785398163397451);
#135=CONICAL_SURFACE('',#3008,13.5,0.785398163397451);
#136=CONICAL_SURFACE('',#3011,13.5,0.785398163397451);
#137=CONICAL_SURFACE('',#3014,13.5,0.785398163397451);
#138=CONICAL_SURFACE('',#3017,13.5,0.785398163397451);
#139=CONICAL_SURFACE('',#3020,13.5,0.785398163397451);
#140=CONICAL_SURFACE('',#3023,13.5,0.785398163397451);
#141=CONICAL_SURFACE('',#3026,13.5,0.785398163397451);
#142=CONICAL_SURFACE('',#3029,13.5,0.785398163397451);
#143=CONICAL_SURFACE('',#3032,13.5,0.785398163397451);
#144=CONICAL_SURFACE('',#3035,13.5,0.785398163397451);
#145=CONICAL_SURFACE('',#3038,13.5,0.785398163397451);
#146=CONICAL_SURFACE('',#3041,13.5,0.785398163397451);
#147=CONICAL_SURFACE('',#3067,13.5,0.785398163397451);
#148=FACE_OUTER_BOUND('',#315,.T.);
#149=FACE_OUTER_BOUND('',#316,.T.);
#150=FACE_OUTER_BOUND('',#317,.T.);
#151=FACE_OUTER_BOUND('',#318,.T.);
#152=FACE_OUTER_BOUND('',#319,.T.);
#153=FACE_OUTER_BOUND('',#320,.T.);
#154=FACE_OUTER_BOUND('',#321,.T.);
#155=FACE_OUTER_BOUND('',#322,.T.);
#156=FACE_OUTER_BOUND('',#323,.T.);
#157=FACE_OUTER_BOUND('',#324,.T.);
#158=FACE_OUTER_BOUND('',#325,.T.);
#159=FACE_OUTER_BOUND('',#326,.T.);
#160=FACE_OUTER_BOUND('',#327,.T.);
#161=FACE_OUTER_BOUND('',#328,.T.);
#162=FACE_OUTER_BOUND('',#329,.T.);
#163=FACE_OUTER_BOUND('',#330,.T.);
#164=FACE_OUTER_BOUND('',#331,.T.);
#165=FACE_OUTER_BOUND('',#332,.T.);
#166=FACE_OUTER_BOUND('',#333,.T.);
#167=FACE_OUTER_BOUND('',#334,.T.);
#168=FACE_OUTER_BOUND('',#335,.T.);
#169=FACE_OUTER_BOUND('',#336,.T.);
#170=FACE_OUTER_BOUND('',#337,.T.);
#171=FACE_OUTER_BOUND('',#338,.T.);
#172=FACE_OUTER_BOUND('',#339,.T.);
#173=FACE_OUTER_BOUND('',#340,.T.);
#174=FACE_OUTER_BOUND('',#341,.T.);
#175=FACE_OUTER_BOUND('',#342,.T.);
#176=FACE_OUTER_BOUND('',#343,.T.);
#177=FACE_OUTER_BOUND('',#344,.T.);
#178=FACE_OUTER_BOUND('',#345,.T.);
#179=FACE_OUTER_BOUND('',#346,.T.);
#180=FACE_OUTER_BOUND('',#347,.T.);
#181=FACE_OUTER_BOUND('',#348,.T.);
#182=FACE_OUTER_BOUND('',#349,.T.);
#183=FACE_OUTER_BOUND('',#350,.T.);
#184=FACE_OUTER_BOUND('',#351,.T.);
#185=FACE_OUTER_BOUND('',#352,.T.);
#186=FACE_OUTER_BOUND('',#353,.T.);
#187=FACE_OUTER_BOUND('',#354,.T.);
#188=FACE_OUTER_BOUND('',#355,.T.);
#189=FACE_OUTER_BOUND('',#356,.T.);
#190=FACE_OUTER_BOUND('',#357,.T.);
#191=FACE_OUTER_BOUND('',#358,.T.);
#192=FACE_OUTER_BOUND('',#359,.T.);
#193=FACE_OUTER_BOUND('',#360,.T.);
#194=FACE_OUTER_BOUND('',#361,.T.);
#195=FACE_OUTER_BOUND('',#362,.T.);
#196=FACE_OUTER_BOUND('',#363,.T.);
#197=FACE_OUTER_BOUND('',#364,.T.);
#198=FACE_OUTER_BOUND('',#365,.T.);
#199=FACE_OUTER_BOUND('',#366,.T.);
#200=FACE_OUTER_BOUND('',#367,.T.);
#201=FACE_OUTER_BOUND('',#368,.T.);
#202=FACE_OUTER_BOUND('',#369,.T.);
#203=FACE_OUTER_BOUND('',#370,.T.);
#204=FACE_OUTER_BOUND('',#371,.T.);
#205=FACE_OUTER_BOUND('',#372,.T.);
#206=FACE_OUTER_BOUND('',#373,.T.);
#207=FACE_OUTER_BOUND('',#374,.T.);
#208=FACE_OUTER_BOUND('',#375,.T.);
#209=FACE_OUTER_BOUND('',#376,.T.);
#210=FACE_OUTER_BOUND('',#377,.T.);
#211=FACE_OUTER_BOUND('',#378,.T.);
#212=FACE_OUTER_BOUND('',#379,.T.);
#213=FACE_OUTER_BOUND('',#380,.T.);
#214=FACE_OUTER_BOUND('',#381,.T.);
#215=FACE_OUTER_BOUND('',#382,.T.);
#216=FACE_OUTER_BOUND('',#383,.T.);
#217=FACE_OUTER_BOUND('',#384,.T.);
#218=FACE_OUTER_BOUND('',#385,.T.);
#219=FACE_OUTER_BOUND('',#386,.T.);
#220=FACE_OUTER_BOUND('',#387,.T.);
#221=FACE_OUTER_BOUND('',#388,.T.);
#222=FACE_OUTER_BOUND('',#389,.T.);
#223=FACE_OUTER_BOUND('',#390,.T.);
#224=FACE_OUTER_BOUND('',#391,.T.);
#225=FACE_OUTER_BOUND('',#392,.T.);
#226=FACE_OUTER_BOUND('',#393,.T.);
#227=FACE_OUTER_BOUND('',#394,.T.);
#228=FACE_OUTER_BOUND('',#395,.T.);
#229=FACE_OUTER_BOUND('',#396,.T.);
#230=FACE_OUTER_BOUND('',#397,.T.);
#231=FACE_OUTER_BOUND('',#398,.T.);
#232=FACE_OUTER_BOUND('',#399,.T.);
#233=FACE_OUTER_BOUND('',#400,.T.);
#234=FACE_OUTER_BOUND('',#401,.T.);
#235=FACE_OUTER_BOUND('',#402,.T.);
#236=FACE_OUTER_BOUND('',#403,.T.);
#237=FACE_OUTER_BOUND('',#404,.T.);
#238=FACE_OUTER_BOUND('',#405,.T.);
#239=FACE_OUTER_BOUND('',#406,.T.);
#240=FACE_OUTER_BOUND('',#407,.T.);
#241=FACE_OUTER_BOUND('',#408,.T.);
#242=FACE_OUTER_BOUND('',#409,.T.);
#243=FACE_OUTER_BOUND('',#410,.T.);
#244=FACE_OUTER_BOUND('',#411,.T.);
#245=FACE_OUTER_BOUND('',#412,.T.);
#246=FACE_OUTER_BOUND('',#413,.T.);
#247=FACE_OUTER_BOUND('',#414,.T.);
#248=FACE_OUTER_BOUND('',#415,.T.);
#249=FACE_OUTER_BOUND('',#416,.T.);
#250=FACE_OUTER_BOUND('',#418,.T.);
#251=FACE_OUTER_BOUND('',#419,.T.);
#252=FACE_OUTER_BOUND('',#420,.T.);
#253=FACE_OUTER_BOUND('',#421,.T.);
#254=FACE_OUTER_BOUND('',#422,.T.);
#255=FACE_OUTER_BOUND('',#423,.T.);
#256=FACE_OUTER_BOUND('',#425,.T.);
#257=FACE_OUTER_BOUND('',#426,.T.);
#258=FACE_OUTER_BOUND('',#427,.T.);
#259=FACE_OUTER_BOUND('',#428,.T.);
#260=FACE_OUTER_BOUND('',#429,.T.);
#261=FACE_OUTER_BOUND('',#430,.T.);
#262=FACE_OUTER_BOUND('',#431,.T.);
#263=FACE_OUTER_BOUND('',#432,.T.);
#264=FACE_OUTER_BOUND('',#433,.T.);
#265=FACE_OUTER_BOUND('',#434,.T.);
#266=FACE_OUTER_BOUND('',#435,.T.);
#267=FACE_OUTER_BOUND('',#436,.T.);
#268=FACE_OUTER_BOUND('',#437,.T.);
#269=FACE_OUTER_BOUND('',#438,.T.);
#270=FACE_OUTER_BOUND('',#439,.T.);
#271=FACE_OUTER_BOUND('',#440,.T.);
#272=FACE_OUTER_BOUND('',#441,.T.);
#273=FACE_OUTER_BOUND('',#442,.T.);
#274=FACE_OUTER_BOUND('',#444,.T.);
#275=FACE_OUTER_BOUND('',#445,.T.);
#276=FACE_OUTER_BOUND('',#447,.T.);
#277=FACE_OUTER_BOUND('',#448,.T.);
#278=FACE_OUTER_BOUND('',#449,.T.);
#279=FACE_OUTER_BOUND('',#450,.T.);
#280=FACE_OUTER_BOUND('',#451,.T.);
#281=FACE_OUTER_BOUND('',#452,.T.);
#282=FACE_OUTER_BOUND('',#453,.T.);
#283=FACE_OUTER_BOUND('',#454,.T.);
#284=FACE_OUTER_BOUND('',#455,.T.);
#285=FACE_OUTER_BOUND('',#456,.T.);
#286=FACE_OUTER_BOUND('',#457,.T.);
#287=FACE_OUTER_BOUND('',#458,.T.);
#288=FACE_OUTER_BOUND('',#460,.T.);
#289=FACE_OUTER_BOUND('',#461,.T.);
#290=FACE_OUTER_BOUND('',#462,.T.);
#291=FACE_OUTER_BOUND('',#463,.T.);
#292=FACE_OUTER_BOUND('',#464,.T.);
#293=FACE_OUTER_BOUND('',#465,.T.);
#294=FACE_OUTER_BOUND('',#466,.T.);
#295=FACE_OUTER_BOUND('',#467,.T.);
#296=FACE_OUTER_BOUND('',#468,.T.);
#297=FACE_OUTER_BOUND('',#469,.T.);
#298=FACE_OUTER_BOUND('',#470,.T.);
#299=FACE_OUTER_BOUND('',#471,.T.);
#300=FACE_OUTER_BOUND('',#472,.T.);
#301=FACE_OUTER_BOUND('',#473,.T.);
#302=FACE_OUTER_BOUND('',#474,.T.);
#303=FACE_OUTER_BOUND('',#475,.T.);
#304=FACE_OUTER_BOUND('',#476,.T.);
#305=FACE_OUTER_BOUND('',#477,.T.);
#306=FACE_OUTER_BOUND('',#478,.T.);
#307=FACE_OUTER_BOUND('',#479,.T.);
#308=FACE_OUTER_BOUND('',#480,.T.);
#309=FACE_OUTER_BOUND('',#481,.T.);
#310=FACE_OUTER_BOUND('',#482,.T.);
#311=FACE_OUTER_BOUND('',#483,.T.);
#312=FACE_OUTER_BOUND('',#484,.T.);
#313=FACE_OUTER_BOUND('',#485,.T.);
#314=FACE_OUTER_BOUND('',#486,.T.);
#315=EDGE_LOOP('',(#1749,#1750,#1751,#1752));
#316=EDGE_LOOP('',(#1753,#1754,#1755,#1756));
#317=EDGE_LOOP('',(#1757,#1758,#1759,#1760));
#318=EDGE_LOOP('',(#1761,#1762,#1763,#1764));
#319=EDGE_LOOP('',(#1765,#1766,#1767,#1768,#1769));
#320=EDGE_LOOP('',(#1770,#1771,#1772,#1773,#1774,#1775));
#321=EDGE_LOOP('',(#1776,#1777,#1778,#1779,#1780,#1781));
#322=EDGE_LOOP('',(#1782,#1783,#1784,#1785,#1786,#1787));
#323=EDGE_LOOP('',(#1788,#1789,#1790,#1791,#1792,#1793));
#324=EDGE_LOOP('',(#1794,#1795,#1796,#1797,#1798,#1799));
#325=EDGE_LOOP('',(#1800,#1801,#1802,#1803,#1804,#1805));
#326=EDGE_LOOP('',(#1806,#1807,#1808,#1809,#1810,#1811));
#327=EDGE_LOOP('',(#1812,#1813,#1814,#1815,#1816,#1817));
#328=EDGE_LOOP('',(#1818,#1819,#1820,#1821,#1822,#1823));
#329=EDGE_LOOP('',(#1824,#1825,#1826,#1827,#1828,#1829));
#330=EDGE_LOOP('',(#1830,#1831,#1832,#1833,#1834,#1835));
#331=EDGE_LOOP('',(#1836,#1837,#1838,#1839,#1840,#1841));
#332=EDGE_LOOP('',(#1842,#1843,#1844,#1845,#1846,#1847));
#333=EDGE_LOOP('',(#1848,#1849,#1850,#1851,#1852,#1853));
#334=EDGE_LOOP('',(#1854,#1855,#1856,#1857,#1858,#1859));
#335=EDGE_LOOP('',(#1860,#1861,#1862,#1863,#1864,#1865));
#336=EDGE_LOOP('',(#1866,#1867,#1868,#1869,#1870,#1871));
#337=EDGE_LOOP('',(#1872,#1873,#1874,#1875,#1876,#1877));
#338=EDGE_LOOP('',(#1878,#1879,#1880,#1881,#1882,#1883));
#339=EDGE_LOOP('',(#1884,#1885,#1886,#1887,#1888,#1889));
#340=EDGE_LOOP('',(#1890,#1891,#1892,#1893,#1894,#1895));
#341=EDGE_LOOP('',(#1896,#1897,#1898,#1899,#1900,#1901));
#342=EDGE_LOOP('',(#1902,#1903,#1904,#1905,#1906,#1907));
#343=EDGE_LOOP('',(#1908,#1909,#1910,#1911,#1912,#1913));
#344=EDGE_LOOP('',(#1914,#1915,#1916,#1917));
#345=EDGE_LOOP('',(#1918,#1919,#1920,#1921));
#346=EDGE_LOOP('',(#1922,#1923,#1924,#1925));
#347=EDGE_LOOP('',(#1926,#1927,#1928,#1929));
#348=EDGE_LOOP('',(#1930,#1931,#1932,#1933));
#349=EDGE_LOOP('',(#1934,#1935,#1936,#1937));
#350=EDGE_LOOP('',(#1938,#1939,#1940,#1941));
#351=EDGE_LOOP('',(#1942,#1943,#1944,#1945));
#352=EDGE_LOOP('',(#1946,#1947,#1948,#1949));
#353=EDGE_LOOP('',(#1950,#1951,#1952,#1953));
#354=EDGE_LOOP('',(#1954,#1955,#1956,#1957));
#355=EDGE_LOOP('',(#1958,#1959,#1960,#1961));
#356=EDGE_LOOP('',(#1962,#1963,#1964,#1965));
#357=EDGE_LOOP('',(#1966,#1967,#1968,#1969));
#358=EDGE_LOOP('',(#1970,#1971,#1972,#1973));
#359=EDGE_LOOP('',(#1974,#1975,#1976,#1977));
#360=EDGE_LOOP('',(#1978,#1979,#1980,#1981));
#361=EDGE_LOOP('',(#1982,#1983,#1984,#1985));
#362=EDGE_LOOP('',(#1986,#1987,#1988,#1989));
#363=EDGE_LOOP('',(#1990,#1991,#1992,#1993));
#364=EDGE_LOOP('',(#1994,#1995,#1996,#1997));
#365=EDGE_LOOP('',(#1998,#1999,#2000,#2001));
#366=EDGE_LOOP('',(#2002,#2003,#2004,#2005));
#367=EDGE_LOOP('',(#2006,#2007,#2008,#2009));
#368=EDGE_LOOP('',(#2010,#2011,#2012,#2013));
#369=EDGE_LOOP('',(#2014,#2015,#2016,#2017));
#370=EDGE_LOOP('',(#2018,#2019,#2020,#2021));
#371=EDGE_LOOP('',(#2022,#2023,#2024,#2025));
#372=EDGE_LOOP('',(#2026,#2027,#2028,#2029));
#373=EDGE_LOOP('',(#2030,#2031,#2032,#2033));
#374=EDGE_LOOP('',(#2034,#2035,#2036,#2037));
#375=EDGE_LOOP('',(#2038,#2039,#2040,#2041));
#376=EDGE_LOOP('',(#2042,#2043,#2044,#2045));
#377=EDGE_LOOP('',(#2046,#2047,#2048,#2049));
#378=EDGE_LOOP('',(#2050,#2051,#2052,#2053));
#379=EDGE_LOOP('',(#2054,#2055,#2056,#2057));
#380=EDGE_LOOP('',(#2058,#2059,#2060,#2061));
#381=EDGE_LOOP('',(#2062,#2063,#2064,#2065));
#382=EDGE_LOOP('',(#2066,#2067,#2068,#2069));
#383=EDGE_LOOP('',(#2070,#2071,#2072,#2073));
#384=EDGE_LOOP('',(#2074,#2075,#2076,#2077));
#385=EDGE_LOOP('',(#2078,#2079,#2080,#2081));
#386=EDGE_LOOP('',(#2082,#2083,#2084,#2085));
#387=EDGE_LOOP('',(#2086,#2087,#2088,#2089));
#388=EDGE_LOOP('',(#2090,#2091,#2092,#2093));
#389=EDGE_LOOP('',(#2094,#2095,#2096,#2097));
#390=EDGE_LOOP('',(#2098,#2099,#2100,#2101));
#391=EDGE_LOOP('',(#2102,#2103,#2104,#2105));
#392=EDGE_LOOP('',(#2106,#2107,#2108,#2109));
#393=EDGE_LOOP('',(#2110,#2111,#2112,#2113));
#394=EDGE_LOOP('',(#2114,#2115,#2116,#2117));
#395=EDGE_LOOP('',(#2118,#2119,#2120,#2121));
#396=EDGE_LOOP('',(#2122,#2123,#2124,#2125));
#397=EDGE_LOOP('',(#2126,#2127,#2128,#2129));
#398=EDGE_LOOP('',(#2130,#2131,#2132,#2133));
#399=EDGE_LOOP('',(#2134,#2135,#2136,#2137));
#400=EDGE_LOOP('',(#2138,#2139,#2140,#2141));
#401=EDGE_LOOP('',(#2142,#2143,#2144,#2145));
#402=EDGE_LOOP('',(#2146,#2147,#2148,#2149));
#403=EDGE_LOOP('',(#2150,#2151,#2152,#2153));
#404=EDGE_LOOP('',(#2154,#2155,#2156,#2157));
#405=EDGE_LOOP('',(#2158,#2159,#2160,#2161));
#406=EDGE_LOOP('',(#2162,#2163,#2164,#2165));
#407=EDGE_LOOP('',(#2166,#2167,#2168,#2169));
#408=EDGE_LOOP('',(#2170,#2171,#2172,#2173));
#409=EDGE_LOOP('',(#2174,#2175,#2176,#2177));
#410=EDGE_LOOP('',(#2178,#2179,#2180,#2181));
#411=EDGE_LOOP('',(#2182,#2183,#2184,#2185));
#412=EDGE_LOOP('',(#2186,#2187,#2188,#2189));
#413=EDGE_LOOP('',(#2190,#2191,#2192,#2193));
#414=EDGE_LOOP('',(#2194,#2195,#2196,#2197));
#415=EDGE_LOOP('',(#2198,#2199,#2200,#2201));
#416=EDGE_LOOP('',(#2202,#2203,#2204,#2205,#2206,#2207,#2208,#2209,#2210,
#2211,#2212,#2213,#2214,#2215,#2216,#2217,#2218,#2219,#2220,#2221,#2222,
#2223,#2224,#2225));
#417=EDGE_LOOP('',(#2226,#2227,#2228,#2229,#2230));
#418=EDGE_LOOP('',(#2231,#2232,#2233,#2234,#2235,#2236,#2237,#2238,#2239,
#2240,#2241,#2242,#2243,#2244,#2245,#2246,#2247,#2248,#2249,#2250,#2251,
#2252,#2253,#2254));
#419=EDGE_LOOP('',(#2255,#2256,#2257));
#420=EDGE_LOOP('',(#2258,#2259,#2260,#2261));
#421=EDGE_LOOP('',(#2262,#2263,#2264,#2265,#2266,#2267,#2268,#2269));
#422=EDGE_LOOP('',(#2270,#2271,#2272,#2273));
#423=EDGE_LOOP('',(#2274,#2275,#2276,#2277));
#424=EDGE_LOOP('',(#2278));
#425=EDGE_LOOP('',(#2279,#2280,#2281));
#426=EDGE_LOOP('',(#2282,#2283,#2284,#2285,#2286,#2287,#2288,#2289,#2290));
#427=EDGE_LOOP('',(#2291,#2292,#2293));
#428=EDGE_LOOP('',(#2294,#2295,#2296,#2297,#2298));
#429=EDGE_LOOP('',(#2299,#2300,#2301));
#430=EDGE_LOOP('',(#2302,#2303,#2304,#2305,#2306,#2307));
#431=EDGE_LOOP('',(#2308,#2309,#2310,#2311,#2312));
#432=EDGE_LOOP('',(#2313,#2314,#2315,#2316,#2317,#2318));
#433=EDGE_LOOP('',(#2319,#2320,#2321,#2322));
#434=EDGE_LOOP('',(#2323,#2324,#2325,#2326));
#435=EDGE_LOOP('',(#2327,#2328,#2329,#2330));
#436=EDGE_LOOP('',(#2331,#2332,#2333,#2334));
#437=EDGE_LOOP('',(#2335,#2336,#2337,#2338));
#438=EDGE_LOOP('',(#2339,#2340,#2341,#2342));
#439=EDGE_LOOP('',(#2343,#2344,#2345,#2346));
#440=EDGE_LOOP('',(#2347,#2348,#2349,#2350));
#441=EDGE_LOOP('',(#2351,#2352,#2353,#2354));
#442=EDGE_LOOP('',(#2355,#2356,#2357,#2358));
#443=EDGE_LOOP('',(#2359,#2360,#2361,#2362,#2363));
#444=EDGE_LOOP('',(#2364,#2365,#2366,#2367));
#445=EDGE_LOOP('',(#2368,#2369,#2370,#2371));
#446=EDGE_LOOP('',(#2372,#2373,#2374,#2375,#2376));
#447=EDGE_LOOP('',(#2377,#2378,#2379,#2380));
#448=EDGE_LOOP('',(#2381,#2382,#2383,#2384,#2385,#2386,#2387,#2388,#2389,
#2390,#2391,#2392));
#449=EDGE_LOOP('',(#2393,#2394,#2395,#2396,#2397,#2398,#2399,#2400,#2401,
#2402,#2403,#2404));
#450=EDGE_LOOP('',(#2405,#2406,#2407,#2408));
#451=EDGE_LOOP('',(#2409,#2410,#2411,#2412));
#452=EDGE_LOOP('',(#2413,#2414,#2415,#2416));
#453=EDGE_LOOP('',(#2417,#2418,#2419,#2420,#2421,#2422,#2423,#2424,#2425,
#2426,#2427,#2428,#2429,#2430,#2431,#2432,#2433,#2434,#2435,#2436));
#454=EDGE_LOOP('',(#2437,#2438,#2439,#2440));
#455=EDGE_LOOP('',(#2441,#2442,#2443,#2444));
#456=EDGE_LOOP('',(#2445,#2446,#2447,#2448));
#457=EDGE_LOOP('',(#2449,#2450,#2451,#2452));
#458=EDGE_LOOP('',(#2453,#2454,#2455,#2456));
#459=EDGE_LOOP('',(#2457));
#460=EDGE_LOOP('',(#2458,#2459,#2460,#2461,#2462,#2463,#2464,#2465));
#461=EDGE_LOOP('',(#2466,#2467,#2468,#2469,#2470,#2471));
#462=EDGE_LOOP('',(#2472,#2473,#2474,#2475,#2476,#2477));
#463=EDGE_LOOP('',(#2478,#2479,#2480,#2481,#2482,#2483,#2484,#2485));
#464=EDGE_LOOP('',(#2486,#2487,#2488,#2489,#2490,#2491));
#465=EDGE_LOOP('',(#2492,#2493,#2494,#2495,#2496,#2497));
#466=EDGE_LOOP('',(#2498,#2499,#2500,#2501));
#467=EDGE_LOOP('',(#2502,#2503,#2504,#2505));
#468=EDGE_LOOP('',(#2506,#2507,#2508,#2509));
#469=EDGE_LOOP('',(#2510,#2511,#2512,#2513));
#470=EDGE_LOOP('',(#2514,#2515,#2516,#2517,#2518,#2519));
#471=EDGE_LOOP('',(#2520,#2521,#2522,#2523));
#472=EDGE_LOOP('',(#2524,#2525,#2526,#2527));
#473=EDGE_LOOP('',(#2528,#2529,#2530,#2531,#2532,#2533));
#474=EDGE_LOOP('',(#2534,#2535,#2536,#2537,#2538,#2539));
#475=EDGE_LOOP('',(#2540,#2541,#2542,#2543,#2544,#2545));
#476=EDGE_LOOP('',(#2546,#2547,#2548,#2549,#2550,#2551));
#477=EDGE_LOOP('',(#2552,#2553,#2554,#2555));
#478=EDGE_LOOP('',(#2556,#2557,#2558,#2559));
#479=EDGE_LOOP('',(#2560,#2561,#2562,#2563));
#480=EDGE_LOOP('',(#2564,#2565,#2566,#2567));
#481=EDGE_LOOP('',(#2568,#2569,#2570,#2571));
#482=EDGE_LOOP('',(#2572,#2573,#2574,#2575));
#483=EDGE_LOOP('',(#2576,#2577,#2578,#2579));
#484=EDGE_LOOP('',(#2580,#2581,#2582,#2583,#2584,#2585,#2586,#2587,#2588,
#2589,#2590,#2591,#2592,#2593,#2594,#2595,#2596,#2597,#2598));
#485=EDGE_LOOP('',(#2599,#2600,#2601,#2602));
#486=EDGE_LOOP('',(#2603,#2604,#2605,#2606));
#487=CIRCLE('',#2873,4.5);
#488=CIRCLE('',#2878,4.5);
#489=CIRCLE('',#2904,14.);
#490=CIRCLE('',#2905,13.);
#491=CIRCLE('',#2907,14.);
#492=CIRCLE('',#2908,13.);
#493=CIRCLE('',#2910,14.);
#494=CIRCLE('',#2911,13.);
#495=CIRCLE('',#2913,14.);
#496=CIRCLE('',#2914,13.);
#497=CIRCLE('',#2916,14.);
#498=CIRCLE('',#2917,13.);
#499=CIRCLE('',#2919,14.);
#500=CIRCLE('',#2920,13.);
#501=CIRCLE('',#2922,13.);
#502=CIRCLE('',#2923,14.);
#503=CIRCLE('',#2925,13.);
#504=CIRCLE('',#2926,14.);
#505=CIRCLE('',#2928,13.);
#506=CIRCLE('',#2929,14.);
#507=CIRCLE('',#2931,13.);
#508=CIRCLE('',#2932,14.);
#509=CIRCLE('',#2934,13.);
#510=CIRCLE('',#2935,14.);
#511=CIRCLE('',#2937,13.);
#512=CIRCLE('',#2938,14.);
#513=CIRCLE('',#2940,14.);
#514=CIRCLE('',#2941,13.);
#515=CIRCLE('',#2943,13.);
#516=CIRCLE('',#2944,14.);
#517=CIRCLE('',#2946,14.);
#518=CIRCLE('',#2947,13.);
#519=CIRCLE('',#2949,13.);
#520=CIRCLE('',#2950,14.);
#521=CIRCLE('',#2952,14.);
#522=CIRCLE('',#2953,13.);
#523=CIRCLE('',#2955,13.);
#524=CIRCLE('',#2956,14.);
#525=CIRCLE('',#2958,14.);
#526=CIRCLE('',#2959,13.);
#527=CIRCLE('',#2961,13.);
#528=CIRCLE('',#2962,14.);
#529=CIRCLE('',#2964,14.);
#530=CIRCLE('',#2965,13.);
#531=CIRCLE('',#2967,13.);
#532=CIRCLE('',#2968,14.);
#533=CIRCLE('',#2970,14.);
#534=CIRCLE('',#2971,13.);
#535=CIRCLE('',#2973,13.);
#536=CIRCLE('',#2974,14.);
#537=CIRCLE('',#2976,13.);
#538=CIRCLE('',#2977,14.);
#539=CIRCLE('',#2979,13.);
#540=CIRCLE('',#2980,14.);
#541=CIRCLE('',#2982,13.);
#542=CIRCLE('',#2983,14.);
#543=CIRCLE('',#2985,13.);
#544=CIRCLE('',#2986,14.);
#545=CIRCLE('',#2988,13.);
#546=CIRCLE('',#2989,14.);
#547=CIRCLE('',#2991,13.);
#548=CIRCLE('',#2992,14.);
#549=CIRCLE('',#2994,13.);
#550=CIRCLE('',#2995,14.);
#551=CIRCLE('',#2997,13.);
#552=CIRCLE('',#2998,14.);
#553=CIRCLE('',#3000,13.);
#554=CIRCLE('',#3001,14.);
#555=CIRCLE('',#3003,13.);
#556=CIRCLE('',#3004,14.);
#557=CIRCLE('',#3006,13.);
#558=CIRCLE('',#3007,14.);
#559=CIRCLE('',#3009,13.);
#560=CIRCLE('',#3010,14.);
#561=CIRCLE('',#3012,14.);
#562=CIRCLE('',#3013,13.);
#563=CIRCLE('',#3015,14.);
#564=CIRCLE('',#3016,13.);
#565=CIRCLE('',#3018,14.);
#566=CIRCLE('',#3019,13.);
#567=CIRCLE('',#3021,14.);
#568=CIRCLE('',#3022,13.);
#569=CIRCLE('',#3024,14.);
#570=CIRCLE('',#3025,13.);
#571=CIRCLE('',#3027,14.);
#572=CIRCLE('',#3028,13.);
#573=CIRCLE('',#3030,14.);
#574=CIRCLE('',#3031,13.);
#575=CIRCLE('',#3033,14.);
#576=CIRCLE('',#3034,13.);
#577=CIRCLE('',#3036,14.);
#578=CIRCLE('',#3037,13.);
#579=CIRCLE('',#3039,14.);
#580=CIRCLE('',#3040,13.);
#581=CIRCLE('',#3042,14.);
#582=CIRCLE('',#3043,13.);
#583=CIRCLE('',#3068,14.);
#584=CIRCLE('',#3069,13.);
#585=CIRCLE('',#3072,4.5);
#586=CIRCLE('',#3075,3.);
#587=CIRCLE('',#3076,4.25);
#588=CIRCLE('',#3078,3.);
#589=CIRCLE('',#3083,4.6);
#590=CIRCLE('',#3085,4.6);
#591=CIRCLE('',#3087,4.6);
#592=CIRCLE('',#3089,4.6);
#593=CIRCLE('',#3109,6.68182512234095);
#594=CIRCLE('',#3110,5.55371724296015);
#595=CIRCLE('',#3111,6.68182512234095);
#596=CIRCLE('',#3112,1.2);
#597=CIRCLE('',#3113,6.71275388496923);
#598=CIRCLE('',#3114,6.68182512234095);
#599=CIRCLE('',#3115,5.55371724296015);
#600=CIRCLE('',#3116,6.68182512234095);
#601=CIRCLE('',#3117,5.55371724296015);
#602=CIRCLE('',#3118,6.68182512234095);
#603=CIRCLE('',#3119,5.55371724296015);
#604=CIRCLE('',#3121,5.7282196186948);
#605=CIRCLE('',#3122,5.39096466321196);
#606=CIRCLE('',#3123,5.7282196186948);
#607=CIRCLE('',#3125,5.7282196186948);
#608=CIRCLE('',#3126,5.39096466321196);
#609=CIRCLE('',#3127,5.7282196186948);
#610=CIRCLE('',#3129,5.7282196186948);
#611=CIRCLE('',#3130,5.39096466321196);
#612=CIRCLE('',#3131,5.7282196186948);
#613=CIRCLE('',#3133,5.7282196186948);
#614=CIRCLE('',#3134,5.39096466321196);
#615=CIRCLE('',#3135,5.7282196186948);
#616=CIRCLE('',#3139,4.32116882336249);
#617=CIRCLE('',#3140,4.32116882336249);
#618=CIRCLE('',#3142,4.32116882336249);
#619=CIRCLE('',#3143,4.32116882336249);
#620=CIRCLE('',#3146,4.32116882336249);
#621=CIRCLE('',#3147,4.32116882336249);
#622=CIRCLE('',#3149,3.1598708417239);
#623=CIRCLE('',#3150,3.1598708417239);
#624=CIRCLE('',#3152,3.1598708417239);
#625=CIRCLE('',#3157,4.32116882336249);
#626=CIRCLE('',#3158,4.32116882336249);
#627=CIRCLE('',#3160,3.1598708417239);
#628=CIRCLE('',#3162,3.1598708417239);
#629=CIRCLE('',#3164,4.32116882336249);
#630=CIRCLE('',#3165,4.32116882336249);
#631=CIRCLE('',#3167,4.32116882336249);
#632=CIRCLE('',#3168,4.32116882336249);
#633=CIRCLE('',#3170,4.32116882336249);
#634=CIRCLE('',#3171,4.32116882336249);
#635=CIRCLE('',#3173,4.32116882336249);
#636=CIRCLE('',#3174,4.32116882336249);
#637=CIRCLE('',#3176,3.86296518234374);
#638=CIRCLE('',#3178,3.86296518234374);
#639=CIRCLE('',#3180,3.86296518234374);
#640=CIRCLE('',#3182,4.34999689276293);
#641=CIRCLE('',#3184,4.34999689276293);
#642=CIRCLE('',#3186,4.34999689276293);
#643=CIRCLE('',#3188,3.86296518234374);
#644=CIRCLE('',#3189,4.34999689276293);
#645=CIRCLE('',#3191,4.35);
#646=B_SPLINE_CURVE_WITH_KNOTS('',3,(#3991,#3992,#3993,#3994,#3995,#3996,
#3997,#3998,#3999,#4000,#4001,#4002,#4003,#4004,#4005,#4006,#4007,#4008,
#4009,#4010,#4011,#4012,#4013,#4014,#4015,#4016,#4017,#4018,#4019,#4020,
#4021),.UNSPECIFIED.,.F.,.F.,(4,3,3,3,3,3,3,3,3,3,4),(24.4074049507465,
24.5939463882303,25.0806256099274,25.5673048316245,26.0539840533216,26.5406632750187,
27.0273424967158,27.5140217184129,28.00070094011,28.4873801618072,28.5515407345069),
 .UNSPECIFIED.);
#647=B_SPLINE_CURVE_WITH_KNOTS('',3,(#4024,#4025,#4026,#4027),
 .UNSPECIFIED.,.F.,.F.,(4,4),(-28.5011096165857,-28.2743338823081),
 .UNSPECIFIED.);
#648=B_SPLINE_CURVE_WITH_KNOTS('',3,(#4032,#4033,#4034,#4035,#4036,#4037,
#4038,#4039,#4040,#4041,#4042,#4043,#4044,#4045,#4046,#4047,#4048,#4049,
#4050,#4051,#4052,#4053,#4054,#4055,#4056,#4057,#4058,#4059,#4060,#4061,
#4062,#4063,#4064,#4065,#4066,#4067,#4068,#4069,#4070,#4071,#4072,#4073,
#4074),.UNSPECIFIED.,.F.,.F.,(4,3,3,3,3,3,3,3,3,3,3,3,3,3,4),(18.1242196435669,
18.2671165061678,18.753795727865,19.2404749495621,19.7271541712592,20.2138333929563,
20.7005126146534,21.1871918363505,21.6738710580476,22.1605502797447,22.6472295014418,
23.1339087231389,23.6205879448361,24.1072671665332,24.4074049507465),
 .UNSPECIFIED.);
#649=B_SPLINE_CURVE_WITH_KNOTS('',3,(#4075,#4076,#4077,#4078,#4079,#4080,
#4081,#4082,#4083,#4084,#4085,#4086,#4087,#4088,#4089,#4090,#4091,#4092,
#4093,#4094,#4095,#4096,#4097,#4098,#4099,#4100,#4101,#4102,#4103,#4104,
#4105,#4106,#4107,#4108,#4109,#4110,#4111,#4112,#4113,#4114,#4115,#4116,
#4117),.UNSPECIFIED.,.F.,.F.,(4,3,3,3,3,3,3,3,3,3,3,3,3,3,4),(-28.2743338823081,
-28.0144303948886,-27.5277511731915,-27.0410719514944,-26.5543927297973,
-26.0677135081002,-25.5810342864031,-25.094355064706,-24.6076758430089,
-24.1209966213118,-23.6343173996147,-23.1476381779176,-22.6609589562205,
-22.1742797345234,-21.9911485751286),.UNSPECIFIED.);
#650=B_SPLINE_CURVE_WITH_KNOTS('',3,(#4122,#4123,#4124,#4125,#4126,#4127,
#4128,#4129,#4130,#4131,#4132,#4133,#4134,#4135,#4136,#4137,#4138,#4139,
#4140,#4141,#4142,#4143,#4144,#4145,#4146,#4147,#4148,#4149,#4150,#4151,
#4152,#4153,#4154,#4155,#4156,#4157,#4158,#4159,#4160,#4161,#4162,#4163,
#4164),.UNSPECIFIED.,.F.,.F.,(4,3,3,3,3,3,3,3,3,3,3,3,3,3,4),(11.8410343363873,
11.9402866241054,12.4269658458025,12.9136450674996,13.4003242891967,13.8870035108938,
14.373682732591,14.8603619542881,15.3470411759852,15.8337203976823,16.3203996193794,
16.8070788410765,17.2937580627736,17.7804372844707,18.1242196435669),
 .UNSPECIFIED.);
#651=B_SPLINE_CURVE_WITH_KNOTS('',3,(#4165,#4166,#4167,#4168,#4169,#4170,
#4171,#4172,#4173,#4174,#4175,#4176,#4177,#4178,#4179,#4180,#4181,#4182,
#4183,#4184,#4185,#4186,#4187,#4188,#4189,#4190,#4191,#4192,#4193,#4194,
#4195,#4196,#4197,#4198,#4199,#4200,#4201,#4202,#4203,#4204,#4205,#4206,
#4207),.UNSPECIFIED.,.F.,.F.,(4,3,3,3,3,3,3,3,3,3,3,3,3,3,4),(-21.9911485751286,
-21.6876005128263,-21.2009212911292,-20.7142420694321,-20.227562847735,
-19.7408836260379,-19.2542044043408,-18.7675251826437,-18.2808459609466,
-17.7941667392495,-17.3074875175524,-16.8208082958553,-16.3341290741582,
-15.8474498524611,-15.707963267949),.UNSPECIFIED.);
#652=B_SPLINE_CURVE_WITH_KNOTS('',3,(#4212,#4213,#4214,#4215,#4216,#4217,
#4218,#4219,#4220,#4221,#4222,#4223,#4224,#4225,#4226,#4227,#4228,#4229,
#4230,#4231,#4232,#4233,#4234,#4235,#4236,#4237,#4238,#4239,#4240,#4241,
#4242,#4243,#4244,#4245,#4246,#4247,#4248,#4249,#4250,#4251,#4252,#4253,
#4254),.UNSPECIFIED.,.F.,.F.,(4,3,3,3,3,3,3,3,3,3,3,3,3,3,4),(5.55784902920774,
5.61345674204296,6.10013596374007,6.58681518543719,7.0734944071343,7.56017362883141,
8.04685285052852,8.53353207222563,9.02021129392274,9.50689051561985,9.99356973731696,
10.4802489590141,10.9669281807112,11.4536074024083,11.8410343363873),
 .UNSPECIFIED.);
#653=B_SPLINE_CURVE_WITH_KNOTS('',3,(#4255,#4256,#4257,#4258,#4259,#4260,
#4261,#4262,#4263,#4264,#4265,#4266,#4267,#4268,#4269,#4270,#4271,#4272,
#4273,#4274,#4275,#4276,#4277,#4278,#4279,#4280,#4281,#4282,#4283,#4284,
#4285,#4286,#4287,#4288,#4289,#4290,#4291,#4292,#4293,#4294,#4295,#4296,
#4297),.UNSPECIFIED.,.F.,.F.,(4,3,3,3,3,3,3,3,3,3,3,3,3,3,4),(-15.707963267949,
-15.360770630764,-14.8740914090669,-14.3874121873698,-13.9007329656727,
-13.4140537439756,-12.9273745222785,-12.4406953005814,-11.9540160788843,
-11.4673368571872,-10.9806576354901,-10.493978413793,-10.0072991920959,
-9.52061997039881,-9.42477796076938),.UNSPECIFIED.);
#654=B_SPLINE_CURVE_WITH_KNOTS('',3,(#4304,#4305,#4306,#4307,#4308,#4309,
#4310,#4311,#4312,#4313,#4314,#4315,#4316,#4317,#4318,#4319,#4320,#4321,
#4322,#4323,#4324,#4325,#4326,#4327,#4328,#4329,#4330,#4331),
 .UNSPECIFIED.,.F.,.F.,(4,3,3,3,3,3,3,3,3,4),(1.23334374676954,1.72002296846608,
2.20670219016319,2.6933814118603,3.18006063355741,3.66673985525452,4.15341907695163,
4.64009829864874,5.12677752034585,5.55784902920774),.UNSPECIFIED.);
#655=B_SPLINE_CURVE_WITH_KNOTS('',3,(#4332,#4333,#4334,#4335,#4336,#4337,
#4338,#4339,#4340,#4341,#4342,#4343,#4344,#4345,#4346,#4347,#4348,#4349,
#4350,#4351,#4352,#4353,#4354,#4355,#4356,#4357,#4358,#4359,#4360,#4361,
#4362,#4363,#4364,#4365,#4366,#4367,#4368,#4369,#4370,#4371,#4372,#4373,
#4374),.UNSPECIFIED.,.F.,.F.,(4,3,3,3,3,3,3,3,3,3,3,3,3,3,4),(-9.42477796076938,
-9.03394074870171,-8.54726152700461,-8.06058230530751,-7.57390308361041,
-7.0872238619133,-6.6005446402162,-6.1138654185191,-5.627186196822,-5.1405069751249,
-4.6538277534278,-4.1671485317307,-3.6804693100336,-3.1937900883365,-3.1415926535898),
 .UNSPECIFIED.);
#656=B_SPLINE_CURVE_WITH_KNOTS('',3,(#4378,#4379,#4380,#4381,#4382,#4383,
#4384,#4385,#4386,#4387,#4388,#4389),.UNSPECIFIED.,.F.,.F.,(4,2,2,2,2,4),
(0.175173592333409,0.210559674824849,0.245945757316289,0.298146470991554,
0.350347184666819,0.355365890506223),.UNSPECIFIED.);
#657=B_SPLINE_CURVE_WITH_KNOTS('',3,(#4391,#4392,#4393,#4394,#4395,#4396,
#4397,#4398,#4399,#4400,#4401,#4402,#4403),.UNSPECIFIED.,.F.,.F.,(4,3,2,
2,2,4),(-0.00501870584899342,0.,0.052200713675265,0.10440142735053,0.13978750984197,
0.175173592333409),.UNSPECIFIED.);
#658=B_SPLINE_CURVE_WITH_KNOTS('',3,(#4407,#4408,#4409,#4410,#4411,#4412,
#4413,#4414,#4415,#4416,#4417,#4418,#4419),.UNSPECIFIED.,.F.,.F.,(4,2,2,
2,3,4),(-0.175173592333409,-0.13978750984197,-0.10440142735053,-0.0522007136752649,
0.,0.00501870583940519),.UNSPECIFIED.);
#659=B_SPLINE_CURVE_WITH_KNOTS('',3,(#4421,#4422,#4423,#4424,#4425,#4426,
#4427,#4428,#4429,#4430,#4431,#4432),.UNSPECIFIED.,.F.,.F.,(4,2,2,2,2,4),
(-0.355365890515811,-0.350347184666819,-0.298146470991554,-0.245945757316289,
-0.210559674824849,-0.175173592333409),.UNSPECIFIED.);
#660=B_SPLINE_CURVE_WITH_KNOTS('',3,(#4437,#4438,#4439,#4440,#4441,#4442,
#4443,#4444,#4445,#4446,#4447,#4448),.UNSPECIFIED.,.F.,.F.,(4,2,2,2,2,4),
(0.175173592333409,0.210559674824849,0.245945757316288,0.298146470991553,
0.350347184666818,0.355365890506222),.UNSPECIFIED.);
#661=B_SPLINE_CURVE_WITH_KNOTS('',3,(#4450,#4451,#4452,#4453,#4454,#4455,
#4456,#4457,#4458,#4459,#4460,#4461,#4462),.UNSPECIFIED.,.F.,.F.,(4,3,2,
2,2,4),(-0.00501870584899242,0.,0.0522007136752647,0.104401427350529,0.139787509841969,
0.175173592333409),.UNSPECIFIED.);
#662=B_SPLINE_CURVE_WITH_KNOTS('',3,(#4466,#4467,#4468,#4469,#4470,#4471,
#4472,#4473,#4474,#4475,#4476,#4477,#4478),.UNSPECIFIED.,.F.,.F.,(4,2,2,
2,3,4),(-0.175173592333409,-0.139787509841969,-0.104401427350529,-0.0522007136752647,
0.,0.00501870583940397),.UNSPECIFIED.);
#663=B_SPLINE_CURVE_WITH_KNOTS('',3,(#4480,#4481,#4482,#4483,#4484,#4485,
#4486,#4487,#4488,#4489,#4490,#4491),.UNSPECIFIED.,.F.,.F.,(4,2,2,2,2,4),
(-0.35536589051581,-0.350347184666818,-0.298146470991553,-0.245945757316288,
-0.210559674824849,-0.175173592333409),.UNSPECIFIED.);
#664=B_SPLINE_CURVE_WITH_KNOTS('',3,(#4496,#4497,#4498,#4499,#4500,#4501,
#4502,#4503,#4504,#4505,#4506,#4507),.UNSPECIFIED.,.F.,.F.,(4,2,2,2,2,4),
(0.175173592333409,0.210559674824849,0.245945757316289,0.298146470991554,
0.350347184666819,0.355365890506222),.UNSPECIFIED.);
#665=B_SPLINE_CURVE_WITH_KNOTS('',3,(#4509,#4510,#4511,#4512,#4513,#4514,
#4515,#4516,#4517,#4518,#4519,#4520,#4521),.UNSPECIFIED.,.F.,.F.,(4,3,2,
2,2,4),(-0.00501870584899248,0.,0.052200713675265,0.10440142735053,0.13978750984197,
0.175173592333409),.UNSPECIFIED.);
#666=B_SPLINE_CURVE_WITH_KNOTS('',3,(#4525,#4526,#4527,#4528,#4529,#4530,
#4531,#4532,#4533,#4534,#4535,#4536,#4537),.UNSPECIFIED.,.F.,.F.,(4,2,2,
2,3,4),(-0.175173592333409,-0.13978750984197,-0.10440142735053,-0.052200713675265,
0.,0.00501870583940417),.UNSPECIFIED.);
#667=B_SPLINE_CURVE_WITH_KNOTS('',3,(#4539,#4540,#4541,#4542,#4543,#4544,
#4545,#4546,#4547,#4548,#4549,#4550),.UNSPECIFIED.,.F.,.F.,(4,2,2,2,2,4),
(-0.355365890515811,-0.350347184666819,-0.298146470991554,-0.245945757316289,
-0.210559674824849,-0.175173592333409),.UNSPECIFIED.);
#668=B_SPLINE_CURVE_WITH_KNOTS('',3,(#4555,#4556,#4557,#4558,#4559,#4560,
#4561,#4562,#4563,#4564,#4565,#4566),.UNSPECIFIED.,.F.,.F.,(4,2,2,2,2,4),
(0.175173592333409,0.210559674824849,0.245945757316288,0.298146470991553,
0.350347184666817,0.355365890506222),.UNSPECIFIED.);
#669=B_SPLINE_CURVE_WITH_KNOTS('',3,(#4568,#4569,#4570,#4571,#4572,#4573,
#4574,#4575,#4576,#4577,#4578,#4579,#4580),.UNSPECIFIED.,.F.,.F.,(4,3,2,
2,2,4),(-0.00501870584899119,0.,0.0522007136752646,0.104401427350529,0.139787509841969,
0.175173592333409),.UNSPECIFIED.);
#670=B_SPLINE_CURVE_WITH_KNOTS('',3,(#4584,#4585,#4586,#4587,#4588,#4589,
#4590,#4591,#4592,#4593,#4594,#4595,#4596),.UNSPECIFIED.,.F.,.F.,(4,2,2,
2,3,4),(-0.175173592333409,-0.139787509841969,-0.104401427350529,-0.0522007136752646,
0.,0.00501870583940379),.UNSPECIFIED.);
#671=B_SPLINE_CURVE_WITH_KNOTS('',3,(#4598,#4599,#4600,#4601,#4602,#4603,
#4604,#4605,#4606,#4607,#4608,#4609),.UNSPECIFIED.,.F.,.F.,(4,2,2,2,2,4),
(-0.35536589051581,-0.350347184666817,-0.298146470991553,-0.245945757316288,
-0.210559674824848,-0.175173592333409),.UNSPECIFIED.);
#672=B_SPLINE_CURVE_WITH_KNOTS('',3,(#4614,#4615,#4616,#4617,#4618,#4619,
#4620,#4621,#4622,#4623,#4624,#4625),.UNSPECIFIED.,.F.,.F.,(4,2,2,2,2,4),
(0.175173592333409,0.210559674824848,0.245945757316288,0.298146470991553,
0.350347184666818,0.355365890506222),.UNSPECIFIED.);
#673=B_SPLINE_CURVE_WITH_KNOTS('',3,(#4627,#4628,#4629,#4630,#4631,#4632,
#4633,#4634,#4635,#4636,#4637,#4638,#4639),.UNSPECIFIED.,.F.,.F.,(4,3,2,
2,2,4),(-0.00501870584899283,0.,0.0522007136752647,0.104401427350529,0.139787509841969,
0.175173592333409),.UNSPECIFIED.);
#674=B_SPLINE_CURVE_WITH_KNOTS('',3,(#4643,#4644,#4645,#4646,#4647,#4648,
#4649,#4650,#4651,#4652,#4653,#4654,#4655),.UNSPECIFIED.,.F.,.F.,(4,2,2,
2,3,4),(-0.175173592333409,-0.139787509841969,-0.104401427350529,-0.0522007136752646,
0.,0.00501870583940473),.UNSPECIFIED.);
#675=B_SPLINE_CURVE_WITH_KNOTS('',3,(#4657,#4658,#4659,#4660,#4661,#4662,
#4663,#4664,#4665,#4666,#4667,#4668),.UNSPECIFIED.,.F.,.F.,(4,2,2,2,2,4),
(-0.35536589051581,-0.350347184666818,-0.298146470991553,-0.245945757316288,
-0.210559674824848,-0.175173592333409),.UNSPECIFIED.);
#676=B_SPLINE_CURVE_WITH_KNOTS('',3,(#4673,#4674,#4675,#4676,#4677,#4678,
#4679,#4680,#4681,#4682,#4683,#4684),.UNSPECIFIED.,.F.,.F.,(4,2,2,2,2,4),
(0.175173592333409,0.210559674824848,0.245945757316288,0.298146470991553,
0.350347184666817,0.355365890506222),.UNSPECIFIED.);
#677=B_SPLINE_CURVE_WITH_KNOTS('',3,(#4686,#4687,#4688,#4689,#4690,#4691,
#4692,#4693,#4694,#4695,#4696,#4697,#4698),.UNSPECIFIED.,.F.,.F.,(4,3,2,
2,2,4),(-0.00501870584899296,0.,0.0522007136752647,0.104401427350529,0.139787509841969,
0.175173592333409),.UNSPECIFIED.);
#678=B_SPLINE_CURVE_WITH_KNOTS('',3,(#4702,#4703,#4704,#4705,#4706,#4707,
#4708,#4709,#4710,#4711,#4712,#4713,#4714),.UNSPECIFIED.,.F.,.F.,(4,2,2,
2,3,4),(-0.175173592333409,-0.139787509841969,-0.104401427350529,-0.0522007136752647,
0.,0.00501870583940468),.UNSPECIFIED.);
#679=B_SPLINE_CURVE_WITH_KNOTS('',3,(#4716,#4717,#4718,#4719,#4720,#4721,
#4722,#4723,#4724,#4725,#4726,#4727),.UNSPECIFIED.,.F.,.F.,(4,2,2,2,2,4),
(-0.355365890515811,-0.350347184666817,-0.298146470991553,-0.245945757316288,
-0.210559674824848,-0.175173592333409),.UNSPECIFIED.);
#680=B_SPLINE_CURVE_WITH_KNOTS('',3,(#4732,#4733,#4734,#4735,#4736,#4737,
#4738,#4739,#4740,#4741,#4742,#4743),.UNSPECIFIED.,.F.,.F.,(4,2,2,2,2,4),
(0.175173592333409,0.210559674824849,0.245945757316289,0.298146470991553,
0.350347184666818,0.355365890506223),.UNSPECIFIED.);
#681=B_SPLINE_CURVE_WITH_KNOTS('',3,(#4745,#4746,#4747,#4748,#4749,#4750,
#4751,#4752,#4753,#4754,#4755,#4756,#4757),.UNSPECIFIED.,.F.,.F.,(4,3,2,
2,2,4),(-0.00501870584899257,0.,0.0522007136752651,0.10440142735053,0.13978750984197,
0.175173592333409),.UNSPECIFIED.);
#682=B_SPLINE_CURVE_WITH_KNOTS('',3,(#4761,#4762,#4763,#4764,#4765,#4766,
#4767,#4768,#4769,#4770,#4771,#4772,#4773),.UNSPECIFIED.,.F.,.F.,(4,2,2,
2,3,4),(-0.175173592333409,-0.13978750984197,-0.10440142735053,-0.052200713675265,
0.,0.00501870583940405),.UNSPECIFIED.);
#683=B_SPLINE_CURVE_WITH_KNOTS('',3,(#4775,#4776,#4777,#4778,#4779,#4780,
#4781,#4782,#4783,#4784,#4785,#4786),.UNSPECIFIED.,.F.,.F.,(4,2,2,2,2,4),
(-0.355365890515811,-0.350347184666818,-0.298146470991554,-0.245945757316289,
-0.210559674824849,-0.175173592333409),.UNSPECIFIED.);
#684=B_SPLINE_CURVE_WITH_KNOTS('',3,(#4791,#4792,#4793,#4794,#4795,#4796,
#4797,#4798,#4799,#4800,#4801,#4802),.UNSPECIFIED.,.F.,.F.,(4,2,2,2,2,4),
(0.175173592333409,0.210559674824848,0.245945757316288,0.298146470991553,
0.350347184666817,0.355365890506222),.UNSPECIFIED.);
#685=B_SPLINE_CURVE_WITH_KNOTS('',3,(#4804,#4805,#4806,#4807,#4808,#4809,
#4810,#4811,#4812,#4813,#4814,#4815,#4816),.UNSPECIFIED.,.F.,.F.,(4,3,2,
2,2,4),(-0.00501870584899312,0.,0.0522007136752647,0.104401427350529,0.139787509841969,
0.175173592333409),.UNSPECIFIED.);
#686=B_SPLINE_CURVE_WITH_KNOTS('',3,(#4820,#4821,#4822,#4823,#4824,#4825,
#4826,#4827,#4828,#4829,#4830,#4831,#4832),.UNSPECIFIED.,.F.,.F.,(4,2,2,
2,3,4),(-0.175173592333409,-0.139787509841969,-0.104401427350529,-0.0522007136752647,
0.,0.00501870583940484),.UNSPECIFIED.);
#687=B_SPLINE_CURVE_WITH_KNOTS('',3,(#4834,#4835,#4836,#4837,#4838,#4839,
#4840,#4841,#4842,#4843,#4844,#4845),.UNSPECIFIED.,.F.,.F.,(4,2,2,2,2,4),
(-0.355365890515811,-0.350347184666818,-0.298146470991553,-0.245945757316288,
-0.210559674824848,-0.175173592333409),.UNSPECIFIED.);
#688=B_SPLINE_CURVE_WITH_KNOTS('',3,(#4850,#4851,#4852,#4853,#4854,#4855,
#4856,#4857,#4858,#4859,#4860,#4861),.UNSPECIFIED.,.F.,.F.,(4,2,2,2,2,4),
(0.175173592333409,0.210559674824849,0.245945757316289,0.298146470991553,
0.350347184666818,0.355365890506223),.UNSPECIFIED.);
#689=B_SPLINE_CURVE_WITH_KNOTS('',3,(#4863,#4864,#4865,#4866,#4867,#4868,
#4869,#4870,#4871,#4872,#4873,#4874,#4875),.UNSPECIFIED.,.F.,.F.,(4,3,2,
2,2,4),(-0.00501870584899277,0.,0.0522007136752646,0.104401427350529,0.139787509841969,
0.175173592333409),.UNSPECIFIED.);
#690=B_SPLINE_CURVE_WITH_KNOTS('',3,(#4879,#4880,#4881,#4882,#4883,#4884,
#4885,#4886,#4887,#4888,#4889,#4890,#4891),.UNSPECIFIED.,.F.,.F.,(4,2,2,
2,3,4),(-0.175173592333409,-0.139787509841969,-0.104401427350529,-0.0522007136752647,
0.,0.00501870583940403),.UNSPECIFIED.);
#691=B_SPLINE_CURVE_WITH_KNOTS('',3,(#4893,#4894,#4895,#4896,#4897,#4898,
#4899,#4900,#4901,#4902,#4903,#4904),.UNSPECIFIED.,.F.,.F.,(4,2,2,2,2,4),
(-0.355365890515811,-0.350347184666818,-0.298146470991553,-0.245945757316289,
-0.210559674824849,-0.175173592333409),.UNSPECIFIED.);
#692=B_SPLINE_CURVE_WITH_KNOTS('',3,(#4909,#4910,#4911,#4912,#4913,#4914,
#4915,#4916,#4917,#4918,#4919,#4920),.UNSPECIFIED.,.F.,.F.,(4,2,2,2,2,4),
(0.175173592333409,0.210559674824848,0.245945757316288,0.298146470991553,
0.350347184666818,0.355365890506222),.UNSPECIFIED.);
#693=B_SPLINE_CURVE_WITH_KNOTS('',3,(#4922,#4923,#4924,#4925,#4926,#4927,
#4928,#4929,#4930,#4931,#4932,#4933,#4934),.UNSPECIFIED.,.F.,.F.,(4,3,2,
2,2,4),(-0.00501870584899201,0.,0.0522007136752647,0.104401427350529,0.139787509841969,
0.175173592333409),.UNSPECIFIED.);
#694=B_SPLINE_CURVE_WITH_KNOTS('',3,(#4938,#4939,#4940,#4941,#4942,#4943,
#4944,#4945,#4946,#4947,#4948,#4949,#4950),.UNSPECIFIED.,.F.,.F.,(4,2,2,
2,3,4),(-0.175173592333409,-0.139787509841969,-0.104401427350529,-0.0522007136752647,
0.,0.00501870583940468),.UNSPECIFIED.);
#695=B_SPLINE_CURVE_WITH_KNOTS('',3,(#4952,#4953,#4954,#4955,#4956,#4957,
#4958,#4959,#4960,#4961,#4962,#4963),.UNSPECIFIED.,.F.,.F.,(4,2,2,2,2,4),
(-0.35536589051581,-0.350347184666817,-0.298146470991552,-0.245945757316288,
-0.210559674824848,-0.175173592333409),.UNSPECIFIED.);
#696=B_SPLINE_CURVE_WITH_KNOTS('',3,(#4968,#4969,#4970,#4971,#4972,#4973,
#4974,#4975,#4976,#4977,#4978,#4979),.UNSPECIFIED.,.F.,.F.,(4,2,2,2,2,4),
(0.175173592333409,0.210559674824848,0.245945757316288,0.298146470991553,
0.350347184666817,0.355365890506222),.UNSPECIFIED.);
#697=B_SPLINE_CURVE_WITH_KNOTS('',3,(#4981,#4982,#4983,#4984,#4985,#4986,
#4987,#4988,#4989,#4990,#4991,#4992,#4993),.UNSPECIFIED.,.F.,.F.,(4,3,2,
2,2,4),(-0.0050187058489941,0.,0.0522007136752646,0.104401427350529,0.139787509841969,
0.175173592333409),.UNSPECIFIED.);
#698=B_SPLINE_CURVE_WITH_KNOTS('',3,(#4997,#4998,#4999,#5000,#5001,#5002,
#5003,#5004,#5005,#5006,#5007,#5008,#5009),.UNSPECIFIED.,.F.,.F.,(4,2,2,
2,3,4),(-0.175173592333409,-0.139787509841969,-0.104401427350529,-0.0522007136752648,
0.,0.0050187058394048),.UNSPECIFIED.);
#699=B_SPLINE_CURVE_WITH_KNOTS('',3,(#5011,#5012,#5013,#5014,#5015,#5016,
#5017,#5018,#5019,#5020,#5021,#5022),.UNSPECIFIED.,.F.,.F.,(4,2,2,2,2,4),
(-0.35536589051581,-0.350347184666817,-0.298146470991553,-0.245945757316288,
-0.210559674824848,-0.175173592333409),.UNSPECIFIED.);
#700=B_SPLINE_CURVE_WITH_KNOTS('',3,(#5027,#5028,#5029,#5030,#5031,#5032,
#5033,#5034,#5035,#5036,#5037,#5038),.UNSPECIFIED.,.F.,.F.,(4,2,2,2,2,4),
(0.175173592333409,0.210559674824849,0.245945757316288,0.298146470991553,
0.350347184666818,0.355365890506223),.UNSPECIFIED.);
#701=B_SPLINE_CURVE_WITH_KNOTS('',3,(#5040,#5041,#5042,#5043,#5044,#5045,
#5046,#5047,#5048,#5049,#5050,#5051,#5052),.UNSPECIFIED.,.F.,.F.,(4,3,2,
2,2,4),(-0.00501870584899343,0.,0.052200713675265,0.10440142735053,0.13978750984197,
0.175173592333409),.UNSPECIFIED.);
#702=B_SPLINE_CURVE_WITH_KNOTS('',3,(#5056,#5057,#5058,#5059,#5060,#5061,
#5062,#5063,#5064,#5065,#5066,#5067,#5068),.UNSPECIFIED.,.F.,.F.,(4,2,2,
2,3,4),(-0.175173592333409,-0.13978750984197,-0.10440142735053,-0.052200713675265,
0.,0.00501870583940515),.UNSPECIFIED.);
#703=B_SPLINE_CURVE_WITH_KNOTS('',3,(#5070,#5071,#5072,#5073,#5074,#5075,
#5076,#5077,#5078,#5079,#5080,#5081),.UNSPECIFIED.,.F.,.F.,(4,2,2,2,2,4),
(-0.355365890515811,-0.350347184666818,-0.298146470991554,-0.245945757316289,
-0.210559674824849,-0.175173592333409),.UNSPECIFIED.);
#704=B_SPLINE_CURVE_WITH_KNOTS('',3,(#5086,#5087,#5088,#5089,#5090,#5091,
#5092,#5093,#5094,#5095,#5096,#5097),.UNSPECIFIED.,.F.,.F.,(4,2,2,2,2,4),
(0.175173592333409,0.210559674824849,0.245945757316289,0.298146470991554,
0.350347184666819,0.355365890506223),.UNSPECIFIED.);
#705=B_SPLINE_CURVE_WITH_KNOTS('',3,(#5099,#5100,#5101,#5102,#5103,#5104,
#5105,#5106,#5107,#5108,#5109,#5110,#5111),.UNSPECIFIED.,.F.,.F.,(4,3,2,
2,2,4),(-0.00501870584899259,0.,0.052200713675265,0.10440142735053,0.13978750984197,
0.175173592333409),.UNSPECIFIED.);
#706=B_SPLINE_CURVE_WITH_KNOTS('',3,(#5115,#5116,#5117,#5118,#5119,#5120,
#5121,#5122,#5123,#5124,#5125,#5126,#5127),.UNSPECIFIED.,.F.,.F.,(4,2,2,
2,3,4),(-0.175173592333409,-0.13978750984197,-0.10440142735053,-0.0522007136752651,
0.,0.00501870583940411),.UNSPECIFIED.);
#707=B_SPLINE_CURVE_WITH_KNOTS('',3,(#5129,#5130,#5131,#5132,#5133,#5134,
#5135,#5136,#5137,#5138,#5139,#5140),.UNSPECIFIED.,.F.,.F.,(4,2,2,2,2,4),
(-0.355365890515811,-0.350347184666819,-0.298146470991554,-0.245945757316289,
-0.210559674824849,-0.175173592333409),.UNSPECIFIED.);
#708=B_SPLINE_CURVE_WITH_KNOTS('',3,(#5145,#5146,#5147,#5148,#5149,#5150,
#5151,#5152,#5153,#5154,#5155,#5156),.UNSPECIFIED.,.F.,.F.,(4,2,2,2,2,4),
(0.175173592333409,0.210559674824849,0.245945757316289,0.298146470991553,
0.350347184666818,0.355365890506222),.UNSPECIFIED.);
#709=B_SPLINE_CURVE_WITH_KNOTS('',3,(#5158,#5159,#5160,#5161,#5162,#5163,
#5164,#5165,#5166,#5167,#5168,#5169,#5170),.UNSPECIFIED.,.F.,.F.,(4,3,2,
2,2,4),(-0.00501870584899264,0.,0.0522007136752649,0.10440142735053,0.13978750984197,
0.175173592333409),.UNSPECIFIED.);
#710=B_SPLINE_CURVE_WITH_KNOTS('',3,(#5174,#5175,#5176,#5177,#5178,#5179,
#5180,#5181,#5182,#5183,#5184,#5185,#5186),.UNSPECIFIED.,.F.,.F.,(4,2,2,
2,3,4),(-0.175173592333409,-0.13978750984197,-0.10440142735053,-0.052200713675265,
0.,0.00501870583940406),.UNSPECIFIED.);
#711=B_SPLINE_CURVE_WITH_KNOTS('',3,(#5188,#5189,#5190,#5191,#5192,#5193,
#5194,#5195,#5196,#5197,#5198,#5199),.UNSPECIFIED.,.F.,.F.,(4,2,2,2,2,4),
(-0.35536589051581,-0.350347184666818,-0.298146470991553,-0.245945757316288,
-0.210559674824849,-0.175173592333409),.UNSPECIFIED.);
#712=B_SPLINE_CURVE_WITH_KNOTS('',3,(#5204,#5205,#5206,#5207,#5208,#5209,
#5210,#5211,#5212,#5213,#5214,#5215),.UNSPECIFIED.,.F.,.F.,(4,2,2,2,2,4),
(0.175173592333408,0.210559674824848,0.245945757316288,0.298146470991553,
0.350347184666817,0.355365890506223),.UNSPECIFIED.);
#713=B_SPLINE_CURVE_WITH_KNOTS('',3,(#5217,#5218,#5219,#5220,#5221,#5222,
#5223,#5224,#5225,#5226,#5227,#5228,#5229),.UNSPECIFIED.,.F.,.F.,(4,3,2,
2,2,4),(-0.00501870584899338,0.,0.0522007136752647,0.104401427350529,0.139787509841969,
0.175173592333408),.UNSPECIFIED.);
#714=B_SPLINE_CURVE_WITH_KNOTS('',3,(#5233,#5234,#5235,#5236,#5237,#5238,
#5239,#5240,#5241,#5242,#5243,#5244,#5245),.UNSPECIFIED.,.F.,.F.,(4,2,2,
2,3,4),(-0.175173592333408,-0.139787509841969,-0.104401427350529,-0.0522007136752647,
0.,0.005018705839405),.UNSPECIFIED.);
#715=B_SPLINE_CURVE_WITH_KNOTS('',3,(#5247,#5248,#5249,#5250,#5251,#5252,
#5253,#5254,#5255,#5256,#5257,#5258),.UNSPECIFIED.,.F.,.F.,(4,2,2,2,2,4),
(-0.355365890515811,-0.350347184666817,-0.298146470991553,-0.245945757316288,
-0.210559674824848,-0.175173592333408),.UNSPECIFIED.);
#716=B_SPLINE_CURVE_WITH_KNOTS('',3,(#5263,#5264,#5265,#5266,#5267,#5268,
#5269,#5270,#5271,#5272,#5273,#5274),.UNSPECIFIED.,.F.,.F.,(4,2,2,2,2,4),
(0.175173592333409,0.210559674824848,0.245945757316288,0.298146470991553,
0.350347184666817,0.355365890506221),.UNSPECIFIED.);
#717=B_SPLINE_CURVE_WITH_KNOTS('',3,(#5276,#5277,#5278,#5279,#5280,#5281,
#5282,#5283,#5284,#5285,#5286,#5287,#5288),.UNSPECIFIED.,.F.,.F.,(4,3,2,
2,2,4),(-0.00501870584899271,0.,0.0522007136752647,0.104401427350529,0.139787509841969,
0.175173592333409),.UNSPECIFIED.);
#718=B_SPLINE_CURVE_WITH_KNOTS('',3,(#5292,#5293,#5294,#5295,#5296,#5297,
#5298,#5299,#5300,#5301,#5302,#5303,#5304),.UNSPECIFIED.,.F.,.F.,(4,2,2,
2,3,4),(-0.175173592333409,-0.139787509841969,-0.104401427350529,-0.0522007136752646,
0.,0.00501870583940446),.UNSPECIFIED.);
#719=B_SPLINE_CURVE_WITH_KNOTS('',3,(#5306,#5307,#5308,#5309,#5310,#5311,
#5312,#5313,#5314,#5315,#5316,#5317),.UNSPECIFIED.,.F.,.F.,(4,2,2,2,2,4),
(-0.35536589051581,-0.350347184666817,-0.298146470991553,-0.245945757316288,
-0.210559674824848,-0.175173592333409),.UNSPECIFIED.);
#720=B_SPLINE_CURVE_WITH_KNOTS('',3,(#5322,#5323,#5324,#5325,#5326,#5327,
#5328,#5329,#5330,#5331,#5332,#5333),.UNSPECIFIED.,.F.,.F.,(4,2,2,2,2,4),
(0.175173592333409,0.210559674824849,0.245945757316289,0.298146470991554,
0.350347184666819,0.355365890506222),.UNSPECIFIED.);
#721=B_SPLINE_CURVE_WITH_KNOTS('',3,(#5335,#5336,#5337,#5338,#5339,#5340,
#5341,#5342,#5343,#5344,#5345,#5346,#5347),.UNSPECIFIED.,.F.,.F.,(4,3,2,
2,2,4),(-0.00501870584899218,0.,0.052200713675265,0.10440142735053,0.13978750984197,
0.175173592333409),.UNSPECIFIED.);
#722=B_SPLINE_CURVE_WITH_KNOTS('',3,(#5351,#5352,#5353,#5354,#5355,#5356,
#5357,#5358,#5359,#5360,#5361,#5362,#5363),.UNSPECIFIED.,.F.,.F.,(4,2,2,
2,3,4),(-0.175173592333409,-0.13978750984197,-0.10440142735053,-0.052200713675265,
0.,0.00501870583940514),.UNSPECIFIED.);
#723=B_SPLINE_CURVE_WITH_KNOTS('',3,(#5365,#5366,#5367,#5368,#5369,#5370,
#5371,#5372,#5373,#5374,#5375,#5376),.UNSPECIFIED.,.F.,.F.,(4,2,2,2,2,4),
(-0.355365890515811,-0.350347184666818,-0.298146470991553,-0.245945757316288,
-0.210559674824849,-0.175173592333409),.UNSPECIFIED.);
#724=B_SPLINE_CURVE_WITH_KNOTS('',3,(#5381,#5382,#5383,#5384,#5385,#5386,
#5387,#5388,#5389,#5390,#5391,#5392),.UNSPECIFIED.,.F.,.F.,(4,2,2,2,2,4),
(0.175173592333409,0.210559674824848,0.245945757316288,0.298146470991553,
0.350347184666817,0.355365890506222),.UNSPECIFIED.);
#725=B_SPLINE_CURVE_WITH_KNOTS('',3,(#5394,#5395,#5396,#5397,#5398,#5399,
#5400,#5401,#5402,#5403,#5404,#5405,#5406),.UNSPECIFIED.,.F.,.F.,(4,3,2,
2,2,4),(-0.00501870584899304,0.,0.0522007136752646,0.104401427350529,0.139787509841969,
0.175173592333409),.UNSPECIFIED.);
#726=B_SPLINE_CURVE_WITH_KNOTS('',3,(#5410,#5411,#5412,#5413,#5414,#5415,
#5416,#5417,#5418,#5419,#5420,#5421,#5422),.UNSPECIFIED.,.F.,.F.,(4,2,2,
2,3,4),(-0.175173592333409,-0.139787509841969,-0.104401427350529,-0.0522007136752646,
0.,0.00501870583940483),.UNSPECIFIED.);
#727=B_SPLINE_CURVE_WITH_KNOTS('',3,(#5424,#5425,#5426,#5427,#5428,#5429,
#5430,#5431,#5432,#5433,#5434,#5435),.UNSPECIFIED.,.F.,.F.,(4,2,2,2,2,4),
(-0.355365890515811,-0.350347184666817,-0.298146470991553,-0.245945757316288,
-0.210559674824848,-0.175173592333409),.UNSPECIFIED.);
#728=B_SPLINE_CURVE_WITH_KNOTS('',3,(#5440,#5441,#5442,#5443,#5444,#5445,
#5446,#5447,#5448,#5449,#5450,#5451),.UNSPECIFIED.,.F.,.F.,(4,2,2,2,2,4),
(0.175173592333409,0.210559674824849,0.245945757316289,0.298146470991553,
0.350347184666818,0.355365890506222),.UNSPECIFIED.);
#729=B_SPLINE_CURVE_WITH_KNOTS('',3,(#5453,#5454,#5455,#5456,#5457,#5458,
#5459,#5460,#5461,#5462,#5463,#5464,#5465),.UNSPECIFIED.,.F.,.F.,(4,3,2,
2,2,4),(-0.00501870584899207,0.,0.052200713675265,0.10440142735053,0.13978750984197,
0.175173592333409),.UNSPECIFIED.);
#730=B_SPLINE_CURVE_WITH_KNOTS('',3,(#5469,#5470,#5471,#5472,#5473,#5474,
#5475,#5476,#5477,#5478,#5479,#5480,#5481),.UNSPECIFIED.,.F.,.F.,(4,2,2,
2,3,4),(-0.175173592333409,-0.13978750984197,-0.10440142735053,-0.052200713675265,
0.,0.00501870583940406),.UNSPECIFIED.);
#731=B_SPLINE_CURVE_WITH_KNOTS('',3,(#5483,#5484,#5485,#5486,#5487,#5488,
#5489,#5490,#5491,#5492,#5493,#5494),.UNSPECIFIED.,.F.,.F.,(4,2,2,2,2,4),
(-0.355365890515811,-0.350347184666818,-0.298146470991553,-0.245945757316289,
-0.210559674824849,-0.175173592333409),.UNSPECIFIED.);
#732=B_SPLINE_CURVE_WITH_KNOTS('',3,(#5499,#5500,#5501,#5502,#5503,#5504,
#5505,#5506,#5507,#5508,#5509,#5510),.UNSPECIFIED.,.F.,.F.,(4,2,2,2,2,4),
(0.175173592333409,0.210559674824849,0.245945757316289,0.298146470991553,
0.350347184666817,0.355365890506222),.UNSPECIFIED.);
#733=B_SPLINE_CURVE_WITH_KNOTS('',3,(#5512,#5513,#5514,#5515,#5516,#5517,
#5518,#5519,#5520,#5521,#5522,#5523,#5524),.UNSPECIFIED.,.F.,.F.,(4,3,2,
2,2,4),(-0.0050187058489929,0.,0.0522007136752648,0.10440142735053,0.139787509841969,
0.175173592333409),.UNSPECIFIED.);
#734=B_SPLINE_CURVE_WITH_KNOTS('',3,(#5528,#5529,#5530,#5531,#5532,#5533,
#5534,#5535,#5536,#5537,#5538,#5539,#5540),.UNSPECIFIED.,.F.,.F.,(4,2,2,
2,3,4),(-0.175173592333409,-0.139787509841969,-0.104401427350529,-0.0522007136752647,
0.,0.00501870583940474),.UNSPECIFIED.);
#735=B_SPLINE_CURVE_WITH_KNOTS('',3,(#5542,#5543,#5544,#5545,#5546,#5547,
#5548,#5549,#5550,#5551,#5552,#5553),.UNSPECIFIED.,.F.,.F.,(4,2,2,2,2,4),
(-0.35536589051581,-0.350347184666817,-0.298146470991553,-0.245945757316289,
-0.210559674824849,-0.175173592333409),.UNSPECIFIED.);
#736=B_SPLINE_CURVE_WITH_KNOTS('',3,(#5558,#5559,#5560,#5561,#5562,#5563,
#5564,#5565,#5566,#5567,#5568,#5569),.UNSPECIFIED.,.F.,.F.,(4,2,2,2,2,4),
(0.175173592333409,0.210559674824849,0.245945757316289,0.298146470991553,
0.350347184666818,0.355365890506222),.UNSPECIFIED.);
#737=B_SPLINE_CURVE_WITH_KNOTS('',3,(#5571,#5572,#5573,#5574,#5575,#5576,
#5577,#5578,#5579,#5580,#5581,#5582,#5583),.UNSPECIFIED.,.F.,.F.,(4,3,2,
2,2,4),(-0.00501870584899311,0.,0.0522007136752648,0.10440142735053,0.139787509841969,
0.175173592333409),.UNSPECIFIED.);
#738=B_SPLINE_CURVE_WITH_KNOTS('',3,(#5587,#5588,#5589,#5590,#5591,#5592,
#5593,#5594,#5595,#5596,#5597,#5598,#5599),.UNSPECIFIED.,.F.,.F.,(4,2,2,
2,3,4),(-0.175173592333409,-0.139787509841969,-0.104401427350529,-0.0522007136752647,
0.,0.00501870583940377),.UNSPECIFIED.);
#739=B_SPLINE_CURVE_WITH_KNOTS('',3,(#5601,#5602,#5603,#5604,#5605,#5606,
#5607,#5608,#5609,#5610,#5611,#5612),.UNSPECIFIED.,.F.,.F.,(4,2,2,2,2,4),
(-0.35536589051581,-0.350347184666818,-0.298146470991553,-0.245945757316289,
-0.210559674824849,-0.175173592333409),.UNSPECIFIED.);
#740=B_SPLINE_CURVE_WITH_KNOTS('',3,(#5617,#5618,#5619,#5620,#5621,#5622,
#5623,#5624,#5625,#5626,#5627,#5628),.UNSPECIFIED.,.F.,.F.,(4,2,2,2,2,4),
(0.175173592333409,0.210559674824849,0.245945757316289,0.298146470991554,
0.350347184666818,0.355365890506222),.UNSPECIFIED.);
#741=B_SPLINE_CURVE_WITH_KNOTS('',3,(#5630,#5631,#5632,#5633,#5634,#5635,
#5636,#5637,#5638,#5639,#5640,#5641,#5642),.UNSPECIFIED.,.F.,.F.,(4,3,2,
2,2,4),(-0.00501870584899274,0.,0.0522007136752651,0.10440142735053,0.13978750984197,
0.175173592333409),.UNSPECIFIED.);
#742=B_SPLINE_CURVE_WITH_KNOTS('',3,(#5646,#5647,#5648,#5649,#5650,#5651,
#5652,#5653,#5654,#5655,#5656,#5657,#5658),.UNSPECIFIED.,.F.,.F.,(4,2,2,
2,3,4),(-0.175173592333409,-0.13978750984197,-0.10440142735053,-0.052200713675265,
0.,0.00501870583940368),.UNSPECIFIED.);
#743=B_SPLINE_CURVE_WITH_KNOTS('',3,(#5660,#5661,#5662,#5663,#5664,#5665,
#5666,#5667,#5668,#5669,#5670,#5671),.UNSPECIFIED.,.F.,.F.,(4,2,2,2,2,4),
(-0.355365890515811,-0.350347184666818,-0.298146470991554,-0.245945757316289,
-0.210559674824849,-0.175173592333409),.UNSPECIFIED.);
#744=B_SPLINE_CURVE_WITH_KNOTS('',3,(#5676,#5677,#5678,#5679,#5680,#5681,
#5682,#5683,#5684,#5685,#5686,#5687),.UNSPECIFIED.,.F.,.F.,(4,2,2,2,2,4),
(0.175173592333409,0.210559674824848,0.245945757316288,0.298146470991552,
0.350347184666817,0.355365890506222),.UNSPECIFIED.);
#745=B_SPLINE_CURVE_WITH_KNOTS('',3,(#5689,#5690,#5691,#5692,#5693,#5694,
#5695,#5696,#5697,#5698,#5699,#5700,#5701),.UNSPECIFIED.,.F.,.F.,(4,3,2,
2,2,4),(-0.00501870584899198,0.,0.0522007136752644,0.104401427350529,0.139787509841969,
0.175173592333409),.UNSPECIFIED.);
#746=B_SPLINE_CURVE_WITH_KNOTS('',3,(#5705,#5706,#5707,#5708,#5709,#5710,
#5711,#5712,#5713,#5714,#5715,#5716,#5717),.UNSPECIFIED.,.F.,.F.,(4,2,2,
2,3,4),(-0.175173592333408,-0.139787509841969,-0.104401427350529,-0.0522007136752644,
0.,0.00501870583940468),.UNSPECIFIED.);
#747=B_SPLINE_CURVE_WITH_KNOTS('',3,(#5719,#5720,#5721,#5722,#5723,#5724,
#5725,#5726,#5727,#5728,#5729,#5730),.UNSPECIFIED.,.F.,.F.,(4,2,2,2,2,4),
(-0.35536589051581,-0.350347184666817,-0.298146470991552,-0.245945757316288,
-0.210559674824848,-0.175173592333408),.UNSPECIFIED.);
#748=B_SPLINE_CURVE_WITH_KNOTS('',3,(#5735,#5736,#5737,#5738,#5739,#5740,
#5741,#5742,#5743,#5744,#5745,#5746),.UNSPECIFIED.,.F.,.F.,(4,2,2,2,2,4),
(0.175173592333409,0.210559674824848,0.245945757316288,0.298146470991553,
0.350347184666818,0.355365890506222),.UNSPECIFIED.);
#749=B_SPLINE_CURVE_WITH_KNOTS('',3,(#5748,#5749,#5750,#5751,#5752,#5753,
#5754,#5755,#5756,#5757,#5758,#5759,#5760),.UNSPECIFIED.,.F.,.F.,(4,3,2,
2,2,4),(-0.00501870584899297,0.,0.0522007136752647,0.104401427350529,0.139787509841969,
0.175173592333409),.UNSPECIFIED.);
#750=B_SPLINE_CURVE_WITH_KNOTS('',3,(#5764,#5765,#5766,#5767,#5768,#5769,
#5770,#5771,#5772,#5773,#5774,#5775,#5776),.UNSPECIFIED.,.F.,.F.,(4,2,2,
2,3,4),(-0.175173592333409,-0.139787509841969,-0.104401427350529,-0.0522007136752647,
0.,0.00501870583940466),.UNSPECIFIED.);
#751=B_SPLINE_CURVE_WITH_KNOTS('',3,(#5778,#5779,#5780,#5781,#5782,#5783,
#5784,#5785,#5786,#5787,#5788,#5789),.UNSPECIFIED.,.F.,.F.,(4,2,2,2,2,4),
(-0.355365890515811,-0.350347184666818,-0.298146470991553,-0.245945757316288,
-0.210559674824848,-0.175173592333409),.UNSPECIFIED.);
#752=B_SPLINE_CURVE_WITH_KNOTS('',3,(#5961,#5962,#5963,#5964,#5965,#5966,
#5967,#5968,#5969,#5970,#5971,#5972,#5973,#5974,#5975,#5976,#5977,#5978,
#5979,#5980,#5981,#5982,#5983,#5984,#5985,#5986,#5987,#5988,#5989,#5990,
#5991,#5992,#5993,#5994,#5995,#5996,#5997,#5998,#5999,#6000,#6001,#6002,
#6003),.UNSPECIFIED.,.F.,.F.,(4,3,3,3,3,3,3,3,3,3,3,3,3,3,4),(-0.7567703962123,
-0.718659806517896,-0.680015092818641,-0.640960516859469,-0.633418579466876,
-0.592624912501832,-0.550810072956669,-0.512528341963933,-0.470422457418008,
-0.445853060309877,-0.438532794571016,-0.394451244027796,-0.349729050369872,
-0.304202196369541,-0.277245239464047),.UNSPECIFIED.);
#753=B_SPLINE_CURVE_WITH_KNOTS('',3,(#6007,#6008,#6009,#6010,#6011,#6012,
#6013,#6014,#6015,#6016,#6017,#6018,#6019,#6020,#6021,#6022,#6023,#6024,
#6025,#6026,#6027,#6028,#6029,#6030,#6031,#6032,#6033,#6034,#6035,#6036,
#6037,#6038,#6039,#6040,#6041,#6042,#6043,#6044,#6045,#6046,#6047,#6048,
#6049,#6050,#6051,#6052),.UNSPECIFIED.,.F.,.F.,(4,3,3,3,3,3,3,3,3,3,3,3,
3,3,3,4),(-0.478263926296446,-0.440302614465992,-0.401824937599985,-0.393586373611112,
-0.353606563467684,-0.311025057636315,-0.268443551804946,-0.234888107829328,
-0.217895107107919,-0.210116772222528,-0.20366588321888,-0.16066819622845,
-0.116547023245242,-0.0719226975356461,-0.0269173645398633,0.),
 .UNSPECIFIED.);
#754=B_SPLINE_CURVE_WITH_KNOTS('',3,(#6053,#6054,#6055,#6056,#6057,#6058,
#6059,#6060,#6061,#6062,#6063,#6064,#6065,#6066,#6067,#6068,#6069,#6070,
#6071,#6072,#6073,#6074,#6075,#6076,#6077,#6078,#6079,#6080,#6081,#6082,
#6083),.UNSPECIFIED.,.F.,.F.,(4,3,3,3,3,3,3,3,3,3,4),(-1.77244177564956,
-1.76326583739017,-1.71428015197648,-1.66460861770623,-1.61484385044501,
-1.56556218521197,-1.54863606079755,-1.54255643564516,-1.49276259164522,
-1.48596729352119,-1.46205758847682),.UNSPECIFIED.);
#755=B_SPLINE_CURVE_WITH_KNOTS('',3,(#6339,#6340,#6341,#6342,#6343,#6344,
#6345,#6346,#6347,#6348,#6349,#6350,#6351,#6352,#6353,#6354,#6355,#6356,
#6357,#6358,#6359,#6360,#6361,#6362,#6363,#6364,#6365,#6366,#6367,#6368,
#6369,#6370,#6371,#6372,#6373,#6374,#6375,#6376,#6377,#6378,#6379,#6380,
#6381,#6382,#6383,#6384,#6385,#6386,#6387,#6388,#6389,#6390,#6391,#6392,
#6393,#6394,#6395,#6396,#6397,#6398,#6399,#6400,#6401,#6402,#6403,#6404,
#6405,#6406,#6407,#6408,#6409,#6410,#6411,#6412,#6413,#6414,#6415,#6416,
#6417,#6418,#6419,#6420,#6421,#6422,#6423,#6424,#6425,#6426,#6427,#6428,
#6429,#6430,#6431,#6432,#6433,#6434,#6435,#6436,#6437,#6438,#6439,#6440,
#6441,#6442,#6443,#6444,#6445,#6446,#6447,#6448,#6449,#6450,#6451,#6452,
#6453,#6454,#6455,#6456,#6457,#6458,#6459,#6460,#6461,#6462,#6463,#6464,
#6465,#6466,#6467,#6468,#6469,#6470,#6471,#6472,#6473,#6474,#6475,#6476,
#6477,#6478,#6479,#6480,#6481,#6482,#6483,#6484,#6485,#6486,#6487,#6488,
#6489,#6490,#6491,#6492,#6493,#6494,#6495,#6496,#6497,#6498,#6499,#6500,
#6501,#6502,#6503,#6504,#6505,#6506,#6507,#6508,#6509,#6510),
 .UNSPECIFIED.,.F.,.F.,(4,3,3,3,3,3,3,3,3,3,3,3,3,3,3,3,3,3,3,3,3,3,3,3,
3,3,3,3,3,3,3,3,3,3,3,3,3,3,3,3,3,3,3,3,3,3,3,3,3,3,3,3,3,3,3,3,3,4),(0.,
0.278301759485732,0.556603518971466,0.8349052784572,1.11320703794293,1.39150879742866,
1.6698105569144,1.94811231640013,2.22641407588586,2.5047158353716,2.78301759485733,
3.06131935434306,3.3396211138288,3.61792287331453,3.89622463280026,4.17452639228599,
4.45282815177173,4.73112991125746,5.00943167074319,5.28773343022892,5.56603518971466,
5.84433694920039,6.12263870868612,6.40094046817186,6.67924222765759,6.95754398714332,
7.23584574662905,7.51414750611479,7.79244926560052,8.07075102508625,8.34905278457199,
8.62735454405772,8.90565630354345,9.18395806302918,9.46225982251492,9.74056158200065,
10.0188633414864,10.2971651009721,10.5754668604578,10.8537686199436,11.1320703794293,
11.410372138915,11.6886738984008,11.9669756578865,12.2452774173722,12.523579176858,
12.8018809363437,13.0801826958294,13.3584844553152,13.6367862148009,13.9150879742866,
14.1933897337724,14.4716914932581,14.7499932527438,15.0282950122296,15.3065967717153,
15.584898531201,15.6215879962033),.UNSPECIFIED.);
#756=B_SPLINE_CURVE_WITH_KNOTS('',3,(#6511,#6512,#6513,#6514,#6515,#6516,
#6517,#6518,#6519,#6520,#6521,#6522,#6523,#6524,#6525,#6526,#6527,#6528,
#6529,#6530,#6531,#6532,#6533,#6534,#6535,#6536,#6537,#6538,#6539,#6540,
#6541,#6542,#6543,#6544,#6545,#6546,#6547,#6548,#6549,#6550,#6551,#6552,
#6553,#6554,#6555,#6556,#6557,#6558,#6559,#6560,#6561,#6562,#6563,#6564,
#6565),.UNSPECIFIED.,.F.,.F.,(4,3,3,3,3,3,3,3,3,3,3,3,3,3,3,3,3,3,4),(-0.642769367343293,
-0.616503777380992,-0.609660500987196,-0.602390730523356,-0.563516048833806,
-0.52360241815164,-0.483184199978383,-0.442349368175241,-0.43264464764488,
-0.424776223552082,-0.418674235879401,-0.376451298094588,-0.333535528172899,
-0.289671170362766,-0.245512942657331,-0.223553255820245,-0.217459324685244,
-0.175319663684232,-0.163872815770492),.UNSPECIFIED.);
#757=B_SPLINE_CURVE_WITH_KNOTS('',3,(#6775,#6776,#6777,#6778,#6779,#6780,
#6781,#6782,#6783,#6784,#6785,#6786,#6787,#6788,#6789,#6790,#6791,#6792,
#6793,#6794,#6795,#6796,#6797,#6798,#6799,#6800,#6801,#6802,#6803,#6804,
#6805,#6806,#6807,#6808,#6809,#6810,#6811,#6812,#6813,#6814,#6815,#6816,
#6817,#6818,#6819,#6820,#6821,#6822,#6823,#6824,#6825),.UNSPECIFIED.,.F.,
 .F.,(4,1,1,1,1,1,1,1,1,1,1,1,1,1,1,1,1,1,1,1,1,1,1,1,1,1,1,1,1,1,1,1,1,
1,1,1,1,1,1,1,1,1,1,1,1,1,1,1,4),(0.269456593916693,0.725440174330675,1.22288857076259,
1.7203369671945,2.21778536362642,2.71523376005833,3.21268215649024,3.71013055292216,
4.37339508149804,5.03665961007393,5.69992413864981,6.19737253508173,6.69482093151364,
7.19226932794556,7.68971772437747,8.18716612080938,8.6846145172413,9.18206291367321,
9.67951131010513,10.342775838681,11.0060403672569,11.6693048958328,12.1114812482167,
12.9958339529846,13.6590984815604,14.3223630101363,14.9856275387122,15.6488920672881,
16.312156595864,16.9754211244399,17.6386856530157,18.3019501815916,18.9652147101675,
19.6284792387434,20.1259276351753,20.6233760316072,21.1208244280391,21.6182728244711,
22.2815373530469,22.9448018816228,23.6080664101987,24.1055148066306,24.6029632030625,
25.1004115994945,25.5978599959264,26.0953083923583,26.5927567887902,27.0902051852221,
27.587653581654),.UNSPECIFIED.);
#758=B_SPLINE_CURVE_WITH_KNOTS('',3,(#6826,#6827,#6828,#6829,#6830,#6831,
#6832,#6833,#6834,#6835,#6836,#6837,#6838,#6839,#6840,#6841,#6842,#6843,
#6844,#6845,#6846,#6847,#6848,#6849,#6850,#6851,#6852,#6853),
 .UNSPECIFIED.,.F.,.F.,(4,3,3,3,3,3,3,3,3,4),(-0.309937452196995,-0.286112037552205,
-0.236728775498938,-0.186984829432755,-0.163611725753661,-0.155001724029176,
-0.147902981466103,-0.0981586117508869,-0.0487747524204779,0.),
 .UNSPECIFIED.);
#759=B_SPLINE_CURVE_WITH_KNOTS('',3,(#6855,#6856,#6857,#6858,#6859,#6860,
#6861,#6862,#6863,#6864,#6865,#6866,#6867,#6868,#6869,#6870,#6871,#6872,
#6873,#6874,#6875,#6876,#6877,#6878,#6879,#6880,#6881,#6882,#6883,#6884,
#6885,#6886,#6887,#6888,#6889,#6890,#6891,#6892,#6893,#6894,#6895,#6896,
#6897,#6898,#6899,#6900,#6901,#6902,#6903),.UNSPECIFIED.,.F.,.F.,(4,3,3,
3,3,3,3,3,3,3,3,3,3,3,3,3,4),(-0.649579638772038,-0.604243843503283,-0.557390653836632,
-0.539820707711638,-0.529700151325409,-0.523094534507132,-0.480518948294721,
-0.438561525852517,-0.416831084836679,-0.375194725883695,-0.350183229538156,
-0.337771370667755,-0.329205491421331,-0.289936854213846,-0.251093189774502,
-0.213097495150722,-0.175102755119383),.UNSPECIFIED.);
#760=B_SPLINE_CURVE_WITH_KNOTS('',3,(#6905,#6906,#6907,#6908,#6909,#6910,
#6911,#6912,#6913,#6914,#6915,#6916,#6917,#6918,#6919,#6920),
 .UNSPECIFIED.,.F.,.F.,(4,3,3,3,3,4),(-3.1415926535898,-2.7071108666394,
-2.2204316449423,-1.73375242324519,-1.24707320154809,-1.18291262884841),
 .UNSPECIFIED.);
#761=B_SPLINE_CURVE_WITH_KNOTS('',3,(#7172,#7173,#7174,#7175,#7176,#7177,
#7178,#7179,#7180,#7181,#7182,#7183,#7184,#7185,#7186,#7187,#7188,#7189,
#7190),.UNSPECIFIED.,.F.,.F.,(4,3,3,3,3,3,4),(5.2647457593331,5.49131797638387,
5.73443163325889,5.97754529013392,6.22065894700895,6.46377260388398,6.52539083785757),
 .UNSPECIFIED.);
#762=B_SPLINE_CURVE_WITH_KNOTS('',3,(#7196,#7197,#7198,#7199,#7200,#7201,
#7202,#7203,#7204,#7205,#7206,#7207,#7208,#7209,#7210,#7211,#7212,#7213,
#7214,#7215,#7216,#7217,#7218,#7219,#7220,#7221,#7222,#7223),
 .UNSPECIFIED.,.F.,.F.,(4,3,3,3,3,3,3,3,3,4),(-2.58393494943517,-2.41174699245828,
-2.08759298719175,-1.76343898192522,-1.43928497665869,-1.11513097139216,
-0.872015467442257,-0.628899963492358,-0.385784459542458,-0.142668955594715),
 .UNSPECIFIED.);
#763=B_SPLINE_CURVE_WITH_KNOTS('',3,(#7225,#7226,#7227,#7228,#7229,#7230,
#7231,#7232,#7233,#7234,#7235,#7236,#7237,#7238,#7239,#7240,#7241,#7242,
#7243,#7244,#7245,#7246,#7247,#7248,#7249,#7250,#7251,#7252,#7253,#7254,
#7255,#7256,#7257,#7258),.UNSPECIFIED.,.F.,.F.,(4,3,3,3,3,3,3,3,3,3,3,4),
(2.32867307153852,2.4117918742222,2.7359532392557,3.06011460428921,3.38427596932271,
3.70843733435622,4.03259869938972,4.35676006442322,4.68092142945673,5.00508279449023,
5.24820381826536,5.2647457593331),.UNSPECIFIED.);
#764=B_SPLINE_CURVE_WITH_KNOTS('',3,(#7265,#7266,#7267,#7268,#7269,#7270,
#7271,#7272,#7273,#7274,#7275,#7276,#7277,#7278,#7279,#7280),
 .UNSPECIFIED.,.F.,.F.,(4,3,3,3,3,4),(-6.52539083785702,-6.46377325173575,
-6.22066215095067,-5.9775510501656,-5.65340291578549,-5.52005926401239),
 .UNSPECIFIED.);
#765=B_SPLINE_CURVE_WITH_KNOTS('',3,(#7390,#7391,#7392,#7393,#7394,#7395,
#7396,#7397,#7398,#7399),.UNSPECIFIED.,.F.,.F.,(4,2,2,2,4),(0.145711405638595,
0.223551706930937,0.428833509886022,0.543547048744241,0.633226469972321),
 .UNSPECIFIED.);
#766=B_SPLINE_CURVE_WITH_KNOTS('',3,(#7401,#7402,#7403,#7404,#7405,#7406,
#7407,#7408,#7409,#7410,#7411,#7412,#7413,#7414,#7415,#7416,#7417,#7418,
#7419,#7420,#7421,#7422,#7423,#7424,#7425,#7426,#7427,#7428,#7429,#7430,
#7431,#7432,#7433,#7434,#7435,#7436,#7437,#7438,#7439,#7440,#7441,#7442,
#7443,#7444,#7445,#7446,#7447,#7448,#7449,#7450,#7451,#7452,#7453,#7454,
#7455,#7456,#7457,#7458,#7459,#7460,#7461,#7462,#7463,#7464,#7465,#7466,
#7467,#7468,#7469,#7470),.UNSPECIFIED.,.F.,.F.,(4,3,3,3,3,3,3,3,3,3,3,3,
3,3,3,3,3,3,3,3,3,3,3,4),(-8.16164678766675,-8.08492739759383,-7.78223239620071,
-7.47953739480758,-7.07594405961674,-6.67235072442591,-6.26875738923508,
-5.86516405404424,-5.46157071885341,-5.05797738366257,-4.65438404847174,
-4.2507907132809,-3.84719737809007,-3.44360404289923,-3.0400107077084,-2.63641737251756,
-2.33372237112444,-2.03102736973131,-1.72833236833818,-1.42563736694506,
-1.12294236555193,-0.820247364158806,-0.51755236276568,-0.214857361602969),
 .UNSPECIFIED.);
#767=B_SPLINE_CURVE_WITH_KNOTS('',3,(#7472,#7473,#7474,#7475,#7476,#7477,
#7478,#7479,#7480,#7481,#7482,#7483,#7484,#7485,#7486,#7487,#7488,#7489,
#7490,#7491,#7492,#7493,#7494,#7495,#7496,#7497,#7498,#7499,#7500,#7501,
#7502,#7503,#7504,#7505,#7506,#7507,#7508,#7509,#7510,#7511),
 .UNSPECIFIED.,.F.,.F.,(4,3,3,3,3,3,3,3,3,3,3,3,3,4),(0.0189254173197226,
0.0591847907201527,0.0986258408610526,0.139294375891248,0.179962910921443,
0.221859607288931,0.26471546377851,0.284462223942764,0.32729502532783,0.370708284118596,
0.378046666245514,0.42307531366329,0.469063031082318,0.503676253698487),
 .UNSPECIFIED.);
#768=B_SPLINE_CURVE_WITH_KNOTS('',3,(#7512,#7513,#7514,#7515,#7516,#7517,
#7518,#7519,#7520,#7521,#7522,#7523,#7524,#7525,#7526,#7527,#7528,#7529,
#7530,#7531,#7532,#7533,#7534,#7535,#7536),.UNSPECIFIED.,.F.,.F.,(4,3,3,
3,3,3,3,3,4),(0.142668955595262,0.385789241266511,0.628909526939913,0.872029812613315,
1.11515009828672,1.43931047918459,1.76347086008246,2.08763124098033,2.32867307153852),
 .UNSPECIFIED.);
#769=B_SPLINE_CURVE_WITH_KNOTS('',3,(#7538,#7539,#7540,#7541,#7542,#7543,
#7544,#7545,#7546,#7547,#7548,#7549,#7550,#7551,#7552,#7553,#7554,#7555,
#7556,#7557,#7558,#7559,#7560,#7561,#7562,#7563,#7564,#7565,#7566,#7567,
#7568),.UNSPECIFIED.,.F.,.F.,(4,3,3,3,3,3,3,3,3,3,4),(-5.52005926401239,
-5.3292436383383,-5.00507657356222,-4.68090950878614,-4.35674244401006,
-4.03257537923399,-3.70840831445791,-3.38424124968183,-3.06007418490576,
-2.73590712012968,-2.58393494943517),.UNSPECIFIED.);
#770=B_SPLINE_CURVE_WITH_KNOTS('',3,(#7675,#7676,#7677,#7678,#7679,#7680,
#7681,#7682,#7683,#7684,#7685,#7686,#7687,#7688,#7689,#7690,#7691,#7692,
#7693,#7694,#7695,#7696,#7697,#7698,#7699,#7700,#7701,#7702,#7703,#7704,
#7705,#7706,#7707,#7708,#7709,#7710,#7711,#7712,#7713,#7714),
 .UNSPECIFIED.,.F.,.F.,(4,3,3,3,3,3,3,3,3,3,3,3,3,4),(0.018925417319988,
0.0591847907203416,0.0986260069235778,0.13929445892249,0.179962910921403,
0.221859801876986,0.264715700701015,0.284462223943005,0.32729523993516,
0.37070868632851,0.378046666245426,0.423075552725312,0.469063489610849,
0.503676253698712),.UNSPECIFIED.);
#771=B_SPLINE_CURVE_WITH_KNOTS('',3,(#7716,#7717,#7718,#7719,#7720,#7721,
#7722,#7723,#7724,#7725),.UNSPECIFIED.,.F.,.F.,(4,2,2,2,4),(0.145711405638588,
0.223551706930927,0.42883350988599,0.543547048744327,0.633226469972256),
 .UNSPECIFIED.);
#772=B_SPLINE_CURVE_WITH_KNOTS('',3,(#7726,#7727,#7728,#7729,#7730,#7731,
#7732,#7733,#7734,#7735,#7736,#7737,#7738,#7739,#7740,#7741,#7742,#7743,
#7744,#7745,#7746,#7747,#7748,#7749,#7750,#7751,#7752,#7753,#7754,#7755,
#7756,#7757,#7758,#7759,#7760,#7761,#7762,#7763,#7764,#7765,#7766,#7767,
#7768,#7769,#7770,#7771,#7772,#7773,#7774,#7775,#7776,#7777,#7778,#7779,
#7780,#7781,#7782,#7783,#7784,#7785,#7786,#7787,#7788,#7789,#7790,#7791,
#7792),.UNSPECIFIED.,.F.,.F.,(4,3,3,3,3,3,3,3,3,3,3,3,3,3,3,3,3,3,3,3,3,
3,4),(0.214857361602969,0.517552362765679,0.820247364158807,1.12294236555193,
1.42563736694506,1.82923070213589,2.23282403732673,2.63641737251756,3.0400107077084,
3.44360404289924,3.84719737809007,4.2507907132809,4.65438404847174,5.05797738366257,
5.46157071885341,5.86516405404425,6.26875738923508,6.67235072442592,7.07594405961675,
7.47953739480759,7.78223239620071,8.08492739759384,8.16164678766675),
 .UNSPECIFIED.);
#773=B_SPLINE_CURVE_WITH_KNOTS('',3,(#7909,#7910,#7911,#7912,#7913,#7914,
#7915,#7916,#7917,#7918,#7919,#7920,#7921,#7922,#7923,#7924,#7925,#7926,
#7927,#7928,#7929,#7930,#7931,#7932,#7933,#7934,#7935,#7936,#7937,#7938,
#7939,#7940,#7941,#7942,#7943,#7944,#7945,#7946,#7947,#7948),
 .UNSPECIFIED.,.F.,.F.,(4,3,3,3,3,3,3,3,3,3,3,3,3,4),(0.0670583995725162,
0.11730138981452,0.167828742185282,0.217763776232949,0.224379857926083,
0.23092597010425,0.28134811126837,0.331550351791978,0.367568878375951,0.394395920207112,
0.412250989088992,0.41960241277046,0.469520736060094,0.474877045700594),
 .UNSPECIFIED.);
#774=B_SPLINE_CURVE_WITH_KNOTS('',3,(#7949,#7950,#7951,#7952,#7953,#7954,
#7955,#7956,#7957,#7958,#7959,#7960,#7961,#7962,#7963,#7964,#7965,#7966,
#7967,#7968,#7969,#7970,#7971,#7972,#7973,#7974,#7975,#7976,#7977,#7978,
#7979,#7980,#7981,#7982,#7983,#7984,#7985,#7986,#7987,#7988),
 .UNSPECIFIED.,.F.,.F.,(4,3,3,3,3,3,3,3,3,3,3,3,3,4),(0.067058399572517,
0.117305434500734,0.167827440289889,0.217762799811407,0.224378226620179,
0.230926057622054,0.281344117719719,0.331537412439573,0.367568878375961,
0.39439592020712,0.412250331550048,0.419601489496217,0.46952288210912,0.474877045700598),
 .UNSPECIFIED.);
#775=B_SPLINE_CURVE_WITH_KNOTS('',3,(#8091,#8092,#8093,#8094,#8095,#8096,
#8097,#8098,#8099,#8100,#8101,#8102),.UNSPECIFIED.,.F.,.F.,(4,2,2,2,2,4),
(0.326477191903993,0.355938581099818,0.400315168628166,0.444784481748224,
0.489343213640862,0.53088062956375),.UNSPECIFIED.);
#776=B_SPLINE_CURVE_WITH_KNOTS('',3,(#8106,#8107,#8108,#8109,#8110,#8111,
#8112,#8113,#8114,#8115,#8116,#8117),.UNSPECIFIED.,.F.,.F.,(4,2,2,2,2,4),
(0.180996532628362,0.222533948558774,0.267092680451411,0.311561993571469,
0.355938581099817,0.385399970295941),.UNSPECIFIED.);
#777=B_SPLINE_CURVE_WITH_KNOTS('',3,(#8121,#8122,#8123,#8124,#8125,#8126,
#8127,#8128,#8129,#8130,#8131,#8132),.UNSPECIFIED.,.F.,.F.,(4,2,2,2,2,4),
(0.326477191903993,0.355938581099817,0.400315168628166,0.444784481748224,
0.489343213640861,0.530880629563752),.UNSPECIFIED.);
#778=B_SPLINE_CURVE_WITH_KNOTS('',3,(#8141,#8142,#8143,#8144,#8145,#8146,
#8147,#8148,#8149,#8150,#8151,#8152),.UNSPECIFIED.,.F.,.F.,(4,2,2,2,2,4),
(0.180996532628362,0.222533948558773,0.267092680451411,0.311561993571469,
0.355938581099817,0.385399970295941),.UNSPECIFIED.);
#779=B_SPLINE_CURVE_WITH_KNOTS('',3,(#8156,#8157,#8158,#8159,#8160,#8161,
#8162,#8163,#8164,#8165,#8166,#8167),.UNSPECIFIED.,.F.,.F.,(4,2,2,2,2,4),
(0.326477191903993,0.355938581099818,0.400315168628166,0.444784481748224,
0.489343213640862,0.530880629563744),.UNSPECIFIED.);
#780=B_SPLINE_CURVE_WITH_KNOTS('',3,(#8171,#8172,#8173,#8174,#8175,#8176,
#8177,#8178,#8179,#8180,#8181,#8182),.UNSPECIFIED.,.F.,.F.,(4,2,2,2,2,4),
(0.180996532628362,0.222533948558773,0.267092680451411,0.311561993571469,
0.355938581099817,0.385399970295941),.UNSPECIFIED.);
#781=B_SPLINE_CURVE_WITH_KNOTS('',3,(#8186,#8187,#8188,#8189,#8190,#8191,
#8192,#8193,#8194,#8195,#8196,#8197),.UNSPECIFIED.,.F.,.F.,(4,2,2,2,2,4),
(0.326477191903993,0.355938581099817,0.400315168628166,0.444784481748224,
0.489343213640861,0.530880629563744),.UNSPECIFIED.);
#782=B_SPLINE_CURVE_WITH_KNOTS('',3,(#8201,#8202,#8203,#8204,#8205,#8206,
#8207,#8208,#8209,#8210,#8211,#8212),.UNSPECIFIED.,.F.,.F.,(4,2,2,2,2,4),
(0.180996532628362,0.222533948558773,0.267092680451411,0.311561993571469,
0.355938581099817,0.385399970295941),.UNSPECIFIED.);
#783=LINE('',#3989,#916);
#784=LINE('',#4031,#917);
#785=LINE('',#4121,#918);
#786=LINE('',#4211,#919);
#787=LINE('',#4301,#920);
#788=LINE('',#4405,#921);
#789=LINE('',#4433,#922);
#790=LINE('',#4464,#923);
#791=LINE('',#4492,#924);
#792=LINE('',#4523,#925);
#793=LINE('',#4551,#926);
#794=LINE('',#4582,#927);
#795=LINE('',#4610,#928);
#796=LINE('',#4641,#929);
#797=LINE('',#4669,#930);
#798=LINE('',#4700,#931);
#799=LINE('',#4728,#932);
#800=LINE('',#4759,#933);
#801=LINE('',#4787,#934);
#802=LINE('',#4818,#935);
#803=LINE('',#4846,#936);
#804=LINE('',#4877,#937);
#805=LINE('',#4905,#938);
#806=LINE('',#4936,#939);
#807=LINE('',#4964,#940);
#808=LINE('',#4995,#941);
#809=LINE('',#5023,#942);
#810=LINE('',#5054,#943);
#811=LINE('',#5082,#944);
#812=LINE('',#5113,#945);
#813=LINE('',#5141,#946);
#814=LINE('',#5172,#947);
#815=LINE('',#5200,#948);
#816=LINE('',#5231,#949);
#817=LINE('',#5259,#950);
#818=LINE('',#5290,#951);
#819=LINE('',#5318,#952);
#820=LINE('',#5349,#953);
#821=LINE('',#5377,#954);
#822=LINE('',#5408,#955);
#823=LINE('',#5436,#956);
#824=LINE('',#5467,#957);
#825=LINE('',#5495,#958);
#826=LINE('',#5526,#959);
#827=LINE('',#5554,#960);
#828=LINE('',#5585,#961);
#829=LINE('',#5613,#962);
#830=LINE('',#5644,#963);
#831=LINE('',#5672,#964);
#832=LINE('',#5703,#965);
#833=LINE('',#5731,#966);
#834=LINE('',#5762,#967);
#835=LINE('',#5790,#968);
#836=LINE('',#6092,#969);
#837=LINE('',#7169,#970);
#838=LINE('',#7194,#971);
#839=LINE('',#7262,#972);
#840=LINE('',#7992,#973);
#841=LINE('',#7994,#974);
#842=LINE('',#7996,#975);
#843=LINE('',#7997,#976);
#844=LINE('',#8000,#977);
#845=LINE('',#8002,#978);
#846=LINE('',#8003,#979);
#847=LINE('',#8006,#980);
#848=LINE('',#8008,#981);
#849=LINE('',#8009,#982);
#850=LINE('',#8012,#983);
#851=LINE('',#8014,#984);
#852=LINE('',#8015,#985);
#853=LINE('',#8018,#986);
#854=LINE('',#8020,#987);
#855=LINE('',#8021,#988);
#856=LINE('',#8024,#989);
#857=LINE('',#8026,#990);
#858=LINE('',#8027,#991);
#859=LINE('',#8030,#992);
#860=LINE('',#8032,#993);
#861=LINE('',#8033,#994);
#862=LINE('',#8036,#995);
#863=LINE('',#8038,#996);
#864=LINE('',#8039,#997);
#865=LINE('',#8042,#998);
#866=LINE('',#8044,#999);
#867=LINE('',#8045,#1000);
#868=LINE('',#8048,#1001);
#869=LINE('',#8050,#1002);
#870=LINE('',#8051,#1003);
#871=LINE('',#8054,#1004);
#872=LINE('',#8056,#1005);
#873=LINE('',#8057,#1006);
#874=LINE('',#8059,#1007);
#875=LINE('',#8060,#1008);
#876=LINE('',#8067,#1009);
#877=LINE('',#8069,#1010);
#878=LINE('',#8071,#1011);
#879=LINE('',#8072,#1012);
#880=LINE('',#8075,#1013);
#881=LINE('',#8077,#1014);
#882=LINE('',#8078,#1015);
#883=LINE('',#8082,#1016);
#884=LINE('',#8084,#1017);
#885=LINE('',#8086,#1018);
#886=LINE('',#8087,#1019);
#887=LINE('',#8239,#1020);
#888=LINE('',#8240,#1021);
#889=LINE('',#8243,#1022);
#890=LINE('',#8245,#1023);
#891=LINE('',#8247,#1024);
#892=LINE('',#8248,#1025);
#893=LINE('',#8251,#1026);
#894=LINE('',#8256,#1027);
#895=LINE('',#8259,#1028);
#896=LINE('',#8264,#1029);
#897=LINE('',#8267,#1030);
#898=LINE('',#8269,#1031);
#899=LINE('',#8271,#1032);
#900=LINE('',#8272,#1033);
#901=LINE('',#8275,#1034);
#902=LINE('',#8280,#1035);
#903=LINE('',#8283,#1036);
#904=LINE('',#8289,#1037);
#905=LINE('',#8292,#1038);
#906=LINE('',#8294,#1039);
#907=LINE('',#8296,#1040);
#908=LINE('',#8299,#1041);
#909=LINE('',#8304,#1042);
#910=LINE('',#8307,#1043);
#911=LINE('',#8311,#1044);
#912=LINE('',#8315,#1045);
#913=LINE('',#8321,#1046);
#914=LINE('',#8327,#1047);
#915=LINE('',#8333,#1048);
#916=VECTOR('',#3203,4.5);
#917=VECTOR('',#3208,4.5);
#918=VECTOR('',#3211,4.5);
#919=VECTOR('',#3214,4.5);
#920=VECTOR('',#3217,4.5);
#921=VECTOR('',#3222,10.);
#922=VECTOR('',#3223,10.);
#923=VECTOR('',#3226,10.);
#924=VECTOR('',#3227,10.);
#925=VECTOR('',#3230,10.);
#926=VECTOR('',#3231,10.);
#927=VECTOR('',#3234,10.);
#928=VECTOR('',#3235,10.);
#929=VECTOR('',#3238,10.);
#930=VECTOR('',#3239,10.);
#931=VECTOR('',#3242,10.);
#932=VECTOR('',#3243,10.);
#933=VECTOR('',#3246,10.);
#934=VECTOR('',#3247,10.);
#935=VECTOR('',#3250,10.);
#936=VECTOR('',#3251,10.);
#937=VECTOR('',#3254,10.);
#938=VECTOR('',#3255,10.);
#939=VECTOR('',#3258,10.);
#940=VECTOR('',#3259,10.);
#941=VECTOR('',#3262,10.);
#942=VECTOR('',#3263,10.);
#943=VECTOR('',#3266,10.);
#944=VECTOR('',#3267,10.);
#945=VECTOR('',#3270,10.);
#946=VECTOR('',#3271,10.);
#947=VECTOR('',#3274,10.);
#948=VECTOR('',#3275,10.);
#949=VECTOR('',#3278,10.);
#950=VECTOR('',#3279,10.);
#951=VECTOR('',#3282,10.);
#952=VECTOR('',#3283,10.);
#953=VECTOR('',#3286,10.);
#954=VECTOR('',#3287,10.);
#955=VECTOR('',#3290,10.);
#956=VECTOR('',#3291,10.);
#957=VECTOR('',#3294,10.);
#958=VECTOR('',#3295,10.);
#959=VECTOR('',#3298,10.);
#960=VECTOR('',#3299,10.);
#961=VECTOR('',#3302,10.);
#962=VECTOR('',#3303,10.);
#963=VECTOR('',#3306,10.);
#964=VECTOR('',#3307,10.);
#965=VECTOR('',#3310,10.);
#966=VECTOR('',#3311,10.);
#967=VECTOR('',#3314,10.);
#968=VECTOR('',#3315,10.);
#969=VECTOR('',#3666,3.);
#970=VECTOR('',#3677,4.5);
#971=VECTOR('',#3682,4.5);
#972=VECTOR('',#3687,4.5);
#973=VECTOR('',#3696,10.);
#974=VECTOR('',#3697,10.);
#975=VECTOR('',#3698,10.);
#976=VECTOR('',#3699,10.);
#977=VECTOR('',#3702,10.);
#978=VECTOR('',#3703,10.);
#979=VECTOR('',#3704,10.);
#980=VECTOR('',#3707,10.);
#981=VECTOR('',#3708,10.);
#982=VECTOR('',#3709,10.);
#983=VECTOR('',#3712,10.);
#984=VECTOR('',#3713,10.);
#985=VECTOR('',#3714,10.);
#986=VECTOR('',#3717,10.);
#987=VECTOR('',#3718,10.);
#988=VECTOR('',#3719,10.);
#989=VECTOR('',#3722,10.);
#990=VECTOR('',#3723,10.);
#991=VECTOR('',#3724,10.);
#992=VECTOR('',#3727,10.);
#993=VECTOR('',#3728,10.);
#994=VECTOR('',#3729,10.);
#995=VECTOR('',#3732,10.);
#996=VECTOR('',#3733,10.);
#997=VECTOR('',#3734,10.);
#998=VECTOR('',#3737,10.);
#999=VECTOR('',#3738,10.);
#1000=VECTOR('',#3739,10.);
#1001=VECTOR('',#3742,10.);
#1002=VECTOR('',#3743,10.);
#1003=VECTOR('',#3744,10.);
#1004=VECTOR('',#3747,10.);
#1005=VECTOR('',#3748,10.);
#1006=VECTOR('',#3749,10.);
#1007=VECTOR('',#3752,10.);
#1008=VECTOR('',#3753,10.);
#1009=VECTOR('',#3762,10.);
#1010=VECTOR('',#3763,10.);
#1011=VECTOR('',#3764,10.);
#1012=VECTOR('',#3765,10.);
#1013=VECTOR('',#3768,10.);
#1014=VECTOR('',#3769,10.);
#1015=VECTOR('',#3770,10.);
#1016=VECTOR('',#3773,10.);
#1017=VECTOR('',#3774,10.);
#1018=VECTOR('',#3775,10.);
#1019=VECTOR('',#3776,10.);
#1020=VECTOR('',#3835,10.);
#1021=VECTOR('',#3836,10.);
#1022=VECTOR('',#3839,10.);
#1023=VECTOR('',#3840,10.);
#1024=VECTOR('',#3841,10.);
#1025=VECTOR('',#3842,10.);
#1026=VECTOR('',#3845,10.);
#1027=VECTOR('',#3850,10.);
#1028=VECTOR('',#3853,10.);
#1029=VECTOR('',#3858,10.);
#1030=VECTOR('',#3861,10.);
#1031=VECTOR('',#3862,10.);
#1032=VECTOR('',#3863,10.);
#1033=VECTOR('',#3864,10.);
#1034=VECTOR('',#3867,10.);
#1035=VECTOR('',#3872,10.);
#1036=VECTOR('',#3875,10.);
#1037=VECTOR('',#3882,10.);
#1038=VECTOR('',#3887,10.);
#1039=VECTOR('',#3890,10.);
#1040=VECTOR('',#3893,10.);
#1041=VECTOR('',#3896,10.);
#1042=VECTOR('',#3901,10.);
#1043=VECTOR('',#3904,10.);
#1044=VECTOR('',#3909,10.);
#1045=VECTOR('',#3914,10.);
#1046=VECTOR('',#3921,10.);
#1047=VECTOR('',#3928,10.);
#1048=VECTOR('',#3935,10.);
#1049=VERTEX_POINT('',#3987);
#1050=VERTEX_POINT('',#3988);
#1051=VERTEX_POINT('',#3990);
#1052=VERTEX_POINT('',#4022);
#1053=VERTEX_POINT('',#4029);
#1054=VERTEX_POINT('',#4030);
#1055=VERTEX_POINT('',#4119);
#1056=VERTEX_POINT('',#4120);
#1057=VERTEX_POINT('',#4209);
#1058=VERTEX_POINT('',#4210);
#1059=VERTEX_POINT('',#4299);
#1060=VERTEX_POINT('',#4300);
#1061=VERTEX_POINT('',#4302);
#1062=VERTEX_POINT('',#4376);
#1063=VERTEX_POINT('',#4377);
#1064=VERTEX_POINT('',#4390);
#1065=VERTEX_POINT('',#4404);
#1066=VERTEX_POINT('',#4406);
#1067=VERTEX_POINT('',#4420);
#1068=VERTEX_POINT('',#4435);
#1069=VERTEX_POINT('',#4436);
#1070=VERTEX_POINT('',#4449);
#1071=VERTEX_POINT('',#4463);
#1072=VERTEX_POINT('',#4465);
#1073=VERTEX_POINT('',#4479);
#1074=VERTEX_POINT('',#4494);
#1075=VERTEX_POINT('',#4495);
#1076=VERTEX_POINT('',#4508);
#1077=VERTEX_POINT('',#4522);
#1078=VERTEX_POINT('',#4524);
#1079=VERTEX_POINT('',#4538);
#1080=VERTEX_POINT('',#4553);
#1081=VERTEX_POINT('',#4554);
#1082=VERTEX_POINT('',#4567);
#1083=VERTEX_POINT('',#4581);
#1084=VERTEX_POINT('',#4583);
#1085=VERTEX_POINT('',#4597);
#1086=VERTEX_POINT('',#4612);
#1087=VERTEX_POINT('',#4613);
#1088=VERTEX_POINT('',#4626);
#1089=VERTEX_POINT('',#4640);
#1090=VERTEX_POINT('',#4642);
#1091=VERTEX_POINT('',#4656);
#1092=VERTEX_POINT('',#4671);
#1093=VERTEX_POINT('',#4672);
#1094=VERTEX_POINT('',#4685);
#1095=VERTEX_POINT('',#4699);
#1096=VERTEX_POINT('',#4701);
#1097=VERTEX_POINT('',#4715);
#1098=VERTEX_POINT('',#4730);
#1099=VERTEX_POINT('',#4731);
#1100=VERTEX_POINT('',#4744);
#1101=VERTEX_POINT('',#4758);
#1102=VERTEX_POINT('',#4760);
#1103=VERTEX_POINT('',#4774);
#1104=VERTEX_POINT('',#4789);
#1105=VERTEX_POINT('',#4790);
#1106=VERTEX_POINT('',#4803);
#1107=VERTEX_POINT('',#4817);
#1108=VERTEX_POINT('',#4819);
#1109=VERTEX_POINT('',#4833);
#1110=VERTEX_POINT('',#4848);
#1111=VERTEX_POINT('',#4849);
#1112=VERTEX_POINT('',#4862);
#1113=VERTEX_POINT('',#4876);
#1114=VERTEX_POINT('',#4878);
#1115=VERTEX_POINT('',#4892);
#1116=VERTEX_POINT('',#4907);
#1117=VERTEX_POINT('',#4908);
#1118=VERTEX_POINT('',#4921);
#1119=VERTEX_POINT('',#4935);
#1120=VERTEX_POINT('',#4937);
#1121=VERTEX_POINT('',#4951);
#1122=VERTEX_POINT('',#4966);
#1123=VERTEX_POINT('',#4967);
#1124=VERTEX_POINT('',#4980);
#1125=VERTEX_POINT('',#4994);
#1126=VERTEX_POINT('',#4996);
#1127=VERTEX_POINT('',#5010);
#1128=VERTEX_POINT('',#5025);
#1129=VERTEX_POINT('',#5026);
#1130=VERTEX_POINT('',#5039);
#1131=VERTEX_POINT('',#5053);
#1132=VERTEX_POINT('',#5055);
#1133=VERTEX_POINT('',#5069);
#1134=VERTEX_POINT('',#5084);
#1135=VERTEX_POINT('',#5085);
#1136=VERTEX_POINT('',#5098);
#1137=VERTEX_POINT('',#5112);
#1138=VERTEX_POINT('',#5114);
#1139=VERTEX_POINT('',#5128);
#1140=VERTEX_POINT('',#5143);
#1141=VERTEX_POINT('',#5144);
#1142=VERTEX_POINT('',#5157);
#1143=VERTEX_POINT('',#5171);
#1144=VERTEX_POINT('',#5173);
#1145=VERTEX_POINT('',#5187);
#1146=VERTEX_POINT('',#5202);
#1147=VERTEX_POINT('',#5203);
#1148=VERTEX_POINT('',#5216);
#1149=VERTEX_POINT('',#5230);
#1150=VERTEX_POINT('',#5232);
#1151=VERTEX_POINT('',#5246);
#1152=VERTEX_POINT('',#5261);
#1153=VERTEX_POINT('',#5262);
#1154=VERTEX_POINT('',#5275);
#1155=VERTEX_POINT('',#5289);
#1156=VERTEX_POINT('',#5291);
#1157=VERTEX_POINT('',#5305);
#1158=VERTEX_POINT('',#5320);
#1159=VERTEX_POINT('',#5321);
#1160=VERTEX_POINT('',#5334);
#1161=VERTEX_POINT('',#5348);
#1162=VERTEX_POINT('',#5350);
#1163=VERTEX_POINT('',#5364);
#1164=VERTEX_POINT('',#5379);
#1165=VERTEX_POINT('',#5380);
#1166=VERTEX_POINT('',#5393);
#1167=VERTEX_POINT('',#5407);
#1168=VERTEX_POINT('',#5409);
#1169=VERTEX_POINT('',#5423);
#1170=VERTEX_POINT('',#5438);
#1171=VERTEX_POINT('',#5439);
#1172=VERTEX_POINT('',#5452);
#1173=VERTEX_POINT('',#5466);
#1174=VERTEX_POINT('',#5468);
#1175=VERTEX_POINT('',#5482);
#1176=VERTEX_POINT('',#5497);
#1177=VERTEX_POINT('',#5498);
#1178=VERTEX_POINT('',#5511);
#1179=VERTEX_POINT('',#5525);
#1180=VERTEX_POINT('',#5527);
#1181=VERTEX_POINT('',#5541);
#1182=VERTEX_POINT('',#5556);
#1183=VERTEX_POINT('',#5557);
#1184=VERTEX_POINT('',#5570);
#1185=VERTEX_POINT('',#5584);
#1186=VERTEX_POINT('',#5586);
#1187=VERTEX_POINT('',#5600);
#1188=VERTEX_POINT('',#5615);
#1189=VERTEX_POINT('',#5616);
#1190=VERTEX_POINT('',#5629);
#1191=VERTEX_POINT('',#5643);
#1192=VERTEX_POINT('',#5645);
#1193=VERTEX_POINT('',#5659);
#1194=VERTEX_POINT('',#5674);
#1195=VERTEX_POINT('',#5675);
#1196=VERTEX_POINT('',#5688);
#1197=VERTEX_POINT('',#5702);
#1198=VERTEX_POINT('',#5704);
#1199=VERTEX_POINT('',#5718);
#1200=VERTEX_POINT('',#5733);
#1201=VERTEX_POINT('',#5734);
#1202=VERTEX_POINT('',#5747);
#1203=VERTEX_POINT('',#5761);
#1204=VERTEX_POINT('',#5763);
#1205=VERTEX_POINT('',#5777);
#1206=VERTEX_POINT('',#5960);
#1207=VERTEX_POINT('',#6004);
#1208=VERTEX_POINT('',#6006);
#1209=VERTEX_POINT('',#6086);
#1210=VERTEX_POINT('',#6088);
#1211=VERTEX_POINT('',#6091);
#1212=VERTEX_POINT('',#6338);
#1213=VERTEX_POINT('',#6774);
#1214=VERTEX_POINT('',#7167);
#1215=VERTEX_POINT('',#7168);
#1216=VERTEX_POINT('',#7170);
#1217=VERTEX_POINT('',#7192);
#1218=VERTEX_POINT('',#7193);
#1219=VERTEX_POINT('',#7195);
#1220=VERTEX_POINT('',#7260);
#1221=VERTEX_POINT('',#7261);
#1222=VERTEX_POINT('',#7263);
#1223=VERTEX_POINT('',#7389);
#1224=VERTEX_POINT('',#7400);
#1225=VERTEX_POINT('',#7471);
#1226=VERTEX_POINT('',#7674);
#1227=VERTEX_POINT('',#7715);
#1228=VERTEX_POINT('',#7990);
#1229=VERTEX_POINT('',#7991);
#1230=VERTEX_POINT('',#7993);
#1231=VERTEX_POINT('',#7995);
#1232=VERTEX_POINT('',#7999);
#1233=VERTEX_POINT('',#8001);
#1234=VERTEX_POINT('',#8005);
#1235=VERTEX_POINT('',#8007);
#1236=VERTEX_POINT('',#8011);
#1237=VERTEX_POINT('',#8013);
#1238=VERTEX_POINT('',#8017);
#1239=VERTEX_POINT('',#8019);
#1240=VERTEX_POINT('',#8023);
#1241=VERTEX_POINT('',#8025);
#1242=VERTEX_POINT('',#8029);
#1243=VERTEX_POINT('',#8031);
#1244=VERTEX_POINT('',#8035);
#1245=VERTEX_POINT('',#8037);
#1246=VERTEX_POINT('',#8041);
#1247=VERTEX_POINT('',#8043);
#1248=VERTEX_POINT('',#8047);
#1249=VERTEX_POINT('',#8049);
#1250=VERTEX_POINT('',#8053);
#1251=VERTEX_POINT('',#8055);
#1252=VERTEX_POINT('',#8065);
#1253=VERTEX_POINT('',#8066);
#1254=VERTEX_POINT('',#8068);
#1255=VERTEX_POINT('',#8070);
#1256=VERTEX_POINT('',#8074);
#1257=VERTEX_POINT('',#8076);
#1258=VERTEX_POINT('',#8080);
#1259=VERTEX_POINT('',#8081);
#1260=VERTEX_POINT('',#8083);
#1261=VERTEX_POINT('',#8085);
#1262=VERTEX_POINT('',#8089);
#1263=VERTEX_POINT('',#8090);
#1264=VERTEX_POINT('',#8103);
#1265=VERTEX_POINT('',#8105);
#1266=VERTEX_POINT('',#8118);
#1267=VERTEX_POINT('',#8120);
#1268=VERTEX_POINT('',#8133);
#1269=VERTEX_POINT('',#8135);
#1270=VERTEX_POINT('',#8138);
#1271=VERTEX_POINT('',#8140);
#1272=VERTEX_POINT('',#8153);
#1273=VERTEX_POINT('',#8155);
#1274=VERTEX_POINT('',#8168);
#1275=VERTEX_POINT('',#8170);
#1276=VERTEX_POINT('',#8183);
#1277=VERTEX_POINT('',#8185);
#1278=VERTEX_POINT('',#8198);
#1279=VERTEX_POINT('',#8200);
#1280=VERTEX_POINT('',#8215);
#1281=VERTEX_POINT('',#8217);
#1282=VERTEX_POINT('',#8221);
#1283=VERTEX_POINT('',#8223);
#1284=VERTEX_POINT('',#8227);
#1285=VERTEX_POINT('',#8229);
#1286=VERTEX_POINT('',#8233);
#1287=VERTEX_POINT('',#8235);
#1288=VERTEX_POINT('',#8242);
#1289=VERTEX_POINT('',#8244);
#1290=VERTEX_POINT('',#8246);
#1291=VERTEX_POINT('',#8250);
#1292=VERTEX_POINT('',#8252);
#1293=VERTEX_POINT('',#8254);
#1294=VERTEX_POINT('',#8258);
#1295=VERTEX_POINT('',#8260);
#1296=VERTEX_POINT('',#8262);
#1297=VERTEX_POINT('',#8266);
#1298=VERTEX_POINT('',#8268);
#1299=VERTEX_POINT('',#8270);
#1300=VERTEX_POINT('',#8274);
#1301=VERTEX_POINT('',#8276);
#1302=VERTEX_POINT('',#8278);
#1303=VERTEX_POINT('',#8282);
#1304=VERTEX_POINT('',#8284);
#1305=VERTEX_POINT('',#8288);
#1306=VERTEX_POINT('',#8298);
#1307=VERTEX_POINT('',#8300);
#1308=VERTEX_POINT('',#8302);
#1309=VERTEX_POINT('',#8306);
#1310=VERTEX_POINT('',#8310);
#1311=VERTEX_POINT('',#8314);
#1312=VERTEX_POINT('',#8316);
#1313=VERTEX_POINT('',#8320);
#1314=VERTEX_POINT('',#8322);
#1315=VERTEX_POINT('',#8326);
#1316=VERTEX_POINT('',#8328);
#1317=VERTEX_POINT('',#8332);
#1318=VERTEX_POINT('',#8334);
#1319=VERTEX_POINT('',#8353);
#1320=EDGE_CURVE('',#1049,#1050,#783,.T.);
#1321=EDGE_CURVE('',#1049,#1051,#646,.T.);
#1322=EDGE_CURVE('',#1052,#1051,#487,.T.);
#1323=EDGE_CURVE('',#1052,#1050,#647,.T.);
#1324=EDGE_CURVE('',#1053,#1054,#784,.T.);
#1325=EDGE_CURVE('',#1053,#1049,#648,.T.);
#1326=EDGE_CURVE('',#1050,#1054,#649,.T.);
#1327=EDGE_CURVE('',#1055,#1056,#785,.T.);
#1328=EDGE_CURVE('',#1055,#1053,#650,.T.);
#1329=EDGE_CURVE('',#1054,#1056,#651,.T.);
#1330=EDGE_CURVE('',#1057,#1058,#786,.T.);
#1331=EDGE_CURVE('',#1057,#1055,#652,.T.);
#1332=EDGE_CURVE('',#1056,#1058,#653,.T.);
#1333=EDGE_CURVE('',#1059,#1060,#787,.T.);
#1334=EDGE_CURVE('',#1061,#1059,#488,.T.);
#1335=EDGE_CURVE('',#1061,#1057,#654,.T.);
#1336=EDGE_CURVE('',#1058,#1060,#655,.T.);
#1337=EDGE_CURVE('',#1062,#1063,#656,.T.);
#1338=EDGE_CURVE('',#1064,#1062,#657,.T.);
#1339=EDGE_CURVE('',#1065,#1064,#788,.T.);
#1340=EDGE_CURVE('',#1066,#1065,#658,.T.);
#1341=EDGE_CURVE('',#1067,#1066,#659,.T.);
#1342=EDGE_CURVE('',#1063,#1067,#789,.T.);
#1343=EDGE_CURVE('',#1068,#1069,#660,.T.);
#1344=EDGE_CURVE('',#1070,#1068,#661,.T.);
#1345=EDGE_CURVE('',#1071,#1070,#790,.T.);
#1346=EDGE_CURVE('',#1072,#1071,#662,.T.);
#1347=EDGE_CURVE('',#1073,#1072,#663,.T.);
#1348=EDGE_CURVE('',#1069,#1073,#791,.T.);
#1349=EDGE_CURVE('',#1074,#1075,#664,.T.);
#1350=EDGE_CURVE('',#1076,#1074,#665,.T.);
#1351=EDGE_CURVE('',#1077,#1076,#792,.T.);
#1352=EDGE_CURVE('',#1078,#1077,#666,.T.);
#1353=EDGE_CURVE('',#1079,#1078,#667,.T.);
#1354=EDGE_CURVE('',#1075,#1079,#793,.T.);
#1355=EDGE_CURVE('',#1080,#1081,#668,.T.);
#1356=EDGE_CURVE('',#1082,#1080,#669,.T.);
#1357=EDGE_CURVE('',#1083,#1082,#794,.T.);
#1358=EDGE_CURVE('',#1084,#1083,#670,.T.);
#1359=EDGE_CURVE('',#1085,#1084,#671,.T.);
#1360=EDGE_CURVE('',#1081,#1085,#795,.T.);
#1361=EDGE_CURVE('',#1086,#1087,#672,.T.);
#1362=EDGE_CURVE('',#1088,#1086,#673,.T.);
#1363=EDGE_CURVE('',#1089,#1088,#796,.T.);
#1364=EDGE_CURVE('',#1090,#1089,#674,.T.);
#1365=EDGE_CURVE('',#1091,#1090,#675,.T.);
#1366=EDGE_CURVE('',#1087,#1091,#797,.T.);
#1367=EDGE_CURVE('',#1092,#1093,#676,.T.);
#1368=EDGE_CURVE('',#1094,#1092,#677,.T.);
#1369=EDGE_CURVE('',#1095,#1094,#798,.T.);
#1370=EDGE_CURVE('',#1096,#1095,#678,.T.);
#1371=EDGE_CURVE('',#1097,#1096,#679,.T.);
#1372=EDGE_CURVE('',#1093,#1097,#799,.T.);
#1373=EDGE_CURVE('',#1098,#1099,#680,.T.);
#1374=EDGE_CURVE('',#1100,#1098,#681,.T.);
#1375=EDGE_CURVE('',#1101,#1100,#800,.T.);
#1376=EDGE_CURVE('',#1102,#1101,#682,.T.);
#1377=EDGE_CURVE('',#1103,#1102,#683,.T.);
#1378=EDGE_CURVE('',#1099,#1103,#801,.T.);
#1379=EDGE_CURVE('',#1104,#1105,#684,.T.);
#1380=EDGE_CURVE('',#1106,#1104,#685,.T.);
#1381=EDGE_CURVE('',#1107,#1106,#802,.T.);
#1382=EDGE_CURVE('',#1108,#1107,#686,.T.);
#1383=EDGE_CURVE('',#1109,#1108,#687,.T.);
#1384=EDGE_CURVE('',#1105,#1109,#803,.T.);
#1385=EDGE_CURVE('',#1110,#1111,#688,.T.);
#1386=EDGE_CURVE('',#1112,#1110,#689,.T.);
#1387=EDGE_CURVE('',#1113,#1112,#804,.T.);
#1388=EDGE_CURVE('',#1114,#1113,#690,.T.);
#1389=EDGE_CURVE('',#1115,#1114,#691,.T.);
#1390=EDGE_CURVE('',#1111,#1115,#805,.T.);
#1391=EDGE_CURVE('',#1116,#1117,#692,.T.);
#1392=EDGE_CURVE('',#1118,#1116,#693,.T.);
#1393=EDGE_CURVE('',#1119,#1118,#806,.T.);
#1394=EDGE_CURVE('',#1120,#1119,#694,.T.);
#1395=EDGE_CURVE('',#1121,#1120,#695,.T.);
#1396=EDGE_CURVE('',#1117,#1121,#807,.T.);
#1397=EDGE_CURVE('',#1122,#1123,#696,.T.);
#1398=EDGE_CURVE('',#1124,#1122,#697,.T.);
#1399=EDGE_CURVE('',#1125,#1124,#808,.T.);
#1400=EDGE_CURVE('',#1126,#1125,#698,.T.);
#1401=EDGE_CURVE('',#1127,#1126,#699,.T.);
#1402=EDGE_CURVE('',#1123,#1127,#809,.T.);
#1403=EDGE_CURVE('',#1128,#1129,#700,.T.);
#1404=EDGE_CURVE('',#1130,#1128,#701,.T.);
#1405=EDGE_CURVE('',#1131,#1130,#810,.T.);
#1406=EDGE_CURVE('',#1132,#1131,#702,.T.);
#1407=EDGE_CURVE('',#1133,#1132,#703,.T.);
#1408=EDGE_CURVE('',#1129,#1133,#811,.T.);
#1409=EDGE_CURVE('',#1134,#1135,#704,.T.);
#1410=EDGE_CURVE('',#1136,#1134,#705,.T.);
#1411=EDGE_CURVE('',#1137,#1136,#812,.T.);
#1412=EDGE_CURVE('',#1138,#1137,#706,.T.);
#1413=EDGE_CURVE('',#1139,#1138,#707,.T.);
#1414=EDGE_CURVE('',#1135,#1139,#813,.T.);
#1415=EDGE_CURVE('',#1140,#1141,#708,.T.);
#1416=EDGE_CURVE('',#1142,#1140,#709,.T.);
#1417=EDGE_CURVE('',#1143,#1142,#814,.T.);
#1418=EDGE_CURVE('',#1144,#1143,#710,.T.);
#1419=EDGE_CURVE('',#1145,#1144,#711,.T.);
#1420=EDGE_CURVE('',#1141,#1145,#815,.T.);
#1421=EDGE_CURVE('',#1146,#1147,#712,.T.);
#1422=EDGE_CURVE('',#1148,#1146,#713,.T.);
#1423=EDGE_CURVE('',#1149,#1148,#816,.T.);
#1424=EDGE_CURVE('',#1150,#1149,#714,.T.);
#1425=EDGE_CURVE('',#1151,#1150,#715,.T.);
#1426=EDGE_CURVE('',#1147,#1151,#817,.T.);
#1427=EDGE_CURVE('',#1152,#1153,#716,.T.);
#1428=EDGE_CURVE('',#1154,#1152,#717,.T.);
#1429=EDGE_CURVE('',#1155,#1154,#818,.T.);
#1430=EDGE_CURVE('',#1156,#1155,#718,.T.);
#1431=EDGE_CURVE('',#1157,#1156,#719,.T.);
#1432=EDGE_CURVE('',#1153,#1157,#819,.T.);
#1433=EDGE_CURVE('',#1158,#1159,#720,.T.);
#1434=EDGE_CURVE('',#1160,#1158,#721,.T.);
#1435=EDGE_CURVE('',#1161,#1160,#820,.T.);
#1436=EDGE_CURVE('',#1162,#1161,#722,.T.);
#1437=EDGE_CURVE('',#1163,#1162,#723,.T.);
#1438=EDGE_CURVE('',#1159,#1163,#821,.T.);
#1439=EDGE_CURVE('',#1164,#1165,#724,.T.);
#1440=EDGE_CURVE('',#1166,#1164,#725,.T.);
#1441=EDGE_CURVE('',#1167,#1166,#822,.T.);
#1442=EDGE_CURVE('',#1168,#1167,#726,.T.);
#1443=EDGE_CURVE('',#1169,#1168,#727,.T.);
#1444=EDGE_CURVE('',#1165,#1169,#823,.T.);
#1445=EDGE_CURVE('',#1170,#1171,#728,.T.);
#1446=EDGE_CURVE('',#1172,#1170,#729,.T.);
#1447=EDGE_CURVE('',#1173,#1172,#824,.T.);
#1448=EDGE_CURVE('',#1174,#1173,#730,.T.);
#1449=EDGE_CURVE('',#1175,#1174,#731,.T.);
#1450=EDGE_CURVE('',#1171,#1175,#825,.T.);
#1451=EDGE_CURVE('',#1176,#1177,#732,.T.);
#1452=EDGE_CURVE('',#1178,#1176,#733,.T.);
#1453=EDGE_CURVE('',#1179,#1178,#826,.T.);
#1454=EDGE_CURVE('',#1180,#1179,#734,.T.);
#1455=EDGE_CURVE('',#1181,#1180,#735,.T.);
#1456=EDGE_CURVE('',#1177,#1181,#827,.T.);
#1457=EDGE_CURVE('',#1182,#1183,#736,.T.);
#1458=EDGE_CURVE('',#1184,#1182,#737,.T.);
#1459=EDGE_CURVE('',#1185,#1184,#828,.T.);
#1460=EDGE_CURVE('',#1186,#1185,#738,.T.);
#1461=EDGE_CURVE('',#1187,#1186,#739,.T.);
#1462=EDGE_CURVE('',#1183,#1187,#829,.T.);
#1463=EDGE_CURVE('',#1188,#1189,#740,.T.);
#1464=EDGE_CURVE('',#1190,#1188,#741,.T.);
#1465=EDGE_CURVE('',#1191,#1190,#830,.T.);
#1466=EDGE_CURVE('',#1192,#1191,#742,.T.);
#1467=EDGE_CURVE('',#1193,#1192,#743,.T.);
#1468=EDGE_CURVE('',#1189,#1193,#831,.T.);
#1469=EDGE_CURVE('',#1194,#1195,#744,.T.);
#1470=EDGE_CURVE('',#1196,#1194,#745,.T.);
#1471=EDGE_CURVE('',#1197,#1196,#832,.T.);
#1472=EDGE_CURVE('',#1198,#1197,#746,.T.);
#1473=EDGE_CURVE('',#1199,#1198,#747,.T.);
#1474=EDGE_CURVE('',#1195,#1199,#833,.T.);
#1475=EDGE_CURVE('',#1200,#1201,#748,.T.);
#1476=EDGE_CURVE('',#1202,#1200,#749,.T.);
#1477=EDGE_CURVE('',#1203,#1202,#834,.T.);
#1478=EDGE_CURVE('',#1204,#1203,#750,.T.);
#1479=EDGE_CURVE('',#1205,#1204,#751,.T.);
#1480=EDGE_CURVE('',#1201,#1205,#835,.T.);
#1481=EDGE_CURVE('',#1167,#1205,#489,.T.);
#1482=EDGE_CURVE('',#1204,#1168,#490,.T.);
#1483=EDGE_CURVE('',#1161,#1175,#491,.T.);
#1484=EDGE_CURVE('',#1174,#1162,#492,.T.);
#1485=EDGE_CURVE('',#1155,#1181,#493,.T.);
#1486=EDGE_CURVE('',#1180,#1156,#494,.T.);
#1487=EDGE_CURVE('',#1149,#1187,#495,.T.);
#1488=EDGE_CURVE('',#1186,#1150,#496,.T.);
#1489=EDGE_CURVE('',#1143,#1193,#497,.T.);
#1490=EDGE_CURVE('',#1192,#1144,#498,.T.);
#1491=EDGE_CURVE('',#1137,#1199,#499,.T.);
#1492=EDGE_CURVE('',#1198,#1138,#500,.T.);
#1493=EDGE_CURVE('',#1132,#1204,#501,.T.);
#1494=EDGE_CURVE('',#1203,#1133,#502,.T.);
#1495=EDGE_CURVE('',#1126,#1198,#503,.T.);
#1496=EDGE_CURVE('',#1197,#1127,#504,.T.);
#1497=EDGE_CURVE('',#1120,#1192,#505,.T.);
#1498=EDGE_CURVE('',#1191,#1121,#506,.T.);
#1499=EDGE_CURVE('',#1114,#1186,#507,.T.);
#1500=EDGE_CURVE('',#1185,#1115,#508,.T.);
#1501=EDGE_CURVE('',#1108,#1180,#509,.T.);
#1502=EDGE_CURVE('',#1179,#1109,#510,.T.);
#1503=EDGE_CURVE('',#1102,#1174,#511,.T.);
#1504=EDGE_CURVE('',#1173,#1103,#512,.T.);
#1505=EDGE_CURVE('',#1095,#1169,#513,.T.);
#1506=EDGE_CURVE('',#1168,#1096,#514,.T.);
#1507=EDGE_CURVE('',#1096,#1102,#515,.T.);
#1508=EDGE_CURVE('',#1101,#1097,#516,.T.);
#1509=EDGE_CURVE('',#1089,#1163,#517,.T.);
#1510=EDGE_CURVE('',#1162,#1090,#518,.T.);
#1511=EDGE_CURVE('',#1090,#1108,#519,.T.);
#1512=EDGE_CURVE('',#1107,#1091,#520,.T.);
#1513=EDGE_CURVE('',#1083,#1157,#521,.T.);
#1514=EDGE_CURVE('',#1156,#1084,#522,.T.);
#1515=EDGE_CURVE('',#1084,#1114,#523,.T.);
#1516=EDGE_CURVE('',#1113,#1085,#524,.T.);
#1517=EDGE_CURVE('',#1077,#1151,#525,.T.);
#1518=EDGE_CURVE('',#1150,#1078,#526,.T.);
#1519=EDGE_CURVE('',#1078,#1120,#527,.T.);
#1520=EDGE_CURVE('',#1119,#1079,#528,.T.);
#1521=EDGE_CURVE('',#1071,#1145,#529,.T.);
#1522=EDGE_CURVE('',#1144,#1072,#530,.T.);
#1523=EDGE_CURVE('',#1072,#1126,#531,.T.);
#1524=EDGE_CURVE('',#1125,#1073,#532,.T.);
#1525=EDGE_CURVE('',#1065,#1139,#533,.T.);
#1526=EDGE_CURVE('',#1138,#1066,#534,.T.);
#1527=EDGE_CURVE('',#1066,#1132,#535,.T.);
#1528=EDGE_CURVE('',#1131,#1067,#536,.T.);
#1529=EDGE_CURVE('',#1164,#1200,#537,.T.);
#1530=EDGE_CURVE('',#1201,#1166,#538,.T.);
#1531=EDGE_CURVE('',#1134,#1194,#539,.T.);
#1532=EDGE_CURVE('',#1195,#1136,#540,.T.);
#1533=EDGE_CURVE('',#1140,#1188,#541,.T.);
#1534=EDGE_CURVE('',#1189,#1142,#542,.T.);
#1535=EDGE_CURVE('',#1146,#1182,#543,.T.);
#1536=EDGE_CURVE('',#1183,#1148,#544,.T.);
#1537=EDGE_CURVE('',#1152,#1176,#545,.T.);
#1538=EDGE_CURVE('',#1177,#1154,#546,.T.);
#1539=EDGE_CURVE('',#1158,#1170,#547,.T.);
#1540=EDGE_CURVE('',#1171,#1160,#548,.T.);
#1541=EDGE_CURVE('',#1092,#1164,#549,.T.);
#1542=EDGE_CURVE('',#1165,#1094,#550,.T.);
#1543=EDGE_CURVE('',#1086,#1158,#551,.T.);
#1544=EDGE_CURVE('',#1159,#1088,#552,.T.);
#1545=EDGE_CURVE('',#1080,#1152,#553,.T.);
#1546=EDGE_CURVE('',#1153,#1082,#554,.T.);
#1547=EDGE_CURVE('',#1074,#1146,#555,.T.);
#1548=EDGE_CURVE('',#1147,#1076,#556,.T.);
#1549=EDGE_CURVE('',#1068,#1140,#557,.T.);
#1550=EDGE_CURVE('',#1141,#1070,#558,.T.);
#1551=EDGE_CURVE('',#1062,#1134,#559,.T.);
#1552=EDGE_CURVE('',#1135,#1064,#560,.T.);
#1553=EDGE_CURVE('',#1129,#1202,#561,.T.);
#1554=EDGE_CURVE('',#1200,#1128,#562,.T.);
#1555=EDGE_CURVE('',#1123,#1196,#563,.T.);
#1556=EDGE_CURVE('',#1194,#1122,#564,.T.);
#1557=EDGE_CURVE('',#1117,#1190,#565,.T.);
#1558=EDGE_CURVE('',#1188,#1116,#566,.T.);
#1559=EDGE_CURVE('',#1111,#1184,#567,.T.);
#1560=EDGE_CURVE('',#1182,#1110,#568,.T.);
#1561=EDGE_CURVE('',#1105,#1178,#569,.T.);
#1562=EDGE_CURVE('',#1176,#1104,#570,.T.);
#1563=EDGE_CURVE('',#1099,#1172,#571,.T.);
#1564=EDGE_CURVE('',#1170,#1098,#572,.T.);
#1565=EDGE_CURVE('',#1093,#1100,#573,.T.);
#1566=EDGE_CURVE('',#1098,#1092,#574,.T.);
#1567=EDGE_CURVE('',#1087,#1106,#575,.T.);
#1568=EDGE_CURVE('',#1104,#1086,#576,.T.);
#1569=EDGE_CURVE('',#1081,#1112,#577,.T.);
#1570=EDGE_CURVE('',#1110,#1080,#578,.T.);
#1571=EDGE_CURVE('',#1075,#1118,#579,.T.);
#1572=EDGE_CURVE('',#1116,#1074,#580,.T.);
#1573=EDGE_CURVE('',#1069,#1124,#581,.T.);
#1574=EDGE_CURVE('',#1122,#1068,#582,.T.);
#1575=EDGE_CURVE('',#1063,#1130,#583,.T.);
#1576=EDGE_CURVE('',#1128,#1062,#584,.T.);
#1577=EDGE_CURVE('',#1061,#1206,#752,.T.);
#1578=EDGE_CURVE('',#1059,#1207,#585,.T.);
#1579=EDGE_CURVE('',#1207,#1208,#753,.T.);
#1580=EDGE_CURVE('',#1208,#1206,#754,.F.);
#1581=EDGE_CURVE('',#1209,#1209,#586,.T.);
#1582=EDGE_CURVE('',#1210,#1209,#587,.T.);
#1583=EDGE_CURVE('',#1209,#1211,#836,.T.);
#1584=EDGE_CURVE('',#1211,#1211,#588,.T.);
#1585=EDGE_CURVE('',#1212,#1206,#755,.T.);
#1586=EDGE_CURVE('',#1051,#1212,#756,.T.);
#1587=EDGE_CURVE('',#1208,#1213,#757,.T.);
#1588=EDGE_CURVE('',#1212,#1213,#758,.T.);
#1589=EDGE_CURVE('',#1213,#1052,#759,.T.);
#1590=EDGE_CURVE('',#1060,#1207,#760,.T.);
#1591=EDGE_CURVE('',#1214,#1215,#837,.T.);
#1592=EDGE_CURVE('',#1216,#1215,#589,.T.);
#1593=EDGE_CURVE('',#1214,#1216,#761,.T.);
#1594=EDGE_CURVE('',#1217,#1218,#838,.T.);
#1595=EDGE_CURVE('',#1219,#1218,#762,.F.);
#1596=EDGE_CURVE('',#1215,#1219,#590,.T.);
#1597=EDGE_CURVE('',#1217,#1214,#763,.T.);
#1598=EDGE_CURVE('',#1220,#1221,#839,.T.);
#1599=EDGE_CURVE('',#1222,#1220,#591,.T.);
#1600=EDGE_CURVE('',#1221,#1222,#764,.F.);
#1601=EDGE_CURVE('',#1223,#1216,#765,.T.);
#1602=EDGE_CURVE('',#1223,#1224,#766,.F.);
#1603=EDGE_CURVE('',#1225,#1224,#767,.T.);
#1604=EDGE_CURVE('',#1225,#1217,#768,.T.);
#1605=EDGE_CURVE('',#1218,#1221,#769,.F.);
#1606=EDGE_CURVE('',#1220,#1225,#592,.T.);
#1607=EDGE_CURVE('',#1219,#1226,#770,.T.);
#1608=EDGE_CURVE('',#1227,#1222,#771,.T.);
#1609=EDGE_CURVE('',#1227,#1226,#772,.T.);
#1610=EDGE_CURVE('',#1226,#1223,#773,.T.);
#1611=EDGE_CURVE('',#1224,#1227,#774,.T.);
#1612=EDGE_CURVE('',#1228,#1229,#840,.T.);
#1613=EDGE_CURVE('',#1228,#1230,#841,.T.);
#1614=EDGE_CURVE('',#1231,#1230,#842,.T.);
#1615=EDGE_CURVE('',#1229,#1231,#843,.F.);
#1616=EDGE_CURVE('',#1229,#1232,#844,.T.);
#1617=EDGE_CURVE('',#1233,#1231,#845,.F.);
#1618=EDGE_CURVE('',#1232,#1233,#846,.F.);
#1619=EDGE_CURVE('',#1232,#1234,#847,.T.);
#1620=EDGE_CURVE('',#1235,#1233,#848,.T.);
#1621=EDGE_CURVE('',#1234,#1235,#849,.T.);
#1622=EDGE_CURVE('',#1234,#1236,#850,.T.);
#1623=EDGE_CURVE('',#1237,#1235,#851,.F.);
#1624=EDGE_CURVE('',#1236,#1237,#852,.T.);
#1625=EDGE_CURVE('',#1236,#1238,#853,.T.);
#1626=EDGE_CURVE('',#1239,#1237,#854,.T.);
#1627=EDGE_CURVE('',#1238,#1239,#855,.T.);
#1628=EDGE_CURVE('',#1240,#1238,#856,.T.);
#1629=EDGE_CURVE('',#1241,#1239,#857,.T.);
#1630=EDGE_CURVE('',#1240,#1241,#858,.T.);
#1631=EDGE_CURVE('',#1242,#1240,#859,.T.);
#1632=EDGE_CURVE('',#1243,#1241,#860,.T.);
#1633=EDGE_CURVE('',#1242,#1243,#861,.T.);
#1634=EDGE_CURVE('',#1242,#1244,#862,.T.);
#1635=EDGE_CURVE('',#1245,#1243,#863,.T.);
#1636=EDGE_CURVE('',#1244,#1245,#864,.T.);
#1637=EDGE_CURVE('',#1244,#1246,#865,.T.);
#1638=EDGE_CURVE('',#1247,#1245,#866,.T.);
#1639=EDGE_CURVE('',#1246,#1247,#867,.T.);
#1640=EDGE_CURVE('',#1246,#1248,#868,.T.);
#1641=EDGE_CURVE('',#1249,#1247,#869,.T.);
#1642=EDGE_CURVE('',#1248,#1249,#870,.T.);
#1643=EDGE_CURVE('',#1250,#1248,#871,.T.);
#1644=EDGE_CURVE('',#1251,#1249,#872,.T.);
#1645=EDGE_CURVE('',#1250,#1251,#873,.T.);
#1646=EDGE_CURVE('',#1228,#1250,#874,.T.);
#1647=EDGE_CURVE('',#1230,#1251,#875,.T.);
#1648=EDGE_CURVE('',#1252,#1253,#876,.T.);
#1649=EDGE_CURVE('',#1252,#1254,#877,.T.);
#1650=EDGE_CURVE('',#1255,#1254,#878,.F.);
#1651=EDGE_CURVE('',#1253,#1255,#879,.F.);
#1652=EDGE_CURVE('',#1253,#1256,#880,.T.);
#1653=EDGE_CURVE('',#1256,#1257,#881,.T.);
#1654=EDGE_CURVE('',#1257,#1252,#882,.T.);
#1655=EDGE_CURVE('',#1258,#1259,#883,.T.);
#1656=EDGE_CURVE('',#1258,#1260,#884,.T.);
#1657=EDGE_CURVE('',#1261,#1260,#885,.F.);
#1658=EDGE_CURVE('',#1259,#1261,#886,.F.);
#1659=EDGE_CURVE('',#1262,#1263,#775,.F.);
#1660=EDGE_CURVE('',#1262,#1264,#593,.T.);
#1661=EDGE_CURVE('',#1265,#1264,#776,.F.);
#1662=EDGE_CURVE('',#1265,#1266,#594,.T.);
#1663=EDGE_CURVE('',#1267,#1266,#777,.F.);
#1664=EDGE_CURVE('',#1267,#1268,#595,.T.);
#1665=EDGE_CURVE('',#1268,#1269,#596,.T.);
#1666=EDGE_CURVE('',#1269,#1269,#597,.T.);
#1667=EDGE_CURVE('',#1268,#1270,#598,.T.);
#1668=EDGE_CURVE('',#1271,#1270,#778,.F.);
#1669=EDGE_CURVE('',#1271,#1272,#599,.T.);
#1670=EDGE_CURVE('',#1273,#1272,#779,.F.);
#1671=EDGE_CURVE('',#1273,#1274,#600,.T.);
#1672=EDGE_CURVE('',#1275,#1274,#780,.F.);
#1673=EDGE_CURVE('',#1275,#1276,#601,.T.);
#1674=EDGE_CURVE('',#1277,#1276,#781,.F.);
#1675=EDGE_CURVE('',#1277,#1278,#602,.T.);
#1676=EDGE_CURVE('',#1279,#1278,#782,.F.);
#1677=EDGE_CURVE('',#1279,#1263,#603,.T.);
#1678=EDGE_CURVE('',#1271,#1280,#604,.T.);
#1679=EDGE_CURVE('',#1281,#1280,#605,.T.);
#1680=EDGE_CURVE('',#1281,#1272,#606,.T.);
#1681=EDGE_CURVE('',#1265,#1282,#607,.T.);
#1682=EDGE_CURVE('',#1283,#1282,#608,.T.);
#1683=EDGE_CURVE('',#1283,#1266,#609,.T.);
#1684=EDGE_CURVE('',#1279,#1284,#610,.T.);
#1685=EDGE_CURVE('',#1285,#1284,#611,.T.);
#1686=EDGE_CURVE('',#1285,#1263,#612,.T.);
#1687=EDGE_CURVE('',#1275,#1286,#613,.T.);
#1688=EDGE_CURVE('',#1287,#1286,#614,.T.);
#1689=EDGE_CURVE('',#1287,#1276,#615,.T.);
#1690=EDGE_CURVE('',#1255,#1260,#887,.T.);
#1691=EDGE_CURVE('',#1261,#1254,#888,.T.);
#1692=EDGE_CURVE('',#1257,#1288,#889,.F.);
#1693=EDGE_CURVE('',#1288,#1289,#890,.F.);
#1694=EDGE_CURVE('',#1289,#1290,#891,.F.);
#1695=EDGE_CURVE('',#1259,#1290,#892,.T.);
#1696=EDGE_CURVE('',#1270,#1291,#893,.T.);
#1697=EDGE_CURVE('',#1292,#1291,#616,.T.);
#1698=EDGE_CURVE('',#1293,#1292,#617,.F.);
#1699=EDGE_CURVE('',#1280,#1293,#894,.T.);
#1700=EDGE_CURVE('',#1278,#1294,#895,.T.);
#1701=EDGE_CURVE('',#1295,#1294,#618,.T.);
#1702=EDGE_CURVE('',#1296,#1295,#619,.F.);
#1703=EDGE_CURVE('',#1284,#1296,#896,.T.);
#1704=EDGE_CURVE('',#1297,#1258,#897,.T.);
#1705=EDGE_CURVE('',#1297,#1298,#898,.F.);
#1706=EDGE_CURVE('',#1298,#1299,#899,.F.);
#1707=EDGE_CURVE('',#1299,#1256,#900,.F.);
#1708=EDGE_CURVE('',#1264,#1300,#901,.T.);
#1709=EDGE_CURVE('',#1301,#1300,#620,.F.);
#1710=EDGE_CURVE('',#1302,#1301,#621,.T.);
#1711=EDGE_CURVE('',#1282,#1302,#902,.T.);
#1712=EDGE_CURVE('',#1267,#1303,#903,.T.);
#1713=EDGE_CURVE('',#1304,#1303,#622,.F.);
#1714=EDGE_CURVE('',#1291,#1304,#623,.F.);
#1715=EDGE_CURVE('',#1305,#1262,#904,.F.);
#1716=EDGE_CURVE('',#1300,#1305,#624,.F.);
#1717=EDGE_CURVE('',#1290,#1297,#905,.F.);
#1718=EDGE_CURVE('',#1289,#1298,#906,.F.);
#1719=EDGE_CURVE('',#1288,#1299,#907,.T.);
#1720=EDGE_CURVE('',#1306,#1274,#908,.T.);
#1721=EDGE_CURVE('',#1307,#1306,#625,.F.);
#1722=EDGE_CURVE('',#1308,#1307,#626,.T.);
#1723=EDGE_CURVE('',#1286,#1308,#909,.T.);
#1724=EDGE_CURVE('',#1309,#1273,#910,.T.);
#1725=EDGE_CURVE('',#1306,#1309,#627,.F.);
#1726=EDGE_CURVE('',#1277,#1310,#911,.T.);
#1727=EDGE_CURVE('',#1294,#1310,#628,.F.);
#1728=EDGE_CURVE('',#1311,#1285,#912,.T.);
#1729=EDGE_CURVE('',#1312,#1311,#629,.F.);
#1730=EDGE_CURVE('',#1305,#1312,#630,.T.);
#1731=EDGE_CURVE('',#1313,#1283,#913,.T.);
#1732=EDGE_CURVE('',#1314,#1313,#631,.T.);
#1733=EDGE_CURVE('',#1303,#1314,#632,.F.);
#1734=EDGE_CURVE('',#1315,#1281,#914,.T.);
#1735=EDGE_CURVE('',#1316,#1315,#633,.F.);
#1736=EDGE_CURVE('',#1309,#1316,#634,.T.);
#1737=EDGE_CURVE('',#1317,#1287,#915,.T.);
#1738=EDGE_CURVE('',#1318,#1317,#635,.T.);
#1739=EDGE_CURVE('',#1310,#1318,#636,.F.);
#1740=EDGE_CURVE('',#1317,#1308,#637,.T.);
#1741=EDGE_CURVE('',#1313,#1302,#638,.T.);
#1742=EDGE_CURVE('',#1315,#1293,#639,.T.);
#1743=EDGE_CURVE('',#1307,#1318,#640,.T.);
#1744=EDGE_CURVE('',#1292,#1316,#641,.T.);
#1745=EDGE_CURVE('',#1301,#1314,#642,.T.);
#1746=EDGE_CURVE('',#1311,#1296,#643,.T.);
#1747=EDGE_CURVE('',#1295,#1312,#644,.T.);
#1748=EDGE_CURVE('',#1304,#1319,#645,.T.);
#1749=ORIENTED_EDGE('',*,*,#1320,.F.);
#1750=ORIENTED_EDGE('',*,*,#1321,.T.);
#1751=ORIENTED_EDGE('',*,*,#1322,.F.);
#1752=ORIENTED_EDGE('',*,*,#1323,.T.);
#1753=ORIENTED_EDGE('',*,*,#1324,.F.);
#1754=ORIENTED_EDGE('',*,*,#1325,.T.);
#1755=ORIENTED_EDGE('',*,*,#1320,.T.);
#1756=ORIENTED_EDGE('',*,*,#1326,.T.);
#1757=ORIENTED_EDGE('',*,*,#1327,.F.);
#1758=ORIENTED_EDGE('',*,*,#1328,.T.);
#1759=ORIENTED_EDGE('',*,*,#1324,.T.);
#1760=ORIENTED_EDGE('',*,*,#1329,.T.);
#1761=ORIENTED_EDGE('',*,*,#1330,.F.);
#1762=ORIENTED_EDGE('',*,*,#1331,.T.);
#1763=ORIENTED_EDGE('',*,*,#1327,.T.);
#1764=ORIENTED_EDGE('',*,*,#1332,.T.);
#1765=ORIENTED_EDGE('',*,*,#1333,.F.);
#1766=ORIENTED_EDGE('',*,*,#1334,.F.);
#1767=ORIENTED_EDGE('',*,*,#1335,.T.);
#1768=ORIENTED_EDGE('',*,*,#1330,.T.);
#1769=ORIENTED_EDGE('',*,*,#1336,.T.);
#1770=ORIENTED_EDGE('',*,*,#1337,.F.);
#1771=ORIENTED_EDGE('',*,*,#1338,.F.);
#1772=ORIENTED_EDGE('',*,*,#1339,.F.);
#1773=ORIENTED_EDGE('',*,*,#1340,.F.);
#1774=ORIENTED_EDGE('',*,*,#1341,.F.);
#1775=ORIENTED_EDGE('',*,*,#1342,.F.);
#1776=ORIENTED_EDGE('',*,*,#1343,.F.);
#1777=ORIENTED_EDGE('',*,*,#1344,.F.);
#1778=ORIENTED_EDGE('',*,*,#1345,.F.);
#1779=ORIENTED_EDGE('',*,*,#1346,.F.);
#1780=ORIENTED_EDGE('',*,*,#1347,.F.);
#1781=ORIENTED_EDGE('',*,*,#1348,.F.);
#1782=ORIENTED_EDGE('',*,*,#1349,.F.);
#1783=ORIENTED_EDGE('',*,*,#1350,.F.);
#1784=ORIENTED_EDGE('',*,*,#1351,.F.);
#1785=ORIENTED_EDGE('',*,*,#1352,.F.);
#1786=ORIENTED_EDGE('',*,*,#1353,.F.);
#1787=ORIENTED_EDGE('',*,*,#1354,.F.);
#1788=ORIENTED_EDGE('',*,*,#1355,.F.);
#1789=ORIENTED_EDGE('',*,*,#1356,.F.);
#1790=ORIENTED_EDGE('',*,*,#1357,.F.);
#1791=ORIENTED_EDGE('',*,*,#1358,.F.);
#1792=ORIENTED_EDGE('',*,*,#1359,.F.);
#1793=ORIENTED_EDGE('',*,*,#1360,.F.);
#1794=ORIENTED_EDGE('',*,*,#1361,.F.);
#1795=ORIENTED_EDGE('',*,*,#1362,.F.);
#1796=ORIENTED_EDGE('',*,*,#1363,.F.);
#1797=ORIENTED_EDGE('',*,*,#1364,.F.);
#1798=ORIENTED_EDGE('',*,*,#1365,.F.);
#1799=ORIENTED_EDGE('',*,*,#1366,.F.);
#1800=ORIENTED_EDGE('',*,*,#1367,.F.);
#1801=ORIENTED_EDGE('',*,*,#1368,.F.);
#1802=ORIENTED_EDGE('',*,*,#1369,.F.);
#1803=ORIENTED_EDGE('',*,*,#1370,.F.);
#1804=ORIENTED_EDGE('',*,*,#1371,.F.);
#1805=ORIENTED_EDGE('',*,*,#1372,.F.);
#1806=ORIENTED_EDGE('',*,*,#1373,.F.);
#1807=ORIENTED_EDGE('',*,*,#1374,.F.);
#1808=ORIENTED_EDGE('',*,*,#1375,.F.);
#1809=ORIENTED_EDGE('',*,*,#1376,.F.);
#1810=ORIENTED_EDGE('',*,*,#1377,.F.);
#1811=ORIENTED_EDGE('',*,*,#1378,.F.);
#1812=ORIENTED_EDGE('',*,*,#1379,.F.);
#1813=ORIENTED_EDGE('',*,*,#1380,.F.);
#1814=ORIENTED_EDGE('',*,*,#1381,.F.);
#1815=ORIENTED_EDGE('',*,*,#1382,.F.);
#1816=ORIENTED_EDGE('',*,*,#1383,.F.);
#1817=ORIENTED_EDGE('',*,*,#1384,.F.);
#1818=ORIENTED_EDGE('',*,*,#1385,.F.);
#1819=ORIENTED_EDGE('',*,*,#1386,.F.);
#1820=ORIENTED_EDGE('',*,*,#1387,.F.);
#1821=ORIENTED_EDGE('',*,*,#1388,.F.);
#1822=ORIENTED_EDGE('',*,*,#1389,.F.);
#1823=ORIENTED_EDGE('',*,*,#1390,.F.);
#1824=ORIENTED_EDGE('',*,*,#1391,.F.);
#1825=ORIENTED_EDGE('',*,*,#1392,.F.);
#1826=ORIENTED_EDGE('',*,*,#1393,.F.);
#1827=ORIENTED_EDGE('',*,*,#1394,.F.);
#1828=ORIENTED_EDGE('',*,*,#1395,.F.);
#1829=ORIENTED_EDGE('',*,*,#1396,.F.);
#1830=ORIENTED_EDGE('',*,*,#1397,.F.);
#1831=ORIENTED_EDGE('',*,*,#1398,.F.);
#1832=ORIENTED_EDGE('',*,*,#1399,.F.);
#1833=ORIENTED_EDGE('',*,*,#1400,.F.);
#1834=ORIENTED_EDGE('',*,*,#1401,.F.);
#1835=ORIENTED_EDGE('',*,*,#1402,.F.);
#1836=ORIENTED_EDGE('',*,*,#1403,.F.);
#1837=ORIENTED_EDGE('',*,*,#1404,.F.);
#1838=ORIENTED_EDGE('',*,*,#1405,.F.);
#1839=ORIENTED_EDGE('',*,*,#1406,.F.);
#1840=ORIENTED_EDGE('',*,*,#1407,.F.);
#1841=ORIENTED_EDGE('',*,*,#1408,.F.);
#1842=ORIENTED_EDGE('',*,*,#1409,.F.);
#1843=ORIENTED_EDGE('',*,*,#1410,.F.);
#1844=ORIENTED_EDGE('',*,*,#1411,.F.);
#1845=ORIENTED_EDGE('',*,*,#1412,.F.);
#1846=ORIENTED_EDGE('',*,*,#1413,.F.);
#1847=ORIENTED_EDGE('',*,*,#1414,.F.);
#1848=ORIENTED_EDGE('',*,*,#1415,.F.);
#1849=ORIENTED_EDGE('',*,*,#1416,.F.);
#1850=ORIENTED_EDGE('',*,*,#1417,.F.);
#1851=ORIENTED_EDGE('',*,*,#1418,.F.);
#1852=ORIENTED_EDGE('',*,*,#1419,.F.);
#1853=ORIENTED_EDGE('',*,*,#1420,.F.);
#1854=ORIENTED_EDGE('',*,*,#1421,.F.);
#1855=ORIENTED_EDGE('',*,*,#1422,.F.);
#1856=ORIENTED_EDGE('',*,*,#1423,.F.);
#1857=ORIENTED_EDGE('',*,*,#1424,.F.);
#1858=ORIENTED_EDGE('',*,*,#1425,.F.);
#1859=ORIENTED_EDGE('',*,*,#1426,.F.);
#1860=ORIENTED_EDGE('',*,*,#1427,.F.);
#1861=ORIENTED_EDGE('',*,*,#1428,.F.);
#1862=ORIENTED_EDGE('',*,*,#1429,.F.);
#1863=ORIENTED_EDGE('',*,*,#1430,.F.);
#1864=ORIENTED_EDGE('',*,*,#1431,.F.);
#1865=ORIENTED_EDGE('',*,*,#1432,.F.);
#1866=ORIENTED_EDGE('',*,*,#1433,.F.);
#1867=ORIENTED_EDGE('',*,*,#1434,.F.);
#1868=ORIENTED_EDGE('',*,*,#1435,.F.);
#1869=ORIENTED_EDGE('',*,*,#1436,.F.);
#1870=ORIENTED_EDGE('',*,*,#1437,.F.);
#1871=ORIENTED_EDGE('',*,*,#1438,.F.);
#1872=ORIENTED_EDGE('',*,*,#1439,.F.);
#1873=ORIENTED_EDGE('',*,*,#1440,.F.);
#1874=ORIENTED_EDGE('',*,*,#1441,.F.);
#1875=ORIENTED_EDGE('',*,*,#1442,.F.);
#1876=ORIENTED_EDGE('',*,*,#1443,.F.);
#1877=ORIENTED_EDGE('',*,*,#1444,.F.);
#1878=ORIENTED_EDGE('',*,*,#1445,.F.);
#1879=ORIENTED_EDGE('',*,*,#1446,.F.);
#1880=ORIENTED_EDGE('',*,*,#1447,.F.);
#1881=ORIENTED_EDGE('',*,*,#1448,.F.);
#1882=ORIENTED_EDGE('',*,*,#1449,.F.);
#1883=ORIENTED_EDGE('',*,*,#1450,.F.);
#1884=ORIENTED_EDGE('',*,*,#1451,.F.);
#1885=ORIENTED_EDGE('',*,*,#1452,.F.);
#1886=ORIENTED_EDGE('',*,*,#1453,.F.);
#1887=ORIENTED_EDGE('',*,*,#1454,.F.);
#1888=ORIENTED_EDGE('',*,*,#1455,.F.);
#1889=ORIENTED_EDGE('',*,*,#1456,.F.);
#1890=ORIENTED_EDGE('',*,*,#1457,.F.);
#1891=ORIENTED_EDGE('',*,*,#1458,.F.);
#1892=ORIENTED_EDGE('',*,*,#1459,.F.);
#1893=ORIENTED_EDGE('',*,*,#1460,.F.);
#1894=ORIENTED_EDGE('',*,*,#1461,.F.);
#1895=ORIENTED_EDGE('',*,*,#1462,.F.);
#1896=ORIENTED_EDGE('',*,*,#1463,.F.);
#1897=ORIENTED_EDGE('',*,*,#1464,.F.);
#1898=ORIENTED_EDGE('',*,*,#1465,.F.);
#1899=ORIENTED_EDGE('',*,*,#1466,.F.);
#1900=ORIENTED_EDGE('',*,*,#1467,.F.);
#1901=ORIENTED_EDGE('',*,*,#1468,.F.);
#1902=ORIENTED_EDGE('',*,*,#1469,.F.);
#1903=ORIENTED_EDGE('',*,*,#1470,.F.);
#1904=ORIENTED_EDGE('',*,*,#1471,.F.);
#1905=ORIENTED_EDGE('',*,*,#1472,.F.);
#1906=ORIENTED_EDGE('',*,*,#1473,.F.);
#1907=ORIENTED_EDGE('',*,*,#1474,.F.);
#1908=ORIENTED_EDGE('',*,*,#1475,.F.);
#1909=ORIENTED_EDGE('',*,*,#1476,.F.);
#1910=ORIENTED_EDGE('',*,*,#1477,.F.);
#1911=ORIENTED_EDGE('',*,*,#1478,.F.);
#1912=ORIENTED_EDGE('',*,*,#1479,.F.);
#1913=ORIENTED_EDGE('',*,*,#1480,.F.);
#1914=ORIENTED_EDGE('',*,*,#1442,.T.);
#1915=ORIENTED_EDGE('',*,*,#1481,.T.);
#1916=ORIENTED_EDGE('',*,*,#1479,.T.);
#1917=ORIENTED_EDGE('',*,*,#1482,.T.);
#1918=ORIENTED_EDGE('',*,*,#1436,.T.);
#1919=ORIENTED_EDGE('',*,*,#1483,.T.);
#1920=ORIENTED_EDGE('',*,*,#1449,.T.);
#1921=ORIENTED_EDGE('',*,*,#1484,.T.);
#1922=ORIENTED_EDGE('',*,*,#1430,.T.);
#1923=ORIENTED_EDGE('',*,*,#1485,.T.);
#1924=ORIENTED_EDGE('',*,*,#1455,.T.);
#1925=ORIENTED_EDGE('',*,*,#1486,.T.);
#1926=ORIENTED_EDGE('',*,*,#1424,.T.);
#1927=ORIENTED_EDGE('',*,*,#1487,.T.);
#1928=ORIENTED_EDGE('',*,*,#1461,.T.);
#1929=ORIENTED_EDGE('',*,*,#1488,.T.);
#1930=ORIENTED_EDGE('',*,*,#1418,.T.);
#1931=ORIENTED_EDGE('',*,*,#1489,.T.);
#1932=ORIENTED_EDGE('',*,*,#1467,.T.);
#1933=ORIENTED_EDGE('',*,*,#1490,.T.);
#1934=ORIENTED_EDGE('',*,*,#1412,.T.);
#1935=ORIENTED_EDGE('',*,*,#1491,.T.);
#1936=ORIENTED_EDGE('',*,*,#1473,.T.);
#1937=ORIENTED_EDGE('',*,*,#1492,.T.);
#1938=ORIENTED_EDGE('',*,*,#1407,.T.);
#1939=ORIENTED_EDGE('',*,*,#1493,.T.);
#1940=ORIENTED_EDGE('',*,*,#1478,.T.);
#1941=ORIENTED_EDGE('',*,*,#1494,.T.);
#1942=ORIENTED_EDGE('',*,*,#1401,.T.);
#1943=ORIENTED_EDGE('',*,*,#1495,.T.);
#1944=ORIENTED_EDGE('',*,*,#1472,.T.);
#1945=ORIENTED_EDGE('',*,*,#1496,.T.);
#1946=ORIENTED_EDGE('',*,*,#1395,.T.);
#1947=ORIENTED_EDGE('',*,*,#1497,.T.);
#1948=ORIENTED_EDGE('',*,*,#1466,.T.);
#1949=ORIENTED_EDGE('',*,*,#1498,.T.);
#1950=ORIENTED_EDGE('',*,*,#1389,.T.);
#1951=ORIENTED_EDGE('',*,*,#1499,.T.);
#1952=ORIENTED_EDGE('',*,*,#1460,.T.);
#1953=ORIENTED_EDGE('',*,*,#1500,.T.);
#1954=ORIENTED_EDGE('',*,*,#1383,.T.);
#1955=ORIENTED_EDGE('',*,*,#1501,.T.);
#1956=ORIENTED_EDGE('',*,*,#1454,.T.);
#1957=ORIENTED_EDGE('',*,*,#1502,.T.);
#1958=ORIENTED_EDGE('',*,*,#1377,.T.);
#1959=ORIENTED_EDGE('',*,*,#1503,.T.);
#1960=ORIENTED_EDGE('',*,*,#1448,.T.);
#1961=ORIENTED_EDGE('',*,*,#1504,.T.);
#1962=ORIENTED_EDGE('',*,*,#1370,.T.);
#1963=ORIENTED_EDGE('',*,*,#1505,.T.);
#1964=ORIENTED_EDGE('',*,*,#1443,.T.);
#1965=ORIENTED_EDGE('',*,*,#1506,.T.);
#1966=ORIENTED_EDGE('',*,*,#1371,.T.);
#1967=ORIENTED_EDGE('',*,*,#1507,.T.);
#1968=ORIENTED_EDGE('',*,*,#1376,.T.);
#1969=ORIENTED_EDGE('',*,*,#1508,.T.);
#1970=ORIENTED_EDGE('',*,*,#1364,.T.);
#1971=ORIENTED_EDGE('',*,*,#1509,.T.);
#1972=ORIENTED_EDGE('',*,*,#1437,.T.);
#1973=ORIENTED_EDGE('',*,*,#1510,.T.);
#1974=ORIENTED_EDGE('',*,*,#1365,.T.);
#1975=ORIENTED_EDGE('',*,*,#1511,.T.);
#1976=ORIENTED_EDGE('',*,*,#1382,.T.);
#1977=ORIENTED_EDGE('',*,*,#1512,.T.);
#1978=ORIENTED_EDGE('',*,*,#1358,.T.);
#1979=ORIENTED_EDGE('',*,*,#1513,.T.);
#1980=ORIENTED_EDGE('',*,*,#1431,.T.);
#1981=ORIENTED_EDGE('',*,*,#1514,.T.);
#1982=ORIENTED_EDGE('',*,*,#1359,.T.);
#1983=ORIENTED_EDGE('',*,*,#1515,.T.);
#1984=ORIENTED_EDGE('',*,*,#1388,.T.);
#1985=ORIENTED_EDGE('',*,*,#1516,.T.);
#1986=ORIENTED_EDGE('',*,*,#1352,.T.);
#1987=ORIENTED_EDGE('',*,*,#1517,.T.);
#1988=ORIENTED_EDGE('',*,*,#1425,.T.);
#1989=ORIENTED_EDGE('',*,*,#1518,.T.);
#1990=ORIENTED_EDGE('',*,*,#1353,.T.);
#1991=ORIENTED_EDGE('',*,*,#1519,.T.);
#1992=ORIENTED_EDGE('',*,*,#1394,.T.);
#1993=ORIENTED_EDGE('',*,*,#1520,.T.);
#1994=ORIENTED_EDGE('',*,*,#1346,.T.);
#1995=ORIENTED_EDGE('',*,*,#1521,.T.);
#1996=ORIENTED_EDGE('',*,*,#1419,.T.);
#1997=ORIENTED_EDGE('',*,*,#1522,.T.);
#1998=ORIENTED_EDGE('',*,*,#1347,.T.);
#1999=ORIENTED_EDGE('',*,*,#1523,.T.);
#2000=ORIENTED_EDGE('',*,*,#1400,.T.);
#2001=ORIENTED_EDGE('',*,*,#1524,.T.);
#2002=ORIENTED_EDGE('',*,*,#1340,.T.);
#2003=ORIENTED_EDGE('',*,*,#1525,.T.);
#2004=ORIENTED_EDGE('',*,*,#1413,.T.);
#2005=ORIENTED_EDGE('',*,*,#1526,.T.);
#2006=ORIENTED_EDGE('',*,*,#1341,.T.);
#2007=ORIENTED_EDGE('',*,*,#1527,.T.);
#2008=ORIENTED_EDGE('',*,*,#1406,.T.);
#2009=ORIENTED_EDGE('',*,*,#1528,.T.);
#2010=ORIENTED_EDGE('',*,*,#1440,.T.);
#2011=ORIENTED_EDGE('',*,*,#1529,.T.);
#2012=ORIENTED_EDGE('',*,*,#1475,.T.);
#2013=ORIENTED_EDGE('',*,*,#1530,.T.);
#2014=ORIENTED_EDGE('',*,*,#1410,.T.);
#2015=ORIENTED_EDGE('',*,*,#1531,.T.);
#2016=ORIENTED_EDGE('',*,*,#1469,.T.);
#2017=ORIENTED_EDGE('',*,*,#1532,.T.);
#2018=ORIENTED_EDGE('',*,*,#1416,.T.);
#2019=ORIENTED_EDGE('',*,*,#1533,.T.);
#2020=ORIENTED_EDGE('',*,*,#1463,.T.);
#2021=ORIENTED_EDGE('',*,*,#1534,.T.);
#2022=ORIENTED_EDGE('',*,*,#1422,.T.);
#2023=ORIENTED_EDGE('',*,*,#1535,.T.);
#2024=ORIENTED_EDGE('',*,*,#1457,.T.);
#2025=ORIENTED_EDGE('',*,*,#1536,.T.);
#2026=ORIENTED_EDGE('',*,*,#1428,.T.);
#2027=ORIENTED_EDGE('',*,*,#1537,.T.);
#2028=ORIENTED_EDGE('',*,*,#1451,.T.);
#2029=ORIENTED_EDGE('',*,*,#1538,.T.);
#2030=ORIENTED_EDGE('',*,*,#1434,.T.);
#2031=ORIENTED_EDGE('',*,*,#1539,.T.);
#2032=ORIENTED_EDGE('',*,*,#1445,.T.);
#2033=ORIENTED_EDGE('',*,*,#1540,.T.);
#2034=ORIENTED_EDGE('',*,*,#1368,.T.);
#2035=ORIENTED_EDGE('',*,*,#1541,.T.);
#2036=ORIENTED_EDGE('',*,*,#1439,.T.);
#2037=ORIENTED_EDGE('',*,*,#1542,.T.);
#2038=ORIENTED_EDGE('',*,*,#1362,.T.);
#2039=ORIENTED_EDGE('',*,*,#1543,.T.);
#2040=ORIENTED_EDGE('',*,*,#1433,.T.);
#2041=ORIENTED_EDGE('',*,*,#1544,.T.);
#2042=ORIENTED_EDGE('',*,*,#1356,.T.);
#2043=ORIENTED_EDGE('',*,*,#1545,.T.);
#2044=ORIENTED_EDGE('',*,*,#1427,.T.);
#2045=ORIENTED_EDGE('',*,*,#1546,.T.);
#2046=ORIENTED_EDGE('',*,*,#1350,.T.);
#2047=ORIENTED_EDGE('',*,*,#1547,.T.);
#2048=ORIENTED_EDGE('',*,*,#1421,.T.);
#2049=ORIENTED_EDGE('',*,*,#1548,.T.);
#2050=ORIENTED_EDGE('',*,*,#1344,.T.);
#2051=ORIENTED_EDGE('',*,*,#1549,.T.);
#2052=ORIENTED_EDGE('',*,*,#1415,.T.);
#2053=ORIENTED_EDGE('',*,*,#1550,.T.);
#2054=ORIENTED_EDGE('',*,*,#1338,.T.);
#2055=ORIENTED_EDGE('',*,*,#1551,.T.);
#2056=ORIENTED_EDGE('',*,*,#1409,.T.);
#2057=ORIENTED_EDGE('',*,*,#1552,.T.);
#2058=ORIENTED_EDGE('',*,*,#1403,.T.);
#2059=ORIENTED_EDGE('',*,*,#1553,.T.);
#2060=ORIENTED_EDGE('',*,*,#1476,.T.);
#2061=ORIENTED_EDGE('',*,*,#1554,.T.);
#2062=ORIENTED_EDGE('',*,*,#1397,.T.);
#2063=ORIENTED_EDGE('',*,*,#1555,.T.);
#2064=ORIENTED_EDGE('',*,*,#1470,.T.);
#2065=ORIENTED_EDGE('',*,*,#1556,.T.);
#2066=ORIENTED_EDGE('',*,*,#1391,.T.);
#2067=ORIENTED_EDGE('',*,*,#1557,.T.);
#2068=ORIENTED_EDGE('',*,*,#1464,.T.);
#2069=ORIENTED_EDGE('',*,*,#1558,.T.);
#2070=ORIENTED_EDGE('',*,*,#1385,.T.);
#2071=ORIENTED_EDGE('',*,*,#1559,.T.);
#2072=ORIENTED_EDGE('',*,*,#1458,.T.);
#2073=ORIENTED_EDGE('',*,*,#1560,.T.);
#2074=ORIENTED_EDGE('',*,*,#1379,.T.);
#2075=ORIENTED_EDGE('',*,*,#1561,.T.);
#2076=ORIENTED_EDGE('',*,*,#1452,.T.);
#2077=ORIENTED_EDGE('',*,*,#1562,.T.);
#2078=ORIENTED_EDGE('',*,*,#1373,.T.);
#2079=ORIENTED_EDGE('',*,*,#1563,.T.);
#2080=ORIENTED_EDGE('',*,*,#1446,.T.);
#2081=ORIENTED_EDGE('',*,*,#1564,.T.);
#2082=ORIENTED_EDGE('',*,*,#1367,.T.);
#2083=ORIENTED_EDGE('',*,*,#1565,.T.);
#2084=ORIENTED_EDGE('',*,*,#1374,.T.);
#2085=ORIENTED_EDGE('',*,*,#1566,.T.);
#2086=ORIENTED_EDGE('',*,*,#1361,.T.);
#2087=ORIENTED_EDGE('',*,*,#1567,.T.);
#2088=ORIENTED_EDGE('',*,*,#1380,.T.);
#2089=ORIENTED_EDGE('',*,*,#1568,.T.);
#2090=ORIENTED_EDGE('',*,*,#1355,.T.);
#2091=ORIENTED_EDGE('',*,*,#1569,.T.);
#2092=ORIENTED_EDGE('',*,*,#1386,.T.);
#2093=ORIENTED_EDGE('',*,*,#1570,.T.);
#2094=ORIENTED_EDGE('',*,*,#1349,.T.);
#2095=ORIENTED_EDGE('',*,*,#1571,.T.);
#2096=ORIENTED_EDGE('',*,*,#1392,.T.);
#2097=ORIENTED_EDGE('',*,*,#1572,.T.);
#2098=ORIENTED_EDGE('',*,*,#1343,.T.);
#2099=ORIENTED_EDGE('',*,*,#1573,.T.);
#2100=ORIENTED_EDGE('',*,*,#1398,.T.);
#2101=ORIENTED_EDGE('',*,*,#1574,.T.);
#2102=ORIENTED_EDGE('',*,*,#1441,.T.);
#2103=ORIENTED_EDGE('',*,*,#1530,.F.);
#2104=ORIENTED_EDGE('',*,*,#1480,.T.);
#2105=ORIENTED_EDGE('',*,*,#1481,.F.);
#2106=ORIENTED_EDGE('',*,*,#1411,.T.);
#2107=ORIENTED_EDGE('',*,*,#1532,.F.);
#2108=ORIENTED_EDGE('',*,*,#1474,.T.);
#2109=ORIENTED_EDGE('',*,*,#1491,.F.);
#2110=ORIENTED_EDGE('',*,*,#1417,.T.);
#2111=ORIENTED_EDGE('',*,*,#1534,.F.);
#2112=ORIENTED_EDGE('',*,*,#1468,.T.);
#2113=ORIENTED_EDGE('',*,*,#1489,.F.);
#2114=ORIENTED_EDGE('',*,*,#1423,.T.);
#2115=ORIENTED_EDGE('',*,*,#1536,.F.);
#2116=ORIENTED_EDGE('',*,*,#1462,.T.);
#2117=ORIENTED_EDGE('',*,*,#1487,.F.);
#2118=ORIENTED_EDGE('',*,*,#1429,.T.);
#2119=ORIENTED_EDGE('',*,*,#1538,.F.);
#2120=ORIENTED_EDGE('',*,*,#1456,.T.);
#2121=ORIENTED_EDGE('',*,*,#1485,.F.);
#2122=ORIENTED_EDGE('',*,*,#1435,.T.);
#2123=ORIENTED_EDGE('',*,*,#1540,.F.);
#2124=ORIENTED_EDGE('',*,*,#1450,.T.);
#2125=ORIENTED_EDGE('',*,*,#1483,.F.);
#2126=ORIENTED_EDGE('',*,*,#1369,.T.);
#2127=ORIENTED_EDGE('',*,*,#1542,.F.);
#2128=ORIENTED_EDGE('',*,*,#1444,.T.);
#2129=ORIENTED_EDGE('',*,*,#1505,.F.);
#2130=ORIENTED_EDGE('',*,*,#1363,.T.);
#2131=ORIENTED_EDGE('',*,*,#1544,.F.);
#2132=ORIENTED_EDGE('',*,*,#1438,.T.);
#2133=ORIENTED_EDGE('',*,*,#1509,.F.);
#2134=ORIENTED_EDGE('',*,*,#1357,.T.);
#2135=ORIENTED_EDGE('',*,*,#1546,.F.);
#2136=ORIENTED_EDGE('',*,*,#1432,.T.);
#2137=ORIENTED_EDGE('',*,*,#1513,.F.);
#2138=ORIENTED_EDGE('',*,*,#1351,.T.);
#2139=ORIENTED_EDGE('',*,*,#1548,.F.);
#2140=ORIENTED_EDGE('',*,*,#1426,.T.);
#2141=ORIENTED_EDGE('',*,*,#1517,.F.);
#2142=ORIENTED_EDGE('',*,*,#1345,.T.);
#2143=ORIENTED_EDGE('',*,*,#1550,.F.);
#2144=ORIENTED_EDGE('',*,*,#1420,.T.);
#2145=ORIENTED_EDGE('',*,*,#1521,.F.);
#2146=ORIENTED_EDGE('',*,*,#1339,.T.);
#2147=ORIENTED_EDGE('',*,*,#1552,.F.);
#2148=ORIENTED_EDGE('',*,*,#1414,.T.);
#2149=ORIENTED_EDGE('',*,*,#1525,.F.);
#2150=ORIENTED_EDGE('',*,*,#1408,.T.);
#2151=ORIENTED_EDGE('',*,*,#1494,.F.);
#2152=ORIENTED_EDGE('',*,*,#1477,.T.);
#2153=ORIENTED_EDGE('',*,*,#1553,.F.);
#2154=ORIENTED_EDGE('',*,*,#1402,.T.);
#2155=ORIENTED_EDGE('',*,*,#1496,.F.);
#2156=ORIENTED_EDGE('',*,*,#1471,.T.);
#2157=ORIENTED_EDGE('',*,*,#1555,.F.);
#2158=ORIENTED_EDGE('',*,*,#1396,.T.);
#2159=ORIENTED_EDGE('',*,*,#1498,.F.);
#2160=ORIENTED_EDGE('',*,*,#1465,.T.);
#2161=ORIENTED_EDGE('',*,*,#1557,.F.);
#2162=ORIENTED_EDGE('',*,*,#1390,.T.);
#2163=ORIENTED_EDGE('',*,*,#1500,.F.);
#2164=ORIENTED_EDGE('',*,*,#1459,.T.);
#2165=ORIENTED_EDGE('',*,*,#1559,.F.);
#2166=ORIENTED_EDGE('',*,*,#1384,.T.);
#2167=ORIENTED_EDGE('',*,*,#1502,.F.);
#2168=ORIENTED_EDGE('',*,*,#1453,.T.);
#2169=ORIENTED_EDGE('',*,*,#1561,.F.);
#2170=ORIENTED_EDGE('',*,*,#1378,.T.);
#2171=ORIENTED_EDGE('',*,*,#1504,.F.);
#2172=ORIENTED_EDGE('',*,*,#1447,.T.);
#2173=ORIENTED_EDGE('',*,*,#1563,.F.);
#2174=ORIENTED_EDGE('',*,*,#1372,.T.);
#2175=ORIENTED_EDGE('',*,*,#1508,.F.);
#2176=ORIENTED_EDGE('',*,*,#1375,.T.);
#2177=ORIENTED_EDGE('',*,*,#1565,.F.);
#2178=ORIENTED_EDGE('',*,*,#1366,.T.);
#2179=ORIENTED_EDGE('',*,*,#1512,.F.);
#2180=ORIENTED_EDGE('',*,*,#1381,.T.);
#2181=ORIENTED_EDGE('',*,*,#1567,.F.);
#2182=ORIENTED_EDGE('',*,*,#1360,.T.);
#2183=ORIENTED_EDGE('',*,*,#1516,.F.);
#2184=ORIENTED_EDGE('',*,*,#1387,.T.);
#2185=ORIENTED_EDGE('',*,*,#1569,.F.);
#2186=ORIENTED_EDGE('',*,*,#1354,.T.);
#2187=ORIENTED_EDGE('',*,*,#1520,.F.);
#2188=ORIENTED_EDGE('',*,*,#1393,.T.);
#2189=ORIENTED_EDGE('',*,*,#1571,.F.);
#2190=ORIENTED_EDGE('',*,*,#1348,.T.);
#2191=ORIENTED_EDGE('',*,*,#1524,.F.);
#2192=ORIENTED_EDGE('',*,*,#1399,.T.);
#2193=ORIENTED_EDGE('',*,*,#1573,.F.);
#2194=ORIENTED_EDGE('',*,*,#1337,.T.);
#2195=ORIENTED_EDGE('',*,*,#1575,.T.);
#2196=ORIENTED_EDGE('',*,*,#1404,.T.);
#2197=ORIENTED_EDGE('',*,*,#1576,.T.);
#2198=ORIENTED_EDGE('',*,*,#1342,.T.);
#2199=ORIENTED_EDGE('',*,*,#1528,.F.);
#2200=ORIENTED_EDGE('',*,*,#1405,.T.);
#2201=ORIENTED_EDGE('',*,*,#1575,.F.);
#2202=ORIENTED_EDGE('',*,*,#1539,.F.);
#2203=ORIENTED_EDGE('',*,*,#1543,.F.);
#2204=ORIENTED_EDGE('',*,*,#1568,.F.);
#2205=ORIENTED_EDGE('',*,*,#1562,.F.);
#2206=ORIENTED_EDGE('',*,*,#1537,.F.);
#2207=ORIENTED_EDGE('',*,*,#1545,.F.);
#2208=ORIENTED_EDGE('',*,*,#1570,.F.);
#2209=ORIENTED_EDGE('',*,*,#1560,.F.);
#2210=ORIENTED_EDGE('',*,*,#1535,.F.);
#2211=ORIENTED_EDGE('',*,*,#1547,.F.);
#2212=ORIENTED_EDGE('',*,*,#1572,.F.);
#2213=ORIENTED_EDGE('',*,*,#1558,.F.);
#2214=ORIENTED_EDGE('',*,*,#1533,.F.);
#2215=ORIENTED_EDGE('',*,*,#1549,.F.);
#2216=ORIENTED_EDGE('',*,*,#1574,.F.);
#2217=ORIENTED_EDGE('',*,*,#1556,.F.);
#2218=ORIENTED_EDGE('',*,*,#1531,.F.);
#2219=ORIENTED_EDGE('',*,*,#1551,.F.);
#2220=ORIENTED_EDGE('',*,*,#1576,.F.);
#2221=ORIENTED_EDGE('',*,*,#1554,.F.);
#2222=ORIENTED_EDGE('',*,*,#1529,.F.);
#2223=ORIENTED_EDGE('',*,*,#1541,.F.);
#2224=ORIENTED_EDGE('',*,*,#1566,.F.);
#2225=ORIENTED_EDGE('',*,*,#1564,.F.);
#2226=ORIENTED_EDGE('',*,*,#1577,.F.);
#2227=ORIENTED_EDGE('',*,*,#1334,.T.);
#2228=ORIENTED_EDGE('',*,*,#1578,.T.);
#2229=ORIENTED_EDGE('',*,*,#1579,.T.);
#2230=ORIENTED_EDGE('',*,*,#1580,.T.);
#2231=ORIENTED_EDGE('',*,*,#1510,.F.);
#2232=ORIENTED_EDGE('',*,*,#1484,.F.);
#2233=ORIENTED_EDGE('',*,*,#1503,.F.);
#2234=ORIENTED_EDGE('',*,*,#1507,.F.);
#2235=ORIENTED_EDGE('',*,*,#1506,.F.);
#2236=ORIENTED_EDGE('',*,*,#1482,.F.);
#2237=ORIENTED_EDGE('',*,*,#1493,.F.);
#2238=ORIENTED_EDGE('',*,*,#1527,.F.);
#2239=ORIENTED_EDGE('',*,*,#1526,.F.);
#2240=ORIENTED_EDGE('',*,*,#1492,.F.);
#2241=ORIENTED_EDGE('',*,*,#1495,.F.);
#2242=ORIENTED_EDGE('',*,*,#1523,.F.);
#2243=ORIENTED_EDGE('',*,*,#1522,.F.);
#2244=ORIENTED_EDGE('',*,*,#1490,.F.);
#2245=ORIENTED_EDGE('',*,*,#1497,.F.);
#2246=ORIENTED_EDGE('',*,*,#1519,.F.);
#2247=ORIENTED_EDGE('',*,*,#1518,.F.);
#2248=ORIENTED_EDGE('',*,*,#1488,.F.);
#2249=ORIENTED_EDGE('',*,*,#1499,.F.);
#2250=ORIENTED_EDGE('',*,*,#1515,.F.);
#2251=ORIENTED_EDGE('',*,*,#1514,.F.);
#2252=ORIENTED_EDGE('',*,*,#1486,.F.);
#2253=ORIENTED_EDGE('',*,*,#1501,.F.);
#2254=ORIENTED_EDGE('',*,*,#1511,.F.);
#2255=ORIENTED_EDGE('',*,*,#1581,.F.);
#2256=ORIENTED_EDGE('',*,*,#1582,.F.);
#2257=ORIENTED_EDGE('',*,*,#1582,.T.);
#2258=ORIENTED_EDGE('',*,*,#1581,.T.);
#2259=ORIENTED_EDGE('',*,*,#1583,.T.);
#2260=ORIENTED_EDGE('',*,*,#1584,.F.);
#2261=ORIENTED_EDGE('',*,*,#1583,.F.);
#2262=ORIENTED_EDGE('',*,*,#1335,.F.);
#2263=ORIENTED_EDGE('',*,*,#1577,.T.);
#2264=ORIENTED_EDGE('',*,*,#1585,.F.);
#2265=ORIENTED_EDGE('',*,*,#1586,.F.);
#2266=ORIENTED_EDGE('',*,*,#1321,.F.);
#2267=ORIENTED_EDGE('',*,*,#1325,.F.);
#2268=ORIENTED_EDGE('',*,*,#1328,.F.);
#2269=ORIENTED_EDGE('',*,*,#1331,.F.);
#2270=ORIENTED_EDGE('',*,*,#1585,.T.);
#2271=ORIENTED_EDGE('',*,*,#1580,.F.);
#2272=ORIENTED_EDGE('',*,*,#1587,.T.);
#2273=ORIENTED_EDGE('',*,*,#1588,.F.);
#2274=ORIENTED_EDGE('',*,*,#1322,.T.);
#2275=ORIENTED_EDGE('',*,*,#1586,.T.);
#2276=ORIENTED_EDGE('',*,*,#1588,.T.);
#2277=ORIENTED_EDGE('',*,*,#1589,.T.);
#2278=ORIENTED_EDGE('',*,*,#1584,.T.);
#2279=ORIENTED_EDGE('',*,*,#1333,.T.);
#2280=ORIENTED_EDGE('',*,*,#1590,.T.);
#2281=ORIENTED_EDGE('',*,*,#1578,.F.);
#2282=ORIENTED_EDGE('',*,*,#1579,.F.);
#2283=ORIENTED_EDGE('',*,*,#1590,.F.);
#2284=ORIENTED_EDGE('',*,*,#1336,.F.);
#2285=ORIENTED_EDGE('',*,*,#1332,.F.);
#2286=ORIENTED_EDGE('',*,*,#1329,.F.);
#2287=ORIENTED_EDGE('',*,*,#1326,.F.);
#2288=ORIENTED_EDGE('',*,*,#1323,.F.);
#2289=ORIENTED_EDGE('',*,*,#1589,.F.);
#2290=ORIENTED_EDGE('',*,*,#1587,.F.);
#2291=ORIENTED_EDGE('',*,*,#1591,.T.);
#2292=ORIENTED_EDGE('',*,*,#1592,.F.);
#2293=ORIENTED_EDGE('',*,*,#1593,.F.);
#2294=ORIENTED_EDGE('',*,*,#1594,.T.);
#2295=ORIENTED_EDGE('',*,*,#1595,.F.);
#2296=ORIENTED_EDGE('',*,*,#1596,.F.);
#2297=ORIENTED_EDGE('',*,*,#1591,.F.);
#2298=ORIENTED_EDGE('',*,*,#1597,.F.);
#2299=ORIENTED_EDGE('',*,*,#1598,.F.);
#2300=ORIENTED_EDGE('',*,*,#1599,.F.);
#2301=ORIENTED_EDGE('',*,*,#1600,.F.);
#2302=ORIENTED_EDGE('',*,*,#1601,.F.);
#2303=ORIENTED_EDGE('',*,*,#1602,.T.);
#2304=ORIENTED_EDGE('',*,*,#1603,.F.);
#2305=ORIENTED_EDGE('',*,*,#1604,.T.);
#2306=ORIENTED_EDGE('',*,*,#1597,.T.);
#2307=ORIENTED_EDGE('',*,*,#1593,.T.);
#2308=ORIENTED_EDGE('',*,*,#1598,.T.);
#2309=ORIENTED_EDGE('',*,*,#1605,.F.);
#2310=ORIENTED_EDGE('',*,*,#1594,.F.);
#2311=ORIENTED_EDGE('',*,*,#1604,.F.);
#2312=ORIENTED_EDGE('',*,*,#1606,.F.);
#2313=ORIENTED_EDGE('',*,*,#1607,.F.);
#2314=ORIENTED_EDGE('',*,*,#1595,.T.);
#2315=ORIENTED_EDGE('',*,*,#1605,.T.);
#2316=ORIENTED_EDGE('',*,*,#1600,.T.);
#2317=ORIENTED_EDGE('',*,*,#1608,.F.);
#2318=ORIENTED_EDGE('',*,*,#1609,.T.);
#2319=ORIENTED_EDGE('',*,*,#1610,.F.);
#2320=ORIENTED_EDGE('',*,*,#1609,.F.);
#2321=ORIENTED_EDGE('',*,*,#1611,.F.);
#2322=ORIENTED_EDGE('',*,*,#1602,.F.);
#2323=ORIENTED_EDGE('',*,*,#1612,.F.);
#2324=ORIENTED_EDGE('',*,*,#1613,.T.);
#2325=ORIENTED_EDGE('',*,*,#1614,.F.);
#2326=ORIENTED_EDGE('',*,*,#1615,.F.);
#2327=ORIENTED_EDGE('',*,*,#1616,.F.);
#2328=ORIENTED_EDGE('',*,*,#1615,.T.);
#2329=ORIENTED_EDGE('',*,*,#1617,.F.);
#2330=ORIENTED_EDGE('',*,*,#1618,.F.);
#2331=ORIENTED_EDGE('',*,*,#1619,.F.);
#2332=ORIENTED_EDGE('',*,*,#1618,.T.);
#2333=ORIENTED_EDGE('',*,*,#1620,.F.);
#2334=ORIENTED_EDGE('',*,*,#1621,.F.);
#2335=ORIENTED_EDGE('',*,*,#1622,.F.);
#2336=ORIENTED_EDGE('',*,*,#1621,.T.);
#2337=ORIENTED_EDGE('',*,*,#1623,.F.);
#2338=ORIENTED_EDGE('',*,*,#1624,.F.);
#2339=ORIENTED_EDGE('',*,*,#1625,.F.);
#2340=ORIENTED_EDGE('',*,*,#1624,.T.);
#2341=ORIENTED_EDGE('',*,*,#1626,.F.);
#2342=ORIENTED_EDGE('',*,*,#1627,.F.);
#2343=ORIENTED_EDGE('',*,*,#1628,.T.);
#2344=ORIENTED_EDGE('',*,*,#1627,.T.);
#2345=ORIENTED_EDGE('',*,*,#1629,.F.);
#2346=ORIENTED_EDGE('',*,*,#1630,.F.);
#2347=ORIENTED_EDGE('',*,*,#1631,.T.);
#2348=ORIENTED_EDGE('',*,*,#1630,.T.);
#2349=ORIENTED_EDGE('',*,*,#1632,.F.);
#2350=ORIENTED_EDGE('',*,*,#1633,.F.);
#2351=ORIENTED_EDGE('',*,*,#1634,.F.);
#2352=ORIENTED_EDGE('',*,*,#1633,.T.);
#2353=ORIENTED_EDGE('',*,*,#1635,.F.);
#2354=ORIENTED_EDGE('',*,*,#1636,.F.);
#2355=ORIENTED_EDGE('',*,*,#1637,.F.);
#2356=ORIENTED_EDGE('',*,*,#1636,.T.);
#2357=ORIENTED_EDGE('',*,*,#1638,.F.);
#2358=ORIENTED_EDGE('',*,*,#1639,.F.);
#2359=ORIENTED_EDGE('',*,*,#1607,.T.);
#2360=ORIENTED_EDGE('',*,*,#1610,.T.);
#2361=ORIENTED_EDGE('',*,*,#1601,.T.);
#2362=ORIENTED_EDGE('',*,*,#1592,.T.);
#2363=ORIENTED_EDGE('',*,*,#1596,.T.);
#2364=ORIENTED_EDGE('',*,*,#1640,.F.);
#2365=ORIENTED_EDGE('',*,*,#1639,.T.);
#2366=ORIENTED_EDGE('',*,*,#1641,.F.);
#2367=ORIENTED_EDGE('',*,*,#1642,.F.);
#2368=ORIENTED_EDGE('',*,*,#1643,.T.);
#2369=ORIENTED_EDGE('',*,*,#1642,.T.);
#2370=ORIENTED_EDGE('',*,*,#1644,.F.);
#2371=ORIENTED_EDGE('',*,*,#1645,.F.);
#2372=ORIENTED_EDGE('',*,*,#1608,.T.);
#2373=ORIENTED_EDGE('',*,*,#1599,.T.);
#2374=ORIENTED_EDGE('',*,*,#1606,.T.);
#2375=ORIENTED_EDGE('',*,*,#1603,.T.);
#2376=ORIENTED_EDGE('',*,*,#1611,.T.);
#2377=ORIENTED_EDGE('',*,*,#1646,.T.);
#2378=ORIENTED_EDGE('',*,*,#1645,.T.);
#2379=ORIENTED_EDGE('',*,*,#1647,.F.);
#2380=ORIENTED_EDGE('',*,*,#1613,.F.);
#2381=ORIENTED_EDGE('',*,*,#1647,.T.);
#2382=ORIENTED_EDGE('',*,*,#1644,.T.);
#2383=ORIENTED_EDGE('',*,*,#1641,.T.);
#2384=ORIENTED_EDGE('',*,*,#1638,.T.);
#2385=ORIENTED_EDGE('',*,*,#1635,.T.);
#2386=ORIENTED_EDGE('',*,*,#1632,.T.);
#2387=ORIENTED_EDGE('',*,*,#1629,.T.);
#2388=ORIENTED_EDGE('',*,*,#1626,.T.);
#2389=ORIENTED_EDGE('',*,*,#1623,.T.);
#2390=ORIENTED_EDGE('',*,*,#1620,.T.);
#2391=ORIENTED_EDGE('',*,*,#1617,.T.);
#2392=ORIENTED_EDGE('',*,*,#1614,.T.);
#2393=ORIENTED_EDGE('',*,*,#1646,.F.);
#2394=ORIENTED_EDGE('',*,*,#1612,.T.);
#2395=ORIENTED_EDGE('',*,*,#1616,.T.);
#2396=ORIENTED_EDGE('',*,*,#1619,.T.);
#2397=ORIENTED_EDGE('',*,*,#1622,.T.);
#2398=ORIENTED_EDGE('',*,*,#1625,.T.);
#2399=ORIENTED_EDGE('',*,*,#1628,.F.);
#2400=ORIENTED_EDGE('',*,*,#1631,.F.);
#2401=ORIENTED_EDGE('',*,*,#1634,.T.);
#2402=ORIENTED_EDGE('',*,*,#1637,.T.);
#2403=ORIENTED_EDGE('',*,*,#1640,.T.);
#2404=ORIENTED_EDGE('',*,*,#1643,.F.);
#2405=ORIENTED_EDGE('',*,*,#1648,.F.);
#2406=ORIENTED_EDGE('',*,*,#1649,.T.);
#2407=ORIENTED_EDGE('',*,*,#1650,.F.);
#2408=ORIENTED_EDGE('',*,*,#1651,.F.);
#2409=ORIENTED_EDGE('',*,*,#1648,.T.);
#2410=ORIENTED_EDGE('',*,*,#1652,.T.);
#2411=ORIENTED_EDGE('',*,*,#1653,.T.);
#2412=ORIENTED_EDGE('',*,*,#1654,.T.);
#2413=ORIENTED_EDGE('',*,*,#1655,.F.);
#2414=ORIENTED_EDGE('',*,*,#1656,.T.);
#2415=ORIENTED_EDGE('',*,*,#1657,.F.);
#2416=ORIENTED_EDGE('',*,*,#1658,.F.);
#2417=ORIENTED_EDGE('',*,*,#1659,.F.);
#2418=ORIENTED_EDGE('',*,*,#1660,.T.);
#2419=ORIENTED_EDGE('',*,*,#1661,.F.);
#2420=ORIENTED_EDGE('',*,*,#1662,.T.);
#2421=ORIENTED_EDGE('',*,*,#1663,.F.);
#2422=ORIENTED_EDGE('',*,*,#1664,.T.);
#2423=ORIENTED_EDGE('',*,*,#1665,.T.);
#2424=ORIENTED_EDGE('',*,*,#1666,.T.);
#2425=ORIENTED_EDGE('',*,*,#1665,.F.);
#2426=ORIENTED_EDGE('',*,*,#1667,.T.);
#2427=ORIENTED_EDGE('',*,*,#1668,.F.);
#2428=ORIENTED_EDGE('',*,*,#1669,.T.);
#2429=ORIENTED_EDGE('',*,*,#1670,.F.);
#2430=ORIENTED_EDGE('',*,*,#1671,.T.);
#2431=ORIENTED_EDGE('',*,*,#1672,.F.);
#2432=ORIENTED_EDGE('',*,*,#1673,.T.);
#2433=ORIENTED_EDGE('',*,*,#1674,.F.);
#2434=ORIENTED_EDGE('',*,*,#1675,.T.);
#2435=ORIENTED_EDGE('',*,*,#1676,.F.);
#2436=ORIENTED_EDGE('',*,*,#1677,.T.);
#2437=ORIENTED_EDGE('',*,*,#1669,.F.);
#2438=ORIENTED_EDGE('',*,*,#1678,.T.);
#2439=ORIENTED_EDGE('',*,*,#1679,.F.);
#2440=ORIENTED_EDGE('',*,*,#1680,.T.);
#2441=ORIENTED_EDGE('',*,*,#1662,.F.);
#2442=ORIENTED_EDGE('',*,*,#1681,.T.);
#2443=ORIENTED_EDGE('',*,*,#1682,.F.);
#2444=ORIENTED_EDGE('',*,*,#1683,.T.);
#2445=ORIENTED_EDGE('',*,*,#1677,.F.);
#2446=ORIENTED_EDGE('',*,*,#1684,.T.);
#2447=ORIENTED_EDGE('',*,*,#1685,.F.);
#2448=ORIENTED_EDGE('',*,*,#1686,.T.);
#2449=ORIENTED_EDGE('',*,*,#1673,.F.);
#2450=ORIENTED_EDGE('',*,*,#1687,.T.);
#2451=ORIENTED_EDGE('',*,*,#1688,.F.);
#2452=ORIENTED_EDGE('',*,*,#1689,.T.);
#2453=ORIENTED_EDGE('',*,*,#1690,.F.);
#2454=ORIENTED_EDGE('',*,*,#1650,.T.);
#2455=ORIENTED_EDGE('',*,*,#1691,.F.);
#2456=ORIENTED_EDGE('',*,*,#1657,.T.);
#2457=ORIENTED_EDGE('',*,*,#1666,.F.);
#2458=ORIENTED_EDGE('',*,*,#1654,.F.);
#2459=ORIENTED_EDGE('',*,*,#1692,.T.);
#2460=ORIENTED_EDGE('',*,*,#1693,.T.);
#2461=ORIENTED_EDGE('',*,*,#1694,.T.);
#2462=ORIENTED_EDGE('',*,*,#1695,.F.);
#2463=ORIENTED_EDGE('',*,*,#1658,.T.);
#2464=ORIENTED_EDGE('',*,*,#1691,.T.);
#2465=ORIENTED_EDGE('',*,*,#1649,.F.);
#2466=ORIENTED_EDGE('',*,*,#1696,.T.);
#2467=ORIENTED_EDGE('',*,*,#1697,.F.);
#2468=ORIENTED_EDGE('',*,*,#1698,.F.);
#2469=ORIENTED_EDGE('',*,*,#1699,.F.);
#2470=ORIENTED_EDGE('',*,*,#1678,.F.);
#2471=ORIENTED_EDGE('',*,*,#1668,.T.);
#2472=ORIENTED_EDGE('',*,*,#1700,.T.);
#2473=ORIENTED_EDGE('',*,*,#1701,.F.);
#2474=ORIENTED_EDGE('',*,*,#1702,.F.);
#2475=ORIENTED_EDGE('',*,*,#1703,.F.);
#2476=ORIENTED_EDGE('',*,*,#1684,.F.);
#2477=ORIENTED_EDGE('',*,*,#1676,.T.);
#2478=ORIENTED_EDGE('',*,*,#1652,.F.);
#2479=ORIENTED_EDGE('',*,*,#1651,.T.);
#2480=ORIENTED_EDGE('',*,*,#1690,.T.);
#2481=ORIENTED_EDGE('',*,*,#1656,.F.);
#2482=ORIENTED_EDGE('',*,*,#1704,.F.);
#2483=ORIENTED_EDGE('',*,*,#1705,.T.);
#2484=ORIENTED_EDGE('',*,*,#1706,.T.);
#2485=ORIENTED_EDGE('',*,*,#1707,.T.);
#2486=ORIENTED_EDGE('',*,*,#1708,.T.);
#2487=ORIENTED_EDGE('',*,*,#1709,.F.);
#2488=ORIENTED_EDGE('',*,*,#1710,.F.);
#2489=ORIENTED_EDGE('',*,*,#1711,.F.);
#2490=ORIENTED_EDGE('',*,*,#1681,.F.);
#2491=ORIENTED_EDGE('',*,*,#1661,.T.);
#2492=ORIENTED_EDGE('',*,*,#1712,.T.);
#2493=ORIENTED_EDGE('',*,*,#1713,.F.);
#2494=ORIENTED_EDGE('',*,*,#1714,.F.);
#2495=ORIENTED_EDGE('',*,*,#1696,.F.);
#2496=ORIENTED_EDGE('',*,*,#1667,.F.);
#2497=ORIENTED_EDGE('',*,*,#1664,.F.);
#2498=ORIENTED_EDGE('',*,*,#1715,.F.);
#2499=ORIENTED_EDGE('',*,*,#1716,.F.);
#2500=ORIENTED_EDGE('',*,*,#1708,.F.);
#2501=ORIENTED_EDGE('',*,*,#1660,.F.);
#2502=ORIENTED_EDGE('',*,*,#1695,.T.);
#2503=ORIENTED_EDGE('',*,*,#1717,.T.);
#2504=ORIENTED_EDGE('',*,*,#1704,.T.);
#2505=ORIENTED_EDGE('',*,*,#1655,.T.);
#2506=ORIENTED_EDGE('',*,*,#1717,.F.);
#2507=ORIENTED_EDGE('',*,*,#1694,.F.);
#2508=ORIENTED_EDGE('',*,*,#1718,.T.);
#2509=ORIENTED_EDGE('',*,*,#1705,.F.);
#2510=ORIENTED_EDGE('',*,*,#1653,.F.);
#2511=ORIENTED_EDGE('',*,*,#1707,.F.);
#2512=ORIENTED_EDGE('',*,*,#1719,.F.);
#2513=ORIENTED_EDGE('',*,*,#1692,.F.);
#2514=ORIENTED_EDGE('',*,*,#1720,.F.);
#2515=ORIENTED_EDGE('',*,*,#1721,.F.);
#2516=ORIENTED_EDGE('',*,*,#1722,.F.);
#2517=ORIENTED_EDGE('',*,*,#1723,.F.);
#2518=ORIENTED_EDGE('',*,*,#1687,.F.);
#2519=ORIENTED_EDGE('',*,*,#1672,.T.);
#2520=ORIENTED_EDGE('',*,*,#1724,.F.);
#2521=ORIENTED_EDGE('',*,*,#1725,.F.);
#2522=ORIENTED_EDGE('',*,*,#1720,.T.);
#2523=ORIENTED_EDGE('',*,*,#1671,.F.);
#2524=ORIENTED_EDGE('',*,*,#1726,.T.);
#2525=ORIENTED_EDGE('',*,*,#1727,.F.);
#2526=ORIENTED_EDGE('',*,*,#1700,.F.);
#2527=ORIENTED_EDGE('',*,*,#1675,.F.);
#2528=ORIENTED_EDGE('',*,*,#1686,.F.);
#2529=ORIENTED_EDGE('',*,*,#1728,.F.);
#2530=ORIENTED_EDGE('',*,*,#1729,.F.);
#2531=ORIENTED_EDGE('',*,*,#1730,.F.);
#2532=ORIENTED_EDGE('',*,*,#1715,.T.);
#2533=ORIENTED_EDGE('',*,*,#1659,.T.);
#2534=ORIENTED_EDGE('',*,*,#1683,.F.);
#2535=ORIENTED_EDGE('',*,*,#1731,.F.);
#2536=ORIENTED_EDGE('',*,*,#1732,.F.);
#2537=ORIENTED_EDGE('',*,*,#1733,.F.);
#2538=ORIENTED_EDGE('',*,*,#1712,.F.);
#2539=ORIENTED_EDGE('',*,*,#1663,.T.);
#2540=ORIENTED_EDGE('',*,*,#1680,.F.);
#2541=ORIENTED_EDGE('',*,*,#1734,.F.);
#2542=ORIENTED_EDGE('',*,*,#1735,.F.);
#2543=ORIENTED_EDGE('',*,*,#1736,.F.);
#2544=ORIENTED_EDGE('',*,*,#1724,.T.);
#2545=ORIENTED_EDGE('',*,*,#1670,.T.);
#2546=ORIENTED_EDGE('',*,*,#1689,.F.);
#2547=ORIENTED_EDGE('',*,*,#1737,.F.);
#2548=ORIENTED_EDGE('',*,*,#1738,.F.);
#2549=ORIENTED_EDGE('',*,*,#1739,.F.);
#2550=ORIENTED_EDGE('',*,*,#1726,.F.);
#2551=ORIENTED_EDGE('',*,*,#1674,.T.);
#2552=ORIENTED_EDGE('',*,*,#1737,.T.);
#2553=ORIENTED_EDGE('',*,*,#1688,.T.);
#2554=ORIENTED_EDGE('',*,*,#1723,.T.);
#2555=ORIENTED_EDGE('',*,*,#1740,.F.);
#2556=ORIENTED_EDGE('',*,*,#1711,.T.);
#2557=ORIENTED_EDGE('',*,*,#1741,.F.);
#2558=ORIENTED_EDGE('',*,*,#1731,.T.);
#2559=ORIENTED_EDGE('',*,*,#1682,.T.);
#2560=ORIENTED_EDGE('',*,*,#1699,.T.);
#2561=ORIENTED_EDGE('',*,*,#1742,.F.);
#2562=ORIENTED_EDGE('',*,*,#1734,.T.);
#2563=ORIENTED_EDGE('',*,*,#1679,.T.);
#2564=ORIENTED_EDGE('',*,*,#1738,.T.);
#2565=ORIENTED_EDGE('',*,*,#1740,.T.);
#2566=ORIENTED_EDGE('',*,*,#1722,.T.);
#2567=ORIENTED_EDGE('',*,*,#1743,.T.);
#2568=ORIENTED_EDGE('',*,*,#1698,.T.);
#2569=ORIENTED_EDGE('',*,*,#1744,.T.);
#2570=ORIENTED_EDGE('',*,*,#1735,.T.);
#2571=ORIENTED_EDGE('',*,*,#1742,.T.);
#2572=ORIENTED_EDGE('',*,*,#1710,.T.);
#2573=ORIENTED_EDGE('',*,*,#1745,.T.);
#2574=ORIENTED_EDGE('',*,*,#1732,.T.);
#2575=ORIENTED_EDGE('',*,*,#1741,.T.);
#2576=ORIENTED_EDGE('',*,*,#1729,.T.);
#2577=ORIENTED_EDGE('',*,*,#1746,.T.);
#2578=ORIENTED_EDGE('',*,*,#1702,.T.);
#2579=ORIENTED_EDGE('',*,*,#1747,.T.);
#2580=ORIENTED_EDGE('',*,*,#1730,.T.);
#2581=ORIENTED_EDGE('',*,*,#1747,.F.);
#2582=ORIENTED_EDGE('',*,*,#1701,.T.);
#2583=ORIENTED_EDGE('',*,*,#1727,.T.);
#2584=ORIENTED_EDGE('',*,*,#1739,.T.);
#2585=ORIENTED_EDGE('',*,*,#1743,.F.);
#2586=ORIENTED_EDGE('',*,*,#1721,.T.);
#2587=ORIENTED_EDGE('',*,*,#1725,.T.);
#2588=ORIENTED_EDGE('',*,*,#1736,.T.);
#2589=ORIENTED_EDGE('',*,*,#1744,.F.);
#2590=ORIENTED_EDGE('',*,*,#1697,.T.);
#2591=ORIENTED_EDGE('',*,*,#1714,.T.);
#2592=ORIENTED_EDGE('',*,*,#1748,.T.);
#2593=ORIENTED_EDGE('',*,*,#1748,.F.);
#2594=ORIENTED_EDGE('',*,*,#1713,.T.);
#2595=ORIENTED_EDGE('',*,*,#1733,.T.);
#2596=ORIENTED_EDGE('',*,*,#1745,.F.);
#2597=ORIENTED_EDGE('',*,*,#1709,.T.);
#2598=ORIENTED_EDGE('',*,*,#1716,.T.);
#2599=ORIENTED_EDGE('',*,*,#1728,.T.);
#2600=ORIENTED_EDGE('',*,*,#1685,.T.);
#2601=ORIENTED_EDGE('',*,*,#1703,.T.);
#2602=ORIENTED_EDGE('',*,*,#1746,.F.);
#2603=ORIENTED_EDGE('',*,*,#1719,.T.);
#2604=ORIENTED_EDGE('',*,*,#1706,.F.);
#2605=ORIENTED_EDGE('',*,*,#1718,.F.);
#2606=ORIENTED_EDGE('',*,*,#1693,.F.);
#2607=CYLINDRICAL_SURFACE('',#2872,4.5);
#2608=CYLINDRICAL_SURFACE('',#2874,4.5);
#2609=CYLINDRICAL_SURFACE('',#2875,4.5);
#2610=CYLINDRICAL_SURFACE('',#2876,4.5);
#2611=CYLINDRICAL_SURFACE('',#2877,4.5);
#2612=CYLINDRICAL_SURFACE('',#2879,1.);
#2613=CYLINDRICAL_SURFACE('',#2880,1.);
#2614=CYLINDRICAL_SURFACE('',#2881,1.);
#2615=CYLINDRICAL_SURFACE('',#2882,1.);
#2616=CYLINDRICAL_SURFACE('',#2883,1.);
#2617=CYLINDRICAL_SURFACE('',#2884,1.);
#2618=CYLINDRICAL_SURFACE('',#2885,1.);
#2619=CYLINDRICAL_SURFACE('',#2886,1.);
#2620=CYLINDRICAL_SURFACE('',#2887,1.);
#2621=CYLINDRICAL_SURFACE('',#2888,1.);
#2622=CYLINDRICAL_SURFACE('',#2889,1.);
#2623=CYLINDRICAL_SURFACE('',#2890,1.);
#2624=CYLINDRICAL_SURFACE('',#2891,1.);
#2625=CYLINDRICAL_SURFACE('',#2892,1.);
#2626=CYLINDRICAL_SURFACE('',#2893,1.);
#2627=CYLINDRICAL_SURFACE('',#2894,1.);
#2628=CYLINDRICAL_SURFACE('',#2895,1.);
#2629=CYLINDRICAL_SURFACE('',#2896,1.);
#2630=CYLINDRICAL_SURFACE('',#2897,1.);
#2631=CYLINDRICAL_SURFACE('',#2898,1.);
#2632=CYLINDRICAL_SURFACE('',#2899,1.);
#2633=CYLINDRICAL_SURFACE('',#2900,1.);
#2634=CYLINDRICAL_SURFACE('',#2901,1.);
#2635=CYLINDRICAL_SURFACE('',#2902,1.);
#2636=CYLINDRICAL_SURFACE('',#3044,14.);
#2637=CYLINDRICAL_SURFACE('',#3045,14.);
#2638=CYLINDRICAL_SURFACE('',#3046,14.);
#2639=CYLINDRICAL_SURFACE('',#3047,14.);
#2640=CYLINDRICAL_SURFACE('',#3048,14.);
#2641=CYLINDRICAL_SURFACE('',#3049,14.);
#2642=CYLINDRICAL_SURFACE('',#3050,14.);
#2643=CYLINDRICAL_SURFACE('',#3051,14.);
#2644=CYLINDRICAL_SURFACE('',#3052,14.);
#2645=CYLINDRICAL_SURFACE('',#3053,14.);
#2646=CYLINDRICAL_SURFACE('',#3054,14.);
#2647=CYLINDRICAL_SURFACE('',#3055,14.);
#2648=CYLINDRICAL_SURFACE('',#3056,14.);
#2649=CYLINDRICAL_SURFACE('',#3057,14.);
#2650=CYLINDRICAL_SURFACE('',#3058,14.);
#2651=CYLINDRICAL_SURFACE('',#3059,14.);
#2652=CYLINDRICAL_SURFACE('',#3060,14.);
#2653=CYLINDRICAL_SURFACE('',#3061,14.);
#2654=CYLINDRICAL_SURFACE('',#3062,14.);
#2655=CYLINDRICAL_SURFACE('',#3063,14.);
#2656=CYLINDRICAL_SURFACE('',#3064,14.);
#2657=CYLINDRICAL_SURFACE('',#3065,14.);
#2658=CYLINDRICAL_SURFACE('',#3066,14.);
#2659=CYLINDRICAL_SURFACE('',#3070,14.);
#2660=CYLINDRICAL_SURFACE('',#3077,3.);
#2661=CYLINDRICAL_SURFACE('',#3080,4.5);
#2662=CYLINDRICAL_SURFACE('',#3082,4.6);
#2663=CYLINDRICAL_SURFACE('',#3084,4.6);
#2664=CYLINDRICAL_SURFACE('',#3086,4.6);
#2665=CYLINDRICAL_SURFACE('',#3088,4.6);
#2666=ADVANCED_FACE('',(#148),#2607,.T.);
#2667=ADVANCED_FACE('',(#149),#2608,.T.);
#2668=ADVANCED_FACE('',(#150),#2609,.T.);
#2669=ADVANCED_FACE('',(#151),#2610,.T.);
#2670=ADVANCED_FACE('',(#152),#2611,.T.);
#2671=ADVANCED_FACE('',(#153),#2612,.F.);
#2672=ADVANCED_FACE('',(#154),#2613,.F.);
#2673=ADVANCED_FACE('',(#155),#2614,.F.);
#2674=ADVANCED_FACE('',(#156),#2615,.F.);
#2675=ADVANCED_FACE('',(#157),#2616,.F.);
#2676=ADVANCED_FACE('',(#158),#2617,.F.);
#2677=ADVANCED_FACE('',(#159),#2618,.F.);
#2678=ADVANCED_FACE('',(#160),#2619,.F.);
#2679=ADVANCED_FACE('',(#161),#2620,.F.);
#2680=ADVANCED_FACE('',(#162),#2621,.F.);
#2681=ADVANCED_FACE('',(#163),#2622,.F.);
#2682=ADVANCED_FACE('',(#164),#2623,.F.);
#2683=ADVANCED_FACE('',(#165),#2624,.F.);
#2684=ADVANCED_FACE('',(#166),#2625,.F.);
#2685=ADVANCED_FACE('',(#167),#2626,.F.);
#2686=ADVANCED_FACE('',(#168),#2627,.F.);
#2687=ADVANCED_FACE('',(#169),#2628,.F.);
#2688=ADVANCED_FACE('',(#170),#2629,.F.);
#2689=ADVANCED_FACE('',(#171),#2630,.F.);
#2690=ADVANCED_FACE('',(#172),#2631,.F.);
#2691=ADVANCED_FACE('',(#173),#2632,.F.);
#2692=ADVANCED_FACE('',(#174),#2633,.F.);
#2693=ADVANCED_FACE('',(#175),#2634,.F.);
#2694=ADVANCED_FACE('',(#176),#2635,.F.);
#2695=ADVANCED_FACE('',(#177),#100,.T.);
#2696=ADVANCED_FACE('',(#178),#101,.T.);
#2697=ADVANCED_FACE('',(#179),#102,.T.);
#2698=ADVANCED_FACE('',(#180),#103,.T.);
#2699=ADVANCED_FACE('',(#181),#104,.T.);
#2700=ADVANCED_FACE('',(#182),#105,.T.);
#2701=ADVANCED_FACE('',(#183),#106,.T.);
#2702=ADVANCED_FACE('',(#184),#107,.T.);
#2703=ADVANCED_FACE('',(#185),#108,.T.);
#2704=ADVANCED_FACE('',(#186),#109,.T.);
#2705=ADVANCED_FACE('',(#187),#110,.T.);
#2706=ADVANCED_FACE('',(#188),#111,.T.);
#2707=ADVANCED_FACE('',(#189),#112,.T.);
#2708=ADVANCED_FACE('',(#190),#113,.T.);
#2709=ADVANCED_FACE('',(#191),#114,.T.);
#2710=ADVANCED_FACE('',(#192),#115,.T.);
#2711=ADVANCED_FACE('',(#193),#116,.T.);
#2712=ADVANCED_FACE('',(#194),#117,.T.);
#2713=ADVANCED_FACE('',(#195),#118,.T.);
#2714=ADVANCED_FACE('',(#196),#119,.T.);
#2715=ADVANCED_FACE('',(#197),#120,.T.);
#2716=ADVANCED_FACE('',(#198),#121,.T.);
#2717=ADVANCED_FACE('',(#199),#122,.T.);
#2718=ADVANCED_FACE('',(#200),#123,.T.);
#2719=ADVANCED_FACE('',(#201),#124,.T.);
#2720=ADVANCED_FACE('',(#202),#125,.T.);
#2721=ADVANCED_FACE('',(#203),#126,.T.);
#2722=ADVANCED_FACE('',(#204),#127,.T.);
#2723=ADVANCED_FACE('',(#205),#128,.T.);
#2724=ADVANCED_FACE('',(#206),#129,.T.);
#2725=ADVANCED_FACE('',(#207),#130,.T.);
#2726=ADVANCED_FACE('',(#208),#131,.T.);
#2727=ADVANCED_FACE('',(#209),#132,.T.);
#2728=ADVANCED_FACE('',(#210),#133,.T.);
#2729=ADVANCED_FACE('',(#211),#134,.T.);
#2730=ADVANCED_FACE('',(#212),#135,.T.);
#2731=ADVANCED_FACE('',(#213),#136,.T.);
#2732=ADVANCED_FACE('',(#214),#137,.T.);
#2733=ADVANCED_FACE('',(#215),#138,.T.);
#2734=ADVANCED_FACE('',(#216),#139,.T.);
#2735=ADVANCED_FACE('',(#217),#140,.T.);
#2736=ADVANCED_FACE('',(#218),#141,.T.);
#2737=ADVANCED_FACE('',(#219),#142,.T.);
#2738=ADVANCED_FACE('',(#220),#143,.T.);
#2739=ADVANCED_FACE('',(#221),#144,.T.);
#2740=ADVANCED_FACE('',(#222),#145,.T.);
#2741=ADVANCED_FACE('',(#223),#146,.T.);
#2742=ADVANCED_FACE('',(#224),#2636,.T.);
#2743=ADVANCED_FACE('',(#225),#2637,.T.);
#2744=ADVANCED_FACE('',(#226),#2638,.T.);
#2745=ADVANCED_FACE('',(#227),#2639,.T.);
#2746=ADVANCED_FACE('',(#228),#2640,.T.);
#2747=ADVANCED_FACE('',(#229),#2641,.T.);
#2748=ADVANCED_FACE('',(#230),#2642,.T.);
#2749=ADVANCED_FACE('',(#231),#2643,.T.);
#2750=ADVANCED_FACE('',(#232),#2644,.T.);
#2751=ADVANCED_FACE('',(#233),#2645,.T.);
#2752=ADVANCED_FACE('',(#234),#2646,.T.);
#2753=ADVANCED_FACE('',(#235),#2647,.T.);
#2754=ADVANCED_FACE('',(#236),#2648,.T.);
#2755=ADVANCED_FACE('',(#237),#2649,.T.);
#2756=ADVANCED_FACE('',(#238),#2650,.T.);
#2757=ADVANCED_FACE('',(#239),#2651,.T.);
#2758=ADVANCED_FACE('',(#240),#2652,.T.);
#2759=ADVANCED_FACE('',(#241),#2653,.T.);
#2760=ADVANCED_FACE('',(#242),#2654,.T.);
#2761=ADVANCED_FACE('',(#243),#2655,.T.);
#2762=ADVANCED_FACE('',(#244),#2656,.T.);
#2763=ADVANCED_FACE('',(#245),#2657,.T.);
#2764=ADVANCED_FACE('',(#246),#2658,.T.);
#2765=ADVANCED_FACE('',(#247),#147,.T.);
#2766=ADVANCED_FACE('',(#248),#2659,.T.);
#2767=ADVANCED_FACE('',(#249,#52),#57,.F.);
#2768=ADVANCED_FACE('',(#250),#58,.T.);
#2769=ADVANCED_FACE('',(#251),#42,.T.);
#2770=ADVANCED_FACE('',(#252),#2660,.T.);
#2771=ADVANCED_FACE('',(#253),#36,.T.);
#2772=ADVANCED_FACE('',(#254),#37,.T.);
#2773=ADVANCED_FACE('',(#255,#53),#59,.F.);
#2774=ADVANCED_FACE('',(#256),#2661,.T.);
#2775=ADVANCED_FACE('',(#257),#38,.T.);
#2776=ADVANCED_FACE('',(#258),#2662,.F.);
#2777=ADVANCED_FACE('',(#259),#2663,.F.);
#2778=ADVANCED_FACE('',(#260),#2664,.F.);
#2779=ADVANCED_FACE('',(#261),#39,.F.);
#2780=ADVANCED_FACE('',(#262),#2665,.F.);
#2781=ADVANCED_FACE('',(#263),#40,.F.);
#2782=ADVANCED_FACE('',(#264),#41,.F.);
#2783=ADVANCED_FACE('',(#265),#60,.T.);
#2784=ADVANCED_FACE('',(#266),#61,.T.);
#2785=ADVANCED_FACE('',(#267),#62,.T.);
#2786=ADVANCED_FACE('',(#268),#63,.T.);
#2787=ADVANCED_FACE('',(#269),#64,.T.);
#2788=ADVANCED_FACE('',(#270),#65,.T.);
#2789=ADVANCED_FACE('',(#271),#66,.T.);
#2790=ADVANCED_FACE('',(#272),#67,.T.);
#2791=ADVANCED_FACE('',(#273,#54),#68,.T.);
#2792=ADVANCED_FACE('',(#274),#69,.T.);
#2793=ADVANCED_FACE('',(#275,#55),#70,.T.);
#2794=ADVANCED_FACE('',(#276),#71,.T.);
#2795=ADVANCED_FACE('',(#277),#72,.T.);
#2796=ADVANCED_FACE('',(#278),#73,.F.);
#2797=ADVANCED_FACE('',(#279),#74,.T.);
#2798=ADVANCED_FACE('',(#280),#75,.T.);
#2799=ADVANCED_FACE('',(#281),#76,.T.);
#2800=ADVANCED_FACE('',(#282),#23,.F.);
#2801=ADVANCED_FACE('',(#283),#43,.T.);
#2802=ADVANCED_FACE('',(#284),#44,.T.);
#2803=ADVANCED_FACE('',(#285),#45,.T.);
#2804=ADVANCED_FACE('',(#286),#46,.T.);
#2805=ADVANCED_FACE('',(#287,#56),#77,.T.);
#2806=ADVANCED_FACE('',(#288),#78,.T.);
#2807=ADVANCED_FACE('',(#289),#79,.F.);
#2808=ADVANCED_FACE('',(#290),#80,.T.);
#2809=ADVANCED_FACE('',(#291),#81,.T.);
#2810=ADVANCED_FACE('',(#292),#82,.T.);
#2811=ADVANCED_FACE('',(#293),#83,.T.);
#2812=ADVANCED_FACE('',(#294),#84,.T.);
#2813=ADVANCED_FACE('',(#295),#85,.T.);
#2814=ADVANCED_FACE('',(#296),#86,.T.);
#2815=ADVANCED_FACE('',(#297),#87,.T.);
#2816=ADVANCED_FACE('',(#298),#88,.F.);
#2817=ADVANCED_FACE('',(#299),#89,.T.);
#2818=ADVANCED_FACE('',(#300),#90,.T.);
#2819=ADVANCED_FACE('',(#301),#91,.F.);
#2820=ADVANCED_FACE('',(#302),#92,.T.);
#2821=ADVANCED_FACE('',(#303),#93,.T.);
#2822=ADVANCED_FACE('',(#304),#94,.F.);
#2823=ADVANCED_FACE('',(#305),#95,.T.);
#2824=ADVANCED_FACE('',(#306),#96,.T.);
#2825=ADVANCED_FACE('',(#307),#97,.T.);
#2826=ADVANCED_FACE('',(#308),#47,.F.);
#2827=ADVANCED_FACE('',(#309),#48,.F.);
#2828=ADVANCED_FACE('',(#310),#49,.F.);
#2829=ADVANCED_FACE('',(#311),#50,.F.);
#2830=ADVANCED_FACE('',(#312),#51,.F.);
#2831=ADVANCED_FACE('',(#313),#98,.T.);
#2832=ADVANCED_FACE('',(#314),#99,.T.);
#2833=CLOSED_SHELL('',(#2666,#2667,#2668,#2669,#2670,#2671,#2672,#2673,
#2674,#2675,#2676,#2677,#2678,#2679,#2680,#2681,#2682,#2683,#2684,#2685,
#2686,#2687,#2688,#2689,#2690,#2691,#2692,#2693,#2694,#2695,#2696,#2697,
#2698,#2699,#2700,#2701,#2702,#2703,#2704,#2705,#2706,#2707,#2708,#2709,
#2710,#2711,#2712,#2713,#2714,#2715,#2716,#2717,#2718,#2719,#2720,#2721,
#2722,#2723,#2724,#2725,#2726,#2727,#2728,#2729,#2730,#2731,#2732,#2733,
#2734,#2735,#2736,#2737,#2738,#2739,#2740,#2741,#2742,#2743,#2744,#2745,
#2746,#2747,#2748,#2749,#2750,#2751,#2752,#2753,#2754,#2755,#2756,#2757,
#2758,#2759,#2760,#2761,#2762,#2763,#2764,#2765,#2766,#2767,#2768,#2769,
#2770,#2771,#2772,#2773,#2774,#2775));
#2834=CLOSED_SHELL('',(#2776,#2777,#2778,#2779,#2780,#2781,#2782,#2783,
#2784,#2785,#2786,#2787,#2788,#2789,#2790,#2791,#2792,#2793,#2794,#2795,
#2796));
#2835=CLOSED_SHELL('',(#2797,#2798,#2799,#2800,#2801,#2802,#2803,#2804,
#2805,#2806,#2807,#2808,#2809,#2810,#2811,#2812,#2813,#2814,#2815,#2816,
#2817,#2818,#2819,#2820,#2821,#2822,#2823,#2824,#2825,#2826,#2827,#2828,
#2829,#2830,#2831,#2832));
#2836=DERIVED_UNIT_ELEMENT(#2842,1.);
#2837=DERIVED_UNIT_ELEMENT(#8371,-3.);
#2838=DERIVED_UNIT_ELEMENT(#2842,1.);
#2839=DERIVED_UNIT_ELEMENT(#8371,-3.);
#2840=DERIVED_UNIT_ELEMENT(#2842,1.);
#2841=DERIVED_UNIT_ELEMENT(#8371,-3.);
#2842=(
MASS_UNIT()
NAMED_UNIT(*)
SI_UNIT(.KILO.,.GRAM.)
);
#2843=DERIVED_UNIT((#2836,#2837));
#2844=DERIVED_UNIT((#2838,#2839));
#2845=DERIVED_UNIT((#2840,#2841));
#2846=MEASURE_REPRESENTATION_ITEM('density measure',
POSITIVE_RATIO_MEASURE(7850.),#2843);
#2847=MEASURE_REPRESENTATION_ITEM('density measure',
POSITIVE_RATIO_MEASURE(7850.),#2844);
#2848=MEASURE_REPRESENTATION_ITEM('density measure',
POSITIVE_RATIO_MEASURE(7850.),#2845);
#2849=PROPERTY_DEFINITION_REPRESENTATION(#2864,#2855);
#2850=PROPERTY_DEFINITION_REPRESENTATION(#2865,#2856);
#2851=PROPERTY_DEFINITION_REPRESENTATION(#2866,#2857);
#2852=PROPERTY_DEFINITION_REPRESENTATION(#2867,#2858);
#2853=PROPERTY_DEFINITION_REPRESENTATION(#2868,#2859);
#2854=PROPERTY_DEFINITION_REPRESENTATION(#2869,#2860);
#2855=REPRESENTATION('material name',(#2861),#8366);
#2856=REPRESENTATION('density',(#2846),#8366);
#2857=REPRESENTATION('material name',(#2862),#8367);
#2858=REPRESENTATION('density',(#2847),#8367);
#2859=REPRESENTATION('material name',(#2863),#8368);
#2860=REPRESENTATION('density',(#2848),#8368);
#2861=DESCRIPTIVE_REPRESENTATION_ITEM('Steel','Steel');
#2862=DESCRIPTIVE_REPRESENTATION_ITEM('Steel','Steel');
#2863=DESCRIPTIVE_REPRESENTATION_ITEM('Steel','Steel');
#2864=PROPERTY_DEFINITION('material property','material name',#8391);
#2865=PROPERTY_DEFINITION('material property','density of part',#8391);
#2866=PROPERTY_DEFINITION('material property','material name',#8392);
#2867=PROPERTY_DEFINITION('material property','density of part',#8392);
#2868=PROPERTY_DEFINITION('material property','material name',#8393);
#2869=PROPERTY_DEFINITION('material property','density of part',#8393);
#2870=AXIS2_PLACEMENT_3D('',#3984,#3197,#3198);
#2871=AXIS2_PLACEMENT_3D('',#3985,#3199,#3200);
#2872=AXIS2_PLACEMENT_3D('',#3986,#3201,#3202);
#2873=AXIS2_PLACEMENT_3D('',#4023,#3204,#3205);
#2874=AXIS2_PLACEMENT_3D('',#4028,#3206,#3207);
#2875=AXIS2_PLACEMENT_3D('',#4118,#3209,#3210);
#2876=AXIS2_PLACEMENT_3D('',#4208,#3212,#3213);
#2877=AXIS2_PLACEMENT_3D('',#4298,#3215,#3216);
#2878=AXIS2_PLACEMENT_3D('',#4303,#3218,#3219);
#2879=AXIS2_PLACEMENT_3D('',#4375,#3220,#3221);
#2880=AXIS2_PLACEMENT_3D('',#4434,#3224,#3225);
#2881=AXIS2_PLACEMENT_3D('',#4493,#3228,#3229);
#2882=AXIS2_PLACEMENT_3D('',#4552,#3232,#3233);
#2883=AXIS2_PLACEMENT_3D('',#4611,#3236,#3237);
#2884=AXIS2_PLACEMENT_3D('',#4670,#3240,#3241);
#2885=AXIS2_PLACEMENT_3D('',#4729,#3244,#3245);
#2886=AXIS2_PLACEMENT_3D('',#4788,#3248,#3249);
#2887=AXIS2_PLACEMENT_3D('',#4847,#3252,#3253);
#2888=AXIS2_PLACEMENT_3D('',#4906,#3256,#3257);
#2889=AXIS2_PLACEMENT_3D('',#4965,#3260,#3261);
#2890=AXIS2_PLACEMENT_3D('',#5024,#3264,#3265);
#2891=AXIS2_PLACEMENT_3D('',#5083,#3268,#3269);
#2892=AXIS2_PLACEMENT_3D('',#5142,#3272,#3273);
#2893=AXIS2_PLACEMENT_3D('',#5201,#3276,#3277);
#2894=AXIS2_PLACEMENT_3D('',#5260,#3280,#3281);
#2895=AXIS2_PLACEMENT_3D('',#5319,#3284,#3285);
#2896=AXIS2_PLACEMENT_3D('',#5378,#3288,#3289);
#2897=AXIS2_PLACEMENT_3D('',#5437,#3292,#3293);
#2898=AXIS2_PLACEMENT_3D('',#5496,#3296,#3297);
#2899=AXIS2_PLACEMENT_3D('',#5555,#3300,#3301);
#2900=AXIS2_PLACEMENT_3D('',#5614,#3304,#3305);
#2901=AXIS2_PLACEMENT_3D('',#5673,#3308,#3309);
#2902=AXIS2_PLACEMENT_3D('',#5732,#3312,#3313);
#2903=AXIS2_PLACEMENT_3D('',#5791,#3316,#3317);
#2904=AXIS2_PLACEMENT_3D('',#5792,#3318,#3319);
#2905=AXIS2_PLACEMENT_3D('',#5793,#3320,#3321);
#2906=AXIS2_PLACEMENT_3D('',#5794,#3322,#3323);
#2907=AXIS2_PLACEMENT_3D('',#5795,#3324,#3325);
#2908=AXIS2_PLACEMENT_3D('',#5796,#3326,#3327);
#2909=AXIS2_PLACEMENT_3D('',#5797,#3328,#3329);
#2910=AXIS2_PLACEMENT_3D('',#5798,#3330,#3331);
#2911=AXIS2_PLACEMENT_3D('',#5799,#3332,#3333);
#2912=AXIS2_PLACEMENT_3D('',#5800,#3334,#3335);
#2913=AXIS2_PLACEMENT_3D('',#5801,#3336,#3337);
#2914=AXIS2_PLACEMENT_3D('',#5802,#3338,#3339);
#2915=AXIS2_PLACEMENT_3D('',#5803,#3340,#3341);
#2916=AXIS2_PLACEMENT_3D('',#5804,#3342,#3343);
#2917=AXIS2_PLACEMENT_3D('',#5805,#3344,#3345);
#2918=AXIS2_PLACEMENT_3D('',#5806,#3346,#3347);
#2919=AXIS2_PLACEMENT_3D('',#5807,#3348,#3349);
#2920=AXIS2_PLACEMENT_3D('',#5808,#3350,#3351);
#2921=AXIS2_PLACEMENT_3D('',#5809,#3352,#3353);
#2922=AXIS2_PLACEMENT_3D('',#5810,#3354,#3355);
#2923=AXIS2_PLACEMENT_3D('',#5811,#3356,#3357);
#2924=AXIS2_PLACEMENT_3D('',#5812,#3358,#3359);
#2925=AXIS2_PLACEMENT_3D('',#5813,#3360,#3361);
#2926=AXIS2_PLACEMENT_3D('',#5814,#3362,#3363);
#2927=AXIS2_PLACEMENT_3D('',#5815,#3364,#3365);
#2928=AXIS2_PLACEMENT_3D('',#5816,#3366,#3367);
#2929=AXIS2_PLACEMENT_3D('',#5817,#3368,#3369);
#2930=AXIS2_PLACEMENT_3D('',#5818,#3370,#3371);
#2931=AXIS2_PLACEMENT_3D('',#5819,#3372,#3373);
#2932=AXIS2_PLACEMENT_3D('',#5820,#3374,#3375);
#2933=AXIS2_PLACEMENT_3D('',#5821,#3376,#3377);
#2934=AXIS2_PLACEMENT_3D('',#5822,#3378,#3379);
#2935=AXIS2_PLACEMENT_3D('',#5823,#3380,#3381);
#2936=AXIS2_PLACEMENT_3D('',#5824,#3382,#3383);
#2937=AXIS2_PLACEMENT_3D('',#5825,#3384,#3385);
#2938=AXIS2_PLACEMENT_3D('',#5826,#3386,#3387);
#2939=AXIS2_PLACEMENT_3D('',#5827,#3388,#3389);
#2940=AXIS2_PLACEMENT_3D('',#5828,#3390,#3391);
#2941=AXIS2_PLACEMENT_3D('',#5829,#3392,#3393);
#2942=AXIS2_PLACEMENT_3D('',#5830,#3394,#3395);
#2943=AXIS2_PLACEMENT_3D('',#5831,#3396,#3397);
#2944=AXIS2_PLACEMENT_3D('',#5832,#3398,#3399);
#2945=AXIS2_PLACEMENT_3D('',#5833,#3400,#3401);
#2946=AXIS2_PLACEMENT_3D('',#5834,#3402,#3403);
#2947=AXIS2_PLACEMENT_3D('',#5835,#3404,#3405);
#2948=AXIS2_PLACEMENT_3D('',#5836,#3406,#3407);
#2949=AXIS2_PLACEMENT_3D('',#5837,#3408,#3409);
#2950=AXIS2_PLACEMENT_3D('',#5838,#3410,#3411);
#2951=AXIS2_PLACEMENT_3D('',#5839,#3412,#3413);
#2952=AXIS2_PLACEMENT_3D('',#5840,#3414,#3415);
#2953=AXIS2_PLACEMENT_3D('',#5841,#3416,#3417);
#2954=AXIS2_PLACEMENT_3D('',#5842,#3418,#3419);
#2955=AXIS2_PLACEMENT_3D('',#5843,#3420,#3421);
#2956=AXIS2_PLACEMENT_3D('',#5844,#3422,#3423);
#2957=AXIS2_PLACEMENT_3D('',#5845,#3424,#3425);
#2958=AXIS2_PLACEMENT_3D('',#5846,#3426,#3427);
#2959=AXIS2_PLACEMENT_3D('',#5847,#3428,#3429);
#2960=AXIS2_PLACEMENT_3D('',#5848,#3430,#3431);
#2961=AXIS2_PLACEMENT_3D('',#5849,#3432,#3433);
#2962=AXIS2_PLACEMENT_3D('',#5850,#3434,#3435);
#2963=AXIS2_PLACEMENT_3D('',#5851,#3436,#3437);
#2964=AXIS2_PLACEMENT_3D('',#5852,#3438,#3439);
#2965=AXIS2_PLACEMENT_3D('',#5853,#3440,#3441);
#2966=AXIS2_PLACEMENT_3D('',#5854,#3442,#3443);
#2967=AXIS2_PLACEMENT_3D('',#5855,#3444,#3445);
#2968=AXIS2_PLACEMENT_3D('',#5856,#3446,#3447);
#2969=AXIS2_PLACEMENT_3D('',#5857,#3448,#3449);
#2970=AXIS2_PLACEMENT_3D('',#5858,#3450,#3451);
#2971=AXIS2_PLACEMENT_3D('',#5859,#3452,#3453);
#2972=AXIS2_PLACEMENT_3D('',#5860,#3454,#3455);
#2973=AXIS2_PLACEMENT_3D('',#5861,#3456,#3457);
#2974=AXIS2_PLACEMENT_3D('',#5862,#3458,#3459);
#2975=AXIS2_PLACEMENT_3D('',#5863,#3460,#3461);
#2976=AXIS2_PLACEMENT_3D('',#5864,#3462,#3463);
#2977=AXIS2_PLACEMENT_3D('',#5865,#3464,#3465);
#2978=AXIS2_PLACEMENT_3D('',#5866,#3466,#3467);
#2979=AXIS2_PLACEMENT_3D('',#5867,#3468,#3469);
#2980=AXIS2_PLACEMENT_3D('',#5868,#3470,#3471);
#2981=AXIS2_PLACEMENT_3D('',#5869,#3472,#3473);
#2982=AXIS2_PLACEMENT_3D('',#5870,#3474,#3475);
#2983=AXIS2_PLACEMENT_3D('',#5871,#3476,#3477);
#2984=AXIS2_PLACEMENT_3D('',#5872,#3478,#3479);
#2985=AXIS2_PLACEMENT_3D('',#5873,#3480,#3481);
#2986=AXIS2_PLACEMENT_3D('',#5874,#3482,#3483);
#2987=AXIS2_PLACEMENT_3D('',#5875,#3484,#3485);
#2988=AXIS2_PLACEMENT_3D('',#5876,#3486,#3487);
#2989=AXIS2_PLACEMENT_3D('',#5877,#3488,#3489);
#2990=AXIS2_PLACEMENT_3D('',#5878,#3490,#3491);
#2991=AXIS2_PLACEMENT_3D('',#5879,#3492,#3493);
#2992=AXIS2_PLACEMENT_3D('',#5880,#3494,#3495);
#2993=AXIS2_PLACEMENT_3D('',#5881,#3496,#3497);
#2994=AXIS2_PLACEMENT_3D('',#5882,#3498,#3499);
#2995=AXIS2_PLACEMENT_3D('',#5883,#3500,#3501);
#2996=AXIS2_PLACEMENT_3D('',#5884,#3502,#3503);
#2997=AXIS2_PLACEMENT_3D('',#5885,#3504,#3505);
#2998=AXIS2_PLACEMENT_3D('',#5886,#3506,#3507);
#2999=AXIS2_PLACEMENT_3D('',#5887,#3508,#3509);
#3000=AXIS2_PLACEMENT_3D('',#5888,#3510,#3511);
#3001=AXIS2_PLACEMENT_3D('',#5889,#3512,#3513);
#3002=AXIS2_PLACEMENT_3D('',#5890,#3514,#3515);
#3003=AXIS2_PLACEMENT_3D('',#5891,#3516,#3517);
#3004=AXIS2_PLACEMENT_3D('',#5892,#3518,#3519);
#3005=AXIS2_PLACEMENT_3D('',#5893,#3520,#3521);
#3006=AXIS2_PLACEMENT_3D('',#5894,#3522,#3523);
#3007=AXIS2_PLACEMENT_3D('',#5895,#3524,#3525);
#3008=AXIS2_PLACEMENT_3D('',#5896,#3526,#3527);
#3009=AXIS2_PLACEMENT_3D('',#5897,#3528,#3529);
#3010=AXIS2_PLACEMENT_3D('',#5898,#3530,#3531);
#3011=AXIS2_PLACEMENT_3D('',#5899,#3532,#3533);
#3012=AXIS2_PLACEMENT_3D('',#5900,#3534,#3535);
#3013=AXIS2_PLACEMENT_3D('',#5901,#3536,#3537);
#3014=AXIS2_PLACEMENT_3D('',#5902,#3538,#3539);
#3015=AXIS2_PLACEMENT_3D('',#5903,#3540,#3541);
#3016=AXIS2_PLACEMENT_3D('',#5904,#3542,#3543);
#3017=AXIS2_PLACEMENT_3D('',#5905,#3544,#3545);
#3018=AXIS2_PLACEMENT_3D('',#5906,#3546,#3547);
#3019=AXIS2_PLACEMENT_3D('',#5907,#3548,#3549);
#3020=AXIS2_PLACEMENT_3D('',#5908,#3550,#3551);
#3021=AXIS2_PLACEMENT_3D('',#5909,#3552,#3553);
#3022=AXIS2_PLACEMENT_3D('',#5910,#3554,#3555);
#3023=AXIS2_PLACEMENT_3D('',#5911,#3556,#3557);
#3024=AXIS2_PLACEMENT_3D('',#5912,#3558,#3559);
#3025=AXIS2_PLACEMENT_3D('',#5913,#3560,#3561);
#3026=AXIS2_PLACEMENT_3D('',#5914,#3562,#3563);
#3027=AXIS2_PLACEMENT_3D('',#5915,#3564,#3565);
#3028=AXIS2_PLACEMENT_3D('',#5916,#3566,#3567);
#3029=AXIS2_PLACEMENT_3D('',#5917,#3568,#3569);
#3030=AXIS2_PLACEMENT_3D('',#5918,#3570,#3571);
#3031=AXIS2_PLACEMENT_3D('',#5919,#3572,#3573);
#3032=AXIS2_PLACEMENT_3D('',#5920,#3574,#3575);
#3033=AXIS2_PLACEMENT_3D('',#5921,#3576,#3577);
#3034=AXIS2_PLACEMENT_3D('',#5922,#3578,#3579);
#3035=AXIS2_PLACEMENT_3D('',#5923,#3580,#3581);
#3036=AXIS2_PLACEMENT_3D('',#5924,#3582,#3583);
#3037=AXIS2_PLACEMENT_3D('',#5925,#3584,#3585);
#3038=AXIS2_PLACEMENT_3D('',#5926,#3586,#3587);
#3039=AXIS2_PLACEMENT_3D('',#5927,#3588,#3589);
#3040=AXIS2_PLACEMENT_3D('',#5928,#3590,#3591);
#3041=AXIS2_PLACEMENT_3D('',#5929,#3592,#3593);
#3042=AXIS2_PLACEMENT_3D('',#5930,#3594,#3595);
#3043=AXIS2_PLACEMENT_3D('',#5931,#3596,#3597);
#3044=AXIS2_PLACEMENT_3D('',#5932,#3598,#3599);
#3045=AXIS2_PLACEMENT_3D('',#5933,#3600,#3601);
#3046=AXIS2_PLACEMENT_3D('',#5934,#3602,#3603);
#3047=AXIS2_PLACEMENT_3D('',#5935,#3604,#3605);
#3048=AXIS2_PLACEMENT_3D('',#5936,#3606,#3607);
#3049=AXIS2_PLACEMENT_3D('',#5937,#3608,#3609);
#3050=AXIS2_PLACEMENT_3D('',#5938,#3610,#3611);
#3051=AXIS2_PLACEMENT_3D('',#5939,#3612,#3613);
#3052=AXIS2_PLACEMENT_3D('',#5940,#3614,#3615);
#3053=AXIS2_PLACEMENT_3D('',#5941,#3616,#3617);
#3054=AXIS2_PLACEMENT_3D('',#5942,#3618,#3619);
#3055=AXIS2_PLACEMENT_3D('',#5943,#3620,#3621);
#3056=AXIS2_PLACEMENT_3D('',#5944,#3622,#3623);
#3057=AXIS2_PLACEMENT_3D('',#5945,#3624,#3625);
#3058=AXIS2_PLACEMENT_3D('',#5946,#3626,#3627);
#3059=AXIS2_PLACEMENT_3D('',#5947,#3628,#3629);
#3060=AXIS2_PLACEMENT_3D('',#5948,#3630,#3631);
#3061=AXIS2_PLACEMENT_3D('',#5949,#3632,#3633);
#3062=AXIS2_PLACEMENT_3D('',#5950,#3634,#3635);
#3063=AXIS2_PLACEMENT_3D('',#5951,#3636,#3637);
#3064=AXIS2_PLACEMENT_3D('',#5952,#3638,#3639);
#3065=AXIS2_PLACEMENT_3D('',#5953,#3640,#3641);
#3066=AXIS2_PLACEMENT_3D('',#5954,#3642,#3643);
#3067=AXIS2_PLACEMENT_3D('',#5955,#3644,#3645);
#3068=AXIS2_PLACEMENT_3D('',#5956,#3646,#3647);
#3069=AXIS2_PLACEMENT_3D('',#5957,#3648,#3649);
#3070=AXIS2_PLACEMENT_3D('',#5958,#3650,#3651);
#3071=AXIS2_PLACEMENT_3D('',#5959,#3652,#3653);
#3072=AXIS2_PLACEMENT_3D('',#6005,#3654,#3655);
#3073=AXIS2_PLACEMENT_3D('',#6084,#3656,#3657);
#3074=AXIS2_PLACEMENT_3D('',#6085,#3658,#3659);
#3075=AXIS2_PLACEMENT_3D('',#6087,#3660,#3661);
#3076=AXIS2_PLACEMENT_3D('',#6089,#3662,#3663);
#3077=AXIS2_PLACEMENT_3D('',#6090,#3664,#3665);
#3078=AXIS2_PLACEMENT_3D('',#6093,#3667,#3668);
#3079=AXIS2_PLACEMENT_3D('',#6854,#3669,#3670);
#3080=AXIS2_PLACEMENT_3D('',#6904,#3671,#3672);
#3081=AXIS2_PLACEMENT_3D('',#7165,#3673,#3674);
#3082=AXIS2_PLACEMENT_3D('',#7166,#3675,#3676);
#3083=AXIS2_PLACEMENT_3D('',#7171,#3678,#3679);
#3084=AXIS2_PLACEMENT_3D('',#7191,#3680,#3681);
#3085=AXIS2_PLACEMENT_3D('',#7224,#3683,#3684);
#3086=AXIS2_PLACEMENT_3D('',#7259,#3685,#3686);
#3087=AXIS2_PLACEMENT_3D('',#7264,#3688,#3689);
#3088=AXIS2_PLACEMENT_3D('',#7537,#3690,#3691);
#3089=AXIS2_PLACEMENT_3D('',#7569,#3692,#3693);
#3090=AXIS2_PLACEMENT_3D('',#7989,#3694,#3695);
#3091=AXIS2_PLACEMENT_3D('',#7998,#3700,#3701);
#3092=AXIS2_PLACEMENT_3D('',#8004,#3705,#3706);
#3093=AXIS2_PLACEMENT_3D('',#8010,#3710,#3711);
#3094=AXIS2_PLACEMENT_3D('',#8016,#3715,#3716);
#3095=AXIS2_PLACEMENT_3D('',#8022,#3720,#3721);
#3096=AXIS2_PLACEMENT_3D('',#8028,#3725,#3726);
#3097=AXIS2_PLACEMENT_3D('',#8034,#3730,#3731);
#3098=AXIS2_PLACEMENT_3D('',#8040,#3735,#3736);
#3099=AXIS2_PLACEMENT_3D('',#8046,#3740,#3741);
#3100=AXIS2_PLACEMENT_3D('',#8052,#3745,#3746);
#3101=AXIS2_PLACEMENT_3D('',#8058,#3750,#3751);
#3102=AXIS2_PLACEMENT_3D('',#8061,#3754,#3755);
#3103=AXIS2_PLACEMENT_3D('',#8062,#3756,#3757);
#3104=AXIS2_PLACEMENT_3D('',#8063,#3758,#3759);
#3105=AXIS2_PLACEMENT_3D('',#8064,#3760,#3761);
#3106=AXIS2_PLACEMENT_3D('',#8073,#3766,#3767);
#3107=AXIS2_PLACEMENT_3D('',#8079,#3771,#3772);
#3108=AXIS2_PLACEMENT_3D('',#8088,#3777,#3778);
#3109=AXIS2_PLACEMENT_3D('',#8104,#3779,#3780);
#3110=AXIS2_PLACEMENT_3D('',#8119,#3781,#3782);
#3111=AXIS2_PLACEMENT_3D('',#8134,#3783,#3784);
#3112=AXIS2_PLACEMENT_3D('',#8136,#3785,#3786);
#3113=AXIS2_PLACEMENT_3D('',#8137,#3787,#3788);
#3114=AXIS2_PLACEMENT_3D('',#8139,#3789,#3790);
#3115=AXIS2_PLACEMENT_3D('',#8154,#3791,#3792);
#3116=AXIS2_PLACEMENT_3D('',#8169,#3793,#3794);
#3117=AXIS2_PLACEMENT_3D('',#8184,#3795,#3796);
#3118=AXIS2_PLACEMENT_3D('',#8199,#3797,#3798);
#3119=AXIS2_PLACEMENT_3D('',#8213,#3799,#3800);
#3120=AXIS2_PLACEMENT_3D('',#8214,#3801,#3802);
#3121=AXIS2_PLACEMENT_3D('',#8216,#3803,#3804);
#3122=AXIS2_PLACEMENT_3D('',#8218,#3805,#3806);
#3123=AXIS2_PLACEMENT_3D('',#8219,#3807,#3808);
#3124=AXIS2_PLACEMENT_3D('',#8220,#3809,#3810);
#3125=AXIS2_PLACEMENT_3D('',#8222,#3811,#3812);
#3126=AXIS2_PLACEMENT_3D('',#8224,#3813,#3814);
#3127=AXIS2_PLACEMENT_3D('',#8225,#3815,#3816);
#3128=AXIS2_PLACEMENT_3D('',#8226,#3817,#3818);
#3129=AXIS2_PLACEMENT_3D('',#8228,#3819,#3820);
#3130=AXIS2_PLACEMENT_3D('',#8230,#3821,#3822);
#3131=AXIS2_PLACEMENT_3D('',#8231,#3823,#3824);
#3132=AXIS2_PLACEMENT_3D('',#8232,#3825,#3826);
#3133=AXIS2_PLACEMENT_3D('',#8234,#3827,#3828);
#3134=AXIS2_PLACEMENT_3D('',#8236,#3829,#3830);
#3135=AXIS2_PLACEMENT_3D('',#8237,#3831,#3832);
#3136=AXIS2_PLACEMENT_3D('',#8238,#3833,#3834);
#3137=AXIS2_PLACEMENT_3D('',#8241,#3837,#3838);
#3138=AXIS2_PLACEMENT_3D('',#8249,#3843,#3844);
#3139=AXIS2_PLACEMENT_3D('',#8253,#3846,#3847);
#3140=AXIS2_PLACEMENT_3D('',#8255,#3848,#3849);
#3141=AXIS2_PLACEMENT_3D('',#8257,#3851,#3852);
#3142=AXIS2_PLACEMENT_3D('',#8261,#3854,#3855);
#3143=AXIS2_PLACEMENT_3D('',#8263,#3856,#3857);
#3144=AXIS2_PLACEMENT_3D('',#8265,#3859,#3860);
#3145=AXIS2_PLACEMENT_3D('',#8273,#3865,#3866);
#3146=AXIS2_PLACEMENT_3D('',#8277,#3868,#3869);
#3147=AXIS2_PLACEMENT_3D('',#8279,#3870,#3871);
#3148=AXIS2_PLACEMENT_3D('',#8281,#3873,#3874);
#3149=AXIS2_PLACEMENT_3D('',#8285,#3876,#3877);
#3150=AXIS2_PLACEMENT_3D('',#8286,#3878,#3879);
#3151=AXIS2_PLACEMENT_3D('',#8287,#3880,#3881);
#3152=AXIS2_PLACEMENT_3D('',#8290,#3883,#3884);
#3153=AXIS2_PLACEMENT_3D('',#8291,#3885,#3886);
#3154=AXIS2_PLACEMENT_3D('',#8293,#3888,#3889);
#3155=AXIS2_PLACEMENT_3D('',#8295,#3891,#3892);
#3156=AXIS2_PLACEMENT_3D('',#8297,#3894,#3895);
#3157=AXIS2_PLACEMENT_3D('',#8301,#3897,#3898);
#3158=AXIS2_PLACEMENT_3D('',#8303,#3899,#3900);
#3159=AXIS2_PLACEMENT_3D('',#8305,#3902,#3903);
#3160=AXIS2_PLACEMENT_3D('',#8308,#3905,#3906);
#3161=AXIS2_PLACEMENT_3D('',#8309,#3907,#3908);
#3162=AXIS2_PLACEMENT_3D('',#8312,#3910,#3911);
#3163=AXIS2_PLACEMENT_3D('',#8313,#3912,#3913);
#3164=AXIS2_PLACEMENT_3D('',#8317,#3915,#3916);
#3165=AXIS2_PLACEMENT_3D('',#8318,#3917,#3918);
#3166=AXIS2_PLACEMENT_3D('',#8319,#3919,#3920);
#3167=AXIS2_PLACEMENT_3D('',#8323,#3922,#3923);
#3168=AXIS2_PLACEMENT_3D('',#8324,#3924,#3925);
#3169=AXIS2_PLACEMENT_3D('',#8325,#3926,#3927);
#3170=AXIS2_PLACEMENT_3D('',#8329,#3929,#3930);
#3171=AXIS2_PLACEMENT_3D('',#8330,#3931,#3932);
#3172=AXIS2_PLACEMENT_3D('',#8331,#3933,#3934);
#3173=AXIS2_PLACEMENT_3D('',#8335,#3936,#3937);
#3174=AXIS2_PLACEMENT_3D('',#8336,#3938,#3939);
#3175=AXIS2_PLACEMENT_3D('',#8337,#3940,#3941);
#3176=AXIS2_PLACEMENT_3D('',#8338,#3942,#3943);
#3177=AXIS2_PLACEMENT_3D('',#8339,#3944,#3945);
#3178=AXIS2_PLACEMENT_3D('',#8340,#3946,#3947);
#3179=AXIS2_PLACEMENT_3D('',#8341,#3948,#3949);
#3180=AXIS2_PLACEMENT_3D('',#8342,#3950,#3951);
#3181=AXIS2_PLACEMENT_3D('',#8343,#3952,#3953);
#3182=AXIS2_PLACEMENT_3D('',#8344,#3954,#3955);
#3183=AXIS2_PLACEMENT_3D('',#8345,#3956,#3957);
#3184=AXIS2_PLACEMENT_3D('',#8346,#3958,#3959);
#3185=AXIS2_PLACEMENT_3D('',#8347,#3960,#3961);
#3186=AXIS2_PLACEMENT_3D('',#8348,#3962,#3963);
#3187=AXIS2_PLACEMENT_3D('',#8349,#3964,#3965);
#3188=AXIS2_PLACEMENT_3D('',#8350,#3966,#3967);
#3189=AXIS2_PLACEMENT_3D('',#8351,#3968,#3969);
#3190=AXIS2_PLACEMENT_3D('',#8352,#3970,#3971);
#3191=AXIS2_PLACEMENT_3D('',#8354,#3972,#3973);
#3192=AXIS2_PLACEMENT_3D('',#8355,#3974,#3975);
#3193=AXIS2_PLACEMENT_3D('',#8356,#3976,#3977);
#3194=AXIS2_PLACEMENT_3D('',#8357,#3978,#3979);
#3195=AXIS2_PLACEMENT_3D('',#8358,#3980,#3981);
#3196=AXIS2_PLACEMENT_3D('',#8359,#3982,#3983);
#3197=DIRECTION('axis',(0.,0.,1.));
#3198=DIRECTION('refdir',(1.,0.,0.));
#3199=DIRECTION('axis',(0.,0.,1.));
#3200=DIRECTION('refdir',(1.,0.,0.));
#3201=DIRECTION('center_axis',(0.,0.,-1.));
#3202=DIRECTION('ref_axis',(-0.480530506629105,0.876978011240177,0.));
#3203=DIRECTION('',(0.,0.,1.));
#3204=DIRECTION('center_axis',(0.,0.,1.));
#3205=DIRECTION('ref_axis',(-1.,0.,0.));
#3206=DIRECTION('center_axis',(0.,0.,-1.));
#3207=DIRECTION('ref_axis',(-1.,0.,0.));
#3208=DIRECTION('',(0.,0.,1.));
#3209=DIRECTION('center_axis',(0.,0.,-1.));
#3210=DIRECTION('ref_axis',(-1.,0.,0.));
#3211=DIRECTION('',(0.,0.,1.));
#3212=DIRECTION('center_axis',(0.,0.,-1.));
#3213=DIRECTION('ref_axis',(-1.,0.,0.));
#3214=DIRECTION('',(0.,0.,1.));
#3215=DIRECTION('center_axis',(0.,0.,-1.));
#3216=DIRECTION('ref_axis',(-1.,0.,0.));
#3217=DIRECTION('',(0.,0.,1.));
#3218=DIRECTION('center_axis',(0.,0.,-1.));
#3219=DIRECTION('ref_axis',(-1.,0.,0.));
#3220=DIRECTION('center_axis',(0.,0.,1.));
#3221=DIRECTION('ref_axis',(-0.965925826289068,0.258819045102521,0.));
#3222=DIRECTION('',(0.,0.,1.));
#3223=DIRECTION('',(0.,0.,-1.));
#3224=DIRECTION('center_axis',(0.,0.,1.));
#3225=DIRECTION('ref_axis',(-0.258819045102521,0.965925826289068,0.));
#3226=DIRECTION('',(0.,0.,1.));
#3227=DIRECTION('',(0.,0.,-1.));
#3228=DIRECTION('center_axis',(0.,0.,1.));
#3229=DIRECTION('ref_axis',(0.707106781186548,0.707106781186548,0.));
#3230=DIRECTION('',(0.,0.,1.));
#3231=DIRECTION('',(0.,0.,-1.));
#3232=DIRECTION('center_axis',(0.,0.,1.));
#3233=DIRECTION('ref_axis',(0.965925826289068,-0.258819045102521,0.));
#3234=DIRECTION('',(0.,0.,1.));
#3235=DIRECTION('',(0.,0.,-1.));
#3236=DIRECTION('center_axis',(0.,0.,1.));
#3237=DIRECTION('ref_axis',(0.258819045102521,-0.965925826289068,0.));
#3238=DIRECTION('',(0.,0.,1.));
#3239=DIRECTION('',(0.,0.,-1.));
#3240=DIRECTION('center_axis',(0.,0.,1.));
#3241=DIRECTION('ref_axis',(-0.707106781186547,-0.707106781186548,0.));
#3242=DIRECTION('',(0.,0.,1.));
#3243=DIRECTION('',(0.,0.,-1.));
#3244=DIRECTION('center_axis',(0.,0.,1.));
#3245=DIRECTION('ref_axis',(-0.5,-0.866025403784439,0.));
#3246=DIRECTION('',(0.,0.,1.));
#3247=DIRECTION('',(0.,0.,-1.));
#3248=DIRECTION('center_axis',(0.,0.,1.));
#3249=DIRECTION('ref_axis',(0.5,-0.866025403784438,0.));
#3250=DIRECTION('',(0.,0.,1.));
#3251=DIRECTION('',(0.,0.,-1.));
#3252=DIRECTION('center_axis',(0.,0.,1.));
#3253=DIRECTION('ref_axis',(1.,0.,0.));
#3254=DIRECTION('',(0.,0.,1.));
#3255=DIRECTION('',(0.,0.,-1.));
#3256=DIRECTION('center_axis',(0.,0.,1.));
#3257=DIRECTION('ref_axis',(0.5,0.866025403784438,0.));
#3258=DIRECTION('',(0.,0.,1.));
#3259=DIRECTION('',(0.,0.,-1.));
#3260=DIRECTION('center_axis',(0.,0.,1.));
#3261=DIRECTION('ref_axis',(-0.5,0.866025403784439,0.));
#3262=DIRECTION('',(0.,0.,1.));
#3263=DIRECTION('',(0.,0.,-1.));
#3264=DIRECTION('center_axis',(0.,0.,1.));
#3265=DIRECTION('ref_axis',(-1.,0.,0.));
#3266=DIRECTION('',(0.,0.,1.));
#3267=DIRECTION('',(0.,0.,-1.));
#3268=DIRECTION('center_axis',(0.,0.,1.));
#3269=DIRECTION('ref_axis',(-0.866025403784439,0.5,0.));
#3270=DIRECTION('',(0.,0.,1.));
#3271=DIRECTION('',(0.,0.,-1.));
#3272=DIRECTION('center_axis',(0.,0.,1.));
#3273=DIRECTION('ref_axis',(0.,1.,0.));
#3274=DIRECTION('',(0.,0.,1.));
#3275=DIRECTION('',(0.,0.,-1.));
#3276=DIRECTION('center_axis',(0.,0.,1.));
#3277=DIRECTION('ref_axis',(0.866025403784437,0.500000000000002,0.));
#3278=DIRECTION('',(0.,0.,1.));
#3279=DIRECTION('',(0.,0.,-1.));
#3280=DIRECTION('center_axis',(0.,0.,1.));
#3281=DIRECTION('ref_axis',(0.86602540378444,-0.499999999999998,0.));
#3282=DIRECTION('',(0.,0.,1.));
#3283=DIRECTION('',(0.,0.,-1.));
#3284=DIRECTION('center_axis',(0.,0.,1.));
#3285=DIRECTION('ref_axis',(0.,-1.,0.));
#3286=DIRECTION('',(0.,0.,1.));
#3287=DIRECTION('',(0.,0.,-1.));
#3288=DIRECTION('center_axis',(0.,0.,1.));
#3289=DIRECTION('ref_axis',(-0.866025403784438,-0.5,0.));
#3290=DIRECTION('',(0.,0.,1.));
#3291=DIRECTION('',(0.,0.,-1.));
#3292=DIRECTION('center_axis',(0.,0.,1.));
#3293=DIRECTION('ref_axis',(-0.258819045102521,-0.965925826289068,0.));
#3294=DIRECTION('',(0.,0.,1.));
#3295=DIRECTION('',(0.,0.,-1.));
#3296=DIRECTION('center_axis',(0.,0.,1.));
#3297=DIRECTION('ref_axis',(0.707106781186548,-0.707106781186548,0.));
#3298=DIRECTION('',(0.,0.,1.));
#3299=DIRECTION('',(0.,0.,-1.));
#3300=DIRECTION('center_axis',(0.,0.,1.));
#3301=DIRECTION('ref_axis',(0.965925826289068,0.258819045102521,0.));
#3302=DIRECTION('',(0.,0.,1.));
#3303=DIRECTION('',(0.,0.,-1.));
#3304=DIRECTION('center_axis',(0.,0.,1.));
#3305=DIRECTION('ref_axis',(0.258819045102521,0.965925826289068,0.));
#3306=DIRECTION('',(0.,0.,1.));
#3307=DIRECTION('',(0.,0.,-1.));
#3308=DIRECTION('center_axis',(0.,0.,1.));
#3309=DIRECTION('ref_axis',(-0.707106781186547,0.707106781186548,0.));
#3310=DIRECTION('',(0.,0.,1.));
#3311=DIRECTION('',(0.,0.,-1.));
#3312=DIRECTION('center_axis',(0.,0.,1.));
#3313=DIRECTION('ref_axis',(-0.965925826289068,-0.258819045102522,0.));
#3314=DIRECTION('',(0.,0.,1.));
#3315=DIRECTION('',(0.,0.,-1.));
#3316=DIRECTION('center_axis',(0.,0.,1.));
#3317=DIRECTION('ref_axis',(-1.,0.,0.));
#3318=DIRECTION('center_axis',(0.,0.,-1.));
#3319=DIRECTION('ref_axis',(-1.,0.,0.));
#3320=DIRECTION('center_axis',(0.,0.,1.));
#3321=DIRECTION('ref_axis',(-1.,0.,0.));
#3322=DIRECTION('center_axis',(0.,0.,1.));
#3323=DIRECTION('ref_axis',(-1.,0.,0.));
#3324=DIRECTION('center_axis',(0.,0.,-1.));
#3325=DIRECTION('ref_axis',(-1.,0.,0.));
#3326=DIRECTION('center_axis',(0.,0.,1.));
#3327=DIRECTION('ref_axis',(-1.,0.,0.));
#3328=DIRECTION('center_axis',(0.,0.,1.));
#3329=DIRECTION('ref_axis',(-1.,0.,0.));
#3330=DIRECTION('center_axis',(0.,0.,-1.));
#3331=DIRECTION('ref_axis',(-1.,0.,0.));
#3332=DIRECTION('center_axis',(0.,0.,1.));
#3333=DIRECTION('ref_axis',(-1.,0.,0.));
#3334=DIRECTION('center_axis',(0.,0.,1.));
#3335=DIRECTION('ref_axis',(-1.,0.,0.));
#3336=DIRECTION('center_axis',(0.,0.,-1.));
#3337=DIRECTION('ref_axis',(-1.,0.,0.));
#3338=DIRECTION('center_axis',(0.,0.,1.));
#3339=DIRECTION('ref_axis',(-1.,0.,0.));
#3340=DIRECTION('center_axis',(0.,0.,1.));
#3341=DIRECTION('ref_axis',(-1.,0.,0.));
#3342=DIRECTION('center_axis',(0.,0.,-1.));
#3343=DIRECTION('ref_axis',(-1.,0.,0.));
#3344=DIRECTION('center_axis',(0.,0.,1.));
#3345=DIRECTION('ref_axis',(-1.,0.,0.));
#3346=DIRECTION('center_axis',(0.,0.,1.));
#3347=DIRECTION('ref_axis',(-1.,0.,0.));
#3348=DIRECTION('center_axis',(0.,0.,-1.));
#3349=DIRECTION('ref_axis',(-1.,0.,0.));
#3350=DIRECTION('center_axis',(0.,0.,1.));
#3351=DIRECTION('ref_axis',(-1.,0.,0.));
#3352=DIRECTION('center_axis',(0.,0.,1.));
#3353=DIRECTION('ref_axis',(-1.,0.,0.));
#3354=DIRECTION('center_axis',(0.,0.,1.));
#3355=DIRECTION('ref_axis',(-1.,0.,0.));
#3356=DIRECTION('center_axis',(0.,0.,-1.));
#3357=DIRECTION('ref_axis',(-1.,0.,0.));
#3358=DIRECTION('center_axis',(0.,0.,1.));
#3359=DIRECTION('ref_axis',(-1.,0.,0.));
#3360=DIRECTION('center_axis',(0.,0.,1.));
#3361=DIRECTION('ref_axis',(-1.,0.,0.));
#3362=DIRECTION('center_axis',(0.,0.,-1.));
#3363=DIRECTION('ref_axis',(-1.,0.,0.));
#3364=DIRECTION('center_axis',(0.,0.,1.));
#3365=DIRECTION('ref_axis',(-1.,0.,0.));
#3366=DIRECTION('center_axis',(0.,0.,1.));
#3367=DIRECTION('ref_axis',(-1.,0.,0.));
#3368=DIRECTION('center_axis',(0.,0.,-1.));
#3369=DIRECTION('ref_axis',(-1.,0.,0.));
#3370=DIRECTION('center_axis',(0.,0.,1.));
#3371=DIRECTION('ref_axis',(-1.,0.,0.));
#3372=DIRECTION('center_axis',(0.,0.,1.));
#3373=DIRECTION('ref_axis',(-1.,0.,0.));
#3374=DIRECTION('center_axis',(0.,0.,-1.));
#3375=DIRECTION('ref_axis',(-1.,0.,0.));
#3376=DIRECTION('center_axis',(0.,0.,1.));
#3377=DIRECTION('ref_axis',(-1.,0.,0.));
#3378=DIRECTION('center_axis',(0.,0.,1.));
#3379=DIRECTION('ref_axis',(-1.,0.,0.));
#3380=DIRECTION('center_axis',(0.,0.,-1.));
#3381=DIRECTION('ref_axis',(-1.,0.,0.));
#3382=DIRECTION('center_axis',(0.,0.,1.));
#3383=DIRECTION('ref_axis',(-1.,0.,0.));
#3384=DIRECTION('center_axis',(0.,0.,1.));
#3385=DIRECTION('ref_axis',(-1.,0.,0.));
#3386=DIRECTION('center_axis',(0.,0.,-1.));
#3387=DIRECTION('ref_axis',(-1.,0.,0.));
#3388=DIRECTION('center_axis',(0.,0.,1.));
#3389=DIRECTION('ref_axis',(-1.,0.,0.));
#3390=DIRECTION('center_axis',(0.,0.,-1.));
#3391=DIRECTION('ref_axis',(-1.,0.,0.));
#3392=DIRECTION('center_axis',(0.,0.,1.));
#3393=DIRECTION('ref_axis',(-1.,0.,0.));
#3394=DIRECTION('center_axis',(0.,0.,1.));
#3395=DIRECTION('ref_axis',(-1.,0.,0.));
#3396=DIRECTION('center_axis',(0.,0.,1.));
#3397=DIRECTION('ref_axis',(-1.,0.,0.));
#3398=DIRECTION('center_axis',(0.,0.,-1.));
#3399=DIRECTION('ref_axis',(-1.,0.,0.));
#3400=DIRECTION('center_axis',(0.,0.,1.));
#3401=DIRECTION('ref_axis',(-1.,0.,0.));
#3402=DIRECTION('center_axis',(0.,0.,-1.));
#3403=DIRECTION('ref_axis',(-1.,0.,0.));
#3404=DIRECTION('center_axis',(0.,0.,1.));
#3405=DIRECTION('ref_axis',(-1.,0.,0.));
#3406=DIRECTION('center_axis',(0.,0.,1.));
#3407=DIRECTION('ref_axis',(-1.,0.,0.));
#3408=DIRECTION('center_axis',(0.,0.,1.));
#3409=DIRECTION('ref_axis',(-1.,0.,0.));
#3410=DIRECTION('center_axis',(0.,0.,-1.));
#3411=DIRECTION('ref_axis',(-1.,0.,0.));
#3412=DIRECTION('center_axis',(0.,0.,1.));
#3413=DIRECTION('ref_axis',(-1.,0.,0.));
#3414=DIRECTION('center_axis',(0.,0.,-1.));
#3415=DIRECTION('ref_axis',(-1.,0.,0.));
#3416=DIRECTION('center_axis',(0.,0.,1.));
#3417=DIRECTION('ref_axis',(-1.,0.,0.));
#3418=DIRECTION('center_axis',(0.,0.,1.));
#3419=DIRECTION('ref_axis',(-1.,0.,0.));
#3420=DIRECTION('center_axis',(0.,0.,1.));
#3421=DIRECTION('ref_axis',(-1.,0.,0.));
#3422=DIRECTION('center_axis',(0.,0.,-1.));
#3423=DIRECTION('ref_axis',(-1.,0.,0.));
#3424=DIRECTION('center_axis',(0.,0.,1.));
#3425=DIRECTION('ref_axis',(-1.,0.,0.));
#3426=DIRECTION('center_axis',(0.,0.,-1.));
#3427=DIRECTION('ref_axis',(-1.,0.,0.));
#3428=DIRECTION('center_axis',(0.,0.,1.));
#3429=DIRECTION('ref_axis',(-1.,0.,0.));
#3430=DIRECTION('center_axis',(0.,0.,1.));
#3431=DIRECTION('ref_axis',(-1.,0.,0.));
#3432=DIRECTION('center_axis',(0.,0.,1.));
#3433=DIRECTION('ref_axis',(-1.,0.,0.));
#3434=DIRECTION('center_axis',(0.,0.,-1.));
#3435=DIRECTION('ref_axis',(-1.,0.,0.));
#3436=DIRECTION('center_axis',(0.,0.,1.));
#3437=DIRECTION('ref_axis',(-1.,0.,0.));
#3438=DIRECTION('center_axis',(0.,0.,-1.));
#3439=DIRECTION('ref_axis',(-1.,0.,0.));
#3440=DIRECTION('center_axis',(0.,0.,1.));
#3441=DIRECTION('ref_axis',(-1.,0.,0.));
#3442=DIRECTION('center_axis',(0.,0.,1.));
#3443=DIRECTION('ref_axis',(-1.,0.,0.));
#3444=DIRECTION('center_axis',(0.,0.,1.));
#3445=DIRECTION('ref_axis',(-1.,0.,0.));
#3446=DIRECTION('center_axis',(0.,0.,-1.));
#3447=DIRECTION('ref_axis',(-1.,0.,0.));
#3448=DIRECTION('center_axis',(0.,0.,1.));
#3449=DIRECTION('ref_axis',(-1.,0.,0.));
#3450=DIRECTION('center_axis',(0.,0.,-1.));
#3451=DIRECTION('ref_axis',(-1.,0.,0.));
#3452=DIRECTION('center_axis',(0.,0.,1.));
#3453=DIRECTION('ref_axis',(-1.,0.,0.));
#3454=DIRECTION('center_axis',(0.,0.,1.));
#3455=DIRECTION('ref_axis',(-1.,0.,0.));
#3456=DIRECTION('center_axis',(0.,0.,1.));
#3457=DIRECTION('ref_axis',(-1.,0.,0.));
#3458=DIRECTION('center_axis',(0.,0.,-1.));
#3459=DIRECTION('ref_axis',(-1.,0.,0.));
#3460=DIRECTION('center_axis',(0.,0.,-1.));
#3461=DIRECTION('ref_axis',(-1.,0.,0.));
#3462=DIRECTION('center_axis',(0.,0.,-1.));
#3463=DIRECTION('ref_axis',(-1.,0.,0.));
#3464=DIRECTION('center_axis',(0.,0.,1.));
#3465=DIRECTION('ref_axis',(-1.,0.,0.));
#3466=DIRECTION('center_axis',(0.,0.,-1.));
#3467=DIRECTION('ref_axis',(-1.,0.,0.));
#3468=DIRECTION('center_axis',(0.,0.,-1.));
#3469=DIRECTION('ref_axis',(-1.,0.,0.));
#3470=DIRECTION('center_axis',(0.,0.,1.));
#3471=DIRECTION('ref_axis',(-1.,0.,0.));
#3472=DIRECTION('center_axis',(0.,0.,-1.));
#3473=DIRECTION('ref_axis',(-1.,0.,0.));
#3474=DIRECTION('center_axis',(0.,0.,-1.));
#3475=DIRECTION('ref_axis',(-1.,0.,0.));
#3476=DIRECTION('center_axis',(0.,0.,1.));
#3477=DIRECTION('ref_axis',(-1.,0.,0.));
#3478=DIRECTION('center_axis',(0.,0.,-1.));
#3479=DIRECTION('ref_axis',(-1.,0.,0.));
#3480=DIRECTION('center_axis',(0.,0.,-1.));
#3481=DIRECTION('ref_axis',(-1.,0.,0.));
#3482=DIRECTION('center_axis',(0.,0.,1.));
#3483=DIRECTION('ref_axis',(-1.,0.,0.));
#3484=DIRECTION('center_axis',(0.,0.,-1.));
#3485=DIRECTION('ref_axis',(-1.,0.,0.));
#3486=DIRECTION('center_axis',(0.,0.,-1.));
#3487=DIRECTION('ref_axis',(-1.,0.,0.));
#3488=DIRECTION('center_axis',(0.,0.,1.));
#3489=DIRECTION('ref_axis',(-1.,0.,0.));
#3490=DIRECTION('center_axis',(0.,0.,-1.));
#3491=DIRECTION('ref_axis',(-1.,0.,0.));
#3492=DIRECTION('center_axis',(0.,0.,-1.));
#3493=DIRECTION('ref_axis',(-1.,0.,0.));
#3494=DIRECTION('center_axis',(0.,0.,1.));
#3495=DIRECTION('ref_axis',(-1.,0.,0.));
#3496=DIRECTION('center_axis',(0.,0.,-1.));
#3497=DIRECTION('ref_axis',(-1.,0.,0.));
#3498=DIRECTION('center_axis',(0.,0.,-1.));
#3499=DIRECTION('ref_axis',(-1.,0.,0.));
#3500=DIRECTION('center_axis',(0.,0.,1.));
#3501=DIRECTION('ref_axis',(-1.,0.,0.));
#3502=DIRECTION('center_axis',(0.,0.,-1.));
#3503=DIRECTION('ref_axis',(-1.,0.,0.));
#3504=DIRECTION('center_axis',(0.,0.,-1.));
#3505=DIRECTION('ref_axis',(-1.,0.,0.));
#3506=DIRECTION('center_axis',(0.,0.,1.));
#3507=DIRECTION('ref_axis',(-1.,0.,0.));
#3508=DIRECTION('center_axis',(0.,0.,-1.));
#3509=DIRECTION('ref_axis',(-1.,0.,0.));
#3510=DIRECTION('center_axis',(0.,0.,-1.));
#3511=DIRECTION('ref_axis',(-1.,0.,0.));
#3512=DIRECTION('center_axis',(0.,0.,1.));
#3513=DIRECTION('ref_axis',(-1.,0.,0.));
#3514=DIRECTION('center_axis',(0.,0.,-1.));
#3515=DIRECTION('ref_axis',(-1.,0.,0.));
#3516=DIRECTION('center_axis',(0.,0.,-1.));
#3517=DIRECTION('ref_axis',(-1.,0.,0.));
#3518=DIRECTION('center_axis',(0.,0.,1.));
#3519=DIRECTION('ref_axis',(-1.,0.,0.));
#3520=DIRECTION('center_axis',(0.,0.,-1.));
#3521=DIRECTION('ref_axis',(-1.,0.,0.));
#3522=DIRECTION('center_axis',(0.,0.,-1.));
#3523=DIRECTION('ref_axis',(-1.,0.,0.));
#3524=DIRECTION('center_axis',(0.,0.,1.));
#3525=DIRECTION('ref_axis',(-1.,0.,0.));
#3526=DIRECTION('center_axis',(0.,0.,-1.));
#3527=DIRECTION('ref_axis',(-1.,0.,0.));
#3528=DIRECTION('center_axis',(0.,0.,-1.));
#3529=DIRECTION('ref_axis',(-1.,0.,0.));
#3530=DIRECTION('center_axis',(0.,0.,1.));
#3531=DIRECTION('ref_axis',(-1.,0.,0.));
#3532=DIRECTION('center_axis',(0.,0.,-1.));
#3533=DIRECTION('ref_axis',(-1.,0.,0.));
#3534=DIRECTION('center_axis',(0.,0.,1.));
#3535=DIRECTION('ref_axis',(-1.,0.,0.));
#3536=DIRECTION('center_axis',(0.,0.,-1.));
#3537=DIRECTION('ref_axis',(-1.,0.,0.));
#3538=DIRECTION('center_axis',(0.,0.,-1.));
#3539=DIRECTION('ref_axis',(-1.,0.,0.));
#3540=DIRECTION('center_axis',(0.,0.,1.));
#3541=DIRECTION('ref_axis',(-1.,0.,0.));
#3542=DIRECTION('center_axis',(0.,0.,-1.));
#3543=DIRECTION('ref_axis',(-1.,0.,0.));
#3544=DIRECTION('center_axis',(0.,0.,-1.));
#3545=DIRECTION('ref_axis',(-1.,0.,0.));
#3546=DIRECTION('center_axis',(0.,0.,1.));
#3547=DIRECTION('ref_axis',(-1.,0.,0.));
#3548=DIRECTION('center_axis',(0.,0.,-1.));
#3549=DIRECTION('ref_axis',(-1.,0.,0.));
#3550=DIRECTION('center_axis',(0.,0.,-1.));
#3551=DIRECTION('ref_axis',(-1.,0.,0.));
#3552=DIRECTION('center_axis',(0.,0.,1.));
#3553=DIRECTION('ref_axis',(-1.,0.,0.));
#3554=DIRECTION('center_axis',(0.,0.,-1.));
#3555=DIRECTION('ref_axis',(-1.,0.,0.));
#3556=DIRECTION('center_axis',(0.,0.,-1.));
#3557=DIRECTION('ref_axis',(-1.,0.,0.));
#3558=DIRECTION('center_axis',(0.,0.,1.));
#3559=DIRECTION('ref_axis',(-1.,0.,0.));
#3560=DIRECTION('center_axis',(0.,0.,-1.));
#3561=DIRECTION('ref_axis',(-1.,0.,0.));
#3562=DIRECTION('center_axis',(0.,0.,-1.));
#3563=DIRECTION('ref_axis',(-1.,0.,0.));
#3564=DIRECTION('center_axis',(0.,0.,1.));
#3565=DIRECTION('ref_axis',(-1.,0.,0.));
#3566=DIRECTION('center_axis',(0.,0.,-1.));
#3567=DIRECTION('ref_axis',(-1.,0.,0.));
#3568=DIRECTION('center_axis',(0.,0.,-1.));
#3569=DIRECTION('ref_axis',(-1.,0.,0.));
#3570=DIRECTION('center_axis',(0.,0.,1.));
#3571=DIRECTION('ref_axis',(-1.,0.,0.));
#3572=DIRECTION('center_axis',(0.,0.,-1.));
#3573=DIRECTION('ref_axis',(-1.,0.,0.));
#3574=DIRECTION('center_axis',(0.,0.,-1.));
#3575=DIRECTION('ref_axis',(-1.,0.,0.));
#3576=DIRECTION('center_axis',(0.,0.,1.));
#3577=DIRECTION('ref_axis',(-1.,0.,0.));
#3578=DIRECTION('center_axis',(0.,0.,-1.));
#3579=DIRECTION('ref_axis',(-1.,0.,0.));
#3580=DIRECTION('center_axis',(0.,0.,-1.));
#3581=DIRECTION('ref_axis',(-1.,0.,0.));
#3582=DIRECTION('center_axis',(0.,0.,1.));
#3583=DIRECTION('ref_axis',(-1.,0.,0.));
#3584=DIRECTION('center_axis',(0.,0.,-1.));
#3585=DIRECTION('ref_axis',(-1.,0.,0.));
#3586=DIRECTION('center_axis',(0.,0.,-1.));
#3587=DIRECTION('ref_axis',(-1.,0.,0.));
#3588=DIRECTION('center_axis',(0.,0.,1.));
#3589=DIRECTION('ref_axis',(-1.,0.,0.));
#3590=DIRECTION('center_axis',(0.,0.,-1.));
#3591=DIRECTION('ref_axis',(-1.,0.,0.));
#3592=DIRECTION('center_axis',(0.,0.,-1.));
#3593=DIRECTION('ref_axis',(-1.,0.,0.));
#3594=DIRECTION('center_axis',(0.,0.,1.));
#3595=DIRECTION('ref_axis',(-1.,0.,0.));
#3596=DIRECTION('center_axis',(0.,0.,-1.));
#3597=DIRECTION('ref_axis',(-1.,0.,0.));
#3598=DIRECTION('center_axis',(0.,0.,-1.));
#3599=DIRECTION('ref_axis',(-1.,0.,0.));
#3600=DIRECTION('center_axis',(0.,0.,-1.));
#3601=DIRECTION('ref_axis',(-1.,0.,0.));
#3602=DIRECTION('center_axis',(0.,0.,-1.));
#3603=DIRECTION('ref_axis',(-1.,0.,0.));
#3604=DIRECTION('center_axis',(0.,0.,-1.));
#3605=DIRECTION('ref_axis',(-1.,0.,0.));
#3606=DIRECTION('center_axis',(0.,0.,-1.));
#3607=DIRECTION('ref_axis',(-1.,0.,0.));
#3608=DIRECTION('center_axis',(0.,0.,-1.));
#3609=DIRECTION('ref_axis',(-1.,0.,0.));
#3610=DIRECTION('center_axis',(0.,0.,-1.));
#3611=DIRECTION('ref_axis',(-1.,0.,0.));
#3612=DIRECTION('center_axis',(0.,0.,-1.));
#3613=DIRECTION('ref_axis',(-1.,0.,0.));
#3614=DIRECTION('center_axis',(0.,0.,-1.));
#3615=DIRECTION('ref_axis',(-1.,0.,0.));
#3616=DIRECTION('center_axis',(0.,0.,-1.));
#3617=DIRECTION('ref_axis',(-1.,0.,0.));
#3618=DIRECTION('center_axis',(0.,0.,-1.));
#3619=DIRECTION('ref_axis',(-1.,0.,0.));
#3620=DIRECTION('center_axis',(0.,0.,-1.));
#3621=DIRECTION('ref_axis',(-1.,0.,0.));
#3622=DIRECTION('center_axis',(0.,0.,-1.));
#3623=DIRECTION('ref_axis',(-1.,0.,0.));
#3624=DIRECTION('center_axis',(0.,0.,-1.));
#3625=DIRECTION('ref_axis',(-1.,0.,0.));
#3626=DIRECTION('center_axis',(0.,0.,-1.));
#3627=DIRECTION('ref_axis',(-1.,0.,0.));
#3628=DIRECTION('center_axis',(0.,0.,-1.));
#3629=DIRECTION('ref_axis',(-1.,0.,0.));
#3630=DIRECTION('center_axis',(0.,0.,-1.));
#3631=DIRECTION('ref_axis',(-1.,0.,0.));
#3632=DIRECTION('center_axis',(0.,0.,-1.));
#3633=DIRECTION('ref_axis',(-1.,0.,0.));
#3634=DIRECTION('center_axis',(0.,0.,-1.));
#3635=DIRECTION('ref_axis',(-1.,0.,0.));
#3636=DIRECTION('center_axis',(0.,0.,-1.));
#3637=DIRECTION('ref_axis',(-1.,0.,0.));
#3638=DIRECTION('center_axis',(0.,0.,-1.));
#3639=DIRECTION('ref_axis',(-1.,0.,0.));
#3640=DIRECTION('center_axis',(0.,0.,-1.));
#3641=DIRECTION('ref_axis',(-1.,0.,0.));
#3642=DIRECTION('center_axis',(0.,0.,-1.));
#3643=DIRECTION('ref_axis',(-1.,0.,0.));
#3644=DIRECTION('center_axis',(0.,0.,-1.));
#3645=DIRECTION('ref_axis',(-1.,0.,0.));
#3646=DIRECTION('center_axis',(0.,0.,1.));
#3647=DIRECTION('ref_axis',(-1.,0.,0.));
#3648=DIRECTION('center_axis',(0.,0.,-1.));
#3649=DIRECTION('ref_axis',(-1.,0.,0.));
#3650=DIRECTION('center_axis',(0.,0.,-1.));
#3651=DIRECTION('ref_axis',(-1.,0.,0.));
#3652=DIRECTION('center_axis',(0.,0.,-1.));
#3653=DIRECTION('ref_axis',(-1.,0.,0.));
#3654=DIRECTION('center_axis',(0.,0.,-1.));
#3655=DIRECTION('ref_axis',(-1.,0.,0.));
#3656=DIRECTION('center_axis',(0.,0.,-1.));
#3657=DIRECTION('ref_axis',(-1.,0.,0.));
#3658=DIRECTION('center_axis',(6.20418749055235E-17,0.,1.));
#3659=DIRECTION('ref_axis',(1.,0.,0.));
#3660=DIRECTION('center_axis',(0.,0.,-1.));
#3661=DIRECTION('ref_axis',(1.,0.,0.));
#3662=DIRECTION('center_axis',(0.,-1.,0.));
#3663=DIRECTION('ref_axis',(-1.,0.,0.));
#3664=DIRECTION('center_axis',(0.,0.,1.));
#3665=DIRECTION('ref_axis',(1.,0.,0.));
#3666=DIRECTION('',(0.,0.,-1.));
#3667=DIRECTION('center_axis',(0.,0.,-1.));
#3668=DIRECTION('ref_axis',(1.,0.,0.));
#3669=DIRECTION('center_axis',(0.,0.,-1.));
#3670=DIRECTION('ref_axis',(-1.,0.,0.));
#3671=DIRECTION('center_axis',(0.,0.,-1.));
#3672=DIRECTION('ref_axis',(0.557576789567153,-0.830125366276677,0.));
#3673=DIRECTION('axis',(0.,0.,1.));
#3674=DIRECTION('refdir',(1.,0.,0.));
#3675=DIRECTION('center_axis',(0.,0.,-1.));
#3676=DIRECTION('ref_axis',(-1.,0.,0.));
#3677=DIRECTION('',(0.,0.,-1.));
#3678=DIRECTION('center_axis',(0.,0.,1.));
#3679=DIRECTION('ref_axis',(-1.,0.,0.));
#3680=DIRECTION('center_axis',(0.,0.,-1.));
#3681=DIRECTION('ref_axis',(-1.,0.,0.));
#3682=DIRECTION('',(0.,0.,-1.));
#3683=DIRECTION('center_axis',(0.,0.,1.));
#3684=DIRECTION('ref_axis',(-1.,0.,0.));
#3685=DIRECTION('center_axis',(0.,0.,-1.));
#3686=DIRECTION('ref_axis',(-1.,0.,0.));
#3687=DIRECTION('',(0.,0.,-1.));
#3688=DIRECTION('center_axis',(0.,0.,-1.));
#3689=DIRECTION('ref_axis',(-1.,0.,0.));
#3690=DIRECTION('center_axis',(0.,0.,-1.));
#3691=DIRECTION('ref_axis',(-1.,0.,0.));
#3692=DIRECTION('center_axis',(0.,0.,-1.));
#3693=DIRECTION('ref_axis',(-1.,0.,0.));
#3694=DIRECTION('center_axis',(0.,0.,-1.));
#3695=DIRECTION('ref_axis',(-1.,0.,0.));
#3696=DIRECTION('',(1.,0.,0.));
#3697=DIRECTION('',(0.,1.,0.));
#3698=DIRECTION('',(-1.,0.,0.));
#3699=DIRECTION('',(0.,-1.,0.));
#3700=DIRECTION('center_axis',(-0.707106781186541,0.,-0.707106781186554));
#3701=DIRECTION('ref_axis',(-0.707106781186554,0.,0.707106781186541));
#3702=DIRECTION('',(0.707106781186554,0.,-0.707106781186541));
#3703=DIRECTION('',(0.707106781186554,0.,-0.707106781186541));
#3704=DIRECTION('',(0.,-1.,0.));
#3705=DIRECTION('center_axis',(-7.46069872548105E-15,0.,-1.));
#3706=DIRECTION('ref_axis',(-1.,0.,7.46069872548105E-15));
#3707=DIRECTION('',(1.,0.,-7.46069872548105E-15));
#3708=DIRECTION('',(-1.,0.,7.46069872548105E-15));
#3709=DIRECTION('',(0.,1.,0.));
#3710=DIRECTION('center_axis',(0.70710678118654,0.,-0.707106781186555));
#3711=DIRECTION('ref_axis',(-0.707106781186555,0.,-0.70710678118654));
#3712=DIRECTION('',(0.707106781186555,0.,0.70710678118654));
#3713=DIRECTION('',(0.707106781186555,0.,0.70710678118654));
#3714=DIRECTION('',(0.,1.,0.));
#3715=DIRECTION('center_axis',(0.,0.,-1.));
#3716=DIRECTION('ref_axis',(-1.,0.,0.));
#3717=DIRECTION('',(1.,0.,0.));
#3718=DIRECTION('',(-1.,0.,0.));
#3719=DIRECTION('',(0.,1.,0.));
#3720=DIRECTION('center_axis',(1.,0.,2.22044604925031E-16));
#3721=DIRECTION('ref_axis',(2.22044604925031E-16,0.,-1.));
#3722=DIRECTION('',(2.22044604925031E-16,0.,-1.));
#3723=DIRECTION('',(2.22044604925031E-16,0.,-1.));
#3724=DIRECTION('',(0.,1.,0.));
#3725=DIRECTION('center_axis',(0.,0.,1.));
#3726=DIRECTION('ref_axis',(1.,0.,0.));
#3727=DIRECTION('',(1.,0.,0.));
#3728=DIRECTION('',(1.,0.,0.));
#3729=DIRECTION('',(0.,1.,0.));
#3730=DIRECTION('center_axis',(-1.,0.,7.65671051465625E-17));
#3731=DIRECTION('ref_axis',(7.65671051465625E-17,0.,1.));
#3732=DIRECTION('',(-7.65671051465625E-17,0.,-1.));
#3733=DIRECTION('',(7.65671051465625E-17,0.,1.));
#3734=DIRECTION('',(0.,1.,0.));
#3735=DIRECTION('center_axis',(0.,0.,-1.));
#3736=DIRECTION('ref_axis',(-1.,0.,0.));
#3737=DIRECTION('',(1.,0.,0.));
#3738=DIRECTION('',(-1.,0.,0.));
#3739=DIRECTION('',(0.,1.,0.));
#3740=DIRECTION('center_axis',(1.,0.,-2.22044604925031E-16));
#3741=DIRECTION('ref_axis',(-2.22044604925031E-16,0.,-1.));
#3742=DIRECTION('',(2.22044604925031E-16,0.,1.));
#3743=DIRECTION('',(-2.22044604925031E-16,0.,-1.));
#3744=DIRECTION('',(0.,1.,0.));
#3745=DIRECTION('center_axis',(0.,0.,1.));
#3746=DIRECTION('ref_axis',(1.,0.,0.));
#3747=DIRECTION('',(1.,0.,0.));
#3748=DIRECTION('',(1.,0.,0.));
#3749=DIRECTION('',(0.,1.,0.));
#3750=DIRECTION('center_axis',(1.,0.,2.3373116307898E-16));
#3751=DIRECTION('ref_axis',(2.3373116307898E-16,0.,-1.));
#3752=DIRECTION('',(2.3373116307898E-16,0.,-1.));
#3753=DIRECTION('',(2.3373116307898E-16,0.,-1.));
#3754=DIRECTION('center_axis',(0.,1.,0.));
#3755=DIRECTION('ref_axis',(0.,0.,1.));
#3756=DIRECTION('center_axis',(0.,1.,0.));
#3757=DIRECTION('ref_axis',(1.,0.,0.));
#3758=DIRECTION('axis',(0.,0.,1.));
#3759=DIRECTION('refdir',(1.,0.,0.));
#3760=DIRECTION('center_axis',(1.,0.,0.));
#3761=DIRECTION('ref_axis',(0.,0.,-1.));
#3762=DIRECTION('',(0.,1.,0.));
#3763=DIRECTION('',(0.,0.,-1.));
#3764=DIRECTION('',(0.,1.,0.));
#3765=DIRECTION('',(0.,0.,1.));
#3766=DIRECTION('center_axis',(0.707106781186547,0.,0.707106781186548));
#3767=DIRECTION('ref_axis',(0.707106781186548,0.,-0.707106781186547));
#3768=DIRECTION('',(-0.707106781186548,0.,0.707106781186547));
#3769=DIRECTION('',(0.,-1.,0.));
#3770=DIRECTION('',(0.707106781186548,0.,-0.707106781186547));
#3771=DIRECTION('center_axis',(-1.,0.,0.));
#3772=DIRECTION('ref_axis',(0.,1.,0.));
#3773=DIRECTION('',(0.,-1.,0.));
#3774=DIRECTION('',(0.,0.,-1.));
#3775=DIRECTION('',(0.,-1.,0.));
#3776=DIRECTION('',(0.,0.,1.));
#3777=DIRECTION('center_axis',(0.,0.,1.));
#3778=DIRECTION('ref_axis',(1.,0.,0.));
#3779=DIRECTION('center_axis',(-3.03576608295941E-17,0.,1.));
#3780=DIRECTION('ref_axis',(1.,0.,3.03576608295941E-17));
#3781=DIRECTION('center_axis',(0.,0.,1.));
#3782=DIRECTION('ref_axis',(0.994791112087243,-0.101934505012908,0.));
#3783=DIRECTION('center_axis',(-3.03576608295941E-17,0.,1.));
#3784=DIRECTION('ref_axis',(1.,0.,3.03576608295941E-17));
#3785=DIRECTION('center_axis',(1.40308044552491E-16,-1.,0.));
#3786=DIRECTION('ref_axis',(-1.,-1.40308044552491E-16,0.));
#3787=DIRECTION('center_axis',(0.,0.,-1.));
#3788=DIRECTION('ref_axis',(0.994791112087243,-0.101934505012908,0.));
#3789=DIRECTION('center_axis',(-3.03576608295941E-17,0.,1.));
#3790=DIRECTION('ref_axis',(1.,0.,3.03576608295941E-17));
#3791=DIRECTION('center_axis',(0.,0.,1.));
#3792=DIRECTION('ref_axis',(0.994791112087243,-0.101934505012908,0.));
#3793=DIRECTION('center_axis',(-3.03576608295941E-17,0.,1.));
#3794=DIRECTION('ref_axis',(1.,0.,3.03576608295941E-17));
#3795=DIRECTION('center_axis',(0.,0.,1.));
#3796=DIRECTION('ref_axis',(0.994791112087243,-0.101934505012908,0.));
#3797=DIRECTION('center_axis',(-3.03576608295941E-17,0.,1.));
#3798=DIRECTION('ref_axis',(1.,0.,3.03576608295941E-17));
#3799=DIRECTION('center_axis',(0.,0.,1.));
#3800=DIRECTION('ref_axis',(0.994791112087243,-0.101934505012908,0.));
#3801=DIRECTION('center_axis',(6.15449720172641E-17,0.,1.));
#3802=DIRECTION('ref_axis',(1.,0.,0.));
#3803=DIRECTION('center_axis',(0.,-1.,0.));
#3804=DIRECTION('ref_axis',(0.,0.,1.));
#3805=DIRECTION('center_axis',(6.1014411913667E-17,0.,-1.));
#3806=DIRECTION('ref_axis',(1.,0.,6.1014411913667E-17));
#3807=DIRECTION('center_axis',(-1.,0.,-6.07153216591882E-17));
#3808=DIRECTION('ref_axis',(6.07153216591882E-17,0.,-1.));
#3809=DIRECTION('center_axis',(6.15449720172641E-17,0.,1.));
#3810=DIRECTION('ref_axis',(1.,0.,0.));
#3811=DIRECTION('center_axis',(-1.,-6.17995238316738E-17,-6.07153216591882E-17));
#3812=DIRECTION('ref_axis',(6.07153216591882E-17,0.,-1.));
#3813=DIRECTION('center_axis',(6.1014411913667E-17,0.,-1.));
#3814=DIRECTION('ref_axis',(1.,0.,6.1014411913667E-17));
#3815=DIRECTION('center_axis',(0.,1.,0.));
#3816=DIRECTION('ref_axis',(0.,0.,-1.));
#3817=DIRECTION('center_axis',(6.15449720172641E-17,0.,1.));
#3818=DIRECTION('ref_axis',(1.,0.,0.));
#3819=DIRECTION('center_axis',(0.,1.,0.));
#3820=DIRECTION('ref_axis',(0.,0.,-1.));
#3821=DIRECTION('center_axis',(6.1014411913667E-17,0.,-1.));
#3822=DIRECTION('ref_axis',(1.,0.,6.1014411913667E-17));
#3823=DIRECTION('center_axis',(1.,6.17995238316738E-17,6.07153216591882E-17));
#3824=DIRECTION('ref_axis',(-6.07153216591882E-17,0.,1.));
#3825=DIRECTION('center_axis',(6.15449720172641E-17,0.,1.));
#3826=DIRECTION('ref_axis',(1.,0.,0.));
#3827=DIRECTION('center_axis',(1.,0.,6.07153216591882E-17));
#3828=DIRECTION('ref_axis',(-6.07153216591882E-17,0.,1.));
#3829=DIRECTION('center_axis',(6.1014411913667E-17,0.,-1.));
#3830=DIRECTION('ref_axis',(1.,0.,6.1014411913667E-17));
#3831=DIRECTION('center_axis',(0.,-1.,0.));
#3832=DIRECTION('ref_axis',(0.,0.,1.));
#3833=DIRECTION('center_axis',(0.,0.,-1.));
#3834=DIRECTION('ref_axis',(-1.,0.,0.));
#3835=DIRECTION('',(-1.,0.,0.));
#3836=DIRECTION('',(1.,0.,0.));
#3837=DIRECTION('center_axis',(0.,-1.,0.));
#3838=DIRECTION('ref_axis',(0.,0.,-1.));
#3839=DIRECTION('',(0.,0.,-1.));
#3840=DIRECTION('',(1.,0.,0.));
#3841=DIRECTION('',(0.,0.,1.));
#3842=DIRECTION('',(0.707106781186548,0.,0.707106781186547));
#3843=DIRECTION('center_axis',(0.,-1.,0.));
#3844=DIRECTION('ref_axis',(1.,0.,0.));
#3845=DIRECTION('',(1.,0.,6.07153216591882E-17));
#3846=DIRECTION('center_axis',(0.,1.,0.));
#3847=DIRECTION('ref_axis',(0.,0.,1.));
#3848=DIRECTION('center_axis',(0.,-1.,0.));
#3849=DIRECTION('ref_axis',(0.,0.,1.));
#3850=DIRECTION('',(1.,0.,6.1014411913667E-17));
#3851=DIRECTION('center_axis',(0.,-1.,0.));
#3852=DIRECTION('ref_axis',(1.,0.,0.));
#3853=DIRECTION('',(-1.,0.,-6.07153216591882E-17));
#3854=DIRECTION('center_axis',(0.,-1.,0.));
#3855=DIRECTION('ref_axis',(0.,0.,-1.));
#3856=DIRECTION('center_axis',(0.,1.,0.));
#3857=DIRECTION('ref_axis',(0.,0.,-1.));
#3858=DIRECTION('',(-1.,0.,-6.1014411913667E-17));
#3859=DIRECTION('center_axis',(0.,1.,0.));
#3860=DIRECTION('ref_axis',(0.,0.,1.));
#3861=DIRECTION('',(-0.707106781186548,0.,-0.707106781186547));
#3862=DIRECTION('',(0.,0.,-1.));
#3863=DIRECTION('',(-1.,0.,0.));
#3864=DIRECTION('',(0.,0.,1.));
#3865=DIRECTION('center_axis',(1.,6.17995238316738E-17,6.07153216591882E-17));
#3866=DIRECTION('ref_axis',(-6.17995238316738E-17,1.,0.));
#3867=DIRECTION('',(6.17995238316738E-17,-1.,3.75217796782474E-33));
#3868=DIRECTION('center_axis',(-1.,-6.17995238316738E-17,-6.07153216591882E-17));
#3869=DIRECTION('ref_axis',(-6.07153216591882E-17,0.,1.));
#3870=DIRECTION('center_axis',(1.,6.17995238316738E-17,6.07153216591882E-17));
#3871=DIRECTION('ref_axis',(-6.07153216591882E-17,0.,1.));
#3872=DIRECTION('',(6.17995238316738E-17,-1.,3.77066160313422E-33));
#3873=DIRECTION('center_axis',(6.07153216591882E-17,0.,-1.));
#3874=DIRECTION('ref_axis',(-1.,0.,-6.07153216591882E-17));
#3875=DIRECTION('',(1.,0.,0.));
#3876=DIRECTION('center_axis',(-6.07153216591882E-17,0.,1.));
#3877=DIRECTION('ref_axis',(0.,-1.,0.));
#3878=DIRECTION('center_axis',(-6.07153216591882E-17,0.,1.));
#3879=DIRECTION('ref_axis',(0.,-1.,0.));
#3880=DIRECTION('center_axis',(6.07153216591882E-17,0.,-1.));
#3881=DIRECTION('ref_axis',(-1.,0.,-6.07153216591882E-17));
#3882=DIRECTION('',(6.17995238316738E-17,-1.,3.75217796782474E-33));
#3883=DIRECTION('center_axis',(-6.07153216591882E-17,0.,1.));
#3884=DIRECTION('ref_axis',(0.,-1.,0.));
#3885=DIRECTION('center_axis',(-0.707106781186547,0.,0.707106781186548));
#3886=DIRECTION('ref_axis',(0.707106781186548,0.,0.707106781186547));
#3887=DIRECTION('',(0.,-1.,0.));
#3888=DIRECTION('center_axis',(-1.,0.,0.));
#3889=DIRECTION('ref_axis',(0.,0.,1.));
#3890=DIRECTION('',(0.,-1.,0.));
#3891=DIRECTION('center_axis',(1.,0.,0.));
#3892=DIRECTION('ref_axis',(0.,0.,-1.));
#3893=DIRECTION('',(0.,1.,0.));
#3894=DIRECTION('center_axis',(1.,6.17995238316738E-17,6.07153216591882E-17));
#3895=DIRECTION('ref_axis',(-6.17995238316738E-17,1.,0.));
#3896=DIRECTION('',(0.,-1.,0.));
#3897=DIRECTION('center_axis',(1.,0.,6.07153216591882E-17));
#3898=DIRECTION('ref_axis',(6.07153216591882E-17,0.,-1.));
#3899=DIRECTION('center_axis',(-1.,0.,-6.07153216591882E-17));
#3900=DIRECTION('ref_axis',(6.07153216591882E-17,0.,-1.));
#3901=DIRECTION('',(0.,1.,0.));
#3902=DIRECTION('center_axis',(6.07153216591882E-17,0.,-1.));
#3903=DIRECTION('ref_axis',(-1.,0.,-6.07153216591882E-17));
#3904=DIRECTION('',(0.,-1.,0.));
#3905=DIRECTION('center_axis',(-6.07153216591882E-17,0.,1.));
#3906=DIRECTION('ref_axis',(0.,-1.,0.));
#3907=DIRECTION('center_axis',(6.07153216591882E-17,0.,-1.));
#3908=DIRECTION('ref_axis',(-1.,0.,-6.07153216591882E-17));
#3909=DIRECTION('',(-1.,0.,0.));
#3910=DIRECTION('center_axis',(-6.07153216591882E-17,0.,1.));
#3911=DIRECTION('ref_axis',(0.,-1.,0.));
#3912=DIRECTION('center_axis',(1.,6.17995238316738E-17,6.07153216591882E-17));
#3913=DIRECTION('ref_axis',(-6.17995238316738E-17,1.,0.));
#3914=DIRECTION('',(-6.17995238316738E-17,1.,-3.77066160313422E-33));
#3915=DIRECTION('center_axis',(1.,6.17995238316738E-17,6.07153216591882E-17));
#3916=DIRECTION('ref_axis',(-6.07153216591882E-17,0.,1.));
#3917=DIRECTION('center_axis',(-1.,-6.17995238316738E-17,-6.07153216591882E-17));
#3918=DIRECTION('ref_axis',(-6.07153216591882E-17,0.,1.));
#3919=DIRECTION('center_axis',(0.,-1.,0.));
#3920=DIRECTION('ref_axis',(1.,0.,0.));
#3921=DIRECTION('',(-1.,0.,-6.1014411913667E-17));
#3922=DIRECTION('center_axis',(0.,-1.,0.));
#3923=DIRECTION('ref_axis',(0.,0.,1.));
#3924=DIRECTION('center_axis',(0.,1.,0.));
#3925=DIRECTION('ref_axis',(0.,0.,1.));
#3926=DIRECTION('center_axis',(1.,6.17995238316738E-17,6.07153216591882E-17));
#3927=DIRECTION('ref_axis',(-6.17995238316738E-17,1.,0.));
#3928=DIRECTION('',(0.,-1.,0.));
#3929=DIRECTION('center_axis',(-1.,0.,-6.07153216591882E-17));
#3930=DIRECTION('ref_axis',(6.07153216591882E-17,0.,-1.));
#3931=DIRECTION('center_axis',(1.,0.,6.07153216591882E-17));
#3932=DIRECTION('ref_axis',(6.07153216591882E-17,0.,-1.));
#3933=DIRECTION('center_axis',(0.,-1.,0.));
#3934=DIRECTION('ref_axis',(1.,0.,0.));
#3935=DIRECTION('',(1.,0.,6.1014411913667E-17));
#3936=DIRECTION('center_axis',(0.,1.,0.));
#3937=DIRECTION('ref_axis',(0.,0.,-1.));
#3938=DIRECTION('center_axis',(0.,-1.,0.));
#3939=DIRECTION('ref_axis',(0.,0.,-1.));
#3940=DIRECTION('center_axis',(6.1014411913667E-17,0.,-1.));
#3941=DIRECTION('ref_axis',(-1.,0.,-6.1014411913667E-17));
#3942=DIRECTION('center_axis',(6.1014411913667E-17,0.,-1.));
#3943=DIRECTION('ref_axis',(0.,-1.,0.));
#3944=DIRECTION('center_axis',(6.1014411913667E-17,0.,-1.));
#3945=DIRECTION('ref_axis',(-1.,0.,-6.1014411913667E-17));
#3946=DIRECTION('center_axis',(6.1014411913667E-17,0.,-1.));
#3947=DIRECTION('ref_axis',(0.,-1.,0.));
#3948=DIRECTION('center_axis',(6.1014411913667E-17,0.,-1.));
#3949=DIRECTION('ref_axis',(-1.,0.,-6.1014411913667E-17));
#3950=DIRECTION('center_axis',(6.1014411913667E-17,0.,-1.));
#3951=DIRECTION('ref_axis',(0.,-1.,0.));
#3952=DIRECTION('center_axis',(6.06156249076953E-17,0.,1.));
#3953=DIRECTION('ref_axis',(1.,0.,0.));
#3954=DIRECTION('center_axis',(1.75163177766079E-14,0.,1.));
#3955=DIRECTION('ref_axis',(0.,1.,0.));
#3956=DIRECTION('center_axis',(6.06156249076953E-17,0.,1.));
#3957=DIRECTION('ref_axis',(1.,0.,0.));
#3958=DIRECTION('center_axis',(1.75163177766079E-14,0.,1.));
#3959=DIRECTION('ref_axis',(0.,1.,0.));
#3960=DIRECTION('center_axis',(6.06156249076953E-17,0.,1.));
#3961=DIRECTION('ref_axis',(1.,0.,0.));
#3962=DIRECTION('center_axis',(1.75163177766079E-14,0.,1.));
#3963=DIRECTION('ref_axis',(0.,1.,0.));
#3964=DIRECTION('center_axis',(6.06156249076953E-17,0.,1.));
#3965=DIRECTION('ref_axis',(1.,0.,0.));
#3966=DIRECTION('center_axis',(6.1014411913667E-17,0.,-1.));
#3967=DIRECTION('ref_axis',(0.,-1.,0.));
#3968=DIRECTION('center_axis',(1.75163177766079E-14,0.,1.));
#3969=DIRECTION('ref_axis',(0.,1.,0.));
#3970=DIRECTION('center_axis',(6.06156249076953E-17,0.,1.));
#3971=DIRECTION('ref_axis',(1.,0.,0.));
#3972=DIRECTION('center_axis',(0.,1.,0.));
#3973=DIRECTION('ref_axis',(-1.,0.,0.));
#3974=DIRECTION('center_axis',(6.1014411913667E-17,0.,-1.));
#3975=DIRECTION('ref_axis',(-1.,0.,-6.1014411913667E-17));
#3976=DIRECTION('center_axis',(0.,0.,1.));
#3977=DIRECTION('ref_axis',(1.,0.,0.));
#3978=DIRECTION('',(0.,0.,1.));
#3979=DIRECTION('',(1.,0.,0.));
#3980=DIRECTION('',(0.,0.,1.));
#3981=DIRECTION('',(1.,0.,0.));
#3982=DIRECTION('',(0.,0.,1.));
#3983=DIRECTION('',(1.,0.,0.));
#3984=CARTESIAN_POINT('',(0.,0.,0.));
#3985=CARTESIAN_POINT('',(0.,0.,0.));
#3986=CARTESIAN_POINT('Origin',(-0.0499999999999989,10.,-37.9999999999998));
#3987=CARTESIAN_POINT('',(4.44973019578489,10.0000664157723,-25.0339745962153));
#3988=CARTESIAN_POINT('',(4.4494469627223,9.99989275369657,-22.1660254037842));
#3989=CARTESIAN_POINT('',(4.45,10.,-37.9999999999998));
#3990=CARTESIAN_POINT('',(-2.47191216331937,6.20708750780668,-21.9999999999998));
#3991=CARTESIAN_POINT('Ctrl Pts',(4.44973019578489,10.0000664157723,-25.0339745962153));
#3992=CARTESIAN_POINT('Ctrl Pts',(4.44988458283428,10.279922600891,-24.9884514753526));
#3993=CARTESIAN_POINT('Ctrl Pts',(4.424160437257,10.559750741084,-24.9429283544898));
#3994=CARTESIAN_POINT('Ctrl Pts',(4.37227865828748,10.8346419882942,-24.8974052336271));
#3995=CARTESIAN_POINT('Ctrl Pts',(4.23692115193535,11.5518223641303,-24.7786372144162));
#3996=CARTESIAN_POINT('Ctrl Pts',(3.92351715403722,12.2353989172681,-24.6598691952052));
#3997=CARTESIAN_POINT('Ctrl Pts',(3.46845528890411,12.8060023227159,-24.5411011759943));
#3998=CARTESIAN_POINT('Ctrl Pts',(3.01339342377099,13.3766057281637,-24.4223331567834));
#3999=CARTESIAN_POINT('Ctrl Pts',(2.4166736914029,13.8342359859216,-24.3035651375725));
#4000=CARTESIAN_POINT('Ctrl Pts',(1.74758167228455,14.125757655079,-24.1847971183616));
#4001=CARTESIAN_POINT('Ctrl Pts',(1.0784896531662,14.4172793242365,-24.0660290991506));
#4002=CARTESIAN_POINT('Ctrl Pts',(0.337025347297584,14.5426924047935,-23.9472610799397));
#4003=CARTESIAN_POINT('Ctrl Pts',(-0.390722442315228,14.4874360745741,-23.8284930607288));
#4004=CARTESIAN_POINT('Ctrl Pts',(-1.11847023192803,14.4321797443547,-23.7097250415178));
#4005=CARTESIAN_POINT('Ctrl Pts',(-1.83250150528504,14.196254003359,-23.5909570223069));
#4006=CARTESIAN_POINT('Ctrl Pts',(-2.44990648659998,13.8070503409804,-23.472189003096));
#4007=CARTESIAN_POINT('Ctrl Pts',(-3.06731146791491,13.4178466786018,-23.3534209838851));
#4008=CARTESIAN_POINT('Ctrl Pts',(-3.58809015718779,12.8753650948404,-23.2346529646742));
#4009=CARTESIAN_POINT('Ctrl Pts',(-3.95178420950908,12.2425961512786,-23.1158849454632));
#4010=CARTESIAN_POINT('Ctrl Pts',(-4.31547826183037,11.6098272077168,-22.9971169262523));
#4011=CARTESIAN_POINT('Ctrl Pts',(-4.52208767720008,10.8867709043546,-22.8783489070414));
#4012=CARTESIAN_POINT('Ctrl Pts',(-4.54760465984002,10.1573734452089,-22.7595808878304));
#4013=CARTESIAN_POINT('Ctrl Pts',(-4.57312164247995,9.42797598606313,-22.6408128686195));
#4014=CARTESIAN_POINT('Ctrl Pts',(-4.41754619239011,8.69223737113388,-22.5220448494086));
#4015=CARTESIAN_POINT('Ctrl Pts',(-4.0989812661988,8.0355993446943,-22.4032768301977));
#4016=CARTESIAN_POINT('Ctrl Pts',(-3.78041634000748,7.37896131825473,-22.2845088109868));
#4017=CARTESIAN_POINT('Ctrl Pts',(-3.29886193771469,6.80142388030483,-22.1657407917758));
#4018=CARTESIAN_POINT('Ctrl Pts',(-2.7101496325938,6.37001464835049,-22.0469727725649));
#4019=CARTESIAN_POINT('Ctrl Pts',(-2.63253769239178,6.31314050588431,-22.0313151817099));
#4020=CARTESIAN_POINT('Ctrl Pts',(-2.55306334319935,6.25880607796474,-22.0156575908548));
#4021=CARTESIAN_POINT('Ctrl Pts',(-2.47191216331937,6.20708750780668,-21.9999999999998));
#4022=CARTESIAN_POINT('',(4.33478376754002,11.0117664315036,-21.9999999999998));
#4023=CARTESIAN_POINT('Origin',(-0.0499999999999989,10.,-21.9999999999998));
#4024=CARTESIAN_POINT('Ctrl Pts',(4.33478376754001,11.0117664315036,-21.9999999999998));
#4025=CARTESIAN_POINT('Ctrl Pts',(4.4112651260139,10.6803122453262,-22.0553418012613));
#4026=CARTESIAN_POINT('Ctrl Pts',(4.44944426064029,10.3400937174913,-22.1106836025227));
#4027=CARTESIAN_POINT('Ctrl Pts',(4.44944188944789,9.99989176987513,-22.1660254037842));
#4028=CARTESIAN_POINT('Origin',(-0.0499999999999989,10.,-37.9999999999998));
#4029=CARTESIAN_POINT('',(4.44987459932103,10.0000977303836,-29.6339745962153));
#4030=CARTESIAN_POINT('',(4.44973896118732,10.0000696758823,-26.7660254037842));
#4031=CARTESIAN_POINT('',(4.45,10.,-37.9999999999998));
#4032=CARTESIAN_POINT('Ctrl Pts',(4.44987459932103,10.0000977303836,-29.6339745962153));
#4033=CARTESIAN_POINT('Ctrl Pts',(4.45005774958514,10.214456991475,-29.5991023917613));
#4034=CARTESIAN_POINT('Ctrl Pts',(4.43500126281128,10.4287907381224,-29.5642301873072));
#4035=CARTESIAN_POINT('Ctrl Pts',(4.4044835183288,10.6408999576461,-29.5293579828531));
#4036=CARTESIAN_POINT('Ctrl Pts',(4.30054595201455,11.363303151066,-29.4105899636422));
#4037=CARTESIAN_POINT('Ctrl Pts',(4.01726513330364,12.0599028854835,-29.2918219444313));
#4038=CARTESIAN_POINT('Ctrl Pts',(3.58753256154955,12.649817547376,-29.1730539252204));
#4039=CARTESIAN_POINT('Ctrl Pts',(3.15779998979547,13.2397322092685,-29.0542859060094));
#4040=CARTESIAN_POINT('Ctrl Pts',(2.58161566499821,13.7229617986361,-28.9355178867985));
#4041=CARTESIAN_POINT('Ctrl Pts',(1.92587986794266,14.0433989313717,-28.8167498675876));
#4042=CARTESIAN_POINT('Ctrl Pts',(1.2701440708871,14.3638360641073,-28.6979818483767));
#4043=CARTESIAN_POINT('Ctrl Pts',(0.534856801573248,14.5214807402109,-28.5792138291658));
#4044=CARTESIAN_POINT('Ctrl Pts',(-0.194608348986863,14.4980289679214,-28.4604458099548));
#4045=CARTESIAN_POINT('Ctrl Pts',(-0.924073499546974,14.4745771956318,-28.3416777907439));
#4046=CARTESIAN_POINT('Ctrl Pts',(-1.64771653135334,14.2700289749491,-28.222909771533));
#4047=CARTESIAN_POINT('Ctrl Pts',(-2.28151585648398,13.9081342290869,-28.1041417523221));
#4048=CARTESIAN_POINT('Ctrl Pts',(-2.91531518161462,13.5462394832247,-27.9853737331111));
#4049=CARTESIAN_POINT('Ctrl Pts',(-3.45927080006953,13.0269982121831,-27.8666057139002));
#4050=CARTESIAN_POINT('Ctrl Pts',(-3.85022447862206,12.410699086161,-27.7478376946893));
#4051=CARTESIAN_POINT('Ctrl Pts',(-4.24117815717459,11.7943999601389,-27.6290696754784));
#4052=CARTESIAN_POINT('Ctrl Pts',(-4.47912989582474,11.0810429791364,-27.5103016562674));
#4053=CARTESIAN_POINT('Ctrl Pts',(-4.53645131807004,10.3534554270397,-27.3915336370565));
#4054=CARTESIAN_POINT('Ctrl Pts',(-4.59377274031533,9.62586787494306,-27.2727656178456));
#4055=CARTESIAN_POINT('Ctrl Pts',(-4.47046384615578,8.88404975175224,-27.1539975986347));
#4056=CARTESIAN_POINT('Ctrl Pts',(-4.18084192583869,8.21413293936219,-27.0352295794237));
#4057=CARTESIAN_POINT('Ctrl Pts',(-3.8912200055216,7.54421612697215,-26.9164615602128));
#4058=CARTESIAN_POINT('Ctrl Pts',(-3.43528505904699,6.94620062538288,-26.7976935410019));
#4059=CARTESIAN_POINT('Ctrl Pts',(-2.86597531758918,6.48952151720866,-26.678925521791));
#4060=CARTESIAN_POINT('Ctrl Pts',(-2.29666557613137,6.03284240903444,-26.56015750258));
#4061=CARTESIAN_POINT('Ctrl Pts',(-1.61398103969038,5.71749969427527,-26.4413894833691));
#4062=CARTESIAN_POINT('Ctrl Pts',(-0.89718762874564,5.58010754790379,-26.3226214641582));
#4063=CARTESIAN_POINT('Ctrl Pts',(-0.180394217800902,5.4427154015323,-26.2038534449473));
#4064=CARTESIAN_POINT('Ctrl Pts',(0.570508067647576,5.48327382354848,-26.0850854257363));
#4065=CARTESIAN_POINT('Ctrl Pts',(1.26833256707699,5.69707361854227,-25.9663174065254));
#4066=CARTESIAN_POINT('Ctrl Pts',(1.9661570665064,5.91087341353606,-25.8475493873145));
#4067=CARTESIAN_POINT('Ctrl Pts',(2.61090377991675,6.29791458150745,-25.7287813681036));
#4068=CARTESIAN_POINT('Ctrl Pts',(3.12771175344271,6.81325807647821,-25.6100133488926));
#4069=CARTESIAN_POINT('Ctrl Pts',(3.64451972696868,7.32860157144897,-25.4912453296817));
#4070=CARTESIAN_POINT('Ctrl Pts',(4.03338896061026,7.9722473934191,-25.3724773104708));
#4071=CARTESIAN_POINT('Ctrl Pts',(4.24916807002799,8.6694624036714,-25.2537092912599));
#4072=CARTESIAN_POINT('Ctrl Pts',(4.38224024753811,9.09943878024175,-25.1804643929117));
#4073=CARTESIAN_POINT('Ctrl Pts',(4.44948179313752,9.54978889870738,-25.1072194945635));
#4074=CARTESIAN_POINT('Ctrl Pts',(4.44973019578489,10.0000664157723,-25.0339745962153));
#4075=CARTESIAN_POINT('Ctrl Pts',(4.44944188944789,9.99989176987513,-22.1660254037842));
#4076=CARTESIAN_POINT('Ctrl Pts',(4.44943917186801,9.60999259087342,-22.2294516217337));
#4077=CARTESIAN_POINT('Ctrl Pts',(4.39928493401671,9.22011519003776,-22.2928778396831));
#4078=CARTESIAN_POINT('Ctrl Pts',(4.29916090258149,8.84347820473892,-22.3563040576326));
#4079=CARTESIAN_POINT('Ctrl Pts',(4.11167482389945,8.13821104311856,-22.4750720768435));
#4080=CARTESIAN_POINT('Ctrl Pts',(3.74897468595299,7.47937006792337,-22.5938400960544));
#4081=CARTESIAN_POINT('Ctrl Pts',(3.25330654077724,6.94363684364493,-22.7126081152653));
#4082=CARTESIAN_POINT('Ctrl Pts',(2.75763839560149,6.4079036193665,-22.8313761344762));
#4083=CARTESIAN_POINT('Ctrl Pts',(2.12900224319645,5.99527814600482,-22.9501441536872));
#4084=CARTESIAN_POINT('Ctrl Pts',(1.44034793358008,5.75359208813895,-23.0689121728981));
#4085=CARTESIAN_POINT('Ctrl Pts',(0.751693623963704,5.51190603027309,-23.187680192109));
#4086=CARTESIAN_POINT('Ctrl Pts',(0.00302115713599282,5.44115938790304,
-23.3064482113199));
#4087=CARTESIAN_POINT('Ctrl Pts',(-0.718720921735326,5.5496039550908,-23.4252162305308));
#4088=CARTESIAN_POINT('Ctrl Pts',(-1.44046300060664,5.65804852227856,-23.5439842497418));
#4089=CARTESIAN_POINT('Ctrl Pts',(-2.13527469152156,5.94568429902413,-23.6627522689527));
#4090=CARTESIAN_POINT('Ctrl Pts',(-2.72249169572188,6.37909634961166,-23.7815202881636));
#4091=CARTESIAN_POINT('Ctrl Pts',(-3.30970869992219,6.81250840019921,-23.9002883073745));
#4092=CARTESIAN_POINT('Ctrl Pts',(-3.7893310174079,7.39169672462872,-24.0190563265854));
#4093=CARTESIAN_POINT('Ctrl Pts',(-4.10566545315436,8.04942073531131,-24.1378243457964));
#4094=CARTESIAN_POINT('Ctrl Pts',(-4.42199988890083,8.7071447459939,-24.2565923650073));
#4095=CARTESIAN_POINT('Ctrl Pts',(-4.57504644290805,9.44340444292956,-24.3753603842182));
#4096=CARTESIAN_POINT('Ctrl Pts',(-4.54703722114365,10.1727092830529,-24.4941284034292));
#4097=CARTESIAN_POINT('Ctrl Pts',(-4.51902799937924,10.9020141231763,-24.6128964226401));
#4098=CARTESIAN_POINT('Ctrl Pts',(-4.30996300184322,11.6243641064873,-24.731664441851));
#4099=CARTESIAN_POINT('Ctrl Pts',(-3.94411553528947,12.2558897077787,-24.8504324610619));
#4100=CARTESIAN_POINT('Ctrl Pts',(-3.57826806873573,12.8874153090702,-24.9692004802728));
#4101=CARTESIAN_POINT('Ctrl Pts',(-3.05563813316428,13.428116528342,-25.0879684994837));
#4102=CARTESIAN_POINT('Ctrl Pts',(-2.43690835719251,13.8152120792676,-25.2067365186947));
#4103=CARTESIAN_POINT('Ctrl Pts',(-1.81817858122075,14.2023076301932,-25.3255045379056));
#4104=CARTESIAN_POINT('Ctrl Pts',(-1.10334896484867,14.4357975127726,-25.4442725571165));
#4105=CARTESIAN_POINT('Ctrl Pts',(-0.375417538068459,14.4885718499348,-25.5630405763274));
#4106=CARTESIAN_POINT('Ctrl Pts',(0.352513888711755,14.541346187097,-25.6818085955384));
#4107=CARTESIAN_POINT('Ctrl Pts',(1.09354712590011,14.4134049788421,-25.8005766147493));
#4108=CARTESIAN_POINT('Ctrl Pts',(1.76164130871554,14.119603163109,-25.9193446339602));
#4109=CARTESIAN_POINT('Ctrl Pts',(2.42973549153097,13.825801347376,-26.0381126531711));
#4110=CARTESIAN_POINT('Ctrl Pts',(3.02489061997348,13.3661389241647,-26.1568806723821));
#4111=CARTESIAN_POINT('Ctrl Pts',(3.47800378354843,12.7939870132229,-26.275648691593));
#4112=CARTESIAN_POINT('Ctrl Pts',(3.93111694712338,12.221835102281,-26.3944167108039));
#4113=CARTESIAN_POINT('Ctrl Pts',(4.24218814583077,11.5371937036086,-26.5131847300148));
#4114=CARTESIAN_POINT('Ctrl Pts',(4.37509913653667,10.8195559108552,-26.6319527492257));
#4115=CARTESIAN_POINT('Ctrl Pts',(4.42511184046806,10.5495179985025,-26.6766436340786));
#4116=CARTESIAN_POINT('Ctrl Pts',(4.44989847470959,10.2748080589562,-26.7213345189314));
#4117=CARTESIAN_POINT('Ctrl Pts',(4.44973896118732,10.0000696758823,-26.7660254037842));
#4118=CARTESIAN_POINT('Origin',(-0.0499999999999989,10.,-37.9999999999998));
#4119=CARTESIAN_POINT('',(4.45006085422757,10.0001005205343,-34.2339745962153));
#4120=CARTESIAN_POINT('',(4.44988795845819,10.000099068566,-31.3660254037842));
#4121=CARTESIAN_POINT('',(4.45,10.,-37.9999999999998));
#4122=CARTESIAN_POINT('Ctrl Pts',(4.45006085422757,10.0001005205343,-34.2339745962153));
#4123=CARTESIAN_POINT('Ctrl Pts',(4.4502032476858,10.1489708983223,-34.2097533081699));
#4124=CARTESIAN_POINT('Ctrl Pts',(4.44295326281686,10.297827469412,-34.1855320201246));
#4125=CARTESIAN_POINT('Ctrl Pts',(4.42820455937613,10.4459373219386,-34.1613107320792));
#4126=CARTESIAN_POINT('Ctrl Pts',(4.35588494159602,11.1721874609584,-34.0425427128683));
#4127=CARTESIAN_POINT('Ctrl Pts',(4.10326703172791,11.8804835881918,-33.9237746936573));
#4128=CARTESIAN_POINT('Ctrl Pts',(3.69968208433984,12.4885860316964,-33.8050066744464));
#4129=CARTESIAN_POINT('Ctrl Pts',(3.29609713695176,13.0966884752011,-33.6862386552355));
#4130=CARTESIAN_POINT('Ctrl Pts',(2.74154515204374,13.6045972349769,-33.5674706360246));
#4131=CARTESIAN_POINT('Ctrl Pts',(2.10041469754617,13.9533394490369,-33.4487026168136));
#4132=CARTESIAN_POINT('Ctrl Pts',(1.4592842430486,14.3020816630969,-33.3299345976027));
#4133=CARTESIAN_POINT('Ctrl Pts',(0.731575318961485,14.4916573314412,-33.2111665783918));
#4134=CARTESIAN_POINT('Ctrl Pts',(0.00178160082964787,14.5000549815052,
-33.0923985591809));
#4135=CARTESIAN_POINT('Ctrl Pts',(-0.72801211730219,14.5084526315692,-32.97363053997));
#4136=CARTESIAN_POINT('Ctrl Pts',(-1.45989062947876,14.335672263353,-32.854862520759));
#4137=CARTESIAN_POINT('Ctrl Pts',(-2.10887613275902,14.0017752611437,-32.7360945015481));
#4138=CARTESIAN_POINT('Ctrl Pts',(-2.75786163603929,13.6678782589344,-32.6173264823372));
#4139=CARTESIAN_POINT('Ctrl Pts',(-3.32395413042326,13.172864622732,-32.4985584631262));
#4140=CARTESIAN_POINT('Ctrl Pts',(-3.74142508906886,12.5742099725044,-32.3797904439153));
#4141=CARTESIAN_POINT('Ctrl Pts',(-4.15889604771445,11.9755553222769,-32.2610224247044));
#4142=CARTESIAN_POINT('Ctrl Pts',(-4.42774547062168,11.2732596580241,-32.1422544054935));
#4143=CARTESIAN_POINT('Ctrl Pts',(-4.51675747578222,10.5488659429153,-32.0234863862826));
#4144=CARTESIAN_POINT('Ctrl Pts',(-4.60576948094276,9.82447222780636,-31.9047183670716));
#4145=CARTESIAN_POINT('Ctrl Pts',(-4.51494406835663,9.07798046184131,-31.7859503478607));
#4146=CARTESIAN_POINT('Ctrl Pts',(-4.25482690084144,8.39606518065484,-31.6671823286498));
#4147=CARTESIAN_POINT('Ctrl Pts',(-3.99470973332626,7.71414989946837,-31.5484143094388));
#4148=CARTESIAN_POINT('Ctrl Pts',(-3.56530081088202,7.09681110306048,-31.4296462902279));
#4149=CARTESIAN_POINT('Ctrl Pts',(-3.01645844494229,6.61572748361201,-31.310878271017));
#4150=CARTESIAN_POINT('Ctrl Pts',(-2.46761607900257,6.13464386416354,-31.1921102518061));
#4151=CARTESIAN_POINT('Ctrl Pts',(-1.79934026956734,5.78981542167448,-31.0733422325952));
#4152=CARTESIAN_POINT('Ctrl Pts',(-1.08922396286902,5.62127989867506,-30.9545742133842));
#4153=CARTESIAN_POINT('Ctrl Pts',(-0.379107656170697,5.45274437567563,-30.8358061941733));
#4154=CARTESIAN_POINT('Ctrl Pts',(0.372849147790727,5.46050177216583,-30.7170381749624));
#4155=CARTESIAN_POINT('Ctrl Pts',(1.07933737238323,5.64365138331596,-30.5982701557515));
#4156=CARTESIAN_POINT('Ctrl Pts',(1.78582559697572,5.8268009944661,-30.4795021365405));
#4157=CARTESIAN_POINT('Ctrl Pts',(2.4468452421993,6.18534282027617,-30.3607341173296));
#4158=CARTESIAN_POINT('Ctrl Pts',(2.98564586898698,6.67764686873047,-30.2419660981187));
#4159=CARTESIAN_POINT('Ctrl Pts',(3.52444649577466,7.16995091718477,-30.1231980789078));
#4160=CARTESIAN_POINT('Ctrl Pts',(3.94102810412645,7.79601718828329,-30.0044300596968));
#4161=CARTESIAN_POINT('Ctrl Pts',(4.18702175134355,8.48315365004367,-29.8856620404859));
#4162=CARTESIAN_POINT('Ctrl Pts',(4.36078769941108,8.96853577303886,-29.801766225729));
#4163=CARTESIAN_POINT('Ctrl Pts',(4.44943397502235,9.48439058936717,-29.7178704109722));
#4164=CARTESIAN_POINT('Ctrl Pts',(4.44987459932103,10.0000977303836,-29.6339745962153));
#4165=CARTESIAN_POINT('Ctrl Pts',(4.44973896118732,10.0000696758823,-26.7660254037842));
#4166=CARTESIAN_POINT('Ctrl Pts',(4.44947456041164,9.5446785556726,-26.8401025381423));
#4167=CARTESIAN_POINT('Ctrl Pts',(4.38067176458167,9.08920928817729,-26.9141796725004));
#4168=CARTESIAN_POINT('Ctrl Pts',(4.2446053458792,8.65480888165224,-26.9882568068585));
#4169=CARTESIAN_POINT('Ctrl Pts',(4.0264497818114,7.95833383203711,-27.1070248260694));
#4170=CARTESIAN_POINT('Ctrl Pts',(3.63538787097138,7.3160179196413,-27.2257928452803));
#4171=CARTESIAN_POINT('Ctrl Pts',(3.11682547938748,6.80243989793547,-27.3445608644912));
#4172=CARTESIAN_POINT('Ctrl Pts',(2.59826308780357,6.28886187622963,-27.4633288837022));
#4173=CARTESIAN_POINT('Ctrl Pts',(1.95220021547579,5.90402174521379,-27.5820969029131));
#4174=CARTESIAN_POINT('Ctrl Pts',(1.25365068587209,5.69260297630843,-27.700864922124));
#4175=CARTESIAN_POINT('Ctrl Pts',(0.555101156268395,5.48118420740307,-27.819632941335));
#4176=CARTESIAN_POINT('Ctrl Pts',(-0.195935030611216,5.4431868006082,-27.9384009605459));
#4177=CARTESIAN_POINT('Ctrl Pts',(-0.912255691556539,5.58302260064664,-28.0571689797568));
#4178=CARTESIAN_POINT('Ctrl Pts',(-1.62857635250186,5.72285840068509,-28.1759369989677));
#4179=CARTESIAN_POINT('Ctrl Pts',(-2.3101814875129,6.04052740755686,-28.2947050181787));
#4180=CARTESIAN_POINT('Ctrl Pts',(-2.87793049285511,6.499145339293,-28.4134730373896));
#4181=CARTESIAN_POINT('Ctrl Pts',(-3.44567949819733,6.95776327102915,-28.5322410566005));
#4182=CARTESIAN_POINT('Ctrl Pts',(-3.89957237387073,7.55733012762966,-28.6510090758114));
#4183=CARTESIAN_POINT('Ctrl Pts',(-4.18690799738084,8.22823070144797,-28.7697770950223));
#4184=CARTESIAN_POINT('Ctrl Pts',(-4.47424362089096,8.89913127526629,-28.8885451142333));
#4185=CARTESIAN_POINT('Ctrl Pts',(-4.59502199223779,9.64136556630239,-29.0073131334442));
#4186=CARTESIAN_POINT('Ctrl Pts',(-4.53521963542721,10.3687533710461,-29.1260811526551));
#4187=CARTESIAN_POINT('Ctrl Pts',(-4.47541727861663,11.0961411757898,-29.244849171866));
#4188=CARTESIAN_POINT('Ctrl Pts',(-4.23503419364862,11.8086824942411,-29.3636171910769));
#4189=CARTESIAN_POINT('Ctrl Pts',(-3.84198105987135,12.423644748751,-29.4823852102879));
#4190=CARTESIAN_POINT('Ctrl Pts',(-3.44892792609407,13.0386070032609,-29.6011532294988));
#4191=CARTESIAN_POINT('Ctrl Pts',(-2.90320474350752,13.5559901938293,-29.7199212487097));
#4192=CARTESIAN_POINT('Ctrl Pts',(-2.26817497513678,13.9157213902683,-29.8386892679206));
#4193=CARTESIAN_POINT('Ctrl Pts',(-1.63314520676603,14.2754525867072,-29.9574572871316));
#4194=CARTESIAN_POINT('Ctrl Pts',(-0.908808852611104,14.4775317890166,-30.0762253063425));
#4195=CARTESIAN_POINT('Ctrl Pts',(-0.17926800195696,14.4984957497211,-30.1949933255534));
#4196=CARTESIAN_POINT('Ctrl Pts',(0.550272848697184,14.5194597104257,-30.3137613447643));
#4197=CARTESIAN_POINT('Ctrl Pts',(1.28501819585054,14.3593084295253,-30.4325293639752));
#4198=CARTESIAN_POINT('Ctrl Pts',(1.93965737075575,14.0366369385349,-30.5512973831862));
#4199=CARTESIAN_POINT('Ctrl Pts',(2.59429654566095,13.7139654475445,-30.6700654023971));
#4200=CARTESIAN_POINT('Ctrl Pts',(3.16882954831799,13.2287737464639,-30.788833421608));
#4201=CARTESIAN_POINT('Ctrl Pts',(3.59654783151261,12.6373970385703,-30.9076014408189));
#4202=CARTESIAN_POINT('Ctrl Pts',(4.02426611470723,12.0460203306766,-31.0263694600299));
#4203=CARTESIAN_POINT('Ctrl Pts',(4.30516967843941,11.3484586159698,-31.1451374792408));
#4204=CARTESIAN_POINT('Ctrl Pts',(4.40664304447685,10.6257052026923,-31.2639054984517));
#4205=CARTESIAN_POINT('Ctrl Pts',(4.43572621182095,10.4185576595714,-31.2979454668959));
#4206=CARTESIAN_POINT('Ctrl Pts',(4.45007014881074,10.2093407532495,-31.33198543534));
#4207=CARTESIAN_POINT('Ctrl Pts',(4.44988795845819,10.000099068566,-31.3660254037842));
#4208=CARTESIAN_POINT('Origin',(-0.0499999999999989,10.,-37.9999999999998));
#4209=CARTESIAN_POINT('',(4.45023996267206,10.0000715611674,-38.8339745962153));
#4210=CARTESIAN_POINT('',(4.4500756364707,10.0000993833698,-35.9660254037842));
#4211=CARTESIAN_POINT('',(4.45,10.,-37.9999999999998));
#4212=CARTESIAN_POINT('Ctrl Pts',(4.45023996267206,10.0000715611674,-38.8339745962153));
#4213=CARTESIAN_POINT('Ctrl Pts',(4.45030449207232,10.0834690354921,-38.8204042245786));
#4214=CARTESIAN_POINT('Ctrl Pts',(4.44803150726567,10.166862992279,-38.8068338529419));
#4215=CARTESIAN_POINT('Ctrl Pts',(4.44339669986289,10.2501254740435,-38.7932634813052));
#4216=CARTESIAN_POINT('Ctrl Pts',(4.40283282221906,10.9788394915,-38.6744954620943));
#4217=CARTESIAN_POINT('Ctrl Pts',(4.18135884299919,11.6974828289259,-38.5557274428834));
#4218=CARTESIAN_POINT('Ctrl Pts',(3.80469013989647,12.3226148422745,-38.4369594236725));
#4219=CARTESIAN_POINT('Ctrl Pts',(3.42802143679375,12.947746855623,-38.3181914044615));
#4220=CARTESIAN_POINT('Ctrl Pts',(2.89615800980818,13.4793675448941,-38.1994233852506));
#4221=CARTESIAN_POINT('Ctrl Pts',(2.27085397322253,13.8557506693988,-38.0806553660397));
#4222=CARTESIAN_POINT('Ctrl Pts',(1.64554993663689,14.2321337939035,-37.9618873468288));
#4223=CARTESIAN_POINT('Ctrl Pts',(0.926805290451176,14.4532793536418,-37.8431193276178));
#4224=CARTESIAN_POINT('Ctrl Pts',(0.198072924922355,14.4935104204864,-37.7243513084069));
#4225=CARTESIAN_POINT('Ctrl Pts',(-0.530659440606468,14.533741487331,-37.605583289196));
#4226=CARTESIAN_POINT('Ctrl Pts',(-1.26937952547839,14.3930580612819,-37.4868152699851));
#4227=CARTESIAN_POINT('Ctrl Pts',(-1.9323151810222,14.0877947307753,-37.3680472507742));
#4228=CARTESIAN_POINT('Ctrl Pts',(-2.595250836566,13.7825314002686,-37.2492792315632));
#4229=CARTESIAN_POINT('Ctrl Pts',(-3.18240206278167,13.3126881653044,-37.1305112123523));
#4230=CARTESIAN_POINT('Ctrl Pts',(-3.62559520984937,12.7328181537927,-37.0117431931414));
#4231=CARTESIAN_POINT('Ctrl Pts',(-4.06878835691706,12.152948142281,-36.8929751739305));
#4232=CARTESIAN_POINT('Ctrl Pts',(-4.36802342483678,11.4630513542218,-36.7742071547195));
#4233=CARTESIAN_POINT('Ctrl Pts',(-4.48855648506129,10.7432311190558,-36.6554391355086));
#4234=CARTESIAN_POINT('Ctrl Pts',(-4.60908954528579,10.0234108838897,-36.5366711162977));
#4235=CARTESIAN_POINT('Ctrl Pts',(-4.55092059781508,9.2736672016169,-36.4179030970868));
#4236=CARTESIAN_POINT('Ctrl Pts',(-4.32080358803355,8.58105219018544,-36.2991350778758));
#4237=CARTESIAN_POINT('Ctrl Pts',(-4.09068657825203,7.88843717875397,-36.1803670586649));
#4238=CARTESIAN_POINT('Ctrl Pts',(-3.68862150615969,7.25295083816388,-36.061599039454));
#4239=CARTESIAN_POINT('Ctrl Pts',(-3.1612918127643,6.74837895440719,-35.942831020243));
#4240=CARTESIAN_POINT('Ctrl Pts',(-2.6339621193689,6.24380707065051,-35.8240630010321));
#4241=CARTESIAN_POINT('Ctrl Pts',(-1.98136780467046,5.87014964372723,-35.7052949818212));
#4242=CARTESIAN_POINT('Ctrl Pts',(-1.27928104906673,5.67079172661546,-35.5865269626103));
#4243=CARTESIAN_POINT('Ctrl Pts',(-0.577194293462998,5.4714338095037,-35.4677589433994));
#4244=CARTESIAN_POINT('Ctrl Pts',(0.174384903046026,5.44637540220344,-35.3489909241885));
#4245=CARTESIAN_POINT('Ctrl Pts',(0.888191307239845,5.59852601492189,-35.2302229049775));
#4246=CARTESIAN_POINT('Ctrl Pts',(1.60199771143366,5.75067662764033,-35.1114548857666));
#4247=CARTESIAN_POINT('Ctrl Pts',(2.27803132331228,6.08003626037747,-34.9926868665557));
#4248=CARTESIAN_POINT('Ctrl Pts',(2.83779844480985,6.54836324144468,-34.8739188473448));
#4249=CARTESIAN_POINT('Ctrl Pts',(3.39756556630743,7.0166902225119,-34.7551508281338));
#4250=CARTESIAN_POINT('Ctrl Pts',(3.84106619742396,7.62398455190918,-34.6363828089229));
#4251=CARTESIAN_POINT('Ctrl Pts',(4.11680585013616,8.29973379201091,-34.517614789712));
#4252=CARTESIAN_POINT('Ctrl Pts',(4.33631176586893,8.83767222159565,-34.4230680585464));
#4253=CARTESIAN_POINT('Ctrl Pts',(4.44950502763445,9.41899155717714,-34.3285213273809));
#4254=CARTESIAN_POINT('Ctrl Pts',(4.45006085422757,10.0001005205343,-34.2339745962153));
#4255=CARTESIAN_POINT('Ctrl Pts',(4.44988795845819,10.000099068566,-31.3660254037842));
#4256=CARTESIAN_POINT('Ctrl Pts',(4.4494344729191,9.47928072199612,-31.450753454551));
#4257=CARTESIAN_POINT('Ctrl Pts',(4.35898441276975,8.95830886116762,-31.5354815053177));
#4258=CARTESIAN_POINT('Ctrl Pts',(4.18182405213488,8.46871314955852,-31.6202095560845));
#4259=CARTESIAN_POINT('Ctrl Pts',(3.9334885254128,7.78241962155024,-31.7389775752954));
#4260=CARTESIAN_POINT('Ctrl Pts',(3.51477430362594,7.15777767738177,-31.8577455945063));
#4261=CARTESIAN_POINT('Ctrl Pts',(2.9742979454452,6.66731397162312,-31.9765136137172));
#4262=CARTESIAN_POINT('Ctrl Pts',(2.43382158726447,6.17685026586447,-32.0952816329282));
#4263=CARTESIAN_POINT('Ctrl Pts',(1.77158309268986,5.82056479851564,-32.2140496521391));
#4264=CARTESIAN_POINT('Ctrl Pts',(1.06447442036561,5.6398255776962,-32.33281767135));
#4265=CARTESIAN_POINT('Ctrl Pts',(0.357365748041365,5.45908635687675,-32.4515856905609));
#4266=CARTESIAN_POINT('Ctrl Pts',(-0.394613102032518,5.45389338258669,-32.5703537097718));
#4267=CARTESIAN_POINT('Ctrl Pts',(-1.10415049346705,5.62484960673514,-32.6891217289827));
#4268=CARTESIAN_POINT('Ctrl Pts',(-1.81368788490159,5.79580583088358,-32.8078897481937));
#4269=CARTESIAN_POINT('Ctrl Pts',(-2.48078381769677,6.14291125347053,-32.9266577674046));
#4270=CARTESIAN_POINT('Ctrl Pts',(-3.0279823401118,6.62586375370755,-33.0454257866155));
#4271=CARTESIAN_POINT('Ctrl Pts',(-3.57518086252683,7.10881625394457,-33.1641938058265));
#4272=CARTESIAN_POINT('Ctrl Pts',(-4.00248197456171,7.72761583183166,-33.2829618250374));
#4273=CARTESIAN_POINT('Ctrl Pts',(-4.26027210089052,8.41041418507113,-33.4017298442483));
#4274=CARTESIAN_POINT('Ctrl Pts',(-4.51806222721932,9.09321253831062,-33.5204978634592));
#4275=CARTESIAN_POINT('Ctrl Pts',(-4.60634136784205,9.84000966690249,-33.6392658826701));
#4276=CARTESIAN_POINT('Ctrl Pts',(-4.51485950544999,10.5640955798102,-33.7580339018811));
#4277=CARTESIAN_POINT('Ctrl Pts',(-4.42337764305792,11.2881814927179,-33.876801921092));
#4278=CARTESIAN_POINT('Ctrl Pts',(-4.15213477765106,11.9895561899415,-33.9955699403029));
#4279=CARTESIAN_POINT('Ctrl Pts',(-3.7326246918537,12.5867836410293,-34.1143379595138));
#4280=CARTESIAN_POINT('Ctrl Pts',(-3.31311460605634,13.1840110921171,-34.2331059787247));
#4281=CARTESIAN_POINT('Ctrl Pts',(-2.74533729986848,13.6770912970692,-34.3518739979357));
#4282=CARTESIAN_POINT('Ctrl Pts',(-2.09521692221153,14.0087731249958,-34.4706420171466));
#4283=CARTESIAN_POINT('Ctrl Pts',(-1.44509654455457,14.3404549529225,-34.5894100363575));
#4284=CARTESIAN_POINT('Ctrl Pts',(-0.712633095428528,14.5107384038237,-34.7081780555684));
#4285=CARTESIAN_POINT('Ctrl Pts',(0.0171277056586786,14.4998520084177,-34.8269460747794));
#4286=CARTESIAN_POINT('Ctrl Pts',(0.746888506745885,14.4889656130116,-34.9457140939903));
#4287=CARTESIAN_POINT('Ctrl Pts',(1.47394665979425,14.2969093712982,-35.0644821132012));
#4288=CARTESIAN_POINT('Ctrl Pts',(2.11388404979571,13.9459827731012,-35.1832501324121));
#4289=CARTESIAN_POINT('Ctrl Pts',(2.75382143979717,13.5950561749041,-35.302018151623));
#4290=CARTESIAN_POINT('Ctrl Pts',(3.30663806675172,13.0852592202234,-35.420786170834));
#4291=CARTESIAN_POINT('Ctrl Pts',(3.70814685357693,12.4757840078709,-35.5395541900449));
#4292=CARTESIAN_POINT('Ctrl Pts',(4.10965564040214,11.8663087955184,-35.6583222092558));
#4293=CARTESIAN_POINT('Ctrl Pts',(4.35985658709802,11.1571553254941,-35.7770902284667));
#4294=CARTESIAN_POINT('Ctrl Pts',(4.4296990709135,10.4306628149049,-35.8958582476777));
#4295=CARTESIAN_POINT('Ctrl Pts',(4.44345319007035,10.2875942410036,-35.9192472997132));
#4296=CARTESIAN_POINT('Ctrl Pts',(4.45021271156144,10.1438532306071,-35.9426363517487));
#4297=CARTESIAN_POINT('Ctrl Pts',(4.4500756364707,10.0000993833698,-35.9660254037842));
#4298=CARTESIAN_POINT('Origin',(-0.0499999999999989,10.,-37.9999999999998));
#4299=CARTESIAN_POINT('',(4.45,10.,-41.9999999999998));
#4300=CARTESIAN_POINT('',(4.45025207745754,10.0000677228936,-40.5660254037842));
#4301=CARTESIAN_POINT('',(4.45,10.,-37.9999999999998));
#4302=CARTESIAN_POINT('',(-1.75203580217196,14.1657021170656,-41.9999999999998));
#4303=CARTESIAN_POINT('Origin',(-0.0499999999999989,10.,-41.9999999999998));
#4304=CARTESIAN_POINT('Ctrl Pts',(-1.75203580217196,14.1657021170656,-41.9999999999998));
#4305=CARTESIAN_POINT('Ctrl Pts',(-2.427822690223,13.8895869638987,-41.881231980789));
#4306=CARTESIAN_POINT('Ctrl Pts',(-3.03485562381333,13.4460718335671,-41.7624639615782));
#4307=CARTESIAN_POINT('Ctrl Pts',(-3.50291806867812,12.8861874081527,-41.6436959423674));
#4308=CARTESIAN_POINT('Ctrl Pts',(-3.97098051354346,12.3263029827377,-41.5249279231565));
#4309=CARTESIAN_POINT('Ctrl Pts',(-4.30007246968294,11.6500492622398,-41.4061599039456));
#4310=CARTESIAN_POINT('Ctrl Pts',(-4.4519086127042,10.9361571910633,-41.2873918847346));
#4311=CARTESIAN_POINT('Ctrl Pts',(-4.60374475572546,10.2222651198868,-41.1686238655237));
#4312=CARTESIAN_POINT('Ctrl Pts',(-4.57832508562851,9.47073469803192,-41.0498558463128));
#4313=CARTESIAN_POINT('Ctrl Pts',(-4.37864188177565,8.7687491368807,-40.9310878271019));
#4314=CARTESIAN_POINT('Ctrl Pts',(-4.17895867792279,8.06676357572948,-40.812319807891));
#4315=CARTESIAN_POINT('Ctrl Pts',(-3.80501194031402,7.41432287528197,-40.69355178868));
#4316=CARTESIAN_POINT('Ctrl Pts',(-3.30020154341072,6.88721924885769,-40.5747837694691));
#4317=CARTESIAN_POINT('Ctrl Pts',(-2.79539114650742,6.3601156224334,-40.4560157502582));
#4318=CARTESIAN_POINT('Ctrl Pts',(-2.15971709030959,5.95834907003235,-40.3372477310473));
#4319=CARTESIAN_POINT('Ctrl Pts',(-1.4669959606013,5.72855060161734,-40.2184797118364));
#4320=CARTESIAN_POINT('Ctrl Pts',(-0.774274830893016,5.49875213320233,-40.0997116926254));
#4321=CARTESIAN_POINT('Ctrl Pts',(-0.0245066276742791,5.44092174877336,
-39.9809436734145));
#4322=CARTESIAN_POINT('Ctrl Pts',(0.695257962449504,5.5617825636198,-39.8621756542035));
#4323=CARTESIAN_POINT('Ctrl Pts',(1.41502255257329,5.68264337846624,-39.7434076349926));
#4324=CARTESIAN_POINT('Ctrl Pts',(2.10478352960212,5.98219539258809,-39.6246396157817));
#4325=CARTESIAN_POINT('Ctrl Pts',(2.68445128861842,6.42565384213287,-39.5058715965708));
#4326=CARTESIAN_POINT('Ctrl Pts',(3.26411904763473,6.86911229167765,-39.3871035773599));
#4327=CARTESIAN_POINT('Ctrl Pts',(3.7336935886385,7.45647717664536,-39.2683355581489));
#4328=CARTESIAN_POINT('Ctrl Pts',(4.0386539711065,8.1195519678727,-39.149567538938));
#4329=CARTESIAN_POINT('Ctrl Pts',(4.30876974008295,8.70686418092736,-39.0443698913638));
#4330=CARTESIAN_POINT('Ctrl Pts',(4.44973973015904,9.35357356188875,-38.9391722437896));
#4331=CARTESIAN_POINT('Ctrl Pts',(4.45023996267206,10.0000715611674,-38.8339745962153));
#4332=CARTESIAN_POINT('Ctrl Pts',(4.4500756364707,10.0000993833698,-35.9660254037842));
#4333=CARTESIAN_POINT('Ctrl Pts',(4.44951665355165,9.41388094851583,-36.0614043709596));
#4334=CARTESIAN_POINT('Ctrl Pts',(4.33427050678942,8.82744904302521,-36.156783338135));
#4335=CARTESIAN_POINT('Ctrl Pts',(4.1109830512333,8.28553382210005,-36.2521623053104));
#4336=CARTESIAN_POINT('Ctrl Pts',(3.83294052680254,7.61072889103835,-36.3709303245213));
#4337=CARTESIAN_POINT('Ctrl Pts',(3.38737145700593,7.00495058006899,-36.4896983437323));
#4338=CARTESIAN_POINT('Ctrl Pts',(2.8260104956157,6.53853530234261,-36.6084663629432));
#4339=CARTESIAN_POINT('Ctrl Pts',(2.26464953422546,6.07212002461624,-36.7272343821541));
#4340=CARTESIAN_POINT('Ctrl Pts',(1.5874966812416,5.74506778013286,-36.846002401365));
#4341=CARTESIAN_POINT('Ctrl Pts',(0.873175586655042,5.59535233342258,-36.964770420576));
#4342=CARTESIAN_POINT('Ctrl Pts',(0.158854492068481,5.4456368867123,-37.0835384397869));
#4343=CARTESIAN_POINT('Ctrl Pts',(-0.592634844120782,5.47325823777513,-37.2023064589978));
#4344=CARTESIAN_POINT('Ctrl Pts',(-1.29403761763221,5.6750092914402,-37.3210744782087));
#4345=CARTESIAN_POINT('Ctrl Pts',(-1.99544039114364,5.87676034510527,-37.4398424974196));
#4346=CARTESIAN_POINT('Ctrl Pts',(-2.64675660197724,6.25264110137258,-37.5586105166306));
#4347=CARTESIAN_POINT('Ctrl Pts',(-3.17236247909546,6.75900836612114,-37.6773785358415));
#4348=CARTESIAN_POINT('Ctrl Pts',(-3.69796835621367,7.2653756308697,-37.7961465550524));
#4349=CARTESIAN_POINT('Ctrl Pts',(-4.0978638996165,7.90222940409949,-37.9149145742633));
#4350=CARTESIAN_POINT('Ctrl Pts',(-4.32561754993292,8.59562511205129,-38.0336825934743));
#4351=CARTESIAN_POINT('Ctrl Pts',(-4.55337120024933,9.28902082000308,-38.1524506126852));
#4352=CARTESIAN_POINT('Ctrl Pts',(-4.60898295747933,10.0389584626769,-38.2712186318961));
#4353=CARTESIAN_POINT('Ctrl Pts',(-4.48599583251572,10.758363435757,-38.389986651107));
#4354=CARTESIAN_POINT('Ctrl Pts',(-4.36300870755211,11.4777684088372,-38.5087546703179));
#4355=CARTESIAN_POINT('Ctrl Pts',(-4.06142270039489,12.1666407123237,-38.6275226895289));
#4356=CARTESIAN_POINT('Ctrl Pts',(-3.61625461488594,12.7449958970365,-38.7462907087398));
#4357=CARTESIAN_POINT('Ctrl Pts',(-3.171086529377,13.3233510817493,-38.8650587279507));
#4358=CARTESIAN_POINT('Ctrl Pts',(-2.58233636551633,13.7911891476884,-38.9838267471616));
#4359=CARTESIAN_POINT('Ctrl Pts',(-1.91836361382081,14.0941899360753,-39.1025947663726));
#4360=CARTESIAN_POINT('Ctrl Pts',(-1.2543908621253,14.3971907244622,-39.2213627855835));
#4361=CARTESIAN_POINT('Ctrl Pts',(-0.515195522594933,14.5353542352969,-39.3401308047944));
#4362=CARTESIAN_POINT('Ctrl Pts',(0.213395471873289,14.4926381493307,-39.4588988240053));
#4363=CARTESIAN_POINT('Ctrl Pts',(0.941986466341512,14.4499220633645,-39.5776668432162));
#4364=CARTESIAN_POINT('Ctrl Pts',(1.65997311574759,14.2263263805974,-39.6964348624272));
#4365=CARTESIAN_POINT('Ctrl Pts',(2.28398970716782,13.8478131740873,-39.8152028816381));
#4366=CARTESIAN_POINT('Ctrl Pts',(2.90800629858805,13.4692999675771,-39.933970900849));
#4367=CARTESIAN_POINT('Ctrl Pts',(3.43805283202243,12.935869237324,-40.0527389200599));
#4368=CARTESIAN_POINT('Ctrl Pts',(3.81258789839326,12.3094559948157,-40.1715069392709));
#4369=CARTESIAN_POINT('Ctrl Pts',(4.18712296476408,11.6830427523073,-40.2902749584818));
#4370=CARTESIAN_POINT('Ctrl Pts',(4.40614656407134,10.9636469975438,-40.4090429776927));
#4371=CARTESIAN_POINT('Ctrl Pts',(4.44422416627951,10.2347996570963,-40.5278109969036));
#4372=CARTESIAN_POINT('Ctrl Pts',(4.44830807425824,10.1566291501232,-40.5405491325305));
#4373=CARTESIAN_POINT('Ctrl Pts',(4.45031055280924,10.0783499211618,-40.5532872681574));
#4374=CARTESIAN_POINT('Ctrl Pts',(4.45025207745754,10.0000677228936,-40.5660254037842));
#4375=CARTESIAN_POINT('Origin',(-3.67346663143529,-3.52296156804696,-51.9999999999998));
#4376=CARTESIAN_POINT('',(-3.41464758633277,-2.55703574175789,-41.9999999999998));
#4377=CARTESIAN_POINT('',(-2.69891348850668,-3.74711814637553,-42.9999999999998));
#4378=CARTESIAN_POINT('Ctrl Pts',(-3.41464758633277,-2.55703574175789,-41.9999999999998));
#4379=CARTESIAN_POINT('Ctrl Pts',(-3.30071314976718,-2.58756438202573,-41.9999999999998));
#4380=CARTESIAN_POINT('Ctrl Pts',(-3.18892666622139,-2.64050266636548,-42.0239602359055));
#4381=CARTESIAN_POINT('Ctrl Pts',(-2.99942137654173,-2.77518113522911,-42.1107860799176));
#4382=CARTESIAN_POINT('Ctrl Pts',(-2.92133198594693,-2.8566831121412,-42.1732112281611));
#4383=CARTESIAN_POINT('Ctrl Pts',(-2.77877425575519,-3.05339851355637,-42.3351329465426));
#4384=CARTESIAN_POINT('Ctrl Pts',(-2.7216963931962,-3.18683221289981,-42.4546520098302));
#4385=CARTESIAN_POINT('Ctrl Pts',(-2.66632421093182,-3.45577814702874,-42.7076720567999));
#4386=CARTESIAN_POINT('Ctrl Pts',(-2.66824666094895,-3.59130792764228,-42.8412017816935));
#4387=CARTESIAN_POINT('Ctrl Pts',(-2.6937586284754,-3.72374044886479,-42.9760692468748));
#4388=CARTESIAN_POINT('Ctrl Pts',(-2.6962206095456,-3.73541046563462,-42.9879942804449));
#4389=CARTESIAN_POINT('Ctrl Pts',(-2.69891348850668,-3.74711814637553,-42.9999999999998));
#4390=CARTESIAN_POINT('',(-4.62953269971372,-3.22981028784059,-42.9999999999998));
#4391=CARTESIAN_POINT('Ctrl Pts',(-4.62953269971372,-3.22981028784059,-42.9999999999998));
#4392=CARTESIAN_POINT('Ctrl Pts',(-4.62601096093884,-3.21832469943849,-42.9879942804653));
#4393=CARTESIAN_POINT('Ctrl Pts',(-4.62230809070579,-3.20698717792002,-42.9760692468974));
#4394=CARTESIAN_POINT('Ctrl Pts',(-4.61843813555485,-3.19580891804698,-42.9642400437687));
#4395=CARTESIAN_POINT('Ctrl Pts',(-4.57818584206556,-3.07954126646953,-42.8412017816935));
#4396=CARTESIAN_POINT('Ctrl Pts',(-4.51208584231114,-2.96120780848031,-42.7076720567999));
#4397=CARTESIAN_POINT('Ctrl Pts',(-4.32965915874274,-2.7559798884123,-42.4546520098302));
#4398=CARTESIAN_POINT('Ctrl Pts',(-4.21351143010121,-2.66896184633944,-42.3351329465426));
#4399=CARTESIAN_POINT('Ctrl Pts',(-3.99169511354173,-2.56988017649412,-42.1732112281611));
#4400=CARTESIAN_POINT('Ctrl Pts',(-3.88331672906454,-2.538342089327,-42.1107860799176));
#4401=CARTESIAN_POINT('Ctrl Pts',(-3.65186109961862,-2.51645975878814,-42.0239602359055));
#4402=CARTESIAN_POINT('Ctrl Pts',(-3.52858202289836,-2.52650710149004,-41.9999999999998));
#4403=CARTESIAN_POINT('Ctrl Pts',(-3.41464758633277,-2.55703574175789,-41.9999999999998));
#4404=CARTESIAN_POINT('',(-4.62953269971372,-3.22981028784059,-50.9999999999998));
#4405=CARTESIAN_POINT('',(-4.62953269971372,-3.22981028784059,-51.9999999999998));
#4406=CARTESIAN_POINT('',(-3.41464758633277,-2.55703574175789,-51.9999999999998));
#4407=CARTESIAN_POINT('Ctrl Pts',(-3.41464758633277,-2.55703574175789,-51.9999999999998));
#4408=CARTESIAN_POINT('Ctrl Pts',(-3.52858202289836,-2.52650710149004,-51.9999999999998));
#4409=CARTESIAN_POINT('Ctrl Pts',(-3.65186109961862,-2.51645975878814,-51.976039764094));
#4410=CARTESIAN_POINT('Ctrl Pts',(-3.88331672906454,-2.538342089327,-51.889213920082));
#4411=CARTESIAN_POINT('Ctrl Pts',(-3.99169511354173,-2.56988017649412,-51.8267887718385));
#4412=CARTESIAN_POINT('Ctrl Pts',(-4.21351143010121,-2.66896184633944,-51.664867053457));
#4413=CARTESIAN_POINT('Ctrl Pts',(-4.32965915874274,-2.7559798884123,-51.5453479901694));
#4414=CARTESIAN_POINT('Ctrl Pts',(-4.51208584231114,-2.96120780848031,-51.2923279431997));
#4415=CARTESIAN_POINT('Ctrl Pts',(-4.57818584206556,-3.07954126646953,-51.158798218306));
#4416=CARTESIAN_POINT('Ctrl Pts',(-4.61843813555485,-3.19580891804698,-51.0357599562308));
#4417=CARTESIAN_POINT('Ctrl Pts',(-4.6223080906984,-3.20698717789866,-51.0239307531248));
#4418=CARTESIAN_POINT('Ctrl Pts',(-4.62601096093287,-3.21832469941902,-51.0120057195547));
#4419=CARTESIAN_POINT('Ctrl Pts',(-4.62953269971372,-3.22981028784059,-50.9999999999998));
#4420=CARTESIAN_POINT('',(-2.69891348850668,-3.74711814637553,-50.9999999999998));
#4421=CARTESIAN_POINT('Ctrl Pts',(-2.69891348850668,-3.74711814637553,-50.9999999999998));
#4422=CARTESIAN_POINT('Ctrl Pts',(-2.69622060955017,-3.73541046565446,-51.0120057195343));
#4423=CARTESIAN_POINT('Ctrl Pts',(-2.69375862847967,-3.72374044888698,-51.0239307531022));
#4424=CARTESIAN_POINT('Ctrl Pts',(-2.66824666094895,-3.59130792764228,-51.158798218306));
#4425=CARTESIAN_POINT('Ctrl Pts',(-2.66632421093182,-3.45577814702875,-51.2923279431997));
#4426=CARTESIAN_POINT('Ctrl Pts',(-2.7216963931962,-3.18683221289981,-51.5453479901694));
#4427=CARTESIAN_POINT('Ctrl Pts',(-2.77877425575519,-3.05339851355637,-51.664867053457));
#4428=CARTESIAN_POINT('Ctrl Pts',(-2.92133198594693,-2.8566831121412,-51.8267887718385));
#4429=CARTESIAN_POINT('Ctrl Pts',(-2.99942137654173,-2.77518113522911,-51.889213920082));
#4430=CARTESIAN_POINT('Ctrl Pts',(-3.18892666622139,-2.64050266636548,-51.976039764094));
#4431=CARTESIAN_POINT('Ctrl Pts',(-3.30071314976718,-2.58756438202573,-51.9999999999998));
#4432=CARTESIAN_POINT('Ctrl Pts',(-3.41464758633277,-2.55703574175789,-51.9999999999998));
#4433=CARTESIAN_POINT('',(-2.69891348850668,-3.74711814637553,-51.9999999999998));
#4434=CARTESIAN_POINT('Origin',(-13.572961568047,6.37653336856471,-51.9999999999998));
#4435=CARTESIAN_POINT('',(-12.6070357417579,6.63535241366723,-41.9999999999998));
#4436=CARTESIAN_POINT('',(-13.2798102878406,5.42046730028628,-42.9999999999998));
#4437=CARTESIAN_POINT('Ctrl Pts',(-12.6070357417579,6.63535241366723,-41.9999999999998));
#4438=CARTESIAN_POINT('Ctrl Pts',(-12.57650710149,6.52141797710164,-41.9999999999998));
#4439=CARTESIAN_POINT('Ctrl Pts',(-12.5664597587881,6.39813890038138,-42.0239602359055));
#4440=CARTESIAN_POINT('Ctrl Pts',(-12.588342089327,6.16668327093545,-42.1107860799176));
#4441=CARTESIAN_POINT('Ctrl Pts',(-12.6198801764941,6.05830488645826,-42.1732112281611));
#4442=CARTESIAN_POINT('Ctrl Pts',(-12.7189618463394,5.83648856989879,-42.3351329465426));
#4443=CARTESIAN_POINT('Ctrl Pts',(-12.8059798884123,5.72034084125726,-42.4546520098302));
#4444=CARTESIAN_POINT('Ctrl Pts',(-13.0112078084803,5.53791415768886,-42.7076720567999));
#4445=CARTESIAN_POINT('Ctrl Pts',(-13.1295412664695,5.47181415793443,-42.8412017816935));
#4446=CARTESIAN_POINT('Ctrl Pts',(-13.2569871778987,5.4276919093016,-42.9760692468748));
#4447=CARTESIAN_POINT('Ctrl Pts',(-13.268324699419,5.42398903906712,-42.9879942804449));
#4448=CARTESIAN_POINT('Ctrl Pts',(-13.2798102878406,5.42046730028628,-42.9999999999998));
#4449=CARTESIAN_POINT('',(-13.7971181463755,7.35108651149332,-42.9999999999998));
#4450=CARTESIAN_POINT('Ctrl Pts',(-13.7971181463755,7.35108651149331,-42.9999999999998));
#4451=CARTESIAN_POINT('Ctrl Pts',(-13.7854104656545,7.35377939044983,-42.9879942804653));
#4452=CARTESIAN_POINT('Ctrl Pts',(-13.773740448887,7.35624137152033,-42.9760692468974));
#4453=CARTESIAN_POINT('Ctrl Pts',(-13.7621248142914,7.35847902198463,-42.9642400437687));
#4454=CARTESIAN_POINT('Ctrl Pts',(-13.6413079276423,7.38175333905104,-42.8412017816935));
#4455=CARTESIAN_POINT('Ctrl Pts',(-13.5057781470288,7.38367578906818,-42.7076720567999));
#4456=CARTESIAN_POINT('Ctrl Pts',(-13.2368322128998,7.3283036068038,-42.4546520098302));
#4457=CARTESIAN_POINT('Ctrl Pts',(-13.1033985135564,7.2712257442448,-42.3351329465426));
#4458=CARTESIAN_POINT('Ctrl Pts',(-12.9066831121412,7.12866801405307,-42.1732112281611));
#4459=CARTESIAN_POINT('Ctrl Pts',(-12.8251811352291,7.05057862345826,-42.1107860799176));
#4460=CARTESIAN_POINT('Ctrl Pts',(-12.6905026663655,6.86107333377861,-42.0239602359055));
#4461=CARTESIAN_POINT('Ctrl Pts',(-12.6375643820257,6.74928685023282,-41.9999999999998));
#4462=CARTESIAN_POINT('Ctrl Pts',(-12.6070357417579,6.63535241366723,-41.9999999999998));
#4463=CARTESIAN_POINT('',(-13.7971181463755,7.35108651149332,-50.9999999999998));
#4464=CARTESIAN_POINT('',(-13.7971181463755,7.35108651149332,-51.9999999999998));
#4465=CARTESIAN_POINT('',(-12.6070357417579,6.63535241366723,-51.9999999999998));
#4466=CARTESIAN_POINT('Ctrl Pts',(-12.6070357417579,6.63535241366723,-51.9999999999998));
#4467=CARTESIAN_POINT('Ctrl Pts',(-12.6375643820257,6.74928685023282,-51.9999999999998));
#4468=CARTESIAN_POINT('Ctrl Pts',(-12.6905026663655,6.86107333377861,-51.976039764094));
#4469=CARTESIAN_POINT('Ctrl Pts',(-12.8251811352291,7.05057862345826,-51.889213920082));
#4470=CARTESIAN_POINT('Ctrl Pts',(-12.9066831121412,7.12866801405307,-51.8267887718385));
#4471=CARTESIAN_POINT('Ctrl Pts',(-13.1033985135564,7.2712257442448,-51.664867053457));
#4472=CARTESIAN_POINT('Ctrl Pts',(-13.2368322128998,7.3283036068038,-51.5453479901694));
#4473=CARTESIAN_POINT('Ctrl Pts',(-13.5057781470288,7.38367578906818,-51.2923279431997));
#4474=CARTESIAN_POINT('Ctrl Pts',(-13.6413079276423,7.38175333905104,-51.158798218306));
#4475=CARTESIAN_POINT('Ctrl Pts',(-13.7621248142914,7.35847902198463,-51.0357599562308));
#4476=CARTESIAN_POINT('Ctrl Pts',(-13.7737404488648,7.3562413715246,-51.0239307531248));
#4477=CARTESIAN_POINT('Ctrl Pts',(-13.7854104656346,7.35377939045439,-51.0120057195547));
#4478=CARTESIAN_POINT('Ctrl Pts',(-13.7971181463755,7.35108651149331,-50.9999999999998));
#4479=CARTESIAN_POINT('',(-13.2798102878406,5.42046730028628,-50.9999999999998));
#4480=CARTESIAN_POINT('Ctrl Pts',(-13.2798102878406,5.42046730028628,-50.9999999999998));
#4481=CARTESIAN_POINT('Ctrl Pts',(-13.2683246994385,5.42398903906116,-51.0120057195343));
#4482=CARTESIAN_POINT('Ctrl Pts',(-13.25698717792,5.42769190929421,-51.0239307531022));
#4483=CARTESIAN_POINT('Ctrl Pts',(-13.1295412664695,5.47181415793443,-51.158798218306));
#4484=CARTESIAN_POINT('Ctrl Pts',(-13.0112078084803,5.53791415768886,-51.2923279431997));
#4485=CARTESIAN_POINT('Ctrl Pts',(-12.8059798884123,5.72034084125726,-51.5453479901694));
#4486=CARTESIAN_POINT('Ctrl Pts',(-12.7189618463394,5.83648856989879,-51.664867053457));
#4487=CARTESIAN_POINT('Ctrl Pts',(-12.6198801764941,6.05830488645826,-51.8267887718385));
#4488=CARTESIAN_POINT('Ctrl Pts',(-12.588342089327,6.16668327093545,-51.889213920082));
#4489=CARTESIAN_POINT('Ctrl Pts',(-12.5664597587881,6.39813890038138,-51.976039764094));
#4490=CARTESIAN_POINT('Ctrl Pts',(-12.57650710149,6.52141797710164,-51.9999999999998));
#4491=CARTESIAN_POINT('Ctrl Pts',(-12.6070357417579,6.63535241366723,-51.9999999999998));
#4492=CARTESIAN_POINT('',(-13.2798102878406,5.42046730028628,-51.9999999999998));
#4493=CARTESIAN_POINT('Origin',(-9.94949493661167,19.8994949366117,-51.9999999999998));
#4494=CARTESIAN_POINT('',(-9.24238815542512,19.1923881554251,-41.9999999999998));
#4495=CARTESIAN_POINT('',(-10.6308967993339,19.1675854466618,-42.9999999999998));
#4496=CARTESIAN_POINT('Ctrl Pts',(-9.24238815542512,19.1923881554251,-41.9999999999998));
#4497=CARTESIAN_POINT('Ctrl Pts',(-9.32579395172286,19.1089823591274,-41.9999999999998));
#4498=CARTESIAN_POINT('Ctrl Pts',(-9.42753309256675,19.0386415667469,-42.0239602359055));
#4499=CARTESIAN_POINT('Ctrl Pts',(-9.63892071278527,18.9418644061646,-42.1107860799176));
#4500=CARTESIAN_POINT('Ctrl Pts',(-9.74854819054719,18.9149879985995,-42.1732112281611));
#4501=CARTESIAN_POINT('Ctrl Pts',(-9.99018759058425,18.8898870834552,-42.3351329465426));
#4502=CARTESIAN_POINT('Ctrl Pts',(-10.1342834952161,18.9071730541571,-42.4546520098302));
#4503=CARTESIAN_POINT('Ctrl Pts',(-10.3948835975485,18.9936923047176,-42.7076720567999));
#4504=CARTESIAN_POINT('Ctrl Pts',(-10.5112946055206,19.0631220855767,-42.8412017816935));
#4505=CARTESIAN_POINT('Ctrl Pts',(-10.6132285494233,19.1514323581664,-42.9760692468748));
#4506=CARTESIAN_POINT('Ctrl Pts',(-10.6221040898734,19.1593995047017,-42.9879942804449));
#4507=CARTESIAN_POINT('Ctrl Pts',(-10.6308967993339,19.1675854466618,-42.9999999999998));
#4508=CARTESIAN_POINT('',(-9.21758544666181,20.5808967993339,-42.9999999999998));
#4509=CARTESIAN_POINT('Ctrl Pts',(-9.21758544666181,20.5808967993339,-42.9999999999998));
#4510=CARTESIAN_POINT('Ctrl Pts',(-9.20939950471562,20.5721040898883,-42.9879942804653));
#4511=CARTESIAN_POINT('Ctrl Pts',(-9.20143235818119,20.5632285494403,-42.9760692468974));
#4512=CARTESIAN_POINT('Ctrl Pts',(-9.1936866787365,20.5542879400316,-42.9642400437687));
#4513=CARTESIAN_POINT('Ctrl Pts',(-9.11312208557672,20.4612946055206,-42.8412017816935));
#4514=CARTESIAN_POINT('Ctrl Pts',(-9.04369230471761,20.3448835975485,-42.7076720567999));
#4515=CARTESIAN_POINT('Ctrl Pts',(-8.95717305415707,20.0842834952161,-42.4546520098302));
#4516=CARTESIAN_POINT('Ctrl Pts',(-8.93988708345516,19.9401875905842,-42.3351329465426));
#4517=CARTESIAN_POINT('Ctrl Pts',(-8.96498799859947,19.6985481905472,-42.1732112281611));
#4518=CARTESIAN_POINT('Ctrl Pts',(-8.99186440616457,19.5889207127853,-42.1107860799176));
#4519=CARTESIAN_POINT('Ctrl Pts',(-9.08864156674686,19.3775330925667,-42.0239602359055));
#4520=CARTESIAN_POINT('Ctrl Pts',(-9.15898235912737,19.2757939517229,-41.9999999999998));
#4521=CARTESIAN_POINT('Ctrl Pts',(-9.24238815542512,19.1923881554251,-41.9999999999998));
#4522=CARTESIAN_POINT('',(-9.21758544666181,20.5808967993339,-50.9999999999998));
#4523=CARTESIAN_POINT('',(-9.21758544666181,20.5808967993339,-51.9999999999998));
#4524=CARTESIAN_POINT('',(-9.24238815542512,19.1923881554251,-51.9999999999998));
#4525=CARTESIAN_POINT('Ctrl Pts',(-9.24238815542512,19.1923881554251,-51.9999999999998));
#4526=CARTESIAN_POINT('Ctrl Pts',(-9.15898235912737,19.2757939517229,-51.9999999999998));
#4527=CARTESIAN_POINT('Ctrl Pts',(-9.08864156674686,19.3775330925667,-51.976039764094));
#4528=CARTESIAN_POINT('Ctrl Pts',(-8.99186440616457,19.5889207127853,-51.889213920082));
#4529=CARTESIAN_POINT('Ctrl Pts',(-8.96498799859947,19.6985481905472,-51.8267887718385));
#4530=CARTESIAN_POINT('Ctrl Pts',(-8.93988708345516,19.9401875905842,-51.664867053457));
#4531=CARTESIAN_POINT('Ctrl Pts',(-8.95717305415707,20.0842834952161,-51.5453479901694));
#4532=CARTESIAN_POINT('Ctrl Pts',(-9.04369230471761,20.3448835975485,-51.2923279431997));
#4533=CARTESIAN_POINT('Ctrl Pts',(-9.11312208557672,20.4612946055206,-51.158798218306));
#4534=CARTESIAN_POINT('Ctrl Pts',(-9.1936866787365,20.5542879400316,-51.0357599562308));
#4535=CARTESIAN_POINT('Ctrl Pts',(-9.20143235816639,20.5632285494233,-51.0239307531248));
#4536=CARTESIAN_POINT('Ctrl Pts',(-9.20939950470175,20.5721040898734,-51.0120057195547));
#4537=CARTESIAN_POINT('Ctrl Pts',(-9.21758544666181,20.5808967993339,-50.9999999999998));
#4538=CARTESIAN_POINT('',(-10.6308967993339,19.1675854466618,-50.9999999999998));
#4539=CARTESIAN_POINT('Ctrl Pts',(-10.6308967993339,19.1675854466618,-50.9999999999998));
#4540=CARTESIAN_POINT('Ctrl Pts',(-10.6221040898883,19.1593995047156,-51.0120057195343));
#4541=CARTESIAN_POINT('Ctrl Pts',(-10.6132285494404,19.1514323581812,-51.0239307531022));
#4542=CARTESIAN_POINT('Ctrl Pts',(-10.5112946055206,19.0631220855767,-51.158798218306));
#4543=CARTESIAN_POINT('Ctrl Pts',(-10.3948835975485,18.9936923047176,-51.2923279431997));
#4544=CARTESIAN_POINT('Ctrl Pts',(-10.1342834952161,18.9071730541571,-51.5453479901694));
#4545=CARTESIAN_POINT('Ctrl Pts',(-9.99018759058425,18.8898870834552,-51.664867053457));
#4546=CARTESIAN_POINT('Ctrl Pts',(-9.74854819054719,18.9149879985995,-51.8267887718385));
#4547=CARTESIAN_POINT('Ctrl Pts',(-9.63892071278527,18.9418644061646,-51.889213920082));
#4548=CARTESIAN_POINT('Ctrl Pts',(-9.42753309256675,19.0386415667469,-51.976039764094));
#4549=CARTESIAN_POINT('Ctrl Pts',(-9.32579395172286,19.1089823591274,-51.9999999999998));
#4550=CARTESIAN_POINT('Ctrl Pts',(-9.24238815542512,19.1923881554251,-51.9999999999998));
#4551=CARTESIAN_POINT('',(-10.6308967993339,19.1675854466618,-51.9999999999998));
#4552=CARTESIAN_POINT('Origin',(3.57346663143529,23.522961568047,-51.9999999999998));
#4553=CARTESIAN_POINT('',(3.31464758633277,22.5570357417579,-41.9999999999998));
#4554=CARTESIAN_POINT('',(2.59891348850668,23.7471181463755,-42.9999999999998));
#4555=CARTESIAN_POINT('Ctrl Pts',(3.31464758633277,22.5570357417579,-41.9999999999998));
#4556=CARTESIAN_POINT('Ctrl Pts',(3.20071314976718,22.5875643820257,-41.9999999999998));
#4557=CARTESIAN_POINT('Ctrl Pts',(3.08892666622138,22.6405026663655,-42.0239602359056));
#4558=CARTESIAN_POINT('Ctrl Pts',(2.89942137654173,22.7751811352291,-42.1107860799176));
#4559=CARTESIAN_POINT('Ctrl Pts',(2.82133198594693,22.8566831121412,-42.1732112281611));
#4560=CARTESIAN_POINT('Ctrl Pts',(2.67877425575519,23.0533985135564,-42.3351329465426));
#4561=CARTESIAN_POINT('Ctrl Pts',(2.6216963931962,23.1868322128998,-42.4546520098302));
#4562=CARTESIAN_POINT('Ctrl Pts',(2.56632421093182,23.4557781470287,-42.7076720567999));
#4563=CARTESIAN_POINT('Ctrl Pts',(2.56824666094895,23.5913079276423,-42.8412017816935));
#4564=CARTESIAN_POINT('Ctrl Pts',(2.59375862847539,23.7237404488648,-42.9760692468748));
#4565=CARTESIAN_POINT('Ctrl Pts',(2.5962206095456,23.7354104656346,-42.9879942804449));
#4566=CARTESIAN_POINT('Ctrl Pts',(2.59891348850668,23.7471181463755,-42.9999999999998));
#4567=CARTESIAN_POINT('',(4.52953269971371,23.2298102878406,-42.9999999999998));
#4568=CARTESIAN_POINT('Ctrl Pts',(4.52953269971371,23.2298102878406,-42.9999999999998));
#4569=CARTESIAN_POINT('Ctrl Pts',(4.52601096093884,23.2183246994385,-42.9879942804653));
#4570=CARTESIAN_POINT('Ctrl Pts',(4.52230809070578,23.20698717792,-42.9760692468974));
#4571=CARTESIAN_POINT('Ctrl Pts',(4.51843813555485,23.195808918047,-42.9642400437687));
#4572=CARTESIAN_POINT('Ctrl Pts',(4.47818584206556,23.0795412664695,-42.8412017816935));
#4573=CARTESIAN_POINT('Ctrl Pts',(4.41208584231113,22.9612078084803,-42.7076720567999));
#4574=CARTESIAN_POINT('Ctrl Pts',(4.22965915874274,22.7559798884123,-42.4546520098302));
#4575=CARTESIAN_POINT('Ctrl Pts',(4.11351143010121,22.6689618463395,-42.3351329465426));
#4576=CARTESIAN_POINT('Ctrl Pts',(3.89169511354173,22.5698801764941,-42.1732112281611));
#4577=CARTESIAN_POINT('Ctrl Pts',(3.78331672906454,22.538342089327,-42.1107860799176));
#4578=CARTESIAN_POINT('Ctrl Pts',(3.55186109961862,22.5164597587881,-42.0239602359056));
#4579=CARTESIAN_POINT('Ctrl Pts',(3.42858202289836,22.52650710149,-41.9999999999998));
#4580=CARTESIAN_POINT('Ctrl Pts',(3.31464758633277,22.5570357417579,-41.9999999999998));
#4581=CARTESIAN_POINT('',(4.52953269971371,23.2298102878406,-50.9999999999998));
#4582=CARTESIAN_POINT('',(4.52953269971371,23.2298102878406,-51.9999999999998));
#4583=CARTESIAN_POINT('',(3.31464758633277,22.5570357417579,-51.9999999999998));
#4584=CARTESIAN_POINT('Ctrl Pts',(3.31464758633277,22.5570357417579,-51.9999999999998));
#4585=CARTESIAN_POINT('Ctrl Pts',(3.42858202289836,22.52650710149,-51.9999999999998));
#4586=CARTESIAN_POINT('Ctrl Pts',(3.55186109961862,22.5164597587881,-51.976039764094));
#4587=CARTESIAN_POINT('Ctrl Pts',(3.78331672906454,22.538342089327,-51.889213920082));
#4588=CARTESIAN_POINT('Ctrl Pts',(3.89169511354173,22.5698801764941,-51.8267887718385));
#4589=CARTESIAN_POINT('Ctrl Pts',(4.11351143010121,22.6689618463395,-51.664867053457));
#4590=CARTESIAN_POINT('Ctrl Pts',(4.22965915874274,22.7559798884123,-51.5453479901694));
#4591=CARTESIAN_POINT('Ctrl Pts',(4.41208584231113,22.9612078084803,-51.2923279431997));
#4592=CARTESIAN_POINT('Ctrl Pts',(4.47818584206556,23.0795412664695,-51.158798218306));
#4593=CARTESIAN_POINT('Ctrl Pts',(4.51843813555485,23.195808918047,-51.0357599562308));
#4594=CARTESIAN_POINT('Ctrl Pts',(4.52230809069839,23.2069871778987,-51.0239307531248));
#4595=CARTESIAN_POINT('Ctrl Pts',(4.52601096093287,23.218324699419,-51.0120057195547));
#4596=CARTESIAN_POINT('Ctrl Pts',(4.52953269971371,23.2298102878406,-50.9999999999998));
#4597=CARTESIAN_POINT('',(2.59891348850668,23.7471181463755,-50.9999999999998));
#4598=CARTESIAN_POINT('Ctrl Pts',(2.59891348850668,23.7471181463755,-50.9999999999998));
#4599=CARTESIAN_POINT('Ctrl Pts',(2.59622060955016,23.7354104656545,-51.0120057195343));
#4600=CARTESIAN_POINT('Ctrl Pts',(2.59375862847967,23.723740448887,-51.0239307531022));
#4601=CARTESIAN_POINT('Ctrl Pts',(2.56824666094895,23.5913079276423,-51.158798218306));
#4602=CARTESIAN_POINT('Ctrl Pts',(2.56632421093182,23.4557781470287,-51.2923279431997));
#4603=CARTESIAN_POINT('Ctrl Pts',(2.6216963931962,23.1868322128998,-51.5453479901694));
#4604=CARTESIAN_POINT('Ctrl Pts',(2.67877425575519,23.0533985135564,-51.664867053457));
#4605=CARTESIAN_POINT('Ctrl Pts',(2.82133198594693,22.8566831121412,-51.8267887718385));
#4606=CARTESIAN_POINT('Ctrl Pts',(2.89942137654173,22.7751811352291,-51.889213920082));
#4607=CARTESIAN_POINT('Ctrl Pts',(3.08892666622138,22.6405026663655,-51.976039764094));
#4608=CARTESIAN_POINT('Ctrl Pts',(3.20071314976718,22.5875643820257,-51.9999999999998));
#4609=CARTESIAN_POINT('Ctrl Pts',(3.31464758633277,22.5570357417579,-51.9999999999998));
#4610=CARTESIAN_POINT('',(2.59891348850668,23.7471181463755,-51.9999999999998));
#4611=CARTESIAN_POINT('Origin',(13.472961568047,13.6234666314353,-51.9999999999998));
#4612=CARTESIAN_POINT('',(12.5070357417579,13.3646475863328,-41.9999999999998));
#4613=CARTESIAN_POINT('',(13.1798102878406,14.5795326997137,-42.9999999999998));
#4614=CARTESIAN_POINT('Ctrl Pts',(12.5070357417579,13.3646475863328,-41.9999999999998));
#4615=CARTESIAN_POINT('Ctrl Pts',(12.47650710149,13.4785820228984,-41.9999999999998));
#4616=CARTESIAN_POINT('Ctrl Pts',(12.4664597587881,13.6018610996186,-42.0239602359055));
#4617=CARTESIAN_POINT('Ctrl Pts',(12.488342089327,13.8333167290646,-42.1107860799176));
#4618=CARTESIAN_POINT('Ctrl Pts',(12.5198801764941,13.9416951135417,-42.1732112281611));
#4619=CARTESIAN_POINT('Ctrl Pts',(12.6189618463394,14.1635114301012,-42.3351329465426));
#4620=CARTESIAN_POINT('Ctrl Pts',(12.7059798884123,14.2796591587427,-42.4546520098302));
#4621=CARTESIAN_POINT('Ctrl Pts',(12.9112078084803,14.4620858423112,-42.7076720567999));
#4622=CARTESIAN_POINT('Ctrl Pts',(13.0295412664695,14.5281858420656,-42.8412017816935));
#4623=CARTESIAN_POINT('Ctrl Pts',(13.1569871778987,14.5723080906984,-42.9760692468748));
#4624=CARTESIAN_POINT('Ctrl Pts',(13.168324699419,14.5760109609329,-42.9879942804449));
#4625=CARTESIAN_POINT('Ctrl Pts',(13.1798102878406,14.5795326997137,-42.9999999999998));
#4626=CARTESIAN_POINT('',(13.6971181463755,12.6489134885067,-42.9999999999998));
#4627=CARTESIAN_POINT('Ctrl Pts',(13.6971181463755,12.6489134885067,-42.9999999999998));
#4628=CARTESIAN_POINT('Ctrl Pts',(13.6854104656545,12.6462206095502,-42.9879942804653));
#4629=CARTESIAN_POINT('Ctrl Pts',(13.673740448887,12.6437586284797,-42.9760692468974));
#4630=CARTESIAN_POINT('Ctrl Pts',(13.6621248142914,12.6415209780154,-42.9642400437687));
#4631=CARTESIAN_POINT('Ctrl Pts',(13.5413079276423,12.618246660949,-42.8412017816935));
#4632=CARTESIAN_POINT('Ctrl Pts',(13.4057781470287,12.6163242109318,-42.7076720567999));
#4633=CARTESIAN_POINT('Ctrl Pts',(13.1368322128998,12.6716963931962,-42.4546520098302));
#4634=CARTESIAN_POINT('Ctrl Pts',(13.0033985135564,12.7287742557552,-42.3351329465426));
#4635=CARTESIAN_POINT('Ctrl Pts',(12.8066831121412,12.8713319859469,-42.1732112281611));
#4636=CARTESIAN_POINT('Ctrl Pts',(12.7251811352291,12.9494213765417,-42.1107860799176));
#4637=CARTESIAN_POINT('Ctrl Pts',(12.5905026663655,13.1389266662214,-42.0239602359055));
#4638=CARTESIAN_POINT('Ctrl Pts',(12.5375643820257,13.2507131497672,-41.9999999999998));
#4639=CARTESIAN_POINT('Ctrl Pts',(12.5070357417579,13.3646475863328,-41.9999999999998));
#4640=CARTESIAN_POINT('',(13.6971181463755,12.6489134885067,-50.9999999999998));
#4641=CARTESIAN_POINT('',(13.6971181463755,12.6489134885067,-51.9999999999998));
#4642=CARTESIAN_POINT('',(12.5070357417579,13.3646475863328,-51.9999999999998));
#4643=CARTESIAN_POINT('Ctrl Pts',(12.5070357417579,13.3646475863328,-51.9999999999998));
#4644=CARTESIAN_POINT('Ctrl Pts',(12.5375643820257,13.2507131497672,-51.9999999999998));
#4645=CARTESIAN_POINT('Ctrl Pts',(12.5905026663655,13.1389266662214,-51.976039764094));
#4646=CARTESIAN_POINT('Ctrl Pts',(12.7251811352291,12.9494213765417,-51.889213920082));
#4647=CARTESIAN_POINT('Ctrl Pts',(12.8066831121412,12.8713319859469,-51.8267887718385));
#4648=CARTESIAN_POINT('Ctrl Pts',(13.0033985135564,12.7287742557552,-51.664867053457));
#4649=CARTESIAN_POINT('Ctrl Pts',(13.1368322128998,12.6716963931962,-51.5453479901694));
#4650=CARTESIAN_POINT('Ctrl Pts',(13.4057781470287,12.6163242109318,-51.2923279431997));
#4651=CARTESIAN_POINT('Ctrl Pts',(13.5413079276423,12.618246660949,-51.158798218306));
#4652=CARTESIAN_POINT('Ctrl Pts',(13.6621248142914,12.6415209780154,-51.0357599562309));
#4653=CARTESIAN_POINT('Ctrl Pts',(13.6737404488648,12.6437586284754,-51.0239307531248));
#4654=CARTESIAN_POINT('Ctrl Pts',(13.6854104656346,12.6462206095456,-51.0120057195547));
#4655=CARTESIAN_POINT('Ctrl Pts',(13.6971181463755,12.6489134885067,-50.9999999999998));
#4656=CARTESIAN_POINT('',(13.1798102878406,14.5795326997137,-50.9999999999998));
#4657=CARTESIAN_POINT('Ctrl Pts',(13.1798102878406,14.5795326997137,-50.9999999999998));
#4658=CARTESIAN_POINT('Ctrl Pts',(13.1683246994385,14.5760109609389,-51.0120057195343));
#4659=CARTESIAN_POINT('Ctrl Pts',(13.15698717792,14.5723080907058,-51.0239307531022));
#4660=CARTESIAN_POINT('Ctrl Pts',(13.0295412664695,14.5281858420656,-51.158798218306));
#4661=CARTESIAN_POINT('Ctrl Pts',(12.9112078084803,14.4620858423112,-51.2923279431997));
#4662=CARTESIAN_POINT('Ctrl Pts',(12.7059798884123,14.2796591587427,-51.5453479901694));
#4663=CARTESIAN_POINT('Ctrl Pts',(12.6189618463394,14.1635114301012,-51.664867053457));
#4664=CARTESIAN_POINT('Ctrl Pts',(12.5198801764941,13.9416951135417,-51.8267887718385));
#4665=CARTESIAN_POINT('Ctrl Pts',(12.488342089327,13.8333167290646,-51.889213920082));
#4666=CARTESIAN_POINT('Ctrl Pts',(12.4664597587881,13.6018610996186,-51.976039764094));
#4667=CARTESIAN_POINT('Ctrl Pts',(12.47650710149,13.4785820228984,-51.9999999999998));
#4668=CARTESIAN_POINT('Ctrl Pts',(12.5070357417579,13.3646475863328,-51.9999999999998));
#4669=CARTESIAN_POINT('',(13.1798102878406,14.5795326997137,-51.9999999999998));
#4670=CARTESIAN_POINT('Origin',(9.84949493661167,0.100505063388336,-51.9999999999998));
#4671=CARTESIAN_POINT('',(9.14238815542512,0.807611844574884,-41.9999999999998));
#4672=CARTESIAN_POINT('',(10.5308967993339,0.832414553338192,-42.9999999999998));
#4673=CARTESIAN_POINT('Ctrl Pts',(9.14238815542512,0.807611844574884,-41.9999999999998));
#4674=CARTESIAN_POINT('Ctrl Pts',(9.22579395172287,0.891017640872629,-41.9999999999998));
#4675=CARTESIAN_POINT('Ctrl Pts',(9.32753309256675,0.96135843325314,-42.0239602359055));
#4676=CARTESIAN_POINT('Ctrl Pts',(9.53892071278527,1.05813559383543,-42.1107860799176));
#4677=CARTESIAN_POINT('Ctrl Pts',(9.64854819054719,1.08501200140054,-42.1732112281611));
#4678=CARTESIAN_POINT('Ctrl Pts',(9.89018759058425,1.11011291654484,-42.3351329465426));
#4679=CARTESIAN_POINT('Ctrl Pts',(10.0342834952161,1.09282694584293,-42.4546520098302));
#4680=CARTESIAN_POINT('Ctrl Pts',(10.2948835975485,1.0063076952824,-42.7076720567999));
#4681=CARTESIAN_POINT('Ctrl Pts',(10.4112946055206,0.936877914423284,-42.8412017816935));
#4682=CARTESIAN_POINT('Ctrl Pts',(10.5132285494233,0.848567641833607,-42.9760692468748));
#4683=CARTESIAN_POINT('Ctrl Pts',(10.5221040898734,0.840600495298255,-42.9879942804449));
#4684=CARTESIAN_POINT('Ctrl Pts',(10.5308967993339,0.83241455333819,-42.9999999999998));
#4685=CARTESIAN_POINT('',(9.11758544666182,-0.580896799333909,-42.9999999999998));
#4686=CARTESIAN_POINT('Ctrl Pts',(9.11758544666182,-0.580896799333908,-42.9999999999998));
#4687=CARTESIAN_POINT('Ctrl Pts',(9.10939950471562,-0.57210408988832,-42.9879942804653));
#4688=CARTESIAN_POINT('Ctrl Pts',(9.1014323581812,-0.563228549440345,-42.9760692468974));
#4689=CARTESIAN_POINT('Ctrl Pts',(9.09368667873651,-0.554287940031607,-42.9642400437687));
#4690=CARTESIAN_POINT('Ctrl Pts',(9.01312208557672,-0.46129460552057,-42.8412017816935));
#4691=CARTESIAN_POINT('Ctrl Pts',(8.94369230471761,-0.34488359754848,-42.7076720567999));
#4692=CARTESIAN_POINT('Ctrl Pts',(8.85717305415708,-0.0842834952161026,
-42.4546520098302));
#4693=CARTESIAN_POINT('Ctrl Pts',(8.83988708345516,0.0598124094157554,-42.3351329465426));
#4694=CARTESIAN_POINT('Ctrl Pts',(8.86498799859947,0.301451809452812,-42.1732112281611));
#4695=CARTESIAN_POINT('Ctrl Pts',(8.89186440616457,0.411079287214735,-42.1107860799176));
#4696=CARTESIAN_POINT('Ctrl Pts',(8.98864156674686,0.622466907433255,-42.0239602359055));
#4697=CARTESIAN_POINT('Ctrl Pts',(9.05898235912738,0.724206048277139,-41.9999999999998));
#4698=CARTESIAN_POINT('Ctrl Pts',(9.14238815542512,0.807611844574884,-41.9999999999998));
#4699=CARTESIAN_POINT('',(9.11758544666182,-0.580896799333909,-50.9999999999998));
#4700=CARTESIAN_POINT('',(9.11758544666182,-0.580896799333908,-51.9999999999998));
#4701=CARTESIAN_POINT('',(9.14238815542512,0.807611844574884,-51.9999999999998));
#4702=CARTESIAN_POINT('Ctrl Pts',(9.14238815542512,0.807611844574884,-51.9999999999998));
#4703=CARTESIAN_POINT('Ctrl Pts',(9.05898235912738,0.724206048277139,-51.9999999999998));
#4704=CARTESIAN_POINT('Ctrl Pts',(8.98864156674686,0.622466907433255,-51.976039764094));
#4705=CARTESIAN_POINT('Ctrl Pts',(8.89186440616457,0.411079287214735,-51.889213920082));
#4706=CARTESIAN_POINT('Ctrl Pts',(8.86498799859947,0.301451809452812,-51.8267887718385));
#4707=CARTESIAN_POINT('Ctrl Pts',(8.83988708345516,0.0598124094157557,-51.664867053457));
#4708=CARTESIAN_POINT('Ctrl Pts',(8.85717305415708,-0.0842834952161027,
-51.5453479901694));
#4709=CARTESIAN_POINT('Ctrl Pts',(8.94369230471761,-0.34488359754848,-51.2923279431997));
#4710=CARTESIAN_POINT('Ctrl Pts',(9.01312208557672,-0.46129460552057,-51.158798218306));
#4711=CARTESIAN_POINT('Ctrl Pts',(9.09368667873651,-0.554287940031607,-51.0357599562309));
#4712=CARTESIAN_POINT('Ctrl Pts',(9.1014323581664,-0.563228549423264,-51.0239307531248));
#4713=CARTESIAN_POINT('Ctrl Pts',(9.10939950470175,-0.572104089873418,-51.0120057195547));
#4714=CARTESIAN_POINT('Ctrl Pts',(9.11758544666182,-0.580896799333908,-50.9999999999998));
#4715=CARTESIAN_POINT('',(10.5308967993339,0.832414553338192,-50.9999999999998));
#4716=CARTESIAN_POINT('Ctrl Pts',(10.5308967993339,0.83241455333819,-50.9999999999998));
#4717=CARTESIAN_POINT('Ctrl Pts',(10.5221040898883,0.840600495284386,-51.0120057195343));
#4718=CARTESIAN_POINT('Ctrl Pts',(10.5132285494403,0.848567641818808,-51.0239307531022));
#4719=CARTESIAN_POINT('Ctrl Pts',(10.4112946055206,0.936877914423284,-51.158798218306));
#4720=CARTESIAN_POINT('Ctrl Pts',(10.2948835975485,1.0063076952824,-51.2923279431997));
#4721=CARTESIAN_POINT('Ctrl Pts',(10.0342834952161,1.09282694584293,-51.5453479901694));
#4722=CARTESIAN_POINT('Ctrl Pts',(9.89018759058425,1.11011291654484,-51.664867053457));
#4723=CARTESIAN_POINT('Ctrl Pts',(9.64854819054719,1.08501200140054,-51.8267887718385));
#4724=CARTESIAN_POINT('Ctrl Pts',(9.53892071278527,1.05813559383543,-51.889213920082));
#4725=CARTESIAN_POINT('Ctrl Pts',(9.32753309256675,0.96135843325314,-51.976039764094));
#4726=CARTESIAN_POINT('Ctrl Pts',(9.22579395172287,0.891017640872629,-51.9999999999998));
#4727=CARTESIAN_POINT('Ctrl Pts',(9.14238815542512,0.807611844574884,-51.9999999999998));
#4728=CARTESIAN_POINT('',(10.5308967993339,0.832414553338191,-51.9999999999998));
#4729=CARTESIAN_POINT('Origin',(12.0743556529821,3.00000000000001,-51.9999999999998));
#4730=CARTESIAN_POINT('',(11.2083302491977,3.50000000000001,-41.9999999999998));
#4731=CARTESIAN_POINT('',(12.5431071949767,3.88333005828948,-42.9999999999998));
#4732=CARTESIAN_POINT('Ctrl Pts',(11.2083302491977,3.50000000000001,-41.9999999999998));
#4733=CARTESIAN_POINT('Ctrl Pts',(11.2673070533501,3.60215082126,-41.9999999999998));
#4734=CARTESIAN_POINT('Ctrl Pts',(11.34737398032,3.69642683654474,-42.0239602359055));
#4735=CARTESIAN_POINT('Ctrl Pts',(11.5265109697572,3.84461753735756,-42.1107860799176));
#4736=CARTESIAN_POINT('Ctrl Pts',(11.6254468556566,3.8989518326539,-42.1732112281611));
#4737=CARTESIAN_POINT('Ctrl Pts',(11.8523559979125,3.98573833363201,-42.3351329465426));
#4738=CARTESIAN_POINT('Ctrl Pts',(11.9960158920897,4.00633613253856,-42.4546520098302));
#4739=CARTESIAN_POINT('Ctrl Pts',(12.2701290910792,3.99021322359025,-42.7076720567999));
#4740=CARTESIAN_POINT('Ctrl Pts',(12.4005432397274,3.9532785910676,-42.8412017816935));
#4741=CARTESIAN_POINT('Ctrl Pts',(12.5218602491429,3.89435986407103,-42.9760692468748));
#4742=CARTESIAN_POINT('Ctrl Pts',(12.5324954121444,3.88896135037479,-42.9879942804449));
#4743=CARTESIAN_POINT('Ctrl Pts',(12.5431071949767,3.88333005828948,-42.9999999999998));
#4744=CARTESIAN_POINT('',(11.5437451535744,2.15238422742482,-42.9999999999998));
#4745=CARTESIAN_POINT('Ctrl Pts',(11.5437451535744,2.15238422742482,-42.9999999999998));
#4746=CARTESIAN_POINT('Ctrl Pts',(11.5335624201735,2.15875865488359,-42.9879942804653));
#4747=CARTESIAN_POINT('Ctrl Pts',(11.5235695886705,2.16526971936633,-42.9760692468974));
#4748=CARTESIAN_POINT('Ctrl Pts',(11.5137738368629,2.17190095553945,-42.9642400437687));
#4749=CARTESIAN_POINT('Ctrl Pts',(11.4118859696064,2.24087396794571,-42.8412017816935));
#4750=CARTESIAN_POINT('Ctrl Pts',(11.3146925652382,2.33534861742666,-42.7076720567999));
#4751=CARTESIAN_POINT('Ctrl Pts',(11.1636731170113,2.56467615679002,-42.4546520098302));
#4752=CARTESIAN_POINT('Ctrl Pts',(11.1096813870379,2.69938817410567,-42.3351329465426));
#4753=CARTESIAN_POINT('Ctrl Pts',(11.0713861304625,2.93929050613931,-42.1732112281611));
#4754=CARTESIAN_POINT('Ctrl Pts',(11.0689730675362,3.05213864432227,-42.1107860799176));
#4755=CARTESIAN_POINT('Ctrl Pts',(11.1077414843261,3.28137117833876,-42.0239602359055));
#4756=CARTESIAN_POINT('Ctrl Pts',(11.1493534450453,3.39784917874001,-41.9999999999998));
#4757=CARTESIAN_POINT('Ctrl Pts',(11.2083302491977,3.50000000000001,-41.9999999999998));
#4758=CARTESIAN_POINT('',(11.5437451535744,2.15238422742482,-50.9999999999998));
#4759=CARTESIAN_POINT('',(11.5437451535744,2.15238422742482,-51.9999999999998));
#4760=CARTESIAN_POINT('',(11.2083302491977,3.50000000000001,-51.9999999999998));
#4761=CARTESIAN_POINT('Ctrl Pts',(11.2083302491977,3.50000000000001,-51.9999999999998));
#4762=CARTESIAN_POINT('Ctrl Pts',(11.1493534450453,3.39784917874001,-51.9999999999998));
#4763=CARTESIAN_POINT('Ctrl Pts',(11.1077414843261,3.28137117833876,-51.976039764094));
#4764=CARTESIAN_POINT('Ctrl Pts',(11.0689730675362,3.05213864432227,-51.889213920082));
#4765=CARTESIAN_POINT('Ctrl Pts',(11.0713861304625,2.93929050613931,-51.8267887718385));
#4766=CARTESIAN_POINT('Ctrl Pts',(11.1096813870379,2.69938817410567,-51.664867053457));
#4767=CARTESIAN_POINT('Ctrl Pts',(11.1636731170113,2.56467615679002,-51.5453479901694));
#4768=CARTESIAN_POINT('Ctrl Pts',(11.3146925652382,2.33534861742666,-51.2923279431997));
#4769=CARTESIAN_POINT('Ctrl Pts',(11.4118859696064,2.24087396794571,-51.158798218306));
#4770=CARTESIAN_POINT('Ctrl Pts',(11.5137738368629,2.17190095553945,-51.0357599562308));
#4771=CARTESIAN_POINT('Ctrl Pts',(11.5235695886518,2.165269719379,-51.0239307531248));
#4772=CARTESIAN_POINT('Ctrl Pts',(11.5335624201562,2.15875865489439,-51.0120057195547));
#4773=CARTESIAN_POINT('Ctrl Pts',(11.5437451535744,2.15238422742482,-50.9999999999998));
#4774=CARTESIAN_POINT('',(12.5431071949767,3.88333005828948,-50.9999999999998));
#4775=CARTESIAN_POINT('Ctrl Pts',(12.5431071949767,3.88333005828948,-50.9999999999998));
#4776=CARTESIAN_POINT('Ctrl Pts',(12.5324954121624,3.88896135036525,-51.0120057195343));
#4777=CARTESIAN_POINT('Ctrl Pts',(12.5218602491632,3.89435986406116,-51.0239307531022));
#4778=CARTESIAN_POINT('Ctrl Pts',(12.4005432397274,3.9532785910676,-51.158798218306));
#4779=CARTESIAN_POINT('Ctrl Pts',(12.2701290910792,3.99021322359025,-51.2923279431997));
#4780=CARTESIAN_POINT('Ctrl Pts',(11.9960158920897,4.00633613253856,-51.5453479901694));
#4781=CARTESIAN_POINT('Ctrl Pts',(11.8523559979125,3.98573833363201,-51.664867053457));
#4782=CARTESIAN_POINT('Ctrl Pts',(11.6254468556566,3.8989518326539,-51.8267887718385));
#4783=CARTESIAN_POINT('Ctrl Pts',(11.5265109697572,3.84461753735756,-51.889213920082));
#4784=CARTESIAN_POINT('Ctrl Pts',(11.34737398032,3.69642683654475,-51.976039764094));
#4785=CARTESIAN_POINT('Ctrl Pts',(11.2673070533501,3.60215082126,-51.9999999999998));
#4786=CARTESIAN_POINT('Ctrl Pts',(11.2083302491977,3.50000000000001,-51.9999999999998));
#4787=CARTESIAN_POINT('',(12.5431071949767,3.88333005828948,-51.9999999999998));
#4788=CARTESIAN_POINT('Origin',(12.0743556529821,17.,-51.9999999999998));
#4789=CARTESIAN_POINT('',(11.2083302491977,16.5,-41.9999999999998));
#4790=CARTESIAN_POINT('',(11.5437451535744,17.8476157725752,-42.9999999999998));
#4791=CARTESIAN_POINT('Ctrl Pts',(11.2083302491977,16.5,-41.9999999999998));
#4792=CARTESIAN_POINT('Ctrl Pts',(11.1493534450453,16.60215082126,-41.9999999999998));
#4793=CARTESIAN_POINT('Ctrl Pts',(11.1077414843261,16.7186288216612,-42.0239602359055));
#4794=CARTESIAN_POINT('Ctrl Pts',(11.0689730675362,16.9478613556777,-42.1107860799176));
#4795=CARTESIAN_POINT('Ctrl Pts',(11.0713861304625,17.0607094938607,-42.1732112281611));
#4796=CARTESIAN_POINT('Ctrl Pts',(11.1096813870379,17.3006118258943,-42.3351329465426));
#4797=CARTESIAN_POINT('Ctrl Pts',(11.1636731170113,17.43532384321,-42.4546520098302));
#4798=CARTESIAN_POINT('Ctrl Pts',(11.3146925652382,17.6646513825734,-42.7076720567999));
#4799=CARTESIAN_POINT('Ctrl Pts',(11.4118859696064,17.7591260320543,-42.8412017816935));
#4800=CARTESIAN_POINT('Ctrl Pts',(11.5235695886518,17.834730280621,-42.9760692468748));
#4801=CARTESIAN_POINT('Ctrl Pts',(11.5335624201562,17.8412413451056,-42.9879942804449));
#4802=CARTESIAN_POINT('Ctrl Pts',(11.5437451535744,17.8476157725752,-42.9999999999998));
#4803=CARTESIAN_POINT('',(12.5431071949767,16.1166699417105,-42.9999999999998));
#4804=CARTESIAN_POINT('Ctrl Pts',(12.5431071949767,16.1166699417105,-42.9999999999998));
#4805=CARTESIAN_POINT('Ctrl Pts',(12.5324954121624,16.1110386496348,-42.9879942804653));
#4806=CARTESIAN_POINT('Ctrl Pts',(12.5218602491632,16.1056401359388,-42.9760692468974));
#4807=CARTESIAN_POINT('Ctrl Pts',(12.511219554275,16.1004723841109,-42.9642400437687));
#4808=CARTESIAN_POINT('Ctrl Pts',(12.4005432397274,16.0467214089324,-42.8412017816935));
#4809=CARTESIAN_POINT('Ctrl Pts',(12.2701290910791,16.0097867764098,-42.7076720567999));
#4810=CARTESIAN_POINT('Ctrl Pts',(11.9960158920897,15.9936638674615,-42.4546520098302));
#4811=CARTESIAN_POINT('Ctrl Pts',(11.8523559979125,16.014261666368,-42.3351329465426));
#4812=CARTESIAN_POINT('Ctrl Pts',(11.6254468556566,16.1010481673461,-42.1732112281611));
#4813=CARTESIAN_POINT('Ctrl Pts',(11.5265109697572,16.1553824626425,-42.1107860799176));
#4814=CARTESIAN_POINT('Ctrl Pts',(11.34737398032,16.3035731634553,-42.0239602359055));
#4815=CARTESIAN_POINT('Ctrl Pts',(11.2673070533501,16.39784917874,-41.9999999999998));
#4816=CARTESIAN_POINT('Ctrl Pts',(11.2083302491977,16.5,-41.9999999999998));
#4817=CARTESIAN_POINT('',(12.5431071949767,16.1166699417105,-50.9999999999998));
#4818=CARTESIAN_POINT('',(12.5431071949767,16.1166699417105,-51.9999999999998));
#4819=CARTESIAN_POINT('',(11.2083302491977,16.5,-51.9999999999998));
#4820=CARTESIAN_POINT('Ctrl Pts',(11.2083302491977,16.5,-51.9999999999998));
#4821=CARTESIAN_POINT('Ctrl Pts',(11.2673070533501,16.39784917874,-51.9999999999998));
#4822=CARTESIAN_POINT('Ctrl Pts',(11.34737398032,16.3035731634553,-51.976039764094));
#4823=CARTESIAN_POINT('Ctrl Pts',(11.5265109697572,16.1553824626425,-51.889213920082));
#4824=CARTESIAN_POINT('Ctrl Pts',(11.6254468556566,16.1010481673461,-51.8267887718385));
#4825=CARTESIAN_POINT('Ctrl Pts',(11.8523559979125,16.014261666368,-51.664867053457));
#4826=CARTESIAN_POINT('Ctrl Pts',(11.9960158920897,15.9936638674615,-51.5453479901694));
#4827=CARTESIAN_POINT('Ctrl Pts',(12.2701290910791,16.0097867764098,-51.2923279431997));
#4828=CARTESIAN_POINT('Ctrl Pts',(12.4005432397274,16.0467214089324,-51.158798218306));
#4829=CARTESIAN_POINT('Ctrl Pts',(12.511219554275,16.1004723841109,-51.0357599562309));
#4830=CARTESIAN_POINT('Ctrl Pts',(12.5218602491429,16.105640135929,-51.0239307531248));
#4831=CARTESIAN_POINT('Ctrl Pts',(12.5324954121444,16.1110386496252,-51.0120057195547));
#4832=CARTESIAN_POINT('Ctrl Pts',(12.5431071949767,16.1166699417105,-50.9999999999998));
#4833=CARTESIAN_POINT('',(11.5437451535744,17.8476157725752,-50.9999999999998));
#4834=CARTESIAN_POINT('Ctrl Pts',(11.5437451535744,17.8476157725752,-50.9999999999998));
#4835=CARTESIAN_POINT('Ctrl Pts',(11.5335624201735,17.8412413451164,-51.0120057195343));
#4836=CARTESIAN_POINT('Ctrl Pts',(11.5235695886705,17.8347302806337,-51.0239307531022));
#4837=CARTESIAN_POINT('Ctrl Pts',(11.4118859696064,17.7591260320543,-51.158798218306));
#4838=CARTESIAN_POINT('Ctrl Pts',(11.3146925652382,17.6646513825734,-51.2923279431997));
#4839=CARTESIAN_POINT('Ctrl Pts',(11.1636731170113,17.43532384321,-51.5453479901694));
#4840=CARTESIAN_POINT('Ctrl Pts',(11.1096813870379,17.3006118258943,-51.664867053457));
#4841=CARTESIAN_POINT('Ctrl Pts',(11.0713861304625,17.0607094938607,-51.8267887718385));
#4842=CARTESIAN_POINT('Ctrl Pts',(11.0689730675362,16.9478613556777,-51.889213920082));
#4843=CARTESIAN_POINT('Ctrl Pts',(11.1077414843261,16.7186288216612,-51.976039764094));
#4844=CARTESIAN_POINT('Ctrl Pts',(11.1493534450453,16.60215082126,-51.9999999999998));
#4845=CARTESIAN_POINT('Ctrl Pts',(11.2083302491977,16.5,-51.9999999999998));
#4846=CARTESIAN_POINT('',(11.5437451535744,17.8476157725752,-51.9999999999998));
#4847=CARTESIAN_POINT('Origin',(-0.0500000000000006,24.,-51.9999999999998));
#4848=CARTESIAN_POINT('',(-0.0500000000000005,23.,-41.9999999999998));
#4849=CARTESIAN_POINT('',(-1.04936204140237,23.9642857142857,-42.9999999999998));
#4850=CARTESIAN_POINT('Ctrl Pts',(-0.0500000000000004,23.,-41.9999999999998));
#4851=CARTESIAN_POINT('Ctrl Pts',(-0.1679536083048,23.,-41.9999999999998));
#4852=CARTESIAN_POINT('Ctrl Pts',(-0.289632495993896,23.0222019851165,-42.0239602359056));
#4853=CARTESIAN_POINT('Ctrl Pts',(-0.507537902221021,23.1032438183202,-42.1107860799176));
#4854=CARTESIAN_POINT('Ctrl Pts',(-0.604060725194069,23.1617576612068,-42.1732112281611));
#4855=CARTESIAN_POINT('Ctrl Pts',(-0.792674610874648,23.3148734922623,-42.3351329465426));
#4856=CARTESIAN_POINT('Ctrl Pts',(-0.88234277507833,23.4289877106714,-42.4546520098302));
#4857=CARTESIAN_POINT('Ctrl Pts',(-1.00543652584093,23.6744381589831,-42.7076720567999));
#4858=CARTESIAN_POINT('Ctrl Pts',(-1.03865727012098,23.8058474409867,-42.8412017816935));
#4859=CARTESIAN_POINT('Ctrl Pts',(-1.04829066049107,23.94037041655,-42.9760692468748));
#4860=CARTESIAN_POINT('Ctrl Pts',(-1.04893299198822,23.9522799947308,-42.9879942804449));
#4861=CARTESIAN_POINT('Ctrl Pts',(-1.04936204140237,23.9642857142857,-42.9999999999998));
#4862=CARTESIAN_POINT('',(0.949362041402374,23.9642857142857,-42.9999999999998));
#4863=CARTESIAN_POINT('Ctrl Pts',(0.949362041402373,23.9642857142857,-42.9999999999998));
#4864=CARTESIAN_POINT('Ctrl Pts',(0.948932991988949,23.9522799947512,-42.9879942804653));
#4865=CARTESIAN_POINT('Ctrl Pts',(0.948290660492687,23.9403704165725,-42.9760692468974));
#4866=CARTESIAN_POINT('Ctrl Pts',(0.947445717412067,23.9285714285714,-42.9642400437687));
#4867=CARTESIAN_POINT('Ctrl Pts',(0.938657270120982,23.8058474409867,-42.8412017816935));
#4868=CARTESIAN_POINT('Ctrl Pts',(0.905436525840933,23.6744381589831,-42.7076720567999));
#4869=CARTESIAN_POINT('Ctrl Pts',(0.78234277507833,23.4289877106715,-42.4546520098302));
#4870=CARTESIAN_POINT('Ctrl Pts',(0.692674610874647,23.3148734922623,-42.3351329465426));
#4871=CARTESIAN_POINT('Ctrl Pts',(0.504060725194068,23.1617576612068,-42.1732112281611));
#4872=CARTESIAN_POINT('Ctrl Pts',(0.407537902221019,23.1032438183202,-42.1107860799176));
#4873=CARTESIAN_POINT('Ctrl Pts',(0.189632495993894,23.0222019851165,-42.0239602359056));
#4874=CARTESIAN_POINT('Ctrl Pts',(0.0679536083047987,23.,-41.9999999999998));
#4875=CARTESIAN_POINT('Ctrl Pts',(-0.0500000000000008,23.,-41.9999999999998));
#4876=CARTESIAN_POINT('',(0.949362041402374,23.9642857142857,-50.9999999999998));
#4877=CARTESIAN_POINT('',(0.949362041402373,23.9642857142857,-51.9999999999998));
#4878=CARTESIAN_POINT('',(-0.0500000000000005,23.,-51.9999999999998));
#4879=CARTESIAN_POINT('Ctrl Pts',(-0.0500000000000008,23.,-51.9999999999998));
#4880=CARTESIAN_POINT('Ctrl Pts',(0.0679536083047985,23.,-51.9999999999998));
#4881=CARTESIAN_POINT('Ctrl Pts',(0.189632495993894,23.0222019851165,-51.976039764094));
#4882=CARTESIAN_POINT('Ctrl Pts',(0.407537902221019,23.1032438183202,-51.8892139200819));
#4883=CARTESIAN_POINT('Ctrl Pts',(0.504060725194068,23.1617576612068,-51.8267887718385));
#4884=CARTESIAN_POINT('Ctrl Pts',(0.692674610874647,23.3148734922623,-51.664867053457));
#4885=CARTESIAN_POINT('Ctrl Pts',(0.78234277507833,23.4289877106715,-51.5453479901694));
#4886=CARTESIAN_POINT('Ctrl Pts',(0.905436525840933,23.6744381589831,-51.2923279431997));
#4887=CARTESIAN_POINT('Ctrl Pts',(0.938657270120982,23.8058474409867,-51.158798218306));
#4888=CARTESIAN_POINT('Ctrl Pts',(0.947445717412067,23.9285714285714,-51.0357599562308));
#4889=CARTESIAN_POINT('Ctrl Pts',(0.948290660491072,23.94037041655,-51.0239307531248));
#4890=CARTESIAN_POINT('Ctrl Pts',(0.948932991988222,23.9522799947308,-51.0120057195547));
#4891=CARTESIAN_POINT('Ctrl Pts',(0.949362041402373,23.9642857142857,-50.9999999999998));
#4892=CARTESIAN_POINT('',(-1.04936204140237,23.9642857142857,-50.9999999999998));
#4893=CARTESIAN_POINT('Ctrl Pts',(-1.04936204140237,23.9642857142857,-50.9999999999998));
#4894=CARTESIAN_POINT('Ctrl Pts',(-1.04893299198895,23.9522799947512,-51.0120057195343));
#4895=CARTESIAN_POINT('Ctrl Pts',(-1.04829066049269,23.9403704165725,-51.0239307531022));
#4896=CARTESIAN_POINT('Ctrl Pts',(-1.03865727012098,23.8058474409867,-51.158798218306));
#4897=CARTESIAN_POINT('Ctrl Pts',(-1.00543652584093,23.6744381589831,-51.2923279431997));
#4898=CARTESIAN_POINT('Ctrl Pts',(-0.882342775078329,23.4289877106714,-51.5453479901694));
#4899=CARTESIAN_POINT('Ctrl Pts',(-0.792674610874648,23.3148734922623,-51.664867053457));
#4900=CARTESIAN_POINT('Ctrl Pts',(-0.604060725194069,23.1617576612068,-51.8267887718385));
#4901=CARTESIAN_POINT('Ctrl Pts',(-0.507537902221024,23.1032438183202,-51.8892139200819));
#4902=CARTESIAN_POINT('Ctrl Pts',(-0.2896324959939,23.0222019851165,-51.976039764094));
#4903=CARTESIAN_POINT('Ctrl Pts',(-0.1679536083048,23.,-51.9999999999998));
#4904=CARTESIAN_POINT('Ctrl Pts',(-0.0500000000000008,23.,-51.9999999999998));
#4905=CARTESIAN_POINT('',(-1.04936204140237,23.9642857142857,-51.9999999999998));
#4906=CARTESIAN_POINT('Origin',(-12.1743556529821,17.,-51.9999999999998));
#4907=CARTESIAN_POINT('',(-11.3083302491977,16.5,-41.9999999999998));
#4908=CARTESIAN_POINT('',(-12.6431071949767,16.1166699417105,-42.9999999999998));
#4909=CARTESIAN_POINT('Ctrl Pts',(-11.3083302491977,16.5,-41.9999999999998));
#4910=CARTESIAN_POINT('Ctrl Pts',(-11.3673070533501,16.39784917874,-41.9999999999998));
#4911=CARTESIAN_POINT('Ctrl Pts',(-11.44737398032,16.3035731634553,-42.0239602359055));
#4912=CARTESIAN_POINT('Ctrl Pts',(-11.6265109697572,16.1553824626425,-42.1107860799176));
#4913=CARTESIAN_POINT('Ctrl Pts',(-11.7254468556566,16.1010481673461,-42.1732112281611));
#4914=CARTESIAN_POINT('Ctrl Pts',(-11.9523559979125,16.014261666368,-42.3351329465426));
#4915=CARTESIAN_POINT('Ctrl Pts',(-12.0960158920897,15.9936638674614,-42.4546520098302));
#4916=CARTESIAN_POINT('Ctrl Pts',(-12.3701290910791,16.0097867764098,-42.7076720567999));
#4917=CARTESIAN_POINT('Ctrl Pts',(-12.5005432397274,16.0467214089324,-42.8412017816935));
#4918=CARTESIAN_POINT('Ctrl Pts',(-12.6218602491429,16.105640135929,-42.9760692468748));
#4919=CARTESIAN_POINT('Ctrl Pts',(-12.6324954121444,16.1110386496252,-42.9879942804449));
#4920=CARTESIAN_POINT('Ctrl Pts',(-12.6431071949767,16.1166699417105,-42.9999999999998));
#4921=CARTESIAN_POINT('',(-11.6437451535744,17.8476157725752,-42.9999999999998));
#4922=CARTESIAN_POINT('Ctrl Pts',(-11.6437451535744,17.8476157725752,-42.9999999999998));
#4923=CARTESIAN_POINT('Ctrl Pts',(-11.6335624201735,17.8412413451164,-42.9879942804653));
#4924=CARTESIAN_POINT('Ctrl Pts',(-11.6235695886705,17.8347302806337,-42.9760692468974));
#4925=CARTESIAN_POINT('Ctrl Pts',(-11.6137738368629,17.8280990444606,-42.9642400437687));
#4926=CARTESIAN_POINT('Ctrl Pts',(-11.5118859696064,17.7591260320543,-42.8412017816935));
#4927=CARTESIAN_POINT('Ctrl Pts',(-11.4146925652382,17.6646513825733,-42.7076720567999));
#4928=CARTESIAN_POINT('Ctrl Pts',(-11.2636731170113,17.43532384321,-42.4546520098302));
#4929=CARTESIAN_POINT('Ctrl Pts',(-11.2096813870379,17.3006118258943,-42.3351329465426));
#4930=CARTESIAN_POINT('Ctrl Pts',(-11.1713861304625,17.0607094938607,-42.1732112281611));
#4931=CARTESIAN_POINT('Ctrl Pts',(-11.1689730675362,16.9478613556777,-42.1107860799176));
#4932=CARTESIAN_POINT('Ctrl Pts',(-11.2077414843261,16.7186288216612,-42.0239602359055));
#4933=CARTESIAN_POINT('Ctrl Pts',(-11.2493534450453,16.60215082126,-41.9999999999998));
#4934=CARTESIAN_POINT('Ctrl Pts',(-11.3083302491977,16.5,-41.9999999999998));
#4935=CARTESIAN_POINT('',(-11.6437451535744,17.8476157725752,-50.9999999999998));
#4936=CARTESIAN_POINT('',(-11.6437451535744,17.8476157725752,-51.9999999999998));
#4937=CARTESIAN_POINT('',(-11.3083302491977,16.5,-51.9999999999998));
#4938=CARTESIAN_POINT('Ctrl Pts',(-11.3083302491977,16.5,-51.9999999999998));
#4939=CARTESIAN_POINT('Ctrl Pts',(-11.2493534450453,16.60215082126,-51.9999999999998));
#4940=CARTESIAN_POINT('Ctrl Pts',(-11.2077414843261,16.7186288216612,-51.976039764094));
#4941=CARTESIAN_POINT('Ctrl Pts',(-11.1689730675362,16.9478613556777,-51.889213920082));
#4942=CARTESIAN_POINT('Ctrl Pts',(-11.1713861304625,17.0607094938607,-51.8267887718385));
#4943=CARTESIAN_POINT('Ctrl Pts',(-11.2096813870379,17.3006118258943,-51.664867053457));
#4944=CARTESIAN_POINT('Ctrl Pts',(-11.2636731170113,17.43532384321,-51.5453479901694));
#4945=CARTESIAN_POINT('Ctrl Pts',(-11.4146925652382,17.6646513825733,-51.2923279431997));
#4946=CARTESIAN_POINT('Ctrl Pts',(-11.5118859696064,17.7591260320543,-51.158798218306));
#4947=CARTESIAN_POINT('Ctrl Pts',(-11.6137738368629,17.8280990444606,-51.0357599562309));
#4948=CARTESIAN_POINT('Ctrl Pts',(-11.6235695886518,17.834730280621,-51.0239307531248));
#4949=CARTESIAN_POINT('Ctrl Pts',(-11.6335624201562,17.8412413451056,-51.0120057195547));
#4950=CARTESIAN_POINT('Ctrl Pts',(-11.6437451535744,17.8476157725752,-50.9999999999998));
#4951=CARTESIAN_POINT('',(-12.6431071949767,16.1166699417105,-50.9999999999998));
#4952=CARTESIAN_POINT('Ctrl Pts',(-12.6431071949767,16.1166699417105,-50.9999999999998));
#4953=CARTESIAN_POINT('Ctrl Pts',(-12.6324954121624,16.1110386496348,-51.0120057195343));
#4954=CARTESIAN_POINT('Ctrl Pts',(-12.6218602491632,16.1056401359389,-51.0239307531022));
#4955=CARTESIAN_POINT('Ctrl Pts',(-12.5005432397274,16.0467214089324,-51.158798218306));
#4956=CARTESIAN_POINT('Ctrl Pts',(-12.3701290910792,16.0097867764098,-51.2923279431997));
#4957=CARTESIAN_POINT('Ctrl Pts',(-12.0960158920897,15.9936638674614,-51.5453479901694));
#4958=CARTESIAN_POINT('Ctrl Pts',(-11.9523559979125,16.014261666368,-51.664867053457));
#4959=CARTESIAN_POINT('Ctrl Pts',(-11.7254468556566,16.1010481673461,-51.8267887718385));
#4960=CARTESIAN_POINT('Ctrl Pts',(-11.6265109697572,16.1553824626425,-51.889213920082));
#4961=CARTESIAN_POINT('Ctrl Pts',(-11.44737398032,16.3035731634553,-51.976039764094));
#4962=CARTESIAN_POINT('Ctrl Pts',(-11.3673070533501,16.39784917874,-51.9999999999998));
#4963=CARTESIAN_POINT('Ctrl Pts',(-11.3083302491977,16.5,-51.9999999999998));
#4964=CARTESIAN_POINT('',(-12.6431071949767,16.1166699417105,-51.9999999999998));
#4965=CARTESIAN_POINT('Origin',(-12.1743556529821,3.,-51.9999999999998));
#4966=CARTESIAN_POINT('',(-11.3083302491977,3.5,-41.9999999999998));
#4967=CARTESIAN_POINT('',(-11.6437451535744,2.15238422742481,-42.9999999999998));
#4968=CARTESIAN_POINT('Ctrl Pts',(-11.3083302491977,3.5,-41.9999999999998));
#4969=CARTESIAN_POINT('Ctrl Pts',(-11.2493534450453,3.39784917874,-41.9999999999998));
#4970=CARTESIAN_POINT('Ctrl Pts',(-11.2077414843261,3.28137117833876,-42.0239602359055));
#4971=CARTESIAN_POINT('Ctrl Pts',(-11.1689730675362,3.05213864432226,-42.1107860799176));
#4972=CARTESIAN_POINT('Ctrl Pts',(-11.1713861304625,2.9392905061393,-42.1732112281611));
#4973=CARTESIAN_POINT('Ctrl Pts',(-11.2096813870379,2.69938817410566,-42.3351329465426));
#4974=CARTESIAN_POINT('Ctrl Pts',(-11.2636731170113,2.56467615679,-42.4546520098302));
#4975=CARTESIAN_POINT('Ctrl Pts',(-11.4146925652382,2.33534861742665,-42.7076720567999));
#4976=CARTESIAN_POINT('Ctrl Pts',(-11.5118859696064,2.2408739679457,-42.8412017816935));
#4977=CARTESIAN_POINT('Ctrl Pts',(-11.6235695886518,2.16526971937899,-42.9760692468748));
#4978=CARTESIAN_POINT('Ctrl Pts',(-11.6335624201562,2.15875865489438,-42.9879942804449));
#4979=CARTESIAN_POINT('Ctrl Pts',(-11.6437451535744,2.15238422742481,-42.9999999999998));
#4980=CARTESIAN_POINT('',(-12.6431071949767,3.88333005828947,-42.9999999999998));
#4981=CARTESIAN_POINT('Ctrl Pts',(-12.6431071949767,3.88333005828947,-42.9999999999998));
#4982=CARTESIAN_POINT('Ctrl Pts',(-12.6324954121624,3.88896135036523,-42.9879942804653));
#4983=CARTESIAN_POINT('Ctrl Pts',(-12.6218602491632,3.89435986406115,-42.9760692468974));
#4984=CARTESIAN_POINT('Ctrl Pts',(-12.611219554275,3.89952761588913,-42.9642400437687));
#4985=CARTESIAN_POINT('Ctrl Pts',(-12.5005432397274,3.95327859106759,-42.8412017816935));
#4986=CARTESIAN_POINT('Ctrl Pts',(-12.3701290910791,3.99021322359024,-42.7076720567999));
#4987=CARTESIAN_POINT('Ctrl Pts',(-12.0960158920897,4.00633613253855,-42.4546520098302));
#4988=CARTESIAN_POINT('Ctrl Pts',(-11.9523559979125,3.985738333632,-42.3351329465426));
#4989=CARTESIAN_POINT('Ctrl Pts',(-11.7254468556566,3.89895183265389,-42.1732112281611));
#4990=CARTESIAN_POINT('Ctrl Pts',(-11.6265109697572,3.84461753735755,-42.1107860799176));
#4991=CARTESIAN_POINT('Ctrl Pts',(-11.44737398032,3.69642683654473,-42.0239602359055));
#4992=CARTESIAN_POINT('Ctrl Pts',(-11.3673070533501,3.60215082125999,-41.9999999999998));
#4993=CARTESIAN_POINT('Ctrl Pts',(-11.3083302491977,3.5,-41.9999999999998));
#4994=CARTESIAN_POINT('',(-12.6431071949767,3.88333005828947,-50.9999999999998));
#4995=CARTESIAN_POINT('',(-12.6431071949767,3.88333005828947,-51.9999999999998));
#4996=CARTESIAN_POINT('',(-11.3083302491977,3.5,-51.9999999999998));
#4997=CARTESIAN_POINT('Ctrl Pts',(-11.3083302491977,3.5,-51.9999999999998));
#4998=CARTESIAN_POINT('Ctrl Pts',(-11.3673070533501,3.60215082125999,-51.9999999999998));
#4999=CARTESIAN_POINT('Ctrl Pts',(-11.44737398032,3.69642683654473,-51.976039764094));
#5000=CARTESIAN_POINT('Ctrl Pts',(-11.6265109697572,3.84461753735754,-51.889213920082));
#5001=CARTESIAN_POINT('Ctrl Pts',(-11.7254468556566,3.89895183265389,-51.8267887718385));
#5002=CARTESIAN_POINT('Ctrl Pts',(-11.9523559979125,3.985738333632,-51.664867053457));
#5003=CARTESIAN_POINT('Ctrl Pts',(-12.0960158920897,4.00633613253855,-51.5453479901694));
#5004=CARTESIAN_POINT('Ctrl Pts',(-12.3701290910791,3.99021322359024,-51.2923279431997));
#5005=CARTESIAN_POINT('Ctrl Pts',(-12.5005432397274,3.95327859106759,-51.158798218306));
#5006=CARTESIAN_POINT('Ctrl Pts',(-12.611219554275,3.89952761588913,-51.0357599562309));
#5007=CARTESIAN_POINT('Ctrl Pts',(-12.6218602491429,3.89435986407102,-51.0239307531248));
#5008=CARTESIAN_POINT('Ctrl Pts',(-12.6324954121444,3.88896135037478,-51.0120057195547));
#5009=CARTESIAN_POINT('Ctrl Pts',(-12.6431071949767,3.88333005828947,-50.9999999999998));
#5010=CARTESIAN_POINT('',(-11.6437451535744,2.15238422742481,-50.9999999999998));
#5011=CARTESIAN_POINT('Ctrl Pts',(-11.6437451535744,2.15238422742481,-50.9999999999998));
#5012=CARTESIAN_POINT('Ctrl Pts',(-11.6335624201735,2.15875865488358,-51.0120057195343));
#5013=CARTESIAN_POINT('Ctrl Pts',(-11.6235695886705,2.16526971936632,-51.0239307531022));
#5014=CARTESIAN_POINT('Ctrl Pts',(-11.5118859696064,2.2408739679457,-51.158798218306));
#5015=CARTESIAN_POINT('Ctrl Pts',(-11.4146925652382,2.33534861742665,-51.2923279431997));
#5016=CARTESIAN_POINT('Ctrl Pts',(-11.2636731170113,2.56467615679,-51.5453479901694));
#5017=CARTESIAN_POINT('Ctrl Pts',(-11.2096813870379,2.69938817410566,-51.664867053457));
#5018=CARTESIAN_POINT('Ctrl Pts',(-11.1713861304625,2.9392905061393,-51.8267887718385));
#5019=CARTESIAN_POINT('Ctrl Pts',(-11.1689730675362,3.05213864432226,-51.889213920082));
#5020=CARTESIAN_POINT('Ctrl Pts',(-11.2077414843261,3.28137117833876,-51.976039764094));
#5021=CARTESIAN_POINT('Ctrl Pts',(-11.2493534450453,3.39784917874,-51.9999999999998));
#5022=CARTESIAN_POINT('Ctrl Pts',(-11.3083302491977,3.5,-51.9999999999998));
#5023=CARTESIAN_POINT('',(-11.6437451535744,2.15238422742481,-51.9999999999998));
#5024=CARTESIAN_POINT('Origin',(-0.0499999999999989,-4.,-51.9999999999998));
#5025=CARTESIAN_POINT('',(-0.0499999999999989,-3.,-41.9999999999998));
#5026=CARTESIAN_POINT('',(0.949362041402376,-3.96428571428572,-42.9999999999998));
#5027=CARTESIAN_POINT('Ctrl Pts',(-0.0499999999999989,-3.,-41.9999999999998));
#5028=CARTESIAN_POINT('Ctrl Pts',(0.0679536083047998,-3.,-41.9999999999998));
#5029=CARTESIAN_POINT('Ctrl Pts',(0.189632495993896,-3.02220198511651,-42.0239602359055));
#5030=CARTESIAN_POINT('Ctrl Pts',(0.407537902221019,-3.10324381832019,-42.1107860799176));
#5031=CARTESIAN_POINT('Ctrl Pts',(0.50406072519407,-3.16175766120681,-42.1732112281611));
#5032=CARTESIAN_POINT('Ctrl Pts',(0.69267461087465,-3.31487349226233,-42.3351329465426));
#5033=CARTESIAN_POINT('Ctrl Pts',(0.782342775078327,-3.42898771067144,-42.4546520098302));
#5034=CARTESIAN_POINT('Ctrl Pts',(0.905436525840932,-3.67443815898311,-42.7076720567999));
#5035=CARTESIAN_POINT('Ctrl Pts',(0.938657270120984,-3.80584744098671,-42.8412017816935));
#5036=CARTESIAN_POINT('Ctrl Pts',(0.948290660491074,-3.94037041654999,-42.9760692468748));
#5037=CARTESIAN_POINT('Ctrl Pts',(0.948932991988224,-3.95227999473084,-42.9879942804449));
#5038=CARTESIAN_POINT('Ctrl Pts',(0.949362041402375,-3.96428571428572,-42.9999999999998));
#5039=CARTESIAN_POINT('',(-1.04936204140237,-3.96428571428572,-42.9999999999998));
#5040=CARTESIAN_POINT('Ctrl Pts',(-1.04936204140237,-3.96428571428572,-42.9999999999998));
#5041=CARTESIAN_POINT('Ctrl Pts',(-1.04893299198895,-3.95227999475118,-42.9879942804653));
#5042=CARTESIAN_POINT('Ctrl Pts',(-1.04829066049269,-3.94037041657253,-42.9760692468974));
#5043=CARTESIAN_POINT('Ctrl Pts',(-1.04744571741207,-3.92857142857143,-42.9642400437687));
#5044=CARTESIAN_POINT('Ctrl Pts',(-1.03865727012098,-3.80584744098671,-42.8412017816935));
#5045=CARTESIAN_POINT('Ctrl Pts',(-1.00543652584093,-3.67443815898312,-42.7076720567999));
#5046=CARTESIAN_POINT('Ctrl Pts',(-0.88234277507833,-3.42898771067145,-42.4546520098302));
#5047=CARTESIAN_POINT('Ctrl Pts',(-0.792674610874648,-3.31487349226233,
-42.3351329465426));
#5048=CARTESIAN_POINT('Ctrl Pts',(-0.604060725194068,-3.16175766120681,
-42.1732112281611));
#5049=CARTESIAN_POINT('Ctrl Pts',(-0.507537902221017,-3.10324381832019,
-42.1107860799176));
#5050=CARTESIAN_POINT('Ctrl Pts',(-0.289632495993895,-3.02220198511651,
-42.0239602359055));
#5051=CARTESIAN_POINT('Ctrl Pts',(-0.167953608304797,-3.,-41.9999999999998));
#5052=CARTESIAN_POINT('Ctrl Pts',(-0.0499999999999986,-3.,-41.9999999999998));
#5053=CARTESIAN_POINT('',(-1.04936204140237,-3.96428571428572,-50.9999999999998));
#5054=CARTESIAN_POINT('',(-1.04936204140237,-3.96428571428572,-51.9999999999998));
#5055=CARTESIAN_POINT('',(-0.0499999999999989,-3.,-51.9999999999998));
#5056=CARTESIAN_POINT('Ctrl Pts',(-0.0499999999999987,-3.,-51.9999999999998));
#5057=CARTESIAN_POINT('Ctrl Pts',(-0.167953608304797,-3.,-51.9999999999998));
#5058=CARTESIAN_POINT('Ctrl Pts',(-0.289632495993894,-3.02220198511651,
-51.976039764094));
#5059=CARTESIAN_POINT('Ctrl Pts',(-0.507537902221017,-3.10324381832019,
-51.889213920082));
#5060=CARTESIAN_POINT('Ctrl Pts',(-0.604060725194067,-3.16175766120681,
-51.8267887718385));
#5061=CARTESIAN_POINT('Ctrl Pts',(-0.792674610874647,-3.31487349226233,
-51.664867053457));
#5062=CARTESIAN_POINT('Ctrl Pts',(-0.882342775078328,-3.42898771067145,
-51.5453479901694));
#5063=CARTESIAN_POINT('Ctrl Pts',(-1.00543652584093,-3.67443815898311,-51.2923279431997));
#5064=CARTESIAN_POINT('Ctrl Pts',(-1.03865727012098,-3.80584744098671,-51.158798218306));
#5065=CARTESIAN_POINT('Ctrl Pts',(-1.04744571741207,-3.92857142857143,-51.0357599562308));
#5066=CARTESIAN_POINT('Ctrl Pts',(-1.04829066049107,-3.94037041654999,-51.0239307531248));
#5067=CARTESIAN_POINT('Ctrl Pts',(-1.04893299198822,-3.95227999473084,-51.0120057195547));
#5068=CARTESIAN_POINT('Ctrl Pts',(-1.04936204140237,-3.96428571428572,-50.9999999999998));
#5069=CARTESIAN_POINT('',(0.949362041402376,-3.96428571428572,-50.9999999999998));
#5070=CARTESIAN_POINT('Ctrl Pts',(0.949362041402375,-3.96428571428572,-50.9999999999998));
#5071=CARTESIAN_POINT('Ctrl Pts',(0.948932991988951,-3.95227999475118,-51.0120057195343));
#5072=CARTESIAN_POINT('Ctrl Pts',(0.948290660492689,-3.94037041657253,-51.0239307531022));
#5073=CARTESIAN_POINT('Ctrl Pts',(0.938657270120984,-3.80584744098671,-51.158798218306));
#5074=CARTESIAN_POINT('Ctrl Pts',(0.905436525840933,-3.67443815898311,-51.2923279431997));
#5075=CARTESIAN_POINT('Ctrl Pts',(0.78234277507833,-3.42898771067144,-51.5453479901694));
#5076=CARTESIAN_POINT('Ctrl Pts',(0.69267461087465,-3.31487349226233,-51.664867053457));
#5077=CARTESIAN_POINT('Ctrl Pts',(0.50406072519407,-3.16175766120681,-51.8267887718385));
#5078=CARTESIAN_POINT('Ctrl Pts',(0.407537902221019,-3.10324381832019,-51.889213920082));
#5079=CARTESIAN_POINT('Ctrl Pts',(0.189632495993896,-3.02220198511651,-51.976039764094));
#5080=CARTESIAN_POINT('Ctrl Pts',(0.0679536083047997,-3.,-51.9999999999998));
#5081=CARTESIAN_POINT('Ctrl Pts',(-0.0499999999999989,-3.,-51.9999999999998));
#5082=CARTESIAN_POINT('',(0.949362041402375,-3.96428571428572,-51.9999999999998));
#5083=CARTESIAN_POINT('Origin',(-7.05,-2.12435565298214,-51.9999999999998));
#5084=CARTESIAN_POINT('',(-6.55,-1.2583302491977,-41.9999999999998));
#5085=CARTESIAN_POINT('',(-6.16666994171052,-2.59310719497674,-42.9999999999998));
#5086=CARTESIAN_POINT('Ctrl Pts',(-6.55,-1.2583302491977,-41.9999999999998));
#5087=CARTESIAN_POINT('Ctrl Pts',(-6.44784917874,-1.3173070533501,-41.9999999999998));
#5088=CARTESIAN_POINT('Ctrl Pts',(-6.35357316345527,-1.39737398031999,-42.0239602359055));
#5089=CARTESIAN_POINT('Ctrl Pts',(-6.20538246264245,-1.5765109697572,-42.1107860799176));
#5090=CARTESIAN_POINT('Ctrl Pts',(-6.15104816734611,-1.67544685565659,-42.1732112281611));
#5091=CARTESIAN_POINT('Ctrl Pts',(-6.064261666368,-1.90235599791253,-42.3351329465426));
#5092=CARTESIAN_POINT('Ctrl Pts',(-6.04366386746145,-2.04601589208967,-42.4546520098302));
#5093=CARTESIAN_POINT('Ctrl Pts',(-6.05978677640976,-2.32012909107915,-42.7076720567999));
#5094=CARTESIAN_POINT('Ctrl Pts',(-6.09672140893241,-2.45054323972736,-42.8412017816935));
#5095=CARTESIAN_POINT('Ctrl Pts',(-6.15564013592897,-2.57186024914288,-42.9760692468748));
#5096=CARTESIAN_POINT('Ctrl Pts',(-6.16103864962522,-2.58249541214444,-42.9879942804449));
#5097=CARTESIAN_POINT('Ctrl Pts',(-6.16666994171052,-2.59310719497674,-42.9999999999998));
#5098=CARTESIAN_POINT('',(-7.89761577257519,-1.59374515357437,-42.9999999999998));
#5099=CARTESIAN_POINT('Ctrl Pts',(-7.89761577257519,-1.59374515357437,-42.9999999999998));
#5100=CARTESIAN_POINT('Ctrl Pts',(-7.89124134511642,-1.58356242017347,-42.9879942804653));
#5101=CARTESIAN_POINT('Ctrl Pts',(-7.88473028063367,-1.57356958867052,-42.9760692468974));
#5102=CARTESIAN_POINT('Ctrl Pts',(-7.87809904446056,-1.56377383686293,-42.9642400437687));
#5103=CARTESIAN_POINT('Ctrl Pts',(-7.8091260320543,-1.46188596960638,-42.8412017816935));
#5104=CARTESIAN_POINT('Ctrl Pts',(-7.71465138257335,-1.36469256523822,-42.7076720567999));
#5105=CARTESIAN_POINT('Ctrl Pts',(-7.48532384320999,-1.21367311701134,-42.4546520098302));
#5106=CARTESIAN_POINT('Ctrl Pts',(-7.35061182589433,-1.15968138703788,-42.3351329465426));
#5107=CARTESIAN_POINT('Ctrl Pts',(-7.11070949386069,-1.12138613046252,-42.1732112281611));
#5108=CARTESIAN_POINT('Ctrl Pts',(-6.99786135567773,-1.11897306753619,-42.1107860799176));
#5109=CARTESIAN_POINT('Ctrl Pts',(-6.76862882166124,-1.1577414843261,-42.0239602359055));
#5110=CARTESIAN_POINT('Ctrl Pts',(-6.65215082125999,-1.1993534450453,-41.9999999999998));
#5111=CARTESIAN_POINT('Ctrl Pts',(-6.55,-1.2583302491977,-41.9999999999998));
#5112=CARTESIAN_POINT('',(-7.89761577257519,-1.59374515357437,-50.9999999999998));
#5113=CARTESIAN_POINT('',(-7.89761577257519,-1.59374515357437,-51.9999999999998));
#5114=CARTESIAN_POINT('',(-6.55,-1.2583302491977,-51.9999999999998));
#5115=CARTESIAN_POINT('Ctrl Pts',(-6.55,-1.2583302491977,-51.9999999999998));
#5116=CARTESIAN_POINT('Ctrl Pts',(-6.65215082125999,-1.1993534450453,-51.9999999999998));
#5117=CARTESIAN_POINT('Ctrl Pts',(-6.76862882166124,-1.1577414843261,-51.976039764094));
#5118=CARTESIAN_POINT('Ctrl Pts',(-6.99786135567773,-1.11897306753619,-51.889213920082));
#5119=CARTESIAN_POINT('Ctrl Pts',(-7.11070949386069,-1.12138613046252,-51.8267887718385));
#5120=CARTESIAN_POINT('Ctrl Pts',(-7.35061182589433,-1.15968138703788,-51.664867053457));
#5121=CARTESIAN_POINT('Ctrl Pts',(-7.48532384320999,-1.21367311701134,-51.5453479901694));
#5122=CARTESIAN_POINT('Ctrl Pts',(-7.71465138257335,-1.36469256523822,-51.2923279431997));
#5123=CARTESIAN_POINT('Ctrl Pts',(-7.8091260320543,-1.46188596960638,-51.158798218306));
#5124=CARTESIAN_POINT('Ctrl Pts',(-7.87809904446056,-1.56377383686293,-51.0357599562308));
#5125=CARTESIAN_POINT('Ctrl Pts',(-7.884730280621,-1.57356958865181,-51.0239307531248));
#5126=CARTESIAN_POINT('Ctrl Pts',(-7.89124134510562,-1.58356242015621,-51.0120057195547));
#5127=CARTESIAN_POINT('Ctrl Pts',(-7.89761577257519,-1.59374515357437,-50.9999999999998));
#5128=CARTESIAN_POINT('',(-6.16666994171052,-2.59310719497674,-50.9999999999998));
#5129=CARTESIAN_POINT('Ctrl Pts',(-6.16666994171052,-2.59310719497674,-50.9999999999998));
#5130=CARTESIAN_POINT('Ctrl Pts',(-6.16103864963476,-2.58249541216242,-51.0120057195343));
#5131=CARTESIAN_POINT('Ctrl Pts',(-6.15564013593885,-2.57186024916321,-51.0239307531022));
#5132=CARTESIAN_POINT('Ctrl Pts',(-6.0967214089324,-2.45054323972736,-51.158798218306));
#5133=CARTESIAN_POINT('Ctrl Pts',(-6.05978677640976,-2.32012909107915,-51.2923279431997));
#5134=CARTESIAN_POINT('Ctrl Pts',(-6.04366386746145,-2.04601589208967,-51.5453479901694));
#5135=CARTESIAN_POINT('Ctrl Pts',(-6.06426166636799,-1.90235599791253,-51.664867053457));
#5136=CARTESIAN_POINT('Ctrl Pts',(-6.15104816734611,-1.67544685565659,-51.8267887718385));
#5137=CARTESIAN_POINT('Ctrl Pts',(-6.20538246264245,-1.5765109697572,-51.889213920082));
#5138=CARTESIAN_POINT('Ctrl Pts',(-6.35357316345527,-1.39737398031999,-51.976039764094));
#5139=CARTESIAN_POINT('Ctrl Pts',(-6.44784917874,-1.3173070533501,-51.9999999999998));
#5140=CARTESIAN_POINT('Ctrl Pts',(-6.55,-1.2583302491977,-51.9999999999998));
#5141=CARTESIAN_POINT('',(-6.16666994171052,-2.59310719497674,-51.9999999999998));
#5142=CARTESIAN_POINT('Origin',(-14.05,10.,-51.9999999999998));
#5143=CARTESIAN_POINT('',(-13.05,10.,-41.9999999999998));
#5144=CARTESIAN_POINT('',(-14.0142857142857,9.00063795859762,-42.9999999999998));
#5145=CARTESIAN_POINT('Ctrl Pts',(-13.05,10.,-41.9999999999998));
#5146=CARTESIAN_POINT('Ctrl Pts',(-13.05,9.8820463916952,-41.9999999999998));
#5147=CARTESIAN_POINT('Ctrl Pts',(-13.0722019851165,9.7603675040061,-42.0239602359055));
#5148=CARTESIAN_POINT('Ctrl Pts',(-13.1532438183202,9.54246209777898,-42.1107860799176));
#5149=CARTESIAN_POINT('Ctrl Pts',(-13.2117576612068,9.44593927480593,-42.1732112281611));
#5150=CARTESIAN_POINT('Ctrl Pts',(-13.3648734922623,9.25732538912535,-42.3351329465426));
#5151=CARTESIAN_POINT('Ctrl Pts',(-13.4789877106714,9.16765722492167,-42.4546520098302));
#5152=CARTESIAN_POINT('Ctrl Pts',(-13.7244381589831,9.04456347415906,-42.7076720567999));
#5153=CARTESIAN_POINT('Ctrl Pts',(-13.8558474409867,9.01134272987901,-42.8412017816935));
#5154=CARTESIAN_POINT('Ctrl Pts',(-13.99037041655,9.00170933950892,-42.9760692468748));
#5155=CARTESIAN_POINT('Ctrl Pts',(-14.0022799947308,9.00106700801178,-42.9879942804449));
#5156=CARTESIAN_POINT('Ctrl Pts',(-14.0142857142857,9.00063795859762,-42.9999999999998));
#5157=CARTESIAN_POINT('',(-14.0142857142857,10.9993620414024,-42.9999999999998));
#5158=CARTESIAN_POINT('Ctrl Pts',(-14.0142857142857,10.9993620414024,-42.9999999999998));
#5159=CARTESIAN_POINT('Ctrl Pts',(-14.0022799947512,10.9989329919889,-42.9879942804653));
#5160=CARTESIAN_POINT('Ctrl Pts',(-13.9903704165725,10.9982906604927,-42.9760692468974));
#5161=CARTESIAN_POINT('Ctrl Pts',(-13.9785714285714,10.9974457174121,-42.9642400437687));
#5162=CARTESIAN_POINT('Ctrl Pts',(-13.8558474409867,10.988657270121,-42.8412017816935));
#5163=CARTESIAN_POINT('Ctrl Pts',(-13.7244381589831,10.9554365258409,-42.7076720567999));
#5164=CARTESIAN_POINT('Ctrl Pts',(-13.4789877106714,10.8323427750783,-42.4546520098302));
#5165=CARTESIAN_POINT('Ctrl Pts',(-13.3648734922623,10.7426746108746,-42.3351329465426));
#5166=CARTESIAN_POINT('Ctrl Pts',(-13.2117576612068,10.5540607251941,-42.1732112281611));
#5167=CARTESIAN_POINT('Ctrl Pts',(-13.1532438183202,10.457537902221,-42.1107860799176));
#5168=CARTESIAN_POINT('Ctrl Pts',(-13.0722019851165,10.2396324959939,-42.0239602359055));
#5169=CARTESIAN_POINT('Ctrl Pts',(-13.05,10.1179536083048,-41.9999999999998));
#5170=CARTESIAN_POINT('Ctrl Pts',(-13.05,9.99999999999999,-41.9999999999998));
#5171=CARTESIAN_POINT('',(-14.0142857142857,10.9993620414024,-50.9999999999998));
#5172=CARTESIAN_POINT('',(-14.0142857142857,10.9993620414024,-51.9999999999998));
#5173=CARTESIAN_POINT('',(-13.05,10.,-51.9999999999998));
#5174=CARTESIAN_POINT('Ctrl Pts',(-13.05,10.,-51.9999999999998));
#5175=CARTESIAN_POINT('Ctrl Pts',(-13.05,10.1179536083048,-51.9999999999998));
#5176=CARTESIAN_POINT('Ctrl Pts',(-13.0722019851165,10.2396324959939,-51.976039764094));
#5177=CARTESIAN_POINT('Ctrl Pts',(-13.1532438183202,10.457537902221,-51.889213920082));
#5178=CARTESIAN_POINT('Ctrl Pts',(-13.2117576612068,10.5540607251941,-51.8267887718385));
#5179=CARTESIAN_POINT('Ctrl Pts',(-13.3648734922623,10.7426746108746,-51.664867053457));
#5180=CARTESIAN_POINT('Ctrl Pts',(-13.4789877106714,10.8323427750783,-51.5453479901694));
#5181=CARTESIAN_POINT('Ctrl Pts',(-13.7244381589831,10.9554365258409,-51.2923279431997));
#5182=CARTESIAN_POINT('Ctrl Pts',(-13.8558474409867,10.988657270121,-51.158798218306));
#5183=CARTESIAN_POINT('Ctrl Pts',(-13.9785714285714,10.9974457174121,-51.0357599562308));
#5184=CARTESIAN_POINT('Ctrl Pts',(-13.99037041655,10.9982906604911,-51.0239307531248));
#5185=CARTESIAN_POINT('Ctrl Pts',(-14.0022799947308,10.9989329919882,-51.0120057195547));
#5186=CARTESIAN_POINT('Ctrl Pts',(-14.0142857142857,10.9993620414024,-50.9999999999998));
#5187=CARTESIAN_POINT('',(-14.0142857142857,9.00063795859762,-50.9999999999998));
#5188=CARTESIAN_POINT('Ctrl Pts',(-14.0142857142857,9.00063795859762,-50.9999999999998));
#5189=CARTESIAN_POINT('Ctrl Pts',(-14.0022799947512,9.00106700801105,-51.0120057195343));
#5190=CARTESIAN_POINT('Ctrl Pts',(-13.9903704165725,9.00170933950731,-51.0239307531022));
#5191=CARTESIAN_POINT('Ctrl Pts',(-13.8558474409867,9.01134272987901,-51.158798218306));
#5192=CARTESIAN_POINT('Ctrl Pts',(-13.7244381589831,9.04456347415906,-51.2923279431997));
#5193=CARTESIAN_POINT('Ctrl Pts',(-13.4789877106714,9.16765722492167,-51.5453479901694));
#5194=CARTESIAN_POINT('Ctrl Pts',(-13.3648734922623,9.25732538912535,-51.664867053457));
#5195=CARTESIAN_POINT('Ctrl Pts',(-13.2117576612068,9.44593927480593,-51.8267887718385));
#5196=CARTESIAN_POINT('Ctrl Pts',(-13.1532438183202,9.54246209777898,-51.889213920082));
#5197=CARTESIAN_POINT('Ctrl Pts',(-13.0722019851165,9.7603675040061,-51.976039764094));
#5198=CARTESIAN_POINT('Ctrl Pts',(-13.05,9.8820463916952,-51.9999999999998));
#5199=CARTESIAN_POINT('Ctrl Pts',(-13.05,10.,-51.9999999999998));
#5200=CARTESIAN_POINT('',(-14.0142857142857,9.00063795859762,-51.9999999999998));
#5201=CARTESIAN_POINT('Origin',(-7.05,22.1243556529821,-51.9999999999998));
#5202=CARTESIAN_POINT('',(-6.55,21.2583302491977,-41.9999999999998));
#5203=CARTESIAN_POINT('',(-7.89761577257519,21.5937451535744,-42.9999999999998));
#5204=CARTESIAN_POINT('Ctrl Pts',(-6.55,21.2583302491977,-41.9999999999998));
#5205=CARTESIAN_POINT('Ctrl Pts',(-6.65215082126,21.1993534450453,-41.9999999999998));
#5206=CARTESIAN_POINT('Ctrl Pts',(-6.76862882166125,21.1577414843261,-42.0239602359055));
#5207=CARTESIAN_POINT('Ctrl Pts',(-6.99786135567774,21.1189730675362,-42.1107860799176));
#5208=CARTESIAN_POINT('Ctrl Pts',(-7.1107094938607,21.1213861304625,-42.1732112281611));
#5209=CARTESIAN_POINT('Ctrl Pts',(-7.35061182589434,21.1596813870379,-42.3351329465426));
#5210=CARTESIAN_POINT('Ctrl Pts',(-7.48532384320999,21.2136731170113,-42.4546520098302));
#5211=CARTESIAN_POINT('Ctrl Pts',(-7.71465138257335,21.3646925652382,-42.7076720567999));
#5212=CARTESIAN_POINT('Ctrl Pts',(-7.8091260320543,21.4618859696064,-42.8412017816935));
#5213=CARTESIAN_POINT('Ctrl Pts',(-7.88473028062101,21.5735695886518,-42.9760692468748));
#5214=CARTESIAN_POINT('Ctrl Pts',(-7.89124134510562,21.5835624201562,-42.9879942804449));
#5215=CARTESIAN_POINT('Ctrl Pts',(-7.89761577257519,21.5937451535744,-42.9999999999998));
#5216=CARTESIAN_POINT('',(-6.16666994171053,22.5931071949767,-42.9999999999998));
#5217=CARTESIAN_POINT('Ctrl Pts',(-6.16666994171053,22.5931071949767,-42.9999999999998));
#5218=CARTESIAN_POINT('Ctrl Pts',(-6.16103864963477,22.5824954121624,-42.9879942804653));
#5219=CARTESIAN_POINT('Ctrl Pts',(-6.15564013593885,22.5718602491632,-42.9760692468974));
#5220=CARTESIAN_POINT('Ctrl Pts',(-6.15047238411087,22.561219554275,-42.9642400437687));
#5221=CARTESIAN_POINT('Ctrl Pts',(-6.09672140893241,22.4505432397274,-42.8412017816935));
#5222=CARTESIAN_POINT('Ctrl Pts',(-6.05978677640977,22.3201290910791,-42.7076720567999));
#5223=CARTESIAN_POINT('Ctrl Pts',(-6.04366386746146,22.0460158920897,-42.4546520098302));
#5224=CARTESIAN_POINT('Ctrl Pts',(-6.064261666368,21.9023559979125,-42.3351329465426));
#5225=CARTESIAN_POINT('Ctrl Pts',(-6.15104816734612,21.6754468556566,-42.1732112281611));
#5226=CARTESIAN_POINT('Ctrl Pts',(-6.20538246264246,21.5765109697572,-42.1107860799176));
#5227=CARTESIAN_POINT('Ctrl Pts',(-6.35357316345527,21.39737398032,-42.0239602359055));
#5228=CARTESIAN_POINT('Ctrl Pts',(-6.44784917874001,21.3173070533501,-41.9999999999998));
#5229=CARTESIAN_POINT('Ctrl Pts',(-6.55,21.2583302491977,-41.9999999999998));
#5230=CARTESIAN_POINT('',(-6.16666994171053,22.5931071949767,-50.9999999999998));
#5231=CARTESIAN_POINT('',(-6.16666994171053,22.5931071949767,-51.9999999999998));
#5232=CARTESIAN_POINT('',(-6.55,21.2583302491977,-51.9999999999998));
#5233=CARTESIAN_POINT('Ctrl Pts',(-6.55,21.2583302491977,-51.9999999999998));
#5234=CARTESIAN_POINT('Ctrl Pts',(-6.44784917874001,21.3173070533501,-51.9999999999998));
#5235=CARTESIAN_POINT('Ctrl Pts',(-6.35357316345527,21.39737398032,-51.976039764094));
#5236=CARTESIAN_POINT('Ctrl Pts',(-6.20538246264246,21.5765109697572,-51.889213920082));
#5237=CARTESIAN_POINT('Ctrl Pts',(-6.15104816734612,21.6754468556566,-51.8267887718385));
#5238=CARTESIAN_POINT('Ctrl Pts',(-6.064261666368,21.9023559979125,-51.664867053457));
#5239=CARTESIAN_POINT('Ctrl Pts',(-6.04366386746146,22.0460158920897,-51.5453479901694));
#5240=CARTESIAN_POINT('Ctrl Pts',(-6.05978677640977,22.3201290910791,-51.2923279431997));
#5241=CARTESIAN_POINT('Ctrl Pts',(-6.09672140893241,22.4505432397274,-51.158798218306));
#5242=CARTESIAN_POINT('Ctrl Pts',(-6.15047238411087,22.561219554275,-51.0357599562309));
#5243=CARTESIAN_POINT('Ctrl Pts',(-6.15564013592898,22.5718602491429,-51.0239307531248));
#5244=CARTESIAN_POINT('Ctrl Pts',(-6.16103864962523,22.5824954121444,-51.0120057195547));
#5245=CARTESIAN_POINT('Ctrl Pts',(-6.16666994171053,22.5931071949767,-50.9999999999998));
#5246=CARTESIAN_POINT('',(-7.89761577257519,21.5937451535744,-50.9999999999998));
#5247=CARTESIAN_POINT('Ctrl Pts',(-7.89761577257519,21.5937451535744,-50.9999999999998));
#5248=CARTESIAN_POINT('Ctrl Pts',(-7.89124134511642,21.5835624201735,-51.0120057195343));
#5249=CARTESIAN_POINT('Ctrl Pts',(-7.88473028063368,21.5735695886705,-51.0239307531022));
#5250=CARTESIAN_POINT('Ctrl Pts',(-7.8091260320543,21.4618859696064,-51.158798218306));
#5251=CARTESIAN_POINT('Ctrl Pts',(-7.71465138257335,21.3646925652382,-51.2923279431997));
#5252=CARTESIAN_POINT('Ctrl Pts',(-7.48532384321,21.2136731170113,-51.5453479901694));
#5253=CARTESIAN_POINT('Ctrl Pts',(-7.35061182589434,21.1596813870379,-51.664867053457));
#5254=CARTESIAN_POINT('Ctrl Pts',(-7.1107094938607,21.1213861304625,-51.8267887718385));
#5255=CARTESIAN_POINT('Ctrl Pts',(-6.99786135567774,21.1189730675362,-51.889213920082));
#5256=CARTESIAN_POINT('Ctrl Pts',(-6.76862882166125,21.1577414843261,-51.976039764094));
#5257=CARTESIAN_POINT('Ctrl Pts',(-6.65215082126,21.1993534450453,-51.9999999999998));
#5258=CARTESIAN_POINT('Ctrl Pts',(-6.55,21.2583302491977,-51.9999999999998));
#5259=CARTESIAN_POINT('',(-7.89761577257519,21.5937451535744,-51.9999999999998));
#5260=CARTESIAN_POINT('Origin',(6.95,22.1243556529821,-51.9999999999998));
#5261=CARTESIAN_POINT('',(6.45,21.2583302491977,-41.9999999999998));
#5262=CARTESIAN_POINT('',(6.06666994171052,22.5931071949767,-42.9999999999998));
#5263=CARTESIAN_POINT('Ctrl Pts',(6.45,21.2583302491977,-41.9999999999998));
#5264=CARTESIAN_POINT('Ctrl Pts',(6.34784917874,21.3173070533501,-41.9999999999998));
#5265=CARTESIAN_POINT('Ctrl Pts',(6.25357316345527,21.39737398032,-42.0239602359055));
#5266=CARTESIAN_POINT('Ctrl Pts',(6.10538246264245,21.5765109697572,-42.1107860799176));
#5267=CARTESIAN_POINT('Ctrl Pts',(6.05104816734611,21.6754468556566,-42.1732112281611));
#5268=CARTESIAN_POINT('Ctrl Pts',(5.964261666368,21.9023559979125,-42.3351329465426));
#5269=CARTESIAN_POINT('Ctrl Pts',(5.94366386746145,22.0460158920897,-42.4546520098302));
#5270=CARTESIAN_POINT('Ctrl Pts',(5.95978677640976,22.3201290910792,-42.7076720567999));
#5271=CARTESIAN_POINT('Ctrl Pts',(5.99672140893241,22.4505432397274,-42.8412017816935));
#5272=CARTESIAN_POINT('Ctrl Pts',(6.05564013592898,22.5718602491429,-42.9760692468748));
#5273=CARTESIAN_POINT('Ctrl Pts',(6.06103864962522,22.5824954121444,-42.9879942804449));
#5274=CARTESIAN_POINT('Ctrl Pts',(6.06666994171052,22.5931071949767,-42.9999999999998));
#5275=CARTESIAN_POINT('',(7.79761577257519,21.5937451535744,-42.9999999999998));
#5276=CARTESIAN_POINT('Ctrl Pts',(7.79761577257519,21.5937451535744,-42.9999999999998));
#5277=CARTESIAN_POINT('Ctrl Pts',(7.79124134511642,21.5835624201735,-42.9879942804653));
#5278=CARTESIAN_POINT('Ctrl Pts',(7.78473028063367,21.5735695886705,-42.9760692468974));
#5279=CARTESIAN_POINT('Ctrl Pts',(7.77809904446056,21.5637738368629,-42.9642400437687));
#5280=CARTESIAN_POINT('Ctrl Pts',(7.7091260320543,21.4618859696064,-42.8412017816935));
#5281=CARTESIAN_POINT('Ctrl Pts',(7.61465138257335,21.3646925652382,-42.7076720567999));
#5282=CARTESIAN_POINT('Ctrl Pts',(7.38532384320999,21.2136731170113,-42.4546520098302));
#5283=CARTESIAN_POINT('Ctrl Pts',(7.25061182589433,21.1596813870379,-42.3351329465426));
#5284=CARTESIAN_POINT('Ctrl Pts',(7.01070949386069,21.1213861304625,-42.1732112281611));
#5285=CARTESIAN_POINT('Ctrl Pts',(6.89786135567773,21.1189730675362,-42.1107860799176));
#5286=CARTESIAN_POINT('Ctrl Pts',(6.66862882166124,21.1577414843261,-42.0239602359055));
#5287=CARTESIAN_POINT('Ctrl Pts',(6.55215082125999,21.1993534450453,-41.9999999999998));
#5288=CARTESIAN_POINT('Ctrl Pts',(6.45,21.2583302491977,-41.9999999999998));
#5289=CARTESIAN_POINT('',(7.79761577257519,21.5937451535744,-50.9999999999998));
#5290=CARTESIAN_POINT('',(7.79761577257518,21.5937451535744,-51.9999999999998));
#5291=CARTESIAN_POINT('',(6.45,21.2583302491977,-51.9999999999998));
#5292=CARTESIAN_POINT('Ctrl Pts',(6.45,21.2583302491977,-51.9999999999998));
#5293=CARTESIAN_POINT('Ctrl Pts',(6.55215082125999,21.1993534450453,-51.9999999999998));
#5294=CARTESIAN_POINT('Ctrl Pts',(6.66862882166124,21.1577414843261,-51.976039764094));
#5295=CARTESIAN_POINT('Ctrl Pts',(6.89786135567773,21.1189730675362,-51.889213920082));
#5296=CARTESIAN_POINT('Ctrl Pts',(7.01070949386069,21.1213861304625,-51.8267887718385));
#5297=CARTESIAN_POINT('Ctrl Pts',(7.25061182589433,21.1596813870379,-51.664867053457));
#5298=CARTESIAN_POINT('Ctrl Pts',(7.38532384320999,21.2136731170113,-51.5453479901694));
#5299=CARTESIAN_POINT('Ctrl Pts',(7.61465138257334,21.3646925652382,-51.2923279431997));
#5300=CARTESIAN_POINT('Ctrl Pts',(7.7091260320543,21.4618859696064,-51.158798218306));
#5301=CARTESIAN_POINT('Ctrl Pts',(7.77809904446056,21.5637738368629,-51.0357599562309));
#5302=CARTESIAN_POINT('Ctrl Pts',(7.78473028062101,21.5735695886518,-51.0239307531248));
#5303=CARTESIAN_POINT('Ctrl Pts',(7.79124134510562,21.5835624201562,-51.0120057195547));
#5304=CARTESIAN_POINT('Ctrl Pts',(7.79761577257519,21.5937451535744,-50.9999999999998));
#5305=CARTESIAN_POINT('',(6.06666994171052,22.5931071949767,-50.9999999999998));
#5306=CARTESIAN_POINT('Ctrl Pts',(6.06666994171052,22.5931071949767,-50.9999999999998));
#5307=CARTESIAN_POINT('Ctrl Pts',(6.06103864963476,22.5824954121624,-51.0120057195343));
#5308=CARTESIAN_POINT('Ctrl Pts',(6.05564013593885,22.5718602491632,-51.0239307531022));
#5309=CARTESIAN_POINT('Ctrl Pts',(5.99672140893241,22.4505432397274,-51.158798218306));
#5310=CARTESIAN_POINT('Ctrl Pts',(5.95978677640976,22.3201290910792,-51.2923279431997));
#5311=CARTESIAN_POINT('Ctrl Pts',(5.94366386746145,22.0460158920897,-51.5453479901694));
#5312=CARTESIAN_POINT('Ctrl Pts',(5.964261666368,21.9023559979125,-51.664867053457));
#5313=CARTESIAN_POINT('Ctrl Pts',(6.05104816734611,21.6754468556566,-51.8267887718385));
#5314=CARTESIAN_POINT('Ctrl Pts',(6.10538246264245,21.5765109697572,-51.889213920082));
#5315=CARTESIAN_POINT('Ctrl Pts',(6.25357316345527,21.39737398032,-51.976039764094));
#5316=CARTESIAN_POINT('Ctrl Pts',(6.34784917874,21.3173070533501,-51.9999999999998));
#5317=CARTESIAN_POINT('Ctrl Pts',(6.45,21.2583302491977,-51.9999999999998));
#5318=CARTESIAN_POINT('',(6.06666994171052,22.5931071949767,-51.9999999999998));
#5319=CARTESIAN_POINT('Origin',(13.95,10.,-51.9999999999998));
#5320=CARTESIAN_POINT('',(12.95,10.,-41.9999999999998));
#5321=CARTESIAN_POINT('',(13.9142857142857,10.9993620414024,-42.9999999999998));
#5322=CARTESIAN_POINT('Ctrl Pts',(12.95,10.,-41.9999999999998));
#5323=CARTESIAN_POINT('Ctrl Pts',(12.95,10.1179536083048,-41.9999999999998));
#5324=CARTESIAN_POINT('Ctrl Pts',(12.9722019851165,10.2396324959939,-42.0239602359055));
#5325=CARTESIAN_POINT('Ctrl Pts',(13.0532438183202,10.457537902221,-42.1107860799176));
#5326=CARTESIAN_POINT('Ctrl Pts',(13.1117576612068,10.5540607251941,-42.1732112281611));
#5327=CARTESIAN_POINT('Ctrl Pts',(13.2648734922623,10.7426746108746,-42.3351329465426));
#5328=CARTESIAN_POINT('Ctrl Pts',(13.3789877106714,10.8323427750783,-42.4546520098302));
#5329=CARTESIAN_POINT('Ctrl Pts',(13.6244381589831,10.9554365258409,-42.7076720567999));
#5330=CARTESIAN_POINT('Ctrl Pts',(13.7558474409867,10.988657270121,-42.8412017816935));
#5331=CARTESIAN_POINT('Ctrl Pts',(13.89037041655,10.9982906604911,-42.9760692468748));
#5332=CARTESIAN_POINT('Ctrl Pts',(13.9022799947308,10.9989329919882,-42.9879942804449));
#5333=CARTESIAN_POINT('Ctrl Pts',(13.9142857142857,10.9993620414024,-42.9999999999998));
#5334=CARTESIAN_POINT('',(13.9142857142857,9.00063795859763,-42.9999999999998));
#5335=CARTESIAN_POINT('Ctrl Pts',(13.9142857142857,9.00063795859763,-42.9999999999998));
#5336=CARTESIAN_POINT('Ctrl Pts',(13.9022799947512,9.00106700801105,-42.9879942804653));
#5337=CARTESIAN_POINT('Ctrl Pts',(13.8903704165725,9.00170933950731,-42.9760692468974));
#5338=CARTESIAN_POINT('Ctrl Pts',(13.8785714285714,9.00255428258793,-42.9642400437687));
#5339=CARTESIAN_POINT('Ctrl Pts',(13.7558474409867,9.01134272987902,-42.8412017816935));
#5340=CARTESIAN_POINT('Ctrl Pts',(13.6244381589831,9.04456347415907,-42.7076720567999));
#5341=CARTESIAN_POINT('Ctrl Pts',(13.3789877106714,9.16765722492167,-42.4546520098302));
#5342=CARTESIAN_POINT('Ctrl Pts',(13.2648734922623,9.25732538912535,-42.3351329465426));
#5343=CARTESIAN_POINT('Ctrl Pts',(13.1117576612068,9.44593927480593,-42.1732112281611));
#5344=CARTESIAN_POINT('Ctrl Pts',(13.0532438183202,9.54246209777898,-42.1107860799176));
#5345=CARTESIAN_POINT('Ctrl Pts',(12.9722019851165,9.7603675040061,-42.0239602359055));
#5346=CARTESIAN_POINT('Ctrl Pts',(12.95,9.8820463916952,-41.9999999999998));
#5347=CARTESIAN_POINT('Ctrl Pts',(12.95,10.,-41.9999999999998));
#5348=CARTESIAN_POINT('',(13.9142857142857,9.00063795859763,-50.9999999999998));
#5349=CARTESIAN_POINT('',(13.9142857142857,9.00063795859763,-51.9999999999998));
#5350=CARTESIAN_POINT('',(12.95,10.,-51.9999999999998));
#5351=CARTESIAN_POINT('Ctrl Pts',(12.95,10.,-51.9999999999998));
#5352=CARTESIAN_POINT('Ctrl Pts',(12.95,9.8820463916952,-51.9999999999998));
#5353=CARTESIAN_POINT('Ctrl Pts',(12.9722019851165,9.7603675040061,-51.976039764094));
#5354=CARTESIAN_POINT('Ctrl Pts',(13.0532438183202,9.54246209777898,-51.889213920082));
#5355=CARTESIAN_POINT('Ctrl Pts',(13.1117576612068,9.44593927480593,-51.8267887718385));
#5356=CARTESIAN_POINT('Ctrl Pts',(13.2648734922623,9.25732538912535,-51.664867053457));
#5357=CARTESIAN_POINT('Ctrl Pts',(13.3789877106714,9.16765722492167,-51.5453479901694));
#5358=CARTESIAN_POINT('Ctrl Pts',(13.6244381589831,9.04456347415907,-51.2923279431997));
#5359=CARTESIAN_POINT('Ctrl Pts',(13.7558474409867,9.01134272987902,-51.158798218306));
#5360=CARTESIAN_POINT('Ctrl Pts',(13.8785714285714,9.00255428258793,-51.0357599562308));
#5361=CARTESIAN_POINT('Ctrl Pts',(13.89037041655,9.00170933950893,-51.0239307531248));
#5362=CARTESIAN_POINT('Ctrl Pts',(13.9022799947308,9.00106700801178,-51.0120057195547));
#5363=CARTESIAN_POINT('Ctrl Pts',(13.9142857142857,9.00063795859763,-50.9999999999998));
#5364=CARTESIAN_POINT('',(13.9142857142857,10.9993620414024,-50.9999999999998));
#5365=CARTESIAN_POINT('Ctrl Pts',(13.9142857142857,10.9993620414024,-50.9999999999998));
#5366=CARTESIAN_POINT('Ctrl Pts',(13.9022799947512,10.998932991989,-51.0120057195343));
#5367=CARTESIAN_POINT('Ctrl Pts',(13.8903704165725,10.9982906604927,-51.0239307531022));
#5368=CARTESIAN_POINT('Ctrl Pts',(13.7558474409867,10.988657270121,-51.158798218306));
#5369=CARTESIAN_POINT('Ctrl Pts',(13.6244381589831,10.9554365258409,-51.2923279431997));
#5370=CARTESIAN_POINT('Ctrl Pts',(13.3789877106714,10.8323427750783,-51.5453479901694));
#5371=CARTESIAN_POINT('Ctrl Pts',(13.2648734922623,10.7426746108746,-51.664867053457));
#5372=CARTESIAN_POINT('Ctrl Pts',(13.1117576612068,10.5540607251941,-51.8267887718385));
#5373=CARTESIAN_POINT('Ctrl Pts',(13.0532438183202,10.457537902221,-51.889213920082));
#5374=CARTESIAN_POINT('Ctrl Pts',(12.9722019851165,10.2396324959939,-51.976039764094));
#5375=CARTESIAN_POINT('Ctrl Pts',(12.95,10.1179536083048,-51.9999999999998));
#5376=CARTESIAN_POINT('Ctrl Pts',(12.95,10.,-51.9999999999998));
#5377=CARTESIAN_POINT('',(13.9142857142857,10.9993620414024,-51.9999999999998));
#5378=CARTESIAN_POINT('Origin',(6.95000000000001,-2.12435565298214,-51.9999999999998));
#5379=CARTESIAN_POINT('',(6.45000000000001,-1.2583302491977,-41.9999999999998));
#5380=CARTESIAN_POINT('',(7.7976157725752,-1.59374515357437,-42.9999999999998));
#5381=CARTESIAN_POINT('Ctrl Pts',(6.45000000000001,-1.2583302491977,-41.9999999999998));
#5382=CARTESIAN_POINT('Ctrl Pts',(6.55215082126,-1.1993534450453,-41.9999999999998));
#5383=CARTESIAN_POINT('Ctrl Pts',(6.66862882166125,-1.15774148432609,-42.0239602359055));
#5384=CARTESIAN_POINT('Ctrl Pts',(6.89786135567774,-1.11897306753618,-42.1107860799176));
#5385=CARTESIAN_POINT('Ctrl Pts',(7.0107094938607,-1.12138613046252,-42.1732112281611));
#5386=CARTESIAN_POINT('Ctrl Pts',(7.25061182589434,-1.15968138703788,-42.3351329465426));
#5387=CARTESIAN_POINT('Ctrl Pts',(7.38532384321,-1.21367311701133,-42.4546520098302));
#5388=CARTESIAN_POINT('Ctrl Pts',(7.61465138257335,-1.36469256523821,-42.7076720567999));
#5389=CARTESIAN_POINT('Ctrl Pts',(7.7091260320543,-1.46188596960638,-42.8412017816935));
#5390=CARTESIAN_POINT('Ctrl Pts',(7.78473028062102,-1.5735695886518,-42.9760692468748));
#5391=CARTESIAN_POINT('Ctrl Pts',(7.79124134510563,-1.58356242015621,-42.9879942804449));
#5392=CARTESIAN_POINT('Ctrl Pts',(7.7976157725752,-1.59374515357437,-42.9999999999998));
#5393=CARTESIAN_POINT('',(6.06666994171053,-2.59310719497674,-42.9999999999998));
#5394=CARTESIAN_POINT('Ctrl Pts',(6.06666994171053,-2.59310719497674,-42.9999999999998));
#5395=CARTESIAN_POINT('Ctrl Pts',(6.06103864963477,-2.58249541216241,-42.9879942804653));
#5396=CARTESIAN_POINT('Ctrl Pts',(6.05564013593886,-2.57186024916321,-42.9760692468974));
#5397=CARTESIAN_POINT('Ctrl Pts',(6.05047238411088,-2.561219554275,-42.9642400437687));
#5398=CARTESIAN_POINT('Ctrl Pts',(5.99672140893242,-2.45054323972736,-42.8412017816935));
#5399=CARTESIAN_POINT('Ctrl Pts',(5.95978677640977,-2.32012909107915,-42.7076720567999));
#5400=CARTESIAN_POINT('Ctrl Pts',(5.94366386746146,-2.04601589208967,-42.4546520098302));
#5401=CARTESIAN_POINT('Ctrl Pts',(5.964261666368,-1.90235599791253,-42.3351329465426));
#5402=CARTESIAN_POINT('Ctrl Pts',(6.05104816734612,-1.67544685565659,-42.1732112281611));
#5403=CARTESIAN_POINT('Ctrl Pts',(6.10538246264246,-1.5765109697572,-42.1107860799176));
#5404=CARTESIAN_POINT('Ctrl Pts',(6.25357316345528,-1.39737398031999,-42.0239602359055));
#5405=CARTESIAN_POINT('Ctrl Pts',(6.34784917874001,-1.3173070533501,-41.9999999999998));
#5406=CARTESIAN_POINT('Ctrl Pts',(6.45000000000001,-1.2583302491977,-41.9999999999998));
#5407=CARTESIAN_POINT('',(6.06666994171053,-2.59310719497674,-50.9999999999998));
#5408=CARTESIAN_POINT('',(6.06666994171053,-2.59310719497674,-51.9999999999998));
#5409=CARTESIAN_POINT('',(6.45000000000001,-1.2583302491977,-51.9999999999998));
#5410=CARTESIAN_POINT('Ctrl Pts',(6.45000000000001,-1.2583302491977,-51.9999999999998));
#5411=CARTESIAN_POINT('Ctrl Pts',(6.34784917874001,-1.3173070533501,-51.9999999999998));
#5412=CARTESIAN_POINT('Ctrl Pts',(6.25357316345528,-1.39737398031999,-51.976039764094));
#5413=CARTESIAN_POINT('Ctrl Pts',(6.10538246264246,-1.5765109697572,-51.889213920082));
#5414=CARTESIAN_POINT('Ctrl Pts',(6.05104816734612,-1.67544685565659,-51.8267887718385));
#5415=CARTESIAN_POINT('Ctrl Pts',(5.964261666368,-1.90235599791253,-51.664867053457));
#5416=CARTESIAN_POINT('Ctrl Pts',(5.94366386746146,-2.04601589208967,-51.5453479901694));
#5417=CARTESIAN_POINT('Ctrl Pts',(5.95978677640977,-2.32012909107915,-51.2923279431997));
#5418=CARTESIAN_POINT('Ctrl Pts',(5.99672140893242,-2.45054323972736,-51.158798218306));
#5419=CARTESIAN_POINT('Ctrl Pts',(6.05047238411088,-2.561219554275,-51.0357599562309));
#5420=CARTESIAN_POINT('Ctrl Pts',(6.05564013592898,-2.57186024914288,-51.0239307531248));
#5421=CARTESIAN_POINT('Ctrl Pts',(6.06103864962523,-2.58249541214443,-51.0120057195547));
#5422=CARTESIAN_POINT('Ctrl Pts',(6.06666994171053,-2.59310719497674,-50.9999999999998));
#5423=CARTESIAN_POINT('',(7.7976157725752,-1.59374515357437,-50.9999999999998));
#5424=CARTESIAN_POINT('Ctrl Pts',(7.7976157725752,-1.59374515357437,-50.9999999999998));
#5425=CARTESIAN_POINT('Ctrl Pts',(7.79124134511642,-1.58356242017346,-51.0120057195343));
#5426=CARTESIAN_POINT('Ctrl Pts',(7.78473028063368,-1.57356958867052,-51.0239307531022));
#5427=CARTESIAN_POINT('Ctrl Pts',(7.7091260320543,-1.46188596960638,-51.158798218306));
#5428=CARTESIAN_POINT('Ctrl Pts',(7.61465138257335,-1.36469256523821,-51.2923279431997));
#5429=CARTESIAN_POINT('Ctrl Pts',(7.38532384321,-1.21367311701133,-51.5453479901694));
#5430=CARTESIAN_POINT('Ctrl Pts',(7.25061182589434,-1.15968138703788,-51.664867053457));
#5431=CARTESIAN_POINT('Ctrl Pts',(7.0107094938607,-1.12138613046252,-51.8267887718385));
#5432=CARTESIAN_POINT('Ctrl Pts',(6.89786135567774,-1.11897306753618,-51.889213920082));
#5433=CARTESIAN_POINT('Ctrl Pts',(6.66862882166125,-1.15774148432609,-51.976039764094));
#5434=CARTESIAN_POINT('Ctrl Pts',(6.55215082126,-1.1993534450453,-51.9999999999998));
#5435=CARTESIAN_POINT('Ctrl Pts',(6.45000000000001,-1.2583302491977,-51.9999999999998));
#5436=CARTESIAN_POINT('',(7.7976157725752,-1.59374515357437,-51.9999999999998));
#5437=CARTESIAN_POINT('Origin',(13.472961568047,6.37653336856472,-51.9999999999998));
#5438=CARTESIAN_POINT('',(12.5070357417579,6.63535241366724,-41.9999999999998));
#5439=CARTESIAN_POINT('',(13.6971181463755,7.35108651149333,-42.9999999999998));
#5440=CARTESIAN_POINT('Ctrl Pts',(12.5070357417579,6.63535241366724,-41.9999999999998));
#5441=CARTESIAN_POINT('Ctrl Pts',(12.5375643820257,6.74928685023283,-41.9999999999998));
#5442=CARTESIAN_POINT('Ctrl Pts',(12.5905026663655,6.86107333377862,-42.0239602359055));
#5443=CARTESIAN_POINT('Ctrl Pts',(12.7251811352291,7.05057862345828,-42.1107860799176));
#5444=CARTESIAN_POINT('Ctrl Pts',(12.8066831121412,7.12866801405308,-42.1732112281611));
#5445=CARTESIAN_POINT('Ctrl Pts',(13.0033985135564,7.27122574424481,-42.3351329465426));
#5446=CARTESIAN_POINT('Ctrl Pts',(13.1368322128998,7.32830360680381,-42.4546520098302));
#5447=CARTESIAN_POINT('Ctrl Pts',(13.4057781470287,7.38367578906819,-42.7076720567999));
#5448=CARTESIAN_POINT('Ctrl Pts',(13.5413079276423,7.38175333905105,-42.8412017816935));
#5449=CARTESIAN_POINT('Ctrl Pts',(13.6737404488648,7.35624137152461,-42.9760692468748));
#5450=CARTESIAN_POINT('Ctrl Pts',(13.6854104656346,7.3537793904544,-42.9879942804449));
#5451=CARTESIAN_POINT('Ctrl Pts',(13.6971181463755,7.35108651149333,-42.9999999999998));
#5452=CARTESIAN_POINT('',(13.1798102878406,5.42046730028629,-42.9999999999998));
#5453=CARTESIAN_POINT('Ctrl Pts',(13.1798102878406,5.42046730028629,-42.9999999999998));
#5454=CARTESIAN_POINT('Ctrl Pts',(13.1683246994385,5.42398903906117,-42.9879942804653));
#5455=CARTESIAN_POINT('Ctrl Pts',(13.15698717792,5.42769190929422,-42.9760692468974));
#5456=CARTESIAN_POINT('Ctrl Pts',(13.145808918047,5.43156186444515,-42.9642400437687));
#5457=CARTESIAN_POINT('Ctrl Pts',(13.0295412664695,5.47181415793444,-42.8412017816935));
#5458=CARTESIAN_POINT('Ctrl Pts',(12.9112078084803,5.53791415768886,-42.7076720567999));
#5459=CARTESIAN_POINT('Ctrl Pts',(12.7059798884123,5.72034084125726,-42.4546520098302));
#5460=CARTESIAN_POINT('Ctrl Pts',(12.6189618463394,5.8364885698988,-42.3351329465426));
#5461=CARTESIAN_POINT('Ctrl Pts',(12.5198801764941,6.05830488645827,-42.1732112281611));
#5462=CARTESIAN_POINT('Ctrl Pts',(12.488342089327,6.16668327093547,-42.1107860799176));
#5463=CARTESIAN_POINT('Ctrl Pts',(12.4664597587881,6.39813890038139,-42.0239602359055));
#5464=CARTESIAN_POINT('Ctrl Pts',(12.47650710149,6.52141797710165,-41.9999999999998));
#5465=CARTESIAN_POINT('Ctrl Pts',(12.5070357417579,6.63535241366724,-41.9999999999998));
#5466=CARTESIAN_POINT('',(13.1798102878406,5.42046730028629,-50.9999999999998));
#5467=CARTESIAN_POINT('',(13.1798102878406,5.42046730028629,-51.9999999999998));
#5468=CARTESIAN_POINT('',(12.5070357417579,6.63535241366724,-51.9999999999998));
#5469=CARTESIAN_POINT('Ctrl Pts',(12.5070357417579,6.63535241366724,-51.9999999999998));
#5470=CARTESIAN_POINT('Ctrl Pts',(12.47650710149,6.52141797710165,-51.9999999999998));
#5471=CARTESIAN_POINT('Ctrl Pts',(12.4664597587881,6.39813890038139,-51.976039764094));
#5472=CARTESIAN_POINT('Ctrl Pts',(12.488342089327,6.16668327093547,-51.889213920082));
#5473=CARTESIAN_POINT('Ctrl Pts',(12.5198801764941,6.05830488645827,-51.8267887718385));
#5474=CARTESIAN_POINT('Ctrl Pts',(12.6189618463394,5.8364885698988,-51.664867053457));
#5475=CARTESIAN_POINT('Ctrl Pts',(12.7059798884123,5.72034084125726,-51.5453479901694));
#5476=CARTESIAN_POINT('Ctrl Pts',(12.9112078084803,5.53791415768886,-51.2923279431997));
#5477=CARTESIAN_POINT('Ctrl Pts',(13.0295412664695,5.47181415793444,-51.158798218306));
#5478=CARTESIAN_POINT('Ctrl Pts',(13.145808918047,5.43156186444515,-51.0357599562308));
#5479=CARTESIAN_POINT('Ctrl Pts',(13.1569871778987,5.42769190930161,-51.0239307531248));
#5480=CARTESIAN_POINT('Ctrl Pts',(13.168324699419,5.42398903906713,-51.0120057195547));
#5481=CARTESIAN_POINT('Ctrl Pts',(13.1798102878406,5.42046730028629,-50.9999999999998));
#5482=CARTESIAN_POINT('',(13.6971181463755,7.35108651149333,-50.9999999999998));
#5483=CARTESIAN_POINT('Ctrl Pts',(13.6971181463755,7.35108651149333,-50.9999999999998));
#5484=CARTESIAN_POINT('Ctrl Pts',(13.6854104656545,7.35377939044984,-51.0120057195343));
#5485=CARTESIAN_POINT('Ctrl Pts',(13.673740448887,7.35624137152034,-51.0239307531022));
#5486=CARTESIAN_POINT('Ctrl Pts',(13.5413079276423,7.38175333905105,-51.158798218306));
#5487=CARTESIAN_POINT('Ctrl Pts',(13.4057781470288,7.38367578906819,-51.2923279431997));
#5488=CARTESIAN_POINT('Ctrl Pts',(13.1368322128998,7.32830360680381,-51.5453479901694));
#5489=CARTESIAN_POINT('Ctrl Pts',(13.0033985135564,7.27122574424481,-51.664867053457));
#5490=CARTESIAN_POINT('Ctrl Pts',(12.8066831121412,7.12866801405308,-51.8267887718385));
#5491=CARTESIAN_POINT('Ctrl Pts',(12.7251811352291,7.05057862345828,-51.889213920082));
#5492=CARTESIAN_POINT('Ctrl Pts',(12.5905026663655,6.86107333377862,-51.976039764094));
#5493=CARTESIAN_POINT('Ctrl Pts',(12.5375643820257,6.74928685023283,-51.9999999999998));
#5494=CARTESIAN_POINT('Ctrl Pts',(12.5070357417579,6.63535241366724,-51.9999999999998));
#5495=CARTESIAN_POINT('',(13.6971181463755,7.35108651149333,-51.9999999999998));
#5496=CARTESIAN_POINT('Origin',(9.84949493661166,19.8994949366117,-51.9999999999998));
#5497=CARTESIAN_POINT('',(9.14238815542511,19.1923881554251,-41.9999999999998));
#5498=CARTESIAN_POINT('',(9.11758544666181,20.5808967993339,-42.9999999999998));
#5499=CARTESIAN_POINT('Ctrl Pts',(9.14238815542511,19.1923881554251,-41.9999999999998));
#5500=CARTESIAN_POINT('Ctrl Pts',(9.05898235912737,19.2757939517229,-41.9999999999998));
#5501=CARTESIAN_POINT('Ctrl Pts',(8.98864156674686,19.3775330925668,-42.0239602359056));
#5502=CARTESIAN_POINT('Ctrl Pts',(8.89186440616456,19.5889207127853,-42.1107860799176));
#5503=CARTESIAN_POINT('Ctrl Pts',(8.86498799859946,19.6985481905472,-42.1732112281611));
#5504=CARTESIAN_POINT('Ctrl Pts',(8.83988708345516,19.9401875905843,-42.3351329465426));
#5505=CARTESIAN_POINT('Ctrl Pts',(8.85717305415707,20.0842834952161,-42.4546520098302));
#5506=CARTESIAN_POINT('Ctrl Pts',(8.9436923047176,20.3448835975485,-42.7076720567999));
#5507=CARTESIAN_POINT('Ctrl Pts',(9.01312208557671,20.4612946055206,-42.8412017816935));
#5508=CARTESIAN_POINT('Ctrl Pts',(9.10143235816639,20.5632285494233,-42.9760692468748));
#5509=CARTESIAN_POINT('Ctrl Pts',(9.10939950470174,20.5721040898734,-42.9879942804449));
#5510=CARTESIAN_POINT('Ctrl Pts',(9.11758544666181,20.5808967993339,-42.9999999999998));
#5511=CARTESIAN_POINT('',(10.5308967993339,19.1675854466618,-42.9999999999998));
#5512=CARTESIAN_POINT('Ctrl Pts',(10.5308967993339,19.1675854466618,-42.9999999999998));
#5513=CARTESIAN_POINT('Ctrl Pts',(10.5221040898883,19.1593995047156,-42.9879942804653));
#5514=CARTESIAN_POINT('Ctrl Pts',(10.5132285494403,19.1514323581812,-42.9760692468974));
#5515=CARTESIAN_POINT('Ctrl Pts',(10.5042879400316,19.1436866787365,-42.9642400437687));
#5516=CARTESIAN_POINT('Ctrl Pts',(10.4112946055206,19.0631220855767,-42.8412017816935));
#5517=CARTESIAN_POINT('Ctrl Pts',(10.2948835975485,18.9936923047176,-42.7076720567999));
#5518=CARTESIAN_POINT('Ctrl Pts',(10.0342834952161,18.9071730541571,-42.4546520098302));
#5519=CARTESIAN_POINT('Ctrl Pts',(9.89018759058424,18.8898870834552,-42.3351329465426));
#5520=CARTESIAN_POINT('Ctrl Pts',(9.64854819054719,18.9149879985995,-42.1732112281611));
#5521=CARTESIAN_POINT('Ctrl Pts',(9.53892071278526,18.9418644061646,-42.1107860799176));
#5522=CARTESIAN_POINT('Ctrl Pts',(9.32753309256674,19.0386415667469,-42.0239602359055));
#5523=CARTESIAN_POINT('Ctrl Pts',(9.22579395172286,19.1089823591274,-41.9999999999998));
#5524=CARTESIAN_POINT('Ctrl Pts',(9.14238815542511,19.1923881554251,-41.9999999999998));
#5525=CARTESIAN_POINT('',(10.5308967993339,19.1675854466618,-50.9999999999998));
#5526=CARTESIAN_POINT('',(10.5308967993339,19.1675854466618,-51.9999999999998));
#5527=CARTESIAN_POINT('',(9.14238815542511,19.1923881554251,-51.9999999999998));
#5528=CARTESIAN_POINT('Ctrl Pts',(9.14238815542511,19.1923881554251,-51.9999999999998));
#5529=CARTESIAN_POINT('Ctrl Pts',(9.22579395172286,19.1089823591274,-51.9999999999998));
#5530=CARTESIAN_POINT('Ctrl Pts',(9.32753309256675,19.0386415667469,-51.976039764094));
#5531=CARTESIAN_POINT('Ctrl Pts',(9.53892071278527,18.9418644061646,-51.889213920082));
#5532=CARTESIAN_POINT('Ctrl Pts',(9.64854819054719,18.9149879985995,-51.8267887718385));
#5533=CARTESIAN_POINT('Ctrl Pts',(9.89018759058425,18.8898870834552,-51.664867053457));
#5534=CARTESIAN_POINT('Ctrl Pts',(10.0342834952161,18.9071730541571,-51.5453479901694));
#5535=CARTESIAN_POINT('Ctrl Pts',(10.2948835975485,18.9936923047176,-51.2923279431997));
#5536=CARTESIAN_POINT('Ctrl Pts',(10.4112946055206,19.0631220855767,-51.158798218306));
#5537=CARTESIAN_POINT('Ctrl Pts',(10.5042879400316,19.1436866787365,-51.0357599562309));
#5538=CARTESIAN_POINT('Ctrl Pts',(10.5132285494233,19.1514323581664,-51.0239307531248));
#5539=CARTESIAN_POINT('Ctrl Pts',(10.5221040898734,19.1593995047017,-51.0120057195547));
#5540=CARTESIAN_POINT('Ctrl Pts',(10.5308967993339,19.1675854466618,-50.9999999999998));
#5541=CARTESIAN_POINT('',(9.11758544666181,20.5808967993339,-50.9999999999998));
#5542=CARTESIAN_POINT('Ctrl Pts',(9.11758544666181,20.5808967993339,-50.9999999999998));
#5543=CARTESIAN_POINT('Ctrl Pts',(9.10939950471561,20.5721040898883,-51.0120057195343));
#5544=CARTESIAN_POINT('Ctrl Pts',(9.10143235818119,20.5632285494403,-51.0239307531022));
#5545=CARTESIAN_POINT('Ctrl Pts',(9.01312208557671,20.4612946055206,-51.158798218306));
#5546=CARTESIAN_POINT('Ctrl Pts',(8.9436923047176,20.3448835975485,-51.2923279431997));
#5547=CARTESIAN_POINT('Ctrl Pts',(8.85717305415707,20.0842834952161,-51.5453479901694));
#5548=CARTESIAN_POINT('Ctrl Pts',(8.83988708345516,19.9401875905843,-51.664867053457));
#5549=CARTESIAN_POINT('Ctrl Pts',(8.86498799859946,19.6985481905472,-51.8267887718385));
#5550=CARTESIAN_POINT('Ctrl Pts',(8.89186440616456,19.5889207127853,-51.8892139200819));
#5551=CARTESIAN_POINT('Ctrl Pts',(8.98864156674686,19.3775330925668,-51.976039764094));
#5552=CARTESIAN_POINT('Ctrl Pts',(9.05898235912737,19.2757939517229,-51.9999999999998));
#5553=CARTESIAN_POINT('Ctrl Pts',(9.14238815542511,19.1923881554251,-51.9999999999998));
#5554=CARTESIAN_POINT('',(9.11758544666181,20.5808967993339,-51.9999999999998));
#5555=CARTESIAN_POINT('Origin',(-3.67346663143529,23.522961568047,-51.9999999999998));
#5556=CARTESIAN_POINT('',(-3.41464758633277,22.5570357417579,-41.9999999999998));
#5557=CARTESIAN_POINT('',(-4.62953269971372,23.2298102878406,-42.9999999999998));
#5558=CARTESIAN_POINT('Ctrl Pts',(-3.41464758633277,22.5570357417579,-41.9999999999998));
#5559=CARTESIAN_POINT('Ctrl Pts',(-3.52858202289836,22.52650710149,-41.9999999999998));
#5560=CARTESIAN_POINT('Ctrl Pts',(-3.65186109961862,22.5164597587881,-42.0239602359056));
#5561=CARTESIAN_POINT('Ctrl Pts',(-3.88331672906455,22.538342089327,-42.1107860799176));
#5562=CARTESIAN_POINT('Ctrl Pts',(-3.99169511354174,22.5698801764941,-42.1732112281611));
#5563=CARTESIAN_POINT('Ctrl Pts',(-4.21351143010121,22.6689618463394,-42.3351329465426));
#5564=CARTESIAN_POINT('Ctrl Pts',(-4.32965915874275,22.7559798884123,-42.4546520098302));
#5565=CARTESIAN_POINT('Ctrl Pts',(-4.51208584231115,22.9612078084803,-42.7076720567999));
#5566=CARTESIAN_POINT('Ctrl Pts',(-4.57818584206557,23.0795412664695,-42.8412017816935));
#5567=CARTESIAN_POINT('Ctrl Pts',(-4.6223080906984,23.2069871778987,-42.9760692468748));
#5568=CARTESIAN_POINT('Ctrl Pts',(-4.62601096093288,23.218324699419,-42.9879942804449));
#5569=CARTESIAN_POINT('Ctrl Pts',(-4.62953269971372,23.2298102878406,-42.9999999999998));
#5570=CARTESIAN_POINT('',(-2.69891348850668,23.7471181463755,-42.9999999999998));
#5571=CARTESIAN_POINT('Ctrl Pts',(-2.69891348850669,23.7471181463755,-42.9999999999998));
#5572=CARTESIAN_POINT('Ctrl Pts',(-2.69622060955017,23.7354104656545,-42.9879942804653));
#5573=CARTESIAN_POINT('Ctrl Pts',(-2.69375862847967,23.723740448887,-42.9760692468974));
#5574=CARTESIAN_POINT('Ctrl Pts',(-2.69152097801537,23.7121248142914,-42.9642400437687));
#5575=CARTESIAN_POINT('Ctrl Pts',(-2.66824666094896,23.5913079276423,-42.8412017816935));
#5576=CARTESIAN_POINT('Ctrl Pts',(-2.66632421093182,23.4557781470287,-42.7076720567999));
#5577=CARTESIAN_POINT('Ctrl Pts',(-2.7216963931962,23.1868322128998,-42.4546520098302));
#5578=CARTESIAN_POINT('Ctrl Pts',(-2.7787742557552,23.0533985135564,-42.3351329465426));
#5579=CARTESIAN_POINT('Ctrl Pts',(-2.92133198594693,22.8566831121412,-42.1732112281611));
#5580=CARTESIAN_POINT('Ctrl Pts',(-2.99942137654174,22.7751811352291,-42.1107860799176));
#5581=CARTESIAN_POINT('Ctrl Pts',(-3.18892666622139,22.6405026663655,-42.0239602359056));
#5582=CARTESIAN_POINT('Ctrl Pts',(-3.30071314976718,22.5875643820257,-41.9999999999998));
#5583=CARTESIAN_POINT('Ctrl Pts',(-3.41464758633277,22.5570357417579,-41.9999999999998));
#5584=CARTESIAN_POINT('',(-2.69891348850668,23.7471181463755,-50.9999999999998));
#5585=CARTESIAN_POINT('',(-2.69891348850669,23.7471181463755,-51.9999999999998));
#5586=CARTESIAN_POINT('',(-3.41464758633277,22.5570357417579,-51.9999999999998));
#5587=CARTESIAN_POINT('Ctrl Pts',(-3.41464758633277,22.5570357417579,-51.9999999999998));
#5588=CARTESIAN_POINT('Ctrl Pts',(-3.30071314976718,22.5875643820257,-51.9999999999998));
#5589=CARTESIAN_POINT('Ctrl Pts',(-3.18892666622139,22.6405026663655,-51.976039764094));
#5590=CARTESIAN_POINT('Ctrl Pts',(-2.99942137654174,22.7751811352291,-51.889213920082));
#5591=CARTESIAN_POINT('Ctrl Pts',(-2.92133198594693,22.8566831121412,-51.8267887718385));
#5592=CARTESIAN_POINT('Ctrl Pts',(-2.7787742557552,23.0533985135564,-51.664867053457));
#5593=CARTESIAN_POINT('Ctrl Pts',(-2.7216963931962,23.1868322128998,-51.5453479901694));
#5594=CARTESIAN_POINT('Ctrl Pts',(-2.66632421093182,23.4557781470287,-51.2923279431997));
#5595=CARTESIAN_POINT('Ctrl Pts',(-2.66824666094896,23.5913079276423,-51.158798218306));
#5596=CARTESIAN_POINT('Ctrl Pts',(-2.69152097801537,23.7121248142914,-51.0357599562308));
#5597=CARTESIAN_POINT('Ctrl Pts',(-2.6937586284754,23.7237404488648,-51.0239307531248));
#5598=CARTESIAN_POINT('Ctrl Pts',(-2.69622060954561,23.7354104656346,-51.0120057195547));
#5599=CARTESIAN_POINT('Ctrl Pts',(-2.69891348850669,23.7471181463755,-50.9999999999998));
#5600=CARTESIAN_POINT('',(-4.62953269971372,23.2298102878406,-50.9999999999998));
#5601=CARTESIAN_POINT('Ctrl Pts',(-4.62953269971372,23.2298102878406,-50.9999999999998));
#5602=CARTESIAN_POINT('Ctrl Pts',(-4.62601096093884,23.2183246994385,-51.0120057195343));
#5603=CARTESIAN_POINT('Ctrl Pts',(-4.62230809070579,23.20698717792,-51.0239307531022));
#5604=CARTESIAN_POINT('Ctrl Pts',(-4.57818584206557,23.0795412664695,-51.158798218306));
#5605=CARTESIAN_POINT('Ctrl Pts',(-4.51208584231114,22.9612078084803,-51.2923279431997));
#5606=CARTESIAN_POINT('Ctrl Pts',(-4.32965915874275,22.7559798884123,-51.5453479901694));
#5607=CARTESIAN_POINT('Ctrl Pts',(-4.21351143010121,22.6689618463394,-51.664867053457));
#5608=CARTESIAN_POINT('Ctrl Pts',(-3.99169511354174,22.5698801764941,-51.8267887718385));
#5609=CARTESIAN_POINT('Ctrl Pts',(-3.88331672906455,22.538342089327,-51.889213920082));
#5610=CARTESIAN_POINT('Ctrl Pts',(-3.65186109961863,22.5164597587881,-51.976039764094));
#5611=CARTESIAN_POINT('Ctrl Pts',(-3.52858202289836,22.52650710149,-51.9999999999998));
#5612=CARTESIAN_POINT('Ctrl Pts',(-3.41464758633277,22.5570357417579,-51.9999999999998));
#5613=CARTESIAN_POINT('',(-4.62953269971372,23.2298102878406,-51.9999999999998));
#5614=CARTESIAN_POINT('Origin',(-13.572961568047,13.6234666314353,-51.9999999999998));
#5615=CARTESIAN_POINT('',(-12.6070357417579,13.3646475863328,-41.9999999999998));
#5616=CARTESIAN_POINT('',(-13.7971181463755,12.6489134885067,-42.9999999999998));
#5617=CARTESIAN_POINT('Ctrl Pts',(-12.6070357417579,13.3646475863328,-41.9999999999998));
#5618=CARTESIAN_POINT('Ctrl Pts',(-12.6375643820257,13.2507131497672,-41.9999999999998));
#5619=CARTESIAN_POINT('Ctrl Pts',(-12.6905026663655,13.1389266662214,-42.0239602359055));
#5620=CARTESIAN_POINT('Ctrl Pts',(-12.8251811352291,12.9494213765417,-42.1107860799176));
#5621=CARTESIAN_POINT('Ctrl Pts',(-12.9066831121412,12.8713319859469,-42.1732112281611));
#5622=CARTESIAN_POINT('Ctrl Pts',(-13.1033985135564,12.7287742557552,-42.3351329465426));
#5623=CARTESIAN_POINT('Ctrl Pts',(-13.2368322128998,12.6716963931962,-42.4546520098302));
#5624=CARTESIAN_POINT('Ctrl Pts',(-13.5057781470288,12.6163242109318,-42.7076720567999));
#5625=CARTESIAN_POINT('Ctrl Pts',(-13.6413079276423,12.618246660949,-42.8412017816935));
#5626=CARTESIAN_POINT('Ctrl Pts',(-13.7737404488648,12.6437586284754,-42.9760692468748));
#5627=CARTESIAN_POINT('Ctrl Pts',(-13.7854104656346,12.6462206095456,-42.9879942804449));
#5628=CARTESIAN_POINT('Ctrl Pts',(-13.7971181463755,12.6489134885067,-42.9999999999998));
#5629=CARTESIAN_POINT('',(-13.2798102878406,14.5795326997137,-42.9999999999998));
#5630=CARTESIAN_POINT('Ctrl Pts',(-13.2798102878406,14.5795326997137,-42.9999999999998));
#5631=CARTESIAN_POINT('Ctrl Pts',(-13.2683246994385,14.5760109609388,-42.9879942804653));
#5632=CARTESIAN_POINT('Ctrl Pts',(-13.25698717792,14.5723080907058,-42.9760692468974));
#5633=CARTESIAN_POINT('Ctrl Pts',(-13.245808918047,14.5684381355549,-42.9642400437687));
#5634=CARTESIAN_POINT('Ctrl Pts',(-13.1295412664695,14.5281858420656,-42.8412017816935));
#5635=CARTESIAN_POINT('Ctrl Pts',(-13.0112078084803,14.4620858423111,-42.7076720567999));
#5636=CARTESIAN_POINT('Ctrl Pts',(-12.8059798884123,14.2796591587427,-42.4546520098302));
#5637=CARTESIAN_POINT('Ctrl Pts',(-12.7189618463394,14.1635114301012,-42.3351329465426));
#5638=CARTESIAN_POINT('Ctrl Pts',(-12.6198801764941,13.9416951135417,-42.1732112281611));
#5639=CARTESIAN_POINT('Ctrl Pts',(-12.588342089327,13.8333167290645,-42.1107860799176));
#5640=CARTESIAN_POINT('Ctrl Pts',(-12.5664597587881,13.6018610996186,-42.0239602359055));
#5641=CARTESIAN_POINT('Ctrl Pts',(-12.57650710149,13.4785820228984,-41.9999999999998));
#5642=CARTESIAN_POINT('Ctrl Pts',(-12.6070357417579,13.3646475863328,-41.9999999999998));
#5643=CARTESIAN_POINT('',(-13.2798102878406,14.5795326997137,-50.9999999999998));
#5644=CARTESIAN_POINT('',(-13.2798102878406,14.5795326997137,-51.9999999999998));
#5645=CARTESIAN_POINT('',(-12.6070357417579,13.3646475863328,-51.9999999999998));
#5646=CARTESIAN_POINT('Ctrl Pts',(-12.6070357417579,13.3646475863328,-51.9999999999998));
#5647=CARTESIAN_POINT('Ctrl Pts',(-12.57650710149,13.4785820228984,-51.9999999999998));
#5648=CARTESIAN_POINT('Ctrl Pts',(-12.5664597587881,13.6018610996186,-51.976039764094));
#5649=CARTESIAN_POINT('Ctrl Pts',(-12.588342089327,13.8333167290645,-51.889213920082));
#5650=CARTESIAN_POINT('Ctrl Pts',(-12.6198801764941,13.9416951135417,-51.8267887718385));
#5651=CARTESIAN_POINT('Ctrl Pts',(-12.7189618463394,14.1635114301012,-51.664867053457));
#5652=CARTESIAN_POINT('Ctrl Pts',(-12.8059798884123,14.2796591587427,-51.5453479901694));
#5653=CARTESIAN_POINT('Ctrl Pts',(-13.0112078084803,14.4620858423111,-51.2923279431997));
#5654=CARTESIAN_POINT('Ctrl Pts',(-13.1295412664695,14.5281858420656,-51.158798218306));
#5655=CARTESIAN_POINT('Ctrl Pts',(-13.245808918047,14.5684381355549,-51.0357599562308));
#5656=CARTESIAN_POINT('Ctrl Pts',(-13.2569871778987,14.5723080906984,-51.0239307531248));
#5657=CARTESIAN_POINT('Ctrl Pts',(-13.268324699419,14.5760109609329,-51.0120057195547));
#5658=CARTESIAN_POINT('Ctrl Pts',(-13.2798102878406,14.5795326997137,-50.9999999999998));
#5659=CARTESIAN_POINT('',(-13.7971181463755,12.6489134885067,-50.9999999999998));
#5660=CARTESIAN_POINT('Ctrl Pts',(-13.7971181463755,12.6489134885067,-50.9999999999998));
#5661=CARTESIAN_POINT('Ctrl Pts',(-13.7854104656545,12.6462206095502,-51.0120057195343));
#5662=CARTESIAN_POINT('Ctrl Pts',(-13.773740448887,12.6437586284797,-51.0239307531022));
#5663=CARTESIAN_POINT('Ctrl Pts',(-13.6413079276423,12.618246660949,-51.158798218306));
#5664=CARTESIAN_POINT('Ctrl Pts',(-13.5057781470288,12.6163242109318,-51.2923279431997));
#5665=CARTESIAN_POINT('Ctrl Pts',(-13.2368322128998,12.6716963931962,-51.5453479901694));
#5666=CARTESIAN_POINT('Ctrl Pts',(-13.1033985135564,12.7287742557552,-51.664867053457));
#5667=CARTESIAN_POINT('Ctrl Pts',(-12.9066831121412,12.8713319859469,-51.8267887718385));
#5668=CARTESIAN_POINT('Ctrl Pts',(-12.8251811352291,12.9494213765417,-51.889213920082));
#5669=CARTESIAN_POINT('Ctrl Pts',(-12.6905026663655,13.1389266662214,-51.976039764094));
#5670=CARTESIAN_POINT('Ctrl Pts',(-12.6375643820257,13.2507131497672,-51.9999999999998));
#5671=CARTESIAN_POINT('Ctrl Pts',(-12.6070357417579,13.3646475863328,-51.9999999999998));
#5672=CARTESIAN_POINT('',(-13.7971181463755,12.6489134885067,-51.9999999999998));
#5673=CARTESIAN_POINT('Origin',(-9.94949493661167,0.100505063388335,-51.9999999999998));
#5674=CARTESIAN_POINT('',(-9.24238815542512,0.807611844574882,-41.9999999999998));
#5675=CARTESIAN_POINT('',(-9.21758544666181,-0.58089679933391,-42.9999999999998));
#5676=CARTESIAN_POINT('Ctrl Pts',(-9.24238815542512,0.807611844574881,-41.9999999999998));
#5677=CARTESIAN_POINT('Ctrl Pts',(-9.15898235912737,0.724206048277136,-41.9999999999998));
#5678=CARTESIAN_POINT('Ctrl Pts',(-9.08864156674686,0.622466907433254,-42.0239602359055));
#5679=CARTESIAN_POINT('Ctrl Pts',(-8.99186440616457,0.411079287214734,-42.1107860799176));
#5680=CARTESIAN_POINT('Ctrl Pts',(-8.96498799859947,0.301451809452811,-42.1732112281611));
#5681=CARTESIAN_POINT('Ctrl Pts',(-8.93988708345516,0.0598124094157544,
-42.3351329465426));
#5682=CARTESIAN_POINT('Ctrl Pts',(-8.95717305415707,-0.0842834952161036,
-42.4546520098302));
#5683=CARTESIAN_POINT('Ctrl Pts',(-9.04369230471761,-0.344883597548481,
-42.7076720567999));
#5684=CARTESIAN_POINT('Ctrl Pts',(-9.11312208557672,-0.46129460552057,-42.8412017816935));
#5685=CARTESIAN_POINT('Ctrl Pts',(-9.20143235816639,-0.563228549423265,
-42.9760692468748));
#5686=CARTESIAN_POINT('Ctrl Pts',(-9.20939950470175,-0.572104089873424,
-42.9879942804449));
#5687=CARTESIAN_POINT('Ctrl Pts',(-9.21758544666181,-0.580896799333909,
-42.9999999999998));
#5688=CARTESIAN_POINT('',(-10.6308967993339,0.83241455333819,-42.9999999999998));
#5689=CARTESIAN_POINT('Ctrl Pts',(-10.6308967993339,0.83241455333819,-42.9999999999998));
#5690=CARTESIAN_POINT('Ctrl Pts',(-10.6221040898883,0.840600495284385,-42.9879942804653));
#5691=CARTESIAN_POINT('Ctrl Pts',(-10.6132285494403,0.848567641818808,-42.9760692468974));
#5692=CARTESIAN_POINT('Ctrl Pts',(-10.6042879400316,0.856313321263499,-42.9642400437687));
#5693=CARTESIAN_POINT('Ctrl Pts',(-10.5112946055206,0.936877914423282,-42.8412017816935));
#5694=CARTESIAN_POINT('Ctrl Pts',(-10.3948835975485,1.00630769528239,-42.7076720567999));
#5695=CARTESIAN_POINT('Ctrl Pts',(-10.1342834952161,1.09282694584293,-42.4546520098302));
#5696=CARTESIAN_POINT('Ctrl Pts',(-9.99018759058425,1.11011291654484,-42.3351329465426));
#5697=CARTESIAN_POINT('Ctrl Pts',(-9.74854819054719,1.08501200140054,-42.1732112281611));
#5698=CARTESIAN_POINT('Ctrl Pts',(-9.63892071278527,1.05813559383543,-42.1107860799176));
#5699=CARTESIAN_POINT('Ctrl Pts',(-9.42753309256675,0.96135843325314,-42.0239602359055));
#5700=CARTESIAN_POINT('Ctrl Pts',(-9.32579395172286,0.891017640872627,-41.9999999999998));
#5701=CARTESIAN_POINT('Ctrl Pts',(-9.24238815542512,0.807611844574881,-41.9999999999998));
#5702=CARTESIAN_POINT('',(-10.6308967993339,0.83241455333819,-50.9999999999998));
#5703=CARTESIAN_POINT('',(-10.6308967993339,0.832414553338189,-51.9999999999998));
#5704=CARTESIAN_POINT('',(-9.24238815542512,0.807611844574882,-51.9999999999998));
#5705=CARTESIAN_POINT('Ctrl Pts',(-9.24238815542512,0.807611844574882,-51.9999999999998));
#5706=CARTESIAN_POINT('Ctrl Pts',(-9.32579395172286,0.891017640872628,-51.9999999999998));
#5707=CARTESIAN_POINT('Ctrl Pts',(-9.42753309256675,0.96135843325314,-51.976039764094));
#5708=CARTESIAN_POINT('Ctrl Pts',(-9.63892071278527,1.05813559383544,-51.889213920082));
#5709=CARTESIAN_POINT('Ctrl Pts',(-9.74854819054719,1.08501200140054,-51.8267887718385));
#5710=CARTESIAN_POINT('Ctrl Pts',(-9.99018759058425,1.11011291654484,-51.664867053457));
#5711=CARTESIAN_POINT('Ctrl Pts',(-10.1342834952161,1.09282694584293,-51.5453479901694));
#5712=CARTESIAN_POINT('Ctrl Pts',(-10.3948835975485,1.00630769528239,-51.2923279431997));
#5713=CARTESIAN_POINT('Ctrl Pts',(-10.5112946055206,0.936877914423282,-51.158798218306));
#5714=CARTESIAN_POINT('Ctrl Pts',(-10.6042879400316,0.856313321263499,-51.0357599562309));
#5715=CARTESIAN_POINT('Ctrl Pts',(-10.6132285494233,0.848567641833605,-51.0239307531248));
#5716=CARTESIAN_POINT('Ctrl Pts',(-10.6221040898734,0.840600495298254,-51.0120057195547));
#5717=CARTESIAN_POINT('Ctrl Pts',(-10.6308967993339,0.83241455333819,-50.9999999999998));
#5718=CARTESIAN_POINT('',(-9.21758544666181,-0.58089679933391,-50.9999999999998));
#5719=CARTESIAN_POINT('Ctrl Pts',(-9.21758544666181,-0.580896799333909,
-50.9999999999998));
#5720=CARTESIAN_POINT('Ctrl Pts',(-9.20939950471561,-0.57210408988832,-51.0120057195343));
#5721=CARTESIAN_POINT('Ctrl Pts',(-9.20143235818119,-0.563228549440347,
-51.0239307531022));
#5722=CARTESIAN_POINT('Ctrl Pts',(-9.11312208557672,-0.461294605520571,
-51.158798218306));
#5723=CARTESIAN_POINT('Ctrl Pts',(-9.04369230471761,-0.344883597548485,
-51.2923279431997));
#5724=CARTESIAN_POINT('Ctrl Pts',(-8.95717305415707,-0.0842834952161072,
-51.5453479901694));
#5725=CARTESIAN_POINT('Ctrl Pts',(-8.93988708345516,0.0598124094157538,
-51.664867053457));
#5726=CARTESIAN_POINT('Ctrl Pts',(-8.96498799859947,0.30145180945281,-51.8267887718385));
#5727=CARTESIAN_POINT('Ctrl Pts',(-8.99186440616457,0.411079287214734,-51.889213920082));
#5728=CARTESIAN_POINT('Ctrl Pts',(-9.08864156674686,0.622466907433255,-51.976039764094));
#5729=CARTESIAN_POINT('Ctrl Pts',(-9.15898235912737,0.724206048277137,-51.9999999999998));
#5730=CARTESIAN_POINT('Ctrl Pts',(-9.24238815542512,0.807611844574882,-51.9999999999998));
#5731=CARTESIAN_POINT('',(-9.21758544666181,-0.580896799333909,-51.9999999999998));
#5732=CARTESIAN_POINT('Origin',(3.5734666314353,-3.52296156804695,-51.9999999999998));
#5733=CARTESIAN_POINT('',(3.31464758633278,-2.55703574175789,-41.9999999999998));
#5734=CARTESIAN_POINT('',(4.52953269971373,-3.22981028784059,-42.9999999999998));
#5735=CARTESIAN_POINT('Ctrl Pts',(3.31464758633278,-2.55703574175789,-41.9999999999998));
#5736=CARTESIAN_POINT('Ctrl Pts',(3.42858202289837,-2.52650710149004,-41.9999999999998));
#5737=CARTESIAN_POINT('Ctrl Pts',(3.55186109961863,-2.51645975878813,-42.0239602359055));
#5738=CARTESIAN_POINT('Ctrl Pts',(3.78331672906455,-2.538342089327,-42.1107860799176));
#5739=CARTESIAN_POINT('Ctrl Pts',(3.89169511354175,-2.56988017649412,-42.1732112281611));
#5740=CARTESIAN_POINT('Ctrl Pts',(4.11351143010122,-2.66896184633944,-42.3351329465426));
#5741=CARTESIAN_POINT('Ctrl Pts',(4.22965915874274,-2.75597988841229,-42.4546520098302));
#5742=CARTESIAN_POINT('Ctrl Pts',(4.41208584231115,-2.9612078084803,-42.7076720567999));
#5743=CARTESIAN_POINT('Ctrl Pts',(4.47818584206558,-3.07954126646952,-42.8412017816935));
#5744=CARTESIAN_POINT('Ctrl Pts',(4.52230809069841,-3.20698717789866,-42.9760692468748));
#5745=CARTESIAN_POINT('Ctrl Pts',(4.52601096093289,-3.21832469941903,-42.9879942804449));
#5746=CARTESIAN_POINT('Ctrl Pts',(4.52953269971373,-3.22981028784059,-42.9999999999998));
#5747=CARTESIAN_POINT('',(2.59891348850669,-3.74711814637553,-42.9999999999998));
#5748=CARTESIAN_POINT('Ctrl Pts',(2.5989134885067,-3.74711814637553,-42.9999999999998));
#5749=CARTESIAN_POINT('Ctrl Pts',(2.59622060955018,-3.73541046565446,-42.9879942804653));
#5750=CARTESIAN_POINT('Ctrl Pts',(2.59375862847968,-3.72374044888698,-42.9760692468974));
#5751=CARTESIAN_POINT('Ctrl Pts',(2.59152097801538,-3.71212481429135,-42.9642400437687));
#5752=CARTESIAN_POINT('Ctrl Pts',(2.56824666094897,-3.59130792764228,-42.8412017816935));
#5753=CARTESIAN_POINT('Ctrl Pts',(2.56632421093183,-3.45577814702875,-42.7076720567999));
#5754=CARTESIAN_POINT('Ctrl Pts',(2.62169639319621,-3.18683221289982,-42.4546520098302));
#5755=CARTESIAN_POINT('Ctrl Pts',(2.67877425575521,-3.05339851355637,-42.3351329465426));
#5756=CARTESIAN_POINT('Ctrl Pts',(2.82133198594694,-2.8566831121412,-42.1732112281611));
#5757=CARTESIAN_POINT('Ctrl Pts',(2.89942137654175,-2.77518113522911,-42.1107860799176));
#5758=CARTESIAN_POINT('Ctrl Pts',(3.0889266662214,-2.64050266636548,-42.0239602359055));
#5759=CARTESIAN_POINT('Ctrl Pts',(3.20071314976719,-2.58756438202573,-41.9999999999998));
#5760=CARTESIAN_POINT('Ctrl Pts',(3.31464758633278,-2.55703574175789,-41.9999999999998));
#5761=CARTESIAN_POINT('',(2.59891348850669,-3.74711814637553,-50.9999999999998));
#5762=CARTESIAN_POINT('',(2.5989134885067,-3.74711814637553,-51.9999999999998));
#5763=CARTESIAN_POINT('',(3.31464758633278,-2.55703574175789,-51.9999999999998));
#5764=CARTESIAN_POINT('Ctrl Pts',(3.31464758633278,-2.55703574175789,-51.9999999999998));
#5765=CARTESIAN_POINT('Ctrl Pts',(3.20071314976719,-2.58756438202573,-51.9999999999998));
#5766=CARTESIAN_POINT('Ctrl Pts',(3.0889266662214,-2.64050266636548,-51.976039764094));
#5767=CARTESIAN_POINT('Ctrl Pts',(2.89942137654175,-2.77518113522911,-51.889213920082));
#5768=CARTESIAN_POINT('Ctrl Pts',(2.82133198594694,-2.8566831121412,-51.8267887718385));
#5769=CARTESIAN_POINT('Ctrl Pts',(2.67877425575521,-3.05339851355637,-51.664867053457));
#5770=CARTESIAN_POINT('Ctrl Pts',(2.62169639319621,-3.18683221289982,-51.5453479901694));
#5771=CARTESIAN_POINT('Ctrl Pts',(2.56632421093183,-3.45577814702875,-51.2923279431997));
#5772=CARTESIAN_POINT('Ctrl Pts',(2.56824666094897,-3.59130792764228,-51.158798218306));
#5773=CARTESIAN_POINT('Ctrl Pts',(2.59152097801538,-3.71212481429135,-51.0357599562309));
#5774=CARTESIAN_POINT('Ctrl Pts',(2.59375862847541,-3.72374044886479,-51.0239307531248));
#5775=CARTESIAN_POINT('Ctrl Pts',(2.59622060954562,-3.73541046563462,-51.0120057195547));
#5776=CARTESIAN_POINT('Ctrl Pts',(2.5989134885067,-3.74711814637553,-50.9999999999998));
#5777=CARTESIAN_POINT('',(4.52953269971373,-3.22981028784059,-50.9999999999998));
#5778=CARTESIAN_POINT('Ctrl Pts',(4.52953269971373,-3.22981028784059,-50.9999999999998));
#5779=CARTESIAN_POINT('Ctrl Pts',(4.52601096093885,-3.21832469943848,-51.0120057195343));
#5780=CARTESIAN_POINT('Ctrl Pts',(4.5223080907058,-3.20698717792002,-51.0239307531022));
#5781=CARTESIAN_POINT('Ctrl Pts',(4.47818584206558,-3.07954126646952,-51.158798218306));
#5782=CARTESIAN_POINT('Ctrl Pts',(4.41208584231115,-2.9612078084803,-51.2923279431997));
#5783=CARTESIAN_POINT('Ctrl Pts',(4.22965915874275,-2.7559798884123,-51.5453479901694));
#5784=CARTESIAN_POINT('Ctrl Pts',(4.11351143010122,-2.66896184633944,-51.664867053457));
#5785=CARTESIAN_POINT('Ctrl Pts',(3.89169511354175,-2.56988017649412,-51.8267887718385));
#5786=CARTESIAN_POINT('Ctrl Pts',(3.78331672906455,-2.538342089327,-51.889213920082));
#5787=CARTESIAN_POINT('Ctrl Pts',(3.55186109961863,-2.51645975878813,-51.976039764094));
#5788=CARTESIAN_POINT('Ctrl Pts',(3.42858202289837,-2.52650710149004,-51.9999999999998));
#5789=CARTESIAN_POINT('Ctrl Pts',(3.31464758633278,-2.55703574175789,-51.9999999999998));
#5790=CARTESIAN_POINT('',(4.52953269971373,-3.22981028784059,-51.9999999999998));
#5791=CARTESIAN_POINT('Origin',(-0.0499999999999989,10.,-51.4999999999998));
#5792=CARTESIAN_POINT('Origin',(-0.0499999999999989,10.,-50.9999999999998));
#5793=CARTESIAN_POINT('Origin',(-0.0499999999999989,10.,-51.9999999999998));
#5794=CARTESIAN_POINT('Origin',(-0.0499999999999989,10.,-51.4999999999998));
#5795=CARTESIAN_POINT('Origin',(-0.0499999999999989,10.,-50.9999999999998));
#5796=CARTESIAN_POINT('Origin',(-0.0499999999999989,10.,-51.9999999999998));
#5797=CARTESIAN_POINT('Origin',(-0.0499999999999989,10.,-51.4999999999998));
#5798=CARTESIAN_POINT('Origin',(-0.0499999999999989,10.,-50.9999999999998));
#5799=CARTESIAN_POINT('Origin',(-0.0499999999999989,10.,-51.9999999999998));
#5800=CARTESIAN_POINT('Origin',(-0.0499999999999989,10.,-51.4999999999998));
#5801=CARTESIAN_POINT('Origin',(-0.0499999999999989,10.,-50.9999999999998));
#5802=CARTESIAN_POINT('Origin',(-0.0499999999999989,10.,-51.9999999999998));
#5803=CARTESIAN_POINT('Origin',(-0.0499999999999989,10.,-51.4999999999998));
#5804=CARTESIAN_POINT('Origin',(-0.0499999999999989,10.,-50.9999999999998));
#5805=CARTESIAN_POINT('Origin',(-0.0499999999999989,10.,-51.9999999999998));
#5806=CARTESIAN_POINT('Origin',(-0.0499999999999989,10.,-51.4999999999998));
#5807=CARTESIAN_POINT('Origin',(-0.0499999999999989,10.,-50.9999999999998));
#5808=CARTESIAN_POINT('Origin',(-0.0499999999999989,10.,-51.9999999999998));
#5809=CARTESIAN_POINT('Origin',(-0.0499999999999989,10.,-51.4999999999998));
#5810=CARTESIAN_POINT('Origin',(-0.0499999999999989,10.,-51.9999999999998));
#5811=CARTESIAN_POINT('Origin',(-0.0499999999999989,10.,-50.9999999999998));
#5812=CARTESIAN_POINT('Origin',(-0.0499999999999989,10.,-51.4999999999998));
#5813=CARTESIAN_POINT('Origin',(-0.0499999999999989,10.,-51.9999999999998));
#5814=CARTESIAN_POINT('Origin',(-0.0499999999999989,10.,-50.9999999999998));
#5815=CARTESIAN_POINT('Origin',(-0.0499999999999989,10.,-51.4999999999998));
#5816=CARTESIAN_POINT('Origin',(-0.0499999999999989,10.,-51.9999999999998));
#5817=CARTESIAN_POINT('Origin',(-0.0499999999999989,10.,-50.9999999999998));
#5818=CARTESIAN_POINT('Origin',(-0.0499999999999989,10.,-51.4999999999998));
#5819=CARTESIAN_POINT('Origin',(-0.0499999999999989,10.,-51.9999999999998));
#5820=CARTESIAN_POINT('Origin',(-0.0499999999999989,10.,-50.9999999999998));
#5821=CARTESIAN_POINT('Origin',(-0.0499999999999989,10.,-51.4999999999998));
#5822=CARTESIAN_POINT('Origin',(-0.0499999999999989,10.,-51.9999999999998));
#5823=CARTESIAN_POINT('Origin',(-0.0499999999999989,10.,-50.9999999999998));
#5824=CARTESIAN_POINT('Origin',(-0.0499999999999989,10.,-51.4999999999998));
#5825=CARTESIAN_POINT('Origin',(-0.0499999999999989,10.,-51.9999999999998));
#5826=CARTESIAN_POINT('Origin',(-0.0499999999999989,10.,-50.9999999999998));
#5827=CARTESIAN_POINT('Origin',(-0.0499999999999989,10.,-51.4999999999998));
#5828=CARTESIAN_POINT('Origin',(-0.0499999999999989,10.,-50.9999999999998));
#5829=CARTESIAN_POINT('Origin',(-0.0499999999999989,10.,-51.9999999999998));
#5830=CARTESIAN_POINT('Origin',(-0.0499999999999989,10.,-51.4999999999998));
#5831=CARTESIAN_POINT('Origin',(-0.0499999999999989,10.,-51.9999999999998));
#5832=CARTESIAN_POINT('Origin',(-0.0499999999999989,10.,-50.9999999999998));
#5833=CARTESIAN_POINT('Origin',(-0.0499999999999989,10.,-51.4999999999998));
#5834=CARTESIAN_POINT('Origin',(-0.0499999999999989,10.,-50.9999999999998));
#5835=CARTESIAN_POINT('Origin',(-0.0499999999999989,10.,-51.9999999999998));
#5836=CARTESIAN_POINT('Origin',(-0.0499999999999989,10.,-51.4999999999998));
#5837=CARTESIAN_POINT('Origin',(-0.0499999999999989,10.,-51.9999999999998));
#5838=CARTESIAN_POINT('Origin',(-0.0499999999999989,10.,-50.9999999999998));
#5839=CARTESIAN_POINT('Origin',(-0.0499999999999989,10.,-51.4999999999998));
#5840=CARTESIAN_POINT('Origin',(-0.0499999999999989,10.,-50.9999999999998));
#5841=CARTESIAN_POINT('Origin',(-0.0499999999999989,10.,-51.9999999999998));
#5842=CARTESIAN_POINT('Origin',(-0.0499999999999989,10.,-51.4999999999998));
#5843=CARTESIAN_POINT('Origin',(-0.0499999999999989,10.,-51.9999999999998));
#5844=CARTESIAN_POINT('Origin',(-0.0499999999999989,10.,-50.9999999999998));
#5845=CARTESIAN_POINT('Origin',(-0.0499999999999989,10.,-51.4999999999998));
#5846=CARTESIAN_POINT('Origin',(-0.0499999999999989,10.,-50.9999999999998));
#5847=CARTESIAN_POINT('Origin',(-0.0499999999999989,10.,-51.9999999999998));
#5848=CARTESIAN_POINT('Origin',(-0.0499999999999989,10.,-51.4999999999998));
#5849=CARTESIAN_POINT('Origin',(-0.0499999999999989,10.,-51.9999999999998));
#5850=CARTESIAN_POINT('Origin',(-0.0499999999999989,10.,-50.9999999999998));
#5851=CARTESIAN_POINT('Origin',(-0.0499999999999989,10.,-51.4999999999998));
#5852=CARTESIAN_POINT('Origin',(-0.0499999999999989,10.,-50.9999999999998));
#5853=CARTESIAN_POINT('Origin',(-0.0499999999999989,10.,-51.9999999999998));
#5854=CARTESIAN_POINT('Origin',(-0.0499999999999989,10.,-51.4999999999998));
#5855=CARTESIAN_POINT('Origin',(-0.0499999999999989,10.,-51.9999999999998));
#5856=CARTESIAN_POINT('Origin',(-0.0499999999999989,10.,-50.9999999999998));
#5857=CARTESIAN_POINT('Origin',(-0.0499999999999989,10.,-51.4999999999998));
#5858=CARTESIAN_POINT('Origin',(-0.0499999999999989,10.,-50.9999999999998));
#5859=CARTESIAN_POINT('Origin',(-0.0499999999999989,10.,-51.9999999999998));
#5860=CARTESIAN_POINT('Origin',(-0.0499999999999989,10.,-51.4999999999998));
#5861=CARTESIAN_POINT('Origin',(-0.0499999999999989,10.,-51.9999999999998));
#5862=CARTESIAN_POINT('Origin',(-0.0499999999999989,10.,-50.9999999999998));
#5863=CARTESIAN_POINT('Origin',(-0.0499999999999989,10.,-42.4999999999998));
#5864=CARTESIAN_POINT('Origin',(-0.0499999999999989,10.,-41.9999999999998));
#5865=CARTESIAN_POINT('Origin',(-0.0499999999999989,10.,-42.9999999999998));
#5866=CARTESIAN_POINT('Origin',(-0.0499999999999989,10.,-42.4999999999998));
#5867=CARTESIAN_POINT('Origin',(-0.0499999999999989,10.,-41.9999999999998));
#5868=CARTESIAN_POINT('Origin',(-0.0499999999999989,10.,-42.9999999999998));
#5869=CARTESIAN_POINT('Origin',(-0.0499999999999989,10.,-42.4999999999998));
#5870=CARTESIAN_POINT('Origin',(-0.0499999999999989,10.,-41.9999999999998));
#5871=CARTESIAN_POINT('Origin',(-0.0499999999999989,10.,-42.9999999999998));
#5872=CARTESIAN_POINT('Origin',(-0.0499999999999989,10.,-42.4999999999998));
#5873=CARTESIAN_POINT('Origin',(-0.0499999999999989,10.,-41.9999999999998));
#5874=CARTESIAN_POINT('Origin',(-0.0499999999999989,10.,-42.9999999999998));
#5875=CARTESIAN_POINT('Origin',(-0.0499999999999989,10.,-42.4999999999998));
#5876=CARTESIAN_POINT('Origin',(-0.0499999999999989,10.,-41.9999999999998));
#5877=CARTESIAN_POINT('Origin',(-0.0499999999999989,10.,-42.9999999999998));
#5878=CARTESIAN_POINT('Origin',(-0.0499999999999989,10.,-42.4999999999998));
#5879=CARTESIAN_POINT('Origin',(-0.0499999999999989,10.,-41.9999999999998));
#5880=CARTESIAN_POINT('Origin',(-0.0499999999999989,10.,-42.9999999999998));
#5881=CARTESIAN_POINT('Origin',(-0.0499999999999989,10.,-42.4999999999998));
#5882=CARTESIAN_POINT('Origin',(-0.0499999999999989,10.,-41.9999999999998));
#5883=CARTESIAN_POINT('Origin',(-0.0499999999999989,10.,-42.9999999999998));
#5884=CARTESIAN_POINT('Origin',(-0.0499999999999989,10.,-42.4999999999998));
#5885=CARTESIAN_POINT('Origin',(-0.0499999999999989,10.,-41.9999999999998));
#5886=CARTESIAN_POINT('Origin',(-0.0499999999999989,10.,-42.9999999999998));
#5887=CARTESIAN_POINT('Origin',(-0.0499999999999989,10.,-42.4999999999998));
#5888=CARTESIAN_POINT('Origin',(-0.0499999999999989,10.,-41.9999999999998));
#5889=CARTESIAN_POINT('Origin',(-0.0499999999999989,10.,-42.9999999999998));
#5890=CARTESIAN_POINT('Origin',(-0.0499999999999989,10.,-42.4999999999998));
#5891=CARTESIAN_POINT('Origin',(-0.0499999999999989,10.,-41.9999999999998));
#5892=CARTESIAN_POINT('Origin',(-0.0499999999999989,10.,-42.9999999999998));
#5893=CARTESIAN_POINT('Origin',(-0.0499999999999989,10.,-42.4999999999998));
#5894=CARTESIAN_POINT('Origin',(-0.0499999999999989,10.,-41.9999999999998));
#5895=CARTESIAN_POINT('Origin',(-0.0499999999999989,10.,-42.9999999999998));
#5896=CARTESIAN_POINT('Origin',(-0.0499999999999989,10.,-42.4999999999998));
#5897=CARTESIAN_POINT('Origin',(-0.0499999999999989,10.,-41.9999999999998));
#5898=CARTESIAN_POINT('Origin',(-0.0499999999999989,10.,-42.9999999999998));
#5899=CARTESIAN_POINT('Origin',(-0.0499999999999989,10.,-42.4999999999998));
#5900=CARTESIAN_POINT('Origin',(-0.0499999999999989,10.,-42.9999999999998));
#5901=CARTESIAN_POINT('Origin',(-0.0499999999999989,10.,-41.9999999999998));
#5902=CARTESIAN_POINT('Origin',(-0.0499999999999989,10.,-42.4999999999998));
#5903=CARTESIAN_POINT('Origin',(-0.0499999999999989,10.,-42.9999999999998));
#5904=CARTESIAN_POINT('Origin',(-0.0499999999999989,10.,-41.9999999999998));
#5905=CARTESIAN_POINT('Origin',(-0.0499999999999989,10.,-42.4999999999998));
#5906=CARTESIAN_POINT('Origin',(-0.0499999999999989,10.,-42.9999999999998));
#5907=CARTESIAN_POINT('Origin',(-0.0499999999999989,10.,-41.9999999999998));
#5908=CARTESIAN_POINT('Origin',(-0.0499999999999989,10.,-42.4999999999998));
#5909=CARTESIAN_POINT('Origin',(-0.0499999999999989,10.,-42.9999999999998));
#5910=CARTESIAN_POINT('Origin',(-0.0499999999999989,10.,-41.9999999999998));
#5911=CARTESIAN_POINT('Origin',(-0.0499999999999989,10.,-42.4999999999998));
#5912=CARTESIAN_POINT('Origin',(-0.0499999999999989,10.,-42.9999999999998));
#5913=CARTESIAN_POINT('Origin',(-0.0499999999999989,10.,-41.9999999999998));
#5914=CARTESIAN_POINT('Origin',(-0.0499999999999989,10.,-42.4999999999998));
#5915=CARTESIAN_POINT('Origin',(-0.0499999999999989,10.,-42.9999999999998));
#5916=CARTESIAN_POINT('Origin',(-0.0499999999999989,10.,-41.9999999999998));
#5917=CARTESIAN_POINT('Origin',(-0.0499999999999989,10.,-42.4999999999998));
#5918=CARTESIAN_POINT('Origin',(-0.0499999999999989,10.,-42.9999999999998));
#5919=CARTESIAN_POINT('Origin',(-0.0499999999999989,10.,-41.9999999999998));
#5920=CARTESIAN_POINT('Origin',(-0.0499999999999989,10.,-42.4999999999998));
#5921=CARTESIAN_POINT('Origin',(-0.0499999999999989,10.,-42.9999999999998));
#5922=CARTESIAN_POINT('Origin',(-0.0499999999999989,10.,-41.9999999999998));
#5923=CARTESIAN_POINT('Origin',(-0.0499999999999989,10.,-42.4999999999998));
#5924=CARTESIAN_POINT('Origin',(-0.0499999999999989,10.,-42.9999999999998));
#5925=CARTESIAN_POINT('Origin',(-0.0499999999999989,10.,-41.9999999999998));
#5926=CARTESIAN_POINT('Origin',(-0.0499999999999989,10.,-42.4999999999998));
#5927=CARTESIAN_POINT('Origin',(-0.0499999999999989,10.,-42.9999999999998));
#5928=CARTESIAN_POINT('Origin',(-0.0499999999999989,10.,-41.9999999999998));
#5929=CARTESIAN_POINT('Origin',(-0.0499999999999989,10.,-42.4999999999998));
#5930=CARTESIAN_POINT('Origin',(-0.0499999999999989,10.,-42.9999999999998));
#5931=CARTESIAN_POINT('Origin',(-0.0499999999999989,10.,-41.9999999999998));
#5932=CARTESIAN_POINT('Origin',(-0.0499999999999989,10.,-41.9999999999998));
#5933=CARTESIAN_POINT('Origin',(-0.0499999999999989,10.,-41.9999999999998));
#5934=CARTESIAN_POINT('Origin',(-0.0499999999999989,10.,-41.9999999999998));
#5935=CARTESIAN_POINT('Origin',(-0.0499999999999989,10.,-41.9999999999998));
#5936=CARTESIAN_POINT('Origin',(-0.0499999999999989,10.,-41.9999999999998));
#5937=CARTESIAN_POINT('Origin',(-0.0499999999999989,10.,-41.9999999999998));
#5938=CARTESIAN_POINT('Origin',(-0.0499999999999989,10.,-41.9999999999998));
#5939=CARTESIAN_POINT('Origin',(-0.0499999999999989,10.,-41.9999999999998));
#5940=CARTESIAN_POINT('Origin',(-0.0499999999999989,10.,-41.9999999999998));
#5941=CARTESIAN_POINT('Origin',(-0.0499999999999989,10.,-41.9999999999998));
#5942=CARTESIAN_POINT('Origin',(-0.0499999999999989,10.,-41.9999999999998));
#5943=CARTESIAN_POINT('Origin',(-0.0499999999999989,10.,-41.9999999999998));
#5944=CARTESIAN_POINT('Origin',(-0.0499999999999989,10.,-41.9999999999998));
#5945=CARTESIAN_POINT('Origin',(-0.0499999999999989,10.,-41.9999999999998));
#5946=CARTESIAN_POINT('Origin',(-0.0499999999999989,10.,-41.9999999999998));
#5947=CARTESIAN_POINT('Origin',(-0.0499999999999989,10.,-41.9999999999998));
#5948=CARTESIAN_POINT('Origin',(-0.0499999999999989,10.,-41.9999999999998));
#5949=CARTESIAN_POINT('Origin',(-0.0499999999999989,10.,-41.9999999999998));
#5950=CARTESIAN_POINT('Origin',(-0.0499999999999989,10.,-41.9999999999998));
#5951=CARTESIAN_POINT('Origin',(-0.0499999999999989,10.,-41.9999999999998));
#5952=CARTESIAN_POINT('Origin',(-0.0499999999999989,10.,-41.9999999999998));
#5953=CARTESIAN_POINT('Origin',(-0.0499999999999989,10.,-41.9999999999998));
#5954=CARTESIAN_POINT('Origin',(-0.0499999999999989,10.,-41.9999999999998));
#5955=CARTESIAN_POINT('Origin',(-0.0499999999999989,10.,-42.4999999999998));
#5956=CARTESIAN_POINT('Origin',(-0.0499999999999989,10.,-42.9999999999998));
#5957=CARTESIAN_POINT('Origin',(-0.0499999999999989,10.,-41.9999999999998));
#5958=CARTESIAN_POINT('Origin',(-0.0499999999999989,10.,-41.9999999999998));
#5959=CARTESIAN_POINT('Origin',(-0.0499999999999989,10.,-41.9999999999998));
#5960=CARTESIAN_POINT('',(-5.49247549053838,11.5280379115325,-41.9999999999998));
#5961=CARTESIAN_POINT('Ctrl Pts',(-1.75203580217196,14.1657021170656,-41.9999999999998));
#5962=CARTESIAN_POINT('Ctrl Pts',(-1.87689065940421,14.1515058928751,-41.9999999999998));
#5963=CARTESIAN_POINT('Ctrl Pts',(-2.00102023977747,14.1318353874201,-41.9999999999998));
#5964=CARTESIAN_POINT('Ctrl Pts',(-2.12412559923604,14.1069427188288,-41.9999999999998));
#5965=CARTESIAN_POINT('Ctrl Pts',(-2.24895629351991,14.0817011768155,-41.9999999999998));
#5966=CARTESIAN_POINT('Ctrl Pts',(-2.37273450499733,14.0510903597518,-41.9999999999998));
#5967=CARTESIAN_POINT('Ctrl Pts',(-2.49517853195032,14.0153282551275,-41.9999999999998));
#5968=CARTESIAN_POINT('Ctrl Pts',(-2.61892118893047,13.9791868609286,-41.9999999999998));
#5969=CARTESIAN_POINT('Ctrl Pts',(-2.74130196748252,13.9377845376207,-41.9999999999998));
#5970=CARTESIAN_POINT('Ctrl Pts',(-2.86204981741122,13.8912970121615,-41.9999999999998));
#5971=CARTESIAN_POINT('Ctrl Pts',(-2.88536776933072,13.8823196772925,-41.9999999999998));
#5972=CARTESIAN_POINT('Ctrl Pts',(-2.90863049199542,13.8731502126139,-41.9999999999998));
#5973=CARTESIAN_POINT('Ctrl Pts',(-2.93180808151286,13.8638011642945,-41.9999999999998));
#5974=CARTESIAN_POINT('Ctrl Pts',(-3.05717359684522,13.8132329954369,-41.9999999999998));
#5975=CARTESIAN_POINT('Ctrl Pts',(-3.18019572288402,13.7573589246366,-41.9999999999998));
#5976=CARTESIAN_POINT('Ctrl Pts',(-3.30055286741981,13.696483971652,-41.9999999999998));
#5977=CARTESIAN_POINT('Ctrl Pts',(-3.42392286725805,13.6340851587785,-41.9999999999998));
#5978=CARTESIAN_POINT('Ctrl Pts',(-3.5444934635325,13.5664322334351,-41.9999999999998));
#5979=CARTESIAN_POINT('Ctrl Pts',(-3.6619454154795,13.493805227922,-41.9999999999998));
#5980=CARTESIAN_POINT('Ctrl Pts',(-3.76947336675026,13.4273147781654,-41.9999999999998));
#5981=CARTESIAN_POINT('Ctrl Pts',(-3.87438820798824,13.3566547443929,-41.9999999999998));
#5982=CARTESIAN_POINT('Ctrl Pts',(-3.97645641723228,13.2820034662493,-41.9999999999998));
#5983=CARTESIAN_POINT('Ctrl Pts',(-4.08872073033387,13.1998948986059,-41.9999999999998));
#5984=CARTESIAN_POINT('Ctrl Pts',(-4.19754220024411,13.1129587283721,-41.9999999999998));
#5985=CARTESIAN_POINT('Ctrl Pts',(-4.30276835195505,13.0215180696323,-41.9999999999998));
#5986=CARTESIAN_POINT('Ctrl Pts',(-4.36416934460553,12.9681611129828,-41.9999999999998));
#5987=CARTESIAN_POINT('Ctrl Pts',(-4.42434612057347,12.9132694268296,-41.9999999999998));
#5988=CARTESIAN_POINT('Ctrl Pts',(-4.4832670049082,12.8568991917519,-41.9999999999998));
#5989=CARTESIAN_POINT('Ctrl Pts',(-4.50082203603088,12.8401041072525,-41.9999999999998));
#5990=CARTESIAN_POINT('Ctrl Pts',(-4.51826756879841,12.8231756655175,-41.9999999999998));
#5991=CARTESIAN_POINT('Ctrl Pts',(-4.53558559760185,12.8061324318956,-41.9999999999998));
#5992=CARTESIAN_POINT('Ctrl Pts',(-4.63987218899636,12.7035006161765,-41.9999999999998));
#5993=CARTESIAN_POINT('Ctrl Pts',(-4.73966845090185,12.5965845236778,-41.9999999999998));
#5994=CARTESIAN_POINT('Ctrl Pts',(-4.83482752492742,12.4858266966048,-41.9999999999998));
#5995=CARTESIAN_POINT('Ctrl Pts',(-4.93136955859994,12.3734592111047,-41.9999999999998));
#5996=CARTESIAN_POINT('Ctrl Pts',(-5.02313928283675,12.2571373637604,-41.9999999999998));
#5997=CARTESIAN_POINT('Ctrl Pts',(-5.10998436744818,12.1372688339373,-41.9999999999998));
#5998=CARTESIAN_POINT('Ctrl Pts',(-5.19839200500713,12.0152435795808,-41.9999999999998));
#5999=CARTESIAN_POINT('Ctrl Pts',(-5.28169691468956,11.8895426551614,-41.9999999999998));
#6000=CARTESIAN_POINT('Ctrl Pts',(-5.35972903833292,11.7605428605443,-41.9999999999998));
#6001=CARTESIAN_POINT('Ctrl Pts',(-5.40593272713344,11.6841606465594,-41.9999999999998));
#6002=CARTESIAN_POINT('Ctrl Pts',(-5.45028757046499,11.6066208676174,-41.9999999999998));
#6003=CARTESIAN_POINT('Ctrl Pts',(-5.49275517745453,11.527993732655,-41.9999999999998));
#6004=CARTESIAN_POINT('',(-1.75202687511022,5.83407267006184,-41.9999999999998));
#6005=CARTESIAN_POINT('Origin',(-0.0499999999999989,10.,-41.9999999999998));
#6006=CARTESIAN_POINT('',(-5.49247549053837,8.47196208846747,-41.9999999999998));
#6007=CARTESIAN_POINT('Ctrl Pts',(-1.75202687511023,5.83407267006185,-41.9999999999998));
#6008=CARTESIAN_POINT('Ctrl Pts',(-1.87681991434636,5.84835610051814,-41.9999999999998));
#6009=CARTESIAN_POINT('Ctrl Pts',(-2.00096545140594,5.8680694055898,-41.9999999999998));
#6010=CARTESIAN_POINT('Ctrl Pts',(-2.1241524387735,5.89298971085447,-41.9999999999998));
#6011=CARTESIAN_POINT('Ctrl Pts',(-2.24901506510201,5.91824899213692,-41.9999999999998));
#6012=CARTESIAN_POINT('Ctrl Pts',(-2.37289357556443,5.94885758895613,-41.9999999999998));
#6013=CARTESIAN_POINT('Ctrl Pts',(-2.49549263797893,5.98462862811716,-41.9999999999998));
#6014=CARTESIAN_POINT('Ctrl Pts',(-2.52174266924239,5.99228766626811,-41.9999999999998));
#6015=CARTESIAN_POINT('Ctrl Pts',(-2.54793879344076,6.00018508537904,-41.9999999999998));
#6016=CARTESIAN_POINT('Ctrl Pts',(-2.57405066624909,6.00831049348432,-41.9999999999998));
#6017=CARTESIAN_POINT('Ctrl Pts',(-2.70076543338283,6.04774118478267,-41.9999999999998));
#6018=CARTESIAN_POINT('Ctrl Pts',(-2.8256148043584,6.09257125884053,-41.9999999999998));
#6019=CARTESIAN_POINT('Ctrl Pts',(-2.94825788488741,6.14251746480359,-41.9999999999998));
#6020=CARTESIAN_POINT('Ctrl Pts',(-3.07888199315577,6.19571393204145,-41.9999999999998));
#6021=CARTESIAN_POINT('Ctrl Pts',(-3.20700383903843,6.25471336739043,-41.9999999999998));
#6022=CARTESIAN_POINT('Ctrl Pts',(-3.33224736588658,6.3192262157387,-41.9999999999998));
#6023=CARTESIAN_POINT('Ctrl Pts',(-3.45749089273472,6.38373906408697,-41.9999999999998));
#6024=CARTESIAN_POINT('Ctrl Pts',(-3.57985710045183,6.45376523875748,-41.9999999999998));
#6025=CARTESIAN_POINT('Ctrl Pts',(-3.69899235293953,6.52907142252287,-41.9999999999998));
#6026=CARTESIAN_POINT('Ctrl Pts',(-3.79287433790746,6.58841484829002,-41.9999999999998));
#6027=CARTESIAN_POINT('Ctrl Pts',(-3.88475063728482,6.65103813205356,-41.9999999999998));
#6028=CARTESIAN_POINT('Ctrl Pts',(-3.97453121659927,6.7167792099873,-41.9999999999998));
#6029=CARTESIAN_POINT('Ctrl Pts',(-4.01999750368424,6.75007151825079,-41.9999999999998));
#6030=CARTESIAN_POINT('Ctrl Pts',(-4.06492632762757,6.78416377112122,-41.9999999999998));
#6031=CARTESIAN_POINT('Ctrl Pts',(-4.10930581947271,6.8190371189637,-41.9999999999998));
#6032=CARTESIAN_POINT('Ctrl Pts',(-4.12961998030129,6.83499996052067,-41.9999999999998));
#6033=CARTESIAN_POINT('Ctrl Pts',(-4.14981904015753,6.85112647998933,-41.9999999999998));
#6034=CARTESIAN_POINT('Ctrl Pts',(-4.16990184271139,6.86741496977325,-41.9999999999998));
#6035=CARTESIAN_POINT('Ctrl Pts',(-4.18655732644487,6.88092367583712,-41.9999999999998));
#6036=CARTESIAN_POINT('Ctrl Pts',(-4.20313388728582,6.8945447311695,-41.9999999999998));
#6037=CARTESIAN_POINT('Ctrl Pts',(-4.21961679546363,6.90826525256464,-41.9999999999998));
#6038=CARTESIAN_POINT('Ctrl Pts',(-4.32948179641478,6.99971787001938,-41.9999999999998));
#6039=CARTESIAN_POINT('Ctrl Pts',(-4.43532716402796,7.09569903429178,-41.9999999999998));
#6040=CARTESIAN_POINT('Ctrl Pts',(-4.53698398393556,7.1957901826214,-41.9999999999998));
#6041=CARTESIAN_POINT('Ctrl Pts',(-4.6412969935415,7.29849661123749,-41.9999999999998));
#6042=CARTESIAN_POINT('Ctrl Pts',(-4.74120035457672,7.40553059712851,-41.9999999999998));
#6043=CARTESIAN_POINT('Ctrl Pts',(-4.83651746482056,7.51649474372818,-41.9999999999998));
#6044=CARTESIAN_POINT('Ctrl Pts',(-4.93292156030635,7.62872431255301,-41.9999999999998));
#6045=CARTESIAN_POINT('Ctrl Pts',(-5.0246349292632,7.74497439631826,-41.9999999999998));
#6046=CARTESIAN_POINT('Ctrl Pts',(-5.1114703484259,7.86488756516614,-41.9999999999998));
#6047=CARTESIAN_POINT('Ctrl Pts',(-5.19904717772475,7.98582456553,-41.9999999999998));
#6048=CARTESIAN_POINT('Ctrl Pts',(-5.2816631734383,8.11048777882921,-41.9999999999998));
#6049=CARTESIAN_POINT('Ctrl Pts',(-5.35911040864965,8.23856093430171,-41.9999999999998));
#6050=CARTESIAN_POINT('Ctrl Pts',(-5.40543104053975,8.31516056337116,-41.9999999999998));
#6051=CARTESIAN_POINT('Ctrl Pts',(-5.44990237237501,8.39298092484408,-41.9999999999998));
#6052=CARTESIAN_POINT('Ctrl Pts',(-5.49247549053839,8.47196208846752,-41.9999999999998));
#6053=CARTESIAN_POINT('Ctrl Pts',(-5.49247549053838,11.5280379115325,-41.9999999999998));
#6054=CARTESIAN_POINT('Ctrl Pts',(-5.50073782245838,11.4986021314982,-41.9999999999998));
#6055=CARTESIAN_POINT('Ctrl Pts',(-5.5087614596634,11.4690810662906,-41.9999999999998));
#6056=CARTESIAN_POINT('Ctrl Pts',(-5.51653709179156,11.4395123029378,-41.9999999999998));
#6057=CARTESIAN_POINT('Ctrl Pts',(-5.55804725223022,11.2816596562953,-41.9999999999998));
#6058=CARTESIAN_POINT('Ctrl Pts',(-5.59253637703861,11.1223076086871,-41.9999999999998));
#6059=CARTESIAN_POINT('Ctrl Pts',(-5.62007913893675,10.9619332514478,-41.9999999999998));
#6060=CARTESIAN_POINT('Ctrl Pts',(-5.6480075271989,10.7993134919321,-41.9999999999998));
#6061=CARTESIAN_POINT('Ctrl Pts',(-5.66879380635317,10.6356418385625,-41.9999999999998));
#6062=CARTESIAN_POINT('Ctrl Pts',(-5.68246528175638,10.4713981638556,-41.9999999999998));
#6063=CARTESIAN_POINT('Ctrl Pts',(-5.69616241838712,10.3068462053548,-41.9999999999998));
#6064=CARTESIAN_POINT('Ctrl Pts',(-5.70271805379277,10.1417192663412,-41.9999999999998));
#6065=CARTESIAN_POINT('Ctrl Pts',(-5.70210817428451,9.97649432749662,-41.9999999999998));
#6066=CARTESIAN_POINT('Ctrl Pts',(-5.70150421531086,9.81287334477314,-41.9999999999998));
#6067=CARTESIAN_POINT('Ctrl Pts',(-5.69387313425576,9.64915547684193,-41.9999999999998));
#6068=CARTESIAN_POINT('Ctrl Pts',(-5.67914145698242,9.48581029822981,-41.9999999999998));
#6069=CARTESIAN_POINT('Ctrl Pts',(-5.67408176183652,9.42970828133141,-41.9999999999998));
#6070=CARTESIAN_POINT('Ctrl Pts',(-5.6681840271879,9.37365033641451,-41.9999999999998));
#6071=CARTESIAN_POINT('Ctrl Pts',(-5.66144390767817,9.31765591742609,-41.9999999999998));
#6072=CARTESIAN_POINT('Ctrl Pts',(-5.65902295181739,9.29754351190781,-41.9999999999998));
#6073=CARTESIAN_POINT('Ctrl Pts',(-5.65649331741673,9.27743977665995,-41.9999999999998));
#6074=CARTESIAN_POINT('Ctrl Pts',(-5.65385670077611,9.2573590089848,-41.9999999999998));
#6075=CARTESIAN_POINT('Ctrl Pts',(-5.63226206715973,9.09289186044327,-41.9999999999998));
#6076=CARTESIAN_POINT('Ctrl Pts',(-5.60346804050381,8.92973330153252,-41.9999999999998));
#6077=CARTESIAN_POINT('Ctrl Pts',(-5.56750733387358,8.76835681315475,-41.9999999999998));
#6078=CARTESIAN_POINT('Ctrl Pts',(-5.56259982518026,8.74633398341022,-41.9999999999998));
#6079=CARTESIAN_POINT('Ctrl Pts',(-5.55755876710103,8.7243443409307,-41.9999999999998));
#6080=CARTESIAN_POINT('Ctrl Pts',(-5.55238416755672,8.70238909035683,-41.9999999999998));
#6081=CARTESIAN_POINT('Ctrl Pts',(-5.53417699745632,8.62513809182597,-41.9999999999998));
#6082=CARTESIAN_POINT('Ctrl Pts',(-5.51431676671376,8.54831284661558,-41.9999999999998));
#6083=CARTESIAN_POINT('Ctrl Pts',(-5.49283483063435,8.47195892081346,-41.9999999999998));
#6084=CARTESIAN_POINT('Origin',(-0.0499999999999989,10.,-51.9999999999998));
#6085=CARTESIAN_POINT('Origin',(-0.0499999999999989,10.,-17.9999999999998));
#6086=CARTESIAN_POINT('',(-3.05,10.,-21.0103986446979));
#6087=CARTESIAN_POINT('Origin',(-0.0499999999999989,10.,-21.0103986446979));
#6088=CARTESIAN_POINT('',(-0.0499999999999992,10.,-13.7499999999998));
#6089=CARTESIAN_POINT('Origin',(-0.0499999999999989,10.,-17.9999999999998));
#6090=CARTESIAN_POINT('Origin',(-0.0499999999999989,10.,-21.9999999999998));
#6091=CARTESIAN_POINT('',(-3.05,10.,-21.9999999999998));
#6092=CARTESIAN_POINT('',(-3.05,10.,-21.9999999999998));
#6093=CARTESIAN_POINT('Origin',(-0.0499999999999989,10.,-21.9999999999998));
#6094=CARTESIAN_POINT('Ctrl Pts',(-1.75203580216931,14.1657021170659,-41.9999999999998));
#6095=CARTESIAN_POINT('Ctrl Pts',(-2.42782269022119,13.8895869638991,-41.8812319807889));
#6096=CARTESIAN_POINT('Ctrl Pts',(-3.64188855740341,13.0025567032352,-41.643695942367));
#6097=CARTESIAN_POINT('Ctrl Pts',(-4.62916442582167,10.9737955417416,-41.2873918847342));
#6098=CARTESIAN_POINT('Ctrl Pts',(-4.55290541553083,8.71920427617719,-40.9310878271015));
#6099=CARTESIAN_POINT('Ctrl Pts',(-3.43106520270471,6.76188217483498,-40.5747837694687));
#6100=CARTESIAN_POINT('Ctrl Pts',(-1.52404303411151,5.55658251763201,-40.218479711836));
#6101=CARTESIAN_POINT('Ctrl Pts',(0.725261575544335,5.38309136434513,-39.8621756542031));
#6102=CARTESIAN_POINT('Ctrl Pts',(2.79454450663049,6.28174740671055,-39.5058715965704));
#6103=CARTESIAN_POINT('Ctrl Pts',(4.20326812964159,8.04384206161337,-39.1495675389376));
#6104=CARTESIAN_POINT('Ctrl Pts',(4.62430680143818,10.260196154074,-38.7932634813048));
#6105=CARTESIAN_POINT('Ctrl Pts',(3.95988486377867,12.4161261663515,-38.4369594236721));
#6106=CARTESIAN_POINT('Ctrl Pts',(2.36429458282222,14.0109882341646,-38.0806553660393));
#6107=CARTESIAN_POINT('Ctrl Pts',(0.208060644265419,14.6744249133793,-37.7243513084065));
#6108=CARTESIAN_POINT('Ctrl Pts',(-2.00809961035001,14.2523746352321,-37.3680472507737));
#6109=CARTESIAN_POINT('Ctrl Pts',(-3.76955328899674,12.8428449303398,-37.011743193141));
#6110=CARTESIAN_POINT('Ctrl Pts',(-4.66725849275576,10.7731545661624,-36.6554391355082));
#6111=CARTESIAN_POINT('Ctrl Pts',(-4.49275165034365,8.52392351934431,-36.2991350778754));
#6112=CARTESIAN_POINT('Ctrl Pts',(-3.28655643406682,6.61746449757433,-35.9428310202426));
#6113=CARTESIAN_POINT('Ctrl Pts',(-1.32877348997182,5.49649221680468,-35.5865269626099));
#6114=CARTESIAN_POINT('Ctrl Pts',(0.925964099554895,5.42131699490392,-35.2302229049771));
#6115=CARTESIAN_POINT('Ctrl Pts',(2.95406493519042,6.4093958931152,-34.8739188473443));
#6116=CARTESIAN_POINT('Ctrl Pts',(4.28456682853979,8.23127888130675,-34.5176147897116));
#6117=CARTESIAN_POINT('Ctrl Pts',(4.60850285146338,10.4638913337249,-34.1613107320787));
#6118=CARTESIAN_POINT('Ctrl Pts',(3.85064912185916,12.5887797154248,-33.805006674446));
#6119=CARTESIAN_POINT('Ctrl Pts',(2.18699316713535,14.112505994752,-33.4487026168132));
#6120=CARTESIAN_POINT('Ctrl Pts',(0.003866394874366,14.6812329997847,-33.0923985591805));
#6121=CARTESIAN_POINT('Ctrl Pts',(-2.19176914165497,14.1628918951361,-32.7360945015477));
#6122=CARTESIAN_POINT('Ctrl Pts',(-3.89004662480662,12.6778509865292,-32.3797904439149));
#6123=CARTESIAN_POINT('Ctrl Pts',(-4.69659489352815,10.5709639937713,-32.0234863862822));
#6124=CARTESIAN_POINT('Ctrl Pts',(-4.42411865576979,8.33148869587652,-31.6671823286493));
#6125=CARTESIAN_POINT('Ctrl Pts',(-3.13589188843729,6.47947230665316,-31.3108782710166));
#6126=CARTESIAN_POINT('Ctrl Pts',(-1.13106446013194,5.44498697918616,-30.9545742133838));
#6127=CARTESIAN_POINT('Ctrl Pts',(1.12480595175196,5.46825916865676,-30.598270155751));
#6128=CARTESIAN_POINT('Ctrl Pts',(3.10786488742235,6.54388464608679,-30.2419660981183));
#6129=CARTESIAN_POINT('Ctrl Pts',(4.35760971247753,8.42208345938207,-29.8856620404855));
#6130=CARTESIAN_POINT('Ctrl Pts',(4.58382677072472,10.6667034166484,-29.5293579828527));
#6131=CARTESIAN_POINT('Ctrl Pts',(3.73398431459211,12.7565026199005,-29.1730539252199));
#6132=CARTESIAN_POINT('Ctrl Pts',(2.00543134020063,14.2061913880029,-28.8167498675872));
#6133=CARTESIAN_POINT('Ctrl Pts',(-0.200430467740584,14.6791254163138,-28.4604458099544));
#6134=CARTESIAN_POINT('Ctrl Pts',(-2.37135956315934,14.0654807542656,-28.1041417523216));
#6135=CARTESIAN_POINT('Ctrl Pts',(-4.0032264185238,12.507756941141,-27.7478376946889));
#6136=CARTESIAN_POINT('Ctrl Pts',(-4.71708163447414,10.3676859981338,-27.3915336370561));
#6137=CARTESIAN_POINT('Ctrl Pts',(-4.34715495199553,8.14223162856171,-27.0352295794233));
#6138=CARTESIAN_POINT('Ctrl Pts',(-2.9793501125719,6.3481851237942,-26.6789255217905));
#6139=CARTESIAN_POINT('Ctrl Pts',(-0.931296503249238,5.40215697951685,-26.3226214641578));
#6140=CARTESIAN_POINT('Ctrl Pts',(1.32141035309584,5.52383224556539,-25.966317406525));
#6141=CARTESIAN_POINT('Ctrl Pts',(3.25565049332656,6.68495574947938,-25.6100133488922));
#6142=CARTESIAN_POINT('Ctrl Pts',(4.42225819425112,8.61589321538945,-25.2537092912595));
#6143=CARTESIAN_POINT('Ctrl Pts',(4.55032514983275,10.8682458109925,-24.8974052336267));
#6144=CARTESIAN_POINT('Ctrl Pts',(3.61011315613849,12.9189754704053,-24.5411011759939));
#6145=CARTESIAN_POINT('Ctrl Pts',(1.81995395903451,14.2918662436787,-24.1847971183611));
#6146=CARTESIAN_POINT('Ctrl Pts',(-0.404438958570969,14.6681054853498,-23.8284930607283));
#6147=CARTESIAN_POINT('Ctrl Pts',(-2.54653277864164,13.9603282623626,-23.4721890030956));
#6148=CARTESIAN_POINT('Ctrl Pts',(-4.10886884646001,12.3328835110786,-23.1158849454628));
#6149=CARTESIAN_POINT('Ctrl Pts',(-4.72869709256904,10.1637146009924,-22.75958088783));
#6150=CARTESIAN_POINT('Ctrl Pts',(-4.26197074229959,7.95649875620495,-22.4032768301973));
#6151=CARTESIAN_POINT('Ctrl Pts',(-2.81730753542146,6.22388644235555,-22.0469727725645));
#6152=CARTESIAN_POINT('Ctrl Pts',(-0.729696911574835,5.36804336447934,-21.6906687149317));
#6153=CARTESIAN_POINT('Ctrl Pts',(0.766700555321635,5.51492166191025,-21.4531326765099));
#6154=CARTESIAN_POINT('Ctrl Pts',(1.45469892591369,5.75902356262763,-21.3343646572989));
#6155=CARTESIAN_POINT('Ctrl Pts',(-1.89739145410841,14.521457469708,-42.2218784475667));
#6156=CARTESIAN_POINT('Ctrl Pts',(-2.63089125487311,14.2217617913562,-42.1031104283558));
#6157=CARTESIAN_POINT('Ctrl Pts',(-3.94863962708628,13.2589782112474,-41.865574389934));
#6158=CARTESIAN_POINT('Ctrl Pts',(-5.02022989553938,11.0569587076661,-41.5092703323012));
#6159=CARTESIAN_POINT('Ctrl Pts',(-4.93745828537082,8.60982297103673,-41.1529662746684));
#6160=CARTESIAN_POINT('Ctrl Pts',(-3.71981173562805,6.48534349866106,-40.7966622170356));
#6161=CARTESIAN_POINT('Ctrl Pts',(-1.64992786328873,5.17710998000146,-40.4403581594029));
#6162=CARTESIAN_POINT('Ctrl Pts',(0.791469731443851,4.98880249931445,-40.0840541017701));
#6163=CARTESIAN_POINT('Ctrl Pts',(3.03747160646242,5.96420471513906,-39.7277500441373));
#6164=CARTESIAN_POINT('Ctrl Pts',(4.56650171207736,7.87678411132369,-39.3714459865045));
#6165=CARTESIAN_POINT('Ctrl Pts',(5.02349753034088,10.2824171799533,-39.0151419288718));
#6166=CARTESIAN_POINT('Ctrl Pts',(4.30233325871398,12.6224658882478,-38.658837871239));
#6167=CARTESIAN_POINT('Ctrl Pts',(2.5704778855541,14.3535308580941,-38.3025338136062));
#6168=CARTESIAN_POINT('Ctrl Pts',(0.230099295355612,15.0736257291663,-37.9462297559734));
#6169=CARTESIAN_POINT('Ctrl Pts',(-2.17532338147244,14.6155319123033,-37.5899256983407));
#6170=CARTESIAN_POINT('Ctrl Pts',(-4.08720706135294,13.0856268845646,-37.2336216407079));
#6171=CARTESIAN_POINT('Ctrl Pts',(-5.0615772359517,10.8391827812394,-36.8773175830751));
#6172=CARTESIAN_POINT('Ctrl Pts',(-4.87216732521734,8.39786503168838,-36.5210135254424));
#6173=CARTESIAN_POINT('Ctrl Pts',(-3.5629617657948,6.3285923995047,-36.1647094678096));
#6174=CARTESIAN_POINT('Ctrl Pts',(-1.4379820942094,5.11188790413107,-35.8084054101768));
#6175=CARTESIAN_POINT('Ctrl Pts',(1.00931246260293,5.03029263902374,-35.4521013525441));
#6176=CARTESIAN_POINT('Ctrl Pts',(3.21061524780164,6.10275451686078,-35.0957972949113));
#6177=CARTESIAN_POINT('Ctrl Pts',(4.6547434055736,8.08022823303105,-34.7394932372786));
#6178=CARTESIAN_POINT('Ctrl Pts',(5.00634390637634,10.5035081426995,-34.3831891796457));
#6179=CARTESIAN_POINT('Ctrl Pts',(4.18376866926875,12.8098642324384,-34.026885122013));
#6180=CARTESIAN_POINT('Ctrl Pts',(2.37803474204103,14.4637183424646,-33.6705810643802));
#6181=CARTESIAN_POINT('Ctrl Pts',(0.00846664178726463,15.0810152333283,
-33.3142770067474));
#6182=CARTESIAN_POINT('Ctrl Pts',(-2.3746784843912,14.5184072518626,-32.9579729491146));
#6183=CARTESIAN_POINT('Ctrl Pts',(-4.2179906550755,12.9065422840017,-32.6016688914819));
#6184=CARTESIAN_POINT('Ctrl Pts',(-5.09341899627903,10.6197249207992,-32.2453648338491));
#6185=CARTESIAN_POINT('Ctrl Pts',(-4.79767300054802,8.18899607141497,-31.8890607762163));
#6186=CARTESIAN_POINT('Ctrl Pts',(-3.39943030912486,6.17881552999552,-31.5327567185835));
#6187=CARTESIAN_POINT('Ctrl Pts',(-1.22338850477918,5.05598406491864,-31.1764526609508));
#6188=CARTESIAN_POINT('Ctrl Pts',(1.22513561861397,5.08124372390559,-30.820148603318));
#6189=CARTESIAN_POINT('Ctrl Pts',(3.37754987810344,6.24872875112587,-30.4638445456852));
#6190=CARTESIAN_POINT('Ctrl Pts',(4.73402422880777,8.28732772323674,-30.1075404880524));
#6191=CARTESIAN_POINT('Ctrl Pts',(4.97956046232693,10.7236405913268,-29.7512364304197));
#6192=CARTESIAN_POINT('Ctrl Pts',(4.05714056446292,12.9919108497843,-29.3949323727869));
#6193=CARTESIAN_POINT('Ctrl Pts',(2.18096734366786,14.5654045670704,-29.0386283151541));
#6194=CARTESIAN_POINT('Ctrl Pts',(-0.213277388282483,15.0787276600071,-28.6823242575214));
#6195=CARTESIAN_POINT('Ctrl Pts',(-2.56960611723185,14.4126770968626,-28.3260201998886));
#6196=CARTESIAN_POINT('Ctrl Pts',(-4.3408361225001,12.7219220278095,-27.9697161422558));
#6197=CARTESIAN_POINT('Ctrl Pts',(-5.11565532650071,10.3990867700209,-27.613412084623));
#6198=CARTESIAN_POINT('Ctrl Pts',(-4.71413651532961,7.98357625102025,-27.2571080269903));
#6199=CARTESIAN_POINT('Ctrl Pts',(-3.22951970056065,6.03631628330606,-26.9008039693575));
#6200=CARTESIAN_POINT('Ctrl Pts',(-1.00656015376598,5.00949633812246,-26.5444999117247));
#6201=CARTESIAN_POINT('Ctrl Pts',(1.43853024311003,5.14156280017218,-26.188195854092));
#6202=CARTESIAN_POINT('Ctrl Pts',(3.53795653056027,6.40184747547758,-25.8318917964592));
#6203=CARTESIAN_POINT('Ctrl Pts',(4.80419375908287,8.49768903673822,-25.4755877388264));
#6204=CARTESIAN_POINT('Ctrl Pts',(4.94319776769046,10.9423949186313,-25.1192836811936));
#6205=CARTESIAN_POINT('Ctrl Pts',(3.92269067848164,13.1682590530152,-24.7629796235609));
#6206=CARTESIAN_POINT('Ctrl Pts',(1.9796499986038,14.6583961457468,-24.4066755659281));
#6207=CARTESIAN_POINT('Ctrl Pts',(-0.43470841931324,15.0667666153205,-24.0503715082953));
#6208=CARTESIAN_POINT('Ctrl Pts',(-2.75973930999915,14.2985444712901,-23.6940674506625));
#6209=CARTESIAN_POINT('Ctrl Pts',(-4.45550052515947,12.532114222453,-23.3377633930298));
#6210=CARTESIAN_POINT('Ctrl Pts',(-5.12826275696294,10.1776960005192,-22.981459335397));
#6211=CARTESIAN_POINT('Ctrl Pts',(-4.62167748431706,7.7819815955485,-22.6251552777642));
#6212=CARTESIAN_POINT('Ctrl Pts',(-3.05363851648221,5.9014023634261,-22.2688512201314));
#6213=CARTESIAN_POINT('Ctrl Pts',(-0.787743744418797,4.97246938439521,-21.9125471624987));
#6214=CARTESIAN_POINT('Ctrl Pts',(0.836447643782704,5.13189124327857,-21.6750111240768));
#6215=CARTESIAN_POINT('Ctrl Pts',(1.58320180057091,5.39683970367062,-21.5562431048659));
#6216=CARTESIAN_POINT('Ctrl Pts',(-2.04274710604752,14.8772128223501,-42.4437568951337));
#6217=CARTESIAN_POINT('Ctrl Pts',(-2.83395981952503,14.5539366188133,-42.3249888759228));
#6218=CARTESIAN_POINT('Ctrl Pts',(-4.25539069676917,13.5153997192595,-42.0874528375009));
#6219=CARTESIAN_POINT('Ctrl Pts',(-5.41129536525708,11.1401218735906,-41.7311487798681));
#6220=CARTESIAN_POINT('Ctrl Pts',(-5.32201115521082,8.50044166589625,-41.3748447222354));
#6221=CARTESIAN_POINT('Ctrl Pts',(-4.00855826855138,6.20880482248714,-41.0185406646026));
#6222=CARTESIAN_POINT('Ctrl Pts',(-1.77581269246594,4.79763744237091,-40.6622366069698));
#6223=CARTESIAN_POINT('Ctrl Pts',(0.857677887343371,4.59451363428377,-40.305932549337));
#6224=CARTESIAN_POINT('Ctrl Pts',(3.28039870629434,5.64666202356758,-39.9496284917043));
#6225=CARTESIAN_POINT('Ctrl Pts',(4.92973529451312,7.70972616103402,-39.5933244340715));
#6226=CARTESIAN_POINT('Ctrl Pts',(5.42268825924359,10.3046382058325,-39.2370203764387));
#6227=CARTESIAN_POINT('Ctrl Pts',(4.64478165364929,12.8288056101441,-38.880716318806));
#6228=CARTESIAN_POINT('Ctrl Pts',(2.77666118828599,14.6960734820236,-38.5244122611732));
#6229=CARTESIAN_POINT('Ctrl Pts',(0.252137946445804,15.4728265449533,-38.1681082035404));
#6230=CARTESIAN_POINT('Ctrl Pts',(-2.34254715259487,14.9786891893745,-37.8118041459076));
#6231=CARTESIAN_POINT('Ctrl Pts',(-4.40486083370913,13.3284088387895,-37.4555000882749));
#6232=CARTESIAN_POINT('Ctrl Pts',(-5.45589597914764,10.9052109963163,-37.0991960306421));
#6233=CARTESIAN_POINT('Ctrl Pts',(-5.25158300009104,8.27180654403247,-36.7428919730093));
#6234=CARTESIAN_POINT('Ctrl Pts',(-3.83936709752278,6.03972030143507,-36.3865879153765));
#6235=CARTESIAN_POINT('Ctrl Pts',(-1.54719069844698,4.72728359145746,-36.0302838577438));
#6236=CARTESIAN_POINT('Ctrl Pts',(1.09266082565097,4.63926828314356,-35.673979800111));
#6237=CARTESIAN_POINT('Ctrl Pts',(3.46716556041285,5.79611314060637,-35.3176757424782));
#6238=CARTESIAN_POINT('Ctrl Pts',(5.02491998260742,7.92917758475535,-34.9613716848455));
#6239=CARTESIAN_POINT('Ctrl Pts',(5.40418496128929,10.5431249516741,-34.6050676272126));
#6240=CARTESIAN_POINT('Ctrl Pts',(4.51688821667834,13.0309487494519,-34.2487635695799));
#6241=CARTESIAN_POINT('Ctrl Pts',(2.56907631694672,14.8149306901771,-33.8924595119471));
#6242=CARTESIAN_POINT('Ctrl Pts',(0.013066888700165,15.480797466872,-33.5361554543144));
#6243=CARTESIAN_POINT('Ctrl Pts',(-2.55758782712744,14.8739226085892,-33.1798513966816));
#6244=CARTESIAN_POINT('Ctrl Pts',(-4.54593468534439,13.1352335814742,-32.8235473390488));
#6245=CARTESIAN_POINT('Ctrl Pts',(-5.49024309902992,10.668485847827,-32.467243281416));
#6246=CARTESIAN_POINT('Ctrl Pts',(-5.17122734532624,8.04650344695341,-32.1109392237833));
#6247=CARTESIAN_POINT('Ctrl Pts',(-3.66296872981244,5.87815875333788,-31.7546351661505));
#6248=CARTESIAN_POINT('Ctrl Pts',(-1.31571254942642,4.66698115065111,-31.3983311085177));
#6249=CARTESIAN_POINT('Ctrl Pts',(1.32546528547597,4.69422827915441,-31.0420270508849));
#6250=CARTESIAN_POINT('Ctrl Pts',(3.64723486878452,5.95357285616495,-30.6857229932522));
#6251=CARTESIAN_POINT('Ctrl Pts',(5.11043874513802,8.15257198709142,-30.3294189356194));
#6252=CARTESIAN_POINT('Ctrl Pts',(5.37529415392914,10.7805777660052,-29.9731148779866));
#6253=CARTESIAN_POINT('Ctrl Pts',(4.38029681433374,13.2273190796681,-29.6168108203539));
#6254=CARTESIAN_POINT('Ctrl Pts',(2.35650334713508,14.9246177461378,-29.2605067627211));
#6255=CARTESIAN_POINT('Ctrl Pts',(-0.226124308824383,15.4783299037004,-28.9042027050883));
#6256=CARTESIAN_POINT('Ctrl Pts',(-2.76785267130436,14.7598734394595,-28.5478986474555));
#6257=CARTESIAN_POINT('Ctrl Pts',(-4.67844582647639,12.9360871144779,-28.1915945898228));
#6258=CARTESIAN_POINT('Ctrl Pts',(-5.51422901852728,10.4304875419081,-27.83529053219));
#6259=CARTESIAN_POINT('Ctrl Pts',(-5.0811180786637,7.82492087347878,-27.4789864745572));
#6260=CARTESIAN_POINT('Ctrl Pts',(-3.47968928854939,5.72444744281793,-27.1226824169244));
#6261=CARTESIAN_POINT('Ctrl Pts',(-1.08182380428272,4.61683569672807,-26.7663783592917));
#6262=CARTESIAN_POINT('Ctrl Pts',(1.55565013312423,4.75929335477896,-26.4100743016589));
#6263=CARTESIAN_POINT('Ctrl Pts',(3.82026256779398,6.11873920147578,-26.0537702440261));
#6264=CARTESIAN_POINT('Ctrl Pts',(5.18612932391462,8.37948485808699,-25.6974661863933));
#6265=CARTESIAN_POINT('Ctrl Pts',(5.33607038554819,11.0165440262702,-25.3411621287606));
#6266=CARTESIAN_POINT('Ctrl Pts',(4.23526820082479,13.4175426356251,-24.9848580711278));
#6267=CARTESIAN_POINT('Ctrl Pts',(2.13934603817309,15.0249260478148,-24.628554013495));
#6268=CARTESIAN_POINT('Ctrl Pts',(-0.464977880055508,15.4654277452913,-24.2722499558622));
#6269=CARTESIAN_POINT('Ctrl Pts',(-2.97294584135666,14.6367606802176,-23.9159458982295));
#6270=CARTESIAN_POINT('Ctrl Pts',(-4.80213220385893,12.7313449338274,-23.5596418405967));
#6271=CARTESIAN_POINT('Ctrl Pts',(-5.52782842135684,10.1916774000461,-23.2033377829639));
#6272=CARTESIAN_POINT('Ctrl Pts',(-4.98138422633452,7.60746443489205,-22.8470337253312));
#6273=CARTESIAN_POINT('Ctrl Pts',(-3.28996949754296,5.57891828449664,-22.4907296676984));
#6274=CARTESIAN_POINT('Ctrl Pts',(-0.845790577262756,4.57689540431109,-22.1344256100656));
#6275=CARTESIAN_POINT('Ctrl Pts',(0.906194732243771,4.74886082464689,-21.8968895716438));
#6276=CARTESIAN_POINT('Ctrl Pts',(1.71170467522813,5.03465584471362,-21.7781215524328));
#6277=CARTESIAN_POINT('Ctrl Pts',(-2.18810275798663,15.2329681749922,-42.6656353427006));
#6278=CARTESIAN_POINT('Ctrl Pts',(-3.03702838417696,14.8861114462704,-42.5468673234897));
#6279=CARTESIAN_POINT('Ctrl Pts',(-4.56214176645205,13.7718212272716,-42.3093312850679));
#6280=CARTESIAN_POINT('Ctrl Pts',(-5.80236083497478,11.2232850395151,-41.9530272274351));
#6281=CARTESIAN_POINT('Ctrl Pts',(-5.70656402505082,8.39106036075578,-41.5967231698023));
#6282=CARTESIAN_POINT('Ctrl Pts',(-4.29730480147472,5.93226614631323,-41.2404191121695));
#6283=CARTESIAN_POINT('Ctrl Pts',(-1.90169752164315,4.41816490474036,-40.8841150545368));
#6284=CARTESIAN_POINT('Ctrl Pts',(0.923886043242888,4.2002247692531,-40.527810996904));
#6285=CARTESIAN_POINT('Ctrl Pts',(3.52332580612626,5.3291193319961,-40.1715069392712));
#6286=CARTESIAN_POINT('Ctrl Pts',(5.29296887694888,7.54266821074434,-39.8152028816385));
#6287=CARTESIAN_POINT('Ctrl Pts',(5.82187898814629,10.3268592317118,-39.4588988240057));
#6288=CARTESIAN_POINT('Ctrl Pts',(4.9872300485846,13.0351453320404,-39.1025947663729));
#6289=CARTESIAN_POINT('Ctrl Pts',(2.98284449101787,15.0386161059532,-38.7462907087401));
#6290=CARTESIAN_POINT('Ctrl Pts',(0.274176597535998,15.8720273607403,-38.3899866511074));
#6291=CARTESIAN_POINT('Ctrl Pts',(-2.5097709237173,15.3418464664457,-38.0336825934746));
#6292=CARTESIAN_POINT('Ctrl Pts',(-4.72251460606532,13.5711907930143,-37.6773785358418));
#6293=CARTESIAN_POINT('Ctrl Pts',(-5.85021472234359,10.9712392113932,-37.321074478209));
#6294=CARTESIAN_POINT('Ctrl Pts',(-5.63099867496473,8.14574805637655,-36.9647704205763));
#6295=CARTESIAN_POINT('Ctrl Pts',(-4.11577242925075,5.75084820336544,-36.6084663629435));
#6296=CARTESIAN_POINT('Ctrl Pts',(-1.65639930268457,4.34267927878385,-36.2521623053107));
#6297=CARTESIAN_POINT('Ctrl Pts',(1.17600918869901,4.24824392726338,-35.8958582476779));
#6298=CARTESIAN_POINT('Ctrl Pts',(3.72371587302407,5.48947176435195,-35.5395541900452));
#6299=CARTESIAN_POINT('Ctrl Pts',(5.39509655964124,7.77812693647965,-35.1832501324124));
#6300=CARTESIAN_POINT('Ctrl Pts',(5.80202601620224,10.5827417606487,-34.8269460747796));
#6301=CARTESIAN_POINT('Ctrl Pts',(4.85000776408793,13.2520332664654,-34.4706420171469));
#6302=CARTESIAN_POINT('Ctrl Pts',(2.76011789185241,15.1661430378897,-34.114337959514));
#6303=CARTESIAN_POINT('Ctrl Pts',(0.0176671356130646,15.8805797004157,-33.7580339018813));
#6304=CARTESIAN_POINT('Ctrl Pts',(-2.74049716986367,15.2294379653157,-33.4017298442485));
#6305=CARTESIAN_POINT('Ctrl Pts',(-4.87387871561328,13.3639248789466,-33.0454257866157));
#6306=CARTESIAN_POINT('Ctrl Pts',(-5.8870672017808,10.7172467748549,-32.689121728983));
#6307=CARTESIAN_POINT('Ctrl Pts',(-5.54478169010447,7.90401082249184,-32.3328176713502));
#6308=CARTESIAN_POINT('Ctrl Pts',(-3.92650715050002,5.57750197668025,-31.9765136137174));
#6309=CARTESIAN_POINT('Ctrl Pts',(-1.40803659407366,4.27797823638359,-31.6202095560847));
#6310=CARTESIAN_POINT('Ctrl Pts',(1.42579495233798,4.30721283440324,-31.2639054984519));
#6311=CARTESIAN_POINT('Ctrl Pts',(3.9169198594656,5.65841696120402,-30.9076014408191));
#6312=CARTESIAN_POINT('Ctrl Pts',(5.48685326146826,8.01781625094609,-30.5512973831863));
#6313=CARTESIAN_POINT('Ctrl Pts',(5.77102784553135,10.8375149406836,-30.1949933255536));
#6314=CARTESIAN_POINT('Ctrl Pts',(4.70345306420456,13.4627273095518,-29.8386892679208));
#6315=CARTESIAN_POINT('Ctrl Pts',(2.53203935060231,15.2838309252053,-29.482385210288));
#6316=CARTESIAN_POINT('Ctrl Pts',(-0.238971229366284,15.8779321473937,-29.1260811526553));
#6317=CARTESIAN_POINT('Ctrl Pts',(-2.96609922537687,15.1070697820564,-28.7697770950225));
#6318=CARTESIAN_POINT('Ctrl Pts',(-5.01605553045269,13.1502522011463,-28.4134730373897));
#6319=CARTESIAN_POINT('Ctrl Pts',(-5.91280271055385,10.4618883137952,-28.0571689797569));
#6320=CARTESIAN_POINT('Ctrl Pts',(-5.4480996419978,7.6662654959373,-27.7008649221242));
#6321=CARTESIAN_POINT('Ctrl Pts',(-3.72985887653814,5.4125786023298,-27.3445608644914));
#6322=CARTESIAN_POINT('Ctrl Pts',(-1.15708745479946,4.22417505533368,-26.9882568068586));
#6323=CARTESIAN_POINT('Ctrl Pts',(1.67277002313842,4.37702390938574,-26.6319527492258));
#6324=CARTESIAN_POINT('Ctrl Pts',(4.1025686050277,5.83563092747398,-26.2756486915931));
#6325=CARTESIAN_POINT('Ctrl Pts',(5.56806488874637,8.26128067943576,-25.9193446339603));
#6326=CARTESIAN_POINT('Ctrl Pts',(5.72894300340591,11.090693133909,-25.5630405763275));
#6327=CARTESIAN_POINT('Ctrl Pts',(4.54784572316794,13.666826218235,-25.2067365186947));
#6328=CARTESIAN_POINT('Ctrl Pts',(2.29904207774239,15.3914559498828,-24.850432461062));
#6329=CARTESIAN_POINT('Ctrl Pts',(-0.495247340797779,15.8640888752621,-24.4941284034292));
#6330=CARTESIAN_POINT('Ctrl Pts',(-3.18615237271416,14.9749768891451,-24.1378243457964));
#6331=CARTESIAN_POINT('Ctrl Pts',(-5.14876388255839,12.9305756452017,-23.7815202881636));
#6332=CARTESIAN_POINT('Ctrl Pts',(-5.92739408575075,10.205658799573,-23.4252162305309));
#6333=CARTESIAN_POINT('Ctrl Pts',(-5.34109096835199,7.43294727423561,-23.0689121728981));
#6334=CARTESIAN_POINT('Ctrl Pts',(-3.52630047860371,5.25643420556719,-22.7126081152653));
#6335=CARTESIAN_POINT('Ctrl Pts',(-0.903837410106717,4.18132142422697,-22.3563040576326));
#6336=CARTESIAN_POINT('Ctrl Pts',(0.97594182070484,4.36583040601521,-22.1187680192107));
#6337=CARTESIAN_POINT('Ctrl Pts',(1.84020754988535,4.67247198575661,-21.9999999999998));
#6338=CARTESIAN_POINT('',(1.84020754988534,4.67247198575662,-21.9999999999998));
#6339=CARTESIAN_POINT('Ctrl Pts',(1.84020754988534,4.67247198575662,-21.9999999999998));
#6340=CARTESIAN_POINT('Ctrl Pts',(0.975941820704838,4.36583040601522,-22.1187680192107));
#6341=CARTESIAN_POINT('Ctrl Pts',(0.0360522052990651,4.2735759151211,-22.2375360384216));
#6342=CARTESIAN_POINT('Ctrl Pts',(-0.870969780486652,4.40663413323074,-22.3563040576325));
#6343=CARTESIAN_POINT('Ctrl Pts',(-1.77799176627238,4.53969235134038,-22.4750720768435));
#6344=CARTESIAN_POINT('Ctrl Pts',(-2.65214612243804,4.89806327845379,-22.5938400960544));
#6345=CARTESIAN_POINT('Ctrl Pts',(-3.39168838214559,5.44000092012189,-22.7126081152653));
#6346=CARTESIAN_POINT('Ctrl Pts',(-4.13123064185313,5.98193856179,-22.8313761344763));
#6347=CARTESIAN_POINT('Ctrl Pts',(-4.73616080510256,6.70744291801281,-22.9501441536872));
#6348=CARTESIAN_POINT('Ctrl Pts',(-5.1363430729604,7.53231368368045,-23.0689121728981));
#6349=CARTESIAN_POINT('Ctrl Pts',(-5.53652534081823,8.35718444934808,-23.187680192109));
#6350=CARTESIAN_POINT('Ctrl Pts',(-5.73195971328449,9.28142162446055,-23.30644821132));
#6351=CARTESIAN_POINT('Ctrl Pts',(-5.69990519898556,10.1976930196216,-23.4252162305309));
#6352=CARTESIAN_POINT('Ctrl Pts',(-5.66785068468662,11.1139644147826,-23.5439842497418));
#6353=CARTESIAN_POINT('Ctrl Pts',(-5.4083072836225,12.0222700299922,-23.6627522689527));
#6354=CARTESIAN_POINT('Ctrl Pts',(-4.95143366478307,12.8171563782542,-23.7815202881636));
#6355=CARTESIAN_POINT('Ctrl Pts',(-4.49456004594365,13.6120427265162,-23.9002883073746));
#6356=CARTESIAN_POINT('Ctrl Pts',(-3.8403562093289,14.2935098078306,-24.0190563265855));
#6357=CARTESIAN_POINT('Ctrl Pts',(-3.06477011903547,14.7824286795074,-24.1378243457964));
#6358=CARTESIAN_POINT('Ctrl Pts',(-2.28918402874204,15.2713475511841,-24.2565923650074));
#6359=CARTESIAN_POINT('Ctrl Pts',(-1.39221568476991,15.5677182132231,-24.3753603842183));
#6360=CARTESIAN_POINT('Ctrl Pts',(-0.478016609693823,15.6371313900127,-24.4941284034292));
#6361=CARTESIAN_POINT('Ctrl Pts',(0.436182465382271,15.7065445668023,-24.6128964226401));
#6362=CARTESIAN_POINT('Ctrl Pts',(1.36761227156233,15.5490002583426,-24.731664441851));
#6363=CARTESIAN_POINT('Ctrl Pts',(2.20812778222328,15.1827898155047,-24.850432461062));
#6364=CARTESIAN_POINT('Ctrl Pts',(3.04864329288423,14.8165793726668,-24.9692004802729));
#6365=CARTESIAN_POINT('Ctrl Pts',(3.79824450802609,14.2417027954509,-25.0879684994838));
#6366=CARTESIAN_POINT('Ctrl Pts',(4.36989466230334,13.5249089927886,-25.2067365186947));
#6367=CARTESIAN_POINT('Ctrl Pts',(4.94154481658059,12.8081151901263,-25.3255045379057));
#6368=CARTESIAN_POINT('Ctrl Pts',(5.33524390999325,11.9494041620176,-25.4442725571166));
#6369=CARTESIAN_POINT('Ctrl Pts',(5.50528043758965,11.0484799055511,-25.5630405763275));
#6370=CARTESIAN_POINT('Ctrl Pts',(5.67531696518605,10.1475556490846,-25.6818085955384));
#6371=CARTESIAN_POINT('Ctrl Pts',(5.62169092696621,9.20441816426018,-25.8005766147494));
#6372=CARTESIAN_POINT('Ctrl Pts',(5.35062852723651,8.32857446318768,-25.9193446339603));
#6373=CARTESIAN_POINT('Ctrl Pts',(5.07956612750681,7.45273076211518,-26.0381126531712));
#6374=CARTESIAN_POINT('Ctrl Pts',(4.59106736626725,6.64418084479458,-26.1568806723822));
#6375=CARTESIAN_POINT('Ctrl Pts',(3.94185155533259,5.99680471645291,-26.2756486915931));
#6376=CARTESIAN_POINT('Ctrl Pts',(3.29263574439793,5.34942858811124,-26.394416710804));
#6377=CARTESIAN_POINT('Ctrl Pts',(2.48270288376817,4.86322624874849,-26.5131847300149));
#6378=CARTESIAN_POINT('Ctrl Pts',(1.60609354046364,4.59465027005844,-26.6319527492258));
#6379=CARTESIAN_POINT('Ctrl Pts',(0.729484197159122,4.3260742913684,-26.7507207684368));
#6380=CARTESIAN_POINT('Ctrl Pts',(-0.213801628820168,4.27512467335105,-26.8694887876477));
#6381=CARTESIAN_POINT('Ctrl Pts',(-1.11423977876626,4.44771712217505,-26.9882568068586));
#6382=CARTESIAN_POINT('Ctrl Pts',(-2.01467792871235,4.62030957099906,-27.1070248260695));
#6383=CARTESIAN_POINT('Ctrl Pts',(-2.87226840262524,5.01644408666443,-27.2257928452805));
#6384=CARTESIAN_POINT('Ctrl Pts',(-3.58743710049163,5.59012582676504,-27.3445608644914));
#6385=CARTESIAN_POINT('Ctrl Pts',(-4.30260579835802,6.16380756686564,-27.4633288837023));
#6386=CARTESIAN_POINT('Ctrl Pts',(-4.87535272017791,6.91503653140148,-27.5820969029132));
#6387=CARTESIAN_POINT('Ctrl Pts',(-5.23917669251386,7.75658814997905,-27.7008649221242));
#6388=CARTESIAN_POINT('Ctrl Pts',(-5.60300066484981,8.5981397685566,-27.8196329413351));
#6389=CARTESIAN_POINT('Ctrl Pts',(-5.75790168770182,9.53001404117588,-27.938400960546));
#6390=CARTESIAN_POINT('Ctrl Pts',(-5.68589433577765,10.4440118253774,-28.0571689797569));
#6391=CARTESIAN_POINT('Ctrl Pts',(-5.61388698385347,11.3580096095789,-28.1759369989678));
#6392=CARTESIAN_POINT('Ctrl Pts',(-5.31497125715307,12.2541309053626,-28.2947050181788));
#6393=CARTESIAN_POINT('Ctrl Pts',(-4.82385400962358,13.0283278167395,-28.4134730373897));
#6394=CARTESIAN_POINT('Ctrl Pts',(-4.33273676209408,13.8025247281164,-28.5322410566006));
#6395=CARTESIAN_POINT('Ctrl Pts',(-3.64941799373548,14.4547972550864,-28.6510090758115));
#6396=CARTESIAN_POINT('Ctrl Pts',(-2.85323727688775,14.9094105794609,-28.7697770950225));
#6397=CARTESIAN_POINT('Ctrl Pts',(-2.05705656004002,15.3640239038355,-28.8885451142334));
#6398=CARTESIAN_POINT('Ctrl Pts',(-1.14801389470315,15.6209780256146,-29.0073131334443));
#6399=CARTESIAN_POINT('Ctrl Pts',(-0.231657465373281,15.6504382161394,-29.1260811526553));
#6400=CARTESIAN_POINT('Ctrl Pts',(0.684698963956581,15.6798984066642,-29.2448491718662));
#6401=CARTESIAN_POINT('Ctrl Pts',(1.60836915727945,15.4818646659347,-29.3636171910771));
#6402=CARTESIAN_POINT('Ctrl Pts',(2.43210653954125,15.0793305262944,-29.482385210288));
#6403=CARTESIAN_POINT('Ctrl Pts',(3.25584392180305,14.6767963866541,-29.6011532294989));
#6404=CARTESIAN_POINT('Ctrl Pts',(3.97964849300381,14.069761848103,-29.7199212487099));
#6405=CARTESIAN_POINT('Ctrl Pts',(4.51947990882531,13.328709184016,-29.8386892679208));
#6406=CARTESIAN_POINT('Ctrl Pts',(5.05931132464682,12.5876565199291,-29.9574572871317));
#6407=CARTESIAN_POINT('Ctrl Pts',(5.41516958508907,11.7125857303063,-30.0762253063426));
#6408=CARTESIAN_POINT('Ctrl Pts',(5.54573628463303,10.805100553872,-30.1949933255536));
#6409=CARTESIAN_POINT('Ctrl Pts',(5.67630298417698,9.89761537743774,-30.3137613447645));
#6410=CARTESIAN_POINT('Ctrl Pts',(5.58157812282262,8.95771581419192,-30.4325293639754));
#6411=CARTESIAN_POINT('Ctrl Pts',(5.27256012514499,8.094532817612,-30.5512973831863));
#6412=CARTESIAN_POINT('Ctrl Pts',(4.96354212746737,7.23134982103208,-30.6700654023973));
#6413=CARTESIAN_POINT('Ctrl Pts',(4.44023099346647,6.44488339111804,-30.7888334216082));
#6414=CARTESIAN_POINT('Ctrl Pts',(3.76338794194476,5.8264494883609,-30.9076014408191));
#6415=CARTESIAN_POINT('Ctrl Pts',(3.08654489042305,5.20801558560376,-31.02636946003));
#6416=CARTESIAN_POINT('Ctrl Pts',(2.25616992138051,4.75761421000351,-31.145137479241));
#6417=CARTESIAN_POINT('Ctrl Pts',(1.36867717912397,4.5275410892001,-31.2639054984519));
#6418=CARTESIAN_POINT('Ctrl Pts',(0.481184436867429,4.2974679683967,-31.3826735176628));
#6419=CARTESIAN_POINT('Ctrl Pts',(-0.46342607860312,4.28772310239015,-31.5014415368737));
#6420=CARTESIAN_POINT('Ctrl Pts',(-1.35547642907612,4.49943795943632,-31.6202095560847));
#6421=CARTESIAN_POINT('Ctrl Pts',(-2.24752677954912,4.71115281648249,-31.7389775752956));
#6422=CARTESIAN_POINT('Ctrl Pts',(-3.08701696502456,5.14432739658137,-31.8577455945065));
#6423=CARTESIAN_POINT('Ctrl Pts',(-3.7764744810297,5.74866616093274,-31.9765136137174));
#6424=CARTESIAN_POINT('Ctrl Pts',(-4.46593199703483,6.35300492528412,-32.0952816329284));
#6425=CARTESIAN_POINT('Ctrl Pts',(-5.00535684356964,7.12850787388798,-32.2140496521393));
#6426=CARTESIAN_POINT('Ctrl Pts',(-5.33211685211644,7.98513200691709,-32.3328176713502));
#6427=CARTESIAN_POINT('Ctrl Pts',(-5.65887686066324,8.8417561399462,-32.4515856905611));
#6428=CARTESIAN_POINT('Ctrl Pts',(-5.77297203122202,9.77950145740055,-32.5703537097721));
#6429=CARTESIAN_POINT('Ctrl Pts',(-5.66115486880682,10.6894871334764,-32.689121728983));
#6430=CARTESIAN_POINT('Ctrl Pts',(-5.54933770639162,11.5994728095522,-32.8078897481939));
#6431=CARTESIAN_POINT('Ctrl Pts',(-5.21160821100244,12.4816988442494,-32.9266577674048));
#6432=CARTESIAN_POINT('Ctrl Pts',(-4.68717987234958,13.2337307093262,-33.0454257866157));
#6433=CARTESIAN_POINT('Ctrl Pts',(-4.16275153369673,13.985762574403,-33.1641938058267));
#6434=CARTESIAN_POINT('Ctrl Pts',(-3.4516243517802,14.6076002698593,-33.2829618250376));
#6435=CARTESIAN_POINT('Ctrl Pts',(-2.63636670990914,15.0270427401042,-33.4017298442485));
#6436=CARTESIAN_POINT('Ctrl Pts',(-1.82110906803809,15.446485210349,-33.5204978634594));
#6437=CARTESIAN_POINT('Ctrl Pts',(-0.901720966212511,15.6635324553824,-33.6392658826704));
#6438=CARTESIAN_POINT('Ctrl Pts',(0.015048210740165,15.6529833008114,-33.7580339018813));
#6439=CARTESIAN_POINT('Ctrl Pts',(0.931817387692847,15.6424341462404,-33.8768019210922));
#6440=CARTESIAN_POINT('Ctrl Pts',(1.84596763977263,15.404288592065,-33.9955699403031));
#6441=CARTESIAN_POINT('Ctrl Pts',(2.65135774451844,14.96619751974,-34.1143379595141));
#6442=CARTESIAN_POINT('Ctrl Pts',(3.45674784926425,14.5281064474149,-34.233105978725));
#6443=CARTESIAN_POINT('Ctrl Pts',(4.15337780667609,13.8900698569401,-34.3518739979359));
#6444=CARTESIAN_POINT('Ctrl Pts',(4.66036249406773,13.1261696440666,-34.4706420171469));
#6445=CARTESIAN_POINT('Ctrl Pts',(5.16734718145936,12.3622694311931,-34.5894100363578));
#6446=CARTESIAN_POINT('Ctrl Pts',(5.4846865988308,11.4725055959209,-34.7081780555687));
#6447=CARTESIAN_POINT('Ctrl Pts',(5.57553473142302,10.5601878742566,-34.8269460747796));
#6448=CARTESIAN_POINT('Ctrl Pts',(5.66638286401523,9.64787015259233,-34.9457140939905));
#6449=CARTESIAN_POINT('Ctrl Pts',(5.53073971182823,8.71299854453599,-35.0644821132015));
#6450=CARTESIAN_POINT('Ctrl Pts',(5.1843546879652,7.86412021181987,-35.1832501324124));
#6451=CARTESIAN_POINT('Ctrl Pts',(4.83796966410217,7.01524187910375,-35.3020181516233));
#6452=CARTESIAN_POINT('Ctrl Pts',(4.28084276856312,6.25235682172786,-35.4207861708342));
#6453=CARTESIAN_POINT('Ctrl Pts',(3.57766154007275,5.66404298685848,-35.5395541900452));
#6454=CARTESIAN_POINT('Ctrl Pts',(2.87448031158238,5.0757291519891,-35.6583222092561));
#6455=CARTESIAN_POINT('Ctrl Pts',(2.02524475014069,4.66198653962624,-35.777090228467));
#6456=CARTESIAN_POINT('Ctrl Pts',(1.12855888752258,4.47085445869822,-35.8958582476779));
#6457=CARTESIAN_POINT('Ctrl Pts',(0.231873024904481,4.27972237777021,-36.0146262668889));
#6458=CARTESIAN_POINT('Ctrl Pts',(-0.712263138890039,4.31120082827703,-36.1333942860998));
#6459=CARTESIAN_POINT('Ctrl Pts',(-1.59422674188166,4.56163487429404,-36.2521623053107));
#6460=CARTESIAN_POINT('Ctrl Pts',(-2.47619034487329,4.81206892031105,-36.3709303245216));
#6461=CARTESIAN_POINT('Ctrl Pts',(-3.29598138706202,5.28145856183825,-36.4896983437326));
#6462=CARTESIAN_POINT('Ctrl Pts',(-3.95841461577538,5.9153033581037,-36.6084663629435));
#6463=CARTESIAN_POINT('Ctrl Pts',(-4.62084784448875,6.54914815436916,-36.7272343821544));
#6464=CARTESIAN_POINT('Ctrl Pts',(-5.12592325972673,7.34744810537286,-36.8460024013653));
#6465=CARTESIAN_POINT('Ctrl Pts',(-5.41499697524221,8.21751327337748,-36.9647704205763));
#6466=CARTESIAN_POINT('Ctrl Pts',(-5.70407069075768,9.0875784413821,-37.0835384397872));
#6467=CARTESIAN_POINT('Ctrl Pts',(-5.77714270655063,10.0294088263876,-37.2023064589981));
#6468=CARTESIAN_POINT('Ctrl Pts',(-5.6257286950674,10.9336492824939,-37.321074478209));
#6469=CARTESIAN_POINT('Ctrl Pts',(-5.47431468358416,11.8378897386002,-37.4398424974199));
#6470=CARTESIAN_POINT('Ctrl Pts',(-5.09841464482474,12.7045402658073,-37.5586105166309));
#6471=CARTESIAN_POINT('Ctrl Pts',(-4.54167401172036,13.432974808316,-37.6773785358418));
#6472=CARTESIAN_POINT('Ctrl Pts',(-3.98493337861598,14.1614093508248,-37.7961465550527));
#6473=CARTESIAN_POINT('Ctrl Pts',(-3.24735215116664,14.7516279086353,-37.9149145742637));
#6474=CARTESIAN_POINT('Ctrl Pts',(-2.41457028389975,15.1351006699229,-38.0336825934746));
#6475=CARTESIAN_POINT('Ctrl Pts',(-1.58178841663286,15.5185734312106,-38.1524506126855));
#6476=CARTESIAN_POINT('Ctrl Pts',(-0.653805909548424,15.6953003959755,-38.2712186318964));
#6477=CARTESIAN_POINT('Ctrl Pts',(0.26162999290744,15.64476200256,-38.3899866511073));
#6478=CARTESIAN_POINT('Ctrl Pts',(1.1770658953633,15.5942236091446,-38.5087546703183));
#6479=CARTESIAN_POINT('Ctrl Pts',(2.07995519319058,15.3164198575489,-38.6275226895292));
#6480=CARTESIAN_POINT('Ctrl Pts',(2.86546410169868,14.8436061860989,-38.7462907087401));
#6481=CARTESIAN_POINT('Ctrl Pts',(3.65097301020678,14.3707925146489,-38.865058727951));
#6482=CARTESIAN_POINT('Ctrl Pts',(4.31910152939569,13.7029689233447,-38.983826747162));
#6483=CARTESIAN_POINT('Ctrl Pts',(4.79227394558375,12.9176761109711,-39.1025947663729));
#6484=CARTESIAN_POINT('Ctrl Pts',(5.26544636177182,12.1323832985975,-39.2213627855838));
#6485=CARTESIAN_POINT('Ctrl Pts',(5.54366267495905,11.2296212651547,-39.3401308047947));
#6486=CARTESIAN_POINT('Ctrl Pts',(5.5946191463531,10.3142084116053,-39.4588988240057));
#6487=CARTESIAN_POINT('Ctrl Pts',(5.64557561774714,9.39879555805599,-39.5776668432166));
#6488=CARTESIAN_POINT('Ctrl Pts',(5.46927224734801,8.47073188440017,-39.6964348624275));
#6489=CARTESIAN_POINT('Ctrl Pts',(5.08618005034467,7.63777523444756,-39.8152028816384));
#6490=CARTESIAN_POINT('Ctrl Pts',(4.70308785334134,6.80481858449493,-39.9339709008494));
#6491=CARTESIAN_POINT('Ctrl Pts',(4.11320682973379,6.06696895824552,-40.0527389200603));
#6492=CARTESIAN_POINT('Ctrl Pts',(3.38502635744946,5.50989505133031,-40.1715069392712));
#6493=CARTESIAN_POINT('Ctrl Pts',(2.65684588516513,4.9528211444151,-40.2902749584821));
#6494=CARTESIAN_POINT('Ctrl Pts',(1.79036596420401,4.57652295683411,-40.4090429776931));
#6495=CARTESIAN_POINT('Ctrl Pts',(0.886195409575782,4.42469721895815,-40.527810996904));
#6496=CARTESIAN_POINT('Ctrl Pts',(-0.0179751450524546,4.27287148108219,
-40.6465790161149));
#6497=CARTESIAN_POINT('Ctrl Pts',(-0.959836333347803,4.34551819291128,-40.7653470353258));
#6498=CARTESIAN_POINT('Ctrl Pts',(-1.83003480746741,4.63419175575464,-40.8841150545368));
#6499=CARTESIAN_POINT('Ctrl Pts',(-2.700233281587,4.92286531859799,-41.0028830737477));
#6500=CARTESIAN_POINT('Ctrl Pts',(-3.49876904153086,5.42756573245561,-41.1216510929586));
#6501=CARTESIAN_POINT('Ctrl Pts',(-4.13291345876547,6.08971497512484,-41.2404191121695));
#6502=CARTESIAN_POINT('Ctrl Pts',(-4.76705787600008,6.75186421779408,-41.3591871313805));
#6503=CARTESIAN_POINT('Ctrl Pts',(-5.23681095052545,7.57146228927493,-41.4779551505914));
#6504=CARTESIAN_POINT('Ctrl Pts',(-5.48765362277546,8.45329877147525,-41.5967231698023));
#6505=CARTESIAN_POINT('Ctrl Pts',(-5.73849629502546,9.33513525367557,-41.7154911890132));
#6506=CARTESIAN_POINT('Ctrl Pts',(-5.77042856500012,10.2792101465954,-41.8342592082242));
#6507=CARTESIAN_POINT('Ctrl Pts',(-5.57969152190033,11.176003624348,-41.9530272274351));
#6508=CARTESIAN_POINT('Ctrl Pts',(-5.55454601049438,11.2942309506037,-41.96868481829));
#6509=CARTESIAN_POINT('Ctrl Pts',(-5.5255304967871,11.4116365238168,-41.9843424091449));
#6510=CARTESIAN_POINT('Ctrl Pts',(-5.49275517745454,11.527993732655,-41.9999999999998));
#6511=CARTESIAN_POINT('Ctrl Pts',(-2.47191216331936,6.20708750780666,-21.9999999999998));
#6512=CARTESIAN_POINT('Ctrl Pts',(-2.4140808427852,6.14228594663045,-21.9999999999998));
#6513=CARTESIAN_POINT('Ctrl Pts',(-2.35427217314798,6.07919700049345,-21.9999999999998));
#6514=CARTESIAN_POINT('Ctrl Pts',(-2.29260982695763,6.01787547328011,-21.9999999999998));
#6515=CARTESIAN_POINT('Ctrl Pts',(-2.27654422634953,6.00189867016194,-21.9999999999998));
#6516=CARTESIAN_POINT('Ctrl Pts',(-2.26035274741231,5.98604183411044,-21.9999999999998));
#6517=CARTESIAN_POINT('Ctrl Pts',(-2.24403747807503,5.97030591926808,-21.9999999999998));
#6518=CARTESIAN_POINT('Ctrl Pts',(-2.2267053908828,5.95358929372798,-21.9999999999998));
#6519=CARTESIAN_POINT('Ctrl Pts',(-2.20923938386236,5.93701474637275,-21.9999999999998));
#6520=CARTESIAN_POINT('Ctrl Pts',(-2.1916461437731,5.92058671919359,-21.9999999999998));
#6521=CARTESIAN_POINT('Ctrl Pts',(-2.09756729881372,5.83273878361519,-21.9999999999998));
#6522=CARTESIAN_POINT('Ctrl Pts',(-1.99982006052176,5.74904815889904,-21.9999999999998));
#6523=CARTESIAN_POINT('Ctrl Pts',(-1.89881942888202,5.66963120219934,-21.9999999999998));
#6524=CARTESIAN_POINT('Ctrl Pts',(-1.79511949528185,5.58809178009096,-21.9999999999998));
#6525=CARTESIAN_POINT('Ctrl Pts',(-1.68798992351334,5.5110568336297,-21.9999999999998));
#6526=CARTESIAN_POINT('Ctrl Pts',(-1.57782502988459,5.43864890410847,-21.9999999999998));
#6527=CARTESIAN_POINT('Ctrl Pts',(-1.46626743340389,5.36532559468148,-21.9999999999998));
#6528=CARTESIAN_POINT('Ctrl Pts',(-1.35159703103135,5.29674628726271,-21.9999999999998));
#6529=CARTESIAN_POINT('Ctrl Pts',(-1.23417007083026,5.23304568459102,-21.9999999999998));
#6530=CARTESIAN_POINT('Ctrl Pts',(-1.11553272396823,5.16868848347178,-21.9999999999998));
#6531=CARTESIAN_POINT('Ctrl Pts',(-0.994081326763768,5.10931029475167,-21.9999999999998));
#6532=CARTESIAN_POINT('Ctrl Pts',(-0.87013407365054,5.05506920585229,-21.9999999999998));
#6533=CARTESIAN_POINT('Ctrl Pts',(-0.84067702928781,5.04217838236198,-21.9999999999998));
#6534=CARTESIAN_POINT('Ctrl Pts',(-0.811078814242948,5.0295778232752,-21.9999999999998));
#6535=CARTESIAN_POINT('Ctrl Pts',(-0.781343335521576,5.01726988370911,-21.9999999999998));
#6536=CARTESIAN_POINT('Ctrl Pts',(-0.757234309769609,5.0072908134297,-21.9999999999998));
#6537=CARTESIAN_POINT('Ctrl Pts',(-0.733035048484477,4.99750410386097,-21.9999999999998));
#6538=CARTESIAN_POINT('Ctrl Pts',(-0.708747750702255,4.98790966645369,-21.9999999999998));
#6539=CARTESIAN_POINT('Ctrl Pts',(-0.689912874757337,4.98046915001798,-21.9999999999998));
#6540=CARTESIAN_POINT('Ctrl Pts',(-0.671032319700951,4.9731471647263,-21.9999999999998));
#6541=CARTESIAN_POINT('Ctrl Pts',(-0.652112654517736,4.96594541716563,-21.9999999999998));
#6542=CARTESIAN_POINT('Ctrl Pts',(-0.521197305488617,4.916112648647,-21.9999999999998));
#6543=CARTESIAN_POINT('Ctrl Pts',(-0.388335235501516,4.87200446221551,-21.9999999999998));
#6544=CARTESIAN_POINT('Ctrl Pts',(-0.253967403872111,4.8335206451195,-21.9999999999998));
#6545=CARTESIAN_POINT('Ctrl Pts',(-0.117394743379553,4.7944053507594,-21.9999999999998));
#6546=CARTESIAN_POINT('Ctrl Pts',(0.0207338668450705,4.7611000253294,-21.9999999999998));
#6547=CARTESIAN_POINT('Ctrl Pts',(0.16000462498719,4.73352197155452,-21.9999999999998));
#6548=CARTESIAN_POINT('Ctrl Pts',(0.302353751631827,4.70533434680269,-21.9999999999998));
#6549=CARTESIAN_POINT('Ctrl Pts',(0.445896521439455,4.68312943400694,-21.9999999999998));
#6550=CARTESIAN_POINT('Ctrl Pts',(0.590235927081981,4.66685027255687,-21.9999999999998));
#6551=CARTESIAN_POINT('Ctrl Pts',(0.735542336646178,4.6504620486308,-21.9999999999998));
#6552=CARTESIAN_POINT('Ctrl Pts',(0.881656746846867,4.64007878303222,-21.9999999999998));
#6553=CARTESIAN_POINT('Ctrl Pts',(1.02821052693093,4.63568128000087,-21.9999999999998));
#6554=CARTESIAN_POINT('Ctrl Pts',(1.10109105866118,4.63349442164057,-21.9999999999998));
#6555=CARTESIAN_POINT('Ctrl Pts',(1.17408074935265,4.63278850407144,-21.9999999999998));
#6556=CARTESIAN_POINT('Ctrl Pts',(1.24713678233891,4.63356523822291,-21.9999999999998));
#6557=CARTESIAN_POINT('Ctrl Pts',(1.26741022418339,4.63378078612504,-21.9999999999998));
#6558=CARTESIAN_POINT('Ctrl Pts',(1.28768976503899,4.63411060289718,-21.9999999999998));
#6559=CARTESIAN_POINT('Ctrl Pts',(1.30795754811488,4.63455423569793,-21.9999999999998));
#6560=CARTESIAN_POINT('Ctrl Pts',(1.44810969114693,4.63762196577535,-21.9999999999998));
#6561=CARTESIAN_POINT('Ctrl Pts',(1.58788499326639,4.64612989121253,-21.9999999999998));
#6562=CARTESIAN_POINT('Ctrl Pts',(1.72699540481095,4.65999136910915,-21.9999999999998));
#6563=CARTESIAN_POINT('Ctrl Pts',(1.76478345735674,4.66375671096461,-21.9999999999998));
#6564=CARTESIAN_POINT('Ctrl Pts',(1.8025226345072,4.66791731750807,-21.9999999999998));
#6565=CARTESIAN_POINT('Ctrl Pts',(1.84020754988534,4.67247198575662,-21.9999999999998));
#6566=CARTESIAN_POINT('Ctrl Pts',(-5.49247545233808,11.5280380476267,-41.9999999999998));
#6567=CARTESIAN_POINT('Ctrl Pts',(-5.74584881116436,10.6255878188315,-41.8786038974544));
#6568=CARTESIAN_POINT('Ctrl Pts',(-5.79465109143208,8.6930632397286,-41.6358116923635));
#6569=CARTESIAN_POINT('Ctrl Pts',(-4.47452114722332,6.10997792643824,-41.2716233847272));
#6570=CARTESIAN_POINT('Ctrl Pts',(-2.08220457610897,4.47017098758447,-40.907435077091));
#6571=CARTESIAN_POINT('Ctrl Pts',(0.803025220538414,4.17072015563462,-40.5432467694547));
#6572=CARTESIAN_POINT('Ctrl Pts',(3.48098938538322,5.28398728476102,-40.1790584618185));
#6573=CARTESIAN_POINT('Ctrl Pts',(5.30403100574961,7.54110856963196,-39.8148701541821));
#6574=CARTESIAN_POINT('Ctrl Pts',(5.82729196847853,10.392654478414,-39.4506818465459));
#6575=CARTESIAN_POINT('Ctrl Pts',(4.83045828990642,13.4591219781341,-39.0460281713945));
#6576=CARTESIAN_POINT('Ctrl Pts',(1.99978617986939,15.7308434448463,-38.6009091287279));
#6577=CARTESIAN_POINT('Ctrl Pts',(-1.96541392401356,15.7745289430843,-38.1153247185463));
#6578=CARTESIAN_POINT('Ctrl Pts',(-4.84976377384633,13.5733196023453,-37.6702056758797));
#6579=CARTESIAN_POINT('Ctrl Pts',(-5.91606922479943,10.5283061988987,-37.2655520007283));
#6580=CARTESIAN_POINT('Ctrl Pts',(-5.45993899495277,7.66659605612447,-36.901363693092));
#6581=CARTESIAN_POINT('Ctrl Pts',(-3.68957403687315,5.3670697188252,-36.5371753854558));
#6582=CARTESIAN_POINT('Ctrl Pts',(-1.03816513183021,4.19233046352844,-36.1729870778195));
#6583=CARTESIAN_POINT('Ctrl Pts',(1.85288113207141,4.4241316993133,-35.8087987701832));
#6584=CARTESIAN_POINT('Ctrl Pts',(4.28356126605899,6.00879904833723,-35.4446104625469));
#6585=CARTESIAN_POINT('Ctrl Pts',(5.6614403776054,8.55874417006736,-35.0804221549107));
#6586=CARTESIAN_POINT('Ctrl Pts',(5.66012604664095,11.7849969416183,-34.6757684797593));
#6587=CARTESIAN_POINT('Ctrl Pts',(3.66924935695836,14.8159549784361,-34.2306494370927));
#6588=CARTESIAN_POINT('Ctrl Pts',(-0.0936179622413934,16.0870678709117,
-33.745065026911));
#6589=CARTESIAN_POINT('Ctrl Pts',(-3.39896493781142,14.9135638192022,-33.3134344400828));
#6590=CARTESIAN_POINT('Ctrl Pts',(-5.84114983002657,11.9249335829258,-32.8278500299011));
#6591=CARTESIAN_POINT('Ctrl Pts',(-5.91156150912466,7.81374311052031,-32.3422656197195));
#6592=CARTESIAN_POINT('Ctrl Pts',(-2.86508864562014,4.60877657379868,-31.8027273861842));
#6593=CARTESIAN_POINT('Ctrl Pts',(1.04076236872584,4.01454355958213,-31.3171429760026));
#6594=CARTESIAN_POINT('Ctrl Pts',(4.49985328206992,5.95796485064639,-30.8315585658208));
#6595=CARTESIAN_POINT('Ctrl Pts',(6.02131705464854,9.61492944329837,-30.3459741556392));
#6596=CARTESIAN_POINT('Ctrl Pts',(4.97251526606076,13.4351649994218,-29.8603897454575));
#6597=CARTESIAN_POINT('Ctrl Pts',(1.7918864560234,15.7991604372792,-29.3748053352758));
#6598=CARTESIAN_POINT('Ctrl Pts',(-2.16825607898455,15.7027190743156,-28.8892209250941));
#6599=CARTESIAN_POINT('Ctrl Pts',(-5.23250621580031,13.191458987855,-28.4036365149124));
#6600=CARTESIAN_POINT('Ctrl Pts',(-6.09655763360658,9.32240642442756,-27.9180521047307));
#6601=CARTESIAN_POINT('Ctrl Pts',(-4.53835030176261,6.0447592003358,-27.4729330620642));
#6602=CARTESIAN_POINT('Ctrl Pts',(-1.7827559534625,4.37034353553579,-27.0682793869128));
#6603=CARTESIAN_POINT('Ctrl Pts',(1.11355916898325,4.22401983895699,-26.7040910792765));
#6604=CARTESIAN_POINT('Ctrl Pts',(3.72679564544774,5.48021977334797,-26.3399027716402));
#6605=CARTESIAN_POINT('Ctrl Pts',(5.62044557324114,8.09062350448188,-25.9352490964888));
#6606=CARTESIAN_POINT('Ctrl Pts',(5.78831839090596,11.7163619232503,-25.4901300538223));
#6607=CARTESIAN_POINT('Ctrl Pts',(3.49124767980518,14.9480618370016,-25.0045456436406));
#6608=CARTESIAN_POINT('Ctrl Pts',(0.0126719130052495,15.9820043106283,-24.559426600974));
#6609=CARTESIAN_POINT('Ctrl Pts',(-3.07568838749906,15.0538083789614,-24.1547729258226));
#6610=CARTESIAN_POINT('Ctrl Pts',(-5.12100440612886,12.9994515806672,-23.7905846181863));
#6611=CARTESIAN_POINT('Ctrl Pts',(-5.93749251753383,10.2151943771929,-23.4263963105501));
#6612=CARTESIAN_POINT('Ctrl Pts',(-5.32676275086981,7.38012391029222,-23.0622080029138));
#6613=CARTESIAN_POINT('Ctrl Pts',(-3.43695147592537,5.17946824867382,-22.6980196952775));
#6614=CARTESIAN_POINT('Ctrl Pts',(-0.726359951348645,4.14755174562849,-22.3338313876413));
#6615=CARTESIAN_POINT('Ctrl Pts',(2.14862958074483,4.5341840284606,-21.969643080005));
#6616=CARTESIAN_POINT('Ctrl Pts',(3.70907606389075,5.67525712387471,-21.7268508749141));
#6617=CARTESIAN_POINT('Ctrl Pts',(4.30640878553056,6.3976199787294,-21.6054547723687));
#6618=CARTESIAN_POINT('Ctrl Pts',(-5.4967473699608,11.512569793347,-42.1315150758768));
#6619=CARTESIAN_POINT('Ctrl Pts',(-5.74755584269141,10.6094112116948,-42.0101189733314));
#6620=CARTESIAN_POINT('Ctrl Pts',(-5.79087159440557,8.67677145568159,-41.7673267682405));
#6621=CARTESIAN_POINT('Ctrl Pts',(-4.46342489510212,6.09746487476005,-41.4031384606043));
#6622=CARTESIAN_POINT('Ctrl Pts',(-2.06648225329541,4.46446892719746,-41.038950152968));
#6623=CARTESIAN_POINT('Ctrl Pts',(0.819562730617469,4.17321213790554,-40.6747618453317));
#6624=CARTESIAN_POINT('Ctrl Pts',(3.49433424636285,5.29406785924265,-40.3105735376954));
#6625=CARTESIAN_POINT('Ctrl Pts',(5.31094644504845,7.55633700501486,-39.9463852300592));
#6626=CARTESIAN_POINT('Ctrl Pts',(5.82610627959042,10.4093338474422,-39.5821969224229));
#6627=CARTESIAN_POINT('Ctrl Pts',(4.82057974064795,13.4729345263951,-39.1775432472715));
#6628=CARTESIAN_POINT('Ctrl Pts',(1.98349301642461,15.7365929850267,-38.732424204605));
#6629=CARTESIAN_POINT('Ctrl Pts',(-1.98178316835874,15.769021775233,-38.2468397944232));
#6630=CARTESIAN_POINT('Ctrl Pts',(-4.85984948710165,13.5596511175174,-37.8017207517567));
#6631=CARTESIAN_POINT('Ctrl Pts',(-5.91749804130081,10.5116475558601,-37.3970670766053));
#6632=CARTESIAN_POINT('Ctrl Pts',(-5.45324966841599,7.65126684119104,-37.032878768969));
#6633=CARTESIAN_POINT('Ctrl Pts',(-3.6763783484061,5.35679390965851,-36.6686904613328));
#6634=CARTESIAN_POINT('Ctrl Pts',(-1.02166671170752,4.18959552024273,-36.3045021536965));
#6635=CARTESIAN_POINT('Ctrl Pts',(1.86868658160784,4.42960088841141,-35.9403138460603));
#6636=CARTESIAN_POINT('Ctrl Pts',(4.29483887205131,6.02114915584798,-35.5761255384239));
#6637=CARTESIAN_POINT('Ctrl Pts',(5.66546269168213,8.57497489735449,-35.2119372307877));
#6638=CARTESIAN_POINT('Ctrl Pts',(5.65498987744751,11.8011849392261,-34.8072835556363));
#6639=CARTESIAN_POINT('Ctrl Pts',(3.65553314549353,14.8264547528932,-34.3621645129697));
#6640=CARTESIAN_POINT('Ctrl Pts',(-0.110897050048511,16.0868704708812,-33.8765801027881));
#6641=CARTESIAN_POINT('Ctrl Pts',(-3.41287279569565,14.9039975771813,-33.4449495159598));
#6642=CARTESIAN_POINT('Ctrl Pts',(-5.84654421692188,11.9084707344203,-32.9593651057782));
#6643=CARTESIAN_POINT('Ctrl Pts',(-5.90528443593791,7.79713007710058,-32.4737806955964));
#6644=CARTESIAN_POINT('Ctrl Pts',(-2.8497503248746,4.60085043209268,-31.9342424620613));
#6645=CARTESIAN_POINT('Ctrl Pts',(1.05774035011953,4.01771230412178,-31.4486580518796));
#6646=CARTESIAN_POINT('Ctrl Pts',(4.51127257871582,5.97092956986027,-30.9630736416979));
#6647=CARTESIAN_POINT('Ctrl Pts',(6.02233678110442,9.63216900054779,-30.4774892315162));
#6648=CARTESIAN_POINT('Ctrl Pts',(4.96270300731226,13.4493811003732,-29.9919048213345));
#6649=CARTESIAN_POINT('Ctrl Pts',(1.77540187133657,15.8043189779782,-29.5063204111528));
#6650=CARTESIAN_POINT('Ctrl Pts',(-2.18441902170477,15.6966369579558,-29.0207360009711));
#6651=CARTESIAN_POINT('Ctrl Pts',(-5.2415032987477,13.1767086118866,-28.5351515907895));
#6652=CARTESIAN_POINT('Ctrl Pts',(-6.0945610300766,9.30524999816758,-28.0495671806077));
#6653=CARTESIAN_POINT('Ctrl Pts',(-4.52706813894554,6.03206574251519,-27.6044481379412));
#6654=CARTESIAN_POINT('Ctrl Pts',(-1.76675386597688,4.36549273922723,-27.1997944627898));
#6655=CARTESIAN_POINT('Ctrl Pts',(1.12994162130966,4.22739270269992,-26.8356061551535));
#6656=CARTESIAN_POINT('Ctrl Pts',(3.73958048174317,5.49099575633783,-26.4714178475173));
#6657=CARTESIAN_POINT('Ctrl Pts',(5.62579725664088,8.10674351669472,-26.0667641723658));
#6658=CARTESIAN_POINT('Ctrl Pts',(5.78337550924326,11.7329146554999,-25.6216451296993));
#6659=CARTESIAN_POINT('Ctrl Pts',(3.47715860272317,14.9580547137315,-25.1360607195176));
#6660=CARTESIAN_POINT('Ctrl Pts',(-0.00431021128525239,15.9821099101262,
-24.690941676851));
#6661=CARTESIAN_POINT('Ctrl Pts',(-3.08999827123736,15.04515814039,-24.2862880016996));
#6662=CARTESIAN_POINT('Ctrl Pts',(-5.1294577774135,12.985020050533,-23.9220996940634));
#6663=CARTESIAN_POINT('Ctrl Pts',(-5.93803223140204,10.1984787038195,-23.5579113864271));
#6664=CARTESIAN_POINT('Ctrl Pts',(-5.31926181365021,7.36517621120037,-23.1937230787908));
#6665=CARTESIAN_POINT('Ctrl Pts',(-3.42322628896803,5.16991183748269,-22.8295347711545));
#6666=CARTESIAN_POINT('Ctrl Pts',(-0.709738185070956,4.14570247807681,-22.4653464635183));
#6667=CARTESIAN_POINT('Ctrl Pts',(2.16411904513654,4.54049144079142,-22.101158155882));
#6668=CARTESIAN_POINT('Ctrl Pts',(3.72130745366556,5.68598044795193,-21.8583659507912));
#6669=CARTESIAN_POINT('Ctrl Pts',(4.31658235304923,6.41003024442268,-21.7369698482457));
#6670=CARTESIAN_POINT('Ctrl Pts',(-5.50101928758352,11.4971015390674,-42.2630301517538));
#6671=CARTESIAN_POINT('Ctrl Pts',(-5.74926287421846,10.5932346045581,-42.1416340492084));
#6672=CARTESIAN_POINT('Ctrl Pts',(-5.78709209737906,8.66047967163458,-41.8988418441176));
#6673=CARTESIAN_POINT('Ctrl Pts',(-4.45232864298093,6.08495182308185,-41.5346535364813));
#6674=CARTESIAN_POINT('Ctrl Pts',(-2.05075993048185,4.45876686681045,-41.170465228845));
#6675=CARTESIAN_POINT('Ctrl Pts',(0.836100240696529,4.17570412017646,-40.8062769212087));
#6676=CARTESIAN_POINT('Ctrl Pts',(3.50767910734248,5.30414843372429,-40.4420886135725));
#6677=CARTESIAN_POINT('Ctrl Pts',(5.3178618843473,7.57156544039775,-40.0779003059362));
#6678=CARTESIAN_POINT('Ctrl Pts',(5.82492059070232,10.4260132164704,-39.7137119983));
#6679=CARTESIAN_POINT('Ctrl Pts',(4.81070119138948,13.4867470746561,-39.3090583231485));
#6680=CARTESIAN_POINT('Ctrl Pts',(1.96719985297982,15.7423425252072,-38.863939280482));
#6681=CARTESIAN_POINT('Ctrl Pts',(-1.99815241270393,15.7635146073816,-38.3783548703003));
#6682=CARTESIAN_POINT('Ctrl Pts',(-4.86993520035696,13.5459826326894,-37.9332358276338));
#6683=CARTESIAN_POINT('Ctrl Pts',(-5.9189268578022,10.4949889128215,-37.5285821524823));
#6684=CARTESIAN_POINT('Ctrl Pts',(-5.4465603418792,7.63593762625761,-37.164393844846));
#6685=CARTESIAN_POINT('Ctrl Pts',(-3.66318265993906,5.34651810049183,-36.8002055372098));
#6686=CARTESIAN_POINT('Ctrl Pts',(-1.00516829158484,4.18686057695702,-36.4360172295735));
#6687=CARTESIAN_POINT('Ctrl Pts',(1.88449203114429,4.43507007750952,-36.0718289219373));
#6688=CARTESIAN_POINT('Ctrl Pts',(4.30611647804363,6.03349926335873,-35.707640614301));
#6689=CARTESIAN_POINT('Ctrl Pts',(5.66948500575887,8.59120562464162,-35.3434523066647));
#6690=CARTESIAN_POINT('Ctrl Pts',(5.64985370825407,11.8173729368339,-34.9387986315133));
#6691=CARTESIAN_POINT('Ctrl Pts',(3.64181693402871,14.8369545273503,-34.4936795888468));
#6692=CARTESIAN_POINT('Ctrl Pts',(-0.128176137855628,16.0866730708507,-34.0080951786651));
#6693=CARTESIAN_POINT('Ctrl Pts',(-3.42678065357988,14.8944313351603,-33.5764645918369));
#6694=CARTESIAN_POINT('Ctrl Pts',(-5.85193860381719,11.8920078859148,-33.0908801816552));
#6695=CARTESIAN_POINT('Ctrl Pts',(-5.89900736275116,7.78051704368086,-32.6052957714735));
#6696=CARTESIAN_POINT('Ctrl Pts',(-2.83441200412905,4.59292429038668,-32.0657575379383));
#6697=CARTESIAN_POINT('Ctrl Pts',(1.07471833151323,4.02088104866142,-31.5801731277566));
#6698=CARTESIAN_POINT('Ctrl Pts',(4.52269187536172,5.98389428907416,-31.0945887175749));
#6699=CARTESIAN_POINT('Ctrl Pts',(6.02335650756029,9.6494085577972,-30.6090043073932));
#6700=CARTESIAN_POINT('Ctrl Pts',(4.95289074856375,13.4635972013246,-30.1234198972115));
#6701=CARTESIAN_POINT('Ctrl Pts',(1.75891728664974,15.8094775186771,-29.6378354870299));
#6702=CARTESIAN_POINT('Ctrl Pts',(-2.20058196442498,15.6905548415961,-29.1522510768481));
#6703=CARTESIAN_POINT('Ctrl Pts',(-5.25050038169509,13.1619582359182,-28.6666666666665));
#6704=CARTESIAN_POINT('Ctrl Pts',(-6.09256442654662,9.28809357190761,-28.1810822564847));
#6705=CARTESIAN_POINT('Ctrl Pts',(-4.51578597612847,6.01937228469458,-27.7359632138182));
#6706=CARTESIAN_POINT('Ctrl Pts',(-1.75075177849126,4.36064194291867,-27.3313095386668));
#6707=CARTESIAN_POINT('Ctrl Pts',(1.14632407363606,4.23076556644285,-26.9671212310305));
#6708=CARTESIAN_POINT('Ctrl Pts',(3.75236531803861,5.50177173932768,-26.6029329233943));
#6709=CARTESIAN_POINT('Ctrl Pts',(5.63114894004063,8.12286352890756,-26.1982792482429));
#6710=CARTESIAN_POINT('Ctrl Pts',(5.77843262758055,11.7494673877494,-25.7531602055763));
#6711=CARTESIAN_POINT('Ctrl Pts',(3.46306952564116,14.9680475904615,-25.2675757953946));
#6712=CARTESIAN_POINT('Ctrl Pts',(-0.0212923355757614,15.9822155096241,
-24.8224567527281));
#6713=CARTESIAN_POINT('Ctrl Pts',(-3.10430815497566,15.0365079018185,-24.4178030775766));
#6714=CARTESIAN_POINT('Ctrl Pts',(-5.13791114869815,12.9705885203988,-24.0536147699404));
#6715=CARTESIAN_POINT('Ctrl Pts',(-5.93857194527024,10.1817630304461,-23.6894264623041));
#6716=CARTESIAN_POINT('Ctrl Pts',(-5.31176087643061,7.35022851210852,-23.3252381546679));
#6717=CARTESIAN_POINT('Ctrl Pts',(-3.40950110201068,5.16035542629156,-22.9610498470316));
#6718=CARTESIAN_POINT('Ctrl Pts',(-0.69311641879327,4.14385321052512,-22.5968615393953));
#6719=CARTESIAN_POINT('Ctrl Pts',(2.17960850952825,4.54679885312224,-22.232673231759));
#6720=CARTESIAN_POINT('Ctrl Pts',(3.73353884344037,5.69670377202916,-21.9898810266682));
#6721=CARTESIAN_POINT('Ctrl Pts',(4.32675592056791,6.42244051011596,-21.8684849241228));
#6722=CARTESIAN_POINT('Ctrl Pts',(-5.50529120520624,11.4816332847878,-42.3945452276309));
#6723=CARTESIAN_POINT('Ctrl Pts',(-5.75096990574551,10.5770579974215,-42.2731491250854));
#6724=CARTESIAN_POINT('Ctrl Pts',(-5.78331260035255,8.64418788758757,-42.0303569199946));
#6725=CARTESIAN_POINT('Ctrl Pts',(-4.44123239085974,6.07243877140365,-41.6661686123583));
#6726=CARTESIAN_POINT('Ctrl Pts',(-2.03503760766829,4.45306480642343,-41.3019803047221));
#6727=CARTESIAN_POINT('Ctrl Pts',(0.852637750775585,4.17819610244738,-40.9377919970858));
#6728=CARTESIAN_POINT('Ctrl Pts',(3.52102396832211,5.31422900820593,-40.5736036894495));
#6729=CARTESIAN_POINT('Ctrl Pts',(5.32477732364615,7.58679387578065,-40.2094153818132));
#6730=CARTESIAN_POINT('Ctrl Pts',(5.82373490181421,10.4426925854986,-39.845227074177));
#6731=CARTESIAN_POINT('Ctrl Pts',(4.80082264213101,13.5005596229171,-39.4405733990255));
#6732=CARTESIAN_POINT('Ctrl Pts',(1.95090668953504,15.7480920653876,-38.995454356359));
#6733=CARTESIAN_POINT('Ctrl Pts',(-2.01452165704912,15.7580074395303,-38.5098699461773));
#6734=CARTESIAN_POINT('Ctrl Pts',(-4.88002091361227,13.5323141478615,-38.0647509035108));
#6735=CARTESIAN_POINT('Ctrl Pts',(-5.92035567430359,10.4783302697828,-37.6600972283594));
#6736=CARTESIAN_POINT('Ctrl Pts',(-5.43987101534241,7.62060841132419,-37.2959089207231));
#6737=CARTESIAN_POINT('Ctrl Pts',(-3.64998697147202,5.33624229132514,-36.9317206130868));
#6738=CARTESIAN_POINT('Ctrl Pts',(-0.988669871462154,4.18412563367131,-36.5675323054505));
#6739=CARTESIAN_POINT('Ctrl Pts',(1.90029748068072,4.44053926660764,-36.2033439978143));
#6740=CARTESIAN_POINT('Ctrl Pts',(4.31739408403594,6.04584937086947,-35.839155690178));
#6741=CARTESIAN_POINT('Ctrl Pts',(5.67350731983561,8.60743635192875,-35.4749673825417));
#6742=CARTESIAN_POINT('Ctrl Pts',(5.64471753906062,11.8335609344417,-35.0703137073903));
#6743=CARTESIAN_POINT('Ctrl Pts',(3.62810072256388,14.8474543018074,-34.6251946647238));
#6744=CARTESIAN_POINT('Ctrl Pts',(-0.145455225662746,16.0864756708202,-34.1396102545421));
#6745=CARTESIAN_POINT('Ctrl Pts',(-3.44068851146411,14.8848650931394,-33.7079796677139));
#6746=CARTESIAN_POINT('Ctrl Pts',(-5.8573329907125,11.8755450374094,-33.2223952575322));
#6747=CARTESIAN_POINT('Ctrl Pts',(-5.89273028956442,7.76390401026115,-32.7368108473505));
#6748=CARTESIAN_POINT('Ctrl Pts',(-2.8190736833835,4.58499814868067,-32.1972726138153));
#6749=CARTESIAN_POINT('Ctrl Pts',(1.09169631290692,4.02404979320107,-31.7116882036336));
#6750=CARTESIAN_POINT('Ctrl Pts',(4.53411117200762,5.99685900828803,-31.226103793452));
#6751=CARTESIAN_POINT('Ctrl Pts',(6.02437623401616,9.66664811504664,-30.7405193832702));
#6752=CARTESIAN_POINT('Ctrl Pts',(4.94307848981524,13.477813302276,-30.2549349730886));
#6753=CARTESIAN_POINT('Ctrl Pts',(1.74243270196292,15.8146360593762,-29.7693505629069));
#6754=CARTESIAN_POINT('Ctrl Pts',(-2.2167449071452,15.6844727252363,-29.2837661527252));
#6755=CARTESIAN_POINT('Ctrl Pts',(-5.25949746464248,13.1472078599498,-28.7981817425435));
#6756=CARTESIAN_POINT('Ctrl Pts',(-6.09056782301664,9.27093714564761,-28.3125973323618));
#6757=CARTESIAN_POINT('Ctrl Pts',(-4.5045038133114,6.00667882687399,-27.8674782896952));
#6758=CARTESIAN_POINT('Ctrl Pts',(-1.73474969100563,4.3557911466101,-27.4628246145438));
#6759=CARTESIAN_POINT('Ctrl Pts',(1.16270652596247,4.23413843018579,-27.0986363069075));
#6760=CARTESIAN_POINT('Ctrl Pts',(3.76515015433404,5.51254772231753,-26.7344479992713));
#6761=CARTESIAN_POINT('Ctrl Pts',(5.63650062344038,8.13898354112042,-26.3297943241199));
#6762=CARTESIAN_POINT('Ctrl Pts',(5.77348974591785,11.766020119999,-25.8846752814533));
#6763=CARTESIAN_POINT('Ctrl Pts',(3.44898044855915,14.9780404671914,-25.3990908712716));
#6764=CARTESIAN_POINT('Ctrl Pts',(-0.0382744598662644,15.9823211091219,
-24.9539718286051));
#6765=CARTESIAN_POINT('Ctrl Pts',(-3.11861803871396,15.027857663247,-24.5493181534537));
#6766=CARTESIAN_POINT('Ctrl Pts',(-5.14636451998279,12.9561569902647,-24.1851298458174));
#6767=CARTESIAN_POINT('Ctrl Pts',(-5.93911165913846,10.1650473570727,-23.8209415381811));
#6768=CARTESIAN_POINT('Ctrl Pts',(-5.304259939211,7.33528081301667,-23.4567532305449));
#6769=CARTESIAN_POINT('Ctrl Pts',(-3.39577591505334,5.15079901510044,-23.0925649229086));
#6770=CARTESIAN_POINT('Ctrl Pts',(-0.676494652515581,4.14200394297343,-22.7283766152723));
#6771=CARTESIAN_POINT('Ctrl Pts',(2.19509797391997,4.55310626545306,-22.3641883076361));
#6772=CARTESIAN_POINT('Ctrl Pts',(3.74577023321518,5.70742709610639,-22.1213961025452));
#6773=CARTESIAN_POINT('Ctrl Pts',(4.33692948808658,6.43485077580924,-21.9999999999998));
#6774=CARTESIAN_POINT('',(4.33692948808654,6.43485077580919,-21.9999999999998));
#6775=CARTESIAN_POINT('Ctrl Pts',(-5.49283483063425,8.4719589208131,-41.9999999999998));
#6776=CARTESIAN_POINT('Ctrl Pts',(-5.26014086950114,7.64512892638369,-41.888722870786));
#6777=CARTESIAN_POINT('Ctrl Pts',(-4.37437626085443,6.02744446043339,-41.6560496390267));
#6778=CARTESIAN_POINT('Ctrl Pts',(-2.03503760766829,4.45306480642343,-41.3019803047221));
#6779=CARTESIAN_POINT('Ctrl Pts',(0.852637750775585,4.17819610244738,-40.9377919970858));
#6780=CARTESIAN_POINT('Ctrl Pts',(3.52102396832211,5.31422900820593,-40.5736036894495));
#6781=CARTESIAN_POINT('Ctrl Pts',(5.32477732364615,7.58679387578065,-40.2094153818132));
#6782=CARTESIAN_POINT('Ctrl Pts',(5.82373490181421,10.4426925854986,-39.845227074177));
#6783=CARTESIAN_POINT('Ctrl Pts',(4.80082264213101,13.5005596229171,-39.4405733990255));
#6784=CARTESIAN_POINT('Ctrl Pts',(1.95090668953504,15.7480920653876,-38.995454356359));
#6785=CARTESIAN_POINT('Ctrl Pts',(-2.01452165704912,15.7580074395303,-38.5098699461773));
#6786=CARTESIAN_POINT('Ctrl Pts',(-4.88002091361227,13.5323141478615,-38.0647509035108));
#6787=CARTESIAN_POINT('Ctrl Pts',(-5.92035567430359,10.4783302697828,-37.6600972283594));
#6788=CARTESIAN_POINT('Ctrl Pts',(-5.43987101534241,7.62060841132419,-37.2959089207231));
#6789=CARTESIAN_POINT('Ctrl Pts',(-3.64998697147202,5.33624229132514,-36.9317206130868));
#6790=CARTESIAN_POINT('Ctrl Pts',(-0.988669871462154,4.18412563367131,-36.5675323054505));
#6791=CARTESIAN_POINT('Ctrl Pts',(1.90029748068072,4.44053926660764,-36.2033439978143));
#6792=CARTESIAN_POINT('Ctrl Pts',(4.31739408403594,6.04584937086947,-35.839155690178));
#6793=CARTESIAN_POINT('Ctrl Pts',(5.67350731983561,8.60743635192875,-35.4749673825417));
#6794=CARTESIAN_POINT('Ctrl Pts',(5.64471753906062,11.8335609344417,-35.0703137073903));
#6795=CARTESIAN_POINT('Ctrl Pts',(3.62810072256388,14.8474543018074,-34.6251946647238));
#6796=CARTESIAN_POINT('Ctrl Pts',(-0.145455225662746,16.0864756708202,-34.1396102545421));
#6797=CARTESIAN_POINT('Ctrl Pts',(-3.44068851146411,14.8848650931394,-33.7079796677139));
#6798=CARTESIAN_POINT('Ctrl Pts',(-5.8573329907125,11.8755450374094,-33.2223952575322));
#6799=CARTESIAN_POINT('Ctrl Pts',(-5.89273028956442,7.76390401026115,-32.7368108473505));
#6800=CARTESIAN_POINT('Ctrl Pts',(-2.8190736833835,4.58499814868067,-32.1972726138153));
#6801=CARTESIAN_POINT('Ctrl Pts',(1.09169631290692,4.02404979320107,-31.7116882036336));
#6802=CARTESIAN_POINT('Ctrl Pts',(4.53411117200762,5.99685900828803,-31.226103793452));
#6803=CARTESIAN_POINT('Ctrl Pts',(6.02437623401616,9.66664811504664,-30.7405193832702));
#6804=CARTESIAN_POINT('Ctrl Pts',(4.94307848981524,13.477813302276,-30.2549349730886));
#6805=CARTESIAN_POINT('Ctrl Pts',(1.74243270196292,15.8146360593762,-29.7693505629069));
#6806=CARTESIAN_POINT('Ctrl Pts',(-2.2167449071452,15.6844727252363,-29.2837661527252));
#6807=CARTESIAN_POINT('Ctrl Pts',(-5.25949746464248,13.1472078599498,-28.7981817425435));
#6808=CARTESIAN_POINT('Ctrl Pts',(-6.09056782301664,9.27093714564761,-28.3125973323618));
#6809=CARTESIAN_POINT('Ctrl Pts',(-4.5045038133114,6.00667882687399,-27.8674782896952));
#6810=CARTESIAN_POINT('Ctrl Pts',(-1.73474969100563,4.3557911466101,-27.4628246145438));
#6811=CARTESIAN_POINT('Ctrl Pts',(1.16270652596247,4.23413843018579,-27.0986363069075));
#6812=CARTESIAN_POINT('Ctrl Pts',(3.76515015433404,5.51254772231753,-26.7344479992713));
#6813=CARTESIAN_POINT('Ctrl Pts',(5.63650062344038,8.13898354112042,-26.3297943241199));
#6814=CARTESIAN_POINT('Ctrl Pts',(5.77348974591785,11.766020119999,-25.8846752814533));
#6815=CARTESIAN_POINT('Ctrl Pts',(3.44898044855915,14.9780404671914,-25.3990908712716));
#6816=CARTESIAN_POINT('Ctrl Pts',(-0.0382744598662644,15.9823211091219,
-24.9539718286051));
#6817=CARTESIAN_POINT('Ctrl Pts',(-3.11861803871396,15.027857663247,-24.5493181534537));
#6818=CARTESIAN_POINT('Ctrl Pts',(-5.14636451998279,12.9561569902647,-24.1851298458174));
#6819=CARTESIAN_POINT('Ctrl Pts',(-5.93911165913846,10.1650473570727,-23.8209415381811));
#6820=CARTESIAN_POINT('Ctrl Pts',(-5.304259939211,7.33528081301667,-23.4567532305449));
#6821=CARTESIAN_POINT('Ctrl Pts',(-3.39577591505334,5.15079901510044,-23.0925649229086));
#6822=CARTESIAN_POINT('Ctrl Pts',(-0.676494652515581,4.14200394297343,-22.7283766152723));
#6823=CARTESIAN_POINT('Ctrl Pts',(2.19509797391997,4.55310626545306,-22.3641883076361));
#6824=CARTESIAN_POINT('Ctrl Pts',(3.74577023321518,5.70742709610639,-22.1213961025452));
#6825=CARTESIAN_POINT('Ctrl Pts',(4.33692948808658,6.43485077580924,-21.9999999999998));
#6826=CARTESIAN_POINT('Ctrl Pts',(1.84041195012796,4.67217618904162,-21.9999999999998));
#6827=CARTESIAN_POINT('Ctrl Pts',(1.91525054935187,4.69868319275628,-21.9999999999998));
#6828=CARTESIAN_POINT('Ctrl Pts',(1.98946626012372,4.72676457121889,-21.9999999999998));
#6829=CARTESIAN_POINT('Ctrl Pts',(2.06300717910625,4.75641052621398,-21.9999999999998));
#6830=CARTESIAN_POINT('Ctrl Pts',(2.21543644541269,4.81785810167777,-21.9999999999998));
#6831=CARTESIAN_POINT('Ctrl Pts',(2.36496787961613,4.886024068572,-21.9999999999998));
#6832=CARTESIAN_POINT('Ctrl Pts',(2.51124553410235,4.96058394137133,-21.9999999999998));
#6833=CARTESIAN_POINT('Ctrl Pts',(2.65859156700721,5.03568838237061,-21.9999999999998));
#6834=CARTESIAN_POINT('Ctrl Pts',(2.80263680125222,5.11728089099842,-21.9999999999998));
#6835=CARTESIAN_POINT('Ctrl Pts',(2.9429946352502,5.20507738776506,-21.9999999999998));
#6836=CARTESIAN_POINT('Ctrl Pts',(3.00894433296504,5.24633017898628,-21.9999999999998));
#6837=CARTESIAN_POINT('Ctrl Pts',(3.07407955086026,5.28895330285025,-21.9999999999998));
#6838=CARTESIAN_POINT('Ctrl Pts',(3.13835780142889,5.33292046839334,-21.9999999999998));
#6839=CARTESIAN_POINT('Ctrl Pts',(3.16203612228183,5.34911675008293,-21.9999999999998));
#6840=CARTESIAN_POINT('Ctrl Pts',(3.18559813750414,5.36549543414107,-21.9999999999998));
#6841=CARTESIAN_POINT('Ctrl Pts',(3.2090416620847,5.38205526939838,-21.9999999999998));
#6842=CARTESIAN_POINT('Ctrl Pts',(3.2283702930297,5.39570846148129,-21.9999999999998));
#6843=CARTESIAN_POINT('Ctrl Pts',(3.24761047605868,5.40947921536242,-21.9999999999998));
#6844=CARTESIAN_POINT('Ctrl Pts',(3.26676064598242,5.42336615685547,-21.9999999999998));
#6845=CARTESIAN_POINT('Ctrl Pts',(3.40095527613436,5.52067876478654,-21.9999999999998));
#6846=CARTESIAN_POINT('Ctrl Pts',(3.53074080461629,5.62369928903441,-21.9999999999998));
#6847=CARTESIAN_POINT('Ctrl Pts',(3.65575160308693,5.73211364961173,-21.9999999999998));
#6848=CARTESIAN_POINT('Ctrl Pts',(3.77985641578834,5.83974230312161,-21.9999999999998));
#6849=CARTESIAN_POINT('Ctrl Pts',(3.899256054892,5.95268742876772,-21.9999999999998));
#6850=CARTESIAN_POINT('Ctrl Pts',(4.01356164618982,6.07068180741155,-21.9999999999998));
#6851=CARTESIAN_POINT('Ctrl Pts',(4.1264573775365,6.18722082812388,-21.9999999999998));
#6852=CARTESIAN_POINT('Ctrl Pts',(4.23438447770395,6.30868583307397,-21.9999999999998));
#6853=CARTESIAN_POINT('Ctrl Pts',(4.33692948808658,6.43485077580924,-21.9999999999998));
#6854=CARTESIAN_POINT('Origin',(-0.0499999999999989,10.,-21.9999999999998));
#6855=CARTESIAN_POINT('Ctrl Pts',(4.33705540687489,6.4345971815424,-21.9999999999998));
#6856=CARTESIAN_POINT('Ctrl Pts',(4.4047044988198,6.57082421828473,-21.9999999999998));
#6857=CARTESIAN_POINT('Ctrl Pts',(4.46664496653243,6.70973207573275,-21.9999999999998));
#6858=CARTESIAN_POINT('Ctrl Pts',(4.5226823584184,6.85096024478939,-21.9999999999998));
#6859=CARTESIAN_POINT('Ctrl Pts',(4.58059532839926,6.99691533726892,-21.9999999999998));
#6860=CARTESIAN_POINT('Ctrl Pts',(4.63220367142866,7.1453496910032,-21.9999999999998));
#6861=CARTESIAN_POINT('Ctrl Pts',(4.67723684016017,7.29584458984401,-21.9999999999998));
#6862=CARTESIAN_POINT('Ctrl Pts',(4.69412427843449,7.35228017690932,-21.9999999999998));
#6863=CARTESIAN_POINT('Ctrl Pts',(4.71008651785642,7.40900524296965,-21.9999999999998));
#6864=CARTESIAN_POINT('Ctrl Pts',(4.72510728108087,7.46599652688724,-21.9999999999998));
#6865=CARTESIAN_POINT('Ctrl Pts',(4.73375946931729,7.49882437384296,-21.9999999999998));
#6866=CARTESIAN_POINT('Ctrl Pts',(4.74209926181259,7.53174053675404,-21.9999999999998));
#6867=CARTESIAN_POINT('Ctrl Pts',(4.75012338625082,7.56474045170484,-21.9999999999998));
#6868=CARTESIAN_POINT('Ctrl Pts',(4.75536067650626,7.58627926685311,-21.9999999999998));
#6869=CARTESIAN_POINT('Ctrl Pts',(4.76046383366803,7.60785548125492,-21.9999999999998));
#6870=CARTESIAN_POINT('Ctrl Pts',(4.76542831459591,7.6294514714439,-21.9999999999998));
#6871=CARTESIAN_POINT('Ctrl Pts',(4.79742618724876,7.76864542825793,-21.9999999999998));
#6872=CARTESIAN_POINT('Ctrl Pts',(4.82370341999043,7.90880701706703,-21.9999999999998));
#6873=CARTESIAN_POINT('Ctrl Pts',(4.84411025847732,8.04962600166203,-21.9999999999998));
#6874=CARTESIAN_POINT('Ctrl Pts',(4.86422080584201,8.18840040620123,-21.9999999999998));
#6875=CARTESIAN_POINT('Ctrl Pts',(4.87862992908079,8.32781391500923,-21.9999999999998));
#6876=CARTESIAN_POINT('Ctrl Pts',(4.88714859532165,8.46754855698596,-21.9999999999998));
#6877=CARTESIAN_POINT('Ctrl Pts',(4.89156055305179,8.53991943247354,-21.9999999999998));
#6878=CARTESIAN_POINT('Ctrl Pts',(4.89439173974043,8.61237604034938,-21.9999999999998));
#6879=CARTESIAN_POINT('Ctrl Pts',(4.89561133391058,8.68487107589815,-21.9999999999998));
#6880=CARTESIAN_POINT('Ctrl Pts',(4.89794812314595,8.82377434620997,-21.9999999999998));
#6881=CARTESIAN_POINT('Ctrl Pts',(4.89437004280748,8.96282133548093,-21.9999999999998));
#6882=CARTESIAN_POINT('Ctrl Pts',(4.88483444477954,9.10160130748369,-21.9999999999998));
#6883=CARTESIAN_POINT('Ctrl Pts',(4.87910628839829,9.18496822163918,-21.9999999999998));
#6884=CARTESIAN_POINT('Ctrl Pts',(4.87122771803309,9.26823802599459,-21.9999999999998));
#6885=CARTESIAN_POINT('Ctrl Pts',(4.86118479900363,9.35131381452084,-21.9999999999998));
#6886=CARTESIAN_POINT('Ctrl Pts',(4.85620103905906,9.39253985507794,-21.9999999999998));
#6887=CARTESIAN_POINT('Ctrl Pts',(4.85068423689954,9.43371801896142,-21.9999999999998));
#6888=CARTESIAN_POINT('Ctrl Pts',(4.84463242333386,9.47483585422551,-21.9999999999998));
#6889=CARTESIAN_POINT('Ctrl Pts',(4.84045584472732,9.5032127811165,-21.9999999999998));
#6890=CARTESIAN_POINT('Ctrl Pts',(4.83602326931777,9.53156750826096,-21.9999999999998));
#6891=CARTESIAN_POINT('Ctrl Pts',(4.83133996335407,9.55986147685638,-21.9999999999998));
#6892=CARTESIAN_POINT('Ctrl Pts',(4.80987024173772,9.68956977135486,-21.9999999999998));
#6893=CARTESIAN_POINT('Ctrl Pts',(4.783121382569,9.81810826738866,-21.9999999999998));
#6894=CARTESIAN_POINT('Ctrl Pts',(4.75111180153541,9.94515113128177,-21.9999999999998));
#6895=CARTESIAN_POINT('Ctrl Pts',(4.71944863436353,10.0708191127909,-21.9999999999998));
#6896=CARTESIAN_POINT('Ctrl Pts',(4.68263742437841,10.1950241896686,-21.9999999999998));
#6897=CARTESIAN_POINT('Ctrl Pts',(4.64066505323796,10.3174114002693,-21.9999999999998));
#6898=CARTESIAN_POINT('Ctrl Pts',(4.59960895259692,10.4371268582973,-21.9999999999998));
#6899=CARTESIAN_POINT('Ctrl Pts',(4.5536139860961,10.5551032801836,-21.9999999999998));
#6900=CARTESIAN_POINT('Ctrl Pts',(4.50264665050481,10.670964206665,-21.9999999999998));
#6901=CARTESIAN_POINT('Ctrl Pts',(4.45168059540158,10.7868222222912,-21.9999999999998));
#6902=CARTESIAN_POINT('Ctrl Pts',(4.39574188241121,10.900565259594,-21.9999999999998));
#6903=CARTESIAN_POINT('Ctrl Pts',(4.33478376754002,11.0117664315036,-21.9999999999998));
#6904=CARTESIAN_POINT('Origin',(-0.0499999999999989,10.,-37.9999999999998));
#6905=CARTESIAN_POINT('Ctrl Pts',(4.45025207745754,10.0000677228936,-40.5660254037842));
#6906=CARTESIAN_POINT('Ctrl Pts',(4.44976533945167,9.34846119174858,-40.6720552873683));
#6907=CARTESIAN_POINT('Ctrl Pts',(4.30648356557073,8.6966489295232,-40.7780851709523));
#6908=CARTESIAN_POINT('Ctrl Pts',(4.03221546139489,8.10562093660046,-40.8841150545364));
#6909=CARTESIAN_POINT('Ctrl Pts',(3.72499754919302,7.44358848268387,-41.0028830737473));
#6910=CARTESIAN_POINT('Ctrl Pts',(3.25343011968023,6.85782250098233,-41.1216510929582));
#6911=CARTESIAN_POINT('Ctrl Pts',(2.67224942271406,6.4163467371629,-41.2404191121691));
#6912=CARTESIAN_POINT('Ctrl Pts',(2.09106872574789,5.97487097334346,-41.3591871313801));
#6913=CARTESIAN_POINT('Ctrl Pts',(1.40027476132835,5.67768542740615,-41.477955150591));
#6914=CARTESIAN_POINT('Ctrl Pts',(0.680111273249798,5.55927318497117,-41.5967231698019));
#6915=CARTESIAN_POINT('Ctrl Pts',(-0.0400522148287526,5.44086094253619,
-41.7154911890128));
#6916=CARTESIAN_POINT('Ctrl Pts',(-0.789585226566314,5.50122200360355,-41.8342592082238));
#6917=CARTESIAN_POINT('Ctrl Pts',(-1.48153310006831,5.73339680433308,-41.9530272274347));
#6918=CARTESIAN_POINT('Ctrl Pts',(-1.57275493544358,5.76400519589189,-41.9686848182897));
#6919=CARTESIAN_POINT('Ctrl Pts',(-1.66297593862325,5.79759971768446,-41.9843424091448));
#6920=CARTESIAN_POINT('Ctrl Pts',(-1.75202687511022,5.83407267006184,-41.9999999999998));
#6921=CARTESIAN_POINT('Ctrl Pts',(-5.49247549053839,8.47196208846752,-41.9999999999998));
#6922=CARTESIAN_POINT('Ctrl Pts',(-5.24458739003562,7.58904884318727,-41.8812319807889));
#6923=CARTESIAN_POINT('Ctrl Pts',(-4.31130046415699,5.94692165434549,-41.643695942367));
#6924=CARTESIAN_POINT('Ctrl Pts',(-1.92063504083005,4.42444660774756,-41.2873918847343));
#6925=CARTESIAN_POINT('Ctrl Pts',(0.904062179208387,4.19696934026834,-40.9310878271015));
#6926=CARTESIAN_POINT('Ctrl Pts',(3.50739486817397,5.31694560855665,-40.5747837694687));
#6927=CARTESIAN_POINT('Ctrl Pts',(5.28454835754138,7.52446884528474,-40.218479711836));
#6928=CARTESIAN_POINT('Ctrl Pts',(5.82296354614559,10.3068291837132,-39.8621756542032));
#6929=CARTESIAN_POINT('Ctrl Pts',(4.99754913157319,13.0179508511594,-39.5058715965704));
#6930=CARTESIAN_POINT('Ctrl Pts',(3.00001073628323,15.0282429626918,-39.1495675389376));
#6931=CARTESIAN_POINT('Ctrl Pts',(0.294199436657387,15.8708877743735,-38.7932634813049));
#6932=CARTESIAN_POINT('Ctrl Pts',(-2.49153913381117,15.3502034564663,-38.4369594236721));
#6933=CARTESIAN_POINT('Ctrl Pts',(-4.71030858773978,13.5871044820492,-38.0806553660394));
#6934=CARTESIAN_POINT('Ctrl Pts',(-5.84686847593557,10.9910137827095,-37.7243513084066));
#6935=CARTESIAN_POINT('Ctrl Pts',(-5.63728947996197,8.16479166668546,-37.3680472507738));
#6936=CARTESIAN_POINT('Ctrl Pts',(-4.13023934065302,5.76473849405339,-37.0117431931411));
#6937=CARTESIAN_POINT('Ctrl Pts',(-1.67568288843928,4.34819070940959,-36.6554391355083));
#6938=CARTESIAN_POINT('Ctrl Pts',(1.1563869544906,4.24409662370683,-36.2991350778756));
#6939=CARTESIAN_POINT('Ctrl Pts',(3.70831162146488,5.47662881552843,-35.9428310202428));
#6940=CARTESIAN_POINT('Ctrl Pts',(5.38748744571834,7.75957070622379,-35.58652696261));
#6941=CARTESIAN_POINT('Ctrl Pts',(5.80397901306214,10.5627813478084,-35.2302229049772));
#6942=CARTESIAN_POINT('Ctrl Pts',(4.86106935129225,13.2353038438018,-34.8739188473445));
#6943=CARTESIAN_POINT('Ctrl Pts',(2.7777193655063,15.1565294844608,-34.5176147897117));
#6944=CARTESIAN_POINT('Ctrl Pts',(0.0377211111784655,15.880314459323,-34.1613107320789));
#6945=CARTESIAN_POINT('Ctrl Pts',(-2.7226475932363,15.2385826305083,-33.8050066744462));
#6946=CARTESIAN_POINT('Ctrl Pts',(-4.86237853673651,13.3803558914947,-33.4487026168134));
#6947=CARTESIAN_POINT('Ctrl Pts',(-5.88458697301856,10.7371485524879,-33.0923985591807));
#6948=CARTESIAN_POINT('Ctrl Pts',(-5.55189736602401,7.92276180763189,-32.7360945015479));
#6949=CARTESIAN_POINT('Ctrl Pts',(-3.94156634072839,5.59074784687704,-32.3797904439151));
#6950=CARTESIAN_POINT('Ctrl Pts',(-1.42754227860305,4.28264305777814,-32.0234863862823));
#6951=CARTESIAN_POINT('Ctrl Pts',(1.4063723509972,4.30221334996162,-31.6671823286496));
#6952=CARTESIAN_POINT('Ctrl Pts',(3.9020906253543,5.64491414285573,-31.3108782710168));
#6953=CARTESIAN_POINT('Ctrl Pts',(5.48006101458382,7.99894570061436,-30.954574213384));
#6954=CARTESIAN_POINT('Ctrl Pts',(5.77384987006725,10.8176587460624,-30.5982701557513));
#6955=CARTESIAN_POINT('Ctrl Pts',(4.71523403441008,13.4464964429769,-30.2419660981185));
#6956=CARTESIAN_POINT('Ctrl Pts',(2.55004350909412,15.2749944914495,-29.8856620404857));
#6957=CARTESIAN_POINT('Ctrl Pts',(-0.218924777878351,15.8785421282588,-29.529357982853));
#6958=CARTESIAN_POINT('Ctrl Pts',(-2.94866563507038,15.1169845289908,-29.1730539252202));
#6959=CARTESIAN_POINT('Ctrl Pts',(-5.00528319910437,13.1671693277826,-28.8167498675875));
#6960=CARTESIAN_POINT('Ctrl Pts',(-5.91119317400903,10.4818793540613,-28.4604458099547));
#6961=CARTESIAN_POINT('Ctrl Pts',(-5.45602665773604,7.68468816211288,-28.1041417523219));
#6962=CARTESIAN_POINT('Ctrl Pts',(-3.74548165967423,5.42515481728983,-27.7478376946891));
#6963=CARTESIAN_POINT('Ctrl Pts',(-1.17677808040649,4.22798438376495,-27.3915336370564));
#6964=CARTESIAN_POINT('Ctrl Pts',(1.65358401973528,4.37118177155357,-27.0352295794236));
#6965=CARTESIAN_POINT('Ctrl Pts',(4.08834269060929,5.82149394088641,-26.6789255217908));
#6966=CARTESIAN_POINT('Ctrl Pts',(5.5621023184234,8.2421317830075,-26.3226214641581));
#6967=CARTESIAN_POINT('Ctrl Pts',(5.73262894807434,11.0709789019646,-25.9663174065253));
#6968=CARTESIAN_POINT('Ctrl Pts',(4.5603230770016,13.6511249732764,-25.6100133488925));
#6969=CARTESIAN_POINT('Ctrl Pts',(2.31741581277584,15.3834131429342,-25.2537092912598));
#6970=CARTESIAN_POINT('Ctrl Pts',(-0.475249076245658,15.8655735943441,-24.897405233627));
#6971=CARTESIAN_POINT('Ctrl Pts',(-3.16916275122377,14.9856414073679,-24.5411011759942));
#6972=CARTESIAN_POINT('Ctrl Pts',(-5.13875088543454,12.9479496619332,-24.1847971183615));
#6973=CARTESIAN_POINT('Ctrl Pts',(-5.92663521887886,10.2256946607512,-23.8284930607287));
#6974=CARTESIAN_POINT('Ctrl Pts',(-5.34986252325271,7.45101938082015,-23.4721890030959));
#6975=CARTESIAN_POINT('Ctrl Pts',(-3.54235330664114,5.26828476570008,-23.1158849454632));
#6976=CARTESIAN_POINT('Ctrl Pts',(-0.923879375482534,4.18429784820152,-22.7595808878304));
#6977=CARTESIAN_POINT('Ctrl Pts',(1.8975747868433,4.45091431592251,-22.4032768301977));
#6978=CARTESIAN_POINT('Ctrl Pts',(4.26665895566161,6.00593859006331,-22.0469727725649));
#6979=CARTESIAN_POINT('Ctrl Pts',(5.63353413703608,8.4888529406495,-21.6906687149321));
#6980=CARTESIAN_POINT('Ctrl Pts',(5.66436643625029,10.377412063281,-21.4531326765103));
#6981=CARTESIAN_POINT('Ctrl Pts',(5.45817923724159,11.2709841913306,-21.3343646572994));
#6982=CARTESIAN_POINT('Ctrl Pts',(-5.1224771028864,8.57584341315535,-42.2218784475666));
#6983=CARTESIAN_POINT('Ctrl Pts',(-4.89144129646628,7.75295367698564,-42.1031104283557));
#6984=CARTESIAN_POINT('Ctrl Pts',(-4.02160245747239,6.22246399817899,-41.8655743899338));
#6985=CARTESIAN_POINT('Ctrl Pts',(-1.79346277332133,4.80349209338867,-41.5092703323011));
#6986=CARTESIAN_POINT('Ctrl Pts',(0.839201718441863,4.59147952066851,-41.1529662746683));
#6987=CARTESIAN_POINT('Ctrl Pts',(3.26555080883845,5.63531591213136,-40.7966622170355));
#6988=CARTESIAN_POINT('Ctrl Pts',(4.92188723126286,7.69276405165163,-40.4403581594028));
#6989=CARTESIAN_POINT('Ctrl Pts',(5.42369908522326,10.2859698700689,-40.08405410177));
#6990=CARTESIAN_POINT('Ctrl Pts',(4.6543992095344,12.8127800697966,-39.7277500441372));
#6991=CARTESIAN_POINT('Ctrl Pts',(2.79266041257337,14.6864055410713,-39.3714459865045));
#6992=CARTESIAN_POINT('Ctrl Pts',(0.270799563416735,15.4717644316262,-39.0151419288717));
#6993=CARTESIAN_POINT('Ctrl Pts',(-2.32555482309267,14.9864780421866,-38.6588378712389));
#6994=CARTESIAN_POINT('Ctrl Pts',(-4.39348462290574,13.3432406599695,-38.3025338136062));
#6995=CARTESIAN_POINT('Ctrl Pts',(-5.45277722219348,10.9236412235899,-37.9462297559734));
#6996=CARTESIAN_POINT('Ctrl Pts',(-5.25744613431442,8.28955550356674,-37.5899256983407));
#6997=CARTESIAN_POINT('Ctrl Pts',(-3.85285049803896,6.05266628191556,-37.2336216407079));
#6998=CARTESIAN_POINT('Ctrl Pts',(-1.56516331906286,4.73242033588572,-36.8773175830751));
#6999=CARTESIAN_POINT('Ctrl Pts',(1.07437257907965,4.63540292768771,-36.5210135254424));
#7000=CARTESIAN_POINT('Ctrl Pts',(3.4528085433797,5.78414330005216,-36.1647094678095));
#7001=CARTESIAN_POINT('Ctrl Pts',(5.01782816267861,7.9118828714851,-35.8084054101768));
#7002=CARTESIAN_POINT('Ctrl Pts',(5.40600518663939,10.5245215170288,-35.452101352544));
#7003=CARTESIAN_POINT('Ctrl Pts',(4.52719779876359,13.0153566510488,-35.0957972949113));
#7004=CARTESIAN_POINT('Ctrl Pts',(2.58548118128507,14.8059706995021,-34.7394932372785));
#7005=CARTESIAN_POINT('Ctrl Pts',(0.0317575253514817,15.4805502577903,-34.3831891796457));
#7006=CARTESIAN_POINT('Ctrl Pts',(-2.54095172671774,14.8824455876793,-34.026885122013));
#7007=CARTESIAN_POINT('Ctrl Pts',(-4.5352163285724,13.1505475567182,-33.6705810643802));
#7008=CARTESIAN_POINT('Ctrl Pts',(-5.48793148483397,10.68703463349,-33.3142770067475));
#7009=CARTESIAN_POINT('Ctrl Pts',(-5.17785927288154,8.06397967499418,-32.9579729491146));
#7010=CARTESIAN_POINT('Ctrl Pts',(-3.67700414398291,5.89050412327053,-32.6016688914819));
#7011=CARTESIAN_POINT('Ctrl Pts',(-1.33389216977083,4.6713288412843,-32.2453648338491));
#7012=CARTESIAN_POINT('Ctrl Pts',(1.30736310003655,4.68956867703002,-31.8890607762164));
#7013=CARTESIAN_POINT('Ctrl Pts',(3.6334137775159,5.94098800630825,-31.5327567185836));
#7014=CARTESIAN_POINT('Ctrl Pts',(5.1041082587891,8.13498432231581,-31.1764526609508));
#7015=CARTESIAN_POINT('Ctrl Pts',(5.37792432743537,10.7620714644626,-30.8201486033181));
#7016=CARTESIAN_POINT('Ctrl Pts',(4.39127687326507,13.2121916437791,-30.4638445456853));
#7017=CARTESIAN_POINT('Ctrl Pts',(2.37328352039738,14.9163820438413,-30.1075404880525));
#7018=CARTESIAN_POINT('Ctrl Pts',(-0.207440684737626,15.4788984159479,-29.7512364304198));
#7019=CARTESIAN_POINT('Ctrl Pts',(-2.75160427702057,14.7691141474598,-29.394932372787));
#7020=CARTESIAN_POINT('Ctrl Pts',(-4.66840583562979,12.9518541560859,-29.0386283151543));
#7021=CARTESIAN_POINT('Ctrl Pts',(-5.51272890386756,10.4491195218203,-28.6823242575215));
#7022=CARTESIAN_POINT('Ctrl Pts',(-5.08850618833874,7.84209110281865,-28.3260201998887));
#7023=CARTESIAN_POINT('Ctrl Pts',(-3.49424998062413,5.73616868300276,-27.969716142256));
#7024=CARTESIAN_POINT('Ctrl Pts',(-1.10017579276794,4.62038605378108,-27.6134120846232));
#7025=CARTESIAN_POINT('Ctrl Pts',(1.53776846087286,4.75384838576836,-27.2571080269904));
#7026=CARTESIAN_POINT('Ctrl Pts',(3.80700378044997,6.10556329633943,-26.9008039693576));
#7027=CARTESIAN_POINT('Ctrl Pts',(5.18057210983274,8.36163777014931,-26.5444999117249));
#7028=CARTESIAN_POINT('Ctrl Pts',(5.33950574689562,10.9981700362885,-26.1881958540921));
#7029=CARTESIAN_POINT('Ctrl Pts',(4.24689730080639,13.4029088158354,-25.8318917964594));
#7030=CARTESIAN_POINT('Ctrl Pts',(2.15647066288005,15.0174300188186,-25.4755877388266));
#7031=CARTESIAN_POINT('Ctrl Pts',(-0.446339166989305,15.4668115280134,-25.1192836811938));
#7032=CARTESIAN_POINT('Ctrl Pts',(-2.95711123334678,14.6467001874499,-24.762979623561));
#7033=CARTESIAN_POINT('Ctrl Pts',(-4.79279992505875,12.7475378045549,-24.4066755659283));
#7034=CARTESIAN_POINT('Ctrl Pts',(-5.527121144891,10.2103511537892,-24.0503715082955));
#7035=CARTESIAN_POINT('Ctrl Pts',(-4.98955946046634,7.62430793689951,-23.6940674506628));
#7036=CARTESIAN_POINT('Ctrl Pts',(-3.30493099857292,5.58996320238995,-23.33776339303));
#7037=CARTESIAN_POINT('Ctrl Pts',(-0.864470020218926,4.57966948064534,-22.9814593353972));
#7038=CARTESIAN_POINT('Ctrl Pts',(1.76517188815933,4.82816043482939,-22.6251552777645));
#7039=CARTESIAN_POINT('Ctrl Pts',(3.97319748644325,6.27746875761827,-22.2688512201317));
#7040=CARTESIAN_POINT('Ctrl Pts',(5.24714774530602,8.59158596653758,-21.9125471624989));
#7041=CARTESIAN_POINT('Ctrl Pts',(5.27588395772724,10.3517542803223,-21.6750111240771));
#7042=CARTESIAN_POINT('Ctrl Pts',(5.08371408067439,11.1845782713883,-21.5562431048662));
#7043=CARTESIAN_POINT('Ctrl Pts',(-4.7524787152344,8.67972473784317,-42.4437568951334));
#7044=CARTESIAN_POINT('Ctrl Pts',(-4.53829520289693,7.91685851078401,-42.3249888759225));
#7045=CARTESIAN_POINT('Ctrl Pts',(-3.73190445078779,6.4980063420125,-42.0874528375006));
#7046=CARTESIAN_POINT('Ctrl Pts',(-1.6662905058126,5.18253757902979,-41.7311487798679));
#7047=CARTESIAN_POINT('Ctrl Pts',(0.774341257675333,4.98598970106867,-41.3748447222351));
#7048=CARTESIAN_POINT('Ctrl Pts',(3.02370674950294,5.95368621570607,-41.0185406646023));
#7049=CARTESIAN_POINT('Ctrl Pts',(4.55922610498434,7.86105925801853,-40.6622366069696));
#7050=CARTESIAN_POINT('Ctrl Pts',(5.02443462430093,10.2651105564246,-40.3059325493368));
#7051=CARTESIAN_POINT('Ctrl Pts',(4.3112492874956,12.6076092884337,-39.949628491704));
#7052=CARTESIAN_POINT('Ctrl Pts',(2.58531008886353,14.3445681194508,-39.5933244340713));
#7053=CARTESIAN_POINT('Ctrl Pts',(0.247399690176082,15.0726410888789,-39.2370203764385));
#7054=CARTESIAN_POINT('Ctrl Pts',(-2.15957051237416,14.6227526279071,-38.8807163188058));
#7055=CARTESIAN_POINT('Ctrl Pts',(-4.0766606580717,13.0993768378899,-38.524412261173));
#7056=CARTESIAN_POINT('Ctrl Pts',(-5.0586859684514,10.8562686644703,-38.1681082035402));
#7057=CARTESIAN_POINT('Ctrl Pts',(-4.87760278866688,8.41431934044801,-37.8118041459075));
#7058=CARTESIAN_POINT('Ctrl Pts',(-3.5754616554249,6.34059406977773,-37.4555000882747));
#7059=CARTESIAN_POINT('Ctrl Pts',(-1.45464374968646,5.11664996236183,-37.0991960306419));
#7060=CARTESIAN_POINT('Ctrl Pts',(0.992358203668699,5.0267092316686,-36.7428919730092));
#7061=CARTESIAN_POINT('Ctrl Pts',(3.1973054652945,6.09165778457588,-36.3865879153764));
#7062=CARTESIAN_POINT('Ctrl Pts',(4.64816887963888,8.06419503674641,-36.0302838577436));
#7063=CARTESIAN_POINT('Ctrl Pts',(5.00803136021664,10.4862616862493,-35.6739798001108));
#7064=CARTESIAN_POINT('Ctrl Pts',(4.19332624623492,12.7954094582958,-35.3176757424781));
#7065=CARTESIAN_POINT('Ctrl Pts',(2.39324299706384,14.4554119145435,-34.9613716848453));
#7066=CARTESIAN_POINT('Ctrl Pts',(0.0257939395245019,15.0807860562577,-34.6050676272125));
#7067=CARTESIAN_POINT('Ctrl Pts',(-2.35925586019918,14.5263085448503,-34.2487635695798));
#7068=CARTESIAN_POINT('Ctrl Pts',(-4.2080541204083,12.9207392219416,-33.892459511947));
#7069=CARTESIAN_POINT('Ctrl Pts',(-5.09127599664937,10.6369207144922,-33.5361554543142));
#7070=CARTESIAN_POINT('Ctrl Pts',(-4.80382117973906,8.20519754235647,-33.1798513966815));
#7071=CARTESIAN_POINT('Ctrl Pts',(-3.41244194723743,6.190260399664,-32.8235473390487));
#7072=CARTESIAN_POINT('Ctrl Pts',(-1.24024206093862,5.06001462479047,-32.4672432814159));
#7073=CARTESIAN_POINT('Ctrl Pts',(1.2083538490759,5.07692400409842,-32.1109392237832));
#7074=CARTESIAN_POINT('Ctrl Pts',(3.36473692967749,6.23706186976078,-31.7546351661504));
#7075=CARTESIAN_POINT('Ctrl Pts',(4.72815550299437,8.27102294401726,-31.3983311085176));
#7076=CARTESIAN_POINT('Ctrl Pts',(4.98199878480348,10.7064841828628,-31.0420270508849));
#7077=CARTESIAN_POINT('Ctrl Pts',(4.06731971212005,12.9778868445812,-30.6857229932521));
#7078=CARTESIAN_POINT('Ctrl Pts',(2.19652353170064,14.5577695962332,-30.3294189356193));
#7079=CARTESIAN_POINT('Ctrl Pts',(-0.1959565915969,15.0792547036369,-29.9731148779866));
#7080=CARTESIAN_POINT('Ctrl Pts',(-2.55454291897077,14.4212437659288,-29.6168108203538));
#7081=CARTESIAN_POINT('Ctrl Pts',(-4.3315284721552,12.7365389843892,-29.2605067627211));
#7082=CARTESIAN_POINT('Ctrl Pts',(-5.1142646337261,10.4163596895794,-28.9042027050883));
#7083=CARTESIAN_POINT('Ctrl Pts',(-4.72098571894142,7.99949404352441,-28.5478986474555));
#7084=CARTESIAN_POINT('Ctrl Pts',(-3.24301830157403,6.0471825487157,-28.1915945898228));
#7085=CARTESIAN_POINT('Ctrl Pts',(-1.02357350512938,5.0127877237972,-27.83529053219));
#7086=CARTESIAN_POINT('Ctrl Pts',(1.42195290201043,5.13651499998315,-27.4789864745572));
#7087=CARTESIAN_POINT('Ctrl Pts',(3.52566487029066,6.38963265179245,-27.1226824169245));
#7088=CARTESIAN_POINT('Ctrl Pts',(4.79904190124208,8.48114375729112,-26.7663783592917));
#7089=CARTESIAN_POINT('Ctrl Pts',(4.94638254571688,10.9253611706124,-26.4100743016589));
#7090=CARTESIAN_POINT('Ctrl Pts',(3.93347152461119,13.1546926583944,-26.0537702440262));
#7091=CARTESIAN_POINT('Ctrl Pts',(1.99552551298425,14.6514468947029,-25.6974661863934));
#7092=CARTESIAN_POINT('Ctrl Pts',(-0.417429257732951,15.0680494616827,-25.3411621287606));
#7093=CARTESIAN_POINT('Ctrl Pts',(-2.7450597154698,14.3077589675318,-24.9848580711278));
#7094=CARTESIAN_POINT('Ctrl Pts',(-4.44684896468297,12.5471259471766,-24.6285540134951));
#7095=CARTESIAN_POINT('Ctrl Pts',(-5.12760707090314,10.1950076468272,-24.2722499558623));
#7096=CARTESIAN_POINT('Ctrl Pts',(-4.62925639767997,7.79759649297887,-23.9159458982296));
#7097=CARTESIAN_POINT('Ctrl Pts',(-3.06750869050471,5.91164163907982,-23.5596418405968));
#7098=CARTESIAN_POINT('Ctrl Pts',(-0.805060664955318,4.97504111308916,-23.203337782964));
#7099=CARTESIAN_POINT('Ctrl Pts',(1.63276898947537,5.20540655373626,-22.8470337253313));
#7100=CARTESIAN_POINT('Ctrl Pts',(3.67973601722488,6.54899892517323,-22.4907296676985));
#7101=CARTESIAN_POINT('Ctrl Pts',(4.86076135357597,8.69431899242566,-22.1344256100658));
#7102=CARTESIAN_POINT('Ctrl Pts',(4.8874014792042,10.3260964973635,-21.8968895716439));
#7103=CARTESIAN_POINT('Ctrl Pts',(4.7092489241072,11.098172351446,-21.778121552433));
#7104=CARTESIAN_POINT('Ctrl Pts',(-4.38248032758241,8.78360606253099,-42.6656353427002));
#7105=CARTESIAN_POINT('Ctrl Pts',(-4.18514910932758,8.08076334458239,-42.5468673234893));
#7106=CARTESIAN_POINT('Ctrl Pts',(-3.44220644410319,6.77354868584601,-42.3093312850675));
#7107=CARTESIAN_POINT('Ctrl Pts',(-1.53911823830387,5.56158306467091,-41.9530272274347));
#7108=CARTESIAN_POINT('Ctrl Pts',(0.709480796908807,5.38049988146884,-41.5967231698019));
#7109=CARTESIAN_POINT('Ctrl Pts',(2.78186269016743,6.27205651928078,-41.2404191121691));
#7110=CARTESIAN_POINT('Ctrl Pts',(4.19656497870582,8.02935446438542,-40.8841150545364));
#7111=CARTESIAN_POINT('Ctrl Pts',(4.62517016337861,10.2442512427803,-40.5278109969036));
#7112=CARTESIAN_POINT('Ctrl Pts',(3.96809936545681,12.4024385070708,-40.1715069392709));
#7113=CARTESIAN_POINT('Ctrl Pts',(2.37795976515367,14.0027306978303,-39.8152028816381));
#7114=CARTESIAN_POINT('Ctrl Pts',(0.223999816935431,14.6735177461316,-39.4588988240053));
#7115=CARTESIAN_POINT('Ctrl Pts',(-1.99358620165566,14.2590272136275,-39.1025947663726));
#7116=CARTESIAN_POINT('Ctrl Pts',(-3.75983669323766,12.8555130158103,-38.7462907087398));
#7117=CARTESIAN_POINT('Ctrl Pts',(-4.66459471470932,10.7888961053507,-38.389986651107));
#7118=CARTESIAN_POINT('Ctrl Pts',(-4.49775944301933,8.53908317732929,-38.0336825934743));
#7119=CARTESIAN_POINT('Ctrl Pts',(-3.29807281281084,6.6285218576399,-37.6773785358415));
#7120=CARTESIAN_POINT('Ctrl Pts',(-1.34412418031005,5.50087958883796,-37.3210744782087));
#7121=CARTESIAN_POINT('Ctrl Pts',(0.910343828257748,5.41801553564948,-36.964770420576));
#7122=CARTESIAN_POINT('Ctrl Pts',(2.94180238720932,6.39917226909962,-36.6084663629432));
#7123=CARTESIAN_POINT('Ctrl Pts',(4.27850959659914,8.21650720200771,-36.2521623053104));
#7124=CARTESIAN_POINT('Ctrl Pts',(4.61005753379389,10.4480018554698,-35.8958582476776));
#7125=CARTESIAN_POINT('Ctrl Pts',(3.85945469370626,12.5754622655428,-35.5395541900449));
#7126=CARTESIAN_POINT('Ctrl Pts',(2.20100481284261,14.1048531295848,-35.1832501324121));
#7127=CARTESIAN_POINT('Ctrl Pts',(0.0198303536975175,14.681021854725,-34.8269460747794));
#7128=CARTESIAN_POINT('Ctrl Pts',(-2.17755999368061,14.1701715020212,-34.4706420171466));
#7129=CARTESIAN_POINT('Ctrl Pts',(-3.88089191224419,12.690930887165,-34.1143379595138));
#7130=CARTESIAN_POINT('Ctrl Pts',(-4.69462050846478,10.5868067954944,-33.7580339018811));
#7131=CARTESIAN_POINT('Ctrl Pts',(-4.42978308659659,8.34641540971875,-33.4017298442483));
#7132=CARTESIAN_POINT('Ctrl Pts',(-3.14787975049195,6.49001667605748,-33.0454257866155));
#7133=CARTESIAN_POINT('Ctrl Pts',(-1.1465919521064,5.44870040829663,-32.6891217289827));
#7134=CARTESIAN_POINT('Ctrl Pts',(1.10934459811525,5.46427933116681,-32.33281767135));
#7135=CARTESIAN_POINT('Ctrl Pts',(3.09606008183908,6.53313573321331,-31.9765136137173));
#7136=CARTESIAN_POINT('Ctrl Pts',(4.35220274719965,8.40706156571871,-31.6202095560844));
#7137=CARTESIAN_POINT('Ctrl Pts',(4.58607324217159,10.6508969012629,-31.2639054984517));
#7138=CARTESIAN_POINT('Ctrl Pts',(3.74336255097504,12.7435820453834,-30.907601440819));
#7139=CARTESIAN_POINT('Ctrl Pts',(2.0197635430039,14.199157148625,-30.5512973831861));
#7140=CARTESIAN_POINT('Ctrl Pts',(-0.184472498456174,14.679610991326,-30.1949933255534));
#7141=CARTESIAN_POINT('Ctrl Pts',(-2.35748156092096,14.0733733843978,-29.8386892679206));
#7142=CARTESIAN_POINT('Ctrl Pts',(-3.99465110868062,12.5212238126925,-29.4823852102879));
#7143=CARTESIAN_POINT('Ctrl Pts',(-4.71580036358463,10.3835998573385,-29.1260811526551));
#7144=CARTESIAN_POINT('Ctrl Pts',(-4.35346524954411,8.15689698423018,-28.7697770950223));
#7145=CARTESIAN_POINT('Ctrl Pts',(-2.99178662252393,6.35819641442863,-28.4134730373896));
#7146=CARTESIAN_POINT('Ctrl Pts',(-0.946971217490826,5.40518939381333,-28.0571689797568));
#7147=CARTESIAN_POINT('Ctrl Pts',(1.306137343148,5.51918161419794,-27.7008649221241));
#7148=CARTESIAN_POINT('Ctrl Pts',(3.24432596013135,6.67370200724548,-27.3445608644912));
#7149=CARTESIAN_POINT('Ctrl Pts',(4.41751169265142,8.60064974443292,-26.9882568068585));
#7150=CARTESIAN_POINT('Ctrl Pts',(4.55325934453815,10.8525523049363,-26.6319527492257));
#7151=CARTESIAN_POINT('Ctrl Pts',(3.62004574841599,12.9064765009534,-26.275648691593));
#7152=CARTESIAN_POINT('Ctrl Pts',(1.83458036308846,14.2854637705872,-25.9193446339602));
#7153=CARTESIAN_POINT('Ctrl Pts',(-0.388519348476597,14.669287395352,-25.5630405763274));
#7154=CARTESIAN_POINT('Ctrl Pts',(-2.53300819759282,13.9688177476138,-25.2067365186947));
#7155=CARTESIAN_POINT('Ctrl Pts',(-4.10089800430718,12.3467140897983,-24.8504324610619));
#7156=CARTESIAN_POINT('Ctrl Pts',(-4.72809299691527,10.1796641398652,-24.4941284034292));
#7157=CARTESIAN_POINT('Ctrl Pts',(-4.2689533348936,7.97088504905823,-24.1378243457964));
#7158=CARTESIAN_POINT('Ctrl Pts',(-2.83008638243649,6.2333200757697,-23.7815202881636));
#7159=CARTESIAN_POINT('Ctrl Pts',(-0.745651309691712,5.37041274553299,-23.4252162305308));
#7160=CARTESIAN_POINT('Ctrl Pts',(1.50036609079141,5.58265267264314,-23.0689121728981));
#7161=CARTESIAN_POINT('Ctrl Pts',(3.38627454800652,6.82052909272818,-22.7126081152653));
#7162=CARTESIAN_POINT('Ctrl Pts',(4.47437496184591,8.79705201831375,-22.3563040576326));
#7163=CARTESIAN_POINT('Ctrl Pts',(4.49891900068116,10.3004387144048,-22.1187680192107));
#7164=CARTESIAN_POINT('Ctrl Pts',(4.33478376754001,11.0117664315036,-21.9999999999998));
#7165=CARTESIAN_POINT('',(0.,0.,0.));
#7166=CARTESIAN_POINT('Origin',(-0.0499999999999989,10.,-37.9999999999998));
#7167=CARTESIAN_POINT('',(4.5500522641432,9.99985992505669,-36.0248639275137));
#7168=CARTESIAN_POINT('',(4.55,10.,-37.9999999999998));
#7169=CARTESIAN_POINT('',(4.55,10.,-37.9999999999998));
#7170=CARTESIAN_POINT('',(-4.2045108787856,8.02514826932833,-37.9999999999998));
#7171=CARTESIAN_POINT('Origin',(-0.0499999999999989,10.,-37.9999999999998));
#7172=CARTESIAN_POINT('Ctrl Pts',(4.5500522641432,9.99985992505669,-36.0248639275137));
#7173=CARTESIAN_POINT('Ctrl Pts',(4.54940295592356,9.25635635945423,-36.1431924897563));
#7174=CARTESIAN_POINT('Ctrl Pts',(4.36691752219811,8.51328919462957,-36.2615210519989));
#7175=CARTESIAN_POINT('Ctrl Pts',(4.02066045328214,7.85583815762159,-36.3798496142415));
#7176=CARTESIAN_POINT('Ctrl Pts',(3.6491240692597,7.1503883548884,-36.5068170326392));
#7177=CARTESIAN_POINT('Ctrl Pts',(3.08903006492225,6.54351223558285,-36.6337844510368));
#7178=CARTESIAN_POINT('Ctrl Pts',(2.41557468296054,6.11601530702896,-36.7607518694345));
#7179=CARTESIAN_POINT('Ctrl Pts',(1.74211930099882,5.68851837847507,-36.8877192878321));
#7180=CARTESIAN_POINT('Ctrl Pts',(0.955302541412844,5.44040064067285,-37.0146867062298));
#7181=CARTESIAN_POINT('Ctrl Pts',(0.158677443157126,5.40427257217032,-37.1416541246274));
#7182=CARTESIAN_POINT('Ctrl Pts',(-0.637947655098592,5.36814450366779,-37.2686215430251));
#7183=CARTESIAN_POINT('Ctrl Pts',(-1.44438109202405,5.54400610446497,-37.3955889614228));
#7184=CARTESIAN_POINT('Ctrl Pts',(-2.15365728917047,5.90864917176406,-37.5225563798204));
#7185=CARTESIAN_POINT('Ctrl Pts',(-2.8629334863169,6.27329223906316,-37.6495237982181));
#7186=CARTESIAN_POINT('Ctrl Pts',(-3.4750524436843,6.82671677286418,-37.7764912166157));
#7187=CARTESIAN_POINT('Ctrl Pts',(-3.90914700945165,7.49574776547114,-37.9034586350134));
#7188=CARTESIAN_POINT('Ctrl Pts',(-4.01917020133621,7.66531663612998,-37.9356390900088));
#7189=CARTESIAN_POINT('Ctrl Pts',(-4.11775725772628,7.84231196737134,-37.9678195450043));
#7190=CARTESIAN_POINT('Ctrl Pts',(-4.20435439499082,8.02503937515042,-37.9999999999998));
#7191=CARTESIAN_POINT('Origin',(-0.0499999999999989,10.,-37.9999999999998));
#7192=CARTESIAN_POINT('',(4.54932321989063,9.99949994600785,-31.4248639323433));
#7193=CARTESIAN_POINT('',(4.54814114310735,10.0001267116559,-34.1751360671289));
#7194=CARTESIAN_POINT('',(4.55,10.,-37.9999999999998));
#7195=CARTESIAN_POINT('',(2.20376174419112,14.0100571068883,-37.9999999999998));
#7196=CARTESIAN_POINT('Ctrl Pts',(4.54814114310735,10.0001267116559,-34.1751360671289));
#7197=CARTESIAN_POINT('Ctrl Pts',(4.54802491528344,9.43459361067701,-34.2650614730422));
#7198=CARTESIAN_POINT('Ctrl Pts',(4.44600535796237,8.86894787075407,-34.3549868789555));
#7199=CARTESIAN_POINT('Ctrl Pts',(4.24283172655386,8.34236417952902,-34.4449122848689));
#7200=CARTESIAN_POINT('Ctrl Pts',(3.86034535792555,7.35103925985681,-34.6142021760657));
#7201=CARTESIAN_POINT('Ctrl Pts',(3.11936604114729,6.49815136434617,-34.7834920672626));
#7202=CARTESIAN_POINT('Ctrl Pts',(2.19117764819744,5.9805990457886,-34.9527819584595));
#7203=CARTESIAN_POINT('Ctrl Pts',(1.2629892552476,5.46304672723102,-35.1220718496564));
#7204=CARTESIAN_POINT('Ctrl Pts',(0.147591786126172,5.28082998562651,-35.2913617408532));
#7205=CARTESIAN_POINT('Ctrl Pts',(-0.89692660451529,5.4766204530276,-35.4606516320501));
#7206=CARTESIAN_POINT('Ctrl Pts',(-1.94144499515676,5.67241092042869,-35.629941523247));
#7207=CARTESIAN_POINT('Ctrl Pts',(-2.91508430731826,6.24620859683539,-35.7992314144438));
#7208=CARTESIAN_POINT('Ctrl Pts',(-3.59289829559013,7.06428771669767,-35.9685213056407));
#7209=CARTESIAN_POINT('Ctrl Pts',(-4.27071228386201,7.88236683655995,-36.1378111968376));
#7210=CARTESIAN_POINT('Ctrl Pts',(-4.65270094824425,8.9447273998778,-36.3071010880345));
#7211=CARTESIAN_POINT('Ctrl Pts',(-4.65192863175261,10.0077053445226,-36.4763909792313));
#7212=CARTESIAN_POINT('Ctrl Pts',(-4.65134939438388,10.8049388030062,-36.603358397629));
#7213=CARTESIAN_POINT('Ctrl Pts',(-4.43546710527359,11.6025195384862,-36.7303258160266));
#7214=CARTESIAN_POINT('Ctrl Pts',(-4.03726902937383,12.2939330301977,-36.8572932344243));
#7215=CARTESIAN_POINT('Ctrl Pts',(-3.63907095347406,12.9853465219092,-36.9842606528219));
#7216=CARTESIAN_POINT('Ctrl Pts',(-3.05855709078481,13.5705927698522,-37.1112280712196));
#7217=CARTESIAN_POINT('Ctrl Pts',(-2.37011606847532,13.9726848867866,-37.2381954896173));
#7218=CARTESIAN_POINT('Ctrl Pts',(-1.68167504616584,14.3747770037209,-37.3651629080149));
#7219=CARTESIAN_POINT('Ctrl Pts',(-0.885306864236133,14.5937149896467,-37.4921303264126));
#7220=CARTESIAN_POINT('Ctrl Pts',(-0.0878097550630848,14.6002502631723,
-37.6190977448102));
#7221=CARTESIAN_POINT('Ctrl Pts',(0.709687354102892,14.6067855366979,-37.7460651632068));
#7222=CARTESIAN_POINT('Ctrl Pts',(1.50831339051218,14.400918097827,-37.8730325816033));
#7223=CARTESIAN_POINT('Ctrl Pts',(2.20376174416444,14.0100571068927,-37.9999999999998));
#7224=CARTESIAN_POINT('Origin',(-0.0499999999999989,10.,-37.9999999999998));
#7225=CARTESIAN_POINT('Ctrl Pts',(4.54932321989063,9.99949994600785,-31.4248639323433));
#7226=CARTESIAN_POINT('Ctrl Pts',(4.55010051015665,9.72675615032385,-31.4682718599391));
#7227=CARTESIAN_POINT('Ctrl Pts',(4.52678402674387,9.45411690947995,-31.5116797875349));
#7228=CARTESIAN_POINT('Ctrl Pts',(4.47863785663725,9.18590143310785,-31.5550877151307));
#7229=CARTESIAN_POINT('Ctrl Pts',(4.29086893168901,8.13986741749794,-31.7243776063276));
#7230=CARTESIAN_POINT('Ctrl Pts',(3.72544505168417,7.16111804359046,-31.8936674975244));
#7231=CARTESIAN_POINT('Ctrl Pts',(2.9123119272396,6.47738434853905,-32.0629573887213));
#7232=CARTESIAN_POINT('Ctrl Pts',(2.09917880279503,5.79365065348763,-32.2322472799182));
#7233=CARTESIAN_POINT('Ctrl Pts',(1.03833643391072,5.4049326372923,-32.4015371711151));
#7234=CARTESIAN_POINT('Ctrl Pts',(-0.0246280439605054,5.39908227002043,
-32.5708270623119));
#7235=CARTESIAN_POINT('Ctrl Pts',(-1.08759252183173,5.39323190274855,-32.7401169535088));
#7236=CARTESIAN_POINT('Ctrl Pts',(-2.15267910868989,5.77024918440014,-32.9094068447057));
#7237=CARTESIAN_POINT('Ctrl Pts',(-2.97329554680255,6.4449463215162,-33.0786967359025));
#7238=CARTESIAN_POINT('Ctrl Pts',(-3.79391198491521,7.11964345863226,-33.2479866270994));
#7239=CARTESIAN_POINT('Ctrl Pts',(-4.37005827428239,8.09202045121279,-33.4172765182963));
#7240=CARTESIAN_POINT('Ctrl Pts',(-4.5693683024923,9.13597072393487,-33.5865664094932));
#7241=CARTESIAN_POINT('Ctrl Pts',(-4.76867833070222,10.1799209966569,-33.75585630069));
#7242=CARTESIAN_POINT('Ctrl Pts',(-4.59115209775488,11.2954445495206,-33.9251461918869));
#7243=CARTESIAN_POINT('Ctrl Pts',(-4.07739143171424,12.2252871480275,-34.0944360830838));
#7244=CARTESIAN_POINT('Ctrl Pts',(-3.5636307656736,13.1551297465345,-34.2637259742806));
#7245=CARTESIAN_POINT('Ctrl Pts',(-2.71363566653967,13.8992913906847,-34.4330158654775));
#7246=CARTESIAN_POINT('Ctrl Pts',(-1.72376339883649,14.2859409421858,-34.6023057566744));
#7247=CARTESIAN_POINT('Ctrl Pts',(-0.733891131133298,14.6725904936868,-34.7715956478712));
#7248=CARTESIAN_POINT('Ctrl Pts',(0.395858305139146,14.7017279525386,-34.9408855390681));
#7249=CARTESIAN_POINT('Ctrl Pts',(1.40375951733711,14.3661447993641,-35.110175430265));
#7250=CARTESIAN_POINT('Ctrl Pts',(2.41166072953506,14.0305616461895,-35.2794653214619));
#7251=CARTESIAN_POINT('Ctrl Pts',(3.29771371765854,13.3302578809887,-35.4487552126587));
#7252=CARTESIAN_POINT('Ctrl Pts',(3.85937091964707,12.4276830960371,-35.6180451038556));
#7253=CARTESIAN_POINT('Ctrl Pts',(4.28061382113847,11.7507520073235,-35.7450125222533));
#7254=CARTESIAN_POINT('Ctrl Pts',(4.51938409292896,10.96004347,-35.8719799406509));
#7255=CARTESIAN_POINT('Ctrl Pts',(4.54727984697049,10.1626774582578,-35.9989473590486));
#7256=CARTESIAN_POINT('Ctrl Pts',(4.54917787253911,10.1084247187339,-36.0075862152036));
#7257=CARTESIAN_POINT('Ctrl Pts',(4.55009966842331,10.0541411588709,-36.0162250713586));
#7258=CARTESIAN_POINT('Ctrl Pts',(4.5500522641432,9.99985992505669,-36.0248639275137));
#7259=CARTESIAN_POINT('Origin',(-0.0499999999999989,10.,-37.9999999999998));
#7260=CARTESIAN_POINT('',(4.55,10.,-27.9999999999998));
#7261=CARTESIAN_POINT('',(4.54847122521593,10.0003411801141,-29.5751360693011));
#7262=CARTESIAN_POINT('',(4.55,10.,-37.9999999999998));
#7263=CARTESIAN_POINT('',(-2.57359344827722,13.8459688126527,-27.9999999999998));
#7264=CARTESIAN_POINT('Origin',(-0.0499999999999989,10.,-27.9999999999998));
#7265=CARTESIAN_POINT('Ctrl Pts',(-2.57319124036153,13.8462106111518,-27.9999999999994));
#7266=CARTESIAN_POINT('Ctrl Pts',(-2.40424810729295,13.9573535192605,-28.0321804549949));
#7267=CARTESIAN_POINT('Ctrl Pts',(-2.22806099905442,14.0573450974728,-28.0643609099904));
#7268=CARTESIAN_POINT('Ctrl Pts',(-2.04599715835455,14.1450105417094,-28.0965413649858));
#7269=CARTESIAN_POINT('Ctrl Pts',(-1.32766748152179,14.4908930079134,-28.2235087833835));
#7270=CARTESIAN_POINT('Ctrl Pts',(-0.517855702056644,14.6448966263302,-28.3504762017811));
#7271=CARTESIAN_POINT('Ctrl Pts',(0.278021540752347,14.5883498519322,-28.4774436201788));
#7272=CARTESIAN_POINT('Ctrl Pts',(1.07389878356133,14.5318030775342,-28.6044110385765));
#7273=CARTESIAN_POINT('Ctrl Pts',(1.85584148971416,14.2647059103212,-28.7313784569741));
#7274=CARTESIAN_POINT('Ctrl Pts',(2.51708857156939,13.8193698150748,-28.8583458753718));
#7275=CARTESIAN_POINT('Ctrl Pts',(3.39875134737637,13.2255883547464,-29.0276357665686));
#7276=CARTESIAN_POINT('Ctrl Pts',(4.06584412443206,12.3149376890252,-29.1969256577655));
#7277=CARTESIAN_POINT('Ctrl Pts',(4.36501300285426,11.2954754477621,-29.3662155489624));
#7278=CARTESIAN_POINT('Ctrl Pts',(4.48808102797793,10.8761029335418,-29.4358557224085));
#7279=CARTESIAN_POINT('Ctrl Pts',(4.54888811859064,10.43831707242,-29.5054958958546));
#7280=CARTESIAN_POINT('Ctrl Pts',(4.54847122521531,10.0003411801141,-29.5751360693007));
#7281=CARTESIAN_POINT('Ctrl Pts',(-5.18943903146059,12.5850692053879,-38.0000000002877));
#7282=CARTESIAN_POINT('Ctrl Pts',(-5.63775736585286,11.6937566086138,-37.87303258189));
#7283=CARTESIAN_POINT('Ctrl Pts',(-6.06016306352854,9.67388398869987,-37.6190977450947));
#7284=CARTESIAN_POINT('Ctrl Pts',(-5.10258580696507,6.72894938709983,-37.2381954899017));
#7285=CARTESIAN_POINT('Ctrl Pts',(-2.80820533430293,4.6500653478763,-36.8572932347088));
#7286=CARTESIAN_POINT('Ctrl Pts',(0.21675677574318,3.98698054535971,-36.4763909795158));
#7287=CARTESIAN_POINT('Ctrl Pts',(3.16983576192222,4.91471206487306,-36.0954887243229));
#7288=CARTESIAN_POINT('Ctrl Pts',(5.27372189277468,7.18939481363729,-35.7145864691299));
#7289=CARTESIAN_POINT('Ctrl Pts',(5.96349996627401,10.2052861552698,-35.333684213937));
#7290=CARTESIAN_POINT('Ctrl Pts',(4.97167240363087,13.5026670119819,-34.9104594859448));
#7291=CARTESIAN_POINT('Ctrl Pts',(1.92690504457251,15.9144836474732,-34.4449122851534));
#7292=CARTESIAN_POINT('Ctrl Pts',(-2.31194330603532,15.8097376389717,-33.9370426115628));
#7293=CARTESIAN_POINT('Ctrl Pts',(-5.50407136753648,13.0211445664005,-33.4291729379721));
#7294=CARTESIAN_POINT('Ctrl Pts',(-6.17465353720617,8.83650758030148,-32.9213032643815));
#7295=CARTESIAN_POINT('Ctrl Pts',(-4.01693639999005,5.18589280774435,-32.4134335907909));
#7296=CARTESIAN_POINT('Ctrl Pts',(-0.0223428415139704,3.76704030136369,
-31.9055639172003));
#7297=CARTESIAN_POINT('Ctrl Pts',(3.95942793653682,5.22118313219242,-31.3976942436097));
#7298=CARTESIAN_POINT('Ctrl Pts',(6.08481740624636,8.89108327328056,-30.8898245700191));
#7299=CARTESIAN_POINT('Ctrl Pts',(5.37688895487251,13.0689356670117,-30.3819548964284));
#7300=CARTESIAN_POINT('Ctrl Pts',(2.16113125321262,15.8318534965556,-29.8740852228378));
#7301=CARTESIAN_POINT('Ctrl Pts',(-2.07943787091441,15.8945527407036,-29.3662155492472));
#7302=CARTESIAN_POINT('Ctrl Pts',(-5.10260707288463,13.4588274512278,-28.9006683484558));
#7303=CARTESIAN_POINT('Ctrl Pts',(-6.06501734432114,10.1512292925412,-28.4774436204637));
#7304=CARTESIAN_POINT('Ctrl Pts',(-5.34811563816103,7.1426947531965,-28.0965413652707));
#7305=CARTESIAN_POINT('Ctrl Pts',(-3.22447068661525,4.88605264877707,-27.7156391100777));
#7306=CARTESIAN_POINT('Ctrl Pts',(-1.25077236636186,4.28598306328661,-27.4617042732824));
#7307=CARTESIAN_POINT('Ctrl Pts',(-0.253686789733706,4.2506584684476,-27.3347368548848));
#7308=CARTESIAN_POINT('Ctrl Pts',(-4.84678309444104,12.4110685365795,-38.2217830368235));
#7309=CARTESIAN_POINT('Ctrl Pts',(-5.26492486470525,11.5791813031391,-38.0948156184259));
#7310=CARTESIAN_POINT('Ctrl Pts',(-5.65859666761144,9.69412931457657,-37.8408807816306));
#7311=CARTESIAN_POINT('Ctrl Pts',(-4.76423167906863,6.94616361271974,-37.4599785264376));
#7312=CARTESIAN_POINT('Ctrl Pts',(-2.62258502712278,5.00673813802181,-37.0790762712447));
#7313=CARTESIAN_POINT('Ctrl Pts',(0.200477491104607,4.38872268183527,-36.6981740160517));
#7314=CARTESIAN_POINT('Ctrl Pts',(2.95605103038931,5.25523750685915,-36.3172717608587));
#7315=CARTESIAN_POINT('Ctrl Pts',(4.9188137417989,7.37850880615889,-35.9363695056657));
#7316=CARTESIAN_POINT('Ctrl Pts',(5.56174134443383,10.1931131424889,-35.5554672504728));
#7317=CARTESIAN_POINT('Ctrl Pts',(4.6353240997487,13.2699727971383,-35.1322425224806));
#7318=CARTESIAN_POINT('Ctrl Pts',(1.79333145658191,15.5198984800171,-34.6666953216892));
#7319=CARTESIAN_POINT('Ctrl Pts',(-2.16233200578752,15.4210637608034,-34.1588256480986));
#7320=CARTESIAN_POINT('Ctrl Pts',(-5.14050951429216,12.8179329436872,-33.650955974508));
#7321=CARTESIAN_POINT('Ctrl Pts',(-5.76522462365737,8.91266094153187,-33.1430863009174));
#7322=CARTESIAN_POINT('Ctrl Pts',(-3.75070906396263,5.50646227172899,-32.6352166273267));
#7323=CARTESIAN_POINT('Ctrl Pts',(-0.0225939983219468,4.183413328016,-32.1273469537362));
#7324=CARTESIAN_POINT('Ctrl Pts',(3.6928196222837,5.54143846188322,-31.6194772801455));
#7325=CARTESIAN_POINT('Ctrl Pts',(5.67529132389664,8.96673098522209,-31.1116076065549));
#7326=CARTESIAN_POINT('Ctrl Pts',(5.01358299519148,12.8653187355814,-30.6037379329643));
#7327=CARTESIAN_POINT('Ctrl Pts',(2.01193233080614,15.4428481982113,-30.0958682593737));
#7328=CARTESIAN_POINT('Ctrl Pts',(-1.94537986958923,15.5002728696226,-29.5879985857831));
#7329=CARTESIAN_POINT('Ctrl Pts',(-4.76597532457605,13.2264810718945,-29.1224513849917));
#7330=CARTESIAN_POINT('Ctrl Pts',(-5.66324883412666,10.1395864349735,-28.6992266569995));
#7331=CARTESIAN_POINT('Ctrl Pts',(-4.99346601320534,7.33220751511287,-28.3183244018065));
#7332=CARTESIAN_POINT('Ctrl Pts',(-3.01110397381003,5.22685484544034,-27.9374221466136));
#7333=CARTESIAN_POINT('Ctrl Pts',(-1.16909646738257,4.66737540522629,-27.6834873098183));
#7334=CARTESIAN_POINT('Ctrl Pts',(-0.238607876291745,4.6346662161428,-27.5565198914206));
#7335=CARTESIAN_POINT('Ctrl Pts',(-4.50417935994441,12.2369404854068,-38.4435472512663));
#7336=CARTESIAN_POINT('Ctrl Pts',(-4.89212273099571,11.4644696468146,-38.3165798328687));
#7337=CARTESIAN_POINT('Ctrl Pts',(-5.25701133293546,9.71423196851553,-38.0626449960734));
#7338=CARTESIAN_POINT('Ctrl Pts',(-4.42579035903061,7.16326342656923,-37.6817427408804));
#7339=CARTESIAN_POINT('Ctrl Pts',(-2.43683209060439,5.36335502786315,-37.3008404856875));
#7340=CARTESIAN_POINT('Ctrl Pts',(0.184340996030222,4.79048223717042,-36.9199382304944));
#7341=CARTESIAN_POINT('Ctrl Pts',(2.74238164143403,5.59584905481772,-36.5390359753015));
#7342=CARTESIAN_POINT('Ctrl Pts',(4.56396263573424,7.56775485728764,-36.1581337201085));
#7343=CARTESIAN_POINT('Ctrl Pts',(5.15996687652336,10.1810831491812,-35.7772314649156));
#7344=CARTESIAN_POINT('Ctrl Pts',(4.29888304615838,13.0373917809349,-35.3540067369234));
#7345=CARTESIAN_POINT('Ctrl Pts',(1.65961327562365,15.1253495459641,-34.8884595361321));
#7346=CARTESIAN_POINT('Ctrl Pts',(-2.01285507933411,15.0323253240762,-34.3805898625414));
#7347=CARTESIAN_POINT('Ctrl Pts',(-4.77700964402906,12.6145858245257,-33.8727201889508));
#7348=CARTESIAN_POINT('Ctrl Pts',(-5.35575659124177,8.98867040534923,-33.3648505153602));
#7349=CARTESIAN_POINT('Ctrl Pts',(-3.48435982267352,5.82694610315856,-32.8569808417695));
#7350=CARTESIAN_POINT('Ctrl Pts',(-0.022696499060826,4.59979849737201,-32.349111168179));
#7351=CARTESIAN_POINT('Ctrl Pts',(3.42631771779707,5.86179806184767,-31.8412414945883));
#7352=CARTESIAN_POINT('Ctrl Pts',(5.26578049495131,9.04252702605298,-31.3333718209977));
#7353=CARTESIAN_POINT('Ctrl Pts',(4.65019388792436,12.6618255082723,-30.8255021474071));
#7354=CARTESIAN_POINT('Ctrl Pts',(1.86259037670691,15.0538847678689,-30.3176324738165));
#7355=CARTESIAN_POINT('Ctrl Pts',(-1.81145865005752,15.1059336960801,-29.8097628002259));
#7356=CARTESIAN_POINT('Ctrl Pts',(-4.429416806055,12.9940080205548,-29.3442155994344));
#7357=CARTESIAN_POINT('Ctrl Pts',(-5.26147284716244,10.1277998699017,-28.9209908714423));
#7358=CARTESIAN_POINT('Ctrl Pts',(-4.63873853630808,7.52159933233605,-28.5400886162493));
#7359=CARTESIAN_POINT('Ctrl Pts',(-2.7976095263345,5.56759066958226,-28.1591863610564));
#7360=CARTESIAN_POINT('Ctrl Pts',(-1.08728205901519,5.04874989882071,-27.9052515242611));
#7361=CARTESIAN_POINT('Ctrl Pts',(-0.223391418472381,5.01867970094203,-27.7782841058634));
#7362=CARTESIAN_POINT('Ctrl Pts',(-4.16167276799178,12.06255837433,-38.6652631454893));
#7363=CARTESIAN_POINT('Ctrl Pts',(-4.51937411426104,11.3494872182193,-38.5382957270917));
#7364=CARTESIAN_POINT('Ctrl Pts',(-4.85538192339048,9.7340536609119,-38.2843608902964));
#7365=CARTESIAN_POINT('Ctrl Pts',(-4.08717140091418,7.38014130675328,-37.9034586351034));
#7366=CARTESIAN_POINT('Ctrl Pts',(-2.25081452887396,5.71986770540693,-37.5225563799105));
#7367=CARTESIAN_POINT('Ctrl Pts',(0.168485781820421,5.19228290303379,-37.1416541247175));
#7368=CARTESIAN_POINT('Ctrl Pts',(2.52893606049813,5.9366361164157,-36.7607518695246));
#7369=CARTESIAN_POINT('Ctrl Pts',(4.20921807345308,7.75726447427091,-36.3798496143316));
#7370=CARTESIAN_POINT('Ctrl Pts',(4.75815436455627,10.1693349326717,-35.9989473591386));
#7371=CARTESIAN_POINT('Ctrl Pts',(3.96225345861444,12.8050300569937,-35.5757226311464));
#7372=CARTESIAN_POINT('Ctrl Pts',(1.52560774135716,14.7308654112302,-35.1101754303551));
#7373=CARTESIAN_POINT('Ctrl Pts',(-1.86364056734514,14.6434530346771,-34.6023057567644));
#7374=CARTESIAN_POINT('Ctrl Pts',(-4.41362586465997,12.4109681023015,-34.0944360831738));
#7375=CARTESIAN_POINT('Ctrl Pts',(-4.94620456348324,9.06439744382408,-33.5865664095832));
#7376=CARTESIAN_POINT('Ctrl Pts',(-3.21776569543977,6.14726646618181,-33.0786967359926));
#7377=CARTESIAN_POINT('Ctrl Pts',(-0.0225059349735041,5.01621462126608,
-32.570827062402));
#7378=CARTESIAN_POINT('Ctrl Pts',(3.16002117157119,6.18236866981315,-32.0629573888113));
#7379=CARTESIAN_POINT('Ctrl Pts',(4.85629281152755,9.11861679143633,-31.5550877152208));
#7380=CARTESIAN_POINT('Ctrl Pts',(4.28663472122113,12.4585727632599,-31.0472180416301));
#7381=CARTESIAN_POINT('Ctrl Pts',(1.71296388134342,14.6649973700938,-30.5393483680395));
#7382=CARTESIAN_POINT('Ctrl Pts',(-1.67780486245757,14.7114709774226,-30.0314786944489));
#7383=CARTESIAN_POINT('Ctrl Pts',(-4.09299698799662,12.7612812551634,-29.5659314936575));
#7384=CARTESIAN_POINT('Ctrl Pts',(-4.85967535396395,10.1157297732394,-29.1427067656653));
#7385=CARTESIAN_POINT('Ctrl Pts',(-4.28385158581503,7.71075584745412,-28.7618045104723));
#7386=CARTESIAN_POINT('Ctrl Pts',(-2.58385962339007,5.90820139772171,-28.3809022552794));
#7387=CARTESIAN_POINT('Ctrl Pts',(-1.00519320978583,5.43009555271197,-28.1269674184841));
#7388=CARTESIAN_POINT('Ctrl Pts',(-0.207903544000861,5.40271096521483,-28.0000000000864));
#7389=CARTESIAN_POINT('',(-5.18943903249174,12.5850692033558,-37.9999999999998));
#7390=CARTESIAN_POINT('Ctrl Pts',(-5.18943903248063,12.585069203353,-37.9999999999998));
#7391=CARTESIAN_POINT('Ctrl Pts',(-5.2530701781004,12.3350078907705,-37.9999999999998));
#7392=CARTESIAN_POINT('Ctrl Pts',(-5.29955043250852,12.0804671981825,-37.9999999999998));
#7393=CARTESIAN_POINT('Ctrl Pts',(-5.40237617993767,11.1440895178963,-37.9999999999998));
#7394=CARTESIAN_POINT('Ctrl Pts',(-5.34887003646118,10.4569511898326,-37.9999999999998));
#7395=CARTESIAN_POINT('Ctrl Pts',(-5.05354179179069,9.43626008692594,-37.9999999999998));
#7396=CARTESIAN_POINT('Ctrl Pts',(-4.90600421226527,9.08358162404248,-37.9999999999998));
#7397=CARTESIAN_POINT('Ctrl Pts',(-4.57034274744572,8.49407870515388,-37.9999999999998));
#7398=CARTESIAN_POINT('Ctrl Pts',(-4.39881527082923,8.25006490008563,-37.9999999999998));
#7399=CARTESIAN_POINT('Ctrl Pts',(-4.20451087877375,8.02514826933857,-37.9999999999998));
#7400=CARTESIAN_POINT('',(-4.70972094660716,6.62606801274996,-27.9999999999998));
#7401=CARTESIAN_POINT('Ctrl Pts',(-4.71004619271485,6.62656021816017,-27.9999999999995));
#7402=CARTESIAN_POINT('Ctrl Pts',(-4.85861405101534,6.83123285980494,-28.0321804550905));
#7403=CARTESIAN_POINT('Ctrl Pts',(-4.99366690664543,7.04559643184766,-28.0643609101815));
#7404=CARTESIAN_POINT('Ctrl Pts',(-5.11365843059405,7.26801015901881,-28.0965413652725));
#7405=CARTESIAN_POINT('Ctrl Pts',(-5.58708287354478,8.14553959964569,-28.2235087836701));
#7406=CARTESIAN_POINT('Ctrl Pts',(-5.82605010893136,9.14838444609338,-28.3504762020678));
#7407=CARTESIAN_POINT('Ctrl Pts',(-5.80117218590925,10.14594659312,-28.4774436204654));
#7408=CARTESIAN_POINT('Ctrl Pts',(-5.77629426288714,11.1435087401465,-28.6044110388631));
#7409=CARTESIAN_POINT('Ctrl Pts',(-5.48757118145634,12.135788187752,-28.7313784572607));
#7410=CARTESIAN_POINT('Ctrl Pts',(-4.96922912430475,12.9875001786599,-28.8583458756584));
#7411=CARTESIAN_POINT('Ctrl Pts',(-4.27810638143596,14.1231161665372,-29.0276357668552));
#7412=CARTESIAN_POINT('Ctrl Pts',(-3.17877212617465,15.0088344536188,-29.1969256580521));
#7413=CARTESIAN_POINT('Ctrl Pts',(-1.92234347785653,15.441243723135,-29.366215549249));
#7414=CARTESIAN_POINT('Ctrl Pts',(-0.665914829538416,15.8736529926511,-29.5355054404459));
#7415=CARTESIAN_POINT('Ctrl Pts',(0.747608211836506,15.8527532446018,-29.7047953316427));
#7416=CARTESIAN_POINT('Ctrl Pts',(1.990329349467,15.3818170656534,-29.8740852228396));
#7417=CARTESIAN_POINT('Ctrl Pts',(3.23305048709749,14.910880886705,-30.0433751140365));
#7418=CARTESIAN_POINT('Ctrl Pts',(4.30496972098356,13.9899082768575,-30.2126650052333));
#7419=CARTESIAN_POINT('Ctrl Pts',(4.9589174131555,12.8331132396456,-30.3819548964302));
#7420=CARTESIAN_POINT('Ctrl Pts',(5.61286510532745,11.6763182024337,-30.5512447876271));
#7421=CARTESIAN_POINT('Ctrl Pts',(5.84884125578527,10.2837007378574,-30.720534678824));
#7422=CARTESIAN_POINT('Ctrl Pts',(5.61259775272945,8.97574198205493,-30.8898245700208));
#7423=CARTESIAN_POINT('Ctrl Pts',(5.37635424967362,7.66778322625242,-31.0591144612177));
#7424=CARTESIAN_POINT('Ctrl Pts',(4.66789109310416,6.4444831792237,-31.2284043524146));
#7425=CARTESIAN_POINT('Ctrl Pts',(3.65003105181132,5.59047601723801,-31.3976942436114));
#7426=CARTESIAN_POINT('Ctrl Pts',(2.63217101051847,4.73646885525232,-31.5669841348083));
#7427=CARTESIAN_POINT('Ctrl Pts',(1.30491408450225,4.25175457830966,-31.7362740260052));
#7428=CARTESIAN_POINT('Ctrl Pts',(-0.0244799715848546,4.24587285756832,
-31.9055639172021));
#7429=CARTESIAN_POINT('Ctrl Pts',(-1.35387402767196,4.23999113682697,-32.0748538083989));
#7430=CARTESIAN_POINT('Ctrl Pts',(-2.68540521382994,4.71294197228694,-32.2441436995958));
#7431=CARTESIAN_POINT('Ctrl Pts',(-3.7107903297781,5.55785318544279,-32.4134335907927));
#7432=CARTESIAN_POINT('Ctrl Pts',(-4.73617544572626,6.40276439859864,-32.5827234819895));
#7433=CARTESIAN_POINT('Ctrl Pts',(-5.45541449146458,7.61963598945035,-32.7520133731864));
#7434=CARTESIAN_POINT('Ctrl Pts',(-5.70327031938886,8.92551128255902,-32.9213032643833));
#7435=CARTESIAN_POINT('Ctrl Pts',(-5.95112614731314,10.2313865756677,-33.0905931555802));
#7436=CARTESIAN_POINT('Ctrl Pts',(-5.72759875742336,11.6262655710333,-33.259883046777));
#7437=CARTESIAN_POINT('Ctrl Pts',(-5.08381371889523,12.7884705808111,-33.4291729379739));
#7438=CARTESIAN_POINT('Ctrl Pts',(-4.4400286803671,13.9506755905888,-33.5984628291708));
#7439=CARTESIAN_POINT('Ctrl Pts',(-3.37598599320062,14.8802066147787,-33.7677527203676));
#7440=CARTESIAN_POINT('Ctrl Pts',(-2.13748992451644,15.3624297949572,-33.9370426115645));
#7441=CARTESIAN_POINT('Ctrl Pts',(-0.898993855832271,15.8446529751358,-34.1063325027614));
#7442=CARTESIAN_POINT('Ctrl Pts',(0.513955594369583,15.8795683113029,-34.2756223939583));
#7443=CARTESIAN_POINT('Ctrl Pts',(1.77402438475355,15.4585138638429,-34.4449122851551));
#7444=CARTESIAN_POINT('Ctrl Pts',(3.03409317513753,15.0374594163828,-34.614202176352));
#7445=CARTESIAN_POINT('Ctrl Pts',(4.14128130570363,14.1604351852955,-34.7834920675489));
#7446=CARTESIAN_POINT('Ctrl Pts',(4.84249394740741,13.0308806047243,-34.9527819587458));
#7447=CARTESIAN_POINT('Ctrl Pts',(5.36840342868524,12.1837146692959,-35.0797493771434));
#7448=CARTESIAN_POINT('Ctrl Pts',(5.66595169747803,11.1945004122828,-35.2067167955411));
#7449=CARTESIAN_POINT('Ctrl Pts',(5.69976281962459,10.1972447268378,-35.3336842139387));
#7450=CARTESIAN_POINT('Ctrl Pts',(5.73357394177116,9.19998904139276,-35.4606516323364));
#7451=CARTESIAN_POINT('Ctrl Pts',(5.5036479172715,8.19469192751578,-35.587619050734));
#7452=CARTESIAN_POINT('Ctrl Pts',(5.03803721654645,7.31292957911679,-35.7145864691317));
#7453=CARTESIAN_POINT('Ctrl Pts',(4.57242651582141,6.43116723071779,-35.8415538875293));
#7454=CARTESIAN_POINT('Ctrl Pts',(3.87113113887096,5.67293964779678,-35.968521305927));
#7455=CARTESIAN_POINT('Ctrl Pts',(3.02830361936616,5.13920393641747,-36.0954887243246));
#7456=CARTESIAN_POINT('Ctrl Pts',(2.18547609986136,4.60546822503815,-36.2224561427223));
#7457=CARTESIAN_POINT('Ctrl Pts',(1.20111643780221,4.29622438520053,-36.3494235611199));
#7458=CARTESIAN_POINT('Ctrl Pts',(0.204776255098546,4.25211659903443,-36.4763909795176));
#7459=CARTESIAN_POINT('Ctrl Pts',(-0.791563927605117,4.20800881286832,-36.6033583979152));
#7460=CARTESIAN_POINT('Ctrl Pts',(-1.79988463095328,4.42903708037373,-36.7303258163129));
#7461=CARTESIAN_POINT('Ctrl Pts',(-2.68644172807086,4.88603188733017,-36.8572932347106));
#7462=CARTESIAN_POINT('Ctrl Pts',(-3.57299882518843,5.34302669428661,-36.9842606531082));
#7463=CARTESIAN_POINT('Ctrl Pts',(-4.3377923160754,6.03598804069409,-37.1112280715058));
#7464=CARTESIAN_POINT('Ctrl Pts',(-4.87978527094605,6.87329114749757,-37.2381954899035));
#7465=CARTESIAN_POINT('Ctrl Pts',(-5.4217782258167,7.71059425430105,-37.3651629083012));
#7466=CARTESIAN_POINT('Ctrl Pts',(-5.74097064467102,8.69223912150055,-37.4921303266988));
#7467=CARTESIAN_POINT('Ctrl Pts',(-5.79496542967932,9.6880297100785,-37.6190977450965));
#7468=CARTESIAN_POINT('Ctrl Pts',(-5.84896021464651,10.6838202978984,-37.7460651633975));
#7469=CARTESIAN_POINT('Ctrl Pts',(-5.63775736617143,11.6937566070753,-37.8730325816985));
#7470=CARTESIAN_POINT('Ctrl Pts',(-5.18943903248166,12.5850692033511,-37.9999999999995));
#7471=CARTESIAN_POINT('',(-0.20790354400327,5.40271096504951,-27.9999999999998));
#7472=CARTESIAN_POINT('Ctrl Pts',(-0.207903544100655,5.40271096521826,-28.0000000001023));
#7473=CARTESIAN_POINT('Ctrl Pts',(-0.33826973778018,5.3715757256568,-27.9999999860239));
#7474=CARTESIAN_POINT('Ctrl Pts',(-0.46985826313787,5.34646644339496,-27.9999999907016));
#7475=CARTESIAN_POINT('Ctrl Pts',(-0.60222590686176,5.32720281311485,-28.0000000137792));
#7476=CARTESIAN_POINT('Ctrl Pts',(-0.731903008917476,5.30833074076001,-28.0000000363876));
#7477=CARTESIAN_POINT('Ctrl Pts',(-0.862328645543006,5.29506875953513,-28.0000000765684));
#7478=CARTESIAN_POINT('Ctrl Pts',(-0.993133558456857,5.28727648859003,-28.0000001268851));
#7479=CARTESIAN_POINT('Ctrl Pts',(-1.12800938361756,5.27924170648449,-28.0000001787678));
#7480=CARTESIAN_POINT('Ctrl Pts',(-1.26328895735801,5.27702180021844,-28.0000002414014));
#7481=CARTESIAN_POINT('Ctrl Pts',(-1.39860941107985,5.28050156249006,-28.0000002997807));
#7482=CARTESIAN_POINT('Ctrl Pts',(-1.53392986480169,5.28398132476168,-28.0000003581601));
#7483=CARTESIAN_POINT('Ctrl Pts',(-1.66929199301549,5.29316040384061,-28.0000004122286));
#7484=CARTESIAN_POINT('Ctrl Pts',(-1.80436410078534,5.30796854200682,-28.0000004409138));
#7485=CARTESIAN_POINT('Ctrl Pts',(-1.94351104135757,5.32322340961361,-28.0000004704643));
#7486=CARTESIAN_POINT('Ctrl Pts',(-2.08179917737298,5.34439331118693,-28.0000004794118));
#7487=CARTESIAN_POINT('Ctrl Pts',(-2.21882251656584,5.37129350858753,-28.0000004788433));
#7488=CARTESIAN_POINT('Ctrl Pts',(-2.358982793373,5.39880954443984,-28.0000004782617));
#7489=CARTESIAN_POINT('Ctrl Pts',(-2.49782028850897,5.4323208148843,-28.0000004676921));
#7490=CARTESIAN_POINT('Ctrl Pts',(-2.63493879505655,5.47166844592426,-28.0000004532119));
#7491=CARTESIAN_POINT('Ctrl Pts',(-2.69811910422933,5.48979871554952,-28.0000004465399));
#7492=CARTESIAN_POINT('Ctrl Pts',(-2.76093492517346,5.50916868040301,-28.000000438961));
#7493=CARTESIAN_POINT('Ctrl Pts',(-2.82334958014953,5.52976585501908,-28.0000004306985));
#7494=CARTESIAN_POINT('Ctrl Pts',(-2.95873353670088,5.57444329486668,-28.0000004127762));
#7495=CARTESIAN_POINT('Ctrl Pts',(-3.09222921368022,5.62489134935502,-28.0000003919225));
#7496=CARTESIAN_POINT('Ctrl Pts',(-3.22358499499483,5.68081930723103,-28.0000003670388));
#7497=CARTESIAN_POINT('Ctrl Pts',(-3.35672087085334,5.73750518418506,-28.0000003418178));
#7498=CARTESIAN_POINT('Ctrl Pts',(-3.48765916893264,5.79982044933499,-28.0000003124218));
#7499=CARTESIAN_POINT('Ctrl Pts',(-3.61614655942747,5.86751489923896,-28.000000273447));
#7500=CARTESIAN_POINT('Ctrl Pts',(-3.63786549037633,5.87895766476967,-28.0000002668589));
#7501=CARTESIAN_POINT('Ctrl Pts',(-3.65951439658461,5.89055425025214,-28.0000002599881));
#7502=CARTESIAN_POINT('Ctrl Pts',(-3.68109205537568,5.90230359350373,-28.0000002527977));
#7503=CARTESIAN_POINT('Ctrl Pts',(-3.81349340775679,5.9743980200198,-28.0000002086774));
#7504=CARTESIAN_POINT('Ctrl Pts',(-3.94275921721451,6.05199395083663,-28.0000001613486));
#7505=CARTESIAN_POINT('Ctrl Pts',(-4.06860907075371,6.13472509931606,-28.000000120744));
#7506=CARTESIAN_POINT('Ctrl Pts',(-4.1971394138504,6.2192183474193,-28.0000000792745));
#7507=CARTESIAN_POINT('Ctrl Pts',(-4.32210744089292,6.30906783189325,-28.0000000447888));
#7508=CARTESIAN_POINT('Ctrl Pts',(-4.44322588551895,6.40393692249335,-28.0000000237056));
#7509=CARTESIAN_POINT('Ctrl Pts',(-4.53438717644726,6.47534131341832,-28.000000007837));
#7510=CARTESIAN_POINT('Ctrl Pts',(-4.62336799194475,6.54959044735717,-27.9999999994713));
#7511=CARTESIAN_POINT('Ctrl Pts',(-4.71004619271619,6.62656021816228,-27.9999999999999));
#7512=CARTESIAN_POINT('Ctrl Pts',(-0.207903544028266,5.40271096506128,-28.0000000000007));
#7513=CARTESIAN_POINT('Ctrl Pts',(-1.00519320983279,5.43009555256301,-28.1269674183973));
#7514=CARTESIAN_POINT('Ctrl Pts',(-1.79452641665338,5.66914847507554,-28.2539348367938));
#7515=CARTESIAN_POINT('Ctrl Pts',(-2.4725250138086,6.08910067796056,-28.3809022551903));
#7516=CARTESIAN_POINT('Ctrl Pts',(-3.15052361096982,6.5090528808493,-28.507869673588));
#7517=CARTESIAN_POINT('Ctrl Pts',(-3.71718759846371,7.10990436411372,-28.6348370919856));
#7518=CARTESIAN_POINT('Ctrl Pts',(-4.09649022023862,7.81115909339028,-28.7618045103833));
#7519=CARTESIAN_POINT('Ctrl Pts',(-4.47579284201352,8.51241382266685,-28.8887719287809));
#7520=CARTESIAN_POINT('Ctrl Pts',(-4.66773409806944,9.31407179795555,-29.0157393471786));
#7521=CARTESIAN_POINT('Ctrl Pts',(-4.64870297119836,10.1117335079018,-29.1427067655763));
#7522=CARTESIAN_POINT('Ctrl Pts',(-4.62967184432729,10.909395217848,-29.2696741839739));
#7523=CARTESIAN_POINT('Ctrl Pts',(-4.39966833452921,11.7030606624518,-29.3966416023716));
#7524=CARTESIAN_POINT('Ctrl Pts',(-3.98594257398765,12.3845280269126,-29.5236090207692));
#7525=CARTESIAN_POINT('Ctrl Pts',(-3.4343082265989,13.2931511795271,-29.6928989119661));
#7526=CARTESIAN_POINT('Ctrl Pts',(-2.55605654455508,14.0023110785541,-29.8621888031629));
#7527=CARTESIAN_POINT('Ctrl Pts',(-1.55180257954737,14.3491454268457,-30.0314786943598));
#7528=CARTESIAN_POINT('Ctrl Pts',(-0.547548614539661,14.6959797751374,-30.2007685855567));
#7529=CARTESIAN_POINT('Ctrl Pts',(0.582707633431932,14.6804885726937,-30.3700584767536));
#7530=CARTESIAN_POINT('Ctrl Pts',(1.57678089741167,14.3050055369871,-30.5393483679504));
#7531=CARTESIAN_POINT('Ctrl Pts',(2.57085416139141,13.9295225012805,-30.7086382591473));
#7532=CARTESIAN_POINT('Ctrl Pts',(3.42874444137929,13.194047632311,-30.8779281503442));
#7533=CARTESIAN_POINT('Ctrl Pts',(3.95263259642738,12.2696508691703,-31.047218041541));
#7534=CARTESIAN_POINT('Ctrl Pts',(4.34218964084711,11.5822803542038,-31.1731000051421));
#7535=CARTESIAN_POINT('Ctrl Pts',(4.54706909649735,10.7904505041729,-31.2989819687432));
#7536=CARTESIAN_POINT('Ctrl Pts',(4.54932321988894,9.99949994600786,-31.4248639323442));
#7537=CARTESIAN_POINT('Origin',(-0.0499999999999989,10.,-37.9999999999998));
#7538=CARTESIAN_POINT('Ctrl Pts',(4.54847122521593,10.0003411801141,-29.5751360693011));
#7539=CARTESIAN_POINT('Ctrl Pts',(4.54787468294545,9.37363145366992,-29.6747857870518));
#7540=CARTESIAN_POINT('Ctrl Pts',(4.4219195663344,8.7465326307184,-29.7744355048026));
#7541=CARTESIAN_POINT('Ctrl Pts',(4.17364400795913,8.17243669854003,-29.8740852225534));
#7542=CARTESIAN_POINT('Ctrl Pts',(3.75186115485247,7.19713400738617,-30.0433751137502));
#7543=CARTESIAN_POINT('Ctrl Pts',(2.97705046885043,6.37480244188362,-30.2126650049471));
#7544=CARTESIAN_POINT('Ctrl Pts',(2.02892238928393,5.89500226570037,-30.381954896144));
#7545=CARTESIAN_POINT('Ctrl Pts',(1.08079430971742,5.41520208951712,-30.5512447873408));
#7546=CARTESIAN_POINT('Ctrl Pts',(-0.0406511634135702,5.27793330265318,
-30.7205346785377));
#7547=CARTESIAN_POINT('Ctrl Pts',(-1.07636912534131,5.51478995267705,-30.8898245697346));
#7548=CARTESIAN_POINT('Ctrl Pts',(-2.11208708726905,5.75164660270092,-31.0591144609315));
#7549=CARTESIAN_POINT('Ctrl Pts',(-3.06207753799354,6.3626286896126,-31.2284043521283));
#7550=CARTESIAN_POINT('Ctrl Pts',(-3.70728915858056,7.20712659816717,-31.3976942433252));
#7551=CARTESIAN_POINT('Ctrl Pts',(-4.35250077916757,8.05162450672173,-31.5669841345221));
#7552=CARTESIAN_POINT('Ctrl Pts',(-4.69293356961711,9.12963823691918,-31.736274025719));
#7553=CARTESIAN_POINT('Ctrl Pts',(-4.64862586847934,10.1912553007988,-31.9055639169158));
#7554=CARTESIAN_POINT('Ctrl Pts',(-4.60431816734156,11.2528723646784,-32.0748538081127));
#7555=CARTESIAN_POINT('Ctrl Pts',(-4.17526997461647,12.2980927622401,-32.2441436993096));
#7556=CARTESIAN_POINT('Ctrl Pts',(-3.46233222959411,13.0862862485933,-32.4134335905064));
#7557=CARTESIAN_POINT('Ctrl Pts',(-2.74939448457173,13.8744797349466,-32.5827234817033));
#7558=CARTESIAN_POINT('Ctrl Pts',(-1.75256718725208,14.4056463100913,-32.7520133729002));
#7559=CARTESIAN_POINT('Ctrl Pts',(-0.700807887067181,14.555913555025,-32.921303264097));
#7560=CARTESIAN_POINT('Ctrl Pts',(0.350951413117714,14.7061807999587,-33.0905931552939));
#7561=CARTESIAN_POINT('Ctrl Pts',(1.45764271616786,14.4755487146816,-33.2598830464908));
#7562=CARTESIAN_POINT('Ctrl Pts',(2.36248352051307,13.9182820649537,-33.4291729376876));
#7563=CARTESIAN_POINT('Ctrl Pts',(3.26732432485829,13.3610154152259,-33.5984628288845));
#7564=CARTESIAN_POINT('Ctrl Pts',(3.97031463049857,12.4771142010473,-33.7677527200814));
#7565=CARTESIAN_POINT('Ctrl Pts',(4.30981307307954,11.4702826220412,-33.9370426112783));
#7566=CARTESIAN_POINT('Ctrl Pts',(4.4689727190543,10.9982717448997,-34.0164070965618));
#7567=CARTESIAN_POINT('Ctrl Pts',(4.54824372103098,10.4992430961095,-34.0957715818453));
#7568=CARTESIAN_POINT('Ctrl Pts',(4.54814114310735,10.0001267116559,-34.1751360671289));
#7569=CARTESIAN_POINT('Origin',(-0.0499999999999989,10.,-27.9999999999998));
#7570=CARTESIAN_POINT('Ctrl Pts',(2.20376174410728,14.0100571067458,-37.9999999999131));
#7571=CARTESIAN_POINT('Ctrl Pts',(1.50831339047436,14.4009180976737,-37.8730325815155));
#7572=CARTESIAN_POINT('Ctrl Pts',(-0.0889386823041244,14.8126529754092,
-37.6190977447202));
#7573=CARTESIAN_POINT('Ctrl Pts',(-2.47804322801232,14.1558390176546,-37.2381954895272));
#7574=CARTESIAN_POINT('Ctrl Pts',(-4.21958481602133,12.4001002738856,-36.8572932343343));
#7575=CARTESIAN_POINT('Ctrl Pts',(-4.93919244636508,9.74149782237595,-36.4340685063421));
#7576=CARTESIAN_POINT('Ctrl Pts',(-3.88872361935015,6.82000627335078,-35.9685213055507));
#7577=CARTESIAN_POINT('Ctrl Pts',(-0.967805682965107,5.0986132441885,-35.4606516319601));
#7578=CARTESIAN_POINT('Ctrl Pts',(2.37838672428574,5.64526346898281,-34.9527819583694));
#7579=CARTESIAN_POINT('Ctrl Pts',(4.60132467454562,8.20392715542745,-34.4449122847788));
#7580=CARTESIAN_POINT('Ctrl Pts',(4.67330493597891,11.5932129868138,-33.9370426111882));
#7581=CARTESIAN_POINT('Ctrl Pts',(2.56433401913015,14.2449166292598,-33.4291729375976));
#7582=CARTESIAN_POINT('Ctrl Pts',(-0.755739889907493,14.9368128850685,-32.921303264007));
#7583=CARTESIAN_POINT('Ctrl Pts',(-3.74622178176528,13.3433131596892,-32.4134335904164));
#7584=CARTESIAN_POINT('Ctrl Pts',(-5.03336635989751,10.2076519671106,-31.9055639168258));
#7585=CARTESIAN_POINT('Ctrl Pts',(-4.01206798858419,6.97361077662777,-31.3976942432351));
#7586=CARTESIAN_POINT('Ctrl Pts',(-1.1620966365078,5.14066451595436,-30.8898245696445));
#7587=CARTESIAN_POINT('Ctrl Pts',(2.20223978277107,5.55247087653152,-30.3819548960539));
#7588=CARTESIAN_POINT('Ctrl Pts',(4.5266718406988,8.01946557295501,-29.8740852224633));
#7589=CARTESIAN_POINT('Ctrl Pts',(4.73293690132638,11.4042870232556,-29.3662155488727));
#7590=CARTESIAN_POINT('Ctrl Pts',(2.89843176448575,13.9085763539045,-28.9006683480813));
#7591=CARTESIAN_POINT('Ctrl Pts',(0.29195607739789,14.7989002445849,-28.4774436200891));
#7592=CARTESIAN_POINT('Ctrl Pts',(-2.1374792609155,14.3368893893503,-28.0965413648961));
#7593=CARTESIAN_POINT('Ctrl Pts',(-4.01802198345344,12.7236054474319,-27.7156391097032));
#7594=CARTESIAN_POINT('Ctrl Pts',(-4.56989186876712,11.1691869910398,-27.4617042729079));
#7595=CARTESIAN_POINT('Ctrl Pts',(-4.63476522543059,10.3740692800088,-27.3347368545102));
#7596=CARTESIAN_POINT('Ctrl Pts',(2.3900650848516,14.3462281218886,-38.2217158941362));
#7597=CARTESIAN_POINT('Ctrl Pts',(1.63631616597357,14.7693992727343,-38.0947484757385));
#7598=CARTESIAN_POINT('Ctrl Pts',(-0.0945942678875666,15.2147374177974,
-37.8408136389432));
#7599=CARTESIAN_POINT('Ctrl Pts',(-2.68298391590917,14.5018534939855,-37.4599113837502));
#7600=CARTESIAN_POINT('Ctrl Pts',(-4.5691575869722,12.5985508818652,-37.0790091285573));
#7601=CARTESIAN_POINT('Ctrl Pts',(-5.34756221917124,9.71745934936311,-36.6557844005651));
#7602=CARTESIAN_POINT('Ctrl Pts',(-4.2078672960944,6.55239718470514,-36.1902371997737));
#7603=CARTESIAN_POINT('Ctrl Pts',(-1.04204336541987,4.68863710748771,-35.6823675261831));
#7604=CARTESIAN_POINT('Ctrl Pts',(2.58345537733511,5.28263136389506,-35.1744978525925));
#7605=CARTESIAN_POINT('Ctrl Pts',(4.99084597358721,8.05618420567778,-34.6666281790018));
#7606=CARTESIAN_POINT('Ctrl Pts',(5.06714872945912,11.728685777317,-34.1587585054113));
#7607=CARTESIAN_POINT('Ctrl Pts',(2.78064658177392,14.6008903757157,-33.6508888318206));
#7608=CARTESIAN_POINT('Ctrl Pts',(-0.817169419028356,15.3489382212198,-33.14301915823));
#7609=CARTESIAN_POINT('Ctrl Pts',(-4.0567152187787,13.6208068322754,-32.6351494846394));
#7610=CARTESIAN_POINT('Ctrl Pts',(-5.44983736013749,10.2225143682169,-32.1272798110488));
#7611=CARTESIAN_POINT('Ctrl Pts',(-4.34159381755485,6.71877407577766,-31.6194101374582));
#7612=CARTESIAN_POINT('Ctrl Pts',(-1.25258854961827,4.73410492574075,-31.1115404638676));
#7613=CARTESIAN_POINT('Ctrl Pts',(2.39263755128274,5.18199760311032,-30.6036707902769));
#7614=CARTESIAN_POINT('Ctrl Pts',(4.91004764398483,7.85627343929283,-30.0958011166863));
#7615=CARTESIAN_POINT('Ctrl Pts',(5.13185708600235,11.5240045429236,-29.5879314430957));
#7616=CARTESIAN_POINT('Ctrl Pts',(3.14282678159949,14.2366151695279,-29.1223842423043));
#7617=CARTESIAN_POINT('Ctrl Pts',(0.318131662647418,15.2000258877289,-28.6991595143121));
#7618=CARTESIAN_POINT('Ctrl Pts',(-2.31405566467647,14.6982007305711,-28.3182572591192));
#7619=CARTESIAN_POINT('Ctrl Pts',(-4.35091545377491,12.9491860871109,-27.9373550039262));
#7620=CARTESIAN_POINT('Ctrl Pts',(-4.94811854435732,11.2646179715193,-27.6834201671309));
#7621=CARTESIAN_POINT('Ctrl Pts',(-5.01801564986881,10.403034748459,-27.5564527487332));
#7622=CARTESIAN_POINT('Ctrl Pts',(2.57659109132113,14.6822429221679,-38.443480108579));
#7623=CARTESIAN_POINT('Ctrl Pts',(1.76456841371755,15.1377624939298,-38.3165126901813));
#7624=CARTESIAN_POINT('Ctrl Pts',(-0.099966588466741,15.6167960112732,-38.062577853386));
#7625=CARTESIAN_POINT('Ctrl Pts',(-2.88766608628313,14.8479861630684,-37.681675598193));
#7626=CARTESIAN_POINT('Ctrl Pts',(-4.91856466360095,12.7972325596955,-37.3007733430001));
#7627=CARTESIAN_POINT('Ctrl Pts',(-5.75591867343557,9.69370974919727,-36.8775486150079));
#7628=CARTESIAN_POINT('Ctrl Pts',(-4.52717528113355,6.28503255982294,-36.4120014142165));
#7629=CARTESIAN_POINT('Ctrl Pts',(-1.1165636687896,4.27874396356542,-35.9041317406259));
#7630=CARTESIAN_POINT('Ctrl Pts',(2.78825382646998,4.91988178656772,-35.3962620670353));
#7631=CARTESIAN_POINT('Ctrl Pts',(5.38023430160638,7.90817847831279,-34.8883923934446));
#7632=CARTESIAN_POINT('Ctrl Pts',(5.4610582457147,11.8638714560643,-34.380522719854));
#7633=CARTESIAN_POINT('Ctrl Pts',(2.99719336050864,14.9566854299709,-33.8726530462634));
#7634=CARTESIAN_POINT('Ctrl Pts',(-0.878304716541878,15.761076211164,-33.3647833726728));
#7635=CARTESIAN_POINT('Ctrl Pts',(-4.36699024614387,13.8984981809576,-32.8569136990822));
#7636=CARTESIAN_POINT('Ctrl Pts',(-5.86626685935348,10.2376683957148,-32.3490440254916));
#7637=CARTESIAN_POINT('Ctrl Pts',(-4.67127433092788,6.46418809852874,-31.841174351901));
#7638=CARTESIAN_POINT('Ctrl Pts',(-1.34335952071242,4.32763941300227,-31.3333046783103));
#7639=CARTESIAN_POINT('Ctrl Pts',(2.58276054929997,4.81141810136704,-30.8254350047197));
#7640=CARTESIAN_POINT('Ctrl Pts',(5.29328031839036,7.6928238784708,-30.3175653311291));
#7641=CARTESIAN_POINT('Ctrl Pts',(5.53083181616821,11.6434325559872,-29.8096956575385));
#7642=CARTESIAN_POINT('Ctrl Pts',(3.38743400412776,14.5644576048048,-29.3441484567471));
#7643=CARTESIAN_POINT('Ctrl Pts',(0.344587456618503,15.6011032002215,-28.9209237287549));
#7644=CARTESIAN_POINT('Ctrl Pts',(-2.49036496206065,15.0596093356551,-28.540021473562));
#7645=CARTESIAN_POINT('Ctrl Pts',(-4.68362529051848,13.174983918931,-28.159119218369));
#7646=CARTESIAN_POINT('Ctrl Pts',(-5.32625025696327,11.3603081116424,-27.9051843815737));
#7647=CARTESIAN_POINT('Ctrl Pts',(-5.40121706933308,10.4322677643278,-27.778216963176));
#7648=CARTESIAN_POINT('Ctrl Pts',(2.76323163746853,15.0181813547033,-38.6652631451148));
#7649=CARTESIAN_POINT('Ctrl Pts',(1.89294828028415,15.5060689978429,-38.5382957267172));
#7650=CARTESIAN_POINT('Ctrl Pts',(-0.105195283266992,16.0188449442155,-38.2843608899218));
#7651=CARTESIAN_POINT('Ctrl Pts',(-3.09221889713163,15.1941817225331,-37.9034586347289));
#7652=CARTESIAN_POINT('Ctrl Pts',(-5.26789068313262,12.9960331329401,-37.5225563795359));
#7653=CARTESIAN_POINT('Ctrl Pts',(-6.16427188015631,9.67010644550207,-37.0993316515438));
#7654=CARTESIAN_POINT('Ctrl Pts',(-4.84656932171574,6.01778964517256,-36.6337844507523));
#7655=CARTESIAN_POINT('Ctrl Pts',(-1.19122793790041,3.86888942997241,-36.1259147771618));
#7656=CARTESIAN_POINT('Ctrl Pts',(2.9929169956692,4.55706950573975,-35.6180451035711));
#7657=CARTESIAN_POINT('Ctrl Pts',(5.76955851248112,7.7600382217105,-35.1101754299805));
#7658=CARTESIAN_POINT('Ctrl Pts',(5.85500444604683,11.9989126666033,-34.6023057563899));
#7659=CARTESIAN_POINT('Ctrl Pts',(3.21386078055452,15.3123928926508,-34.0944360827993));
#7660=CARTESIAN_POINT('Ctrl Pts',(-0.939291324695228,16.1732241540933,-33.5865664092087));
#7661=CARTESIAN_POINT('Ctrl Pts',(-4.67715714198373,14.1762921624484,-33.0786967356181));
#7662=CARTESIAN_POINT('Ctrl Pts',(-6.28267886693011,10.2529704474987,-32.5708270620274));
#7663=CARTESIAN_POINT('Ctrl Pts',(-5.00103611772267,6.20972710643858,-32.0629573884368));
#7664=CARTESIAN_POINT('Ctrl Pts',(-1.43427279273055,3.92121815342776,-31.5550877148462));
#7665=CARTESIAN_POINT('Ctrl Pts',(2.77274580947373,4.44078155951602,-31.0472180412556));
#7666=CARTESIAN_POINT('Ctrl Pts',(5.67644369385478,7.5292423623971,-30.539348367665));
#7667=CARTESIAN_POINT('Ctrl Pts',(5.92983762882833,11.7627147548252,-30.0314786940744));
#7668=CARTESIAN_POINT('Ctrl Pts',(3.63215092134027,14.8922032335584,-29.565931493283));
#7669=CARTESIAN_POINT('Ctrl Pts',(0.371185599428024,16.0021594269984,-29.1427067652908));
#7670=CARTESIAN_POINT('Ctrl Pts',(-2.66654030779076,15.4210703598789,-28.7618045100978));
#7671=CARTESIAN_POINT('Ctrl Pts',(-5.01624481872217,13.4008938298271,-28.3809022549049));
#7672=CARTESIAN_POINT('Ctrl Pts',(-5.70433707038444,11.4561305310109,-28.1269674181096));
#7673=CARTESIAN_POINT('Ctrl Pts',(-5.78439690581394,10.4616367417536,-27.9999999997119));
#7674=CARTESIAN_POINT('',(-2.2783150874666,15.3038691750275,-37.9999999999998));
#7675=CARTESIAN_POINT('Ctrl Pts',(2.20376174402023,14.0100571067947,-37.9999999998972));
#7676=CARTESIAN_POINT('Ctrl Pts',(2.1085517092004,14.1043958415041,-38.0000000139757));
#7677=CARTESIAN_POINT('Ctrl Pts',(2.00916639464645,14.194220829423,-38.0000000092979));
#7678=CARTESIAN_POINT('Ctrl Pts',(1.90607813783318,14.279455901578,-37.9999999862204));
#7679=CARTESIAN_POINT('Ctrl Pts',(1.80508485647844,14.3629588134474,-37.9999999636119));
#7680=CARTESIAN_POINT('Ctrl Pts',(1.70053712567635,14.4420571531295,-37.9999999234309));
#7681=CARTESIAN_POINT('Ctrl Pts',(1.59282335871719,14.5166790579747,-37.9999998731138));
#7682=CARTESIAN_POINT('Ctrl Pts',(1.48175801685176,14.5936228656815,-37.9999998212311));
#7683=CARTESIAN_POINT('Ctrl Pts',(1.36732642871717,14.6658080925667,-37.9999997585977));
#7684=CARTESIAN_POINT('Ctrl Pts',(1.24989845919216,14.7331446918449,-37.9999997002185));
#7685=CARTESIAN_POINT('Ctrl Pts',(1.13247048966715,14.8004812911231,-37.9999996418393));
#7686=CARTESIAN_POINT('Ctrl Pts',(1.01204564271283,14.8629699760454,-37.9999995877709));
#7687=CARTESIAN_POINT('Ctrl Pts',(0.888943793716556,14.9204984905814,-37.9999995590858));
#7688=CARTESIAN_POINT('Ctrl Pts',(0.762127380779221,14.9797629119898,-37.9999995295352));
#7689=CARTESIAN_POINT('Ctrl Pts',(0.632971321832541,15.0335272242424,-37.9999995205877));
#7690=CARTESIAN_POINT('Ctrl Pts',(0.501918462187866,15.0817383827054,-37.9999995211563));
#7691=CARTESIAN_POINT('Ctrl Pts',(0.367865840013921,15.1310530808168,-37.999999521738));
#7692=CARTESIAN_POINT('Ctrl Pts',(0.231828312575595,15.1745581749259,-37.9999995323077));
#7693=CARTESIAN_POINT('Ctrl Pts',(0.0942269195162866,15.2121836083885,-37.9999995467879));
#7694=CARTESIAN_POINT('Ctrl Pts',(0.030824933308207,15.2295201132045,-37.9999995534599));
#7695=CARTESIAN_POINT('Ctrl Pts',(-0.0329097704073862,15.2456080905613,
-37.9999995610386));
#7696=CARTESIAN_POINT('Ctrl Pts',(-0.0969393711169442,15.2604391573365,
-37.9999995693011));
#7697=CARTESIAN_POINT('Ctrl Pts',(-0.235828677226879,15.2926098494923,-37.9999995872235));
#7698=CARTESIAN_POINT('Ctrl Pts',(-0.376103072116136,15.3188690747999,-37.9999996080773));
#7699=CARTESIAN_POINT('Ctrl Pts',(-0.517396457392518,15.3393343857543,-37.9999996329612));
#7700=CARTESIAN_POINT('Ctrl Pts',(-0.660604509997421,15.3600770222336,-37.9999996581823));
#7701=CARTESIAN_POINT('Ctrl Pts',(-0.804859939246997,15.3748680613608,-37.9999996875785));
#7702=CARTESIAN_POINT('Ctrl Pts',(-0.949816230046152,15.3837895522477,-37.9999997265536));
#7703=CARTESIAN_POINT('Ctrl Pts',(-0.974317541024261,15.3852975117947,-37.9999997331414));
#7704=CARTESIAN_POINT('Ctrl Pts',(-0.998838942267402,15.3866376802436,-37.9999997400119));
#7705=CARTESIAN_POINT('Ctrl Pts',(-1.02337883718321,15.3878103293155,-37.9999997472019));
#7706=CARTESIAN_POINT('Ctrl Pts',(-1.17396563843252,15.3950061821637,-37.9999997913224));
#7707=CARTESIAN_POINT('Ctrl Pts',(-1.32473187858102,15.3958722118784,-37.9999998386514));
#7708=CARTESIAN_POINT('Ctrl Pts',(-1.47524757913059,15.3905755715143,-37.9999998792562));
#7709=CARTESIAN_POINT('Ctrl Pts',(-1.62896904724302,15.3851661203417,-37.9999999207258));
#7710=CARTESIAN_POINT('Ctrl Pts',(-1.78242975849233,15.373329109983,-37.9999999552116));
#7711=CARTESIAN_POINT('Ctrl Pts',(-1.93520928656226,15.3552027889734,-37.9999999762947));
#7712=CARTESIAN_POINT('Ctrl Pts',(-2.05019861029952,15.3415600357782,-37.9999999921628));
#7713=CARTESIAN_POINT('Ctrl Pts',(-2.16480291549336,15.3243537084544,-38.0000000005283));
#7714=CARTESIAN_POINT('Ctrl Pts',(-2.27885333899999,15.3036263328362,-37.9999999999997));
#7715=CARTESIAN_POINT('',(-5.78439690563916,10.4616367440255,-27.9999999999998));
#7716=CARTESIAN_POINT('Ctrl Pts',(-5.78439690562821,10.4616367440222,-27.9999999999998));
#7717=CARTESIAN_POINT('Ctrl Pts',(-5.70883674663656,10.7083557038055,-27.9999999999998));
#7718=CARTESIAN_POINT('Ctrl Pts',(-5.6162951194315,10.9499906049834,-27.9999999999998));
#7719=CARTESIAN_POINT('Ctrl Pts',(-5.21762461947386,11.8034764730187,-27.9999999999998));
#7720=CARTESIAN_POINT('Ctrl Pts',(-4.81488188550903,12.3627798607453,-27.9999999999998));
#7721=CARTESIAN_POINT('Ctrl Pts',(-4.0322129875373,13.0814303291941,-27.9999999999998));
#7722=CARTESIAN_POINT('Ctrl Pts',(-3.72290794785311,13.3061074930991,-27.9999999999998));
#7723=CARTESIAN_POINT('Ctrl Pts',(-3.12981602379904,13.6353859162686,-27.9999999999998));
#7724=CARTESIAN_POINT('Ctrl Pts',(-2.85647396266493,13.7547531224559,-27.9999999999998));
#7725=CARTESIAN_POINT('Ctrl Pts',(-2.57359344827241,13.8459688126378,-27.9999999999998));
#7726=CARTESIAN_POINT('Ctrl Pts',(-5.78439690563105,10.4616367440246,-28.0000000000018));
#7727=CARTESIAN_POINT('Ctrl Pts',(-5.70433706986059,11.4561305324913,-28.1269674183028));
#7728=CARTESIAN_POINT('Ctrl Pts',(-5.36029094412419,12.4285121810454,-28.2539348366038));
#7729=CARTESIAN_POINT('Ctrl Pts',(-4.79665046314912,13.251399093465,-28.3809022549048));
#7730=CARTESIAN_POINT('Ctrl Pts',(-4.23300998174499,14.074286006511,-28.5078696733025));
#7731=CARTESIAN_POINT('Ctrl Pts',(-3.44977514476786,14.7476781831949,-28.6348370917001));
#7732=CARTESIAN_POINT('Ctrl Pts',(-2.55187007507616,15.1812224493901,-28.7618045100978));
#7733=CARTESIAN_POINT('Ctrl Pts',(-1.65396500538447,15.6147667155854,-28.8887719284954));
#7734=CARTESIAN_POINT('Ctrl Pts',(-0.641389702978228,15.8084630712918,-29.0157393468931));
#7735=CARTESIAN_POINT('Ctrl Pts',(0.354042746511727,15.7388178201291,-29.1427067652908));
#7736=CARTESIAN_POINT('Ctrl Pts',(1.34947519600168,15.6691725689663,-29.2696741836884));
#7737=CARTESIAN_POINT('Ctrl Pts',(2.32776479257534,15.3361857109343,-29.3966416020861));
#7738=CARTESIAN_POINT('Ctrl Pts',(3.15534820318097,14.7801231387005,-29.5236090204837));
#7739=CARTESIAN_POINT('Ctrl Pts',(4.25879275065514,14.038706375722,-29.6928989116806));
#7740=CARTESIAN_POINT('Ctrl Pts',(5.0943151897417,12.9007105652736,-29.8621888028775));
#7741=CARTESIAN_POINT('Ctrl Pts',(5.46984408678939,11.626133927978,-30.0314786940743));
#7742=CARTESIAN_POINT('Ctrl Pts',(5.84537298383708,10.3515572906825,-30.2007685852712));
#7743=CARTESIAN_POINT('Ctrl Pts',(5.7609083388459,8.9403998265398,-30.3700584764681));
#7744=CARTESIAN_POINT('Ctrl Pts',(5.23472636895347,7.72007762732162,-30.5393483676649));
#7745=CARTESIAN_POINT('Ctrl Pts',(4.70854439906104,6.49975542810344,-30.7086382588618));
#7746=CARTESIAN_POINT('Ctrl Pts',(3.74064510426737,5.47026849380976,-30.8779281500587));
#7747=CARTESIAN_POINT('Ctrl Pts',(2.5555256898365,4.86893112564821,-31.0472180412556));
#7748=CARTESIAN_POINT('Ctrl Pts',(1.37040627540563,4.26759375748666,-31.2165079324524));
#7749=CARTESIAN_POINT('Ctrl Pts',(-0.0319332586624524,4.09440595545724,
-31.3857978236493));
#7750=CARTESIAN_POINT('Ctrl Pts',(-1.32756357986184,4.38923021327767,-31.5550877148462));
#7751=CARTESIAN_POINT('Ctrl Pts',(-2.62319390106123,4.68405447109809,-31.7243776060431));
#7752=CARTESIAN_POINT('Ctrl Pts',(-3.81211500939193,5.44689078876837,-31.8936674972399));
#7753=CARTESIAN_POINT('Ctrl Pts',(-4.62018268842518,6.50218283778019,-32.0629573884368));
#7754=CARTESIAN_POINT('Ctrl Pts',(-5.42825036745843,7.557474886792,-32.2322472796337));
#7755=CARTESIAN_POINT('Ctrl Pts',(-5.85546461719423,8.90522266714534,-32.4015371708305));
#7756=CARTESIAN_POINT('Ctrl Pts',(-5.80148478790441,10.2329835098136,-32.5708270620274));
#7757=CARTESIAN_POINT('Ctrl Pts',(-5.74750495861459,11.5607443524819,-32.7401169532243));
#7758=CARTESIAN_POINT('Ctrl Pts',(-5.21233105029913,12.8685182574651,-32.9094068444212));
#7759=CARTESIAN_POINT('Ctrl Pts',(-4.32176645992666,13.8552272085642,-33.078696735618));
#7760=CARTESIAN_POINT('Ctrl Pts',(-3.43120186955419,14.8419361596633,-33.2479866268149));
#7761=CARTESIAN_POINT('Ctrl Pts',(-2.1852465971247,15.5075801568783,-33.4172765180118));
#7762=CARTESIAN_POINT('Ctrl Pts',(-0.87007694336834,15.6969302785787,-33.5865664092086));
#7763=CARTESIAN_POINT('Ctrl Pts',(0.445092710388021,15.886280400279,-33.7558563004055));
#7764=CARTESIAN_POINT('Ctrl Pts',(1.82947674547125,15.5993366464649,-33.9251461916024));
#7765=CARTESIAN_POINT('Ctrl Pts',(2.96185937392825,14.9036180652166,-34.0944360827992));
#7766=CARTESIAN_POINT('Ctrl Pts',(4.09424200238525,14.2078994839682,-34.2637259739961));
#7767=CARTESIAN_POINT('Ctrl Pts',(4.974623224216,13.1034060752858,-34.433015865193));
#7768=CARTESIAN_POINT('Ctrl Pts',(5.40057284620376,11.8446802967957,-34.6023057563899));
#7769=CARTESIAN_POINT('Ctrl Pts',(5.82652246819152,10.5859545183057,-34.7715956475867));
#7770=CARTESIAN_POINT('Ctrl Pts',(5.79804049033628,9.17299637000811,-34.9408855387836));
#7771=CARTESIAN_POINT('Ctrl Pts',(5.32102591527335,7.93268917653086,-35.1101754299805));
#7772=CARTESIAN_POINT('Ctrl Pts',(4.84401134021042,6.69238198305361,-35.2794653211773));
#7773=CARTESIAN_POINT('Ctrl Pts',(3.91846416793979,5.62472574439671,-35.4487552123742));
#7774=CARTESIAN_POINT('Ctrl Pts',(2.75833309287622,4.97620094577371,-35.6180451035711));
#7775=CARTESIAN_POINT('Ctrl Pts',(1.59820201781265,4.3276761471507,-35.787334994768));
#7776=CARTESIAN_POINT('Ctrl Pts',(0.203487039956127,4.09828278856159,-35.9566248859648));
#7777=CARTESIAN_POINT('Ctrl Pts',(-1.10309401294135,4.34173614513372,-36.1259147771617));
#7778=CARTESIAN_POINT('Ctrl Pts',(-2.40967506583882,4.58518950170585,-36.2952046683586));
#7779=CARTESIAN_POINT('Ctrl Pts',(-3.62812219377726,5.30148957343923,-36.4644945595554));
#7780=CARTESIAN_POINT('Ctrl Pts',(-4.4769280410993,6.32369720936582,-36.6337844507523));
#7781=CARTESIAN_POINT('Ctrl Pts',(-5.32573388842134,7.34590484529241,-36.8030743419492));
#7782=CARTESIAN_POINT('Ctrl Pts',(-5.804898455127,8.67402004541222,-36.9723642331461));
#7783=CARTESIAN_POINT('Ctrl Pts',(-5.80536756725258,10.0034240883065,-37.1416541243429));
#7784=CARTESIAN_POINT('Ctrl Pts',(-5.80571940134677,11.0004771204773,-37.2686215427406));
#7785=CARTESIAN_POINT('Ctrl Pts',(-5.53680504223967,11.9982551267087,-37.3955889611383));
#7786=CARTESIAN_POINT('Ctrl Pts',(-5.03973589835262,12.8635022280898,-37.5225563795359));
#7787=CARTESIAN_POINT('Ctrl Pts',(-4.54266675446557,13.728749329471,-37.6495237979336));
#7788=CARTESIAN_POINT('Ctrl Pts',(-3.81744282579859,14.461465526002,-37.7764912163312));
#7789=CARTESIAN_POINT('Ctrl Pts',(-2.95699359248766,14.9652674945479,-37.9034586347289));
#7790=CARTESIAN_POINT('Ctrl Pts',(-2.73890891958423,15.0929583370345,-37.9356390898199));
#7791=CARTESIAN_POINT('Ctrl Pts',(-2.51213748807726,15.2059439241353,-37.9678195449109));
#7792=CARTESIAN_POINT('Ctrl Pts',(-2.27885333899893,15.3036263328401,-38.0000000000018));
#7793=CARTESIAN_POINT('Ctrl Pts',(-2.27831508746346,15.3038691750201,-37.9999999999998));
#7794=CARTESIAN_POINT('Ctrl Pts',(-3.1847162243943,14.9230627746229,-37.8748860885534));
#7795=CARTESIAN_POINT('Ctrl Pts',(-4.79719525890163,13.6874513391219,-37.6246582656606));
#7796=CARTESIAN_POINT('Ctrl Pts',(-5.99573120762176,10.8844338764569,-37.2493165313215));
#7797=CARTESIAN_POINT('Ctrl Pts',(-5.66515585863764,7.85446587221925,-36.8739747969824));
#7798=CARTESIAN_POINT('Ctrl Pts',(-3.89070042517976,5.37580179530205,-36.4986330626433));
#7799=CARTESIAN_POINT('Ctrl Pts',(-1.12890223400597,4.08663612804169,-36.1232913283041));
#7800=CARTESIAN_POINT('Ctrl Pts',(1.91102227005595,4.31711622793721,-35.747949593965));
#7801=CARTESIAN_POINT('Ctrl Pts',(4.44553732453125,6.01016831196913,-35.3726078596259));
#7802=CARTESIAN_POINT('Ctrl Pts',(5.82500719043383,8.72818878591107,-34.9972661252868));
#7803=CARTESIAN_POINT('Ctrl Pts',(5.6931578471666,11.773425187303,-34.6219243909476));
#7804=CARTESIAN_POINT('Ctrl Pts',(4.08568917657353,14.3630406320907,-34.2465826566085));
#7805=CARTESIAN_POINT('Ctrl Pts',(1.41339934688019,15.8302470710458,-33.8712409222694));
#7806=CARTESIAN_POINT('Ctrl Pts',(-1.63466207928221,15.7984014227424,-33.4958991879302));
#7807=CARTESIAN_POINT('Ctrl Pts',(-4.27461350475579,14.2761409093616,-33.1205574535911));
#7808=CARTESIAN_POINT('Ctrl Pts',(-5.83048477692072,11.652753147613,-32.745215719252));
#7809=CARTESIAN_POINT('Ctrl Pts',(-5.89572486275424,8.60768398719235,-32.3698739849129));
#7810=CARTESIAN_POINT('Ctrl Pts',(-4.30591444531303,5.61409489539893,-31.952827613425));
#7811=CARTESIAN_POINT('Ctrl Pts',(-0.922056444502172,3.83983045993605,-31.4940766047882));
#7812=CARTESIAN_POINT('Ctrl Pts',(3.16476266151675,4.67516738230791,-30.9936209590028));
#7813=CARTESIAN_POINT('Ctrl Pts',(5.80500340794381,7.90099733176366,-30.4931653132172));
#7814=CARTESIAN_POINT('Ctrl Pts',(5.81744315898071,12.0711087637564,-29.9927096674317));
#7815=CARTESIAN_POINT('Ctrl Pts',(3.18825761110954,15.3101480180556,-29.4922540216462));
#7816=CARTESIAN_POINT('Ctrl Pts',(-0.550064707390294,16.0914433187138,-29.0335030130095));
#7817=CARTESIAN_POINT('Ctrl Pts',(-3.68059049325444,14.7883704802558,-28.6164566415216));
#7818=CARTESIAN_POINT('Ctrl Pts',(-5.56361207823768,12.3956490668794,-28.2411149071825));
#7819=CARTESIAN_POINT('Ctrl Pts',(-6.02923775417152,9.38099518302958,-27.8657731728433));
#7820=CARTESIAN_POINT('Ctrl Pts',(-5.31434052271064,7.48013656098096,-27.6155453499506));
#7821=CARTESIAN_POINT('Ctrl Pts',(-4.74654808773928,6.67752315067543,-27.4904314385042));
#7822=CARTESIAN_POINT('Ctrl Pts',(-2.297716218765,15.2955945119732,-38.1698561884761));
#7823=CARTESIAN_POINT('Ctrl Pts',(-3.2027032627546,14.911472568356,-38.0447422770297));
#7824=CARTESIAN_POINT('Ctrl Pts',(-4.81062028550964,13.669973874379,-37.794514454137));
#7825=CARTESIAN_POINT('Ctrl Pts',(-5.99885592913602,10.8626178330632,-37.4191727197978));
#7826=CARTESIAN_POINT('Ctrl Pts',(-5.65717852198899,7.83392184668729,-37.0438309854587));
#7827=CARTESIAN_POINT('Ctrl Pts',(-3.87367086089605,5.36181248224889,-36.6684892511196));
#7828=CARTESIAN_POINT('Ctrl Pts',(-1.10720100331549,4.08279779615719,-36.2931475167804));
#7829=CARTESIAN_POINT('Ctrl Pts',(1.93181825941818,4.32441844085593,-35.9178057824413));
#7830=CARTESIAN_POINT('Ctrl Pts',(4.46007593931676,6.02672912920807,-35.5424640481022));
#7831=CARTESIAN_POINT('Ctrl Pts',(5.8295535343252,8.74975321457605,-35.167122313763));
#7832=CARTESIAN_POINT('Ctrl Pts',(5.68654221688663,11.7944458740321,-34.7917805794239));
#7833=CARTESIAN_POINT('Ctrl Pts',(4.06961123429472,14.378116622164,-34.4164388450848));
#7834=CARTESIAN_POINT('Ctrl Pts',(1.39199522299762,15.8354967112912,-34.0410971107457));
#7835=CARTESIAN_POINT('Ctrl Pts',(-1.65588904343754,15.7924767497336,-33.6657553764066));
#7836=CARTESIAN_POINT('Ctrl Pts',(-4.29020716880645,14.2605676916084,-33.2904136420674));
#7837=CARTESIAN_POINT('Ctrl Pts',(-5.83642962104325,11.6315277120004,-32.9150719077283));
#7838=CARTESIAN_POINT('Ctrl Pts',(-5.89050443998058,8.58627971177398,-32.5397301733891));
#7839=CARTESIAN_POINT('Ctrl Pts',(-4.28975029365103,5.59857858298774,-32.1226838019013));
#7840=CARTESIAN_POINT('Ctrl Pts',(-0.899454462629166,3.83675536682485,-31.6639327932645));
#7841=CARTESIAN_POINT('Ctrl Pts',(3.18422110079261,4.68705902071246,-31.163477147479));
#7842=CARTESIAN_POINT('Ctrl Pts',(5.81258283599189,7.92250481471011,-30.6630215016935));
#7843=CARTESIAN_POINT('Ctrl Pts',(5.80973368429343,12.0925792116483,-30.162565855908));
#7844=CARTESIAN_POINT('Ctrl Pts',(3.16872512482538,15.3219150332963,-29.6621102101225));
#7845=CARTESIAN_POINT('Ctrl Pts',(-0.572387529642172,16.0894892395311,-29.2033592014858));
#7846=CARTESIAN_POINT('Ctrl Pts',(-3.69807388934959,14.774964946017,-28.7863128299979));
#7847=CARTESIAN_POINT('Ctrl Pts',(-5.57228585070104,12.3753873298183,-28.4109710956588));
#7848=CARTESIAN_POINT('Ctrl Pts',(-6.02684983489447,9.35908609115646,-28.0356293613196));
#7849=CARTESIAN_POINT('Ctrl Pts',(-5.3049977549294,7.46088612929953,-27.7854015384269));
#7850=CARTESIAN_POINT('Ctrl Pts',(-4.73427399376399,6.66037029198059,-27.6602876269805));
#7851=CARTESIAN_POINT('Ctrl Pts',(-2.317116601136,15.2873180112599,-38.3397123730191));
#7852=CARTESIAN_POINT('Ctrl Pts',(-3.22068923813159,14.8998806524132,-38.2145984615727));
#7853=CARTESIAN_POINT('Ctrl Pts',(-4.82404368838499,13.6524951201639,-37.9643706386799));
#7854=CARTESIAN_POINT('Ctrl Pts',(-6.0019786031259,10.8408014625742,-37.5890289043408));
#7855=CARTESIAN_POINT('Ctrl Pts',(-5.64919924060953,7.81337854037996,-37.2136871700017));
#7856=CARTESIAN_POINT('Ctrl Pts',(-3.85663995473811,5.34782474993909,-36.8383454356626));
#7857=CARTESIAN_POINT('Ctrl Pts',(-1.08549937857351,4.07896149991006,-36.4630037013234));
#7858=CARTESIAN_POINT('Ctrl Pts',(1.95261359345086,4.33172262118503,-36.0876619669843));
#7859=CARTESIAN_POINT('Ctrl Pts',(4.4746130182889,6.04329133927982,-35.7123202326452));
#7860=CARTESIAN_POINT('Ctrl Pts',(5.83409785652295,8.77131810368959,-35.3369784983061));
#7861=CARTESIAN_POINT('Ctrl Pts',(5.67992459910391,11.8154659703606,-34.9616367639669));
#7862=CARTESIAN_POINT('Ctrl Pts',(4.05353184936453,14.3931911226632,-34.5862950296278));
#7863=CARTESIAN_POINT('Ctrl Pts',(1.3705905727494,15.8407443459934,-34.2109532952887));
#7864=CARTESIAN_POINT('Ctrl Pts',(-1.67711548250247,15.7865500708659,-33.8356115609496));
#7865=CARTESIAN_POINT('Ctrl Pts',(-4.30579939155327,14.2449929832721,-33.4602698266104));
#7866=CARTESIAN_POINT('Ctrl Pts',(-5.84237247748693,11.6103016848914,-33.0849280922713));
#7867=CARTESIAN_POINT('Ctrl Pts',(-5.88528199574093,8.56487589492886,-32.7095863579321));
#7868=CARTESIAN_POINT('Ctrl Pts',(-4.27358465778212,5.58306376758778,-32.2925399864443));
#7869=CARTESIAN_POINT('Ctrl Pts',(-0.876852157133593,3.83368239524703,-31.8337889778075));
#7870=CARTESIAN_POINT('Ctrl Pts',(3.20367845096712,4.69895250767199,-31.333333332022));
#7871=CARTESIAN_POINT('Ctrl Pts',(5.8201602523129,7.94401304334512,-30.8328776862365));
#7872=CARTESIAN_POINT('Ctrl Pts',(5.80202217812935,12.114048966923,-30.332422040451));
#7873=CARTESIAN_POINT('Ctrl Pts',(3.14919150191914,15.3336802289653,-29.8319663946655));
#7874=CARTESIAN_POINT('Ctrl Pts',(-0.594710201986195,16.0875330574333,-29.3732153860288));
#7875=CARTESIAN_POINT('Ctrl Pts',(-3.7155560509306,14.7615577467181,-28.9561690145409));
#7876=CARTESIAN_POINT('Ctrl Pts',(-5.5809577302881,12.3551247460126,-28.5808272802018));
#7877=CARTESIAN_POINT('Ctrl Pts',(-6.02445985096622,9.33717719063111,-28.2054855458626));
#7878=CARTESIAN_POINT('Ctrl Pts',(-5.29565316203165,7.44163654725051,-27.9552577229699));
#7879=CARTESIAN_POINT('Ctrl Pts',(-4.72199826754367,6.64321856186489,-27.8301438115235));
#7880=CARTESIAN_POINT('Ctrl Pts',(-2.33651617527678,15.2790396981783,-38.5095685614954));
#7881=CARTESIAN_POINT('Ctrl Pts',(-3.23867409554897,14.8882870622267,-38.384454650049));
#7882=CARTESIAN_POINT('Ctrl Pts',(-4.83746542649733,13.6350151299029,-38.1342268271562));
#7883=CARTESIAN_POINT('Ctrl Pts',(-6.00509922004658,10.8189848316743,-37.7588850928171));
#7884=CARTESIAN_POINT('Ctrl Pts',(-5.64121803888896,7.79283601609051,-37.383543358478));
#7885=CARTESIAN_POINT('Ctrl Pts',(-3.83960775876307,5.33383864112796,-37.0082016241389));
#7886=CARTESIAN_POINT('Ctrl Pts',(-1.06379742611382,4.07512725102642,-36.6328598897997));
#7887=CARTESIAN_POINT('Ctrl Pts',(1.97340820859036,4.3390287465984,-36.2575181554606));
#7888=CARTESIAN_POINT('Ctrl Pts',(4.48914851701329,6.05985489155985,-35.8821764211215));
#7889=CARTESIAN_POINT('Ctrl Pts',(5.83864014313677,8.79288338733581,-35.5068346867823));
#7890=CARTESIAN_POINT('Ctrl Pts',(5.67330501404597,11.836485412038,-35.1314929524432));
#7891=CARTESIAN_POINT('Ctrl Pts',(4.03745107093172,14.4082640875112,-34.7561512181041));
#7892=CARTESIAN_POINT('Ctrl Pts',(1.34918546156154,15.8459899591124,-34.380809483765));
#7893=CARTESIAN_POINT('Ctrl Pts',(-1.69834133159564,15.7806214042549,-34.0054677494258));
#7894=CARTESIAN_POINT('Ctrl Pts',(-4.32139012533669,14.2294168319589,-33.6301260150867));
#7895=CARTESIAN_POINT('Ctrl Pts',(-5.84831332808653,11.5890751311662,-33.2547842807476));
#7896=CARTESIAN_POINT('Ctrl Pts',(-5.88005754599844,8.54347260208046,-32.8794425464084));
#7897=CARTESIAN_POINT('Ctrl Pts',(-4.25741758711861,5.56755049662212,-32.4623961749206));
#7898=CARTESIAN_POINT('Ctrl Pts',(-0.854249597102309,3.83061155459552,-32.0036451662838));
#7899=CARTESIAN_POINT('Ctrl Pts',(3.22313465256644,4.7108478068325,-31.5031895204983));
#7900=CARTESIAN_POINT('Ctrl Pts',(5.82773563374553,7.96552195192603,-31.0027338747128));
#7901=CARTESIAN_POINT('Ctrl Pts',(5.79430866405961,12.1355179639553,-30.5022782289273));
#7902=CARTESIAN_POINT('Ctrl Pts',(3.1296568020978,15.3454435691009,-30.0018225831418));
#7903=CARTESIAN_POINT('Ctrl Pts',(-0.617032656190226,16.0855747783997,-29.5430715745051));
#7904=CARTESIAN_POINT('Ctrl Pts',(-3.73303692456103,14.74814892334,-29.1260252030172));
#7905=CARTESIAN_POINT('Ctrl Pts',(-5.58962769049213,12.3348613773973,-28.7506834686781));
#7906=CARTESIAN_POINT('Ctrl Pts',(-6.02206780969213,9.31526854842083,-28.3753417343389));
#7907=CARTESIAN_POINT('Ctrl Pts',(-5.28630677258015,7.42238787367272,-28.1251139114462));
#7908=CARTESIAN_POINT('Ctrl Pts',(-4.7097209466006,6.62606801275473,-27.9999999999998));
#7909=CARTESIAN_POINT('Ctrl Pts',(-2.27831508746346,15.3038691750201,-37.9999999999998));
#7910=CARTESIAN_POINT('Ctrl Pts',(-2.43210463537689,15.2392423415982,-37.9999999999992));
#7911=CARTESIAN_POINT('Ctrl Pts',(-2.58288330573724,15.1678574870542,-37.9999999999988));
#7912=CARTESIAN_POINT('Ctrl Pts',(-2.73029443730788,15.0900414609725,-37.9999999999987));
#7913=CARTESIAN_POINT('Ctrl Pts',(-2.87853987716659,15.011785016621,-37.9999999999986));
#7914=CARTESIAN_POINT('Ctrl Pts',(-3.02338022398494,14.927023953375,-37.9999999999988));
#7915=CARTESIAN_POINT('Ctrl Pts',(-3.16442807613899,14.8360442398109,-37.9999999999991));
#7916=CARTESIAN_POINT('Ctrl Pts',(-3.30382246292539,14.7461310565289,-37.9999999999994));
#7917=CARTESIAN_POINT('Ctrl Pts',(-3.43951332127064,14.6501436260718,-37.9999999999997));
#7918=CARTESIAN_POINT('Ctrl Pts',(-3.57109356772002,14.5483202632456,-37.9999999999998));
#7919=CARTESIAN_POINT('Ctrl Pts',(-3.58852713267726,14.5348293004461,-37.9999999999998));
#7920=CARTESIAN_POINT('Ctrl Pts',(-3.60588848205743,14.5212358421705,-37.9999999999998));
#7921=CARTESIAN_POINT('Ctrl Pts',(-3.62317661639781,14.5075404000642,-37.9999999999998));
#7922=CARTESIAN_POINT('Ctrl Pts',(-3.64028191708671,14.4939897964719,-37.9999999999998));
#7923=CARTESIAN_POINT('Ctrl Pts',(-3.657308843013,14.4803446449322,-37.9999999999998));
#7924=CARTESIAN_POINT('Ctrl Pts',(-3.67425377731429,14.466607993045,-37.9999999999998));
#7925=CARTESIAN_POINT('Ctrl Pts',(-3.80477397710653,14.3607999375572,-37.9999999999998));
#7926=CARTESIAN_POINT('Ctrl Pts',(-3.93048680643421,14.2495233002563,-37.9999999999998));
#7927=CARTESIAN_POINT('Ctrl Pts',(-4.0510372261844,14.1331059217076,-37.9999999999999));
#7928=CARTESIAN_POINT('Ctrl Pts',(-4.17106190240396,14.017196261703,-38.));
#7929=CARTESIAN_POINT('Ctrl Pts',(-4.28596970414423,13.8961900705563,-38.0000000000001));
#7930=CARTESIAN_POINT('Ctrl Pts',(-4.39537831322746,13.7703708992595,-38.0000000000001));
#7931=CARTESIAN_POINT('Ctrl Pts',(-4.47387554469917,13.6800996062084,-38.0000000000002));
#7932=CARTESIAN_POINT('Ctrl Pts',(-4.54954136914641,13.5873499284624,-38.0000000000001));
#7933=CARTESIAN_POINT('Ctrl Pts',(-4.62222176190157,13.4922160853839,-38.));
#7934=CARTESIAN_POINT('Ctrl Pts',(-4.67635501280516,13.4213592283751,-38.));
#7935=CARTESIAN_POINT('Ctrl Pts',(-4.72883186271771,13.3491795709871,-37.9999999999999));
#7936=CARTESIAN_POINT('Ctrl Pts',(-4.77962141075243,13.275742889994,-37.9999999999999));
#7937=CARTESIAN_POINT('Ctrl Pts',(-4.81342502146535,13.2268662003523,-37.9999999999998));
#7938=CARTESIAN_POINT('Ctrl Pts',(-4.84648112798422,13.1774326393213,-37.9999999999998));
#7939=CARTESIAN_POINT('Ctrl Pts',(-4.87877968423506,13.1274611771164,-37.9999999999998));
#7940=CARTESIAN_POINT('Ctrl Pts',(-4.89207788951617,13.106886549649,-37.9999999999998));
#7941=CARTESIAN_POINT('Ctrl Pts',(-4.90524316015079,13.086227654843,-37.9999999999998));
#7942=CARTESIAN_POINT('Ctrl Pts',(-4.91827165235596,13.0654914969844,-37.9999999999998));
#7943=CARTESIAN_POINT('Ctrl Pts',(-5.0067389362528,12.9246869023071,-37.9999999999998));
#7944=CARTESIAN_POINT('Ctrl Pts',(-5.08895411495831,12.7802435068423,-37.9999999999997));
#7945=CARTESIAN_POINT('Ctrl Pts',(-5.16479224467469,12.6326326624229,-37.9999999999998));
#7946=CARTESIAN_POINT('Ctrl Pts',(-5.17292978773599,12.6167938013214,-37.9999999999998));
#7947=CARTESIAN_POINT('Ctrl Pts',(-5.1809938695615,12.6009184405476,-37.9999999999998));
#7948=CARTESIAN_POINT('Ctrl Pts',(-5.1889843076808,12.5850071411594,-37.9999999999998));
#7949=CARTESIAN_POINT('Ctrl Pts',(-4.7097209466006,6.62606801275473,-27.9999999999998));
#7950=CARTESIAN_POINT('Ctrl Pts',(-4.80755053005856,6.76120389196387,-28.0000000000004));
#7951=CARTESIAN_POINT('Ctrl Pts',(-4.89929566434762,6.90054091641693,-28.0000000000008));
#7952=CARTESIAN_POINT('Ctrl Pts',(-4.98482125011,7.0436182098712,-28.0000000000009));
#7953=CARTESIAN_POINT('Ctrl Pts',(-5.07081486436366,7.18747847662166,-28.0000000000009));
#7954=CARTESIAN_POINT('Ctrl Pts',(-5.15052101499202,7.3351207851383,-28.0000000000007));
#7955=CARTESIAN_POINT('Ctrl Pts',(-5.22375716575482,7.48610349360582,-28.0000000000004));
#7956=CARTESIAN_POINT('Ctrl Pts',(-5.29614292046089,7.63533303647714,-28.0000000000002));
#7957=CARTESIAN_POINT('Ctrl Pts',(-5.36220826568545,7.78782660822429,-27.9999999999999));
#7958=CARTESIAN_POINT('Ctrl Pts',(-5.42172901290818,7.94317280748394,-27.9999999999998));
#7959=CARTESIAN_POINT('Ctrl Pts',(-5.42961431003287,7.96375304203257,-27.9999999999998));
#7960=CARTESIAN_POINT('Ctrl Pts',(-5.43738467126726,7.98438335508298,-27.9999999999998));
#7961=CARTESIAN_POINT('Ctrl Pts',(-5.44503950819785,8.00506279926694,-27.9999999999998));
#7962=CARTESIAN_POINT('Ctrl Pts',(-5.452616128727,8.02553094284156,-27.9999999999998));
#7963=CARTESIAN_POINT('Ctrl Pts',(-5.46007659926618,8.04603922303237,-27.9999999999998));
#7964=CARTESIAN_POINT('Ctrl Pts',(-5.46741940689426,8.06658315012149,-27.9999999999998));
#7965=CARTESIAN_POINT('Ctrl Pts',(-5.52395875804309,8.22477064004371,-27.9999999999998));
#7966=CARTESIAN_POINT('Ctrl Pts',(-5.57355019978301,8.38513560563613,-27.9999999999997));
#7967=CARTESIAN_POINT('Ctrl Pts',(-5.61606053376548,8.54721739623806,-27.9999999999996));
#7968=CARTESIAN_POINT('Ctrl Pts',(-5.65838135527444,8.70857662086203,-27.9999999999996));
#7969=CARTESIAN_POINT('Ctrl Pts',(-5.69368430370772,8.87163816066045,-27.9999999999994));
#7970=CARTESIAN_POINT('Ctrl Pts',(-5.72178991248476,9.03596512306171,-27.9999999999994));
#7971=CARTESIAN_POINT('Ctrl Pts',(-5.74196564095454,9.1539279183163,-27.9999999999994));
#7972=CARTESIAN_POINT('Ctrl Pts',(-5.7584314899552,9.27254319998368,-27.9999999999994));
#7973=CARTESIAN_POINT('Ctrl Pts',(-5.77110462949714,9.39165169280842,-27.9999999999995));
#7974=CARTESIAN_POINT('Ctrl Pts',(-5.78054035007603,9.48033330584901,-27.9999999999996));
#7975=CARTESIAN_POINT('Ctrl Pts',(-5.7878732800885,9.56928836961162,-27.9999999999996));
#7976=CARTESIAN_POINT('Ctrl Pts',(-5.79311124279456,9.6584436193161,-27.9999999999997));
#7977=CARTESIAN_POINT('Ctrl Pts',(-5.79659730515438,9.71777981119381,-27.9999999999997));
#7978=CARTESIAN_POINT('Ctrl Pts',(-5.79915533507665,9.77720467205678,-27.9999999999998));
#7979=CARTESIAN_POINT('Ctrl Pts',(-5.80078662069202,9.83669647814711,-27.9999999999998));
#7980=CARTESIAN_POINT('Ctrl Pts',(-5.80145826637015,9.86119091006498,-27.9999999999998));
#7981=CARTESIAN_POINT('Ctrl Pts',(-5.80197254720469,9.88568843666937,-27.9999999999998));
#7982=CARTESIAN_POINT('Ctrl Pts',(-5.80232981930724,9.91018104810566,-27.9999999999998));
#7983=CARTESIAN_POINT('Ctrl Pts',(-5.80475603855483,10.0765093028622,-27.9999999999998));
#7984=CARTESIAN_POINT('Ctrl Pts',(-5.7999483564036,10.2427045324598,-27.9999999999998));
#7985=CARTESIAN_POINT('Ctrl Pts',(-5.78804531693354,10.4082924174591,-27.9999999999998));
#7986=CARTESIAN_POINT('Ctrl Pts',(-5.7867686934817,10.4260520306961,-27.9999999999998));
#7987=CARTESIAN_POINT('Ctrl Pts',(-5.78541040355069,10.443804664222,-27.9999999999998));
#7988=CARTESIAN_POINT('Ctrl Pts',(-5.78397058305963,10.4615497364803,-27.9999999999998));
#7989=CARTESIAN_POINT('Origin',(-4.57999999999993,0.,10.0000000000002));
#7990=CARTESIAN_POINT('',(-10.1,0.,10.0000000000002));
#7991=CARTESIAN_POINT('',(-4.43857864376262,0.,10.0000000000002));
#7992=CARTESIAN_POINT('',(-10.1,0.,10.0000000000002));
#7993=CARTESIAN_POINT('',(-10.1,20.,10.0000000000002));
#7994=CARTESIAN_POINT('',(-10.1,0.,10.0000000000002));
#7995=CARTESIAN_POINT('',(-4.43857864376262,20.,10.0000000000002));
#7996=CARTESIAN_POINT('',(-10.1,20.,10.0000000000002));
#7997=CARTESIAN_POINT('',(-4.43857864376262,0.,10.0000000000002));
#7998=CARTESIAN_POINT('Origin',(-3.05428932188129,0.,8.61571067811891));
#7999=CARTESIAN_POINT('',(-2.98357864376263,0.,8.54500000000025));
#8000=CARTESIAN_POINT('',(0.850710678118699,0.,4.71071067811899));
#8001=CARTESIAN_POINT('',(-2.98357864376263,20.,8.54500000000025));
#8002=CARTESIAN_POINT('',(0.850710678118699,20.,4.71071067811899));
#8003=CARTESIAN_POINT('',(-2.98357864376263,0.,8.54500000000025));
#8004=CARTESIAN_POINT('Origin',(3.12500000000006,0.,8.54500000000021));
#8005=CARTESIAN_POINT('',(2.98357864376275,0.,8.54500000000021));
#8006=CARTESIAN_POINT('',(-3.12499999999994,0.,8.54500000000025));
#8007=CARTESIAN_POINT('',(2.98357864376275,20.,8.54500000000021));
#8008=CARTESIAN_POINT('',(-3.12499999999994,20.,8.54500000000025));
#8009=CARTESIAN_POINT('',(2.98357864376275,0.,8.54500000000021));
#8010=CARTESIAN_POINT('Origin',(4.50928932188145,0.,10.0707106781189));
#8011=CARTESIAN_POINT('',(4.43857864376279,0.,10.0000000000002));
#8012=CARTESIAN_POINT('',(-2.64821067811863,0.,2.91321067811895));
#8013=CARTESIAN_POINT('',(4.43857864376279,20.,10.0000000000002));
#8014=CARTESIAN_POINT('',(-2.64821067811863,20.,2.91321067811895));
#8015=CARTESIAN_POINT('',(4.43857864376279,0.,10.0000000000002));
#8016=CARTESIAN_POINT('Origin',(10.,0.,10.0000000000002));
#8017=CARTESIAN_POINT('',(10.,0.,10.0000000000002));
#8018=CARTESIAN_POINT('',(4.5800000000001,0.,10.0000000000002));
#8019=CARTESIAN_POINT('',(10.,20.,10.0000000000002));
#8020=CARTESIAN_POINT('',(4.5800000000001,20.,10.0000000000002));
#8021=CARTESIAN_POINT('',(10.,0.,10.0000000000002));
#8022=CARTESIAN_POINT('Origin',(10.,0.,20.0000000000002));
#8023=CARTESIAN_POINT('',(10.,0.,20.0000000000002));
#8024=CARTESIAN_POINT('',(10.,0.,20.0000000000002));
#8025=CARTESIAN_POINT('',(10.,20.,20.0000000000002));
#8026=CARTESIAN_POINT('',(10.,20.,20.0000000000002));
#8027=CARTESIAN_POINT('',(10.,0.,20.0000000000002));
#8028=CARTESIAN_POINT('Origin',(-20.1,0.,20.0000000000002));
#8029=CARTESIAN_POINT('',(-20.1,0.,20.0000000000002));
#8030=CARTESIAN_POINT('',(-20.1,0.,20.0000000000002));
#8031=CARTESIAN_POINT('',(-20.1,20.,20.0000000000002));
#8032=CARTESIAN_POINT('',(-20.1,20.,20.0000000000002));
#8033=CARTESIAN_POINT('',(-20.1,0.,20.0000000000002));
#8034=CARTESIAN_POINT('Origin',(-20.1,0.,-37.9999999999998));
#8035=CARTESIAN_POINT('',(-20.1,0.,-37.9999999999998));
#8036=CARTESIAN_POINT('',(-20.1,0.,20.0000000000002));
#8037=CARTESIAN_POINT('',(-20.1,20.,-37.9999999999998));
#8038=CARTESIAN_POINT('',(-20.1,20.,20.0000000000002));
#8039=CARTESIAN_POINT('',(-20.1,0.,-37.9999999999998));
#8040=CARTESIAN_POINT('Origin',(10.,0.,-37.9999999999998));
#8041=CARTESIAN_POINT('',(10.,0.,-37.9999999999998));
#8042=CARTESIAN_POINT('',(-20.1,0.,-37.9999999999998));
#8043=CARTESIAN_POINT('',(10.,20.,-37.9999999999998));
#8044=CARTESIAN_POINT('',(-20.1,20.,-37.9999999999998));
#8045=CARTESIAN_POINT('',(10.,0.,-37.9999999999998));
#8046=CARTESIAN_POINT('Origin',(10.,0.,-27.9999999999998));
#8047=CARTESIAN_POINT('',(10.,0.,-27.9999999999998));
#8048=CARTESIAN_POINT('',(10.,0.,-37.9999999999998));
#8049=CARTESIAN_POINT('',(10.,20.,-27.9999999999998));
#8050=CARTESIAN_POINT('',(10.,20.,-37.9999999999998));
#8051=CARTESIAN_POINT('',(10.,0.,-27.9999999999998));
#8052=CARTESIAN_POINT('Origin',(-10.1,0.,-27.9999999999998));
#8053=CARTESIAN_POINT('',(-10.1,0.,-27.9999999999998));
#8054=CARTESIAN_POINT('',(-10.1,0.,-27.9999999999998));
#8055=CARTESIAN_POINT('',(-10.1,20.,-27.9999999999998));
#8056=CARTESIAN_POINT('',(-10.1,20.,-27.9999999999998));
#8057=CARTESIAN_POINT('',(-10.1,0.,-27.9999999999998));
#8058=CARTESIAN_POINT('Origin',(-10.1,0.,10.0000000000002));
#8059=CARTESIAN_POINT('',(-10.1,0.,10.0000000000002));
#8060=CARTESIAN_POINT('',(-10.1,20.,10.0000000000002));
#8061=CARTESIAN_POINT('Origin',(-5.05,20.,-8.99999999999979));
#8062=CARTESIAN_POINT('Origin',(-5.05,0.,-8.99999999999979));
#8063=CARTESIAN_POINT('',(0.,0.,0.));
#8064=CARTESIAN_POINT('Origin',(7.9,10.,-9.99999999999981));
#8065=CARTESIAN_POINT('',(7.9,3.,-12.0415213562371));
#8066=CARTESIAN_POINT('',(7.9,17.,-12.0415213562371));
#8067=CARTESIAN_POINT('',(7.9,10.,-12.0415213562371));
#8068=CARTESIAN_POINT('',(7.9,3.,-15.0099999999998));
#8069=CARTESIAN_POINT('',(7.9,3.,-9.29999999999981));
#8070=CARTESIAN_POINT('',(7.9,17.,-15.0099999999998));
#8071=CARTESIAN_POINT('',(7.9,10.,-15.0099999999998));
#8072=CARTESIAN_POINT('',(7.9,17.,-9.29999999999981));
#8073=CARTESIAN_POINT('Origin',(5.49173932188134,10.,-9.63326067811847));
#8074=CARTESIAN_POINT('',(3.025,17.,-7.16652135623712));
#8075=CARTESIAN_POINT('',(3.8604870782164,17.,-8.00200843445352));
#8076=CARTESIAN_POINT('',(3.025,3.,-7.16652135623712));
#8077=CARTESIAN_POINT('',(3.025,10.,-7.16652135623712));
#8078=CARTESIAN_POINT('',(3.8604870782164,3.,-8.00200843445352));
#8079=CARTESIAN_POINT('Origin',(-7.9,3.,-10.9999999999998));
#8080=CARTESIAN_POINT('',(-7.9,17.,-12.0415213562371));
#8081=CARTESIAN_POINT('',(-7.9,3.,-12.0415213562371));
#8082=CARTESIAN_POINT('',(-7.9,6.5,-12.0415213562371));
#8083=CARTESIAN_POINT('',(-7.9,17.,-15.0099999999998));
#8084=CARTESIAN_POINT('',(-7.9,17.,-9.79999999999981));
#8085=CARTESIAN_POINT('',(-7.9,3.,-15.0099999999998));
#8086=CARTESIAN_POINT('',(-7.9,6.5,-15.0099999999998));
#8087=CARTESIAN_POINT('',(-7.9,3.,-9.79999999999981));
#8088=CARTESIAN_POINT('Origin',(-0.0499999999999991,10.,-16.2099999999998));
#8089=CARTESIAN_POINT('',(0.45,16.6630913969803,-15.0103986446989));
#8090=CARTESIAN_POINT('',(0.45,15.531164001795,-16.5208601976455));
#8091=CARTESIAN_POINT('Ctrl Pts',(0.45,15.5311640017947,-16.5208601976445));
#8092=CARTESIAN_POINT('Ctrl Pts',(0.45,15.5035722228608,-16.4184025170876));
#8093=CARTESIAN_POINT('Ctrl Pts',(0.45,15.4900323675042,-16.3082046306526));
#8094=CARTESIAN_POINT('Ctrl Pts',(0.45,15.4900323675042,-16.062078041572));
#8095=CARTESIAN_POINT('Ctrl Pts',(0.45,15.5247698223645,-15.8880038804785));
#8096=CARTESIAN_POINT('Ctrl Pts',(0.45,15.6383386189131,-15.6144920358727));
#8097=CARTESIAN_POINT('Ctrl Pts',(0.45,15.7373680046125,-15.466730411227));
#8098=CARTESIAN_POINT('Ctrl Pts',(0.45,15.947452160865,-15.2571326203397));
#8099=CARTESIAN_POINT('Ctrl Pts',(0.45,16.0957673093371,-15.1582877613952));
#8100=CARTESIAN_POINT('Ctrl Pts',(0.45,16.3609856070214,-15.0486479683209));
#8101=CARTESIAN_POINT('Ctrl Pts',(0.45,16.5215235283013,-15.014038389699));
#8102=CARTESIAN_POINT('Ctrl Pts',(0.45,16.6630913969809,-15.0103986446998));
#8103=CARTESIAN_POINT('',(-0.55,16.6630913970579,-15.0103986446979));
#8104=CARTESIAN_POINT('Origin',(-0.0499999999999991,10.,-15.0103986446979));
#8105=CARTESIAN_POINT('',(-0.55,15.531164001795,-16.5208601976455));
#8106=CARTESIAN_POINT('Ctrl Pts',(-0.55,16.6630913970578,-15.0103986446979));
#8107=CARTESIAN_POINT('Ctrl Pts',(-0.55,16.5215235283596,-15.0140383896885));
#8108=CARTESIAN_POINT('Ctrl Pts',(-0.55,16.3609856070445,-15.0486479683113));
#8109=CARTESIAN_POINT('Ctrl Pts',(-0.55,16.0957673093371,-15.1582877613952));
#8110=CARTESIAN_POINT('Ctrl Pts',(-0.55,15.947452160865,-15.2571326203397));
#8111=CARTESIAN_POINT('Ctrl Pts',(-0.55,15.7373680046125,-15.466730411227));
#8112=CARTESIAN_POINT('Ctrl Pts',(-0.55,15.6383386189131,-15.6144920358727));
#8113=CARTESIAN_POINT('Ctrl Pts',(-0.55,15.5247698223645,-15.8880038804785));
#8114=CARTESIAN_POINT('Ctrl Pts',(-0.55,15.4900323675042,-16.062078041572));
#8115=CARTESIAN_POINT('Ctrl Pts',(-0.55,15.4900323675042,-16.3082046306536));
#8116=CARTESIAN_POINT('Ctrl Pts',(-0.55,15.5035722228611,-16.4184025170898));
#8117=CARTESIAN_POINT('Ctrl Pts',(-0.55,15.5311640017956,-16.5208601976476));
#8118=CARTESIAN_POINT('',(-5.581164001795,10.5,-16.5208601976455));
#8119=CARTESIAN_POINT('Origin',(-0.0499999999999991,10.,-16.5208601976455));
#8120=CARTESIAN_POINT('',(-6.71309139698031,10.5,-15.0103986446989));
#8121=CARTESIAN_POINT('Ctrl Pts',(-5.58116400179473,10.5,-16.5208601976445));
#8122=CARTESIAN_POINT('Ctrl Pts',(-5.5535722228608,10.5,-16.4184025170876));
#8123=CARTESIAN_POINT('Ctrl Pts',(-5.54003236750416,10.5,-16.3082046306526));
#8124=CARTESIAN_POINT('Ctrl Pts',(-5.54003236750416,10.5,-16.062078041572));
#8125=CARTESIAN_POINT('Ctrl Pts',(-5.57476982236446,10.5,-15.8880038804785));
#8126=CARTESIAN_POINT('Ctrl Pts',(-5.68833861891314,10.5,-15.6144920358727));
#8127=CARTESIAN_POINT('Ctrl Pts',(-5.78736800461247,10.5,-15.466730411227));
#8128=CARTESIAN_POINT('Ctrl Pts',(-5.99745216086495,10.5,-15.2571326203397));
#8129=CARTESIAN_POINT('Ctrl Pts',(-6.14576730933707,10.5,-15.1582877613952));
#8130=CARTESIAN_POINT('Ctrl Pts',(-6.41098560702137,10.5,-15.0486479683209));
#8131=CARTESIAN_POINT('Ctrl Pts',(-6.5715235283013,10.5,-15.014038389699));
#8132=CARTESIAN_POINT('Ctrl Pts',(-6.7130913969809,10.5,-15.0103986446998));
#8133=CARTESIAN_POINT('',(-6.73182512234095,10.,-15.0103986446979));
#8134=CARTESIAN_POINT('Origin',(-0.0499999999999991,10.,-15.0103986446979));
#8135=CARTESIAN_POINT('',(-6.76275388496923,10.,-15.0099999999998));
#8136=CARTESIAN_POINT('Origin',(-6.76275388496923,10.,-16.2099999999998));
#8137=CARTESIAN_POINT('Origin',(-0.0499999999999991,10.,-15.0099999999998));
#8138=CARTESIAN_POINT('',(-6.71309139705788,9.5,-15.0103986446979));
#8139=CARTESIAN_POINT('Origin',(-0.0499999999999991,10.,-15.0103986446979));
#8140=CARTESIAN_POINT('',(-5.581164001795,9.5,-16.5208601976455));
#8141=CARTESIAN_POINT('Ctrl Pts',(-6.71309139705781,9.5,-15.0103986446979));
#8142=CARTESIAN_POINT('Ctrl Pts',(-6.57152352835955,9.5,-15.0140383896885));
#8143=CARTESIAN_POINT('Ctrl Pts',(-6.41098560704454,9.5,-15.0486479683113));
#8144=CARTESIAN_POINT('Ctrl Pts',(-6.14576730933707,9.5,-15.1582877613952));
#8145=CARTESIAN_POINT('Ctrl Pts',(-5.99745216086495,9.5,-15.2571326203397));
#8146=CARTESIAN_POINT('Ctrl Pts',(-5.78736800461247,9.5,-15.466730411227));
#8147=CARTESIAN_POINT('Ctrl Pts',(-5.68833861891314,9.5,-15.6144920358727));
#8148=CARTESIAN_POINT('Ctrl Pts',(-5.57476982236446,9.5,-15.8880038804785));
#8149=CARTESIAN_POINT('Ctrl Pts',(-5.54003236750416,9.5,-16.062078041572));
#8150=CARTESIAN_POINT('Ctrl Pts',(-5.54003236750416,9.5,-16.3082046306536));
#8151=CARTESIAN_POINT('Ctrl Pts',(-5.5535722228611,9.5,-16.4184025170898));
#8152=CARTESIAN_POINT('Ctrl Pts',(-5.58116400179557,9.5,-16.5208601976476));
#8153=CARTESIAN_POINT('',(-0.549999999999999,4.468835998205,-16.5208601976455));
#8154=CARTESIAN_POINT('Origin',(-0.0499999999999991,10.,-16.5208601976455));
#8155=CARTESIAN_POINT('',(-0.549999999999999,3.33690860301977,-15.0103986446989));
#8156=CARTESIAN_POINT('Ctrl Pts',(-0.549999999999999,4.46883599820527,-16.5208601976445));
#8157=CARTESIAN_POINT('Ctrl Pts',(-0.549999999999999,4.4964277771392,-16.4184025170876));
#8158=CARTESIAN_POINT('Ctrl Pts',(-0.549999999999999,4.50996763249584,-16.3082046306526));
#8159=CARTESIAN_POINT('Ctrl Pts',(-0.549999999999999,4.50996763249584,-16.062078041572));
#8160=CARTESIAN_POINT('Ctrl Pts',(-0.549999999999999,4.47523017763553,-15.8880038804785));
#8161=CARTESIAN_POINT('Ctrl Pts',(-0.549999999999999,4.36166138108686,-15.6144920358727));
#8162=CARTESIAN_POINT('Ctrl Pts',(-0.549999999999999,4.26263199538753,-15.466730411227));
#8163=CARTESIAN_POINT('Ctrl Pts',(-0.549999999999999,4.05254783913505,-15.2571326203397));
#8164=CARTESIAN_POINT('Ctrl Pts',(-0.549999999999999,3.90423269066293,-15.1582877613952));
#8165=CARTESIAN_POINT('Ctrl Pts',(-0.549999999999999,3.63901439297865,-15.0486479683209));
#8166=CARTESIAN_POINT('Ctrl Pts',(-0.549999999999999,3.47847647169876,-15.014038389699));
#8167=CARTESIAN_POINT('Ctrl Pts',(-0.549999999999999,3.33690860301917,-15.0103986446998));
#8168=CARTESIAN_POINT('',(0.450000000000001,3.33690860294212,-15.0103986446979));
#8169=CARTESIAN_POINT('Origin',(-0.0499999999999991,10.,-15.0103986446979));
#8170=CARTESIAN_POINT('',(0.450000000000001,4.468835998205,-16.5208601976455));
#8171=CARTESIAN_POINT('Ctrl Pts',(0.450000000000001,3.33690860294219,-15.0103986446979));
#8172=CARTESIAN_POINT('Ctrl Pts',(0.450000000000001,3.47847647164044,-15.0140383896885));
#8173=CARTESIAN_POINT('Ctrl Pts',(0.450000000000001,3.63901439295546,-15.0486479683113));
#8174=CARTESIAN_POINT('Ctrl Pts',(0.450000000000001,3.90423269066293,-15.1582877613952));
#8175=CARTESIAN_POINT('Ctrl Pts',(0.450000000000001,4.05254783913505,-15.2571326203397));
#8176=CARTESIAN_POINT('Ctrl Pts',(0.450000000000001,4.26263199538753,-15.466730411227));
#8177=CARTESIAN_POINT('Ctrl Pts',(0.450000000000001,4.36166138108686,-15.6144920358727));
#8178=CARTESIAN_POINT('Ctrl Pts',(0.450000000000001,4.47523017763553,-15.8880038804785));
#8179=CARTESIAN_POINT('Ctrl Pts',(0.450000000000001,4.50996763249584,-16.062078041572));
#8180=CARTESIAN_POINT('Ctrl Pts',(0.450000000000001,4.50996763249584,-16.3082046306536));
#8181=CARTESIAN_POINT('Ctrl Pts',(0.450000000000001,4.4964277771389,-16.4184025170898));
#8182=CARTESIAN_POINT('Ctrl Pts',(0.450000000000001,4.46883599820443,-16.5208601976476));
#8183=CARTESIAN_POINT('',(5.481164001795,9.5,-16.5208601976455));
#8184=CARTESIAN_POINT('Origin',(-0.0499999999999991,10.,-16.5208601976455));
#8185=CARTESIAN_POINT('',(6.61309139698023,9.5,-15.0103986446989));
#8186=CARTESIAN_POINT('Ctrl Pts',(5.48116400179473,9.5,-16.5208601976445));
#8187=CARTESIAN_POINT('Ctrl Pts',(5.4535722228608,9.5,-16.4184025170876));
#8188=CARTESIAN_POINT('Ctrl Pts',(5.44003236750416,9.5,-16.3082046306526));
#8189=CARTESIAN_POINT('Ctrl Pts',(5.44003236750416,9.5,-16.062078041572));
#8190=CARTESIAN_POINT('Ctrl Pts',(5.47476982236447,9.5,-15.8880038804785));
#8191=CARTESIAN_POINT('Ctrl Pts',(5.58833861891314,9.5,-15.6144920358727));
#8192=CARTESIAN_POINT('Ctrl Pts',(5.68736800461247,9.5,-15.466730411227));
#8193=CARTESIAN_POINT('Ctrl Pts',(5.89745216086495,9.5,-15.2571326203397));
#8194=CARTESIAN_POINT('Ctrl Pts',(6.04576730933707,9.5,-15.1582877613952));
#8195=CARTESIAN_POINT('Ctrl Pts',(6.31098560702135,9.5,-15.0486479683209));
#8196=CARTESIAN_POINT('Ctrl Pts',(6.47152352830124,9.5,-15.014038389699));
#8197=CARTESIAN_POINT('Ctrl Pts',(6.61309139698083,9.5,-15.0103986446998));
#8198=CARTESIAN_POINT('',(6.61309139705788,10.5,-15.0103986446979));
#8199=CARTESIAN_POINT('Origin',(-0.0499999999999991,10.,-15.0103986446979));
#8200=CARTESIAN_POINT('',(5.481164001795,10.5,-16.5208601976455));
#8201=CARTESIAN_POINT('Ctrl Pts',(6.61309139705781,10.5,-15.0103986446979));
#8202=CARTESIAN_POINT('Ctrl Pts',(6.47152352835956,10.5,-15.0140383896885));
#8203=CARTESIAN_POINT('Ctrl Pts',(6.31098560704454,10.5,-15.0486479683113));
#8204=CARTESIAN_POINT('Ctrl Pts',(6.04576730933707,10.5,-15.1582877613952));
#8205=CARTESIAN_POINT('Ctrl Pts',(5.89745216086495,10.5,-15.2571326203397));
#8206=CARTESIAN_POINT('Ctrl Pts',(5.68736800461247,10.5,-15.466730411227));
#8207=CARTESIAN_POINT('Ctrl Pts',(5.58833861891314,10.5,-15.6144920358727));
#8208=CARTESIAN_POINT('Ctrl Pts',(5.47476982236447,10.5,-15.8880038804785));
#8209=CARTESIAN_POINT('Ctrl Pts',(5.44003236750416,10.5,-16.062078041572));
#8210=CARTESIAN_POINT('Ctrl Pts',(5.44003236750416,10.5,-16.3082046306536));
#8211=CARTESIAN_POINT('Ctrl Pts',(5.4535722228611,10.5,-16.4184025170898));
#8212=CARTESIAN_POINT('Ctrl Pts',(5.48116400179557,10.5,-16.5208601976476));
#8213=CARTESIAN_POINT('Origin',(-0.0499999999999991,10.,-16.5208601976455));
#8214=CARTESIAN_POINT('Origin',(-0.0499999999999991,10.,-18.0103986446979));
#8215=CARTESIAN_POINT('',(-5.41772763839597,9.5,-20.0103986446979));
#8216=CARTESIAN_POINT('Origin',(-0.0499999999999991,9.5,-18.0103986446979));
#8217=CARTESIAN_POINT('',(-0.549999999999999,4.63227236160403,-20.0103986446979));
#8218=CARTESIAN_POINT('Origin',(-0.049999999999999,10.,-20.0103986446979));
#8219=CARTESIAN_POINT('Origin',(-0.549999999999999,10.,-18.0103986446979));
#8220=CARTESIAN_POINT('Origin',(-0.0499999999999991,10.,-18.0103986446979));
#8221=CARTESIAN_POINT('',(-0.549999999999999,15.367727638396,-20.0103986446979));
#8222=CARTESIAN_POINT('Origin',(-0.549999999999999,10.,-18.0103986446979));
#8223=CARTESIAN_POINT('',(-5.41772763839597,10.5,-20.0103986446979));
#8224=CARTESIAN_POINT('Origin',(-0.049999999999999,10.,-20.0103986446979));
#8225=CARTESIAN_POINT('Origin',(-0.0499999999999991,10.5,-18.0103986446979));
#8226=CARTESIAN_POINT('Origin',(-0.0499999999999991,10.,-18.0103986446979));
#8227=CARTESIAN_POINT('',(5.31772763839597,10.5,-20.0103986446979));
#8228=CARTESIAN_POINT('Origin',(-0.0499999999999991,10.5,-18.0103986446979));
#8229=CARTESIAN_POINT('',(0.450000000000001,15.367727638396,-20.0103986446979));
#8230=CARTESIAN_POINT('Origin',(-0.049999999999999,10.,-20.0103986446979));
#8231=CARTESIAN_POINT('Origin',(0.450000000000001,10.,-18.0103986446979));
#8232=CARTESIAN_POINT('Origin',(-0.0499999999999991,10.,-18.0103986446979));
#8233=CARTESIAN_POINT('',(0.450000000000001,4.63227236160403,-20.0103986446979));
#8234=CARTESIAN_POINT('Origin',(0.450000000000001,10.,-18.0103986446979));
#8235=CARTESIAN_POINT('',(5.31772763839597,9.5,-20.0103986446979));
#8236=CARTESIAN_POINT('Origin',(-0.049999999999999,10.,-20.0103986446979));
#8237=CARTESIAN_POINT('Origin',(-0.0499999999999991,9.5,-18.0103986446979));
#8238=CARTESIAN_POINT('Origin',(8.,10.,-15.0099999999998));
#8239=CARTESIAN_POINT('',(3.99999551267011,17.,-15.0099999999998));
#8240=CARTESIAN_POINT('',(3.99999551267011,3.,-15.0099999999998));
#8241=CARTESIAN_POINT('Origin',(-8.97465977645062E-6,3.,-8.59999999999981));
#8242=CARTESIAN_POINT('',(3.025,3.,-5.19999999999981));
#8243=CARTESIAN_POINT('',(3.025,3.,-7.39999999999981));
#8244=CARTESIAN_POINT('',(-3.025,3.,-5.19999999999981));
#8245=CARTESIAN_POINT('',(-1.56250448732989,3.,-5.19999999999981));
#8246=CARTESIAN_POINT('',(-3.025,3.,-7.16652135623712));
#8247=CARTESIAN_POINT('',(-3.025,3.,-8.57249999999982));
#8248=CARTESIAN_POINT('',(-3.86049156554629,3.,-8.00201292178341));
#8249=CARTESIAN_POINT('Origin',(-8.05,9.5,-20.0103986446979));
#8250=CARTESIAN_POINT('',(-3.17006149560821,9.5,-15.0103986446979));
#8251=CARTESIAN_POINT('',(-4.05,9.5,-15.0103986446979));
#8252=CARTESIAN_POINT('',(-4.37116569539382,9.50000000000003,-18.005199322349));
#8253=CARTESIAN_POINT('Origin',(-0.0499999999999989,9.5,-17.9999999999998));
#8254=CARTESIAN_POINT('',(-3.88046994505896,9.5,-20.0103986446979));
#8255=CARTESIAN_POINT('Origin',(-0.0499999999999991,9.5,-18.0103986446979));
#8256=CARTESIAN_POINT('',(-5.925,9.5,-20.0103986446979));
#8257=CARTESIAN_POINT('Origin',(-8.05,10.5,-20.0103986446979));
#8258=CARTESIAN_POINT('',(3.07006149560821,10.5,-15.0103986446979));
#8259=CARTESIAN_POINT('',(-4.05,10.5,-15.0103986446979));
#8260=CARTESIAN_POINT('',(4.27116569539382,10.5,-18.0051993223487));
#8261=CARTESIAN_POINT('Origin',(-0.0499999999999989,10.5,-17.9999999999998));
#8262=CARTESIAN_POINT('',(3.78046994505896,10.5,-20.0103986446979));
#8263=CARTESIAN_POINT('Origin',(-0.0499999999999991,10.5,-18.0103986446979));
#8264=CARTESIAN_POINT('',(2.075,10.5,-20.0103986446979));
#8265=CARTESIAN_POINT('Origin',(-8.97465977645062E-6,17.,-8.59999999999981));
#8266=CARTESIAN_POINT('',(-3.025,17.,-7.16652135623712));
#8267=CARTESIAN_POINT('',(-3.86049156554629,17.,-8.00201292178341));
#8268=CARTESIAN_POINT('',(-3.025,17.,-5.19999999999981));
#8269=CARTESIAN_POINT('',(-3.025,17.,-8.57249999999982));
#8270=CARTESIAN_POINT('',(3.025,17.,-5.19999999999981));
#8271=CARTESIAN_POINT('',(-1.56250448732989,17.,-5.19999999999981));
#8272=CARTESIAN_POINT('',(3.025,17.,-7.39999999999981));
#8273=CARTESIAN_POINT('Origin',(-0.549999999999999,10.,-20.0103986446979));
#8274=CARTESIAN_POINT('',(-0.549999999999996,13.1200614956082,-15.0103986446979));
#8275=CARTESIAN_POINT('',(-0.549999999999999,8.,-15.0103986446979));
#8276=CARTESIAN_POINT('',(-0.549999999999968,14.3211656953938,-18.0051993223488));
#8277=CARTESIAN_POINT('Origin',(-0.549999999999999,10.,-17.9999999999998));
#8278=CARTESIAN_POINT('',(-0.549999999999999,13.830469945059,-20.0103986446979));
#8279=CARTESIAN_POINT('Origin',(-0.549999999999999,10.,-18.0103986446979));
#8280=CARTESIAN_POINT('',(-0.549999999999999,10.,-20.0103986446979));
#8281=CARTESIAN_POINT('Origin',(-0.0499999999999993,6.,-15.0103986446979));
#8282=CARTESIAN_POINT('',(-3.17006149560821,10.5,-15.0103986446979));
#8283=CARTESIAN_POINT('',(-0.0499999999999993,10.5,-15.0103986446979));
#8284=CARTESIAN_POINT('',(-3.2098708417239,10.,-15.0103986446979));
#8285=CARTESIAN_POINT('Origin',(-0.0499999999999991,10.,-15.0103986446979));
#8286=CARTESIAN_POINT('Origin',(-0.0499999999999991,10.,-15.0103986446979));
#8287=CARTESIAN_POINT('Origin',(-0.0499999999999993,6.,-15.0103986446979));
#8288=CARTESIAN_POINT('',(0.449999999999997,13.1200614956082,-15.0103986446979));
#8289=CARTESIAN_POINT('',(0.450000000000001,8.,-15.0103986446979));
#8290=CARTESIAN_POINT('Origin',(-0.0499999999999991,10.,-15.0103986446979));
#8291=CARTESIAN_POINT('Origin',(-5.49173932188134,10.,-9.63326067811847));
#8292=CARTESIAN_POINT('',(-3.025,10.,-7.16652135623712));
#8293=CARTESIAN_POINT('Origin',(-3.025,10.,-8.54499999999983));
#8294=CARTESIAN_POINT('',(-3.025,10.,-5.19999999999981));
#8295=CARTESIAN_POINT('Origin',(3.025,10.,-6.19999999999981));
#8296=CARTESIAN_POINT('',(3.025,10.,-5.19999999999981));
#8297=CARTESIAN_POINT('Origin',(0.450000000000001,10.,-20.0103986446979));
#8298=CARTESIAN_POINT('',(0.449999999999997,6.87993850439179,-15.0103986446979));
#8299=CARTESIAN_POINT('',(0.450000000000001,10.,-15.0103986446979));
#8300=CARTESIAN_POINT('',(0.449999999999969,5.67883430460618,-18.0051993223488));
#8301=CARTESIAN_POINT('Origin',(0.450000000000001,10.,-17.9999999999998));
#8302=CARTESIAN_POINT('',(0.450000000000001,6.16953005494104,-20.0103986446979));
#8303=CARTESIAN_POINT('Origin',(0.450000000000001,10.,-18.0103986446979));
#8304=CARTESIAN_POINT('',(0.450000000000001,10.,-20.0103986446979));
#8305=CARTESIAN_POINT('Origin',(-0.0499999999999993,6.,-15.0103986446979));
#8306=CARTESIAN_POINT('',(-0.549999999999995,6.87993850439179,-15.0103986446979));
#8307=CARTESIAN_POINT('',(-0.549999999999999,10.,-15.0103986446979));
#8308=CARTESIAN_POINT('Origin',(-0.0499999999999991,10.,-15.0103986446979));
#8309=CARTESIAN_POINT('Origin',(-0.0499999999999993,6.,-15.0103986446979));
#8310=CARTESIAN_POINT('',(3.07006149560821,9.5,-15.0103986446979));
#8311=CARTESIAN_POINT('',(-0.0499999999999993,9.5,-15.0103986446979));
#8312=CARTESIAN_POINT('Origin',(-0.0499999999999991,10.,-15.0103986446979));
#8313=CARTESIAN_POINT('Origin',(0.450000000000001,10.,-20.0103986446979));
#8314=CARTESIAN_POINT('',(0.450000000000001,13.830469945059,-20.0103986446979));
#8315=CARTESIAN_POINT('',(0.450000000000001,10.,-20.0103986446979));
#8316=CARTESIAN_POINT('',(0.449999999999969,14.3211656953938,-18.0051993223489));
#8317=CARTESIAN_POINT('Origin',(0.450000000000001,10.,-18.0103986446979));
#8318=CARTESIAN_POINT('Origin',(0.450000000000001,10.,-17.9999999999998));
#8319=CARTESIAN_POINT('Origin',(-8.05,10.5,-20.0103986446979));
#8320=CARTESIAN_POINT('',(-3.88046994505896,10.5,-20.0103986446979));
#8321=CARTESIAN_POINT('',(-5.925,10.5,-20.0103986446979));
#8322=CARTESIAN_POINT('',(-4.37116569539382,10.5,-18.005199322349));
#8323=CARTESIAN_POINT('Origin',(-0.0499999999999991,10.5,-18.0103986446979));
#8324=CARTESIAN_POINT('Origin',(-0.0499999999999989,10.5,-17.9999999999998));
#8325=CARTESIAN_POINT('Origin',(-0.549999999999999,10.,-20.0103986446979));
#8326=CARTESIAN_POINT('',(-0.549999999999999,6.16953005494104,-20.0103986446979));
#8327=CARTESIAN_POINT('',(-0.549999999999999,10.,-20.0103986446979));
#8328=CARTESIAN_POINT('',(-0.549999999999968,5.67883430460618,-18.0051993223488));
#8329=CARTESIAN_POINT('Origin',(-0.549999999999999,10.,-18.0103986446979));
#8330=CARTESIAN_POINT('Origin',(-0.549999999999999,10.,-17.9999999999998));
#8331=CARTESIAN_POINT('Origin',(-8.05,9.5,-20.0103986446979));
#8332=CARTESIAN_POINT('',(3.78046994505897,9.5,-20.0103986446979));
#8333=CARTESIAN_POINT('',(2.075,9.5,-20.0103986446979));
#8334=CARTESIAN_POINT('',(4.27116569539382,9.50000000000003,-18.0051993223487));
#8335=CARTESIAN_POINT('Origin',(-0.0499999999999991,9.5,-18.0103986446979));
#8336=CARTESIAN_POINT('Origin',(-0.0499999999999989,9.5,-17.9999999999998));
#8337=CARTESIAN_POINT('Origin',(-3.8,10.,-20.0103986446979));
#8338=CARTESIAN_POINT('Origin',(-0.049999999999999,10.,-20.0103986446979));
#8339=CARTESIAN_POINT('Origin',(-3.8,10.,-20.0103986446979));
#8340=CARTESIAN_POINT('Origin',(-0.049999999999999,10.,-20.0103986446979));
#8341=CARTESIAN_POINT('Origin',(-3.8,10.,-20.0103986446979));
#8342=CARTESIAN_POINT('Origin',(-0.049999999999999,10.,-20.0103986446979));
#8343=CARTESIAN_POINT('Origin',(-0.0499999999999991,10.,-18.0103986446979));
#8344=CARTESIAN_POINT('Origin',(-0.049999999999999,10.,-18.0051993223488));
#8345=CARTESIAN_POINT('Origin',(-0.0499999999999991,10.,-18.0103986446979));
#8346=CARTESIAN_POINT('Origin',(-0.049999999999999,10.,-18.0051993223488));
#8347=CARTESIAN_POINT('Origin',(-0.0499999999999991,10.,-18.0103986446979));
#8348=CARTESIAN_POINT('Origin',(-0.049999999999999,10.,-18.0051993223488));
#8349=CARTESIAN_POINT('Origin',(-0.0499999999999991,10.,-18.0103986446979));
#8350=CARTESIAN_POINT('Origin',(-0.049999999999999,10.,-20.0103986446979));
#8351=CARTESIAN_POINT('Origin',(-0.049999999999999,10.,-18.0051993223488));
#8352=CARTESIAN_POINT('Origin',(-0.0499999999999989,10.,-17.9999999999998));
#8353=CARTESIAN_POINT('',(-0.0499999999999992,10.,-13.6499999999998));
#8354=CARTESIAN_POINT('Origin',(-0.0499999999999989,10.,-17.9999999999998));
#8355=CARTESIAN_POINT('Origin',(-3.8,10.,-20.0103986446979));
#8356=CARTESIAN_POINT('Origin',(-3.125,10.,-5.19999999999981));
#8357=CARTESIAN_POINT('',(0.,0.,0.));
#8358=CARTESIAN_POINT('',(0.,0.,0.));
#8359=CARTESIAN_POINT('',(0.,0.,0.));
#8360=UNCERTAINTY_MEASURE_WITH_UNIT(LENGTH_MEASURE(0.01),#8370,
'DISTANCE_ACCURACY_VALUE',
'Maximum model space distance between geometric entities at asserted c
onnectivities');
#8361=UNCERTAINTY_MEASURE_WITH_UNIT(LENGTH_MEASURE(0.01),#8370,
'DISTANCE_ACCURACY_VALUE',
'Maximum model space distance between geometric entities at asserted c
onnectivities');
#8362=UNCERTAINTY_MEASURE_WITH_UNIT(LENGTH_MEASURE(0.01),#8370,
'DISTANCE_ACCURACY_VALUE',
'Maximum model space distance between geometric entities at asserted c
onnectivities');
#8363=UNCERTAINTY_MEASURE_WITH_UNIT(LENGTH_MEASURE(0.01),#8370,
'DISTANCE_ACCURACY_VALUE',
'Maximum model space distance between geometric entities at asserted c
onnectivities');
#8364=UNCERTAINTY_MEASURE_WITH_UNIT(LENGTH_MEASURE(0.01),#8370,
'DISTANCE_ACCURACY_VALUE',
'Maximum model space distance between geometric entities at asserted c
onnectivities');
#8365=(
GEOMETRIC_REPRESENTATION_CONTEXT(3)
GLOBAL_UNCERTAINTY_ASSIGNED_CONTEXT((#8360))
GLOBAL_UNIT_ASSIGNED_CONTEXT((#8370,#8372,#8373))
REPRESENTATION_CONTEXT('','3D')
);
#8366=(
GEOMETRIC_REPRESENTATION_CONTEXT(3)
GLOBAL_UNCERTAINTY_ASSIGNED_CONTEXT((#8361))
GLOBAL_UNIT_ASSIGNED_CONTEXT((#8370,#8372,#8373))
REPRESENTATION_CONTEXT('','3D')
);
#8367=(
GEOMETRIC_REPRESENTATION_CONTEXT(3)
GLOBAL_UNCERTAINTY_ASSIGNED_CONTEXT((#8362))
GLOBAL_UNIT_ASSIGNED_CONTEXT((#8370,#8372,#8373))
REPRESENTATION_CONTEXT('','3D')
);
#8368=(
GEOMETRIC_REPRESENTATION_CONTEXT(3)
GLOBAL_UNCERTAINTY_ASSIGNED_CONTEXT((#8363))
GLOBAL_UNIT_ASSIGNED_CONTEXT((#8370,#8372,#8373))
REPRESENTATION_CONTEXT('','3D')
);
#8369=(
GEOMETRIC_REPRESENTATION_CONTEXT(3)
GLOBAL_UNCERTAINTY_ASSIGNED_CONTEXT((#8364))
GLOBAL_UNIT_ASSIGNED_CONTEXT((#8370,#8372,#8373))
REPRESENTATION_CONTEXT('','3D')
);
#8370=(
LENGTH_UNIT()
NAMED_UNIT(*)
SI_UNIT(.MILLI.,.METRE.)
);
#8371=(
LENGTH_UNIT()
NAMED_UNIT(*)
SI_UNIT($,.METRE.)
);
#8372=(
NAMED_UNIT(*)
PLANE_ANGLE_UNIT()
SI_UNIT($,.RADIAN.)
);
#8373=(
NAMED_UNIT(*)
SI_UNIT($,.STERADIAN.)
SOLID_ANGLE_UNIT()
);
#8374=SHAPE_DEFINITION_REPRESENTATION(#8378,#8385);
#8375=SHAPE_DEFINITION_REPRESENTATION(#8379,#8386);
#8376=SHAPE_DEFINITION_REPRESENTATION(#8380,#8387);
#8377=SHAPE_DEFINITION_REPRESENTATION(#8381,#8388);
#8378=PRODUCT_DEFINITION_SHAPE('',$,#8390);
#8379=PRODUCT_DEFINITION_SHAPE('',$,#8391);
#8380=PRODUCT_DEFINITION_SHAPE('',$,#8392);
#8381=PRODUCT_DEFINITION_SHAPE('',$,#8393);
#8382=PRODUCT_DEFINITION_SHAPE($,$,#20);
#8383=PRODUCT_DEFINITION_SHAPE($,$,#21);
#8384=PRODUCT_DEFINITION_SHAPE($,$,#22);
#8385=SHAPE_REPRESENTATION('',(#2870,#3194,#3195,#3196),#8365);
#8386=SHAPE_REPRESENTATION('',(#2871),#8366);
#8387=SHAPE_REPRESENTATION('',(#3081),#8367);
#8388=SHAPE_REPRESENTATION('',(#3104),#8368);
#8389=PRODUCT_DEFINITION_CONTEXT('part definition',#8403,'design');
#8390=PRODUCT_DEFINITION('Heat Pipe Clamp (v4~recovered)',
'Heat Pipe Clamp',#8394,#8389);
#8391=PRODUCT_DEFINITION('Pin','Pin',#8395,#8389);
#8392=PRODUCT_DEFINITION('Clamp Body','Clamp Body',#8396,#8389);
#8393=PRODUCT_DEFINITION('Tip','Tip',#8397,#8389);
#8394=PRODUCT_DEFINITION_FORMATION('',$,#8405);
#8395=PRODUCT_DEFINITION_FORMATION('',$,#8406);
#8396=PRODUCT_DEFINITION_FORMATION('',$,#8407);
#8397=PRODUCT_DEFINITION_FORMATION('',$,#8408);
#8398=PRODUCT_RELATED_PRODUCT_CATEGORY('Heat Pipe Clamp',
'Heat Pipe Clamp',(#8405));
#8399=PRODUCT_RELATED_PRODUCT_CATEGORY('Pin','Pin',(#8406));
#8400=PRODUCT_RELATED_PRODUCT_CATEGORY('Clamp Body','Clamp Body',(#8407));
#8401=PRODUCT_RELATED_PRODUCT_CATEGORY('Tip','Tip',(#8408));
#8402=APPLICATION_PROTOCOL_DEFINITION('international standard',
'automotive_design',2009,#8403);
#8403=APPLICATION_CONTEXT(
'Core Data for Automotive Mechanical Design Process');
#8404=PRODUCT_CONTEXT('part definition',#8403,'mechanical');
#8405=PRODUCT('Heat Pipe Clamp (v4~recovered)','Heat Pipe Clamp',$,(#8404));
#8406=PRODUCT('Pin','Pin',$,(#8404));
#8407=PRODUCT('Clamp Body','Clamp Body',$,(#8404));
#8408=PRODUCT('Tip','Tip',$,(#8404));
#8409=PRESENTATION_STYLE_ASSIGNMENT((#8410));
#8410=SURFACE_STYLE_USAGE(.BOTH.,#8411);
#8411=SURFACE_SIDE_STYLE('',(#8412));
#8412=SURFACE_STYLE_FILL_AREA(#8413);
#8413=FILL_AREA_STYLE('Steel - Satin',(#8414));
#8414=FILL_AREA_STYLE_COLOUR('Steel - Satin',#8415);
#8415=COLOUR_RGB('Steel - Satin',0.627450980392157,0.627450980392157,0.627450980392157);
ENDSEC;
END-ISO-10303-21;
