ISO-10303-21;
HEADER;
/* Generated by software containing ST-Developer
 * from STEP Tools, Inc. (www.steptools.com) 
 */

FILE_DESCRIPTION(
/* description */ (''),
/* implementation_level */ '2;1');

FILE_NAME(
/* name */ 'carriage-body_v1.1.step',
/* time_stamp */ '2026-08-29T11:09:33-05:00',
/* author */ (''),
/* organization */ (''),
/* preprocessor_version */ 'ST-DEVELOPER v20.1',
/* originating_system */ 'Autodesk Translation Framework v15.8.0.0',
/* authorisation */ '');

FILE_SCHEMA (('AUTOMOTIVE_DESIGN { 1 0 10303 214 3 1 1 }'));
ENDSEC;

DATA;
#10=MECHANICAL_DESIGN_GEOMETRIC_PRESENTATION_REPRESENTATION('',(#13),#4288);
#11=SHAPE_REPRESENTATION_RELATIONSHIP('SRR','None',#4295,#12);
#12=ADVANCED_BREP_SHAPE_REPRESENTATION('',(#14),#4287);
#13=STYLED_ITEM('',(#4304),#14);
#14=MANIFOLD_SOLID_BREP('Body1',#2499);
#15=CONICAL_SURFACE('',#2724,5.5,0.785398163397448);
#16=CONICAL_SURFACE('',#2727,5.5,0.785398163397449);
#17=CONICAL_SURFACE('',#2730,5.5,0.785398163397449);
#18=CONICAL_SURFACE('',#2733,6.5,0.785398163397447);
#19=CONICAL_SURFACE('',#2736,5.5,0.785398163397449);
#20=CONICAL_SURFACE('',#2739,5.5,0.785398163397446);
#21=CONICAL_SURFACE('',#2742,6.5,0.785398163397447);
#22=CONICAL_SURFACE('',#2745,5.5,0.785398163397449);
#23=CONICAL_SURFACE('',#2760,5.5,0.785398163397448);
#24=CONICAL_SURFACE('',#2763,5.5,0.785398163397449);
#25=CONICAL_SURFACE('',#2766,5.5,0.785398163397449);
#26=CONICAL_SURFACE('',#2769,6.5,0.785398163397447);
#27=CONICAL_SURFACE('',#2772,5.5,0.785398163397449);
#28=CONICAL_SURFACE('',#2774,5.5,0.785398163397446);
#29=CONICAL_SURFACE('',#2776,6.5,0.785398163397447);
#30=CONICAL_SURFACE('',#2778,5.5,0.785398163397449);
#31=TOROIDAL_SURFACE('',#2576,1.6,1.);
#32=TOROIDAL_SURFACE('',#2582,1.6,1.);
#33=TOROIDAL_SURFACE('',#2587,1.6,1.);
#34=TOROIDAL_SURFACE('',#2592,1.6,1.);
#35=TOROIDAL_SURFACE('',#2602,1.6,1.);
#36=TOROIDAL_SURFACE('',#2608,1.6,1.);
#37=TOROIDAL_SURFACE('',#2614,1.6,1.);
#38=TOROIDAL_SURFACE('',#2620,1.6,1.);
#39=CYLINDRICAL_SURFACE('',#2537,1.1);
#40=CYLINDRICAL_SURFACE('',#2539,1.1);
#41=CYLINDRICAL_SURFACE('',#2541,1.1);
#42=CYLINDRICAL_SURFACE('',#2543,2.);
#43=CYLINDRICAL_SURFACE('',#2556,2.);
#44=CYLINDRICAL_SURFACE('',#2560,2.45);
#45=CYLINDRICAL_SURFACE('',#2564,2.45);
#46=CYLINDRICAL_SURFACE('',#2568,2.45);
#47=CYLINDRICAL_SURFACE('',#2572,2.45);
#48=CYLINDRICAL_SURFACE('',#2580,1.);
#49=CYLINDRICAL_SURFACE('',#2585,1.);
#50=CYLINDRICAL_SURFACE('',#2590,1.);
#51=CYLINDRICAL_SURFACE('',#2595,1.);
#52=CYLINDRICAL_SURFACE('',#2597,0.6);
#53=CYLINDRICAL_SURFACE('',#2600,0.6);
#54=CYLINDRICAL_SURFACE('',#2606,1.);
#55=CYLINDRICAL_SURFACE('',#2612,1.);
#56=CYLINDRICAL_SURFACE('',#2618,1.);
#57=CYLINDRICAL_SURFACE('',#2623,1.);
#58=CYLINDRICAL_SURFACE('',#2640,0.6);
#59=CYLINDRICAL_SURFACE('',#2642,0.6);
#60=CYLINDRICAL_SURFACE('',#2646,11.5999999999949);
#61=CYLINDRICAL_SURFACE('',#2648,2.9);
#62=CYLINDRICAL_SURFACE('',#2658,1.1);
#63=CYLINDRICAL_SURFACE('',#2660,1.1);
#64=CYLINDRICAL_SURFACE('',#2662,1.1);
#65=CYLINDRICAL_SURFACE('',#2664,2.9);
#66=CYLINDRICAL_SURFACE('',#2689,2.1);
#67=CYLINDRICAL_SURFACE('',#2691,2.1);
#68=CYLINDRICAL_SURFACE('',#2692,2.1);
#69=CYLINDRICAL_SURFACE('',#2693,2.1);
#70=CYLINDRICAL_SURFACE('',#2695,2.1);
#71=CYLINDRICAL_SURFACE('',#2697,2.1);
#72=CYLINDRICAL_SURFACE('',#2699,4.75);
#73=CYLINDRICAL_SURFACE('',#2703,5.35);
#74=CYLINDRICAL_SURFACE('',#2707,4.75);
#75=CYLINDRICAL_SURFACE('',#2711,4.75);
#76=CYLINDRICAL_SURFACE('',#2715,5.35);
#77=CYLINDRICAL_SURFACE('',#2719,4.75);
#78=CYLINDRICAL_SURFACE('',#2747,6.);
#79=CYLINDRICAL_SURFACE('',#2750,6.);
#80=CYLINDRICAL_SURFACE('',#2753,6.);
#81=CYLINDRICAL_SURFACE('',#2756,6.);
#82=CYLINDRICAL_SURFACE('',#2779,6.);
#83=CYLINDRICAL_SURFACE('',#2781,6.);
#84=CYLINDRICAL_SURFACE('',#2783,6.);
#85=CYLINDRICAL_SURFACE('',#2785,6.);
#86=CYLINDRICAL_SURFACE('',#2787,2.6);
#87=CYLINDRICAL_SURFACE('',#2788,3.675);
#88=CYLINDRICAL_SURFACE('',#2789,2.6);
#89=CYLINDRICAL_SURFACE('',#2790,2.6);
#90=CYLINDRICAL_SURFACE('',#2791,3.675);
#91=CYLINDRICAL_SURFACE('',#2792,2.6);
#92=FACE_BOUND('',#409,.T.);
#93=FACE_BOUND('',#411,.T.);
#94=FACE_BOUND('',#417,.T.);
#95=FACE_BOUND('',#419,.T.);
#96=FACE_BOUND('',#425,.T.);
#97=FACE_BOUND('',#427,.T.);
#98=FACE_BOUND('',#433,.T.);
#99=FACE_BOUND('',#434,.T.);
#100=FACE_BOUND('',#469,.T.);
#101=FACE_BOUND('',#470,.T.);
#102=FACE_BOUND('',#471,.T.);
#103=FACE_BOUND('',#472,.T.);
#104=FACE_BOUND('',#473,.T.);
#105=FACE_BOUND('',#474,.T.);
#106=FACE_BOUND('',#475,.T.);
#107=FACE_BOUND('',#476,.T.);
#108=FACE_BOUND('',#484,.T.);
#109=FACE_BOUND('',#485,.T.);
#110=FACE_BOUND('',#486,.T.);
#111=FACE_BOUND('',#496,.T.);
#112=FACE_BOUND('',#497,.T.);
#113=FACE_BOUND('',#498,.T.);
#114=FACE_BOUND('',#499,.T.);
#115=FACE_BOUND('',#500,.T.);
#116=FACE_BOUND('',#501,.T.);
#117=FACE_BOUND('',#502,.T.);
#118=FACE_BOUND('',#516,.T.);
#119=FACE_BOUND('',#519,.T.);
#120=FACE_BOUND('',#522,.T.);
#121=FACE_BOUND('',#525,.T.);
#122=FACE_BOUND('',#528,.T.);
#123=FACE_BOUND('',#531,.T.);
#124=CIRCLE('',#2518,1.1);
#125=CIRCLE('',#2520,1.1);
#126=CIRCLE('',#2526,1.1);
#127=CIRCLE('',#2528,1.1);
#128=CIRCLE('',#2534,1.1);
#129=CIRCLE('',#2536,1.1);
#130=CIRCLE('',#2538,1.1);
#131=CIRCLE('',#2540,1.1);
#132=CIRCLE('',#2542,1.1);
#133=CIRCLE('',#2544,2.);
#134=CIRCLE('',#2545,2.);
#135=CIRCLE('',#2547,2.);
#136=CIRCLE('',#2548,2.1);
#137=CIRCLE('',#2549,2.1);
#138=CIRCLE('',#2550,1.6);
#139=CIRCLE('',#2551,1.6);
#140=CIRCLE('',#2552,1.6);
#141=CIRCLE('',#2553,1.6);
#142=CIRCLE('',#2554,1.1);
#143=CIRCLE('',#2557,2.);
#144=CIRCLE('',#2561,2.45);
#145=CIRCLE('',#2562,2.45);
#146=CIRCLE('',#2565,2.45);
#147=CIRCLE('',#2566,2.45);
#148=CIRCLE('',#2569,2.45);
#149=CIRCLE('',#2570,2.45);
#150=CIRCLE('',#2573,2.45);
#151=CIRCLE('',#2574,2.45);
#152=CIRCLE('',#2577,0.999999999999999);
#153=CIRCLE('',#2578,1.);
#154=CIRCLE('',#2579,0.6);
#155=CIRCLE('',#2581,1.);
#156=CIRCLE('',#2583,1.);
#157=CIRCLE('',#2584,0.6);
#158=CIRCLE('',#2586,1.);
#159=CIRCLE('',#2588,1.);
#160=CIRCLE('',#2589,0.6);
#161=CIRCLE('',#2591,1.);
#162=CIRCLE('',#2593,1.);
#163=CIRCLE('',#2594,0.6);
#164=CIRCLE('',#2598,0.6);
#165=CIRCLE('',#2601,0.6);
#166=CIRCLE('',#2603,0.999999999999999);
#167=CIRCLE('',#2604,1.6);
#168=CIRCLE('',#2605,1.);
#169=CIRCLE('',#2607,1.);
#170=CIRCLE('',#2609,1.);
#171=CIRCLE('',#2610,0.6);
#172=CIRCLE('',#2611,1.6);
#173=CIRCLE('',#2613,1.);
#174=CIRCLE('',#2615,1.);
#175=CIRCLE('',#2616,0.6);
#176=CIRCLE('',#2617,1.6);
#177=CIRCLE('',#2619,1.);
#178=CIRCLE('',#2621,1.);
#179=CIRCLE('',#2622,1.6);
#180=CIRCLE('',#2626,5.);
#181=CIRCLE('',#2627,7.);
#182=CIRCLE('',#2628,5.);
#183=CIRCLE('',#2629,5.);
#184=CIRCLE('',#2630,7.);
#185=CIRCLE('',#2631,5.);
#186=CIRCLE('',#2632,5.);
#187=CIRCLE('',#2633,5.);
#188=CIRCLE('',#2634,2.6);
#189=CIRCLE('',#2635,3.675);
#190=CIRCLE('',#2636,2.6);
#191=CIRCLE('',#2637,4.75);
#192=CIRCLE('',#2638,5.35);
#193=CIRCLE('',#2639,4.75);
#194=CIRCLE('',#2644,11.5999999999949);
#195=CIRCLE('',#2645,2.9);
#196=CIRCLE('',#2647,11.5999999999949);
#197=CIRCLE('',#2649,2.9);
#198=CIRCLE('',#2651,2.1);
#199=CIRCLE('',#2652,2.1);
#200=CIRCLE('',#2653,2.9);
#201=CIRCLE('',#2654,2.1);
#202=CIRCLE('',#2655,2.1);
#203=CIRCLE('',#2656,1.1);
#204=CIRCLE('',#2657,1.1);
#205=CIRCLE('',#2665,2.9);
#206=CIRCLE('',#2668,5.);
#207=CIRCLE('',#2669,5.);
#208=CIRCLE('',#2670,5.);
#209=CIRCLE('',#2671,7.);
#210=CIRCLE('',#2672,5.);
#211=CIRCLE('',#2673,5.);
#212=CIRCLE('',#2674,7.);
#213=CIRCLE('',#2675,5.);
#214=CIRCLE('',#2676,2.1);
#215=CIRCLE('',#2677,2.1);
#216=CIRCLE('',#2678,2.1);
#217=CIRCLE('',#2679,2.1);
#218=CIRCLE('',#2680,2.1);
#219=CIRCLE('',#2681,2.1);
#220=CIRCLE('',#2682,4.75);
#221=CIRCLE('',#2683,5.35);
#222=CIRCLE('',#2684,4.75);
#223=CIRCLE('',#2685,3.675);
#224=CIRCLE('',#2686,2.6);
#225=CIRCLE('',#2687,2.6);
#226=CIRCLE('',#2700,4.75);
#227=CIRCLE('',#2702,2.6);
#228=CIRCLE('',#2704,5.35);
#229=CIRCLE('',#2706,3.675);
#230=CIRCLE('',#2708,4.75);
#231=CIRCLE('',#2710,2.6);
#232=CIRCLE('',#2712,4.75);
#233=CIRCLE('',#2714,2.6);
#234=CIRCLE('',#2716,5.35);
#235=CIRCLE('',#2718,3.675);
#236=CIRCLE('',#2720,4.75);
#237=CIRCLE('',#2722,2.6);
#238=CIRCLE('',#2725,6.);
#239=CIRCLE('',#2728,6.);
#240=CIRCLE('',#2731,6.);
#241=CIRCLE('',#2734,6.);
#242=CIRCLE('',#2737,6.);
#243=CIRCLE('',#2740,6.);
#244=CIRCLE('',#2743,6.);
#245=CIRCLE('',#2746,6.);
#246=CIRCLE('',#2748,6.);
#247=CIRCLE('',#2751,6.);
#248=CIRCLE('',#2754,6.);
#249=CIRCLE('',#2757,6.);
#250=CIRCLE('',#2761,6.);
#251=CIRCLE('',#2764,6.);
#252=CIRCLE('',#2767,6.);
#253=CIRCLE('',#2770,6.);
#254=FACE_OUTER_BOUND('',#404,.T.);
#255=FACE_OUTER_BOUND('',#405,.T.);
#256=FACE_OUTER_BOUND('',#406,.T.);
#257=FACE_OUTER_BOUND('',#407,.T.);
#258=FACE_OUTER_BOUND('',#408,.T.);
#259=FACE_OUTER_BOUND('',#410,.T.);
#260=FACE_OUTER_BOUND('',#412,.T.);
#261=FACE_OUTER_BOUND('',#413,.T.);
#262=FACE_OUTER_BOUND('',#414,.T.);
#263=FACE_OUTER_BOUND('',#415,.T.);
#264=FACE_OUTER_BOUND('',#416,.T.);
#265=FACE_OUTER_BOUND('',#418,.T.);
#266=FACE_OUTER_BOUND('',#420,.T.);
#267=FACE_OUTER_BOUND('',#421,.T.);
#268=FACE_OUTER_BOUND('',#422,.T.);
#269=FACE_OUTER_BOUND('',#423,.T.);
#270=FACE_OUTER_BOUND('',#424,.T.);
#271=FACE_OUTER_BOUND('',#426,.T.);
#272=FACE_OUTER_BOUND('',#428,.T.);
#273=FACE_OUTER_BOUND('',#429,.T.);
#274=FACE_OUTER_BOUND('',#430,.T.);
#275=FACE_OUTER_BOUND('',#431,.T.);
#276=FACE_OUTER_BOUND('',#432,.T.);
#277=FACE_OUTER_BOUND('',#435,.T.);
#278=FACE_OUTER_BOUND('',#436,.T.);
#279=FACE_OUTER_BOUND('',#437,.T.);
#280=FACE_OUTER_BOUND('',#438,.T.);
#281=FACE_OUTER_BOUND('',#439,.T.);
#282=FACE_OUTER_BOUND('',#440,.T.);
#283=FACE_OUTER_BOUND('',#441,.T.);
#284=FACE_OUTER_BOUND('',#442,.T.);
#285=FACE_OUTER_BOUND('',#443,.T.);
#286=FACE_OUTER_BOUND('',#444,.T.);
#287=FACE_OUTER_BOUND('',#445,.T.);
#288=FACE_OUTER_BOUND('',#446,.T.);
#289=FACE_OUTER_BOUND('',#447,.T.);
#290=FACE_OUTER_BOUND('',#448,.T.);
#291=FACE_OUTER_BOUND('',#449,.T.);
#292=FACE_OUTER_BOUND('',#450,.T.);
#293=FACE_OUTER_BOUND('',#451,.T.);
#294=FACE_OUTER_BOUND('',#452,.T.);
#295=FACE_OUTER_BOUND('',#453,.T.);
#296=FACE_OUTER_BOUND('',#454,.T.);
#297=FACE_OUTER_BOUND('',#455,.T.);
#298=FACE_OUTER_BOUND('',#456,.T.);
#299=FACE_OUTER_BOUND('',#457,.T.);
#300=FACE_OUTER_BOUND('',#458,.T.);
#301=FACE_OUTER_BOUND('',#459,.T.);
#302=FACE_OUTER_BOUND('',#460,.T.);
#303=FACE_OUTER_BOUND('',#461,.T.);
#304=FACE_OUTER_BOUND('',#462,.T.);
#305=FACE_OUTER_BOUND('',#463,.T.);
#306=FACE_OUTER_BOUND('',#464,.T.);
#307=FACE_OUTER_BOUND('',#465,.T.);
#308=FACE_OUTER_BOUND('',#466,.T.);
#309=FACE_OUTER_BOUND('',#467,.T.);
#310=FACE_OUTER_BOUND('',#468,.T.);
#311=FACE_OUTER_BOUND('',#477,.T.);
#312=FACE_OUTER_BOUND('',#478,.T.);
#313=FACE_OUTER_BOUND('',#479,.T.);
#314=FACE_OUTER_BOUND('',#480,.T.);
#315=FACE_OUTER_BOUND('',#481,.T.);
#316=FACE_OUTER_BOUND('',#482,.T.);
#317=FACE_OUTER_BOUND('',#483,.T.);
#318=FACE_OUTER_BOUND('',#487,.T.);
#319=FACE_OUTER_BOUND('',#488,.T.);
#320=FACE_OUTER_BOUND('',#489,.T.);
#321=FACE_OUTER_BOUND('',#490,.T.);
#322=FACE_OUTER_BOUND('',#491,.T.);
#323=FACE_OUTER_BOUND('',#492,.T.);
#324=FACE_OUTER_BOUND('',#493,.T.);
#325=FACE_OUTER_BOUND('',#494,.T.);
#326=FACE_OUTER_BOUND('',#495,.T.);
#327=FACE_OUTER_BOUND('',#503,.T.);
#328=FACE_OUTER_BOUND('',#504,.T.);
#329=FACE_OUTER_BOUND('',#505,.T.);
#330=FACE_OUTER_BOUND('',#506,.T.);
#331=FACE_OUTER_BOUND('',#507,.T.);
#332=FACE_OUTER_BOUND('',#508,.T.);
#333=FACE_OUTER_BOUND('',#509,.T.);
#334=FACE_OUTER_BOUND('',#510,.T.);
#335=FACE_OUTER_BOUND('',#511,.T.);
#336=FACE_OUTER_BOUND('',#512,.T.);
#337=FACE_OUTER_BOUND('',#513,.T.);
#338=FACE_OUTER_BOUND('',#514,.T.);
#339=FACE_OUTER_BOUND('',#515,.T.);
#340=FACE_OUTER_BOUND('',#517,.T.);
#341=FACE_OUTER_BOUND('',#518,.T.);
#342=FACE_OUTER_BOUND('',#520,.T.);
#343=FACE_OUTER_BOUND('',#521,.T.);
#344=FACE_OUTER_BOUND('',#523,.T.);
#345=FACE_OUTER_BOUND('',#524,.T.);
#346=FACE_OUTER_BOUND('',#526,.T.);
#347=FACE_OUTER_BOUND('',#527,.T.);
#348=FACE_OUTER_BOUND('',#529,.T.);
#349=FACE_OUTER_BOUND('',#530,.T.);
#350=FACE_OUTER_BOUND('',#532,.T.);
#351=FACE_OUTER_BOUND('',#533,.T.);
#352=FACE_OUTER_BOUND('',#534,.T.);
#353=FACE_OUTER_BOUND('',#535,.T.);
#354=FACE_OUTER_BOUND('',#536,.T.);
#355=FACE_OUTER_BOUND('',#537,.T.);
#356=FACE_OUTER_BOUND('',#538,.T.);
#357=FACE_OUTER_BOUND('',#539,.T.);
#358=FACE_OUTER_BOUND('',#540,.T.);
#359=FACE_OUTER_BOUND('',#541,.T.);
#360=FACE_OUTER_BOUND('',#542,.T.);
#361=FACE_OUTER_BOUND('',#543,.T.);
#362=FACE_OUTER_BOUND('',#544,.T.);
#363=FACE_OUTER_BOUND('',#545,.T.);
#364=FACE_OUTER_BOUND('',#546,.T.);
#365=FACE_OUTER_BOUND('',#547,.T.);
#366=FACE_OUTER_BOUND('',#548,.T.);
#367=FACE_OUTER_BOUND('',#549,.T.);
#368=FACE_OUTER_BOUND('',#550,.T.);
#369=FACE_OUTER_BOUND('',#551,.T.);
#370=FACE_OUTER_BOUND('',#552,.T.);
#371=FACE_OUTER_BOUND('',#553,.T.);
#372=FACE_OUTER_BOUND('',#554,.T.);
#373=FACE_OUTER_BOUND('',#555,.T.);
#374=FACE_OUTER_BOUND('',#556,.T.);
#375=FACE_OUTER_BOUND('',#557,.T.);
#376=FACE_OUTER_BOUND('',#558,.T.);
#377=FACE_OUTER_BOUND('',#559,.T.);
#378=FACE_OUTER_BOUND('',#560,.T.);
#379=FACE_OUTER_BOUND('',#561,.T.);
#380=FACE_OUTER_BOUND('',#562,.T.);
#381=FACE_OUTER_BOUND('',#563,.T.);
#382=FACE_OUTER_BOUND('',#564,.T.);
#383=FACE_OUTER_BOUND('',#565,.T.);
#384=FACE_OUTER_BOUND('',#566,.T.);
#385=FACE_OUTER_BOUND('',#567,.T.);
#386=FACE_OUTER_BOUND('',#568,.T.);
#387=FACE_OUTER_BOUND('',#569,.T.);
#388=FACE_OUTER_BOUND('',#570,.T.);
#389=FACE_OUTER_BOUND('',#571,.T.);
#390=FACE_OUTER_BOUND('',#572,.T.);
#391=FACE_OUTER_BOUND('',#573,.T.);
#392=FACE_OUTER_BOUND('',#574,.T.);
#393=FACE_OUTER_BOUND('',#575,.T.);
#394=FACE_OUTER_BOUND('',#576,.T.);
#395=FACE_OUTER_BOUND('',#577,.T.);
#396=FACE_OUTER_BOUND('',#578,.T.);
#397=FACE_OUTER_BOUND('',#579,.T.);
#398=FACE_OUTER_BOUND('',#580,.T.);
#399=FACE_OUTER_BOUND('',#581,.T.);
#400=FACE_OUTER_BOUND('',#582,.T.);
#401=FACE_OUTER_BOUND('',#583,.T.);
#402=FACE_OUTER_BOUND('',#584,.T.);
#403=FACE_OUTER_BOUND('',#585,.T.);
#404=EDGE_LOOP('',(#1582,#1583,#1584,#1585));
#405=EDGE_LOOP('',(#1586,#1587,#1588,#1589));
#406=EDGE_LOOP('',(#1590,#1591,#1592,#1593));
#407=EDGE_LOOP('',(#1594,#1595,#1596,#1597));
#408=EDGE_LOOP('',(#1598,#1599,#1600,#1601));
#409=EDGE_LOOP('',(#1602));
#410=EDGE_LOOP('',(#1603,#1604,#1605,#1606));
#411=EDGE_LOOP('',(#1607));
#412=EDGE_LOOP('',(#1608,#1609,#1610,#1611));
#413=EDGE_LOOP('',(#1612,#1613,#1614,#1615));
#414=EDGE_LOOP('',(#1616,#1617,#1618,#1619));
#415=EDGE_LOOP('',(#1620,#1621,#1622,#1623));
#416=EDGE_LOOP('',(#1624,#1625,#1626,#1627));
#417=EDGE_LOOP('',(#1628));
#418=EDGE_LOOP('',(#1629,#1630,#1631,#1632));
#419=EDGE_LOOP('',(#1633));
#420=EDGE_LOOP('',(#1634,#1635,#1636,#1637));
#421=EDGE_LOOP('',(#1638,#1639,#1640,#1641));
#422=EDGE_LOOP('',(#1642,#1643,#1644,#1645));
#423=EDGE_LOOP('',(#1646,#1647,#1648,#1649));
#424=EDGE_LOOP('',(#1650,#1651,#1652,#1653));
#425=EDGE_LOOP('',(#1654));
#426=EDGE_LOOP('',(#1655,#1656,#1657,#1658));
#427=EDGE_LOOP('',(#1659));
#428=EDGE_LOOP('',(#1660,#1661,#1662,#1663));
#429=EDGE_LOOP('',(#1664,#1665,#1666,#1667));
#430=EDGE_LOOP('',(#1668,#1669,#1670,#1671));
#431=EDGE_LOOP('',(#1672,#1673,#1674,#1675));
#432=EDGE_LOOP('',(#1676,#1677,#1678,#1679,#1680,#1681,#1682,#1683));
#433=EDGE_LOOP('',(#1684,#1685,#1686,#1687,#1688,#1689,#1690,#1691));
#434=EDGE_LOOP('',(#1692));
#435=EDGE_LOOP('',(#1693,#1694,#1695,#1696));
#436=EDGE_LOOP('',(#1697,#1698,#1699,#1700));
#437=EDGE_LOOP('',(#1701,#1702,#1703,#1704,#1705,#1706));
#438=EDGE_LOOP('',(#1707,#1708,#1709,#1710,#1711,#1712,#1713,#1714));
#439=EDGE_LOOP('',(#1715,#1716,#1717,#1718));
#440=EDGE_LOOP('',(#1719,#1720,#1721,#1722));
#441=EDGE_LOOP('',(#1723,#1724,#1725,#1726));
#442=EDGE_LOOP('',(#1727,#1728,#1729,#1730));
#443=EDGE_LOOP('',(#1731,#1732,#1733,#1734));
#444=EDGE_LOOP('',(#1735,#1736,#1737,#1738));
#445=EDGE_LOOP('',(#1739,#1740,#1741,#1742));
#446=EDGE_LOOP('',(#1743,#1744,#1745,#1746));
#447=EDGE_LOOP('',(#1747,#1748,#1749,#1750));
#448=EDGE_LOOP('',(#1751,#1752,#1753,#1754));
#449=EDGE_LOOP('',(#1755,#1756,#1757,#1758));
#450=EDGE_LOOP('',(#1759,#1760,#1761,#1762));
#451=EDGE_LOOP('',(#1763,#1764,#1765,#1766));
#452=EDGE_LOOP('',(#1767,#1768,#1769,#1770));
#453=EDGE_LOOP('',(#1771,#1772,#1773,#1774));
#454=EDGE_LOOP('',(#1775,#1776,#1777,#1778));
#455=EDGE_LOOP('',(#1779,#1780,#1781,#1782));
#456=EDGE_LOOP('',(#1783,#1784,#1785,#1786));
#457=EDGE_LOOP('',(#1787,#1788,#1789,#1790));
#458=EDGE_LOOP('',(#1791,#1792,#1793,#1794));
#459=EDGE_LOOP('',(#1795,#1796,#1797,#1798));
#460=EDGE_LOOP('',(#1799,#1800,#1801,#1802));
#461=EDGE_LOOP('',(#1803,#1804,#1805,#1806));
#462=EDGE_LOOP('',(#1807,#1808,#1809,#1810));
#463=EDGE_LOOP('',(#1811,#1812,#1813,#1814));
#464=EDGE_LOOP('',(#1815,#1816,#1817,#1818));
#465=EDGE_LOOP('',(#1819,#1820,#1821,#1822));
#466=EDGE_LOOP('',(#1823,#1824,#1825,#1826));
#467=EDGE_LOOP('',(#1827,#1828,#1829,#1830));
#468=EDGE_LOOP('',(#1831,#1832,#1833,#1834,#1835,#1836,#1837,#1838,#1839,
#1840,#1841,#1842,#1843,#1844,#1845,#1846));
#469=EDGE_LOOP('',(#1847,#1848,#1849,#1850,#1851,#1852,#1853,#1854));
#470=EDGE_LOOP('',(#1855));
#471=EDGE_LOOP('',(#1856));
#472=EDGE_LOOP('',(#1857));
#473=EDGE_LOOP('',(#1858));
#474=EDGE_LOOP('',(#1859));
#475=EDGE_LOOP('',(#1860));
#476=EDGE_LOOP('',(#1861,#1862,#1863,#1864,#1865,#1866,#1867,#1868));
#477=EDGE_LOOP('',(#1869,#1870,#1871,#1872));
#478=EDGE_LOOP('',(#1873,#1874,#1875,#1876));
#479=EDGE_LOOP('',(#1877,#1878,#1879,#1880));
#480=EDGE_LOOP('',(#1881,#1882,#1883,#1884,#1885,#1886,#1887));
#481=EDGE_LOOP('',(#1888,#1889,#1890,#1891));
#482=EDGE_LOOP('',(#1892,#1893,#1894,#1895));
#483=EDGE_LOOP('',(#1896,#1897,#1898,#1899,#1900,#1901,#1902,#1903,#1904,
#1905,#1906,#1907));
#484=EDGE_LOOP('',(#1908,#1909,#1910,#1911,#1912,#1913,#1914,#1915));
#485=EDGE_LOOP('',(#1916));
#486=EDGE_LOOP('',(#1917));
#487=EDGE_LOOP('',(#1918,#1919,#1920,#1921));
#488=EDGE_LOOP('',(#1922));
#489=EDGE_LOOP('',(#1923,#1924,#1925,#1926));
#490=EDGE_LOOP('',(#1927));
#491=EDGE_LOOP('',(#1928,#1929,#1930,#1931));
#492=EDGE_LOOP('',(#1932));
#493=EDGE_LOOP('',(#1933,#1934,#1935,#1936));
#494=EDGE_LOOP('',(#1937,#1938,#1939,#1940));
#495=EDGE_LOOP('',(#1941,#1942,#1943,#1944,#1945,#1946,#1947,#1948,#1949,
#1950,#1951,#1952,#1953,#1954,#1955,#1956));
#496=EDGE_LOOP('',(#1957,#1958,#1959,#1960,#1961,#1962,#1963,#1964,#1965,
#1966,#1967,#1968,#1969,#1970,#1971,#1972));
#497=EDGE_LOOP('',(#1973));
#498=EDGE_LOOP('',(#1974));
#499=EDGE_LOOP('',(#1975));
#500=EDGE_LOOP('',(#1976));
#501=EDGE_LOOP('',(#1977));
#502=EDGE_LOOP('',(#1978));
#503=EDGE_LOOP('',(#1979,#1980,#1981,#1982,#1983));
#504=EDGE_LOOP('',(#1984,#1985,#1986,#1987));
#505=EDGE_LOOP('',(#1988,#1989,#1990,#1991));
#506=EDGE_LOOP('',(#1992,#1993,#1994,#1995));
#507=EDGE_LOOP('',(#1996,#1997,#1998,#1999));
#508=EDGE_LOOP('',(#2000,#2001,#2002,#2003));
#509=EDGE_LOOP('',(#2004,#2005,#2006,#2007));
#510=EDGE_LOOP('',(#2008,#2009,#2010,#2011));
#511=EDGE_LOOP('',(#2012,#2013,#2014,#2015));
#512=EDGE_LOOP('',(#2016,#2017,#2018,#2019));
#513=EDGE_LOOP('',(#2020,#2021,#2022,#2023));
#514=EDGE_LOOP('',(#2024,#2025,#2026,#2027));
#515=EDGE_LOOP('',(#2028));
#516=EDGE_LOOP('',(#2029));
#517=EDGE_LOOP('',(#2030,#2031,#2032,#2033));
#518=EDGE_LOOP('',(#2034));
#519=EDGE_LOOP('',(#2035));
#520=EDGE_LOOP('',(#2036,#2037,#2038,#2039));
#521=EDGE_LOOP('',(#2040));
#522=EDGE_LOOP('',(#2041));
#523=EDGE_LOOP('',(#2042,#2043,#2044,#2045));
#524=EDGE_LOOP('',(#2046));
#525=EDGE_LOOP('',(#2047));
#526=EDGE_LOOP('',(#2048,#2049,#2050,#2051));
#527=EDGE_LOOP('',(#2052));
#528=EDGE_LOOP('',(#2053));
#529=EDGE_LOOP('',(#2054,#2055,#2056,#2057));
#530=EDGE_LOOP('',(#2058));
#531=EDGE_LOOP('',(#2059));
#532=EDGE_LOOP('',(#2060,#2061,#2062,#2063));
#533=EDGE_LOOP('',(#2064,#2065,#2066,#2067));
#534=EDGE_LOOP('',(#2068,#2069,#2070,#2071));
#535=EDGE_LOOP('',(#2072,#2073,#2074,#2075));
#536=EDGE_LOOP('',(#2076,#2077,#2078,#2079));
#537=EDGE_LOOP('',(#2080,#2081,#2082,#2083));
#538=EDGE_LOOP('',(#2084,#2085,#2086,#2087));
#539=EDGE_LOOP('',(#2088,#2089,#2090,#2091));
#540=EDGE_LOOP('',(#2092,#2093,#2094,#2095));
#541=EDGE_LOOP('',(#2096,#2097,#2098,#2099));
#542=EDGE_LOOP('',(#2100,#2101,#2102,#2103));
#543=EDGE_LOOP('',(#2104,#2105,#2106,#2107));
#544=EDGE_LOOP('',(#2108,#2109,#2110,#2111));
#545=EDGE_LOOP('',(#2112,#2113,#2114,#2115));
#546=EDGE_LOOP('',(#2116,#2117,#2118,#2119));
#547=EDGE_LOOP('',(#2120,#2121,#2122,#2123));
#548=EDGE_LOOP('',(#2124,#2125,#2126,#2127));
#549=EDGE_LOOP('',(#2128,#2129,#2130,#2131));
#550=EDGE_LOOP('',(#2132,#2133,#2134,#2135));
#551=EDGE_LOOP('',(#2136,#2137,#2138,#2139));
#552=EDGE_LOOP('',(#2140,#2141,#2142,#2143));
#553=EDGE_LOOP('',(#2144,#2145,#2146,#2147));
#554=EDGE_LOOP('',(#2148,#2149,#2150,#2151));
#555=EDGE_LOOP('',(#2152,#2153,#2154,#2155));
#556=EDGE_LOOP('',(#2156,#2157,#2158,#2159));
#557=EDGE_LOOP('',(#2160,#2161,#2162,#2163));
#558=EDGE_LOOP('',(#2164,#2165,#2166,#2167));
#559=EDGE_LOOP('',(#2168,#2169,#2170,#2171));
#560=EDGE_LOOP('',(#2172,#2173,#2174,#2175));
#561=EDGE_LOOP('',(#2176,#2177,#2178,#2179));
#562=EDGE_LOOP('',(#2180,#2181,#2182,#2183));
#563=EDGE_LOOP('',(#2184,#2185,#2186,#2187));
#564=EDGE_LOOP('',(#2188,#2189,#2190,#2191));
#565=EDGE_LOOP('',(#2192,#2193,#2194,#2195));
#566=EDGE_LOOP('',(#2196,#2197,#2198,#2199));
#567=EDGE_LOOP('',(#2200,#2201,#2202,#2203));
#568=EDGE_LOOP('',(#2204,#2205,#2206,#2207));
#569=EDGE_LOOP('',(#2208,#2209,#2210,#2211));
#570=EDGE_LOOP('',(#2212,#2213,#2214,#2215));
#571=EDGE_LOOP('',(#2216,#2217,#2218,#2219));
#572=EDGE_LOOP('',(#2220,#2221,#2222,#2223));
#573=EDGE_LOOP('',(#2224,#2225,#2226,#2227));
#574=EDGE_LOOP('',(#2228,#2229,#2230,#2231));
#575=EDGE_LOOP('',(#2232,#2233,#2234,#2235));
#576=EDGE_LOOP('',(#2236,#2237,#2238,#2239));
#577=EDGE_LOOP('',(#2240,#2241,#2242,#2243));
#578=EDGE_LOOP('',(#2244,#2245,#2246,#2247));
#579=EDGE_LOOP('',(#2248,#2249,#2250,#2251));
#580=EDGE_LOOP('',(#2252,#2253,#2254,#2255));
#581=EDGE_LOOP('',(#2256,#2257,#2258,#2259));
#582=EDGE_LOOP('',(#2260,#2261,#2262,#2263));
#583=EDGE_LOOP('',(#2264,#2265,#2266,#2267));
#584=EDGE_LOOP('',(#2268,#2269,#2270,#2271));
#585=EDGE_LOOP('',(#2272,#2273,#2274,#2275));
#586=LINE('',#3576,#803);
#587=LINE('',#3578,#804);
#588=LINE('',#3580,#805);
#589=LINE('',#3581,#806);
#590=LINE('',#3584,#807);
#591=LINE('',#3586,#808);
#592=LINE('',#3587,#809);
#593=LINE('',#3590,#810);
#594=LINE('',#3592,#811);
#595=LINE('',#3593,#812);
#596=LINE('',#3595,#813);
#597=LINE('',#3596,#814);
#598=LINE('',#3606,#815);
#599=LINE('',#3608,#816);
#600=LINE('',#3610,#817);
#601=LINE('',#3611,#818);
#602=LINE('',#3614,#819);
#603=LINE('',#3616,#820);
#604=LINE('',#3617,#821);
#605=LINE('',#3620,#822);
#606=LINE('',#3622,#823);
#607=LINE('',#3623,#824);
#608=LINE('',#3625,#825);
#609=LINE('',#3626,#826);
#610=LINE('',#3636,#827);
#611=LINE('',#3638,#828);
#612=LINE('',#3640,#829);
#613=LINE('',#3641,#830);
#614=LINE('',#3644,#831);
#615=LINE('',#3646,#832);
#616=LINE('',#3647,#833);
#617=LINE('',#3650,#834);
#618=LINE('',#3652,#835);
#619=LINE('',#3653,#836);
#620=LINE('',#3655,#837);
#621=LINE('',#3656,#838);
#622=LINE('',#3665,#839);
#623=LINE('',#3669,#840);
#624=LINE('',#3673,#841);
#625=LINE('',#3680,#842);
#626=LINE('',#3683,#843);
#627=LINE('',#3686,#844);
#628=LINE('',#3690,#845);
#629=LINE('',#3694,#846);
#630=LINE('',#3697,#847);
#631=LINE('',#3702,#848);
#632=LINE('',#3706,#849);
#633=LINE('',#3710,#850);
#634=LINE('',#3713,#851);
#635=LINE('',#3718,#852);
#636=LINE('',#3719,#853);
#637=LINE('',#3723,#854);
#638=LINE('',#3726,#855);
#639=LINE('',#3728,#856);
#640=LINE('',#3730,#857);
#641=LINE('',#3731,#858);
#642=LINE('',#3734,#859);
#643=LINE('',#3736,#860);
#644=LINE('',#3738,#861);
#645=LINE('',#3740,#862);
#646=LINE('',#3742,#863);
#647=LINE('',#3743,#864);
#648=LINE('',#3749,#865);
#649=LINE('',#3752,#866);
#650=LINE('',#3755,#867);
#651=LINE('',#3757,#868);
#652=LINE('',#3758,#869);
#653=LINE('',#3764,#870);
#654=LINE('',#3767,#871);
#655=LINE('',#3769,#872);
#656=LINE('',#3770,#873);
#657=LINE('',#3776,#874);
#658=LINE('',#3779,#875);
#659=LINE('',#3781,#876);
#660=LINE('',#3782,#877);
#661=LINE('',#3788,#878);
#662=LINE('',#3790,#879);
#663=LINE('',#3791,#880);
#664=LINE('',#3801,#881);
#665=LINE('',#3809,#882);
#666=LINE('',#3817,#883);
#667=LINE('',#3823,#884);
#668=LINE('',#3826,#885);
#669=LINE('',#3828,#886);
#670=LINE('',#3829,#887);
#671=LINE('',#3832,#888);
#672=LINE('',#3836,#889);
#673=LINE('',#3837,#890);
#674=LINE('',#3840,#891);
#675=LINE('',#3851,#892);
#676=LINE('',#3862,#893);
#677=LINE('',#3863,#894);
#678=LINE('',#3873,#895);
#679=LINE('',#3874,#896);
#680=LINE('',#3880,#897);
#681=LINE('',#3882,#898);
#682=LINE('',#3886,#899);
#683=LINE('',#3890,#900);
#684=LINE('',#3894,#901);
#685=LINE('',#3898,#902);
#686=LINE('',#3902,#903);
#687=LINE('',#3906,#904);
#688=LINE('',#3910,#905);
#689=LINE('',#3914,#906);
#690=LINE('',#3929,#907);
#691=LINE('',#3931,#908);
#692=LINE('',#3940,#909);
#693=LINE('',#3943,#910);
#694=LINE('',#3949,#911);
#695=LINE('',#3953,#912);
#696=LINE('',#3957,#913);
#697=LINE('',#3961,#914);
#698=LINE('',#3964,#915);
#699=LINE('',#3970,#916);
#700=LINE('',#3973,#917);
#701=LINE('',#3976,#918);
#702=LINE('',#3982,#919);
#703=LINE('',#3983,#920);
#704=LINE('',#3986,#921);
#705=LINE('',#3987,#922);
#706=LINE('',#3991,#923);
#707=LINE('',#3995,#924);
#708=LINE('',#3999,#925);
#709=LINE('',#4003,#926);
#710=LINE('',#4007,#927);
#711=LINE('',#4011,#928);
#712=LINE('',#4015,#929);
#713=LINE('',#4019,#930);
#714=LINE('',#4022,#931);
#715=LINE('',#4026,#932);
#716=LINE('',#4031,#933);
#717=LINE('',#4034,#934);
#718=LINE('',#4038,#935);
#719=LINE('',#4053,#936);
#720=LINE('',#4055,#937);
#721=LINE('',#4057,#938);
#722=LINE('',#4060,#939);
#723=LINE('',#4062,#940);
#724=LINE('',#4063,#941);
#725=LINE('',#4066,#942);
#726=LINE('',#4068,#943);
#727=LINE('',#4073,#944);
#728=LINE('',#4080,#945);
#729=LINE('',#4087,#946);
#730=LINE('',#4094,#947);
#731=LINE('',#4101,#948);
#732=LINE('',#4108,#949);
#733=LINE('',#4115,#950);
#734=LINE('',#4117,#951);
#735=LINE('',#4118,#952);
#736=LINE('',#4121,#953);
#737=LINE('',#4125,#954);
#738=LINE('',#4126,#955);
#739=LINE('',#4129,#956);
#740=LINE('',#4133,#957);
#741=LINE('',#4134,#958);
#742=LINE('',#4137,#959);
#743=LINE('',#4141,#960);
#744=LINE('',#4142,#961);
#745=LINE('',#4145,#962);
#746=LINE('',#4149,#963);
#747=LINE('',#4150,#964);
#748=LINE('',#4153,#965);
#749=LINE('',#4157,#966);
#750=LINE('',#4158,#967);
#751=LINE('',#4161,#968);
#752=LINE('',#4165,#969);
#753=LINE('',#4166,#970);
#754=LINE('',#4169,#971);
#755=LINE('',#4173,#972);
#756=LINE('',#4174,#973);
#757=LINE('',#4179,#974);
#758=LINE('',#4182,#975);
#759=LINE('',#4185,#976);
#760=LINE('',#4186,#977);
#761=LINE('',#4189,#978);
#762=LINE('',#4193,#979);
#763=LINE('',#4194,#980);
#764=LINE('',#4197,#981);
#765=LINE('',#4201,#982);
#766=LINE('',#4202,#983);
#767=LINE('',#4205,#984);
#768=LINE('',#4209,#985);
#769=LINE('',#4210,#986);
#770=LINE('',#4212,#987);
#771=LINE('',#4213,#988);
#772=LINE('',#4217,#989);
#773=LINE('',#4220,#990);
#774=LINE('',#4221,#991);
#775=LINE('',#4225,#992);
#776=LINE('',#4228,#993);
#777=LINE('',#4229,#994);
#778=LINE('',#4233,#995);
#779=LINE('',#4236,#996);
#780=LINE('',#4237,#997);
#781=LINE('',#4241,#998);
#782=LINE('',#4243,#999);
#783=LINE('',#4244,#1000);
#784=LINE('',#4246,#1001);
#785=LINE('',#4248,#1002);
#786=LINE('',#4250,#1003);
#787=LINE('',#4252,#1004);
#788=LINE('',#4254,#1005);
#789=LINE('',#4256,#1006);
#790=LINE('',#4259,#1007);
#791=LINE('',#4260,#1008);
#792=LINE('',#4262,#1009);
#793=LINE('',#4264,#1010);
#794=LINE('',#4266,#1011);
#795=LINE('',#4268,#1012);
#796=LINE('',#4270,#1013);
#797=LINE('',#4274,#1014);
#798=LINE('',#4276,#1015);
#799=LINE('',#4278,#1016);
#800=LINE('',#4280,#1017);
#801=LINE('',#4282,#1018);
#802=LINE('',#4284,#1019);
#803=VECTOR('',#2797,10.);
#804=VECTOR('',#2798,10.);
#805=VECTOR('',#2799,10.);
#806=VECTOR('',#2800,10.);
#807=VECTOR('',#2803,10.);
#808=VECTOR('',#2804,10.);
#809=VECTOR('',#2805,10.);
#810=VECTOR('',#2808,10.);
#811=VECTOR('',#2809,10.);
#812=VECTOR('',#2810,10.);
#813=VECTOR('',#2813,10.);
#814=VECTOR('',#2814,10.);
#815=VECTOR('',#2825,10.);
#816=VECTOR('',#2826,10.);
#817=VECTOR('',#2827,10.);
#818=VECTOR('',#2828,10.);
#819=VECTOR('',#2831,10.);
#820=VECTOR('',#2832,10.);
#821=VECTOR('',#2833,10.);
#822=VECTOR('',#2836,10.);
#823=VECTOR('',#2837,10.);
#824=VECTOR('',#2838,10.);
#825=VECTOR('',#2841,10.);
#826=VECTOR('',#2842,10.);
#827=VECTOR('',#2853,10.);
#828=VECTOR('',#2854,10.);
#829=VECTOR('',#2855,10.);
#830=VECTOR('',#2856,10.);
#831=VECTOR('',#2859,10.);
#832=VECTOR('',#2860,10.);
#833=VECTOR('',#2861,10.);
#834=VECTOR('',#2864,10.);
#835=VECTOR('',#2865,10.);
#836=VECTOR('',#2866,10.);
#837=VECTOR('',#2869,10.);
#838=VECTOR('',#2870,10.);
#839=VECTOR('',#2881,1.1);
#840=VECTOR('',#2886,1.1);
#841=VECTOR('',#2891,1.1);
#842=VECTOR('',#2898,10.);
#843=VECTOR('',#2901,10.);
#844=VECTOR('',#2904,10.);
#845=VECTOR('',#2907,10.);
#846=VECTOR('',#2910,10.);
#847=VECTOR('',#2913,10.);
#848=VECTOR('',#2916,10.);
#849=VECTOR('',#2919,10.);
#850=VECTOR('',#2922,10.);
#851=VECTOR('',#2925,10.);
#852=VECTOR('',#2930,10.);
#853=VECTOR('',#2931,10.);
#854=VECTOR('',#2936,10.);
#855=VECTOR('',#2939,10.);
#856=VECTOR('',#2940,10.);
#857=VECTOR('',#2941,10.);
#858=VECTOR('',#2942,10.);
#859=VECTOR('',#2945,10.);
#860=VECTOR('',#2946,10.);
#861=VECTOR('',#2947,10.);
#862=VECTOR('',#2948,10.);
#863=VECTOR('',#2949,10.);
#864=VECTOR('',#2950,10.);
#865=VECTOR('',#2955,10.);
#866=VECTOR('',#2958,10.);
#867=VECTOR('',#2961,10.);
#868=VECTOR('',#2962,10.);
#869=VECTOR('',#2963,10.);
#870=VECTOR('',#2970,10.);
#871=VECTOR('',#2973,10.);
#872=VECTOR('',#2974,10.);
#873=VECTOR('',#2975,10.);
#874=VECTOR('',#2982,10.);
#875=VECTOR('',#2985,10.);
#876=VECTOR('',#2986,10.);
#877=VECTOR('',#2987,10.);
#878=VECTOR('',#2994,10.);
#879=VECTOR('',#2997,10.);
#880=VECTOR('',#2998,10.);
#881=VECTOR('',#3011,10.);
#882=VECTOR('',#3022,10.);
#883=VECTOR('',#3033,10.);
#884=VECTOR('',#3042,10.);
#885=VECTOR('',#3045,10.);
#886=VECTOR('',#3046,10.);
#887=VECTOR('',#3047,10.);
#888=VECTOR('',#3050,10.);
#889=VECTOR('',#3055,10.);
#890=VECTOR('',#3056,10.);
#891=VECTOR('',#3059,10.);
#892=VECTOR('',#3074,10.);
#893=VECTOR('',#3087,10.);
#894=VECTOR('',#3088,10.);
#895=VECTOR('',#3101,10.);
#896=VECTOR('',#3102,10.);
#897=VECTOR('',#3111,10.);
#898=VECTOR('',#3114,10.);
#899=VECTOR('',#3117,10.);
#900=VECTOR('',#3120,10.);
#901=VECTOR('',#3123,10.);
#902=VECTOR('',#3126,10.);
#903=VECTOR('',#3129,10.);
#904=VECTOR('',#3132,10.);
#905=VECTOR('',#3135,10.);
#906=VECTOR('',#3138,10.);
#907=VECTOR('',#3155,10.);
#908=VECTOR('',#3158,10.);
#909=VECTOR('',#3171,10.);
#910=VECTOR('',#3174,10.);
#911=VECTOR('',#3181,10.);
#912=VECTOR('',#3184,10.);
#913=VECTOR('',#3187,10.);
#914=VECTOR('',#3190,10.);
#915=VECTOR('',#3193,10.);
#916=VECTOR('',#3200,1.1);
#917=VECTOR('',#3205,1.1);
#918=VECTOR('',#3210,1.1);
#919=VECTOR('',#3217,10.);
#920=VECTOR('',#3218,10.);
#921=VECTOR('',#3221,10.);
#922=VECTOR('',#3222,10.);
#923=VECTOR('',#3225,10.);
#924=VECTOR('',#3228,10.);
#925=VECTOR('',#3231,10.);
#926=VECTOR('',#3234,10.);
#927=VECTOR('',#3237,10.);
#928=VECTOR('',#3240,10.);
#929=VECTOR('',#3243,10.);
#930=VECTOR('',#3246,10.);
#931=VECTOR('',#3249,10.);
#932=VECTOR('',#3252,10.);
#933=VECTOR('',#3257,10.);
#934=VECTOR('',#3260,10.);
#935=VECTOR('',#3263,10.);
#936=VECTOR('',#3280,10.);
#937=VECTOR('',#3283,10.);
#938=VECTOR('',#3286,10.);
#939=VECTOR('',#3291,10.);
#940=VECTOR('',#3294,10.);
#941=VECTOR('',#3295,10.);
#942=VECTOR('',#3300,10.);
#943=VECTOR('',#3303,10.);
#944=VECTOR('',#3310,4.75);
#945=VECTOR('',#3319,5.35);
#946=VECTOR('',#3328,4.75);
#947=VECTOR('',#3337,4.75);
#948=VECTOR('',#3346,5.35);
#949=VECTOR('',#3355,4.75);
#950=VECTOR('',#3364,10.);
#951=VECTOR('',#3365,10.);
#952=VECTOR('',#3366,10.);
#953=VECTOR('',#3369,10.);
#954=VECTOR('',#3374,10.);
#955=VECTOR('',#3375,10.);
#956=VECTOR('',#3378,10.);
#957=VECTOR('',#3383,10.);
#958=VECTOR('',#3384,10.);
#959=VECTOR('',#3387,10.);
#960=VECTOR('',#3392,10.);
#961=VECTOR('',#3393,10.);
#962=VECTOR('',#3396,10.);
#963=VECTOR('',#3401,10.);
#964=VECTOR('',#3402,10.);
#965=VECTOR('',#3405,10.);
#966=VECTOR('',#3410,10.);
#967=VECTOR('',#3411,10.);
#968=VECTOR('',#3414,10.);
#969=VECTOR('',#3419,10.);
#970=VECTOR('',#3420,10.);
#971=VECTOR('',#3423,10.);
#972=VECTOR('',#3428,10.);
#973=VECTOR('',#3429,10.);
#974=VECTOR('',#3436,10.);
#975=VECTOR('',#3439,10.);
#976=VECTOR('',#3442,10.);
#977=VECTOR('',#3443,10.);
#978=VECTOR('',#3446,10.);
#979=VECTOR('',#3451,10.);
#980=VECTOR('',#3452,10.);
#981=VECTOR('',#3455,10.);
#982=VECTOR('',#3460,10.);
#983=VECTOR('',#3461,10.);
#984=VECTOR('',#3464,10.);
#985=VECTOR('',#3469,10.);
#986=VECTOR('',#3470,10.);
#987=VECTOR('',#3473,10.);
#988=VECTOR('',#3474,10.);
#989=VECTOR('',#3479,10.);
#990=VECTOR('',#3482,10.);
#991=VECTOR('',#3483,10.);
#992=VECTOR('',#3488,10.);
#993=VECTOR('',#3491,10.);
#994=VECTOR('',#3492,10.);
#995=VECTOR('',#3497,10.);
#996=VECTOR('',#3500,10.);
#997=VECTOR('',#3501,10.);
#998=VECTOR('',#3506,10.);
#999=VECTOR('',#3509,10.);
#1000=VECTOR('',#3510,10.);
#1001=VECTOR('',#3513,10.);
#1002=VECTOR('',#3516,10.);
#1003=VECTOR('',#3519,10.);
#1004=VECTOR('',#3522,10.);
#1005=VECTOR('',#3525,10.);
#1006=VECTOR('',#3528,10.);
#1007=VECTOR('',#3533,10.);
#1008=VECTOR('',#3534,10.);
#1009=VECTOR('',#3537,10.);
#1010=VECTOR('',#3540,10.);
#1011=VECTOR('',#3543,10.);
#1012=VECTOR('',#3546,10.);
#1013=VECTOR('',#3549,10.);
#1014=VECTOR('',#3556,2.6);
#1015=VECTOR('',#3559,3.675);
#1016=VECTOR('',#3562,2.6);
#1017=VECTOR('',#3565,2.6);
#1018=VECTOR('',#3568,3.675);
#1019=VECTOR('',#3571,2.6);
#1020=VERTEX_POINT('',#3574);
#1021=VERTEX_POINT('',#3575);
#1022=VERTEX_POINT('',#3577);
#1023=VERTEX_POINT('',#3579);
#1024=VERTEX_POINT('',#3583);
#1025=VERTEX_POINT('',#3585);
#1026=VERTEX_POINT('',#3589);
#1027=VERTEX_POINT('',#3591);
#1028=VERTEX_POINT('',#3598);
#1029=VERTEX_POINT('',#3601);
#1030=VERTEX_POINT('',#3604);
#1031=VERTEX_POINT('',#3605);
#1032=VERTEX_POINT('',#3607);
#1033=VERTEX_POINT('',#3609);
#1034=VERTEX_POINT('',#3613);
#1035=VERTEX_POINT('',#3615);
#1036=VERTEX_POINT('',#3619);
#1037=VERTEX_POINT('',#3621);
#1038=VERTEX_POINT('',#3628);
#1039=VERTEX_POINT('',#3631);
#1040=VERTEX_POINT('',#3634);
#1041=VERTEX_POINT('',#3635);
#1042=VERTEX_POINT('',#3637);
#1043=VERTEX_POINT('',#3639);
#1044=VERTEX_POINT('',#3643);
#1045=VERTEX_POINT('',#3645);
#1046=VERTEX_POINT('',#3649);
#1047=VERTEX_POINT('',#3651);
#1048=VERTEX_POINT('',#3658);
#1049=VERTEX_POINT('',#3661);
#1050=VERTEX_POINT('',#3664);
#1051=VERTEX_POINT('',#3668);
#1052=VERTEX_POINT('',#3672);
#1053=VERTEX_POINT('',#3676);
#1054=VERTEX_POINT('',#3677);
#1055=VERTEX_POINT('',#3679);
#1056=VERTEX_POINT('',#3681);
#1057=VERTEX_POINT('',#3685);
#1058=VERTEX_POINT('',#3687);
#1059=VERTEX_POINT('',#3689);
#1060=VERTEX_POINT('',#3691);
#1061=VERTEX_POINT('',#3693);
#1062=VERTEX_POINT('',#3695);
#1063=VERTEX_POINT('',#3698);
#1064=VERTEX_POINT('',#3699);
#1065=VERTEX_POINT('',#3701);
#1066=VERTEX_POINT('',#3703);
#1067=VERTEX_POINT('',#3705);
#1068=VERTEX_POINT('',#3707);
#1069=VERTEX_POINT('',#3709);
#1070=VERTEX_POINT('',#3711);
#1071=VERTEX_POINT('',#3714);
#1072=VERTEX_POINT('',#3717);
#1073=VERTEX_POINT('',#3721);
#1074=VERTEX_POINT('',#3725);
#1075=VERTEX_POINT('',#3727);
#1076=VERTEX_POINT('',#3729);
#1077=VERTEX_POINT('',#3733);
#1078=VERTEX_POINT('',#3735);
#1079=VERTEX_POINT('',#3737);
#1080=VERTEX_POINT('',#3739);
#1081=VERTEX_POINT('',#3741);
#1082=VERTEX_POINT('',#3745);
#1083=VERTEX_POINT('',#3746);
#1084=VERTEX_POINT('',#3748);
#1085=VERTEX_POINT('',#3750);
#1086=VERTEX_POINT('',#3754);
#1087=VERTEX_POINT('',#3756);
#1088=VERTEX_POINT('',#3760);
#1089=VERTEX_POINT('',#3762);
#1090=VERTEX_POINT('',#3766);
#1091=VERTEX_POINT('',#3768);
#1092=VERTEX_POINT('',#3772);
#1093=VERTEX_POINT('',#3774);
#1094=VERTEX_POINT('',#3778);
#1095=VERTEX_POINT('',#3780);
#1096=VERTEX_POINT('',#3784);
#1097=VERTEX_POINT('',#3786);
#1098=VERTEX_POINT('',#3793);
#1099=VERTEX_POINT('',#3795);
#1100=VERTEX_POINT('',#3799);
#1101=VERTEX_POINT('',#3803);
#1102=VERTEX_POINT('',#3807);
#1103=VERTEX_POINT('',#3811);
#1104=VERTEX_POINT('',#3815);
#1105=VERTEX_POINT('',#3819);
#1106=VERTEX_POINT('',#3825);
#1107=VERTEX_POINT('',#3827);
#1108=VERTEX_POINT('',#3831);
#1109=VERTEX_POINT('',#3835);
#1110=VERTEX_POINT('',#3839);
#1111=VERTEX_POINT('',#3843);
#1112=VERTEX_POINT('',#3845);
#1113=VERTEX_POINT('',#3849);
#1114=VERTEX_POINT('',#3853);
#1115=VERTEX_POINT('',#3854);
#1116=VERTEX_POINT('',#3859);
#1117=VERTEX_POINT('',#3860);
#1118=VERTEX_POINT('',#3865);
#1119=VERTEX_POINT('',#3866);
#1120=VERTEX_POINT('',#3871);
#1121=VERTEX_POINT('',#3876);
#1122=VERTEX_POINT('',#3884);
#1123=VERTEX_POINT('',#3885);
#1124=VERTEX_POINT('',#3887);
#1125=VERTEX_POINT('',#3889);
#1126=VERTEX_POINT('',#3891);
#1127=VERTEX_POINT('',#3893);
#1128=VERTEX_POINT('',#3895);
#1129=VERTEX_POINT('',#3897);
#1130=VERTEX_POINT('',#3899);
#1131=VERTEX_POINT('',#3901);
#1132=VERTEX_POINT('',#3903);
#1133=VERTEX_POINT('',#3905);
#1134=VERTEX_POINT('',#3907);
#1135=VERTEX_POINT('',#3909);
#1136=VERTEX_POINT('',#3911);
#1137=VERTEX_POINT('',#3913);
#1138=VERTEX_POINT('',#3916);
#1139=VERTEX_POINT('',#3918);
#1140=VERTEX_POINT('',#3920);
#1141=VERTEX_POINT('',#3922);
#1142=VERTEX_POINT('',#3924);
#1143=VERTEX_POINT('',#3926);
#1144=VERTEX_POINT('',#3934);
#1145=VERTEX_POINT('',#3938);
#1146=VERTEX_POINT('',#3942);
#1147=VERTEX_POINT('',#3946);
#1148=VERTEX_POINT('',#3948);
#1149=VERTEX_POINT('',#3950);
#1150=VERTEX_POINT('',#3952);
#1151=VERTEX_POINT('',#3954);
#1152=VERTEX_POINT('',#3956);
#1153=VERTEX_POINT('',#3958);
#1154=VERTEX_POINT('',#3960);
#1155=VERTEX_POINT('',#3962);
#1156=VERTEX_POINT('',#3965);
#1157=VERTEX_POINT('',#3967);
#1158=VERTEX_POINT('',#3979);
#1159=VERTEX_POINT('',#3980);
#1160=VERTEX_POINT('',#3985);
#1161=VERTEX_POINT('',#3989);
#1162=VERTEX_POINT('',#3990);
#1163=VERTEX_POINT('',#3992);
#1164=VERTEX_POINT('',#3994);
#1165=VERTEX_POINT('',#3996);
#1166=VERTEX_POINT('',#3998);
#1167=VERTEX_POINT('',#4000);
#1168=VERTEX_POINT('',#4002);
#1169=VERTEX_POINT('',#4004);
#1170=VERTEX_POINT('',#4006);
#1171=VERTEX_POINT('',#4008);
#1172=VERTEX_POINT('',#4010);
#1173=VERTEX_POINT('',#4012);
#1174=VERTEX_POINT('',#4014);
#1175=VERTEX_POINT('',#4016);
#1176=VERTEX_POINT('',#4018);
#1177=VERTEX_POINT('',#4021);
#1178=VERTEX_POINT('',#4023);
#1179=VERTEX_POINT('',#4025);
#1180=VERTEX_POINT('',#4028);
#1181=VERTEX_POINT('',#4030);
#1182=VERTEX_POINT('',#4033);
#1183=VERTEX_POINT('',#4035);
#1184=VERTEX_POINT('',#4037);
#1185=VERTEX_POINT('',#4040);
#1186=VERTEX_POINT('',#4042);
#1187=VERTEX_POINT('',#4044);
#1188=VERTEX_POINT('',#4046);
#1189=VERTEX_POINT('',#4048);
#1190=VERTEX_POINT('',#4050);
#1191=VERTEX_POINT('',#4072);
#1192=VERTEX_POINT('',#4076);
#1193=VERTEX_POINT('',#4079);
#1194=VERTEX_POINT('',#4083);
#1195=VERTEX_POINT('',#4086);
#1196=VERTEX_POINT('',#4090);
#1197=VERTEX_POINT('',#4093);
#1198=VERTEX_POINT('',#4097);
#1199=VERTEX_POINT('',#4100);
#1200=VERTEX_POINT('',#4104);
#1201=VERTEX_POINT('',#4107);
#1202=VERTEX_POINT('',#4111);
#1203=VERTEX_POINT('',#4114);
#1204=VERTEX_POINT('',#4116);
#1205=VERTEX_POINT('',#4120);
#1206=VERTEX_POINT('',#4124);
#1207=VERTEX_POINT('',#4128);
#1208=VERTEX_POINT('',#4132);
#1209=VERTEX_POINT('',#4136);
#1210=VERTEX_POINT('',#4140);
#1211=VERTEX_POINT('',#4144);
#1212=VERTEX_POINT('',#4148);
#1213=VERTEX_POINT('',#4152);
#1214=VERTEX_POINT('',#4156);
#1215=VERTEX_POINT('',#4160);
#1216=VERTEX_POINT('',#4164);
#1217=VERTEX_POINT('',#4168);
#1218=VERTEX_POINT('',#4172);
#1219=VERTEX_POINT('',#4178);
#1220=VERTEX_POINT('',#4180);
#1221=VERTEX_POINT('',#4184);
#1222=VERTEX_POINT('',#4188);
#1223=VERTEX_POINT('',#4192);
#1224=VERTEX_POINT('',#4196);
#1225=VERTEX_POINT('',#4200);
#1226=VERTEX_POINT('',#4204);
#1227=VERTEX_POINT('',#4208);
#1228=VERTEX_POINT('',#4215);
#1229=VERTEX_POINT('',#4219);
#1230=VERTEX_POINT('',#4223);
#1231=VERTEX_POINT('',#4227);
#1232=VERTEX_POINT('',#4231);
#1233=VERTEX_POINT('',#4235);
#1234=VERTEX_POINT('',#4239);
#1235=EDGE_CURVE('',#1020,#1021,#586,.T.);
#1236=EDGE_CURVE('',#1021,#1022,#587,.T.);
#1237=EDGE_CURVE('',#1022,#1023,#588,.T.);
#1238=EDGE_CURVE('',#1020,#1023,#589,.T.);
#1239=EDGE_CURVE('',#1021,#1024,#590,.T.);
#1240=EDGE_CURVE('',#1024,#1025,#591,.T.);
#1241=EDGE_CURVE('',#1025,#1022,#592,.T.);
#1242=EDGE_CURVE('',#1024,#1026,#593,.T.);
#1243=EDGE_CURVE('',#1026,#1027,#594,.T.);
#1244=EDGE_CURVE('',#1027,#1025,#595,.T.);
#1245=EDGE_CURVE('',#1026,#1020,#596,.T.);
#1246=EDGE_CURVE('',#1023,#1027,#597,.T.);
#1247=EDGE_CURVE('',#1028,#1028,#124,.T.);
#1248=EDGE_CURVE('',#1029,#1029,#125,.T.);
#1249=EDGE_CURVE('',#1030,#1031,#598,.T.);
#1250=EDGE_CURVE('',#1031,#1032,#599,.T.);
#1251=EDGE_CURVE('',#1032,#1033,#600,.T.);
#1252=EDGE_CURVE('',#1030,#1033,#601,.T.);
#1253=EDGE_CURVE('',#1031,#1034,#602,.T.);
#1254=EDGE_CURVE('',#1034,#1035,#603,.T.);
#1255=EDGE_CURVE('',#1035,#1032,#604,.T.);
#1256=EDGE_CURVE('',#1034,#1036,#605,.T.);
#1257=EDGE_CURVE('',#1036,#1037,#606,.T.);
#1258=EDGE_CURVE('',#1037,#1035,#607,.T.);
#1259=EDGE_CURVE('',#1036,#1030,#608,.T.);
#1260=EDGE_CURVE('',#1033,#1037,#609,.T.);
#1261=EDGE_CURVE('',#1038,#1038,#126,.T.);
#1262=EDGE_CURVE('',#1039,#1039,#127,.T.);
#1263=EDGE_CURVE('',#1040,#1041,#610,.T.);
#1264=EDGE_CURVE('',#1041,#1042,#611,.T.);
#1265=EDGE_CURVE('',#1042,#1043,#612,.T.);
#1266=EDGE_CURVE('',#1040,#1043,#613,.T.);
#1267=EDGE_CURVE('',#1041,#1044,#614,.T.);
#1268=EDGE_CURVE('',#1044,#1045,#615,.T.);
#1269=EDGE_CURVE('',#1045,#1042,#616,.T.);
#1270=EDGE_CURVE('',#1044,#1046,#617,.T.);
#1271=EDGE_CURVE('',#1046,#1047,#618,.T.);
#1272=EDGE_CURVE('',#1047,#1045,#619,.T.);
#1273=EDGE_CURVE('',#1046,#1040,#620,.T.);
#1274=EDGE_CURVE('',#1043,#1047,#621,.T.);
#1275=EDGE_CURVE('',#1048,#1048,#128,.T.);
#1276=EDGE_CURVE('',#1049,#1049,#129,.T.);
#1277=EDGE_CURVE('',#1029,#1050,#622,.T.);
#1278=EDGE_CURVE('',#1050,#1050,#130,.T.);
#1279=EDGE_CURVE('',#1039,#1051,#623,.T.);
#1280=EDGE_CURVE('',#1051,#1051,#131,.T.);
#1281=EDGE_CURVE('',#1049,#1052,#624,.T.);
#1282=EDGE_CURVE('',#1052,#1052,#132,.T.);
#1283=EDGE_CURVE('',#1053,#1054,#133,.T.);
#1284=EDGE_CURVE('',#1053,#1055,#625,.T.);
#1285=EDGE_CURVE('',#1055,#1056,#134,.T.);
#1286=EDGE_CURVE('',#1056,#1054,#626,.T.);
#1287=EDGE_CURVE('',#1054,#1057,#627,.T.);
#1288=EDGE_CURVE('',#1057,#1058,#135,.T.);
#1289=EDGE_CURVE('',#1059,#1058,#628,.F.);
#1290=EDGE_CURVE('',#1059,#1060,#136,.F.);
#1291=EDGE_CURVE('',#1061,#1060,#629,.F.);
#1292=EDGE_CURVE('',#1061,#1062,#137,.F.);
#1293=EDGE_CURVE('',#1062,#1053,#630,.T.);
#1294=EDGE_CURVE('',#1063,#1064,#138,.T.);
#1295=EDGE_CURVE('',#1065,#1063,#631,.T.);
#1296=EDGE_CURVE('',#1066,#1065,#139,.T.);
#1297=EDGE_CURVE('',#1067,#1066,#632,.T.);
#1298=EDGE_CURVE('',#1068,#1067,#140,.T.);
#1299=EDGE_CURVE('',#1069,#1068,#633,.T.);
#1300=EDGE_CURVE('',#1070,#1069,#141,.T.);
#1301=EDGE_CURVE('',#1064,#1070,#634,.T.);
#1302=EDGE_CURVE('',#1071,#1071,#142,.T.);
#1303=EDGE_CURVE('',#1072,#1056,#635,.T.);
#1304=EDGE_CURVE('',#1057,#1072,#636,.T.);
#1305=EDGE_CURVE('',#1073,#1072,#143,.F.);
#1306=EDGE_CURVE('',#1073,#1058,#637,.T.);
#1307=EDGE_CURVE('',#1073,#1074,#638,.T.);
#1308=EDGE_CURVE('',#1075,#1074,#639,.T.);
#1309=EDGE_CURVE('',#1076,#1075,#640,.T.);
#1310=EDGE_CURVE('',#1059,#1076,#641,.T.);
#1311=EDGE_CURVE('',#1077,#1062,#642,.T.);
#1312=EDGE_CURVE('',#1078,#1077,#643,.T.);
#1313=EDGE_CURVE('',#1079,#1078,#644,.T.);
#1314=EDGE_CURVE('',#1079,#1080,#645,.F.);
#1315=EDGE_CURVE('',#1081,#1080,#646,.T.);
#1316=EDGE_CURVE('',#1081,#1055,#647,.T.);
#1317=EDGE_CURVE('',#1082,#1083,#144,.F.);
#1318=EDGE_CURVE('',#1084,#1082,#648,.T.);
#1319=EDGE_CURVE('',#1085,#1084,#145,.F.);
#1320=EDGE_CURVE('',#1085,#1083,#649,.T.);
#1321=EDGE_CURVE('',#1083,#1086,#650,.F.);
#1322=EDGE_CURVE('',#1087,#1085,#651,.F.);
#1323=EDGE_CURVE('',#1087,#1086,#652,.T.);
#1324=EDGE_CURVE('',#1086,#1088,#146,.F.);
#1325=EDGE_CURVE('',#1089,#1087,#147,.F.);
#1326=EDGE_CURVE('',#1089,#1088,#653,.T.);
#1327=EDGE_CURVE('',#1088,#1090,#654,.F.);
#1328=EDGE_CURVE('',#1091,#1089,#655,.F.);
#1329=EDGE_CURVE('',#1091,#1090,#656,.T.);
#1330=EDGE_CURVE('',#1090,#1092,#148,.F.);
#1331=EDGE_CURVE('',#1093,#1091,#149,.F.);
#1332=EDGE_CURVE('',#1093,#1092,#657,.T.);
#1333=EDGE_CURVE('',#1092,#1094,#658,.F.);
#1334=EDGE_CURVE('',#1095,#1093,#659,.F.);
#1335=EDGE_CURVE('',#1095,#1094,#660,.T.);
#1336=EDGE_CURVE('',#1094,#1096,#150,.F.);
#1337=EDGE_CURVE('',#1097,#1095,#151,.F.);
#1338=EDGE_CURVE('',#1097,#1096,#661,.T.);
#1339=EDGE_CURVE('',#1096,#1082,#662,.F.);
#1340=EDGE_CURVE('',#1084,#1097,#663,.F.);
#1341=EDGE_CURVE('',#1098,#1063,#152,.T.);
#1342=EDGE_CURVE('',#1064,#1099,#153,.T.);
#1343=EDGE_CURVE('',#1099,#1098,#154,.T.);
#1344=EDGE_CURVE('',#1070,#1100,#155,.T.);
#1345=EDGE_CURVE('',#1100,#1099,#664,.T.);
#1346=EDGE_CURVE('',#1069,#1101,#156,.T.);
#1347=EDGE_CURVE('',#1101,#1100,#157,.T.);
#1348=EDGE_CURVE('',#1068,#1102,#158,.T.);
#1349=EDGE_CURVE('',#1102,#1101,#665,.T.);
#1350=EDGE_CURVE('',#1067,#1103,#159,.T.);
#1351=EDGE_CURVE('',#1103,#1102,#160,.T.);
#1352=EDGE_CURVE('',#1066,#1104,#161,.T.);
#1353=EDGE_CURVE('',#1104,#1103,#666,.T.);
#1354=EDGE_CURVE('',#1065,#1105,#162,.T.);
#1355=EDGE_CURVE('',#1105,#1104,#163,.T.);
#1356=EDGE_CURVE('',#1098,#1105,#667,.T.);
#1357=EDGE_CURVE('',#1106,#1104,#668,.T.);
#1358=EDGE_CURVE('',#1107,#1106,#669,.T.);
#1359=EDGE_CURVE('',#1103,#1107,#670,.T.);
#1360=EDGE_CURVE('',#1105,#1108,#671,.T.);
#1361=EDGE_CURVE('',#1106,#1108,#164,.T.);
#1362=EDGE_CURVE('',#1109,#1098,#672,.T.);
#1363=EDGE_CURVE('',#1108,#1109,#673,.T.);
#1364=EDGE_CURVE('',#1099,#1110,#674,.T.);
#1365=EDGE_CURVE('',#1109,#1110,#165,.T.);
#1366=EDGE_CURVE('',#1108,#1111,#166,.T.);
#1367=EDGE_CURVE('',#1111,#1112,#167,.T.);
#1368=EDGE_CURVE('',#1112,#1106,#168,.T.);
#1369=EDGE_CURVE('',#1113,#1107,#169,.T.);
#1370=EDGE_CURVE('',#1112,#1113,#675,.T.);
#1371=EDGE_CURVE('',#1114,#1115,#170,.T.);
#1372=EDGE_CURVE('',#1115,#1107,#171,.T.);
#1373=EDGE_CURVE('',#1113,#1114,#172,.T.);
#1374=EDGE_CURVE('',#1116,#1117,#173,.T.);
#1375=EDGE_CURVE('',#1117,#1115,#676,.T.);
#1376=EDGE_CURVE('',#1114,#1116,#677,.T.);
#1377=EDGE_CURVE('',#1118,#1119,#174,.T.);
#1378=EDGE_CURVE('',#1119,#1117,#175,.T.);
#1379=EDGE_CURVE('',#1116,#1118,#176,.T.);
#1380=EDGE_CURVE('',#1120,#1110,#177,.T.);
#1381=EDGE_CURVE('',#1110,#1119,#678,.T.);
#1382=EDGE_CURVE('',#1118,#1120,#679,.T.);
#1383=EDGE_CURVE('',#1121,#1109,#178,.T.);
#1384=EDGE_CURVE('',#1120,#1121,#179,.T.);
#1385=EDGE_CURVE('',#1121,#1111,#680,.T.);
#1386=EDGE_CURVE('',#1119,#1100,#681,.T.);
#1387=EDGE_CURVE('',#1122,#1123,#682,.T.);
#1388=EDGE_CURVE('',#1124,#1122,#180,.T.);
#1389=EDGE_CURVE('',#1125,#1124,#683,.T.);
#1390=EDGE_CURVE('',#1126,#1125,#181,.T.);
#1391=EDGE_CURVE('',#1127,#1126,#684,.T.);
#1392=EDGE_CURVE('',#1128,#1127,#182,.T.);
#1393=EDGE_CURVE('',#1129,#1128,#685,.T.);
#1394=EDGE_CURVE('',#1130,#1129,#183,.T.);
#1395=EDGE_CURVE('',#1131,#1130,#686,.T.);
#1396=EDGE_CURVE('',#1132,#1131,#184,.T.);
#1397=EDGE_CURVE('',#1133,#1132,#687,.T.);
#1398=EDGE_CURVE('',#1134,#1133,#185,.T.);
#1399=EDGE_CURVE('',#1135,#1134,#688,.T.);
#1400=EDGE_CURVE('',#1136,#1135,#186,.T.);
#1401=EDGE_CURVE('',#1137,#1136,#689,.T.);
#1402=EDGE_CURVE('',#1123,#1137,#187,.T.);
#1403=EDGE_CURVE('',#1138,#1138,#188,.T.);
#1404=EDGE_CURVE('',#1139,#1139,#189,.T.);
#1405=EDGE_CURVE('',#1140,#1140,#190,.T.);
#1406=EDGE_CURVE('',#1141,#1141,#191,.T.);
#1407=EDGE_CURVE('',#1142,#1142,#192,.T.);
#1408=EDGE_CURVE('',#1143,#1143,#193,.T.);
#1409=EDGE_CURVE('',#1115,#1102,#690,.T.);
#1410=EDGE_CURVE('',#1101,#1117,#691,.T.);
#1411=EDGE_CURVE('',#1081,#1144,#194,.F.);
#1412=EDGE_CURVE('',#1074,#1144,#195,.F.);
#1413=EDGE_CURVE('',#1145,#1080,#196,.F.);
#1414=EDGE_CURVE('',#1145,#1144,#692,.T.);
#1415=EDGE_CURVE('',#1144,#1146,#693,.T.);
#1416=EDGE_CURVE('',#1146,#1075,#197,.T.);
#1417=EDGE_CURVE('',#1079,#1147,#198,.F.);
#1418=EDGE_CURVE('',#1148,#1147,#694,.F.);
#1419=EDGE_CURVE('',#1148,#1149,#199,.F.);
#1420=EDGE_CURVE('',#1150,#1149,#695,.F.);
#1421=EDGE_CURVE('',#1151,#1150,#200,.T.);
#1422=EDGE_CURVE('',#1152,#1151,#696,.F.);
#1423=EDGE_CURVE('',#1152,#1153,#201,.F.);
#1424=EDGE_CURVE('',#1154,#1153,#697,.F.);
#1425=EDGE_CURVE('',#1154,#1155,#202,.F.);
#1426=EDGE_CURVE('',#1145,#1155,#698,.F.);
#1427=EDGE_CURVE('',#1156,#1156,#203,.T.);
#1428=EDGE_CURVE('',#1157,#1157,#204,.T.);
#1429=EDGE_CURVE('',#1156,#1048,#699,.T.);
#1430=EDGE_CURVE('',#1157,#1028,#700,.T.);
#1431=EDGE_CURVE('',#1071,#1038,#701,.T.);
#1432=EDGE_CURVE('',#1158,#1159,#205,.T.);
#1433=EDGE_CURVE('',#1159,#1151,#702,.T.);
#1434=EDGE_CURVE('',#1150,#1158,#703,.T.);
#1435=EDGE_CURVE('',#1160,#1159,#704,.T.);
#1436=EDGE_CURVE('',#1152,#1160,#705,.T.);
#1437=EDGE_CURVE('',#1161,#1162,#706,.T.);
#1438=EDGE_CURVE('',#1163,#1161,#206,.T.);
#1439=EDGE_CURVE('',#1164,#1163,#707,.T.);
#1440=EDGE_CURVE('',#1165,#1164,#207,.T.);
#1441=EDGE_CURVE('',#1166,#1165,#708,.T.);
#1442=EDGE_CURVE('',#1167,#1166,#208,.T.);
#1443=EDGE_CURVE('',#1168,#1167,#709,.T.);
#1444=EDGE_CURVE('',#1169,#1168,#209,.T.);
#1445=EDGE_CURVE('',#1170,#1169,#710,.T.);
#1446=EDGE_CURVE('',#1171,#1170,#210,.T.);
#1447=EDGE_CURVE('',#1172,#1171,#711,.T.);
#1448=EDGE_CURVE('',#1173,#1172,#211,.T.);
#1449=EDGE_CURVE('',#1174,#1173,#712,.T.);
#1450=EDGE_CURVE('',#1175,#1174,#212,.T.);
#1451=EDGE_CURVE('',#1176,#1175,#713,.T.);
#1452=EDGE_CURVE('',#1162,#1176,#213,.T.);
#1453=EDGE_CURVE('',#1158,#1177,#714,.T.);
#1454=EDGE_CURVE('',#1178,#1177,#214,.T.);
#1455=EDGE_CURVE('',#1178,#1179,#715,.T.);
#1456=EDGE_CURVE('',#1078,#1179,#215,.T.);
#1457=EDGE_CURVE('',#1180,#1077,#216,.T.);
#1458=EDGE_CURVE('',#1180,#1181,#716,.T.);
#1459=EDGE_CURVE('',#1076,#1181,#217,.T.);
#1460=EDGE_CURVE('',#1146,#1182,#717,.T.);
#1461=EDGE_CURVE('',#1183,#1182,#218,.T.);
#1462=EDGE_CURVE('',#1183,#1184,#718,.T.);
#1463=EDGE_CURVE('',#1160,#1184,#219,.T.);
#1464=EDGE_CURVE('',#1185,#1185,#220,.T.);
#1465=EDGE_CURVE('',#1186,#1186,#221,.T.);
#1466=EDGE_CURVE('',#1187,#1187,#222,.T.);
#1467=EDGE_CURVE('',#1188,#1188,#223,.T.);
#1468=EDGE_CURVE('',#1189,#1189,#224,.T.);
#1469=EDGE_CURVE('',#1190,#1190,#225,.T.);
#1470=EDGE_CURVE('',#1182,#1155,#719,.T.);
#1471=EDGE_CURVE('',#1184,#1153,#720,.T.);
#1472=EDGE_CURVE('',#1154,#1183,#721,.T.);
#1473=EDGE_CURVE('',#1179,#1147,#722,.T.);
#1474=EDGE_CURVE('',#1148,#1178,#723,.T.);
#1475=EDGE_CURVE('',#1177,#1149,#724,.T.);
#1476=EDGE_CURVE('',#1181,#1060,#725,.T.);
#1477=EDGE_CURVE('',#1061,#1180,#726,.T.);
#1478=EDGE_CURVE('',#1143,#1191,#727,.T.);
#1479=EDGE_CURVE('',#1191,#1191,#226,.F.);
#1480=EDGE_CURVE('',#1192,#1192,#227,.F.);
#1481=EDGE_CURVE('',#1142,#1193,#728,.T.);
#1482=EDGE_CURVE('',#1193,#1193,#228,.F.);
#1483=EDGE_CURVE('',#1194,#1194,#229,.F.);
#1484=EDGE_CURVE('',#1141,#1195,#729,.T.);
#1485=EDGE_CURVE('',#1195,#1195,#230,.F.);
#1486=EDGE_CURVE('',#1196,#1196,#231,.F.);
#1487=EDGE_CURVE('',#1185,#1197,#730,.T.);
#1488=EDGE_CURVE('',#1197,#1197,#232,.T.);
#1489=EDGE_CURVE('',#1198,#1198,#233,.T.);
#1490=EDGE_CURVE('',#1186,#1199,#731,.T.);
#1491=EDGE_CURVE('',#1199,#1199,#234,.T.);
#1492=EDGE_CURVE('',#1200,#1200,#235,.T.);
#1493=EDGE_CURVE('',#1187,#1201,#732,.T.);
#1494=EDGE_CURVE('',#1201,#1201,#236,.T.);
#1495=EDGE_CURVE('',#1202,#1202,#237,.T.);
#1496=EDGE_CURVE('',#1123,#1203,#733,.T.);
#1497=EDGE_CURVE('',#1203,#1204,#734,.T.);
#1498=EDGE_CURVE('',#1204,#1122,#735,.T.);
#1499=EDGE_CURVE('',#1137,#1205,#736,.T.);
#1500=EDGE_CURVE('',#1205,#1203,#238,.T.);
#1501=EDGE_CURVE('',#1136,#1206,#737,.T.);
#1502=EDGE_CURVE('',#1206,#1205,#738,.T.);
#1503=EDGE_CURVE('',#1135,#1207,#739,.T.);
#1504=EDGE_CURVE('',#1207,#1206,#239,.T.);
#1505=EDGE_CURVE('',#1134,#1208,#740,.T.);
#1506=EDGE_CURVE('',#1208,#1207,#741,.T.);
#1507=EDGE_CURVE('',#1133,#1209,#742,.T.);
#1508=EDGE_CURVE('',#1209,#1208,#240,.T.);
#1509=EDGE_CURVE('',#1132,#1210,#743,.T.);
#1510=EDGE_CURVE('',#1210,#1209,#744,.T.);
#1511=EDGE_CURVE('',#1131,#1211,#745,.T.);
#1512=EDGE_CURVE('',#1211,#1210,#241,.T.);
#1513=EDGE_CURVE('',#1130,#1212,#746,.T.);
#1514=EDGE_CURVE('',#1212,#1211,#747,.T.);
#1515=EDGE_CURVE('',#1129,#1213,#748,.T.);
#1516=EDGE_CURVE('',#1213,#1212,#242,.T.);
#1517=EDGE_CURVE('',#1128,#1214,#749,.T.);
#1518=EDGE_CURVE('',#1214,#1213,#750,.T.);
#1519=EDGE_CURVE('',#1127,#1215,#751,.T.);
#1520=EDGE_CURVE('',#1215,#1214,#243,.T.);
#1521=EDGE_CURVE('',#1126,#1216,#752,.T.);
#1522=EDGE_CURVE('',#1216,#1215,#753,.T.);
#1523=EDGE_CURVE('',#1125,#1217,#754,.T.);
#1524=EDGE_CURVE('',#1217,#1216,#244,.T.);
#1525=EDGE_CURVE('',#1124,#1218,#755,.T.);
#1526=EDGE_CURVE('',#1218,#1217,#756,.T.);
#1527=EDGE_CURVE('',#1204,#1218,#245,.T.);
#1528=EDGE_CURVE('',#1213,#1219,#757,.T.);
#1529=EDGE_CURVE('',#1220,#1219,#246,.T.);
#1530=EDGE_CURVE('',#1220,#1212,#758,.T.);
#1531=EDGE_CURVE('',#1221,#1214,#759,.T.);
#1532=EDGE_CURVE('',#1219,#1221,#760,.T.);
#1533=EDGE_CURVE('',#1215,#1222,#761,.T.);
#1534=EDGE_CURVE('',#1221,#1222,#247,.T.);
#1535=EDGE_CURVE('',#1223,#1216,#762,.T.);
#1536=EDGE_CURVE('',#1222,#1223,#763,.T.);
#1537=EDGE_CURVE('',#1217,#1224,#764,.T.);
#1538=EDGE_CURVE('',#1223,#1224,#248,.T.);
#1539=EDGE_CURVE('',#1225,#1218,#765,.T.);
#1540=EDGE_CURVE('',#1224,#1225,#766,.T.);
#1541=EDGE_CURVE('',#1204,#1226,#767,.T.);
#1542=EDGE_CURVE('',#1225,#1226,#249,.T.);
#1543=EDGE_CURVE('',#1227,#1203,#768,.T.);
#1544=EDGE_CURVE('',#1226,#1227,#769,.T.);
#1545=EDGE_CURVE('',#1227,#1161,#770,.T.);
#1546=EDGE_CURVE('',#1162,#1226,#771,.T.);
#1547=EDGE_CURVE('',#1227,#1228,#250,.T.);
#1548=EDGE_CURVE('',#1228,#1163,#772,.T.);
#1549=EDGE_CURVE('',#1229,#1164,#773,.T.);
#1550=EDGE_CURVE('',#1228,#1229,#774,.T.);
#1551=EDGE_CURVE('',#1229,#1230,#251,.T.);
#1552=EDGE_CURVE('',#1230,#1165,#775,.T.);
#1553=EDGE_CURVE('',#1231,#1166,#776,.T.);
#1554=EDGE_CURVE('',#1230,#1231,#777,.T.);
#1555=EDGE_CURVE('',#1231,#1232,#252,.T.);
#1556=EDGE_CURVE('',#1232,#1167,#778,.T.);
#1557=EDGE_CURVE('',#1233,#1168,#779,.T.);
#1558=EDGE_CURVE('',#1232,#1233,#780,.T.);
#1559=EDGE_CURVE('',#1233,#1234,#253,.T.);
#1560=EDGE_CURVE('',#1234,#1169,#781,.T.);
#1561=EDGE_CURVE('',#1220,#1170,#782,.T.);
#1562=EDGE_CURVE('',#1234,#1220,#783,.T.);
#1563=EDGE_CURVE('',#1219,#1171,#784,.T.);
#1564=EDGE_CURVE('',#1221,#1172,#785,.T.);
#1565=EDGE_CURVE('',#1222,#1173,#786,.T.);
#1566=EDGE_CURVE('',#1223,#1174,#787,.T.);
#1567=EDGE_CURVE('',#1224,#1175,#788,.T.);
#1568=EDGE_CURVE('',#1225,#1176,#789,.T.);
#1569=EDGE_CURVE('',#1211,#1234,#790,.T.);
#1570=EDGE_CURVE('',#1233,#1210,#791,.T.);
#1571=EDGE_CURVE('',#1209,#1232,#792,.T.);
#1572=EDGE_CURVE('',#1231,#1208,#793,.T.);
#1573=EDGE_CURVE('',#1207,#1230,#794,.T.);
#1574=EDGE_CURVE('',#1229,#1206,#795,.T.);
#1575=EDGE_CURVE('',#1205,#1228,#796,.T.);
#1576=EDGE_CURVE('',#1202,#1140,#797,.T.);
#1577=EDGE_CURVE('',#1188,#1194,#798,.T.);
#1578=EDGE_CURVE('',#1189,#1192,#799,.T.);
#1579=EDGE_CURVE('',#1190,#1196,#800,.T.);
#1580=EDGE_CURVE('',#1200,#1139,#801,.T.);
#1581=EDGE_CURVE('',#1198,#1138,#802,.T.);
#1582=ORIENTED_EDGE('',*,*,#1235,.T.);
#1583=ORIENTED_EDGE('',*,*,#1236,.T.);
#1584=ORIENTED_EDGE('',*,*,#1237,.T.);
#1585=ORIENTED_EDGE('',*,*,#1238,.F.);
#1586=ORIENTED_EDGE('',*,*,#1239,.T.);
#1587=ORIENTED_EDGE('',*,*,#1240,.T.);
#1588=ORIENTED_EDGE('',*,*,#1241,.T.);
#1589=ORIENTED_EDGE('',*,*,#1236,.F.);
#1590=ORIENTED_EDGE('',*,*,#1242,.T.);
#1591=ORIENTED_EDGE('',*,*,#1243,.T.);
#1592=ORIENTED_EDGE('',*,*,#1244,.T.);
#1593=ORIENTED_EDGE('',*,*,#1240,.F.);
#1594=ORIENTED_EDGE('',*,*,#1245,.T.);
#1595=ORIENTED_EDGE('',*,*,#1238,.T.);
#1596=ORIENTED_EDGE('',*,*,#1246,.T.);
#1597=ORIENTED_EDGE('',*,*,#1243,.F.);
#1598=ORIENTED_EDGE('',*,*,#1245,.F.);
#1599=ORIENTED_EDGE('',*,*,#1242,.F.);
#1600=ORIENTED_EDGE('',*,*,#1239,.F.);
#1601=ORIENTED_EDGE('',*,*,#1235,.F.);
#1602=ORIENTED_EDGE('',*,*,#1247,.F.);
#1603=ORIENTED_EDGE('',*,*,#1246,.F.);
#1604=ORIENTED_EDGE('',*,*,#1237,.F.);
#1605=ORIENTED_EDGE('',*,*,#1241,.F.);
#1606=ORIENTED_EDGE('',*,*,#1244,.F.);
#1607=ORIENTED_EDGE('',*,*,#1248,.F.);
#1608=ORIENTED_EDGE('',*,*,#1249,.T.);
#1609=ORIENTED_EDGE('',*,*,#1250,.T.);
#1610=ORIENTED_EDGE('',*,*,#1251,.T.);
#1611=ORIENTED_EDGE('',*,*,#1252,.F.);
#1612=ORIENTED_EDGE('',*,*,#1253,.T.);
#1613=ORIENTED_EDGE('',*,*,#1254,.T.);
#1614=ORIENTED_EDGE('',*,*,#1255,.T.);
#1615=ORIENTED_EDGE('',*,*,#1250,.F.);
#1616=ORIENTED_EDGE('',*,*,#1256,.T.);
#1617=ORIENTED_EDGE('',*,*,#1257,.T.);
#1618=ORIENTED_EDGE('',*,*,#1258,.T.);
#1619=ORIENTED_EDGE('',*,*,#1254,.F.);
#1620=ORIENTED_EDGE('',*,*,#1259,.T.);
#1621=ORIENTED_EDGE('',*,*,#1252,.T.);
#1622=ORIENTED_EDGE('',*,*,#1260,.T.);
#1623=ORIENTED_EDGE('',*,*,#1257,.F.);
#1624=ORIENTED_EDGE('',*,*,#1259,.F.);
#1625=ORIENTED_EDGE('',*,*,#1256,.F.);
#1626=ORIENTED_EDGE('',*,*,#1253,.F.);
#1627=ORIENTED_EDGE('',*,*,#1249,.F.);
#1628=ORIENTED_EDGE('',*,*,#1261,.F.);
#1629=ORIENTED_EDGE('',*,*,#1260,.F.);
#1630=ORIENTED_EDGE('',*,*,#1251,.F.);
#1631=ORIENTED_EDGE('',*,*,#1255,.F.);
#1632=ORIENTED_EDGE('',*,*,#1258,.F.);
#1633=ORIENTED_EDGE('',*,*,#1262,.F.);
#1634=ORIENTED_EDGE('',*,*,#1263,.T.);
#1635=ORIENTED_EDGE('',*,*,#1264,.T.);
#1636=ORIENTED_EDGE('',*,*,#1265,.T.);
#1637=ORIENTED_EDGE('',*,*,#1266,.F.);
#1638=ORIENTED_EDGE('',*,*,#1267,.T.);
#1639=ORIENTED_EDGE('',*,*,#1268,.T.);
#1640=ORIENTED_EDGE('',*,*,#1269,.T.);
#1641=ORIENTED_EDGE('',*,*,#1264,.F.);
#1642=ORIENTED_EDGE('',*,*,#1270,.T.);
#1643=ORIENTED_EDGE('',*,*,#1271,.T.);
#1644=ORIENTED_EDGE('',*,*,#1272,.T.);
#1645=ORIENTED_EDGE('',*,*,#1268,.F.);
#1646=ORIENTED_EDGE('',*,*,#1273,.T.);
#1647=ORIENTED_EDGE('',*,*,#1266,.T.);
#1648=ORIENTED_EDGE('',*,*,#1274,.T.);
#1649=ORIENTED_EDGE('',*,*,#1271,.F.);
#1650=ORIENTED_EDGE('',*,*,#1273,.F.);
#1651=ORIENTED_EDGE('',*,*,#1270,.F.);
#1652=ORIENTED_EDGE('',*,*,#1267,.F.);
#1653=ORIENTED_EDGE('',*,*,#1263,.F.);
#1654=ORIENTED_EDGE('',*,*,#1275,.F.);
#1655=ORIENTED_EDGE('',*,*,#1274,.F.);
#1656=ORIENTED_EDGE('',*,*,#1265,.F.);
#1657=ORIENTED_EDGE('',*,*,#1269,.F.);
#1658=ORIENTED_EDGE('',*,*,#1272,.F.);
#1659=ORIENTED_EDGE('',*,*,#1276,.F.);
#1660=ORIENTED_EDGE('',*,*,#1248,.T.);
#1661=ORIENTED_EDGE('',*,*,#1277,.T.);
#1662=ORIENTED_EDGE('',*,*,#1278,.T.);
#1663=ORIENTED_EDGE('',*,*,#1277,.F.);
#1664=ORIENTED_EDGE('',*,*,#1262,.T.);
#1665=ORIENTED_EDGE('',*,*,#1279,.T.);
#1666=ORIENTED_EDGE('',*,*,#1280,.T.);
#1667=ORIENTED_EDGE('',*,*,#1279,.F.);
#1668=ORIENTED_EDGE('',*,*,#1276,.T.);
#1669=ORIENTED_EDGE('',*,*,#1281,.T.);
#1670=ORIENTED_EDGE('',*,*,#1282,.T.);
#1671=ORIENTED_EDGE('',*,*,#1281,.F.);
#1672=ORIENTED_EDGE('',*,*,#1283,.F.);
#1673=ORIENTED_EDGE('',*,*,#1284,.T.);
#1674=ORIENTED_EDGE('',*,*,#1285,.T.);
#1675=ORIENTED_EDGE('',*,*,#1286,.T.);
#1676=ORIENTED_EDGE('',*,*,#1283,.T.);
#1677=ORIENTED_EDGE('',*,*,#1287,.T.);
#1678=ORIENTED_EDGE('',*,*,#1288,.T.);
#1679=ORIENTED_EDGE('',*,*,#1289,.F.);
#1680=ORIENTED_EDGE('',*,*,#1290,.T.);
#1681=ORIENTED_EDGE('',*,*,#1291,.F.);
#1682=ORIENTED_EDGE('',*,*,#1292,.T.);
#1683=ORIENTED_EDGE('',*,*,#1293,.T.);
#1684=ORIENTED_EDGE('',*,*,#1294,.F.);
#1685=ORIENTED_EDGE('',*,*,#1295,.F.);
#1686=ORIENTED_EDGE('',*,*,#1296,.F.);
#1687=ORIENTED_EDGE('',*,*,#1297,.F.);
#1688=ORIENTED_EDGE('',*,*,#1298,.F.);
#1689=ORIENTED_EDGE('',*,*,#1299,.F.);
#1690=ORIENTED_EDGE('',*,*,#1300,.F.);
#1691=ORIENTED_EDGE('',*,*,#1301,.F.);
#1692=ORIENTED_EDGE('',*,*,#1302,.T.);
#1693=ORIENTED_EDGE('',*,*,#1286,.F.);
#1694=ORIENTED_EDGE('',*,*,#1303,.F.);
#1695=ORIENTED_EDGE('',*,*,#1304,.F.);
#1696=ORIENTED_EDGE('',*,*,#1287,.F.);
#1697=ORIENTED_EDGE('',*,*,#1305,.F.);
#1698=ORIENTED_EDGE('',*,*,#1306,.T.);
#1699=ORIENTED_EDGE('',*,*,#1288,.F.);
#1700=ORIENTED_EDGE('',*,*,#1304,.T.);
#1701=ORIENTED_EDGE('',*,*,#1306,.F.);
#1702=ORIENTED_EDGE('',*,*,#1307,.T.);
#1703=ORIENTED_EDGE('',*,*,#1308,.F.);
#1704=ORIENTED_EDGE('',*,*,#1309,.F.);
#1705=ORIENTED_EDGE('',*,*,#1310,.F.);
#1706=ORIENTED_EDGE('',*,*,#1289,.T.);
#1707=ORIENTED_EDGE('',*,*,#1284,.F.);
#1708=ORIENTED_EDGE('',*,*,#1293,.F.);
#1709=ORIENTED_EDGE('',*,*,#1311,.F.);
#1710=ORIENTED_EDGE('',*,*,#1312,.F.);
#1711=ORIENTED_EDGE('',*,*,#1313,.F.);
#1712=ORIENTED_EDGE('',*,*,#1314,.T.);
#1713=ORIENTED_EDGE('',*,*,#1315,.F.);
#1714=ORIENTED_EDGE('',*,*,#1316,.T.);
#1715=ORIENTED_EDGE('',*,*,#1317,.F.);
#1716=ORIENTED_EDGE('',*,*,#1318,.F.);
#1717=ORIENTED_EDGE('',*,*,#1319,.F.);
#1718=ORIENTED_EDGE('',*,*,#1320,.T.);
#1719=ORIENTED_EDGE('',*,*,#1321,.F.);
#1720=ORIENTED_EDGE('',*,*,#1320,.F.);
#1721=ORIENTED_EDGE('',*,*,#1322,.F.);
#1722=ORIENTED_EDGE('',*,*,#1323,.T.);
#1723=ORIENTED_EDGE('',*,*,#1324,.F.);
#1724=ORIENTED_EDGE('',*,*,#1323,.F.);
#1725=ORIENTED_EDGE('',*,*,#1325,.F.);
#1726=ORIENTED_EDGE('',*,*,#1326,.T.);
#1727=ORIENTED_EDGE('',*,*,#1327,.F.);
#1728=ORIENTED_EDGE('',*,*,#1326,.F.);
#1729=ORIENTED_EDGE('',*,*,#1328,.F.);
#1730=ORIENTED_EDGE('',*,*,#1329,.T.);
#1731=ORIENTED_EDGE('',*,*,#1330,.F.);
#1732=ORIENTED_EDGE('',*,*,#1329,.F.);
#1733=ORIENTED_EDGE('',*,*,#1331,.F.);
#1734=ORIENTED_EDGE('',*,*,#1332,.T.);
#1735=ORIENTED_EDGE('',*,*,#1333,.F.);
#1736=ORIENTED_EDGE('',*,*,#1332,.F.);
#1737=ORIENTED_EDGE('',*,*,#1334,.F.);
#1738=ORIENTED_EDGE('',*,*,#1335,.T.);
#1739=ORIENTED_EDGE('',*,*,#1336,.F.);
#1740=ORIENTED_EDGE('',*,*,#1335,.F.);
#1741=ORIENTED_EDGE('',*,*,#1337,.F.);
#1742=ORIENTED_EDGE('',*,*,#1338,.T.);
#1743=ORIENTED_EDGE('',*,*,#1339,.F.);
#1744=ORIENTED_EDGE('',*,*,#1338,.F.);
#1745=ORIENTED_EDGE('',*,*,#1340,.F.);
#1746=ORIENTED_EDGE('',*,*,#1318,.T.);
#1747=ORIENTED_EDGE('',*,*,#1341,.T.);
#1748=ORIENTED_EDGE('',*,*,#1294,.T.);
#1749=ORIENTED_EDGE('',*,*,#1342,.T.);
#1750=ORIENTED_EDGE('',*,*,#1343,.T.);
#1751=ORIENTED_EDGE('',*,*,#1344,.T.);
#1752=ORIENTED_EDGE('',*,*,#1345,.T.);
#1753=ORIENTED_EDGE('',*,*,#1342,.F.);
#1754=ORIENTED_EDGE('',*,*,#1301,.T.);
#1755=ORIENTED_EDGE('',*,*,#1346,.T.);
#1756=ORIENTED_EDGE('',*,*,#1347,.T.);
#1757=ORIENTED_EDGE('',*,*,#1344,.F.);
#1758=ORIENTED_EDGE('',*,*,#1300,.T.);
#1759=ORIENTED_EDGE('',*,*,#1348,.T.);
#1760=ORIENTED_EDGE('',*,*,#1349,.T.);
#1761=ORIENTED_EDGE('',*,*,#1346,.F.);
#1762=ORIENTED_EDGE('',*,*,#1299,.T.);
#1763=ORIENTED_EDGE('',*,*,#1350,.T.);
#1764=ORIENTED_EDGE('',*,*,#1351,.T.);
#1765=ORIENTED_EDGE('',*,*,#1348,.F.);
#1766=ORIENTED_EDGE('',*,*,#1298,.T.);
#1767=ORIENTED_EDGE('',*,*,#1352,.T.);
#1768=ORIENTED_EDGE('',*,*,#1353,.T.);
#1769=ORIENTED_EDGE('',*,*,#1350,.F.);
#1770=ORIENTED_EDGE('',*,*,#1297,.T.);
#1771=ORIENTED_EDGE('',*,*,#1354,.T.);
#1772=ORIENTED_EDGE('',*,*,#1355,.T.);
#1773=ORIENTED_EDGE('',*,*,#1352,.F.);
#1774=ORIENTED_EDGE('',*,*,#1296,.T.);
#1775=ORIENTED_EDGE('',*,*,#1341,.F.);
#1776=ORIENTED_EDGE('',*,*,#1356,.T.);
#1777=ORIENTED_EDGE('',*,*,#1354,.F.);
#1778=ORIENTED_EDGE('',*,*,#1295,.T.);
#1779=ORIENTED_EDGE('',*,*,#1353,.F.);
#1780=ORIENTED_EDGE('',*,*,#1357,.F.);
#1781=ORIENTED_EDGE('',*,*,#1358,.F.);
#1782=ORIENTED_EDGE('',*,*,#1359,.F.);
#1783=ORIENTED_EDGE('',*,*,#1355,.F.);
#1784=ORIENTED_EDGE('',*,*,#1360,.T.);
#1785=ORIENTED_EDGE('',*,*,#1361,.F.);
#1786=ORIENTED_EDGE('',*,*,#1357,.T.);
#1787=ORIENTED_EDGE('',*,*,#1356,.F.);
#1788=ORIENTED_EDGE('',*,*,#1362,.F.);
#1789=ORIENTED_EDGE('',*,*,#1363,.F.);
#1790=ORIENTED_EDGE('',*,*,#1360,.F.);
#1791=ORIENTED_EDGE('',*,*,#1343,.F.);
#1792=ORIENTED_EDGE('',*,*,#1364,.T.);
#1793=ORIENTED_EDGE('',*,*,#1365,.F.);
#1794=ORIENTED_EDGE('',*,*,#1362,.T.);
#1795=ORIENTED_EDGE('',*,*,#1366,.T.);
#1796=ORIENTED_EDGE('',*,*,#1367,.T.);
#1797=ORIENTED_EDGE('',*,*,#1368,.T.);
#1798=ORIENTED_EDGE('',*,*,#1361,.T.);
#1799=ORIENTED_EDGE('',*,*,#1369,.T.);
#1800=ORIENTED_EDGE('',*,*,#1358,.T.);
#1801=ORIENTED_EDGE('',*,*,#1368,.F.);
#1802=ORIENTED_EDGE('',*,*,#1370,.T.);
#1803=ORIENTED_EDGE('',*,*,#1371,.T.);
#1804=ORIENTED_EDGE('',*,*,#1372,.T.);
#1805=ORIENTED_EDGE('',*,*,#1369,.F.);
#1806=ORIENTED_EDGE('',*,*,#1373,.T.);
#1807=ORIENTED_EDGE('',*,*,#1374,.T.);
#1808=ORIENTED_EDGE('',*,*,#1375,.T.);
#1809=ORIENTED_EDGE('',*,*,#1371,.F.);
#1810=ORIENTED_EDGE('',*,*,#1376,.T.);
#1811=ORIENTED_EDGE('',*,*,#1377,.T.);
#1812=ORIENTED_EDGE('',*,*,#1378,.T.);
#1813=ORIENTED_EDGE('',*,*,#1374,.F.);
#1814=ORIENTED_EDGE('',*,*,#1379,.T.);
#1815=ORIENTED_EDGE('',*,*,#1380,.T.);
#1816=ORIENTED_EDGE('',*,*,#1381,.T.);
#1817=ORIENTED_EDGE('',*,*,#1377,.F.);
#1818=ORIENTED_EDGE('',*,*,#1382,.T.);
#1819=ORIENTED_EDGE('',*,*,#1383,.T.);
#1820=ORIENTED_EDGE('',*,*,#1365,.T.);
#1821=ORIENTED_EDGE('',*,*,#1380,.F.);
#1822=ORIENTED_EDGE('',*,*,#1384,.T.);
#1823=ORIENTED_EDGE('',*,*,#1366,.F.);
#1824=ORIENTED_EDGE('',*,*,#1363,.T.);
#1825=ORIENTED_EDGE('',*,*,#1383,.F.);
#1826=ORIENTED_EDGE('',*,*,#1385,.T.);
#1827=ORIENTED_EDGE('',*,*,#1345,.F.);
#1828=ORIENTED_EDGE('',*,*,#1386,.F.);
#1829=ORIENTED_EDGE('',*,*,#1381,.F.);
#1830=ORIENTED_EDGE('',*,*,#1364,.F.);
#1831=ORIENTED_EDGE('',*,*,#1387,.F.);
#1832=ORIENTED_EDGE('',*,*,#1388,.F.);
#1833=ORIENTED_EDGE('',*,*,#1389,.F.);
#1834=ORIENTED_EDGE('',*,*,#1390,.F.);
#1835=ORIENTED_EDGE('',*,*,#1391,.F.);
#1836=ORIENTED_EDGE('',*,*,#1392,.F.);
#1837=ORIENTED_EDGE('',*,*,#1393,.F.);
#1838=ORIENTED_EDGE('',*,*,#1394,.F.);
#1839=ORIENTED_EDGE('',*,*,#1395,.F.);
#1840=ORIENTED_EDGE('',*,*,#1396,.F.);
#1841=ORIENTED_EDGE('',*,*,#1397,.F.);
#1842=ORIENTED_EDGE('',*,*,#1398,.F.);
#1843=ORIENTED_EDGE('',*,*,#1399,.F.);
#1844=ORIENTED_EDGE('',*,*,#1400,.F.);
#1845=ORIENTED_EDGE('',*,*,#1401,.F.);
#1846=ORIENTED_EDGE('',*,*,#1402,.F.);
#1847=ORIENTED_EDGE('',*,*,#1319,.T.);
#1848=ORIENTED_EDGE('',*,*,#1340,.T.);
#1849=ORIENTED_EDGE('',*,*,#1337,.T.);
#1850=ORIENTED_EDGE('',*,*,#1334,.T.);
#1851=ORIENTED_EDGE('',*,*,#1331,.T.);
#1852=ORIENTED_EDGE('',*,*,#1328,.T.);
#1853=ORIENTED_EDGE('',*,*,#1325,.T.);
#1854=ORIENTED_EDGE('',*,*,#1322,.T.);
#1855=ORIENTED_EDGE('',*,*,#1403,.F.);
#1856=ORIENTED_EDGE('',*,*,#1404,.F.);
#1857=ORIENTED_EDGE('',*,*,#1405,.F.);
#1858=ORIENTED_EDGE('',*,*,#1406,.T.);
#1859=ORIENTED_EDGE('',*,*,#1407,.T.);
#1860=ORIENTED_EDGE('',*,*,#1408,.T.);
#1861=ORIENTED_EDGE('',*,*,#1367,.F.);
#1862=ORIENTED_EDGE('',*,*,#1385,.F.);
#1863=ORIENTED_EDGE('',*,*,#1384,.F.);
#1864=ORIENTED_EDGE('',*,*,#1382,.F.);
#1865=ORIENTED_EDGE('',*,*,#1379,.F.);
#1866=ORIENTED_EDGE('',*,*,#1376,.F.);
#1867=ORIENTED_EDGE('',*,*,#1373,.F.);
#1868=ORIENTED_EDGE('',*,*,#1370,.F.);
#1869=ORIENTED_EDGE('',*,*,#1351,.F.);
#1870=ORIENTED_EDGE('',*,*,#1359,.T.);
#1871=ORIENTED_EDGE('',*,*,#1372,.F.);
#1872=ORIENTED_EDGE('',*,*,#1409,.T.);
#1873=ORIENTED_EDGE('',*,*,#1349,.F.);
#1874=ORIENTED_EDGE('',*,*,#1409,.F.);
#1875=ORIENTED_EDGE('',*,*,#1375,.F.);
#1876=ORIENTED_EDGE('',*,*,#1410,.F.);
#1877=ORIENTED_EDGE('',*,*,#1347,.F.);
#1878=ORIENTED_EDGE('',*,*,#1410,.T.);
#1879=ORIENTED_EDGE('',*,*,#1378,.F.);
#1880=ORIENTED_EDGE('',*,*,#1386,.T.);
#1881=ORIENTED_EDGE('',*,*,#1303,.T.);
#1882=ORIENTED_EDGE('',*,*,#1285,.F.);
#1883=ORIENTED_EDGE('',*,*,#1316,.F.);
#1884=ORIENTED_EDGE('',*,*,#1411,.T.);
#1885=ORIENTED_EDGE('',*,*,#1412,.F.);
#1886=ORIENTED_EDGE('',*,*,#1307,.F.);
#1887=ORIENTED_EDGE('',*,*,#1305,.T.);
#1888=ORIENTED_EDGE('',*,*,#1413,.F.);
#1889=ORIENTED_EDGE('',*,*,#1414,.T.);
#1890=ORIENTED_EDGE('',*,*,#1411,.F.);
#1891=ORIENTED_EDGE('',*,*,#1315,.T.);
#1892=ORIENTED_EDGE('',*,*,#1412,.T.);
#1893=ORIENTED_EDGE('',*,*,#1415,.T.);
#1894=ORIENTED_EDGE('',*,*,#1416,.T.);
#1895=ORIENTED_EDGE('',*,*,#1308,.T.);
#1896=ORIENTED_EDGE('',*,*,#1413,.T.);
#1897=ORIENTED_EDGE('',*,*,#1314,.F.);
#1898=ORIENTED_EDGE('',*,*,#1417,.T.);
#1899=ORIENTED_EDGE('',*,*,#1418,.F.);
#1900=ORIENTED_EDGE('',*,*,#1419,.T.);
#1901=ORIENTED_EDGE('',*,*,#1420,.F.);
#1902=ORIENTED_EDGE('',*,*,#1421,.F.);
#1903=ORIENTED_EDGE('',*,*,#1422,.F.);
#1904=ORIENTED_EDGE('',*,*,#1423,.T.);
#1905=ORIENTED_EDGE('',*,*,#1424,.F.);
#1906=ORIENTED_EDGE('',*,*,#1425,.T.);
#1907=ORIENTED_EDGE('',*,*,#1426,.F.);
#1908=ORIENTED_EDGE('',*,*,#1317,.T.);
#1909=ORIENTED_EDGE('',*,*,#1321,.T.);
#1910=ORIENTED_EDGE('',*,*,#1324,.T.);
#1911=ORIENTED_EDGE('',*,*,#1327,.T.);
#1912=ORIENTED_EDGE('',*,*,#1330,.T.);
#1913=ORIENTED_EDGE('',*,*,#1333,.T.);
#1914=ORIENTED_EDGE('',*,*,#1336,.T.);
#1915=ORIENTED_EDGE('',*,*,#1339,.T.);
#1916=ORIENTED_EDGE('',*,*,#1427,.T.);
#1917=ORIENTED_EDGE('',*,*,#1428,.T.);
#1918=ORIENTED_EDGE('',*,*,#1427,.F.);
#1919=ORIENTED_EDGE('',*,*,#1429,.T.);
#1920=ORIENTED_EDGE('',*,*,#1275,.T.);
#1921=ORIENTED_EDGE('',*,*,#1429,.F.);
#1922=ORIENTED_EDGE('',*,*,#1282,.F.);
#1923=ORIENTED_EDGE('',*,*,#1428,.F.);
#1924=ORIENTED_EDGE('',*,*,#1430,.T.);
#1925=ORIENTED_EDGE('',*,*,#1247,.T.);
#1926=ORIENTED_EDGE('',*,*,#1430,.F.);
#1927=ORIENTED_EDGE('',*,*,#1278,.F.);
#1928=ORIENTED_EDGE('',*,*,#1302,.F.);
#1929=ORIENTED_EDGE('',*,*,#1431,.T.);
#1930=ORIENTED_EDGE('',*,*,#1261,.T.);
#1931=ORIENTED_EDGE('',*,*,#1431,.F.);
#1932=ORIENTED_EDGE('',*,*,#1280,.F.);
#1933=ORIENTED_EDGE('',*,*,#1432,.T.);
#1934=ORIENTED_EDGE('',*,*,#1433,.T.);
#1935=ORIENTED_EDGE('',*,*,#1421,.T.);
#1936=ORIENTED_EDGE('',*,*,#1434,.T.);
#1937=ORIENTED_EDGE('',*,*,#1433,.F.);
#1938=ORIENTED_EDGE('',*,*,#1435,.F.);
#1939=ORIENTED_EDGE('',*,*,#1436,.F.);
#1940=ORIENTED_EDGE('',*,*,#1422,.T.);
#1941=ORIENTED_EDGE('',*,*,#1437,.F.);
#1942=ORIENTED_EDGE('',*,*,#1438,.F.);
#1943=ORIENTED_EDGE('',*,*,#1439,.F.);
#1944=ORIENTED_EDGE('',*,*,#1440,.F.);
#1945=ORIENTED_EDGE('',*,*,#1441,.F.);
#1946=ORIENTED_EDGE('',*,*,#1442,.F.);
#1947=ORIENTED_EDGE('',*,*,#1443,.F.);
#1948=ORIENTED_EDGE('',*,*,#1444,.F.);
#1949=ORIENTED_EDGE('',*,*,#1445,.F.);
#1950=ORIENTED_EDGE('',*,*,#1446,.F.);
#1951=ORIENTED_EDGE('',*,*,#1447,.F.);
#1952=ORIENTED_EDGE('',*,*,#1448,.F.);
#1953=ORIENTED_EDGE('',*,*,#1449,.F.);
#1954=ORIENTED_EDGE('',*,*,#1450,.F.);
#1955=ORIENTED_EDGE('',*,*,#1451,.F.);
#1956=ORIENTED_EDGE('',*,*,#1452,.F.);
#1957=ORIENTED_EDGE('',*,*,#1432,.F.);
#1958=ORIENTED_EDGE('',*,*,#1453,.T.);
#1959=ORIENTED_EDGE('',*,*,#1454,.F.);
#1960=ORIENTED_EDGE('',*,*,#1455,.T.);
#1961=ORIENTED_EDGE('',*,*,#1456,.F.);
#1962=ORIENTED_EDGE('',*,*,#1312,.T.);
#1963=ORIENTED_EDGE('',*,*,#1457,.F.);
#1964=ORIENTED_EDGE('',*,*,#1458,.T.);
#1965=ORIENTED_EDGE('',*,*,#1459,.F.);
#1966=ORIENTED_EDGE('',*,*,#1309,.T.);
#1967=ORIENTED_EDGE('',*,*,#1416,.F.);
#1968=ORIENTED_EDGE('',*,*,#1460,.T.);
#1969=ORIENTED_EDGE('',*,*,#1461,.F.);
#1970=ORIENTED_EDGE('',*,*,#1462,.T.);
#1971=ORIENTED_EDGE('',*,*,#1463,.F.);
#1972=ORIENTED_EDGE('',*,*,#1435,.T.);
#1973=ORIENTED_EDGE('',*,*,#1464,.T.);
#1974=ORIENTED_EDGE('',*,*,#1465,.T.);
#1975=ORIENTED_EDGE('',*,*,#1466,.T.);
#1976=ORIENTED_EDGE('',*,*,#1467,.T.);
#1977=ORIENTED_EDGE('',*,*,#1468,.T.);
#1978=ORIENTED_EDGE('',*,*,#1469,.T.);
#1979=ORIENTED_EDGE('',*,*,#1414,.F.);
#1980=ORIENTED_EDGE('',*,*,#1426,.T.);
#1981=ORIENTED_EDGE('',*,*,#1470,.F.);
#1982=ORIENTED_EDGE('',*,*,#1460,.F.);
#1983=ORIENTED_EDGE('',*,*,#1415,.F.);
#1984=ORIENTED_EDGE('',*,*,#1423,.F.);
#1985=ORIENTED_EDGE('',*,*,#1436,.T.);
#1986=ORIENTED_EDGE('',*,*,#1463,.T.);
#1987=ORIENTED_EDGE('',*,*,#1471,.T.);
#1988=ORIENTED_EDGE('',*,*,#1471,.F.);
#1989=ORIENTED_EDGE('',*,*,#1462,.F.);
#1990=ORIENTED_EDGE('',*,*,#1472,.F.);
#1991=ORIENTED_EDGE('',*,*,#1424,.T.);
#1992=ORIENTED_EDGE('',*,*,#1425,.F.);
#1993=ORIENTED_EDGE('',*,*,#1472,.T.);
#1994=ORIENTED_EDGE('',*,*,#1461,.T.);
#1995=ORIENTED_EDGE('',*,*,#1470,.T.);
#1996=ORIENTED_EDGE('',*,*,#1417,.F.);
#1997=ORIENTED_EDGE('',*,*,#1313,.T.);
#1998=ORIENTED_EDGE('',*,*,#1456,.T.);
#1999=ORIENTED_EDGE('',*,*,#1473,.T.);
#2000=ORIENTED_EDGE('',*,*,#1419,.F.);
#2001=ORIENTED_EDGE('',*,*,#1474,.T.);
#2002=ORIENTED_EDGE('',*,*,#1454,.T.);
#2003=ORIENTED_EDGE('',*,*,#1475,.T.);
#2004=ORIENTED_EDGE('',*,*,#1434,.F.);
#2005=ORIENTED_EDGE('',*,*,#1420,.T.);
#2006=ORIENTED_EDGE('',*,*,#1475,.F.);
#2007=ORIENTED_EDGE('',*,*,#1453,.F.);
#2008=ORIENTED_EDGE('',*,*,#1290,.F.);
#2009=ORIENTED_EDGE('',*,*,#1310,.T.);
#2010=ORIENTED_EDGE('',*,*,#1459,.T.);
#2011=ORIENTED_EDGE('',*,*,#1476,.T.);
#2012=ORIENTED_EDGE('',*,*,#1476,.F.);
#2013=ORIENTED_EDGE('',*,*,#1458,.F.);
#2014=ORIENTED_EDGE('',*,*,#1477,.F.);
#2015=ORIENTED_EDGE('',*,*,#1291,.T.);
#2016=ORIENTED_EDGE('',*,*,#1292,.F.);
#2017=ORIENTED_EDGE('',*,*,#1477,.T.);
#2018=ORIENTED_EDGE('',*,*,#1457,.T.);
#2019=ORIENTED_EDGE('',*,*,#1311,.T.);
#2020=ORIENTED_EDGE('',*,*,#1473,.F.);
#2021=ORIENTED_EDGE('',*,*,#1455,.F.);
#2022=ORIENTED_EDGE('',*,*,#1474,.F.);
#2023=ORIENTED_EDGE('',*,*,#1418,.T.);
#2024=ORIENTED_EDGE('',*,*,#1408,.F.);
#2025=ORIENTED_EDGE('',*,*,#1478,.T.);
#2026=ORIENTED_EDGE('',*,*,#1479,.T.);
#2027=ORIENTED_EDGE('',*,*,#1478,.F.);
#2028=ORIENTED_EDGE('',*,*,#1479,.F.);
#2029=ORIENTED_EDGE('',*,*,#1480,.F.);
#2030=ORIENTED_EDGE('',*,*,#1407,.F.);
#2031=ORIENTED_EDGE('',*,*,#1481,.T.);
#2032=ORIENTED_EDGE('',*,*,#1482,.T.);
#2033=ORIENTED_EDGE('',*,*,#1481,.F.);
#2034=ORIENTED_EDGE('',*,*,#1482,.F.);
#2035=ORIENTED_EDGE('',*,*,#1483,.F.);
#2036=ORIENTED_EDGE('',*,*,#1406,.F.);
#2037=ORIENTED_EDGE('',*,*,#1484,.T.);
#2038=ORIENTED_EDGE('',*,*,#1485,.T.);
#2039=ORIENTED_EDGE('',*,*,#1484,.F.);
#2040=ORIENTED_EDGE('',*,*,#1485,.F.);
#2041=ORIENTED_EDGE('',*,*,#1486,.F.);
#2042=ORIENTED_EDGE('',*,*,#1464,.F.);
#2043=ORIENTED_EDGE('',*,*,#1487,.T.);
#2044=ORIENTED_EDGE('',*,*,#1488,.T.);
#2045=ORIENTED_EDGE('',*,*,#1487,.F.);
#2046=ORIENTED_EDGE('',*,*,#1488,.F.);
#2047=ORIENTED_EDGE('',*,*,#1489,.F.);
#2048=ORIENTED_EDGE('',*,*,#1465,.F.);
#2049=ORIENTED_EDGE('',*,*,#1490,.T.);
#2050=ORIENTED_EDGE('',*,*,#1491,.T.);
#2051=ORIENTED_EDGE('',*,*,#1490,.F.);
#2052=ORIENTED_EDGE('',*,*,#1491,.F.);
#2053=ORIENTED_EDGE('',*,*,#1492,.F.);
#2054=ORIENTED_EDGE('',*,*,#1466,.F.);
#2055=ORIENTED_EDGE('',*,*,#1493,.T.);
#2056=ORIENTED_EDGE('',*,*,#1494,.T.);
#2057=ORIENTED_EDGE('',*,*,#1493,.F.);
#2058=ORIENTED_EDGE('',*,*,#1494,.F.);
#2059=ORIENTED_EDGE('',*,*,#1495,.F.);
#2060=ORIENTED_EDGE('',*,*,#1496,.T.);
#2061=ORIENTED_EDGE('',*,*,#1497,.T.);
#2062=ORIENTED_EDGE('',*,*,#1498,.T.);
#2063=ORIENTED_EDGE('',*,*,#1387,.T.);
#2064=ORIENTED_EDGE('',*,*,#1499,.T.);
#2065=ORIENTED_EDGE('',*,*,#1500,.T.);
#2066=ORIENTED_EDGE('',*,*,#1496,.F.);
#2067=ORIENTED_EDGE('',*,*,#1402,.T.);
#2068=ORIENTED_EDGE('',*,*,#1501,.T.);
#2069=ORIENTED_EDGE('',*,*,#1502,.T.);
#2070=ORIENTED_EDGE('',*,*,#1499,.F.);
#2071=ORIENTED_EDGE('',*,*,#1401,.T.);
#2072=ORIENTED_EDGE('',*,*,#1503,.T.);
#2073=ORIENTED_EDGE('',*,*,#1504,.T.);
#2074=ORIENTED_EDGE('',*,*,#1501,.F.);
#2075=ORIENTED_EDGE('',*,*,#1400,.T.);
#2076=ORIENTED_EDGE('',*,*,#1505,.T.);
#2077=ORIENTED_EDGE('',*,*,#1506,.T.);
#2078=ORIENTED_EDGE('',*,*,#1503,.F.);
#2079=ORIENTED_EDGE('',*,*,#1399,.T.);
#2080=ORIENTED_EDGE('',*,*,#1507,.T.);
#2081=ORIENTED_EDGE('',*,*,#1508,.T.);
#2082=ORIENTED_EDGE('',*,*,#1505,.F.);
#2083=ORIENTED_EDGE('',*,*,#1398,.T.);
#2084=ORIENTED_EDGE('',*,*,#1507,.F.);
#2085=ORIENTED_EDGE('',*,*,#1397,.T.);
#2086=ORIENTED_EDGE('',*,*,#1509,.T.);
#2087=ORIENTED_EDGE('',*,*,#1510,.T.);
#2088=ORIENTED_EDGE('',*,*,#1511,.T.);
#2089=ORIENTED_EDGE('',*,*,#1512,.T.);
#2090=ORIENTED_EDGE('',*,*,#1509,.F.);
#2091=ORIENTED_EDGE('',*,*,#1396,.T.);
#2092=ORIENTED_EDGE('',*,*,#1513,.T.);
#2093=ORIENTED_EDGE('',*,*,#1514,.T.);
#2094=ORIENTED_EDGE('',*,*,#1511,.F.);
#2095=ORIENTED_EDGE('',*,*,#1395,.T.);
#2096=ORIENTED_EDGE('',*,*,#1515,.T.);
#2097=ORIENTED_EDGE('',*,*,#1516,.T.);
#2098=ORIENTED_EDGE('',*,*,#1513,.F.);
#2099=ORIENTED_EDGE('',*,*,#1394,.T.);
#2100=ORIENTED_EDGE('',*,*,#1517,.T.);
#2101=ORIENTED_EDGE('',*,*,#1518,.T.);
#2102=ORIENTED_EDGE('',*,*,#1515,.F.);
#2103=ORIENTED_EDGE('',*,*,#1393,.T.);
#2104=ORIENTED_EDGE('',*,*,#1519,.T.);
#2105=ORIENTED_EDGE('',*,*,#1520,.T.);
#2106=ORIENTED_EDGE('',*,*,#1517,.F.);
#2107=ORIENTED_EDGE('',*,*,#1392,.T.);
#2108=ORIENTED_EDGE('',*,*,#1519,.F.);
#2109=ORIENTED_EDGE('',*,*,#1391,.T.);
#2110=ORIENTED_EDGE('',*,*,#1521,.T.);
#2111=ORIENTED_EDGE('',*,*,#1522,.T.);
#2112=ORIENTED_EDGE('',*,*,#1523,.T.);
#2113=ORIENTED_EDGE('',*,*,#1524,.T.);
#2114=ORIENTED_EDGE('',*,*,#1521,.F.);
#2115=ORIENTED_EDGE('',*,*,#1390,.T.);
#2116=ORIENTED_EDGE('',*,*,#1525,.T.);
#2117=ORIENTED_EDGE('',*,*,#1526,.T.);
#2118=ORIENTED_EDGE('',*,*,#1523,.F.);
#2119=ORIENTED_EDGE('',*,*,#1389,.T.);
#2120=ORIENTED_EDGE('',*,*,#1498,.F.);
#2121=ORIENTED_EDGE('',*,*,#1527,.T.);
#2122=ORIENTED_EDGE('',*,*,#1525,.F.);
#2123=ORIENTED_EDGE('',*,*,#1388,.T.);
#2124=ORIENTED_EDGE('',*,*,#1516,.F.);
#2125=ORIENTED_EDGE('',*,*,#1528,.T.);
#2126=ORIENTED_EDGE('',*,*,#1529,.F.);
#2127=ORIENTED_EDGE('',*,*,#1530,.T.);
#2128=ORIENTED_EDGE('',*,*,#1518,.F.);
#2129=ORIENTED_EDGE('',*,*,#1531,.F.);
#2130=ORIENTED_EDGE('',*,*,#1532,.F.);
#2131=ORIENTED_EDGE('',*,*,#1528,.F.);
#2132=ORIENTED_EDGE('',*,*,#1520,.F.);
#2133=ORIENTED_EDGE('',*,*,#1533,.T.);
#2134=ORIENTED_EDGE('',*,*,#1534,.F.);
#2135=ORIENTED_EDGE('',*,*,#1531,.T.);
#2136=ORIENTED_EDGE('',*,*,#1522,.F.);
#2137=ORIENTED_EDGE('',*,*,#1535,.F.);
#2138=ORIENTED_EDGE('',*,*,#1536,.F.);
#2139=ORIENTED_EDGE('',*,*,#1533,.F.);
#2140=ORIENTED_EDGE('',*,*,#1524,.F.);
#2141=ORIENTED_EDGE('',*,*,#1537,.T.);
#2142=ORIENTED_EDGE('',*,*,#1538,.F.);
#2143=ORIENTED_EDGE('',*,*,#1535,.T.);
#2144=ORIENTED_EDGE('',*,*,#1526,.F.);
#2145=ORIENTED_EDGE('',*,*,#1539,.F.);
#2146=ORIENTED_EDGE('',*,*,#1540,.F.);
#2147=ORIENTED_EDGE('',*,*,#1537,.F.);
#2148=ORIENTED_EDGE('',*,*,#1527,.F.);
#2149=ORIENTED_EDGE('',*,*,#1541,.T.);
#2150=ORIENTED_EDGE('',*,*,#1542,.F.);
#2151=ORIENTED_EDGE('',*,*,#1539,.T.);
#2152=ORIENTED_EDGE('',*,*,#1497,.F.);
#2153=ORIENTED_EDGE('',*,*,#1543,.F.);
#2154=ORIENTED_EDGE('',*,*,#1544,.F.);
#2155=ORIENTED_EDGE('',*,*,#1541,.F.);
#2156=ORIENTED_EDGE('',*,*,#1545,.T.);
#2157=ORIENTED_EDGE('',*,*,#1437,.T.);
#2158=ORIENTED_EDGE('',*,*,#1546,.T.);
#2159=ORIENTED_EDGE('',*,*,#1544,.T.);
#2160=ORIENTED_EDGE('',*,*,#1545,.F.);
#2161=ORIENTED_EDGE('',*,*,#1547,.T.);
#2162=ORIENTED_EDGE('',*,*,#1548,.T.);
#2163=ORIENTED_EDGE('',*,*,#1438,.T.);
#2164=ORIENTED_EDGE('',*,*,#1549,.T.);
#2165=ORIENTED_EDGE('',*,*,#1439,.T.);
#2166=ORIENTED_EDGE('',*,*,#1548,.F.);
#2167=ORIENTED_EDGE('',*,*,#1550,.T.);
#2168=ORIENTED_EDGE('',*,*,#1549,.F.);
#2169=ORIENTED_EDGE('',*,*,#1551,.T.);
#2170=ORIENTED_EDGE('',*,*,#1552,.T.);
#2171=ORIENTED_EDGE('',*,*,#1440,.T.);
#2172=ORIENTED_EDGE('',*,*,#1553,.T.);
#2173=ORIENTED_EDGE('',*,*,#1441,.T.);
#2174=ORIENTED_EDGE('',*,*,#1552,.F.);
#2175=ORIENTED_EDGE('',*,*,#1554,.T.);
#2176=ORIENTED_EDGE('',*,*,#1553,.F.);
#2177=ORIENTED_EDGE('',*,*,#1555,.T.);
#2178=ORIENTED_EDGE('',*,*,#1556,.T.);
#2179=ORIENTED_EDGE('',*,*,#1442,.T.);
#2180=ORIENTED_EDGE('',*,*,#1557,.T.);
#2181=ORIENTED_EDGE('',*,*,#1443,.T.);
#2182=ORIENTED_EDGE('',*,*,#1556,.F.);
#2183=ORIENTED_EDGE('',*,*,#1558,.T.);
#2184=ORIENTED_EDGE('',*,*,#1557,.F.);
#2185=ORIENTED_EDGE('',*,*,#1559,.T.);
#2186=ORIENTED_EDGE('',*,*,#1560,.T.);
#2187=ORIENTED_EDGE('',*,*,#1444,.T.);
#2188=ORIENTED_EDGE('',*,*,#1561,.T.);
#2189=ORIENTED_EDGE('',*,*,#1445,.T.);
#2190=ORIENTED_EDGE('',*,*,#1560,.F.);
#2191=ORIENTED_EDGE('',*,*,#1562,.T.);
#2192=ORIENTED_EDGE('',*,*,#1561,.F.);
#2193=ORIENTED_EDGE('',*,*,#1529,.T.);
#2194=ORIENTED_EDGE('',*,*,#1563,.T.);
#2195=ORIENTED_EDGE('',*,*,#1446,.T.);
#2196=ORIENTED_EDGE('',*,*,#1564,.T.);
#2197=ORIENTED_EDGE('',*,*,#1447,.T.);
#2198=ORIENTED_EDGE('',*,*,#1563,.F.);
#2199=ORIENTED_EDGE('',*,*,#1532,.T.);
#2200=ORIENTED_EDGE('',*,*,#1564,.F.);
#2201=ORIENTED_EDGE('',*,*,#1534,.T.);
#2202=ORIENTED_EDGE('',*,*,#1565,.T.);
#2203=ORIENTED_EDGE('',*,*,#1448,.T.);
#2204=ORIENTED_EDGE('',*,*,#1566,.T.);
#2205=ORIENTED_EDGE('',*,*,#1449,.T.);
#2206=ORIENTED_EDGE('',*,*,#1565,.F.);
#2207=ORIENTED_EDGE('',*,*,#1536,.T.);
#2208=ORIENTED_EDGE('',*,*,#1566,.F.);
#2209=ORIENTED_EDGE('',*,*,#1538,.T.);
#2210=ORIENTED_EDGE('',*,*,#1567,.T.);
#2211=ORIENTED_EDGE('',*,*,#1450,.T.);
#2212=ORIENTED_EDGE('',*,*,#1568,.T.);
#2213=ORIENTED_EDGE('',*,*,#1451,.T.);
#2214=ORIENTED_EDGE('',*,*,#1567,.F.);
#2215=ORIENTED_EDGE('',*,*,#1540,.T.);
#2216=ORIENTED_EDGE('',*,*,#1568,.F.);
#2217=ORIENTED_EDGE('',*,*,#1542,.T.);
#2218=ORIENTED_EDGE('',*,*,#1546,.F.);
#2219=ORIENTED_EDGE('',*,*,#1452,.T.);
#2220=ORIENTED_EDGE('',*,*,#1512,.F.);
#2221=ORIENTED_EDGE('',*,*,#1569,.T.);
#2222=ORIENTED_EDGE('',*,*,#1559,.F.);
#2223=ORIENTED_EDGE('',*,*,#1570,.T.);
#2224=ORIENTED_EDGE('',*,*,#1510,.F.);
#2225=ORIENTED_EDGE('',*,*,#1570,.F.);
#2226=ORIENTED_EDGE('',*,*,#1558,.F.);
#2227=ORIENTED_EDGE('',*,*,#1571,.F.);
#2228=ORIENTED_EDGE('',*,*,#1508,.F.);
#2229=ORIENTED_EDGE('',*,*,#1571,.T.);
#2230=ORIENTED_EDGE('',*,*,#1555,.F.);
#2231=ORIENTED_EDGE('',*,*,#1572,.T.);
#2232=ORIENTED_EDGE('',*,*,#1506,.F.);
#2233=ORIENTED_EDGE('',*,*,#1572,.F.);
#2234=ORIENTED_EDGE('',*,*,#1554,.F.);
#2235=ORIENTED_EDGE('',*,*,#1573,.F.);
#2236=ORIENTED_EDGE('',*,*,#1504,.F.);
#2237=ORIENTED_EDGE('',*,*,#1573,.T.);
#2238=ORIENTED_EDGE('',*,*,#1551,.F.);
#2239=ORIENTED_EDGE('',*,*,#1574,.T.);
#2240=ORIENTED_EDGE('',*,*,#1502,.F.);
#2241=ORIENTED_EDGE('',*,*,#1574,.F.);
#2242=ORIENTED_EDGE('',*,*,#1550,.F.);
#2243=ORIENTED_EDGE('',*,*,#1575,.F.);
#2244=ORIENTED_EDGE('',*,*,#1500,.F.);
#2245=ORIENTED_EDGE('',*,*,#1575,.T.);
#2246=ORIENTED_EDGE('',*,*,#1547,.F.);
#2247=ORIENTED_EDGE('',*,*,#1543,.T.);
#2248=ORIENTED_EDGE('',*,*,#1514,.F.);
#2249=ORIENTED_EDGE('',*,*,#1530,.F.);
#2250=ORIENTED_EDGE('',*,*,#1562,.F.);
#2251=ORIENTED_EDGE('',*,*,#1569,.F.);
#2252=ORIENTED_EDGE('',*,*,#1495,.T.);
#2253=ORIENTED_EDGE('',*,*,#1576,.T.);
#2254=ORIENTED_EDGE('',*,*,#1405,.T.);
#2255=ORIENTED_EDGE('',*,*,#1576,.F.);
#2256=ORIENTED_EDGE('',*,*,#1467,.F.);
#2257=ORIENTED_EDGE('',*,*,#1577,.T.);
#2258=ORIENTED_EDGE('',*,*,#1483,.T.);
#2259=ORIENTED_EDGE('',*,*,#1577,.F.);
#2260=ORIENTED_EDGE('',*,*,#1468,.F.);
#2261=ORIENTED_EDGE('',*,*,#1578,.T.);
#2262=ORIENTED_EDGE('',*,*,#1480,.T.);
#2263=ORIENTED_EDGE('',*,*,#1578,.F.);
#2264=ORIENTED_EDGE('',*,*,#1469,.F.);
#2265=ORIENTED_EDGE('',*,*,#1579,.T.);
#2266=ORIENTED_EDGE('',*,*,#1486,.T.);
#2267=ORIENTED_EDGE('',*,*,#1579,.F.);
#2268=ORIENTED_EDGE('',*,*,#1492,.T.);
#2269=ORIENTED_EDGE('',*,*,#1580,.T.);
#2270=ORIENTED_EDGE('',*,*,#1404,.T.);
#2271=ORIENTED_EDGE('',*,*,#1580,.F.);
#2272=ORIENTED_EDGE('',*,*,#1489,.T.);
#2273=ORIENTED_EDGE('',*,*,#1581,.T.);
#2274=ORIENTED_EDGE('',*,*,#1403,.T.);
#2275=ORIENTED_EDGE('',*,*,#1581,.F.);
#2276=PLANE('',#2513);
#2277=PLANE('',#2514);
#2278=PLANE('',#2515);
#2279=PLANE('',#2516);
#2280=PLANE('',#2517);
#2281=PLANE('',#2519);
#2282=PLANE('',#2521);
#2283=PLANE('',#2522);
#2284=PLANE('',#2523);
#2285=PLANE('',#2524);
#2286=PLANE('',#2525);
#2287=PLANE('',#2527);
#2288=PLANE('',#2529);
#2289=PLANE('',#2530);
#2290=PLANE('',#2531);
#2291=PLANE('',#2532);
#2292=PLANE('',#2533);
#2293=PLANE('',#2535);
#2294=PLANE('',#2546);
#2295=PLANE('',#2555);
#2296=PLANE('',#2558);
#2297=PLANE('',#2559);
#2298=PLANE('',#2563);
#2299=PLANE('',#2567);
#2300=PLANE('',#2571);
#2301=PLANE('',#2575);
#2302=PLANE('',#2596);
#2303=PLANE('',#2599);
#2304=PLANE('',#2624);
#2305=PLANE('',#2625);
#2306=PLANE('',#2641);
#2307=PLANE('',#2643);
#2308=PLANE('',#2650);
#2309=PLANE('',#2659);
#2310=PLANE('',#2661);
#2311=PLANE('',#2663);
#2312=PLANE('',#2666);
#2313=PLANE('',#2667);
#2314=PLANE('',#2688);
#2315=PLANE('',#2690);
#2316=PLANE('',#2694);
#2317=PLANE('',#2696);
#2318=PLANE('',#2698);
#2319=PLANE('',#2701);
#2320=PLANE('',#2705);
#2321=PLANE('',#2709);
#2322=PLANE('',#2713);
#2323=PLANE('',#2717);
#2324=PLANE('',#2721);
#2325=PLANE('',#2723);
#2326=PLANE('',#2726);
#2327=PLANE('',#2729);
#2328=PLANE('',#2732);
#2329=PLANE('',#2735);
#2330=PLANE('',#2738);
#2331=PLANE('',#2741);
#2332=PLANE('',#2744);
#2333=PLANE('',#2749);
#2334=PLANE('',#2752);
#2335=PLANE('',#2755);
#2336=PLANE('',#2758);
#2337=PLANE('',#2759);
#2338=PLANE('',#2762);
#2339=PLANE('',#2765);
#2340=PLANE('',#2768);
#2341=PLANE('',#2771);
#2342=PLANE('',#2773);
#2343=PLANE('',#2775);
#2344=PLANE('',#2777);
#2345=PLANE('',#2780);
#2346=PLANE('',#2782);
#2347=PLANE('',#2784);
#2348=PLANE('',#2786);
#2349=ADVANCED_FACE('',(#254),#2276,.F.);
#2350=ADVANCED_FACE('',(#255),#2277,.F.);
#2351=ADVANCED_FACE('',(#256),#2278,.F.);
#2352=ADVANCED_FACE('',(#257),#2279,.F.);
#2353=ADVANCED_FACE('',(#258,#92),#2280,.F.);
#2354=ADVANCED_FACE('',(#259,#93),#2281,.F.);
#2355=ADVANCED_FACE('',(#260),#2282,.F.);
#2356=ADVANCED_FACE('',(#261),#2283,.F.);
#2357=ADVANCED_FACE('',(#262),#2284,.F.);
#2358=ADVANCED_FACE('',(#263),#2285,.F.);
#2359=ADVANCED_FACE('',(#264,#94),#2286,.F.);
#2360=ADVANCED_FACE('',(#265,#95),#2287,.F.);
#2361=ADVANCED_FACE('',(#266),#2288,.F.);
#2362=ADVANCED_FACE('',(#267),#2289,.F.);
#2363=ADVANCED_FACE('',(#268),#2290,.F.);
#2364=ADVANCED_FACE('',(#269),#2291,.F.);
#2365=ADVANCED_FACE('',(#270,#96),#2292,.F.);
#2366=ADVANCED_FACE('',(#271,#97),#2293,.F.);
#2367=ADVANCED_FACE('',(#272),#39,.F.);
#2368=ADVANCED_FACE('',(#273),#40,.F.);
#2369=ADVANCED_FACE('',(#274),#41,.F.);
#2370=ADVANCED_FACE('',(#275),#42,.F.);
#2371=ADVANCED_FACE('',(#276,#98,#99),#2294,.F.);
#2372=ADVANCED_FACE('',(#277),#2295,.F.);
#2373=ADVANCED_FACE('',(#278),#43,.F.);
#2374=ADVANCED_FACE('',(#279),#2296,.F.);
#2375=ADVANCED_FACE('',(#280),#2297,.F.);
#2376=ADVANCED_FACE('',(#281),#44,.F.);
#2377=ADVANCED_FACE('',(#282),#2298,.F.);
#2378=ADVANCED_FACE('',(#283),#45,.F.);
#2379=ADVANCED_FACE('',(#284),#2299,.F.);
#2380=ADVANCED_FACE('',(#285),#46,.F.);
#2381=ADVANCED_FACE('',(#286),#2300,.F.);
#2382=ADVANCED_FACE('',(#287),#47,.F.);
#2383=ADVANCED_FACE('',(#288),#2301,.F.);
#2384=ADVANCED_FACE('',(#289),#31,.T.);
#2385=ADVANCED_FACE('',(#290),#48,.T.);
#2386=ADVANCED_FACE('',(#291),#32,.T.);
#2387=ADVANCED_FACE('',(#292),#49,.T.);
#2388=ADVANCED_FACE('',(#293),#33,.T.);
#2389=ADVANCED_FACE('',(#294),#50,.T.);
#2390=ADVANCED_FACE('',(#295),#34,.T.);
#2391=ADVANCED_FACE('',(#296),#51,.T.);
#2392=ADVANCED_FACE('',(#297),#2302,.F.);
#2393=ADVANCED_FACE('',(#298),#52,.F.);
#2394=ADVANCED_FACE('',(#299),#2303,.T.);
#2395=ADVANCED_FACE('',(#300),#53,.F.);
#2396=ADVANCED_FACE('',(#301),#35,.T.);
#2397=ADVANCED_FACE('',(#302),#54,.T.);
#2398=ADVANCED_FACE('',(#303),#36,.T.);
#2399=ADVANCED_FACE('',(#304),#55,.T.);
#2400=ADVANCED_FACE('',(#305),#37,.T.);
#2401=ADVANCED_FACE('',(#306),#56,.T.);
#2402=ADVANCED_FACE('',(#307),#38,.T.);
#2403=ADVANCED_FACE('',(#308),#57,.T.);
#2404=ADVANCED_FACE('',(#309),#2304,.F.);
#2405=ADVANCED_FACE('',(#310,#100,#101,#102,#103,#104,#105,#106,#107),#2305,
 .F.);
#2406=ADVANCED_FACE('',(#311),#58,.F.);
#2407=ADVANCED_FACE('',(#312),#2306,.T.);
#2408=ADVANCED_FACE('',(#313),#59,.F.);
#2409=ADVANCED_FACE('',(#314),#2307,.T.);
#2410=ADVANCED_FACE('',(#315),#60,.F.);
#2411=ADVANCED_FACE('',(#316),#61,.T.);
#2412=ADVANCED_FACE('',(#317,#108,#109,#110),#2308,.F.);
#2413=ADVANCED_FACE('',(#318),#62,.F.);
#2414=ADVANCED_FACE('',(#319),#2309,.F.);
#2415=ADVANCED_FACE('',(#320),#63,.F.);
#2416=ADVANCED_FACE('',(#321),#2310,.F.);
#2417=ADVANCED_FACE('',(#322),#64,.F.);
#2418=ADVANCED_FACE('',(#323),#2311,.F.);
#2419=ADVANCED_FACE('',(#324),#65,.T.);
#2420=ADVANCED_FACE('',(#325),#2312,.F.);
#2421=ADVANCED_FACE('',(#326,#111,#112,#113,#114,#115,#116,#117),#2313,
 .T.);
#2422=ADVANCED_FACE('',(#327),#2314,.F.);
#2423=ADVANCED_FACE('',(#328),#66,.F.);
#2424=ADVANCED_FACE('',(#329),#2315,.F.);
#2425=ADVANCED_FACE('',(#330),#67,.F.);
#2426=ADVANCED_FACE('',(#331),#68,.F.);
#2427=ADVANCED_FACE('',(#332),#69,.F.);
#2428=ADVANCED_FACE('',(#333),#2316,.F.);
#2429=ADVANCED_FACE('',(#334),#70,.F.);
#2430=ADVANCED_FACE('',(#335),#2317,.F.);
#2431=ADVANCED_FACE('',(#336),#71,.F.);
#2432=ADVANCED_FACE('',(#337),#2318,.F.);
#2433=ADVANCED_FACE('',(#338),#72,.F.);
#2434=ADVANCED_FACE('',(#339,#118),#2319,.T.);
#2435=ADVANCED_FACE('',(#340),#73,.F.);
#2436=ADVANCED_FACE('',(#341,#119),#2320,.T.);
#2437=ADVANCED_FACE('',(#342),#74,.F.);
#2438=ADVANCED_FACE('',(#343,#120),#2321,.T.);
#2439=ADVANCED_FACE('',(#344),#75,.F.);
#2440=ADVANCED_FACE('',(#345,#121),#2322,.T.);
#2441=ADVANCED_FACE('',(#346),#76,.F.);
#2442=ADVANCED_FACE('',(#347,#122),#2323,.T.);
#2443=ADVANCED_FACE('',(#348),#77,.F.);
#2444=ADVANCED_FACE('',(#349,#123),#2324,.T.);
#2445=ADVANCED_FACE('',(#350),#2325,.T.);
#2446=ADVANCED_FACE('',(#351),#15,.T.);
#2447=ADVANCED_FACE('',(#352),#2326,.T.);
#2448=ADVANCED_FACE('',(#353),#16,.T.);
#2449=ADVANCED_FACE('',(#354),#2327,.T.);
#2450=ADVANCED_FACE('',(#355),#17,.T.);
#2451=ADVANCED_FACE('',(#356),#2328,.T.);
#2452=ADVANCED_FACE('',(#357),#18,.F.);
#2453=ADVANCED_FACE('',(#358),#2329,.T.);
#2454=ADVANCED_FACE('',(#359),#19,.T.);
#2455=ADVANCED_FACE('',(#360),#2330,.T.);
#2456=ADVANCED_FACE('',(#361),#20,.T.);
#2457=ADVANCED_FACE('',(#362),#2331,.T.);
#2458=ADVANCED_FACE('',(#363),#21,.F.);
#2459=ADVANCED_FACE('',(#364),#2332,.T.);
#2460=ADVANCED_FACE('',(#365),#22,.T.);
#2461=ADVANCED_FACE('',(#366),#78,.T.);
#2462=ADVANCED_FACE('',(#367),#2333,.T.);
#2463=ADVANCED_FACE('',(#368),#79,.T.);
#2464=ADVANCED_FACE('',(#369),#2334,.T.);
#2465=ADVANCED_FACE('',(#370),#80,.F.);
#2466=ADVANCED_FACE('',(#371),#2335,.T.);
#2467=ADVANCED_FACE('',(#372),#81,.T.);
#2468=ADVANCED_FACE('',(#373),#2336,.T.);
#2469=ADVANCED_FACE('',(#374),#2337,.T.);
#2470=ADVANCED_FACE('',(#375),#23,.T.);
#2471=ADVANCED_FACE('',(#376),#2338,.T.);
#2472=ADVANCED_FACE('',(#377),#24,.T.);
#2473=ADVANCED_FACE('',(#378),#2339,.T.);
#2474=ADVANCED_FACE('',(#379),#25,.T.);
#2475=ADVANCED_FACE('',(#380),#2340,.T.);
#2476=ADVANCED_FACE('',(#381),#26,.F.);
#2477=ADVANCED_FACE('',(#382),#2341,.T.);
#2478=ADVANCED_FACE('',(#383),#27,.T.);
#2479=ADVANCED_FACE('',(#384),#2342,.T.);
#2480=ADVANCED_FACE('',(#385),#28,.T.);
#2481=ADVANCED_FACE('',(#386),#2343,.T.);
#2482=ADVANCED_FACE('',(#387),#29,.F.);
#2483=ADVANCED_FACE('',(#388),#2344,.T.);
#2484=ADVANCED_FACE('',(#389),#30,.T.);
#2485=ADVANCED_FACE('',(#390),#82,.F.);
#2486=ADVANCED_FACE('',(#391),#2345,.T.);
#2487=ADVANCED_FACE('',(#392),#83,.T.);
#2488=ADVANCED_FACE('',(#393),#2346,.T.);
#2489=ADVANCED_FACE('',(#394),#84,.T.);
#2490=ADVANCED_FACE('',(#395),#2347,.T.);
#2491=ADVANCED_FACE('',(#396),#85,.T.);
#2492=ADVANCED_FACE('',(#397),#2348,.T.);
#2493=ADVANCED_FACE('',(#398),#86,.F.);
#2494=ADVANCED_FACE('',(#399),#87,.F.);
#2495=ADVANCED_FACE('',(#400),#88,.F.);
#2496=ADVANCED_FACE('',(#401),#89,.F.);
#2497=ADVANCED_FACE('',(#402),#90,.F.);
#2498=ADVANCED_FACE('',(#403),#91,.F.);
#2499=CLOSED_SHELL('',(#2349,#2350,#2351,#2352,#2353,#2354,#2355,#2356,
#2357,#2358,#2359,#2360,#2361,#2362,#2363,#2364,#2365,#2366,#2367,#2368,
#2369,#2370,#2371,#2372,#2373,#2374,#2375,#2376,#2377,#2378,#2379,#2380,
#2381,#2382,#2383,#2384,#2385,#2386,#2387,#2388,#2389,#2390,#2391,#2392,
#2393,#2394,#2395,#2396,#2397,#2398,#2399,#2400,#2401,#2402,#2403,#2404,
#2405,#2406,#2407,#2408,#2409,#2410,#2411,#2412,#2413,#2414,#2415,#2416,
#2417,#2418,#2419,#2420,#2421,#2422,#2423,#2424,#2425,#2426,#2427,#2428,
#2429,#2430,#2431,#2432,#2433,#2434,#2435,#2436,#2437,#2438,#2439,#2440,
#2441,#2442,#2443,#2444,#2445,#2446,#2447,#2448,#2449,#2450,#2451,#2452,
#2453,#2454,#2455,#2456,#2457,#2458,#2459,#2460,#2461,#2462,#2463,#2464,
#2465,#2466,#2467,#2468,#2469,#2470,#2471,#2472,#2473,#2474,#2475,#2476,
#2477,#2478,#2479,#2480,#2481,#2482,#2483,#2484,#2485,#2486,#2487,#2488,
#2489,#2490,#2491,#2492,#2493,#2494,#2495,#2496,#2497,#2498));
#2500=DERIVED_UNIT_ELEMENT(#2502,1.);
#2501=DERIVED_UNIT_ELEMENT(#4290,-3.);
#2502=(
MASS_UNIT()
NAMED_UNIT(*)
SI_UNIT(.KILO.,.GRAM.)
);
#2503=DERIVED_UNIT((#2500,#2501));
#2504=MEASURE_REPRESENTATION_ITEM('density measure',
POSITIVE_RATIO_MEASURE(7850.),#2503);
#2505=PROPERTY_DEFINITION_REPRESENTATION(#2510,#2507);
#2506=PROPERTY_DEFINITION_REPRESENTATION(#2511,#2508);
#2507=REPRESENTATION('material name',(#2509),#4287);
#2508=REPRESENTATION('density',(#2504),#4287);
#2509=DESCRIPTIVE_REPRESENTATION_ITEM('Steel','Steel');
#2510=PROPERTY_DEFINITION('material property','material name',#4297);
#2511=PROPERTY_DEFINITION('material property','density of part',#4297);
#2512=AXIS2_PLACEMENT_3D('',#3572,#2793,#2794);
#2513=AXIS2_PLACEMENT_3D('',#3573,#2795,#2796);
#2514=AXIS2_PLACEMENT_3D('',#3582,#2801,#2802);
#2515=AXIS2_PLACEMENT_3D('',#3588,#2806,#2807);
#2516=AXIS2_PLACEMENT_3D('',#3594,#2811,#2812);
#2517=AXIS2_PLACEMENT_3D('',#3597,#2815,#2816);
#2518=AXIS2_PLACEMENT_3D('',#3599,#2817,#2818);
#2519=AXIS2_PLACEMENT_3D('',#3600,#2819,#2820);
#2520=AXIS2_PLACEMENT_3D('',#3602,#2821,#2822);
#2521=AXIS2_PLACEMENT_3D('',#3603,#2823,#2824);
#2522=AXIS2_PLACEMENT_3D('',#3612,#2829,#2830);
#2523=AXIS2_PLACEMENT_3D('',#3618,#2834,#2835);
#2524=AXIS2_PLACEMENT_3D('',#3624,#2839,#2840);
#2525=AXIS2_PLACEMENT_3D('',#3627,#2843,#2844);
#2526=AXIS2_PLACEMENT_3D('',#3629,#2845,#2846);
#2527=AXIS2_PLACEMENT_3D('',#3630,#2847,#2848);
#2528=AXIS2_PLACEMENT_3D('',#3632,#2849,#2850);
#2529=AXIS2_PLACEMENT_3D('',#3633,#2851,#2852);
#2530=AXIS2_PLACEMENT_3D('',#3642,#2857,#2858);
#2531=AXIS2_PLACEMENT_3D('',#3648,#2862,#2863);
#2532=AXIS2_PLACEMENT_3D('',#3654,#2867,#2868);
#2533=AXIS2_PLACEMENT_3D('',#3657,#2871,#2872);
#2534=AXIS2_PLACEMENT_3D('',#3659,#2873,#2874);
#2535=AXIS2_PLACEMENT_3D('',#3660,#2875,#2876);
#2536=AXIS2_PLACEMENT_3D('',#3662,#2877,#2878);
#2537=AXIS2_PLACEMENT_3D('',#3663,#2879,#2880);
#2538=AXIS2_PLACEMENT_3D('',#3666,#2882,#2883);
#2539=AXIS2_PLACEMENT_3D('',#3667,#2884,#2885);
#2540=AXIS2_PLACEMENT_3D('',#3670,#2887,#2888);
#2541=AXIS2_PLACEMENT_3D('',#3671,#2889,#2890);
#2542=AXIS2_PLACEMENT_3D('',#3674,#2892,#2893);
#2543=AXIS2_PLACEMENT_3D('',#3675,#2894,#2895);
#2544=AXIS2_PLACEMENT_3D('',#3678,#2896,#2897);
#2545=AXIS2_PLACEMENT_3D('',#3682,#2899,#2900);
#2546=AXIS2_PLACEMENT_3D('',#3684,#2902,#2903);
#2547=AXIS2_PLACEMENT_3D('',#3688,#2905,#2906);
#2548=AXIS2_PLACEMENT_3D('',#3692,#2908,#2909);
#2549=AXIS2_PLACEMENT_3D('',#3696,#2911,#2912);
#2550=AXIS2_PLACEMENT_3D('',#3700,#2914,#2915);
#2551=AXIS2_PLACEMENT_3D('',#3704,#2917,#2918);
#2552=AXIS2_PLACEMENT_3D('',#3708,#2920,#2921);
#2553=AXIS2_PLACEMENT_3D('',#3712,#2923,#2924);
#2554=AXIS2_PLACEMENT_3D('',#3715,#2926,#2927);
#2555=AXIS2_PLACEMENT_3D('',#3716,#2928,#2929);
#2556=AXIS2_PLACEMENT_3D('',#3720,#2932,#2933);
#2557=AXIS2_PLACEMENT_3D('',#3722,#2934,#2935);
#2558=AXIS2_PLACEMENT_3D('',#3724,#2937,#2938);
#2559=AXIS2_PLACEMENT_3D('',#3732,#2943,#2944);
#2560=AXIS2_PLACEMENT_3D('',#3744,#2951,#2952);
#2561=AXIS2_PLACEMENT_3D('',#3747,#2953,#2954);
#2562=AXIS2_PLACEMENT_3D('',#3751,#2956,#2957);
#2563=AXIS2_PLACEMENT_3D('',#3753,#2959,#2960);
#2564=AXIS2_PLACEMENT_3D('',#3759,#2964,#2965);
#2565=AXIS2_PLACEMENT_3D('',#3761,#2966,#2967);
#2566=AXIS2_PLACEMENT_3D('',#3763,#2968,#2969);
#2567=AXIS2_PLACEMENT_3D('',#3765,#2971,#2972);
#2568=AXIS2_PLACEMENT_3D('',#3771,#2976,#2977);
#2569=AXIS2_PLACEMENT_3D('',#3773,#2978,#2979);
#2570=AXIS2_PLACEMENT_3D('',#3775,#2980,#2981);
#2571=AXIS2_PLACEMENT_3D('',#3777,#2983,#2984);
#2572=AXIS2_PLACEMENT_3D('',#3783,#2988,#2989);
#2573=AXIS2_PLACEMENT_3D('',#3785,#2990,#2991);
#2574=AXIS2_PLACEMENT_3D('',#3787,#2992,#2993);
#2575=AXIS2_PLACEMENT_3D('',#3789,#2995,#2996);
#2576=AXIS2_PLACEMENT_3D('',#3792,#2999,#3000);
#2577=AXIS2_PLACEMENT_3D('',#3794,#3001,#3002);
#2578=AXIS2_PLACEMENT_3D('',#3796,#3003,#3004);
#2579=AXIS2_PLACEMENT_3D('',#3797,#3005,#3006);
#2580=AXIS2_PLACEMENT_3D('',#3798,#3007,#3008);
#2581=AXIS2_PLACEMENT_3D('',#3800,#3009,#3010);
#2582=AXIS2_PLACEMENT_3D('',#3802,#3012,#3013);
#2583=AXIS2_PLACEMENT_3D('',#3804,#3014,#3015);
#2584=AXIS2_PLACEMENT_3D('',#3805,#3016,#3017);
#2585=AXIS2_PLACEMENT_3D('',#3806,#3018,#3019);
#2586=AXIS2_PLACEMENT_3D('',#3808,#3020,#3021);
#2587=AXIS2_PLACEMENT_3D('',#3810,#3023,#3024);
#2588=AXIS2_PLACEMENT_3D('',#3812,#3025,#3026);
#2589=AXIS2_PLACEMENT_3D('',#3813,#3027,#3028);
#2590=AXIS2_PLACEMENT_3D('',#3814,#3029,#3030);
#2591=AXIS2_PLACEMENT_3D('',#3816,#3031,#3032);
#2592=AXIS2_PLACEMENT_3D('',#3818,#3034,#3035);
#2593=AXIS2_PLACEMENT_3D('',#3820,#3036,#3037);
#2594=AXIS2_PLACEMENT_3D('',#3821,#3038,#3039);
#2595=AXIS2_PLACEMENT_3D('',#3822,#3040,#3041);
#2596=AXIS2_PLACEMENT_3D('',#3824,#3043,#3044);
#2597=AXIS2_PLACEMENT_3D('',#3830,#3048,#3049);
#2598=AXIS2_PLACEMENT_3D('',#3833,#3051,#3052);
#2599=AXIS2_PLACEMENT_3D('',#3834,#3053,#3054);
#2600=AXIS2_PLACEMENT_3D('',#3838,#3057,#3058);
#2601=AXIS2_PLACEMENT_3D('',#3841,#3060,#3061);
#2602=AXIS2_PLACEMENT_3D('',#3842,#3062,#3063);
#2603=AXIS2_PLACEMENT_3D('',#3844,#3064,#3065);
#2604=AXIS2_PLACEMENT_3D('',#3846,#3066,#3067);
#2605=AXIS2_PLACEMENT_3D('',#3847,#3068,#3069);
#2606=AXIS2_PLACEMENT_3D('',#3848,#3070,#3071);
#2607=AXIS2_PLACEMENT_3D('',#3850,#3072,#3073);
#2608=AXIS2_PLACEMENT_3D('',#3852,#3075,#3076);
#2609=AXIS2_PLACEMENT_3D('',#3855,#3077,#3078);
#2610=AXIS2_PLACEMENT_3D('',#3856,#3079,#3080);
#2611=AXIS2_PLACEMENT_3D('',#3857,#3081,#3082);
#2612=AXIS2_PLACEMENT_3D('',#3858,#3083,#3084);
#2613=AXIS2_PLACEMENT_3D('',#3861,#3085,#3086);
#2614=AXIS2_PLACEMENT_3D('',#3864,#3089,#3090);
#2615=AXIS2_PLACEMENT_3D('',#3867,#3091,#3092);
#2616=AXIS2_PLACEMENT_3D('',#3868,#3093,#3094);
#2617=AXIS2_PLACEMENT_3D('',#3869,#3095,#3096);
#2618=AXIS2_PLACEMENT_3D('',#3870,#3097,#3098);
#2619=AXIS2_PLACEMENT_3D('',#3872,#3099,#3100);
#2620=AXIS2_PLACEMENT_3D('',#3875,#3103,#3104);
#2621=AXIS2_PLACEMENT_3D('',#3877,#3105,#3106);
#2622=AXIS2_PLACEMENT_3D('',#3878,#3107,#3108);
#2623=AXIS2_PLACEMENT_3D('',#3879,#3109,#3110);
#2624=AXIS2_PLACEMENT_3D('',#3881,#3112,#3113);
#2625=AXIS2_PLACEMENT_3D('',#3883,#3115,#3116);
#2626=AXIS2_PLACEMENT_3D('',#3888,#3118,#3119);
#2627=AXIS2_PLACEMENT_3D('',#3892,#3121,#3122);
#2628=AXIS2_PLACEMENT_3D('',#3896,#3124,#3125);
#2629=AXIS2_PLACEMENT_3D('',#3900,#3127,#3128);
#2630=AXIS2_PLACEMENT_3D('',#3904,#3130,#3131);
#2631=AXIS2_PLACEMENT_3D('',#3908,#3133,#3134);
#2632=AXIS2_PLACEMENT_3D('',#3912,#3136,#3137);
#2633=AXIS2_PLACEMENT_3D('',#3915,#3139,#3140);
#2634=AXIS2_PLACEMENT_3D('',#3917,#3141,#3142);
#2635=AXIS2_PLACEMENT_3D('',#3919,#3143,#3144);
#2636=AXIS2_PLACEMENT_3D('',#3921,#3145,#3146);
#2637=AXIS2_PLACEMENT_3D('',#3923,#3147,#3148);
#2638=AXIS2_PLACEMENT_3D('',#3925,#3149,#3150);
#2639=AXIS2_PLACEMENT_3D('',#3927,#3151,#3152);
#2640=AXIS2_PLACEMENT_3D('',#3928,#3153,#3154);
#2641=AXIS2_PLACEMENT_3D('',#3930,#3156,#3157);
#2642=AXIS2_PLACEMENT_3D('',#3932,#3159,#3160);
#2643=AXIS2_PLACEMENT_3D('',#3933,#3161,#3162);
#2644=AXIS2_PLACEMENT_3D('',#3935,#3163,#3164);
#2645=AXIS2_PLACEMENT_3D('',#3936,#3165,#3166);
#2646=AXIS2_PLACEMENT_3D('',#3937,#3167,#3168);
#2647=AXIS2_PLACEMENT_3D('',#3939,#3169,#3170);
#2648=AXIS2_PLACEMENT_3D('',#3941,#3172,#3173);
#2649=AXIS2_PLACEMENT_3D('',#3944,#3175,#3176);
#2650=AXIS2_PLACEMENT_3D('',#3945,#3177,#3178);
#2651=AXIS2_PLACEMENT_3D('',#3947,#3179,#3180);
#2652=AXIS2_PLACEMENT_3D('',#3951,#3182,#3183);
#2653=AXIS2_PLACEMENT_3D('',#3955,#3185,#3186);
#2654=AXIS2_PLACEMENT_3D('',#3959,#3188,#3189);
#2655=AXIS2_PLACEMENT_3D('',#3963,#3191,#3192);
#2656=AXIS2_PLACEMENT_3D('',#3966,#3194,#3195);
#2657=AXIS2_PLACEMENT_3D('',#3968,#3196,#3197);
#2658=AXIS2_PLACEMENT_3D('',#3969,#3198,#3199);
#2659=AXIS2_PLACEMENT_3D('',#3971,#3201,#3202);
#2660=AXIS2_PLACEMENT_3D('',#3972,#3203,#3204);
#2661=AXIS2_PLACEMENT_3D('',#3974,#3206,#3207);
#2662=AXIS2_PLACEMENT_3D('',#3975,#3208,#3209);
#2663=AXIS2_PLACEMENT_3D('',#3977,#3211,#3212);
#2664=AXIS2_PLACEMENT_3D('',#3978,#3213,#3214);
#2665=AXIS2_PLACEMENT_3D('',#3981,#3215,#3216);
#2666=AXIS2_PLACEMENT_3D('',#3984,#3219,#3220);
#2667=AXIS2_PLACEMENT_3D('',#3988,#3223,#3224);
#2668=AXIS2_PLACEMENT_3D('',#3993,#3226,#3227);
#2669=AXIS2_PLACEMENT_3D('',#3997,#3229,#3230);
#2670=AXIS2_PLACEMENT_3D('',#4001,#3232,#3233);
#2671=AXIS2_PLACEMENT_3D('',#4005,#3235,#3236);
#2672=AXIS2_PLACEMENT_3D('',#4009,#3238,#3239);
#2673=AXIS2_PLACEMENT_3D('',#4013,#3241,#3242);
#2674=AXIS2_PLACEMENT_3D('',#4017,#3244,#3245);
#2675=AXIS2_PLACEMENT_3D('',#4020,#3247,#3248);
#2676=AXIS2_PLACEMENT_3D('',#4024,#3250,#3251);
#2677=AXIS2_PLACEMENT_3D('',#4027,#3253,#3254);
#2678=AXIS2_PLACEMENT_3D('',#4029,#3255,#3256);
#2679=AXIS2_PLACEMENT_3D('',#4032,#3258,#3259);
#2680=AXIS2_PLACEMENT_3D('',#4036,#3261,#3262);
#2681=AXIS2_PLACEMENT_3D('',#4039,#3264,#3265);
#2682=AXIS2_PLACEMENT_3D('',#4041,#3266,#3267);
#2683=AXIS2_PLACEMENT_3D('',#4043,#3268,#3269);
#2684=AXIS2_PLACEMENT_3D('',#4045,#3270,#3271);
#2685=AXIS2_PLACEMENT_3D('',#4047,#3272,#3273);
#2686=AXIS2_PLACEMENT_3D('',#4049,#3274,#3275);
#2687=AXIS2_PLACEMENT_3D('',#4051,#3276,#3277);
#2688=AXIS2_PLACEMENT_3D('',#4052,#3278,#3279);
#2689=AXIS2_PLACEMENT_3D('',#4054,#3281,#3282);
#2690=AXIS2_PLACEMENT_3D('',#4056,#3284,#3285);
#2691=AXIS2_PLACEMENT_3D('',#4058,#3287,#3288);
#2692=AXIS2_PLACEMENT_3D('',#4059,#3289,#3290);
#2693=AXIS2_PLACEMENT_3D('',#4061,#3292,#3293);
#2694=AXIS2_PLACEMENT_3D('',#4064,#3296,#3297);
#2695=AXIS2_PLACEMENT_3D('',#4065,#3298,#3299);
#2696=AXIS2_PLACEMENT_3D('',#4067,#3301,#3302);
#2697=AXIS2_PLACEMENT_3D('',#4069,#3304,#3305);
#2698=AXIS2_PLACEMENT_3D('',#4070,#3306,#3307);
#2699=AXIS2_PLACEMENT_3D('',#4071,#3308,#3309);
#2700=AXIS2_PLACEMENT_3D('',#4074,#3311,#3312);
#2701=AXIS2_PLACEMENT_3D('',#4075,#3313,#3314);
#2702=AXIS2_PLACEMENT_3D('',#4077,#3315,#3316);
#2703=AXIS2_PLACEMENT_3D('',#4078,#3317,#3318);
#2704=AXIS2_PLACEMENT_3D('',#4081,#3320,#3321);
#2705=AXIS2_PLACEMENT_3D('',#4082,#3322,#3323);
#2706=AXIS2_PLACEMENT_3D('',#4084,#3324,#3325);
#2707=AXIS2_PLACEMENT_3D('',#4085,#3326,#3327);
#2708=AXIS2_PLACEMENT_3D('',#4088,#3329,#3330);
#2709=AXIS2_PLACEMENT_3D('',#4089,#3331,#3332);
#2710=AXIS2_PLACEMENT_3D('',#4091,#3333,#3334);
#2711=AXIS2_PLACEMENT_3D('',#4092,#3335,#3336);
#2712=AXIS2_PLACEMENT_3D('',#4095,#3338,#3339);
#2713=AXIS2_PLACEMENT_3D('',#4096,#3340,#3341);
#2714=AXIS2_PLACEMENT_3D('',#4098,#3342,#3343);
#2715=AXIS2_PLACEMENT_3D('',#4099,#3344,#3345);
#2716=AXIS2_PLACEMENT_3D('',#4102,#3347,#3348);
#2717=AXIS2_PLACEMENT_3D('',#4103,#3349,#3350);
#2718=AXIS2_PLACEMENT_3D('',#4105,#3351,#3352);
#2719=AXIS2_PLACEMENT_3D('',#4106,#3353,#3354);
#2720=AXIS2_PLACEMENT_3D('',#4109,#3356,#3357);
#2721=AXIS2_PLACEMENT_3D('',#4110,#3358,#3359);
#2722=AXIS2_PLACEMENT_3D('',#4112,#3360,#3361);
#2723=AXIS2_PLACEMENT_3D('',#4113,#3362,#3363);
#2724=AXIS2_PLACEMENT_3D('',#4119,#3367,#3368);
#2725=AXIS2_PLACEMENT_3D('',#4122,#3370,#3371);
#2726=AXIS2_PLACEMENT_3D('',#4123,#3372,#3373);
#2727=AXIS2_PLACEMENT_3D('',#4127,#3376,#3377);
#2728=AXIS2_PLACEMENT_3D('',#4130,#3379,#3380);
#2729=AXIS2_PLACEMENT_3D('',#4131,#3381,#3382);
#2730=AXIS2_PLACEMENT_3D('',#4135,#3385,#3386);
#2731=AXIS2_PLACEMENT_3D('',#4138,#3388,#3389);
#2732=AXIS2_PLACEMENT_3D('',#4139,#3390,#3391);
#2733=AXIS2_PLACEMENT_3D('',#4143,#3394,#3395);
#2734=AXIS2_PLACEMENT_3D('',#4146,#3397,#3398);
#2735=AXIS2_PLACEMENT_3D('',#4147,#3399,#3400);
#2736=AXIS2_PLACEMENT_3D('',#4151,#3403,#3404);
#2737=AXIS2_PLACEMENT_3D('',#4154,#3406,#3407);
#2738=AXIS2_PLACEMENT_3D('',#4155,#3408,#3409);
#2739=AXIS2_PLACEMENT_3D('',#4159,#3412,#3413);
#2740=AXIS2_PLACEMENT_3D('',#4162,#3415,#3416);
#2741=AXIS2_PLACEMENT_3D('',#4163,#3417,#3418);
#2742=AXIS2_PLACEMENT_3D('',#4167,#3421,#3422);
#2743=AXIS2_PLACEMENT_3D('',#4170,#3424,#3425);
#2744=AXIS2_PLACEMENT_3D('',#4171,#3426,#3427);
#2745=AXIS2_PLACEMENT_3D('',#4175,#3430,#3431);
#2746=AXIS2_PLACEMENT_3D('',#4176,#3432,#3433);
#2747=AXIS2_PLACEMENT_3D('',#4177,#3434,#3435);
#2748=AXIS2_PLACEMENT_3D('',#4181,#3437,#3438);
#2749=AXIS2_PLACEMENT_3D('',#4183,#3440,#3441);
#2750=AXIS2_PLACEMENT_3D('',#4187,#3444,#3445);
#2751=AXIS2_PLACEMENT_3D('',#4190,#3447,#3448);
#2752=AXIS2_PLACEMENT_3D('',#4191,#3449,#3450);
#2753=AXIS2_PLACEMENT_3D('',#4195,#3453,#3454);
#2754=AXIS2_PLACEMENT_3D('',#4198,#3456,#3457);
#2755=AXIS2_PLACEMENT_3D('',#4199,#3458,#3459);
#2756=AXIS2_PLACEMENT_3D('',#4203,#3462,#3463);
#2757=AXIS2_PLACEMENT_3D('',#4206,#3465,#3466);
#2758=AXIS2_PLACEMENT_3D('',#4207,#3467,#3468);
#2759=AXIS2_PLACEMENT_3D('',#4211,#3471,#3472);
#2760=AXIS2_PLACEMENT_3D('',#4214,#3475,#3476);
#2761=AXIS2_PLACEMENT_3D('',#4216,#3477,#3478);
#2762=AXIS2_PLACEMENT_3D('',#4218,#3480,#3481);
#2763=AXIS2_PLACEMENT_3D('',#4222,#3484,#3485);
#2764=AXIS2_PLACEMENT_3D('',#4224,#3486,#3487);
#2765=AXIS2_PLACEMENT_3D('',#4226,#3489,#3490);
#2766=AXIS2_PLACEMENT_3D('',#4230,#3493,#3494);
#2767=AXIS2_PLACEMENT_3D('',#4232,#3495,#3496);
#2768=AXIS2_PLACEMENT_3D('',#4234,#3498,#3499);
#2769=AXIS2_PLACEMENT_3D('',#4238,#3502,#3503);
#2770=AXIS2_PLACEMENT_3D('',#4240,#3504,#3505);
#2771=AXIS2_PLACEMENT_3D('',#4242,#3507,#3508);
#2772=AXIS2_PLACEMENT_3D('',#4245,#3511,#3512);
#2773=AXIS2_PLACEMENT_3D('',#4247,#3514,#3515);
#2774=AXIS2_PLACEMENT_3D('',#4249,#3517,#3518);
#2775=AXIS2_PLACEMENT_3D('',#4251,#3520,#3521);
#2776=AXIS2_PLACEMENT_3D('',#4253,#3523,#3524);
#2777=AXIS2_PLACEMENT_3D('',#4255,#3526,#3527);
#2778=AXIS2_PLACEMENT_3D('',#4257,#3529,#3530);
#2779=AXIS2_PLACEMENT_3D('',#4258,#3531,#3532);
#2780=AXIS2_PLACEMENT_3D('',#4261,#3535,#3536);
#2781=AXIS2_PLACEMENT_3D('',#4263,#3538,#3539);
#2782=AXIS2_PLACEMENT_3D('',#4265,#3541,#3542);
#2783=AXIS2_PLACEMENT_3D('',#4267,#3544,#3545);
#2784=AXIS2_PLACEMENT_3D('',#4269,#3547,#3548);
#2785=AXIS2_PLACEMENT_3D('',#4271,#3550,#3551);
#2786=AXIS2_PLACEMENT_3D('',#4272,#3552,#3553);
#2787=AXIS2_PLACEMENT_3D('',#4273,#3554,#3555);
#2788=AXIS2_PLACEMENT_3D('',#4275,#3557,#3558);
#2789=AXIS2_PLACEMENT_3D('',#4277,#3560,#3561);
#2790=AXIS2_PLACEMENT_3D('',#4279,#3563,#3564);
#2791=AXIS2_PLACEMENT_3D('',#4281,#3566,#3567);
#2792=AXIS2_PLACEMENT_3D('',#4283,#3569,#3570);
#2793=DIRECTION('axis',(0.,0.,1.));
#2794=DIRECTION('refdir',(1.,0.,0.));
#2795=DIRECTION('center_axis',(0.,1.,0.));
#2796=DIRECTION('ref_axis',(1.,0.,0.));
#2797=DIRECTION('',(-1.,0.,0.));
#2798=DIRECTION('',(0.,0.,-1.));
#2799=DIRECTION('',(1.,0.,0.));
#2800=DIRECTION('',(0.,0.,-1.));
#2801=DIRECTION('center_axis',(-1.,5.16382802151236E-16,0.));
#2802=DIRECTION('ref_axis',(5.16382802151236E-16,1.,0.));
#2803=DIRECTION('',(-5.16382802151236E-16,-1.,0.));
#2804=DIRECTION('',(0.,0.,-1.));
#2805=DIRECTION('',(5.16382802151236E-16,1.,0.));
#2806=DIRECTION('center_axis',(6.45478502689045E-17,-1.,0.));
#2807=DIRECTION('ref_axis',(-1.,-6.45478502689045E-17,0.));
#2808=DIRECTION('',(1.,6.45478502689045E-17,0.));
#2809=DIRECTION('',(0.,0.,-1.));
#2810=DIRECTION('',(-1.,-6.45478502689045E-17,0.));
#2811=DIRECTION('center_axis',(1.,-1.03276560430247E-15,0.));
#2812=DIRECTION('ref_axis',(-1.03276560430247E-15,-1.,0.));
#2813=DIRECTION('',(1.03276560430247E-15,1.,0.));
#2814=DIRECTION('',(-1.03276560430247E-15,-1.,0.));
#2815=DIRECTION('center_axis',(0.,0.,1.));
#2816=DIRECTION('ref_axis',(1.,0.,0.));
#2817=DIRECTION('center_axis',(0.,0.,-1.));
#2818=DIRECTION('ref_axis',(1.,0.,0.));
#2819=DIRECTION('center_axis',(0.,0.,-1.));
#2820=DIRECTION('ref_axis',(-1.,0.,0.));
#2821=DIRECTION('center_axis',(0.,0.,1.));
#2822=DIRECTION('ref_axis',(1.,0.,0.));
#2823=DIRECTION('center_axis',(0.,1.,0.));
#2824=DIRECTION('ref_axis',(1.,0.,0.));
#2825=DIRECTION('',(-1.,0.,0.));
#2826=DIRECTION('',(0.,0.,-1.));
#2827=DIRECTION('',(1.,0.,0.));
#2828=DIRECTION('',(0.,0.,-1.));
#2829=DIRECTION('center_axis',(-1.,1.29095700537809E-16,0.));
#2830=DIRECTION('ref_axis',(1.29095700537809E-16,1.,0.));
#2831=DIRECTION('',(-1.29095700537809E-16,-1.,0.));
#2832=DIRECTION('',(0.,0.,-1.));
#2833=DIRECTION('',(1.29095700537809E-16,1.,0.));
#2834=DIRECTION('center_axis',(5.16382802151236E-16,-1.,0.));
#2835=DIRECTION('ref_axis',(-1.,-5.16382802151236E-16,0.));
#2836=DIRECTION('',(1.,5.16382802151236E-16,0.));
#2837=DIRECTION('',(0.,0.,-1.));
#2838=DIRECTION('',(-1.,-5.16382802151236E-16,0.));
#2839=DIRECTION('center_axis',(1.,-6.45478502689045E-17,0.));
#2840=DIRECTION('ref_axis',(-6.45478502689045E-17,-1.,0.));
#2841=DIRECTION('',(6.45478502689045E-17,1.,0.));
#2842=DIRECTION('',(-6.45478502689045E-17,-1.,0.));
#2843=DIRECTION('center_axis',(0.,0.,1.));
#2844=DIRECTION('ref_axis',(1.,0.,0.));
#2845=DIRECTION('center_axis',(0.,0.,-1.));
#2846=DIRECTION('ref_axis',(1.,0.,0.));
#2847=DIRECTION('center_axis',(0.,0.,-1.));
#2848=DIRECTION('ref_axis',(-1.,0.,0.));
#2849=DIRECTION('center_axis',(0.,0.,1.));
#2850=DIRECTION('ref_axis',(1.,0.,0.));
#2851=DIRECTION('center_axis',(-1.03276560430247E-15,1.,0.));
#2852=DIRECTION('ref_axis',(1.,1.03276560430247E-15,0.));
#2853=DIRECTION('',(-1.,-1.03276560430247E-15,0.));
#2854=DIRECTION('',(0.,0.,-1.));
#2855=DIRECTION('',(1.,1.03276560430247E-15,0.));
#2856=DIRECTION('',(0.,0.,-1.));
#2857=DIRECTION('center_axis',(-1.,2.58191401075618E-16,0.));
#2858=DIRECTION('ref_axis',(2.58191401075618E-16,1.,0.));
#2859=DIRECTION('',(-2.58191401075618E-16,-1.,0.));
#2860=DIRECTION('',(0.,0.,-1.));
#2861=DIRECTION('',(2.58191401075618E-16,1.,0.));
#2862=DIRECTION('center_axis',(2.06553120860494E-15,-1.,0.));
#2863=DIRECTION('ref_axis',(-1.,-2.06553120860494E-15,0.));
#2864=DIRECTION('',(1.,2.06553120860494E-15,0.));
#2865=DIRECTION('',(0.,0.,-1.));
#2866=DIRECTION('',(-1.,-2.06553120860494E-15,0.));
#2867=DIRECTION('center_axis',(1.,0.,0.));
#2868=DIRECTION('ref_axis',(0.,-1.,0.));
#2869=DIRECTION('',(0.,1.,0.));
#2870=DIRECTION('',(0.,-1.,0.));
#2871=DIRECTION('center_axis',(0.,0.,1.));
#2872=DIRECTION('ref_axis',(1.,0.,0.));
#2873=DIRECTION('center_axis',(0.,0.,-1.));
#2874=DIRECTION('ref_axis',(1.,0.,0.));
#2875=DIRECTION('center_axis',(0.,0.,-1.));
#2876=DIRECTION('ref_axis',(-1.,0.,0.));
#2877=DIRECTION('center_axis',(0.,0.,1.));
#2878=DIRECTION('ref_axis',(1.,0.,0.));
#2879=DIRECTION('center_axis',(0.,0.,-1.));
#2880=DIRECTION('ref_axis',(1.,0.,0.));
#2881=DIRECTION('',(0.,0.,-1.));
#2882=DIRECTION('center_axis',(0.,0.,-1.));
#2883=DIRECTION('ref_axis',(1.,0.,0.));
#2884=DIRECTION('center_axis',(0.,0.,-1.));
#2885=DIRECTION('ref_axis',(1.,0.,0.));
#2886=DIRECTION('',(0.,0.,-1.));
#2887=DIRECTION('center_axis',(0.,0.,-1.));
#2888=DIRECTION('ref_axis',(1.,0.,0.));
#2889=DIRECTION('center_axis',(0.,0.,-1.));
#2890=DIRECTION('ref_axis',(1.,0.,0.));
#2891=DIRECTION('',(0.,0.,-1.));
#2892=DIRECTION('center_axis',(0.,0.,-1.));
#2893=DIRECTION('ref_axis',(1.,0.,0.));
#2894=DIRECTION('center_axis',(0.,0.,1.));
#2895=DIRECTION('ref_axis',(-0.707106781186548,-0.707106781186547,0.));
#2896=DIRECTION('center_axis',(0.,0.,1.));
#2897=DIRECTION('ref_axis',(-0.707106781186548,-0.707106781186547,0.));
#2898=DIRECTION('',(0.,0.,1.));
#2899=DIRECTION('center_axis',(0.,0.,1.));
#2900=DIRECTION('ref_axis',(-0.707106781186548,-0.707106781186547,0.));
#2901=DIRECTION('',(0.,0.,-1.));
#2902=DIRECTION('center_axis',(0.,0.,-1.));
#2903=DIRECTION('ref_axis',(-1.,0.,0.));
#2904=DIRECTION('',(1.,5.5511151231258E-16,0.));
#2905=DIRECTION('center_axis',(0.,0.,1.));
#2906=DIRECTION('ref_axis',(0.707106781186548,-0.707106781186547,0.));
#2907=DIRECTION('',(8.06178544852292E-17,1.,0.));
#2908=DIRECTION('center_axis',(0.,0.,-1.));
#2909=DIRECTION('ref_axis',(0.707106781186548,0.707106781186547,0.));
#2910=DIRECTION('',(-1.,2.089831575765E-15,0.));
#2911=DIRECTION('center_axis',(0.,0.,-1.));
#2912=DIRECTION('ref_axis',(-0.707106781186547,0.707106781186549,0.));
#2913=DIRECTION('',(4.62592926927149E-17,-1.,0.));
#2914=DIRECTION('center_axis',(0.,0.,1.));
#2915=DIRECTION('ref_axis',(-0.707106781186548,-0.707106781186547,0.));
#2916=DIRECTION('',(0.,-1.,0.));
#2917=DIRECTION('center_axis',(0.,0.,1.));
#2918=DIRECTION('ref_axis',(-0.707106781186548,0.707106781186547,0.));
#2919=DIRECTION('',(-1.,0.,0.));
#2920=DIRECTION('center_axis',(0.,0.,1.));
#2921=DIRECTION('ref_axis',(0.707106781186548,0.707106781186547,0.));
#2922=DIRECTION('',(0.,1.,0.));
#2923=DIRECTION('center_axis',(0.,0.,1.));
#2924=DIRECTION('ref_axis',(0.707106781186548,-0.707106781186547,0.));
#2925=DIRECTION('',(1.,0.,0.));
#2926=DIRECTION('center_axis',(0.,0.,-1.));
#2927=DIRECTION('ref_axis',(1.,0.,0.));
#2928=DIRECTION('center_axis',(0.,-1.,0.));
#2929=DIRECTION('ref_axis',(0.,0.,-1.));
#2930=DIRECTION('',(-1.,0.,0.));
#2931=DIRECTION('',(0.,0.,1.));
#2932=DIRECTION('center_axis',(0.,0.,1.));
#2933=DIRECTION('ref_axis',(0.707106781186548,-0.707106781186547,0.));
#2934=DIRECTION('center_axis',(0.,0.,1.));
#2935=DIRECTION('ref_axis',(0.707106781186548,-0.707106781186547,0.));
#2936=DIRECTION('',(0.,0.,-1.));
#2937=DIRECTION('center_axis',(1.,-8.06178544852292E-17,0.));
#2938=DIRECTION('ref_axis',(-8.06178544852292E-17,-1.,0.));
#2939=DIRECTION('',(-8.06178544852292E-17,-1.,0.));
#2940=DIRECTION('',(0.,0.,-1.));
#2941=DIRECTION('',(-8.06178544852292E-17,-1.,0.));
#2942=DIRECTION('',(0.,0.,1.));
#2943=DIRECTION('center_axis',(-1.,-4.62592926927149E-17,0.));
#2944=DIRECTION('ref_axis',(-4.62592926927149E-17,1.,0.));
#2945=DIRECTION('',(0.,0.,-1.));
#2946=DIRECTION('',(-4.62592926927149E-17,1.,0.));
#2947=DIRECTION('',(0.,0.,1.));
#2948=DIRECTION('',(4.62592926927149E-17,-1.,0.));
#2949=DIRECTION('',(0.,0.,-1.));
#2950=DIRECTION('',(-4.62592926927149E-17,1.,0.));
#2951=DIRECTION('center_axis',(0.,0.,1.));
#2952=DIRECTION('ref_axis',(1.,0.,0.));
#2953=DIRECTION('center_axis',(0.,0.,1.));
#2954=DIRECTION('ref_axis',(1.,0.,0.));
#2955=DIRECTION('',(0.,0.,1.));
#2956=DIRECTION('center_axis',(0.,0.,-1.));
#2957=DIRECTION('ref_axis',(1.,0.,0.));
#2958=DIRECTION('',(0.,0.,1.));
#2959=DIRECTION('center_axis',(-0.707106781186547,-0.707106781186548,0.));
#2960=DIRECTION('ref_axis',(0.707106781186548,-0.707106781186547,0.));
#2961=DIRECTION('',(0.707106781186548,-0.707106781186547,0.));
#2962=DIRECTION('',(-0.707106781186548,0.707106781186547,0.));
#2963=DIRECTION('',(0.,0.,1.));
#2964=DIRECTION('center_axis',(0.,0.,1.));
#2965=DIRECTION('ref_axis',(-0.70710678118655,-0.707106781186545,0.));
#2966=DIRECTION('center_axis',(0.,0.,1.));
#2967=DIRECTION('ref_axis',(-0.70710678118655,-0.707106781186545,0.));
#2968=DIRECTION('center_axis',(0.,0.,-1.));
#2969=DIRECTION('ref_axis',(-0.70710678118655,-0.707106781186545,0.));
#2970=DIRECTION('',(0.,0.,1.));
#2971=DIRECTION('center_axis',(-1.,-9.83465277719134E-16,0.));
#2972=DIRECTION('ref_axis',(9.83465277719134E-16,-1.,0.));
#2973=DIRECTION('',(9.83465277719134E-16,-1.,0.));
#2974=DIRECTION('',(-9.83465277719134E-16,1.,0.));
#2975=DIRECTION('',(0.,0.,1.));
#2976=DIRECTION('center_axis',(0.,0.,1.));
#2977=DIRECTION('ref_axis',(-1.,0.,0.));
#2978=DIRECTION('center_axis',(0.,0.,1.));
#2979=DIRECTION('ref_axis',(-1.,0.,0.));
#2980=DIRECTION('center_axis',(0.,0.,-1.));
#2981=DIRECTION('ref_axis',(-1.,0.,0.));
#2982=DIRECTION('',(0.,0.,1.));
#2983=DIRECTION('center_axis',(0.707106781186548,0.707106781186547,0.));
#2984=DIRECTION('ref_axis',(-0.707106781186547,0.707106781186548,0.));
#2985=DIRECTION('',(-0.707106781186547,0.707106781186548,0.));
#2986=DIRECTION('',(0.707106781186547,-0.707106781186548,0.));
#2987=DIRECTION('',(0.,0.,1.));
#2988=DIRECTION('center_axis',(0.,0.,1.));
#2989=DIRECTION('ref_axis',(0.70710678118655,0.707106781186545,0.));
#2990=DIRECTION('center_axis',(0.,0.,1.));
#2991=DIRECTION('ref_axis',(0.70710678118655,0.707106781186545,0.));
#2992=DIRECTION('center_axis',(0.,0.,-1.));
#2993=DIRECTION('ref_axis',(0.70710678118655,0.707106781186545,0.));
#2994=DIRECTION('',(0.,0.,1.));
#2995=DIRECTION('center_axis',(1.,4.37095678986282E-16,0.));
#2996=DIRECTION('ref_axis',(-4.37095678986282E-16,1.,0.));
#2997=DIRECTION('',(-4.37095678986282E-16,1.,0.));
#2998=DIRECTION('',(4.37095678986282E-16,-1.,0.));
#2999=DIRECTION('center_axis',(0.,0.,1.));
#3000=DIRECTION('ref_axis',(1.,0.,0.));
#3001=DIRECTION('center_axis',(0.,-1.,0.));
#3002=DIRECTION('ref_axis',(1.,0.,0.));
#3003=DIRECTION('center_axis',(-1.,-2.77555756156289E-16,0.));
#3004=DIRECTION('ref_axis',(0.,0.,1.));
#3005=DIRECTION('center_axis',(0.,0.,-1.));
#3006=DIRECTION('ref_axis',(-0.707106781186548,-0.707106781186547,0.));
#3007=DIRECTION('center_axis',(1.,0.,0.));
#3008=DIRECTION('ref_axis',(0.,0.707106781186548,0.707106781186547));
#3009=DIRECTION('center_axis',(-1.,0.,0.));
#3010=DIRECTION('ref_axis',(0.,0.,1.));
#3011=DIRECTION('',(-1.,0.,0.));
#3012=DIRECTION('center_axis',(0.,0.,1.));
#3013=DIRECTION('ref_axis',(1.,0.,0.));
#3014=DIRECTION('center_axis',(0.,-1.,0.));
#3015=DIRECTION('ref_axis',(0.,0.,1.));
#3016=DIRECTION('center_axis',(0.,0.,-1.));
#3017=DIRECTION('ref_axis',(0.707106781186548,-0.707106781186547,0.));
#3018=DIRECTION('center_axis',(0.,1.,0.));
#3019=DIRECTION('ref_axis',(-0.707106781186548,0.,0.707106781186547));
#3020=DIRECTION('center_axis',(0.,-1.,0.));
#3021=DIRECTION('ref_axis',(0.,0.,1.));
#3022=DIRECTION('',(0.,-1.,0.));
#3023=DIRECTION('center_axis',(0.,0.,1.));
#3024=DIRECTION('ref_axis',(1.,0.,0.));
#3025=DIRECTION('center_axis',(1.,0.,0.));
#3026=DIRECTION('ref_axis',(0.,0.,1.));
#3027=DIRECTION('center_axis',(0.,0.,-1.));
#3028=DIRECTION('ref_axis',(0.707106781186548,0.707106781186547,0.));
#3029=DIRECTION('center_axis',(1.,0.,0.));
#3030=DIRECTION('ref_axis',(0.,-0.707106781186548,0.707106781186547));
#3031=DIRECTION('center_axis',(1.,-5.55111512312578E-16,0.));
#3032=DIRECTION('ref_axis',(0.,0.,1.));
#3033=DIRECTION('',(1.,0.,0.));
#3034=DIRECTION('center_axis',(0.,0.,1.));
#3035=DIRECTION('ref_axis',(1.,0.,0.));
#3036=DIRECTION('center_axis',(1.11022302462516E-15,1.,0.));
#3037=DIRECTION('ref_axis',(0.,0.,1.));
#3038=DIRECTION('center_axis',(0.,0.,-1.));
#3039=DIRECTION('ref_axis',(-0.707106781186548,0.707106781186547,0.));
#3040=DIRECTION('center_axis',(0.,-1.,0.));
#3041=DIRECTION('ref_axis',(0.707106781186548,0.,0.707106781186547));
#3042=DIRECTION('',(0.,1.,0.));
#3043=DIRECTION('center_axis',(0.,1.,0.));
#3044=DIRECTION('ref_axis',(1.,0.,0.));
#3045=DIRECTION('',(0.,0.,1.));
#3046=DIRECTION('',(-1.,0.,0.));
#3047=DIRECTION('',(0.,0.,-1.));
#3048=DIRECTION('center_axis',(0.,0.,-1.));
#3049=DIRECTION('ref_axis',(-0.707106781186547,0.707106781186547,0.));
#3050=DIRECTION('',(0.,0.,-1.));
#3051=DIRECTION('center_axis',(0.,0.,1.));
#3052=DIRECTION('ref_axis',(-0.707106781186548,0.707106781186547,0.));
#3053=DIRECTION('center_axis',(1.,0.,0.));
#3054=DIRECTION('ref_axis',(0.,0.,-1.));
#3055=DIRECTION('',(0.,0.,1.));
#3056=DIRECTION('',(0.,-1.,0.));
#3057=DIRECTION('center_axis',(0.,0.,1.));
#3058=DIRECTION('ref_axis',(-0.707106781186547,-0.707106781186547,0.));
#3059=DIRECTION('',(0.,0.,-1.));
#3060=DIRECTION('center_axis',(0.,0.,1.));
#3061=DIRECTION('ref_axis',(-0.707106781186548,-0.707106781186547,0.));
#3062=DIRECTION('center_axis',(0.,0.,-1.));
#3063=DIRECTION('ref_axis',(-1.,0.,0.));
#3064=DIRECTION('center_axis',(1.11022302462516E-15,1.,0.));
#3065=DIRECTION('ref_axis',(1.,-1.11022302462516E-15,0.));
#3066=DIRECTION('center_axis',(0.,0.,-1.));
#3067=DIRECTION('ref_axis',(-0.707106781186548,0.707106781186547,0.));
#3068=DIRECTION('center_axis',(-1.,2.77555756156289E-16,0.));
#3069=DIRECTION('ref_axis',(0.,0.,-1.));
#3070=DIRECTION('center_axis',(-1.,0.,0.));
#3071=DIRECTION('ref_axis',(0.,-0.707106781186548,-0.707106781186547));
#3072=DIRECTION('center_axis',(-1.,0.,0.));
#3073=DIRECTION('ref_axis',(0.,0.,-1.));
#3074=DIRECTION('',(1.,0.,0.));
#3075=DIRECTION('center_axis',(0.,0.,-1.));
#3076=DIRECTION('ref_axis',(-1.,0.,0.));
#3077=DIRECTION('center_axis',(-1.11022302462516E-15,1.,0.));
#3078=DIRECTION('ref_axis',(0.,0.,-1.));
#3079=DIRECTION('center_axis',(0.,0.,1.));
#3080=DIRECTION('ref_axis',(0.707106781186548,0.707106781186547,0.));
#3081=DIRECTION('center_axis',(0.,0.,-1.));
#3082=DIRECTION('ref_axis',(0.707106781186548,0.707106781186547,0.));
#3083=DIRECTION('center_axis',(0.,-1.,0.));
#3084=DIRECTION('ref_axis',(-0.707106781186547,0.,-0.707106781186548));
#3085=DIRECTION('center_axis',(0.,1.,0.));
#3086=DIRECTION('ref_axis',(0.,0.,-1.));
#3087=DIRECTION('',(0.,1.,0.));
#3088=DIRECTION('',(0.,-1.,0.));
#3089=DIRECTION('center_axis',(0.,0.,-1.));
#3090=DIRECTION('ref_axis',(-1.,0.,0.));
#3091=DIRECTION('center_axis',(1.,0.,0.));
#3092=DIRECTION('ref_axis',(0.,0.,-1.));
#3093=DIRECTION('center_axis',(0.,0.,1.));
#3094=DIRECTION('ref_axis',(0.707106781186548,-0.707106781186547,0.));
#3095=DIRECTION('center_axis',(0.,0.,-1.));
#3096=DIRECTION('ref_axis',(0.707106781186548,-0.707106781186547,0.));
#3097=DIRECTION('center_axis',(1.,0.,0.));
#3098=DIRECTION('ref_axis',(0.,0.707106781186548,-0.707106781186547));
#3099=DIRECTION('center_axis',(1.,-1.11022302462516E-15,0.));
#3100=DIRECTION('ref_axis',(0.,0.,-1.));
#3101=DIRECTION('',(1.,0.,0.));
#3102=DIRECTION('',(-1.,0.,0.));
#3103=DIRECTION('center_axis',(0.,0.,-1.));
#3104=DIRECTION('ref_axis',(-1.,0.,0.));
#3105=DIRECTION('center_axis',(0.,-1.,0.));
#3106=DIRECTION('ref_axis',(0.,0.,-1.));
#3107=DIRECTION('center_axis',(0.,0.,-1.));
#3108=DIRECTION('ref_axis',(-0.707106781186548,-0.707106781186547,0.));
#3109=DIRECTION('center_axis',(0.,1.,0.));
#3110=DIRECTION('ref_axis',(0.707106781186548,0.,-0.707106781186547));
#3111=DIRECTION('',(0.,1.,0.));
#3112=DIRECTION('center_axis',(0.,-1.,0.));
#3113=DIRECTION('ref_axis',(-1.,0.,0.));
#3114=DIRECTION('',(0.,0.,1.));
#3115=DIRECTION('center_axis',(0.,0.,1.));
#3116=DIRECTION('ref_axis',(1.,0.,0.));
#3117=DIRECTION('',(-1.,-7.69652010138757E-17,0.));
#3118=DIRECTION('center_axis',(0.,0.,1.));
#3119=DIRECTION('ref_axis',(0.707106781186548,0.707106781186548,0.));
#3120=DIRECTION('',(0.,1.,0.));
#3121=DIRECTION('center_axis',(0.,0.,-1.));
#3122=DIRECTION('ref_axis',(-0.707106781186547,-0.707106781186548,0.));
#3123=DIRECTION('',(-1.,-3.75639369234074E-16,0.));
#3124=DIRECTION('center_axis',(0.,0.,1.));
#3125=DIRECTION('ref_axis',(0.70710678118655,0.707106781186545,0.));
#3126=DIRECTION('',(4.44089209850062E-15,1.,0.));
#3127=DIRECTION('center_axis',(0.,0.,1.));
#3128=DIRECTION('ref_axis',(0.707106781186546,-0.707106781186549,0.));
#3129=DIRECTION('',(1.,-1.09741979369867E-16,0.));
#3130=DIRECTION('center_axis',(0.,0.,-1.));
#3131=DIRECTION('ref_axis',(-0.707106781186548,0.707106781186547,0.));
#3132=DIRECTION('',(-1.67791892890452E-16,1.,0.));
#3133=DIRECTION('center_axis',(0.,0.,1.));
#3134=DIRECTION('ref_axis',(0.707106781186547,-0.707106781186548,0.));
#3135=DIRECTION('',(1.,1.48029736616688E-15,0.));
#3136=DIRECTION('center_axis',(0.,0.,1.));
#3137=DIRECTION('ref_axis',(-0.707106781186548,-0.707106781186548,0.));
#3138=DIRECTION('',(-1.53930402027751E-16,-1.,0.));
#3139=DIRECTION('center_axis',(0.,0.,1.));
#3140=DIRECTION('ref_axis',(-0.707106781186548,0.707106781186547,0.));
#3141=DIRECTION('center_axis',(0.,0.,-1.));
#3142=DIRECTION('ref_axis',(1.,0.,0.));
#3143=DIRECTION('center_axis',(0.,0.,-1.));
#3144=DIRECTION('ref_axis',(1.,0.,0.));
#3145=DIRECTION('center_axis',(0.,0.,-1.));
#3146=DIRECTION('ref_axis',(1.,0.,0.));
#3147=DIRECTION('center_axis',(0.,0.,1.));
#3148=DIRECTION('ref_axis',(-1.,0.,0.));
#3149=DIRECTION('center_axis',(0.,0.,1.));
#3150=DIRECTION('ref_axis',(-1.,0.,0.));
#3151=DIRECTION('center_axis',(0.,0.,1.));
#3152=DIRECTION('ref_axis',(-1.,0.,0.));
#3153=DIRECTION('center_axis',(0.,0.,1.));
#3154=DIRECTION('ref_axis',(0.707106781186547,0.707106781186547,0.));
#3155=DIRECTION('',(0.,0.,1.));
#3156=DIRECTION('center_axis',(-1.,0.,0.));
#3157=DIRECTION('ref_axis',(0.,0.,1.));
#3158=DIRECTION('',(0.,0.,-1.));
#3159=DIRECTION('center_axis',(0.,0.,-1.));
#3160=DIRECTION('ref_axis',(0.707106781186547,-0.707106781186547,0.));
#3161=DIRECTION('center_axis',(0.,0.,1.));
#3162=DIRECTION('ref_axis',(1.,0.,0.));
#3163=DIRECTION('center_axis',(0.,0.,1.));
#3164=DIRECTION('ref_axis',(-8.81310754037307E-7,0.999999999999612,0.));
#3165=DIRECTION('center_axis',(0.,0.,-1.));
#3166=DIRECTION('ref_axis',(-0.707106781186547,-0.707106781186548,0.));
#3167=DIRECTION('center_axis',(0.,0.,1.));
#3168=DIRECTION('ref_axis',(-8.81310754037307E-7,0.999999999999612,0.));
#3169=DIRECTION('center_axis',(0.,0.,-1.));
#3170=DIRECTION('ref_axis',(-8.81310754037307E-7,0.999999999999612,0.));
#3171=DIRECTION('',(0.,0.,1.));
#3172=DIRECTION('center_axis',(0.,0.,-1.));
#3173=DIRECTION('ref_axis',(-0.707106781186547,-0.707106781186548,0.));
#3174=DIRECTION('',(0.,0.,1.));
#3175=DIRECTION('center_axis',(0.,0.,-1.));
#3176=DIRECTION('ref_axis',(-0.707106781186547,-0.707106781186548,0.));
#3177=DIRECTION('center_axis',(0.,0.,-1.));
#3178=DIRECTION('ref_axis',(-1.,0.,0.));
#3179=DIRECTION('center_axis',(0.,0.,-1.));
#3180=DIRECTION('ref_axis',(-0.707106781186547,-0.707106781186548,0.));
#3181=DIRECTION('',(1.,1.04491578788251E-15,0.));
#3182=DIRECTION('center_axis',(0.,0.,-1.));
#3183=DIRECTION('ref_axis',(0.707106781186548,-0.707106781186547,0.));
#3184=DIRECTION('',(8.06178544852292E-17,1.,0.));
#3185=DIRECTION('center_axis',(0.,0.,1.));
#3186=DIRECTION('ref_axis',(-0.707106781186547,0.707106781186547,0.));
#3187=DIRECTION('',(1.,0.,0.));
#3188=DIRECTION('center_axis',(0.,0.,-1.));
#3189=DIRECTION('ref_axis',(0.707106781186548,-0.707106781186547,0.));
#3190=DIRECTION('',(0.,1.,0.));
#3191=DIRECTION('center_axis',(0.,0.,-1.));
#3192=DIRECTION('ref_axis',(0.707106781186548,0.707106781186547,0.));
#3193=DIRECTION('',(-1.,0.,0.));
#3194=DIRECTION('center_axis',(0.,0.,-1.));
#3195=DIRECTION('ref_axis',(1.,0.,0.));
#3196=DIRECTION('center_axis',(0.,0.,-1.));
#3197=DIRECTION('ref_axis',(1.,0.,0.));
#3198=DIRECTION('center_axis',(0.,0.,-1.));
#3199=DIRECTION('ref_axis',(1.,0.,0.));
#3200=DIRECTION('',(0.,0.,-1.));
#3201=DIRECTION('center_axis',(0.,0.,-1.));
#3202=DIRECTION('ref_axis',(1.,0.,0.));
#3203=DIRECTION('center_axis',(0.,0.,-1.));
#3204=DIRECTION('ref_axis',(1.,0.,0.));
#3205=DIRECTION('',(0.,0.,-1.));
#3206=DIRECTION('center_axis',(0.,0.,-1.));
#3207=DIRECTION('ref_axis',(1.,0.,0.));
#3208=DIRECTION('center_axis',(0.,0.,-1.));
#3209=DIRECTION('ref_axis',(1.,0.,0.));
#3210=DIRECTION('',(0.,0.,-1.));
#3211=DIRECTION('center_axis',(0.,0.,-1.));
#3212=DIRECTION('ref_axis',(1.,0.,0.));
#3213=DIRECTION('center_axis',(0.,0.,-1.));
#3214=DIRECTION('ref_axis',(-0.707106781186547,0.707106781186547,0.));
#3215=DIRECTION('center_axis',(0.,0.,-1.));
#3216=DIRECTION('ref_axis',(-0.707106781186547,0.707106781186547,0.));
#3217=DIRECTION('',(0.,0.,-1.));
#3218=DIRECTION('',(0.,0.,1.));
#3219=DIRECTION('center_axis',(0.,-1.,0.));
#3220=DIRECTION('ref_axis',(-1.,0.,0.));
#3221=DIRECTION('',(-1.,0.,0.));
#3222=DIRECTION('',(0.,0.,1.));
#3223=DIRECTION('center_axis',(0.,0.,1.));
#3224=DIRECTION('ref_axis',(1.,0.,0.));
#3225=DIRECTION('',(1.,7.69652010138757E-17,0.));
#3226=DIRECTION('center_axis',(0.,0.,-1.));
#3227=DIRECTION('ref_axis',(-0.707106781186548,0.707106781186547,0.));
#3228=DIRECTION('',(1.53930402027751E-16,1.,0.));
#3229=DIRECTION('center_axis',(0.,0.,-1.));
#3230=DIRECTION('ref_axis',(-0.707106781186548,-0.707106781186548,0.));
#3231=DIRECTION('',(-1.,-1.48029736616688E-15,0.));
#3232=DIRECTION('center_axis',(0.,0.,-1.));
#3233=DIRECTION('ref_axis',(0.707106781186547,-0.707106781186548,0.));
#3234=DIRECTION('',(1.67791892890452E-16,-1.,0.));
#3235=DIRECTION('center_axis',(0.,0.,1.));
#3236=DIRECTION('ref_axis',(-0.707106781186548,0.707106781186547,0.));
#3237=DIRECTION('',(-1.,1.09741979369867E-16,0.));
#3238=DIRECTION('center_axis',(0.,0.,-1.));
#3239=DIRECTION('ref_axis',(0.707106781186546,-0.707106781186549,0.));
#3240=DIRECTION('',(-4.44089209850062E-15,-1.,0.));
#3241=DIRECTION('center_axis',(0.,0.,-1.));
#3242=DIRECTION('ref_axis',(0.70710678118655,0.707106781186545,0.));
#3243=DIRECTION('',(1.,3.75639369234074E-16,0.));
#3244=DIRECTION('center_axis',(0.,0.,1.));
#3245=DIRECTION('ref_axis',(-0.707106781186547,-0.707106781186548,0.));
#3246=DIRECTION('',(0.,-1.,0.));
#3247=DIRECTION('center_axis',(0.,0.,-1.));
#3248=DIRECTION('ref_axis',(0.707106781186548,0.707106781186548,0.));
#3249=DIRECTION('',(-8.06178544852292E-17,-1.,0.));
#3250=DIRECTION('center_axis',(0.,0.,1.));
#3251=DIRECTION('ref_axis',(0.707106781186548,-0.707106781186547,0.));
#3252=DIRECTION('',(-1.,-1.04491578788251E-15,0.));
#3253=DIRECTION('center_axis',(0.,0.,1.));
#3254=DIRECTION('ref_axis',(-0.707106781186547,-0.707106781186548,0.));
#3255=DIRECTION('center_axis',(0.,0.,1.));
#3256=DIRECTION('ref_axis',(-0.707106781186547,0.707106781186549,0.));
#3257=DIRECTION('',(1.,-2.089831575765E-15,0.));
#3258=DIRECTION('center_axis',(0.,0.,1.));
#3259=DIRECTION('ref_axis',(0.707106781186548,0.707106781186547,0.));
#3260=DIRECTION('',(1.,0.,0.));
#3261=DIRECTION('center_axis',(0.,0.,1.));
#3262=DIRECTION('ref_axis',(0.707106781186548,0.707106781186547,0.));
#3263=DIRECTION('',(0.,-1.,0.));
#3264=DIRECTION('center_axis',(0.,0.,1.));
#3265=DIRECTION('ref_axis',(0.707106781186548,-0.707106781186547,0.));
#3266=DIRECTION('center_axis',(0.,0.,-1.));
#3267=DIRECTION('ref_axis',(1.,0.,0.));
#3268=DIRECTION('center_axis',(0.,0.,-1.));
#3269=DIRECTION('ref_axis',(1.,0.,0.));
#3270=DIRECTION('center_axis',(0.,0.,-1.));
#3271=DIRECTION('ref_axis',(1.,0.,0.));
#3272=DIRECTION('center_axis',(0.,0.,-1.));
#3273=DIRECTION('ref_axis',(1.,0.,0.));
#3274=DIRECTION('center_axis',(0.,0.,-1.));
#3275=DIRECTION('ref_axis',(1.,0.,0.));
#3276=DIRECTION('center_axis',(0.,0.,-1.));
#3277=DIRECTION('ref_axis',(1.,0.,0.));
#3278=DIRECTION('center_axis',(0.,1.,0.));
#3279=DIRECTION('ref_axis',(1.,0.,0.));
#3280=DIRECTION('',(0.,0.,-1.));
#3281=DIRECTION('center_axis',(0.,0.,-1.));
#3282=DIRECTION('ref_axis',(0.707106781186548,-0.707106781186547,0.));
#3283=DIRECTION('',(0.,0.,-1.));
#3284=DIRECTION('center_axis',(1.,0.,0.));
#3285=DIRECTION('ref_axis',(0.,-1.,0.));
#3286=DIRECTION('',(0.,0.,1.));
#3287=DIRECTION('center_axis',(0.,0.,-1.));
#3288=DIRECTION('ref_axis',(0.707106781186548,0.707106781186547,0.));
#3289=DIRECTION('center_axis',(0.,0.,-1.));
#3290=DIRECTION('ref_axis',(-0.707106781186547,-0.707106781186548,0.));
#3291=DIRECTION('',(0.,0.,-1.));
#3292=DIRECTION('center_axis',(0.,0.,-1.));
#3293=DIRECTION('ref_axis',(0.707106781186548,-0.707106781186547,0.));
#3294=DIRECTION('',(0.,0.,1.));
#3295=DIRECTION('',(0.,0.,-1.));
#3296=DIRECTION('center_axis',(1.,-8.06178544852292E-17,0.));
#3297=DIRECTION('ref_axis',(-8.06178544852292E-17,-1.,0.));
#3298=DIRECTION('center_axis',(0.,0.,-1.));
#3299=DIRECTION('ref_axis',(0.707106781186548,0.707106781186547,0.));
#3300=DIRECTION('',(0.,0.,-1.));
#3301=DIRECTION('center_axis',(2.089831575765E-15,1.,0.));
#3302=DIRECTION('ref_axis',(1.,-2.089831575765E-15,0.));
#3303=DIRECTION('',(0.,0.,1.));
#3304=DIRECTION('center_axis',(0.,0.,-1.));
#3305=DIRECTION('ref_axis',(-0.707106781186547,0.707106781186549,0.));
#3306=DIRECTION('center_axis',(1.04491578788251E-15,-1.,0.));
#3307=DIRECTION('ref_axis',(-1.,-1.04491578788251E-15,0.));
#3308=DIRECTION('center_axis',(0.,0.,1.));
#3309=DIRECTION('ref_axis',(-1.,0.,0.));
#3310=DIRECTION('',(0.,0.,1.));
#3311=DIRECTION('center_axis',(0.,0.,-1.));
#3312=DIRECTION('ref_axis',(-1.,0.,0.));
#3313=DIRECTION('center_axis',(0.,0.,-1.));
#3314=DIRECTION('ref_axis',(-1.,0.,0.));
#3315=DIRECTION('center_axis',(0.,0.,1.));
#3316=DIRECTION('ref_axis',(1.,0.,0.));
#3317=DIRECTION('center_axis',(0.,0.,1.));
#3318=DIRECTION('ref_axis',(-1.,0.,0.));
#3319=DIRECTION('',(0.,0.,1.));
#3320=DIRECTION('center_axis',(0.,0.,-1.));
#3321=DIRECTION('ref_axis',(-1.,0.,0.));
#3322=DIRECTION('center_axis',(0.,0.,-1.));
#3323=DIRECTION('ref_axis',(-1.,0.,0.));
#3324=DIRECTION('center_axis',(0.,0.,1.));
#3325=DIRECTION('ref_axis',(1.,0.,0.));
#3326=DIRECTION('center_axis',(0.,0.,1.));
#3327=DIRECTION('ref_axis',(-1.,0.,0.));
#3328=DIRECTION('',(0.,0.,1.));
#3329=DIRECTION('center_axis',(0.,0.,-1.));
#3330=DIRECTION('ref_axis',(-1.,0.,0.));
#3331=DIRECTION('center_axis',(0.,0.,-1.));
#3332=DIRECTION('ref_axis',(-1.,0.,0.));
#3333=DIRECTION('center_axis',(0.,0.,1.));
#3334=DIRECTION('ref_axis',(1.,0.,0.));
#3335=DIRECTION('center_axis',(0.,0.,-1.));
#3336=DIRECTION('ref_axis',(1.,0.,0.));
#3337=DIRECTION('',(0.,0.,-1.));
#3338=DIRECTION('center_axis',(0.,0.,-1.));
#3339=DIRECTION('ref_axis',(1.,0.,0.));
#3340=DIRECTION('center_axis',(0.,0.,1.));
#3341=DIRECTION('ref_axis',(1.,0.,0.));
#3342=DIRECTION('center_axis',(0.,0.,1.));
#3343=DIRECTION('ref_axis',(1.,0.,0.));
#3344=DIRECTION('center_axis',(0.,0.,-1.));
#3345=DIRECTION('ref_axis',(1.,0.,0.));
#3346=DIRECTION('',(0.,0.,-1.));
#3347=DIRECTION('center_axis',(0.,0.,-1.));
#3348=DIRECTION('ref_axis',(1.,0.,0.));
#3349=DIRECTION('center_axis',(0.,0.,1.));
#3350=DIRECTION('ref_axis',(1.,0.,0.));
#3351=DIRECTION('center_axis',(0.,0.,1.));
#3352=DIRECTION('ref_axis',(1.,0.,0.));
#3353=DIRECTION('center_axis',(0.,0.,-1.));
#3354=DIRECTION('ref_axis',(1.,0.,0.));
#3355=DIRECTION('',(0.,0.,-1.));
#3356=DIRECTION('center_axis',(0.,0.,-1.));
#3357=DIRECTION('ref_axis',(1.,0.,0.));
#3358=DIRECTION('center_axis',(0.,0.,1.));
#3359=DIRECTION('ref_axis',(1.,0.,0.));
#3360=DIRECTION('center_axis',(0.,0.,1.));
#3361=DIRECTION('ref_axis',(1.,0.,0.));
#3362=DIRECTION('center_axis',(-5.44226155522972E-17,0.707106781186547,
-0.707106781186548));
#3363=DIRECTION('ref_axis',(-1.,0.,7.69652010138756E-17));
#3364=DIRECTION('',(0.,0.707106781186548,0.707106781186547));
#3365=DIRECTION('',(1.,7.69652010138757E-17,0.));
#3366=DIRECTION('',(0.,-0.707106781186548,-0.707106781186547));
#3367=DIRECTION('center_axis',(0.,0.,1.));
#3368=DIRECTION('ref_axis',(-0.707106781186548,0.707106781186547,0.));
#3369=DIRECTION('',(-0.707106781186549,0.,0.707106781186546));
#3370=DIRECTION('center_axis',(0.,0.,-1.));
#3371=DIRECTION('ref_axis',(-0.707106781186548,0.707106781186547,0.));
#3372=DIRECTION('center_axis',(-0.707106781186547,1.08845231104594E-16,
-0.707106781186548));
#3373=DIRECTION('ref_axis',(-0.707106781186548,0.,0.707106781186547));
#3374=DIRECTION('',(-0.707106781186548,0.,0.707106781186547));
#3375=DIRECTION('',(1.53930402027751E-16,1.,0.));
#3376=DIRECTION('center_axis',(0.,0.,1.));
#3377=DIRECTION('ref_axis',(-0.707106781186547,-0.707106781186547,0.));
#3378=DIRECTION('',(0.,-0.707106781186546,0.707106781186549));
#3379=DIRECTION('center_axis',(0.,0.,-1.));
#3380=DIRECTION('ref_axis',(-0.707106781186548,-0.707106781186548,0.));
#3381=DIRECTION('center_axis',(1.04672830578919E-15,-0.707106781186549,
-0.707106781186546));
#3382=DIRECTION('ref_axis',(-1.,0.,-1.48029736616688E-15));
#3383=DIRECTION('',(0.,-0.707106781186543,0.707106781186552));
#3384=DIRECTION('',(-1.,-1.48029736616688E-15,0.));
#3385=DIRECTION('center_axis',(0.,0.,1.));
#3386=DIRECTION('ref_axis',(0.707106781186547,-0.707106781186548,0.));
#3387=DIRECTION('',(0.707106781186548,0.,0.707106781186547));
#3388=DIRECTION('center_axis',(0.,0.,-1.));
#3389=DIRECTION('ref_axis',(0.707106781186547,-0.707106781186548,0.));
#3390=DIRECTION('center_axis',(0.707106781186547,1.18646785290965E-16,-0.707106781186548));
#3391=DIRECTION('ref_axis',(-0.707106781186548,0.,-0.707106781186547));
#3392=DIRECTION('',(0.707106781186548,0.,0.707106781186547));
#3393=DIRECTION('',(1.67791892890452E-16,-1.,0.));
#3394=DIRECTION('center_axis',(0.,0.,-1.));
#3395=DIRECTION('ref_axis',(-0.707106781186548,0.707106781186547,0.));
#3396=DIRECTION('',(7.85046229341889E-16,-0.707106781186546,0.707106781186549));
#3397=DIRECTION('center_axis',(0.,0.,1.));
#3398=DIRECTION('ref_axis',(-0.707106781186548,0.707106781186547,0.));
#3399=DIRECTION('center_axis',(-7.75992977932672E-17,-0.707106781186547,
-0.707106781186548));
#3400=DIRECTION('ref_axis',(-1.,0.,1.09741979369867E-16));
#3401=DIRECTION('',(0.,-0.707106781186548,0.707106781186547));
#3402=DIRECTION('',(-1.,1.09741979369867E-16,0.));
#3403=DIRECTION('center_axis',(0.,0.,1.));
#3404=DIRECTION('ref_axis',(0.707106781186546,-0.707106781186549,0.));
#3405=DIRECTION('',(0.707106781186549,-6.28036983473508E-15,0.707106781186546));
#3406=DIRECTION('center_axis',(0.,0.,-1.));
#3407=DIRECTION('ref_axis',(0.707106781186546,-0.707106781186549,0.));
#3408=DIRECTION('center_axis',(0.707106781186549,-3.14018491736755E-15,
-0.707106781186546));
#3409=DIRECTION('ref_axis',(-0.707106781186546,0.,-0.707106781186549));
#3410=DIRECTION('',(0.707106781186546,-3.14018491736756E-15,0.707106781186549));
#3411=DIRECTION('',(-4.44089209850062E-15,-1.,0.));
#3412=DIRECTION('center_axis',(0.,0.,1.));
#3413=DIRECTION('ref_axis',(0.70710678118655,0.707106781186545,0.));
#3414=DIRECTION('',(0.,0.707106781186546,0.707106781186549));
#3415=DIRECTION('center_axis',(0.,0.,-1.));
#3416=DIRECTION('ref_axis',(0.70710678118655,0.707106781186545,0.));
#3417=DIRECTION('center_axis',(-2.65617145266051E-16,0.707106781186547,
-0.707106781186548));
#3418=DIRECTION('ref_axis',(-1.,0.,3.75639369234074E-16));
#3419=DIRECTION('',(0.,0.707106781186548,0.707106781186547));
#3420=DIRECTION('',(1.,3.75639369234074E-16,0.));
#3421=DIRECTION('center_axis',(0.,0.,-1.));
#3422=DIRECTION('ref_axis',(-0.707106781186547,-0.707106781186548,0.));
#3423=DIRECTION('',(0.707106781186546,3.92523114670944E-16,0.707106781186549));
#3424=DIRECTION('center_axis',(0.,0.,1.));
#3425=DIRECTION('ref_axis',(-0.707106781186547,-0.707106781186548,0.));
#3426=DIRECTION('center_axis',(0.707106781186549,0.,-0.707106781186546));
#3427=DIRECTION('ref_axis',(-0.707106781186546,0.,-0.707106781186549));
#3428=DIRECTION('',(0.707106781186546,0.,0.707106781186549));
#3429=DIRECTION('',(0.,-1.,0.));
#3430=DIRECTION('center_axis',(0.,0.,1.));
#3431=DIRECTION('ref_axis',(0.707106781186547,0.707106781186547,0.));
#3432=DIRECTION('center_axis',(0.,0.,-1.));
#3433=DIRECTION('ref_axis',(0.707106781186548,0.707106781186548,0.));
#3434=DIRECTION('center_axis',(0.,0.,1.));
#3435=DIRECTION('ref_axis',(0.707106781186546,-0.707106781186549,0.));
#3436=DIRECTION('',(0.,0.,1.));
#3437=DIRECTION('center_axis',(0.,0.,1.));
#3438=DIRECTION('ref_axis',(0.707106781186546,-0.707106781186549,0.));
#3439=DIRECTION('',(0.,0.,-1.));
#3440=DIRECTION('center_axis',(1.,-4.44089209850062E-15,0.));
#3441=DIRECTION('ref_axis',(4.44089209850062E-15,1.,0.));
#3442=DIRECTION('',(0.,0.,-1.));
#3443=DIRECTION('',(4.44089209850062E-15,1.,0.));
#3444=DIRECTION('center_axis',(0.,0.,1.));
#3445=DIRECTION('ref_axis',(0.70710678118655,0.707106781186545,0.));
#3446=DIRECTION('',(0.,0.,1.));
#3447=DIRECTION('center_axis',(0.,0.,1.));
#3448=DIRECTION('ref_axis',(0.70710678118655,0.707106781186545,0.));
#3449=DIRECTION('center_axis',(-3.75639369234074E-16,1.,0.));
#3450=DIRECTION('ref_axis',(-1.,-3.75639369234074E-16,0.));
#3451=DIRECTION('',(0.,0.,-1.));
#3452=DIRECTION('',(-1.,-3.75639369234074E-16,0.));
#3453=DIRECTION('center_axis',(0.,0.,1.));
#3454=DIRECTION('ref_axis',(-0.707106781186547,-0.707106781186548,0.));
#3455=DIRECTION('',(0.,0.,1.));
#3456=DIRECTION('center_axis',(0.,0.,-1.));
#3457=DIRECTION('ref_axis',(-0.707106781186547,-0.707106781186548,0.));
#3458=DIRECTION('center_axis',(1.,0.,0.));
#3459=DIRECTION('ref_axis',(0.,1.,0.));
#3460=DIRECTION('',(0.,0.,-1.));
#3461=DIRECTION('',(0.,1.,0.));
#3462=DIRECTION('center_axis',(0.,0.,1.));
#3463=DIRECTION('ref_axis',(0.707106781186547,0.707106781186547,0.));
#3464=DIRECTION('',(0.,0.,1.));
#3465=DIRECTION('center_axis',(0.,0.,1.));
#3466=DIRECTION('ref_axis',(0.707106781186548,0.707106781186548,0.));
#3467=DIRECTION('center_axis',(-7.69652010138757E-17,1.,0.));
#3468=DIRECTION('ref_axis',(-1.,-7.69652010138757E-17,0.));
#3469=DIRECTION('',(0.,0.,-1.));
#3470=DIRECTION('',(-1.,-7.69652010138757E-17,0.));
#3471=DIRECTION('center_axis',(-5.44226155522972E-17,0.707106781186547,
0.707106781186548));
#3472=DIRECTION('ref_axis',(1.,0.,7.69652010138756E-17));
#3473=DIRECTION('',(0.,-0.707106781186548,0.707106781186547));
#3474=DIRECTION('',(0.,0.707106781186548,-0.707106781186547));
#3475=DIRECTION('center_axis',(0.,0.,-1.));
#3476=DIRECTION('ref_axis',(-0.707106781186548,0.707106781186547,0.));
#3477=DIRECTION('center_axis',(0.,0.,1.));
#3478=DIRECTION('ref_axis',(-0.707106781186548,0.707106781186547,0.));
#3479=DIRECTION('',(0.707106781186549,0.,0.707106781186546));
#3480=DIRECTION('center_axis',(-0.707106781186547,1.08845231104594E-16,
0.707106781186548));
#3481=DIRECTION('ref_axis',(0.707106781186548,0.,0.707106781186547));
#3482=DIRECTION('',(0.707106781186548,0.,0.707106781186547));
#3483=DIRECTION('',(-1.53930402027751E-16,-1.,0.));
#3484=DIRECTION('center_axis',(0.,0.,-1.));
#3485=DIRECTION('ref_axis',(-0.707106781186547,-0.707106781186547,0.));
#3486=DIRECTION('center_axis',(0.,0.,1.));
#3487=DIRECTION('ref_axis',(-0.707106781186548,-0.707106781186548,0.));
#3488=DIRECTION('',(0.,0.707106781186546,0.707106781186549));
#3489=DIRECTION('center_axis',(1.04672830578919E-15,-0.707106781186549,
0.707106781186546));
#3490=DIRECTION('ref_axis',(1.,0.,-1.48029736616688E-15));
#3491=DIRECTION('',(0.,0.707106781186543,0.707106781186552));
#3492=DIRECTION('',(1.,1.48029736616688E-15,0.));
#3493=DIRECTION('center_axis',(0.,0.,-1.));
#3494=DIRECTION('ref_axis',(0.707106781186547,-0.707106781186548,0.));
#3495=DIRECTION('center_axis',(0.,0.,1.));
#3496=DIRECTION('ref_axis',(0.707106781186547,-0.707106781186548,0.));
#3497=DIRECTION('',(-0.707106781186548,0.,0.707106781186547));
#3498=DIRECTION('center_axis',(0.707106781186547,1.18646785290965E-16,0.707106781186548));
#3499=DIRECTION('ref_axis',(0.707106781186548,0.,-0.707106781186547));
#3500=DIRECTION('',(-0.707106781186548,0.,0.707106781186547));
#3501=DIRECTION('',(-1.67791892890452E-16,1.,0.));
#3502=DIRECTION('center_axis',(0.,0.,1.));
#3503=DIRECTION('ref_axis',(-0.707106781186548,0.707106781186547,0.));
#3504=DIRECTION('center_axis',(0.,0.,-1.));
#3505=DIRECTION('ref_axis',(-0.707106781186548,0.707106781186547,0.));
#3506=DIRECTION('',(-7.85046229341889E-16,0.707106781186546,0.707106781186549));
#3507=DIRECTION('center_axis',(-7.75992977932672E-17,-0.707106781186547,
0.707106781186548));
#3508=DIRECTION('ref_axis',(1.,0.,1.09741979369867E-16));
#3509=DIRECTION('',(0.,0.707106781186548,0.707106781186547));
#3510=DIRECTION('',(1.,-1.09741979369867E-16,0.));
#3511=DIRECTION('center_axis',(0.,0.,-1.));
#3512=DIRECTION('ref_axis',(0.707106781186546,-0.707106781186549,0.));
#3513=DIRECTION('',(-0.707106781186549,6.28036983473508E-15,0.707106781186546));
#3514=DIRECTION('center_axis',(0.707106781186549,-3.14018491736755E-15,
0.707106781186546));
#3515=DIRECTION('ref_axis',(0.707106781186546,0.,-0.707106781186549));
#3516=DIRECTION('',(-0.707106781186546,3.14018491736756E-15,0.707106781186549));
#3517=DIRECTION('center_axis',(0.,0.,-1.));
#3518=DIRECTION('ref_axis',(0.70710678118655,0.707106781186545,0.));
#3519=DIRECTION('',(0.,-0.707106781186546,0.707106781186549));
#3520=DIRECTION('center_axis',(-2.65617145266051E-16,0.707106781186547,
0.707106781186548));
#3521=DIRECTION('ref_axis',(1.,0.,3.75639369234074E-16));
#3522=DIRECTION('',(0.,-0.707106781186548,0.707106781186547));
#3523=DIRECTION('center_axis',(0.,0.,1.));
#3524=DIRECTION('ref_axis',(-0.707106781186547,-0.707106781186548,0.));
#3525=DIRECTION('',(-0.707106781186546,-3.92523114670944E-16,0.707106781186549));
#3526=DIRECTION('center_axis',(0.707106781186547,0.,0.707106781186548));
#3527=DIRECTION('ref_axis',(0.707106781186548,0.,-0.707106781186547));
#3528=DIRECTION('',(-0.707106781186548,0.,0.707106781186547));
#3529=DIRECTION('center_axis',(0.,0.,-1.));
#3530=DIRECTION('ref_axis',(0.707106781186547,0.707106781186547,0.));
#3531=DIRECTION('center_axis',(0.,0.,1.));
#3532=DIRECTION('ref_axis',(-0.707106781186548,0.707106781186547,0.));
#3533=DIRECTION('',(0.,0.,1.));
#3534=DIRECTION('',(0.,0.,-1.));
#3535=DIRECTION('center_axis',(1.,1.67791892890452E-16,0.));
#3536=DIRECTION('ref_axis',(-1.67791892890452E-16,1.,0.));
#3537=DIRECTION('',(0.,0.,1.));
#3538=DIRECTION('center_axis',(0.,0.,1.));
#3539=DIRECTION('ref_axis',(0.707106781186547,-0.707106781186548,0.));
#3540=DIRECTION('',(0.,0.,-1.));
#3541=DIRECTION('center_axis',(1.48029736616688E-15,-1.,0.));
#3542=DIRECTION('ref_axis',(1.,1.48029736616688E-15,0.));
#3543=DIRECTION('',(0.,0.,1.));
#3544=DIRECTION('center_axis',(0.,0.,1.));
#3545=DIRECTION('ref_axis',(-0.707106781186547,-0.707106781186547,0.));
#3546=DIRECTION('',(0.,0.,-1.));
#3547=DIRECTION('center_axis',(-1.,1.53930402027751E-16,0.));
#3548=DIRECTION('ref_axis',(-1.53930402027751E-16,-1.,0.));
#3549=DIRECTION('',(0.,0.,1.));
#3550=DIRECTION('center_axis',(0.,0.,1.));
#3551=DIRECTION('ref_axis',(-0.707106781186548,0.707106781186547,0.));
#3552=DIRECTION('center_axis',(-1.09741979369867E-16,-1.,0.));
#3553=DIRECTION('ref_axis',(1.,-1.09741979369867E-16,0.));
#3554=DIRECTION('center_axis',(0.,0.,1.));
#3555=DIRECTION('ref_axis',(1.,0.,0.));
#3556=DIRECTION('',(0.,0.,-1.));
#3557=DIRECTION('center_axis',(0.,0.,1.));
#3558=DIRECTION('ref_axis',(1.,0.,0.));
#3559=DIRECTION('',(0.,0.,-1.));
#3560=DIRECTION('center_axis',(0.,0.,1.));
#3561=DIRECTION('ref_axis',(1.,0.,0.));
#3562=DIRECTION('',(0.,0.,-1.));
#3563=DIRECTION('center_axis',(0.,0.,1.));
#3564=DIRECTION('ref_axis',(1.,0.,0.));
#3565=DIRECTION('',(0.,0.,-1.));
#3566=DIRECTION('center_axis',(0.,0.,1.));
#3567=DIRECTION('ref_axis',(1.,0.,0.));
#3568=DIRECTION('',(0.,0.,-1.));
#3569=DIRECTION('center_axis',(0.,0.,1.));
#3570=DIRECTION('ref_axis',(1.,0.,0.));
#3571=DIRECTION('',(0.,0.,-1.));
#3572=CARTESIAN_POINT('',(0.,0.,0.));
#3573=CARTESIAN_POINT('Origin',(17.7,2.14999999999998,2.595));
#3574=CARTESIAN_POINT('',(22.,2.14999999999998,2.595));
#3575=CARTESIAN_POINT('',(17.7,2.14999999999998,2.595));
#3576=CARTESIAN_POINT('',(22.,2.14999999999998,2.595));
#3577=CARTESIAN_POINT('',(17.7,2.14999999999998,1.295));
#3578=CARTESIAN_POINT('',(17.7,2.14999999999998,2.595));
#3579=CARTESIAN_POINT('',(22.,2.14999999999998,1.295));
#3580=CARTESIAN_POINT('',(22.,2.14999999999998,1.295));
#3581=CARTESIAN_POINT('',(22.,2.14999999999998,2.595));
#3582=CARTESIAN_POINT('Origin',(17.7,-2.15000000000002,2.595));
#3583=CARTESIAN_POINT('',(17.7,-2.15000000000002,2.595));
#3584=CARTESIAN_POINT('',(17.7,2.14999999999998,2.595));
#3585=CARTESIAN_POINT('',(17.7,-2.15000000000002,1.295));
#3586=CARTESIAN_POINT('',(17.7,-2.15000000000002,2.595));
#3587=CARTESIAN_POINT('',(17.7,2.14999999999998,1.295));
#3588=CARTESIAN_POINT('Origin',(22.,-2.15000000000002,2.595));
#3589=CARTESIAN_POINT('',(22.,-2.15000000000002,2.595));
#3590=CARTESIAN_POINT('',(17.7,-2.15000000000002,2.595));
#3591=CARTESIAN_POINT('',(22.,-2.15000000000002,1.295));
#3592=CARTESIAN_POINT('',(22.,-2.15000000000002,2.595));
#3593=CARTESIAN_POINT('',(17.7,-2.15000000000002,1.295));
#3594=CARTESIAN_POINT('Origin',(22.,2.14999999999998,2.595));
#3595=CARTESIAN_POINT('',(22.,-2.15000000000002,2.595));
#3596=CARTESIAN_POINT('',(22.,-2.15000000000002,1.295));
#3597=CARTESIAN_POINT('Origin',(19.85,-2.19269047363468E-14,2.595));
#3598=CARTESIAN_POINT('',(18.75,-7.91440578062618E-15,2.595));
#3599=CARTESIAN_POINT('Origin',(19.85,-8.04911692853238E-15,2.595));
#3600=CARTESIAN_POINT('Origin',(19.85,-2.19269047363468E-14,1.295));
#3601=CARTESIAN_POINT('',(18.75,-8.18382807643859E-15,1.295));
#3602=CARTESIAN_POINT('Origin',(19.85,-8.04911692853238E-15,1.295));
#3603=CARTESIAN_POINT('Origin',(-2.15,22.,2.595));
#3604=CARTESIAN_POINT('',(2.15,22.,2.595));
#3605=CARTESIAN_POINT('',(-2.15,22.,2.595));
#3606=CARTESIAN_POINT('',(2.15,22.,2.595));
#3607=CARTESIAN_POINT('',(-2.15,22.,1.295));
#3608=CARTESIAN_POINT('',(-2.15,22.,2.595));
#3609=CARTESIAN_POINT('',(2.15,22.,1.295));
#3610=CARTESIAN_POINT('',(2.15,22.,1.295));
#3611=CARTESIAN_POINT('',(2.15,22.,2.595));
#3612=CARTESIAN_POINT('Origin',(-2.15,17.7,2.595));
#3613=CARTESIAN_POINT('',(-2.15,17.7,2.595));
#3614=CARTESIAN_POINT('',(-2.15,22.,2.595));
#3615=CARTESIAN_POINT('',(-2.15,17.7,1.295));
#3616=CARTESIAN_POINT('',(-2.15,17.7,2.595));
#3617=CARTESIAN_POINT('',(-2.15,22.,1.295));
#3618=CARTESIAN_POINT('Origin',(2.15,17.7,2.595));
#3619=CARTESIAN_POINT('',(2.15,17.7,2.595));
#3620=CARTESIAN_POINT('',(-2.15,17.7,2.595));
#3621=CARTESIAN_POINT('',(2.15,17.7,1.295));
#3622=CARTESIAN_POINT('',(2.15,17.7,2.595));
#3623=CARTESIAN_POINT('',(-2.15,17.7,1.295));
#3624=CARTESIAN_POINT('Origin',(2.15,22.,2.595));
#3625=CARTESIAN_POINT('',(2.15,17.7,2.595));
#3626=CARTESIAN_POINT('',(2.15,17.7,1.295));
#3627=CARTESIAN_POINT('Origin',(4.16333634234434E-15,19.85,2.595));
#3628=CARTESIAN_POINT('',(-1.1,19.85,2.595));
#3629=CARTESIAN_POINT('Origin',(2.22044604925031E-15,19.85,2.595));
#3630=CARTESIAN_POINT('Origin',(4.16333634234434E-15,19.85,1.295));
#3631=CARTESIAN_POINT('',(-1.1,19.85,1.295));
#3632=CARTESIAN_POINT('Origin',(2.22044604925031E-15,19.85,1.295));
#3633=CARTESIAN_POINT('Origin',(-2.15000000000001,-17.7,2.595));
#3634=CARTESIAN_POINT('',(2.14999999999999,-17.7,2.595));
#3635=CARTESIAN_POINT('',(-2.15000000000001,-17.7,2.595));
#3636=CARTESIAN_POINT('',(2.14999999999999,-17.7,2.595));
#3637=CARTESIAN_POINT('',(-2.15000000000001,-17.7,1.295));
#3638=CARTESIAN_POINT('',(-2.15000000000001,-17.7,2.595));
#3639=CARTESIAN_POINT('',(2.14999999999999,-17.7,1.295));
#3640=CARTESIAN_POINT('',(2.14999999999999,-17.7,1.295));
#3641=CARTESIAN_POINT('',(2.14999999999999,-17.7,2.595));
#3642=CARTESIAN_POINT('Origin',(-2.15000000000001,-22.,2.595));
#3643=CARTESIAN_POINT('',(-2.15000000000001,-22.,2.595));
#3644=CARTESIAN_POINT('',(-2.15000000000001,-17.7,2.595));
#3645=CARTESIAN_POINT('',(-2.15000000000001,-22.,1.295));
#3646=CARTESIAN_POINT('',(-2.15000000000001,-22.,2.595));
#3647=CARTESIAN_POINT('',(-2.15000000000001,-17.7,1.295));
#3648=CARTESIAN_POINT('Origin',(2.14999999999999,-22.,2.595));
#3649=CARTESIAN_POINT('',(2.14999999999999,-22.,2.595));
#3650=CARTESIAN_POINT('',(-2.15000000000001,-22.,2.595));
#3651=CARTESIAN_POINT('',(2.14999999999999,-22.,1.295));
#3652=CARTESIAN_POINT('',(2.14999999999999,-22.,2.595));
#3653=CARTESIAN_POINT('',(-2.15000000000001,-22.,1.295));
#3654=CARTESIAN_POINT('Origin',(2.14999999999999,-17.7,2.595));
#3655=CARTESIAN_POINT('',(2.14999999999999,-22.,2.595));
#3656=CARTESIAN_POINT('',(2.14999999999999,-22.,1.295));
#3657=CARTESIAN_POINT('Origin',(-6.93889390390723E-15,-19.85,2.595));
#3658=CARTESIAN_POINT('',(-1.1,-19.85,2.595));
#3659=CARTESIAN_POINT('Origin',(-4.44089209850063E-15,-19.85,2.595));
#3660=CARTESIAN_POINT('Origin',(-6.93889390390723E-15,-19.85,1.295));
#3661=CARTESIAN_POINT('',(-1.1,-19.85,1.295));
#3662=CARTESIAN_POINT('Origin',(-4.44089209850063E-15,-19.85,1.295));
#3663=CARTESIAN_POINT('Origin',(19.85,-8.04911692853238E-15,4.3));
#3664=CARTESIAN_POINT('',(18.75,-7.91440578062618E-15,0.8));
#3665=CARTESIAN_POINT('',(18.75,-7.91440578062618E-15,4.3));
#3666=CARTESIAN_POINT('Origin',(19.85,-8.04911692853238E-15,0.8));
#3667=CARTESIAN_POINT('Origin',(2.22044604925031E-15,19.85,4.3));
#3668=CARTESIAN_POINT('',(-1.1,19.85,0.8));
#3669=CARTESIAN_POINT('',(-1.1,19.85,4.3));
#3670=CARTESIAN_POINT('Origin',(2.22044604925031E-15,19.85,0.8));
#3671=CARTESIAN_POINT('Origin',(-4.44089209850063E-15,-19.85,4.3));
#3672=CARTESIAN_POINT('',(-1.1,-19.85,0.8));
#3673=CARTESIAN_POINT('',(-1.1,-19.85,4.3));
#3674=CARTESIAN_POINT('Origin',(-4.44089209850063E-15,-19.85,0.8));
#3675=CARTESIAN_POINT('Origin',(-2.35,8.85000000000001,6.1975));
#3676=CARTESIAN_POINT('',(-4.35,8.85000000000001,3.095));
#3677=CARTESIAN_POINT('',(-2.35,6.85,3.095));
#3678=CARTESIAN_POINT('Origin',(-2.35,8.85000000000001,3.095));
#3679=CARTESIAN_POINT('',(-4.35,8.85000000000001,6.095));
#3680=CARTESIAN_POINT('',(-4.35,8.85000000000001,6.1975));
#3681=CARTESIAN_POINT('',(-2.35,6.85000000000001,6.095));
#3682=CARTESIAN_POINT('Origin',(-2.35,8.85000000000001,6.095));
#3683=CARTESIAN_POINT('',(-2.35,6.85000000000001,6.1975));
#3684=CARTESIAN_POINT('Origin',(9.925,-4.44089209850063E-15,3.095));
#3685=CARTESIAN_POINT('',(2.35,6.85000000000001,3.095));
#3686=CARTESIAN_POINT('',(2.25000000000001,6.85000000000001,3.095));
#3687=CARTESIAN_POINT('',(4.35,8.85000000000001,3.095));
#3688=CARTESIAN_POINT('Origin',(2.35,8.85000000000001,3.095));
#3689=CARTESIAN_POINT('',(4.35,22.1,3.095));
#3690=CARTESIAN_POINT('',(4.35,12.05,3.095));
#3691=CARTESIAN_POINT('',(2.25000000000001,24.2,3.095));
#3692=CARTESIAN_POINT('Origin',(2.25,22.1,3.095));
#3693=CARTESIAN_POINT('',(-2.24999999999999,24.2,3.095));
#3694=CARTESIAN_POINT('',(2.83750000000003,24.2,3.095));
#3695=CARTESIAN_POINT('',(-4.35,22.1,3.095));
#3696=CARTESIAN_POINT('Origin',(-2.25,22.1,3.095));
#3697=CARTESIAN_POINT('',(-4.35,-12.05,3.095));
#3698=CARTESIAN_POINT('',(-4.1,8.85000000000001,3.095));
#3699=CARTESIAN_POINT('',(-2.5,7.25000000000001,3.095));
#3700=CARTESIAN_POINT('Origin',(-2.5,8.85000000000001,3.095));
#3701=CARTESIAN_POINT('',(-4.1,9.25000000000001,3.095));
#3702=CARTESIAN_POINT('',(-4.1,4.525,3.095));
#3703=CARTESIAN_POINT('',(-2.5,10.85,3.095));
#3704=CARTESIAN_POINT('Origin',(-2.5,9.25000000000001,3.095));
#3705=CARTESIAN_POINT('',(2.5,10.85,3.095));
#3706=CARTESIAN_POINT('',(2.8375,10.85,3.095));
#3707=CARTESIAN_POINT('',(4.1,9.25000000000001,3.095));
#3708=CARTESIAN_POINT('Origin',(2.5,9.25000000000001,3.095));
#3709=CARTESIAN_POINT('',(4.1,8.85000000000001,3.095));
#3710=CARTESIAN_POINT('',(4.1,4.525,3.095));
#3711=CARTESIAN_POINT('',(2.5,7.25000000000001,3.095));
#3712=CARTESIAN_POINT('Origin',(2.5,8.85000000000001,3.095));
#3713=CARTESIAN_POINT('',(7.0875,7.25000000000001,3.095));
#3714=CARTESIAN_POINT('',(-1.1,19.85,3.095));
#3715=CARTESIAN_POINT('Origin',(2.22044604925031E-15,19.85,3.095));
#3716=CARTESIAN_POINT('Origin',(1.66533453693773E-15,6.85000000000001,4.595));
#3717=CARTESIAN_POINT('',(2.35,6.85000000000001,6.095));
#3718=CARTESIAN_POINT('',(0.749997466231584,6.85000000000001,6.095));
#3719=CARTESIAN_POINT('',(2.35,6.85000000000001,6.1975));
#3720=CARTESIAN_POINT('Origin',(2.35,8.85000000000001,6.1975));
#3721=CARTESIAN_POINT('',(4.35,8.85000000000001,6.095));
#3722=CARTESIAN_POINT('Origin',(2.35,8.85000000000001,6.095));
#3723=CARTESIAN_POINT('',(4.35,8.85000000000001,6.1975));
#3724=CARTESIAN_POINT('Origin',(4.35,24.1,7.8));
#3725=CARTESIAN_POINT('',(4.35,7.24999999999999,6.095));
#3726=CARTESIAN_POINT('',(4.35,12.350000347491,6.095));
#3727=CARTESIAN_POINT('',(4.35,7.24999999999999,7.8));
#3728=CARTESIAN_POINT('',(4.35,7.24999999999999,7.8));
#3729=CARTESIAN_POINT('',(4.35,22.1,7.8));
#3730=CARTESIAN_POINT('',(4.35,5.43333333333333,7.8));
#3731=CARTESIAN_POINT('',(4.35,22.1,7.8));
#3732=CARTESIAN_POINT('Origin',(-4.35,-24.1,7.8));
#3733=CARTESIAN_POINT('',(-4.35,22.1,7.8));
#3734=CARTESIAN_POINT('',(-4.35,22.1,7.8));
#3735=CARTESIAN_POINT('',(-4.35,-22.1,7.8));
#3736=CARTESIAN_POINT('',(-4.35,-18.6666666666667,7.8));
#3737=CARTESIAN_POINT('',(-4.35,-22.1,3.095));
#3738=CARTESIAN_POINT('',(-4.35,-22.1,7.8));
#3739=CARTESIAN_POINT('',(-4.35,-7.25000000000001,3.095));
#3740=CARTESIAN_POINT('',(-4.35,-12.05,3.095));
#3741=CARTESIAN_POINT('',(-4.35,-7.25000000000001,6.095));
#3742=CARTESIAN_POINT('',(-4.35,-7.25000000000001,3.095));
#3743=CARTESIAN_POINT('',(-4.35,-11.749999652509,6.095));
#3744=CARTESIAN_POINT('Origin',(1.27,-14.62,0.));
#3745=CARTESIAN_POINT('',(3.72,-14.62,3.095));
#3746=CARTESIAN_POINT('',(-0.462411613907037,-16.352411613907,3.095));
#3747=CARTESIAN_POINT('Origin',(1.27,-14.62,3.095));
#3748=CARTESIAN_POINT('',(3.72,-14.62,0.));
#3749=CARTESIAN_POINT('',(3.72,-14.62,0.));
#3750=CARTESIAN_POINT('',(-0.462411613907037,-16.352411613907,0.));
#3751=CARTESIAN_POINT('Origin',(1.27,-14.62,0.));
#3752=CARTESIAN_POINT('',(-0.462411613907037,-16.352411613907,0.));
#3753=CARTESIAN_POINT('Origin',(-3.00241161390704,-13.812411613907,0.));
#3754=CARTESIAN_POINT('',(-3.00241161390704,-13.812411613907,3.095));
#3755=CARTESIAN_POINT('',(-3.22366161390703,-13.5911616139071,3.095));
#3756=CARTESIAN_POINT('',(-3.00241161390704,-13.812411613907,0.));
#3757=CARTESIAN_POINT('',(0.911755052759649,-17.7265782805737,0.));
#3758=CARTESIAN_POINT('',(-3.00241161390704,-13.812411613907,0.));
#3759=CARTESIAN_POINT('Origin',(-1.27,-12.08,0.));
#3760=CARTESIAN_POINT('',(-3.72,-12.08,3.095));
#3761=CARTESIAN_POINT('Origin',(-1.27,-12.08,3.095));
#3762=CARTESIAN_POINT('',(-3.72,-12.08,0.));
#3763=CARTESIAN_POINT('Origin',(-1.27,-12.08,0.));
#3764=CARTESIAN_POINT('',(-3.72,-12.08,0.));
#3765=CARTESIAN_POINT('Origin',(-3.72,-7.,0.));
#3766=CARTESIAN_POINT('',(-3.72000000000001,-7.,3.095));
#3767=CARTESIAN_POINT('',(-3.72000000000001,-3.50000000000001,3.095));
#3768=CARTESIAN_POINT('',(-3.72,-7.,0.));
#3769=CARTESIAN_POINT('',(-3.72,-10.1166666666667,0.));
#3770=CARTESIAN_POINT('',(-3.72,-7.,0.));
#3771=CARTESIAN_POINT('Origin',(-1.27,-7.,0.));
#3772=CARTESIAN_POINT('',(0.462411613907043,-5.26758838609296,3.095));
#3773=CARTESIAN_POINT('Origin',(-1.27,-7.,3.095));
#3774=CARTESIAN_POINT('',(0.462411613907043,-5.26758838609296,0.));
#3775=CARTESIAN_POINT('Origin',(-1.27,-7.,0.));
#3776=CARTESIAN_POINT('',(0.462411613907043,-5.26758838609296,0.));
#3777=CARTESIAN_POINT('Origin',(3.00241161390704,-7.80758838609296,0.));
#3778=CARTESIAN_POINT('',(3.00241161390705,-7.80758838609296,3.095));
#3779=CARTESIAN_POINT('',(2.78116161390704,-7.58633838609296,3.095));
#3780=CARTESIAN_POINT('',(3.00241161390705,-7.80758838609296,0.));
#3781=CARTESIAN_POINT('',(6.91657828057372,-11.7217550527596,0.));
#3782=CARTESIAN_POINT('',(3.00241161390705,-7.80758838609296,0.));
#3783=CARTESIAN_POINT('Origin',(1.27,-9.54,0.));
#3784=CARTESIAN_POINT('',(3.72,-9.54,3.095));
#3785=CARTESIAN_POINT('Origin',(1.27,-9.54,3.095));
#3786=CARTESIAN_POINT('',(3.72,-9.54,0.));
#3787=CARTESIAN_POINT('Origin',(1.27,-9.54,0.));
#3788=CARTESIAN_POINT('',(3.72,-9.54,0.));
#3789=CARTESIAN_POINT('Origin',(3.72,-14.62,0.));
#3790=CARTESIAN_POINT('',(3.72,-7.31,3.095));
#3791=CARTESIAN_POINT('',(3.72,-13.9266666666667,0.));
#3792=CARTESIAN_POINT('Origin',(-2.5,8.85000000000001,2.095));
#3793=CARTESIAN_POINT('',(-3.1,8.85000000000001,2.095));
#3794=CARTESIAN_POINT('Origin',(-4.1,8.85000000000001,2.095));
#3795=CARTESIAN_POINT('',(-2.5,8.25000000000001,2.095));
#3796=CARTESIAN_POINT('Origin',(-2.5,7.25000000000001,2.095));
#3797=CARTESIAN_POINT('Origin',(-2.5,8.85000000000001,2.095));
#3798=CARTESIAN_POINT('Origin',(7.0875,7.25000000000001,2.095));
#3799=CARTESIAN_POINT('',(2.5,8.25000000000001,2.095));
#3800=CARTESIAN_POINT('Origin',(2.5,7.25000000000001,2.095));
#3801=CARTESIAN_POINT('',(7.0875,8.25000000000001,2.095));
#3802=CARTESIAN_POINT('Origin',(2.5,8.85000000000001,2.095));
#3803=CARTESIAN_POINT('',(3.1,8.85000000000001,2.095));
#3804=CARTESIAN_POINT('Origin',(4.1,8.85000000000001,2.095));
#3805=CARTESIAN_POINT('Origin',(2.5,8.85000000000001,2.095));
#3806=CARTESIAN_POINT('Origin',(4.1,4.525,2.095));
#3807=CARTESIAN_POINT('',(3.1,9.25000000000001,2.095));
#3808=CARTESIAN_POINT('Origin',(4.1,9.25000000000001,2.095));
#3809=CARTESIAN_POINT('',(3.1,4.525,2.095));
#3810=CARTESIAN_POINT('Origin',(2.5,9.25000000000001,2.095));
#3811=CARTESIAN_POINT('',(2.5,9.85000000000001,2.095));
#3812=CARTESIAN_POINT('Origin',(2.5,10.85,2.095));
#3813=CARTESIAN_POINT('Origin',(2.5,9.25000000000001,2.095));
#3814=CARTESIAN_POINT('Origin',(2.8375,10.85,2.095));
#3815=CARTESIAN_POINT('',(-2.5,9.85000000000001,2.095));
#3816=CARTESIAN_POINT('Origin',(-2.5,10.85,2.095));
#3817=CARTESIAN_POINT('',(2.8375,9.85000000000001,2.095));
#3818=CARTESIAN_POINT('Origin',(-2.5,9.25000000000001,2.095));
#3819=CARTESIAN_POINT('',(-3.1,9.25000000000001,2.095));
#3820=CARTESIAN_POINT('Origin',(-4.1,9.25000000000001,2.095));
#3821=CARTESIAN_POINT('Origin',(-2.5,9.25000000000001,2.095));
#3822=CARTESIAN_POINT('Origin',(-4.1,4.525,2.095));
#3823=CARTESIAN_POINT('',(-3.1,4.525,2.095));
#3824=CARTESIAN_POINT('Origin',(-4.25,9.85000000000001,3.095));
#3825=CARTESIAN_POINT('',(-2.5,9.85000000000001,1.));
#3826=CARTESIAN_POINT('',(-2.5,9.85000000000001,2.32125));
#3827=CARTESIAN_POINT('',(2.5,9.85000000000001,1.));
#3828=CARTESIAN_POINT('',(4.49166666666669,9.85000000000001,1.));
#3829=CARTESIAN_POINT('',(2.5,9.85000000000001,2.32125));
#3830=CARTESIAN_POINT('Origin',(-2.5,9.25000000000001,2.32125));
#3831=CARTESIAN_POINT('',(-3.1,9.25000000000001,1.));
#3832=CARTESIAN_POINT('',(-3.1,9.25000000000001,2.32125));
#3833=CARTESIAN_POINT('Origin',(-2.5,9.25000000000001,1.));
#3834=CARTESIAN_POINT('Origin',(-3.1,9.05000000000001,1.5475));
#3835=CARTESIAN_POINT('',(-3.1,8.85000000000001,1.));
#3836=CARTESIAN_POINT('',(-3.1,8.85000000000001,2.32125));
#3837=CARTESIAN_POINT('',(-3.1,-2.09166666666666,1.));
#3838=CARTESIAN_POINT('Origin',(-2.5,8.85000000000001,2.32125));
#3839=CARTESIAN_POINT('',(-2.5,8.25000000000001,1.));
#3840=CARTESIAN_POINT('',(-2.5,8.25000000000001,2.32125));
#3841=CARTESIAN_POINT('Origin',(-2.5,8.85000000000001,1.));
#3842=CARTESIAN_POINT('Origin',(-2.5,9.25000000000001,1.));
#3843=CARTESIAN_POINT('',(-4.1,9.25000000000001,0.));
#3844=CARTESIAN_POINT('Origin',(-4.1,9.25000000000001,1.));
#3845=CARTESIAN_POINT('',(-2.5,10.85,0.));
#3846=CARTESIAN_POINT('Origin',(-2.5,9.25000000000001,0.));
#3847=CARTESIAN_POINT('Origin',(-2.5,10.85,1.));
#3848=CARTESIAN_POINT('Origin',(4.49166666666669,10.85,1.));
#3849=CARTESIAN_POINT('',(2.5,10.85,0.));
#3850=CARTESIAN_POINT('Origin',(2.5,10.85,1.));
#3851=CARTESIAN_POINT('',(4.49166666666669,10.85,0.));
#3852=CARTESIAN_POINT('Origin',(2.5,9.25000000000001,1.));
#3853=CARTESIAN_POINT('',(4.1,9.25000000000001,0.));
#3854=CARTESIAN_POINT('',(3.1,9.25000000000001,1.));
#3855=CARTESIAN_POINT('Origin',(4.1,9.25000000000001,1.));
#3856=CARTESIAN_POINT('Origin',(2.5,9.25000000000001,1.));
#3857=CARTESIAN_POINT('Origin',(2.5,9.25000000000001,0.));
#3858=CARTESIAN_POINT('Origin',(4.1,-2.09166666666666,1.));
#3859=CARTESIAN_POINT('',(4.1,8.85000000000001,0.));
#3860=CARTESIAN_POINT('',(3.1,8.85000000000001,1.));
#3861=CARTESIAN_POINT('Origin',(4.1,8.85000000000001,1.));
#3862=CARTESIAN_POINT('',(3.1,-2.09166666666666,1.));
#3863=CARTESIAN_POINT('',(4.1,-2.09166666666666,0.));
#3864=CARTESIAN_POINT('Origin',(2.5,8.85000000000001,1.));
#3865=CARTESIAN_POINT('',(2.5,7.25000000000001,0.));
#3866=CARTESIAN_POINT('',(2.5,8.25000000000001,1.));
#3867=CARTESIAN_POINT('Origin',(2.5,7.25000000000001,1.));
#3868=CARTESIAN_POINT('Origin',(2.5,8.85000000000001,1.));
#3869=CARTESIAN_POINT('Origin',(2.5,8.85000000000001,0.));
#3870=CARTESIAN_POINT('Origin',(8.74166666666669,7.25000000000001,1.));
#3871=CARTESIAN_POINT('',(-2.5,7.25000000000001,0.));
#3872=CARTESIAN_POINT('Origin',(-2.5,7.25000000000001,1.));
#3873=CARTESIAN_POINT('',(8.74166666666669,8.25000000000001,1.));
#3874=CARTESIAN_POINT('',(8.74166666666669,7.25000000000001,0.));
#3875=CARTESIAN_POINT('Origin',(-2.5,8.85000000000001,1.));
#3876=CARTESIAN_POINT('',(-4.1,8.85000000000001,0.));
#3877=CARTESIAN_POINT('Origin',(-4.1,8.85000000000001,1.));
#3878=CARTESIAN_POINT('Origin',(-2.5,8.85000000000001,0.));
#3879=CARTESIAN_POINT('Origin',(-4.1,-2.09166666666666,1.));
#3880=CARTESIAN_POINT('',(-4.1,-2.09166666666666,0.));
#3881=CARTESIAN_POINT('Origin',(4.25,8.25000000000001,3.095));
#3882=CARTESIAN_POINT('',(2.5,8.25000000000001,2.32125));
#3883=CARTESIAN_POINT('Origin',(13.2333333333334,-13.2333333333333,0.));
#3884=CARTESIAN_POINT('',(22.85,27.85,0.));
#3885=CARTESIAN_POINT('',(-22.85,27.85,0.));
#3886=CARTESIAN_POINT('',(21.0416666666667,27.85,0.));
#3887=CARTESIAN_POINT('',(27.85,22.85,0.));
#3888=CARTESIAN_POINT('Origin',(22.85,22.85,0.));
#3889=CARTESIAN_POINT('',(27.85,-4.84999999999998,0.));
#3890=CARTESIAN_POINT('',(27.85,-12.0416666666667,0.));
#3891=CARTESIAN_POINT('',(34.85,-11.85,0.));
#3892=CARTESIAN_POINT('Origin',(34.85,-4.84999999999998,0.));
#3893=CARTESIAN_POINT('',(49.3166666666668,-11.85,0.));
#3894=CARTESIAN_POINT('',(34.2750000000001,-11.85,0.));
#3895=CARTESIAN_POINT('',(54.3166666666668,-16.85,0.));
#3896=CARTESIAN_POINT('Origin',(49.3166666666668,-16.85,0.));
#3897=CARTESIAN_POINT('',(54.3166666666667,-22.85,0.));
#3898=CARTESIAN_POINT('',(54.3166666666667,-21.0416666666668,0.));
#3899=CARTESIAN_POINT('',(49.3166666666667,-27.85,0.));
#3900=CARTESIAN_POINT('Origin',(49.3166666666667,-22.85,0.));
#3901=CARTESIAN_POINT('',(-4.84999999999999,-27.85,0.));
#3902=CARTESIAN_POINT('',(1.19166666666669,-27.85,0.));
#3903=CARTESIAN_POINT('',(-11.85,-34.85,0.));
#3904=CARTESIAN_POINT('Origin',(-4.84999999999999,-34.85,0.));
#3905=CARTESIAN_POINT('',(-11.85,-49.3166666666666,0.));
#3906=CARTESIAN_POINT('',(-11.85,-34.275,0.));
#3907=CARTESIAN_POINT('',(-16.85,-54.3166666666667,0.));
#3908=CARTESIAN_POINT('Origin',(-16.85,-49.3166666666666,0.));
#3909=CARTESIAN_POINT('',(-22.85,-54.3166666666667,0.));
#3910=CARTESIAN_POINT('',(-7.80833333333327,-54.3166666666666,0.));
#3911=CARTESIAN_POINT('',(-27.85,-49.3166666666667,0.));
#3912=CARTESIAN_POINT('Origin',(-22.85,-49.3166666666667,0.));
#3913=CARTESIAN_POINT('',(-27.85,22.85,0.));
#3914=CARTESIAN_POINT('',(-27.85,7.80833333333334,0.));
#3915=CARTESIAN_POINT('Origin',(-22.85,22.85,0.));
#3916=CARTESIAN_POINT('',(-22.45,19.85,0.));
#3917=CARTESIAN_POINT('Origin',(-19.85,19.85,0.));
#3918=CARTESIAN_POINT('',(16.175,-19.85,0.));
#3919=CARTESIAN_POINT('Origin',(19.85,-19.85,0.));
#3920=CARTESIAN_POINT('',(-22.45,-46.3166666666667,0.));
#3921=CARTESIAN_POINT('Origin',(-19.85,-46.3166666666667,0.));
#3922=CARTESIAN_POINT('',(-15.1,-19.85,0.));
#3923=CARTESIAN_POINT('Origin',(-19.85,-19.85,0.));
#3924=CARTESIAN_POINT('',(25.2,19.85,0.));
#3925=CARTESIAN_POINT('Origin',(19.85,19.85,0.));
#3926=CARTESIAN_POINT('',(51.0666666666667,-19.85,0.));
#3927=CARTESIAN_POINT('Origin',(46.3166666666667,-19.85,0.));
#3928=CARTESIAN_POINT('Origin',(2.5,9.25000000000001,2.32125));
#3929=CARTESIAN_POINT('',(3.1,9.25000000000001,2.32125));
#3930=CARTESIAN_POINT('Origin',(3.1,9.05000000000001,1.5475));
#3931=CARTESIAN_POINT('',(3.1,8.85000000000001,2.32125));
#3932=CARTESIAN_POINT('Origin',(2.5,8.85000000000001,2.32125));
#3933=CARTESIAN_POINT('Origin',(1.49999493246317,0.600000694981941,6.095));
#3934=CARTESIAN_POINT('',(7.25,4.34999999999999,6.095));
#3935=CARTESIAN_POINT('Origin',(7.25,-7.25000000000001,6.095));
#3936=CARTESIAN_POINT('Origin',(7.25,7.24999999999999,6.095));
#3937=CARTESIAN_POINT('Origin',(7.25,-7.25000000000001,3.095));
#3938=CARTESIAN_POINT('',(7.25,4.34999999999999,3.095));
#3939=CARTESIAN_POINT('Origin',(7.25,-7.25000000000001,3.095));
#3940=CARTESIAN_POINT('',(7.25,4.34999999999999,7.8));
#3941=CARTESIAN_POINT('Origin',(7.25,7.24999999999999,7.8));
#3942=CARTESIAN_POINT('',(7.25,4.34999999999999,7.8));
#3943=CARTESIAN_POINT('',(7.25,4.34999999999999,7.8));
#3944=CARTESIAN_POINT('Origin',(7.25,7.24999999999999,7.8));
#3945=CARTESIAN_POINT('Origin',(9.925,-4.44089209850063E-15,3.095));
#3946=CARTESIAN_POINT('',(-2.24999999999999,-24.2,3.095));
#3947=CARTESIAN_POINT('Origin',(-2.25,-22.1,3.095));
#3948=CARTESIAN_POINT('',(2.25,-24.2,3.095));
#3949=CARTESIAN_POINT('',(7.08750000000001,-24.2,3.095));
#3950=CARTESIAN_POINT('',(4.35,-22.1,3.095));
#3951=CARTESIAN_POINT('Origin',(2.25,-22.1,3.095));
#3952=CARTESIAN_POINT('',(4.35,-7.25000000000001,3.095));
#3953=CARTESIAN_POINT('',(4.35,-2.12500000000001,3.095));
#3954=CARTESIAN_POINT('',(7.25,-4.35000000000001,3.095));
#3955=CARTESIAN_POINT('Origin',(7.25,-7.25000000000001,3.095));
#3956=CARTESIAN_POINT('',(22.1,-4.35000000000001,3.095));
#3957=CARTESIAN_POINT('',(17.0125,-4.35000000000001,3.095));
#3958=CARTESIAN_POINT('',(24.2,-2.25000000000001,3.095));
#3959=CARTESIAN_POINT('Origin',(22.1,-2.25000000000001,3.095));
#3960=CARTESIAN_POINT('',(24.2,2.24999999999999,3.095));
#3961=CARTESIAN_POINT('',(24.2,2.12499999999999,3.095));
#3962=CARTESIAN_POINT('',(22.1,4.34999999999999,3.095));
#3963=CARTESIAN_POINT('Origin',(22.1,2.24999999999999,3.095));
#3964=CARTESIAN_POINT('',(7.0875,4.34999999999999,3.095));
#3965=CARTESIAN_POINT('',(-1.1,-19.85,3.095));
#3966=CARTESIAN_POINT('Origin',(-4.44089209850063E-15,-19.85,3.095));
#3967=CARTESIAN_POINT('',(18.75,-7.91440578062618E-15,3.095));
#3968=CARTESIAN_POINT('Origin',(19.85,-8.04911692853238E-15,3.095));
#3969=CARTESIAN_POINT('Origin',(-4.44089209850063E-15,-19.85,4.3));
#3970=CARTESIAN_POINT('',(-1.1,-19.85,4.3));
#3971=CARTESIAN_POINT('Origin',(-4.44089209850063E-15,-19.85,0.8));
#3972=CARTESIAN_POINT('Origin',(19.85,-8.04911692853238E-15,4.3));
#3973=CARTESIAN_POINT('',(18.75,-7.91440578062618E-15,4.3));
#3974=CARTESIAN_POINT('Origin',(19.85,-8.04911692853238E-15,0.8));
#3975=CARTESIAN_POINT('Origin',(2.22044604925031E-15,19.85,4.3));
#3976=CARTESIAN_POINT('',(-1.1,19.85,4.3));
#3977=CARTESIAN_POINT('Origin',(2.22044604925031E-15,19.85,0.8));
#3978=CARTESIAN_POINT('Origin',(7.25,-7.25000000000001,7.8));
#3979=CARTESIAN_POINT('',(4.35,-7.25000000000001,7.8));
#3980=CARTESIAN_POINT('',(7.25,-4.35000000000001,7.8));
#3981=CARTESIAN_POINT('Origin',(7.25,-7.25000000000001,7.8));
#3982=CARTESIAN_POINT('',(7.25,-4.35000000000001,7.8));
#3983=CARTESIAN_POINT('',(4.35,-7.25000000000001,7.8));
#3984=CARTESIAN_POINT('Origin',(24.1,-4.35000000000001,7.8));
#3985=CARTESIAN_POINT('',(22.1,-4.35000000000001,7.8));
#3986=CARTESIAN_POINT('',(18.6666666666667,-4.35000000000001,7.8));
#3987=CARTESIAN_POINT('',(22.1,-4.35000000000001,7.8));
#3988=CARTESIAN_POINT('Origin',(13.2333333333334,-13.2333333333333,7.8));
#3989=CARTESIAN_POINT('',(-22.85,27.85,7.8));
#3990=CARTESIAN_POINT('',(22.85,27.85,7.8));
#3991=CARTESIAN_POINT('',(21.0416666666667,27.85,7.8));
#3992=CARTESIAN_POINT('',(-27.85,22.85,7.8));
#3993=CARTESIAN_POINT('Origin',(-22.85,22.85,7.8));
#3994=CARTESIAN_POINT('',(-27.85,-49.3166666666667,7.8));
#3995=CARTESIAN_POINT('',(-27.85,7.80833333333334,7.8));
#3996=CARTESIAN_POINT('',(-22.85,-54.3166666666667,7.8));
#3997=CARTESIAN_POINT('Origin',(-22.85,-49.3166666666667,7.8));
#3998=CARTESIAN_POINT('',(-16.85,-54.3166666666667,7.8));
#3999=CARTESIAN_POINT('',(-7.80833333333327,-54.3166666666666,7.8));
#4000=CARTESIAN_POINT('',(-11.85,-49.3166666666666,7.8));
#4001=CARTESIAN_POINT('Origin',(-16.85,-49.3166666666666,7.8));
#4002=CARTESIAN_POINT('',(-11.85,-34.85,7.8));
#4003=CARTESIAN_POINT('',(-11.85,-34.275,7.8));
#4004=CARTESIAN_POINT('',(-4.84999999999999,-27.85,7.8));
#4005=CARTESIAN_POINT('Origin',(-4.84999999999999,-34.85,7.8));
#4006=CARTESIAN_POINT('',(49.3166666666667,-27.85,7.8));
#4007=CARTESIAN_POINT('',(1.19166666666669,-27.85,7.8));
#4008=CARTESIAN_POINT('',(54.3166666666667,-22.85,7.8));
#4009=CARTESIAN_POINT('Origin',(49.3166666666667,-22.85,7.8));
#4010=CARTESIAN_POINT('',(54.3166666666668,-16.85,7.8));
#4011=CARTESIAN_POINT('',(54.3166666666667,-21.0416666666668,7.8));
#4012=CARTESIAN_POINT('',(49.3166666666668,-11.85,7.8));
#4013=CARTESIAN_POINT('Origin',(49.3166666666668,-16.85,7.8));
#4014=CARTESIAN_POINT('',(34.85,-11.85,7.8));
#4015=CARTESIAN_POINT('',(34.2750000000001,-11.85,7.8));
#4016=CARTESIAN_POINT('',(27.85,-4.84999999999998,7.8));
#4017=CARTESIAN_POINT('Origin',(34.85,-4.84999999999998,7.8));
#4018=CARTESIAN_POINT('',(27.85,22.85,7.8));
#4019=CARTESIAN_POINT('',(27.85,-12.0416666666667,7.8));
#4020=CARTESIAN_POINT('Origin',(22.85,22.85,7.8));
#4021=CARTESIAN_POINT('',(4.35,-22.1,7.8));
#4022=CARTESIAN_POINT('',(4.35,-8.74166666666667,7.8));
#4023=CARTESIAN_POINT('',(2.25,-24.2,7.8));
#4024=CARTESIAN_POINT('Origin',(2.25,-22.1,7.8));
#4025=CARTESIAN_POINT('',(-2.24999999999999,-24.2,7.8));
#4026=CARTESIAN_POINT('',(8.7416666666667,-24.2,7.8));
#4027=CARTESIAN_POINT('Origin',(-2.25,-22.1,7.8));
#4028=CARTESIAN_POINT('',(-2.24999999999999,24.2,7.8));
#4029=CARTESIAN_POINT('Origin',(-2.25,22.1,7.8));
#4030=CARTESIAN_POINT('',(2.25000000000001,24.2,7.8));
#4031=CARTESIAN_POINT('',(4.49166666666673,24.2,7.8));
#4032=CARTESIAN_POINT('Origin',(2.25,22.1,7.8));
#4033=CARTESIAN_POINT('',(22.1,4.34999999999999,7.8));
#4034=CARTESIAN_POINT('',(8.74166666666669,4.34999999999999,7.8));
#4035=CARTESIAN_POINT('',(24.2,2.24999999999999,7.8));
#4036=CARTESIAN_POINT('Origin',(22.1,2.24999999999999,7.8));
#4037=CARTESIAN_POINT('',(24.2,-2.25000000000001,7.8));
#4038=CARTESIAN_POINT('',(24.2,-4.49166666666667,7.8));
#4039=CARTESIAN_POINT('Origin',(22.1,-2.25000000000001,7.8));
#4040=CARTESIAN_POINT('',(-24.6,19.85,7.8));
#4041=CARTESIAN_POINT('Origin',(-19.85,19.85,7.8));
#4042=CARTESIAN_POINT('',(14.5,-19.85,7.8));
#4043=CARTESIAN_POINT('Origin',(19.85,-19.85,7.8));
#4044=CARTESIAN_POINT('',(-24.6,-46.3166666666667,7.8));
#4045=CARTESIAN_POINT('Origin',(-19.85,-46.3166666666667,7.8));
#4046=CARTESIAN_POINT('',(16.175,19.85,7.8));
#4047=CARTESIAN_POINT('Origin',(19.85,19.85,7.8));
#4048=CARTESIAN_POINT('',(43.7166666666667,-19.85,7.8));
#4049=CARTESIAN_POINT('Origin',(46.3166666666667,-19.85,7.8));
#4050=CARTESIAN_POINT('',(-22.45,-19.85,7.8));
#4051=CARTESIAN_POINT('Origin',(-19.85,-19.85,7.8));
#4052=CARTESIAN_POINT('Origin',(4.25,4.34999999999999,7.8));
#4053=CARTESIAN_POINT('',(22.1,4.34999999999999,7.8));
#4054=CARTESIAN_POINT('Origin',(22.1,-2.25000000000001,7.8));
#4055=CARTESIAN_POINT('',(24.2,-2.25000000000001,7.8));
#4056=CARTESIAN_POINT('Origin',(24.2,4.24999999999999,7.8));
#4057=CARTESIAN_POINT('',(24.2,2.24999999999999,7.8));
#4058=CARTESIAN_POINT('Origin',(22.1,2.24999999999999,7.8));
#4059=CARTESIAN_POINT('Origin',(-2.25,-22.1,7.8));
#4060=CARTESIAN_POINT('',(-2.24999999999999,-24.2,7.8));
#4061=CARTESIAN_POINT('Origin',(2.25,-22.1,7.8));
#4062=CARTESIAN_POINT('',(2.25,-24.2,7.8));
#4063=CARTESIAN_POINT('',(4.35,-22.1,7.8));
#4064=CARTESIAN_POINT('Origin',(4.35,-4.25000000000001,7.8));
#4065=CARTESIAN_POINT('Origin',(2.25,22.1,7.8));
#4066=CARTESIAN_POINT('',(2.25000000000001,24.2,7.8));
#4067=CARTESIAN_POINT('Origin',(-4.25,24.2,7.8));
#4068=CARTESIAN_POINT('',(-2.24999999999999,24.2,7.8));
#4069=CARTESIAN_POINT('Origin',(-2.25,22.1,7.8));
#4070=CARTESIAN_POINT('Origin',(4.25,-24.2,7.8));
#4071=CARTESIAN_POINT('Origin',(46.3166666666667,-19.85,0.));
#4072=CARTESIAN_POINT('',(51.0666666666667,-19.85,1.75));
#4073=CARTESIAN_POINT('',(51.0666666666667,-19.85,0.));
#4074=CARTESIAN_POINT('Origin',(46.3166666666667,-19.85,1.75));
#4075=CARTESIAN_POINT('Origin',(46.3166666666667,-19.85,1.75));
#4076=CARTESIAN_POINT('',(43.7166666666667,-19.85,1.75));
#4077=CARTESIAN_POINT('Origin',(46.3166666666667,-19.85,1.75));
#4078=CARTESIAN_POINT('Origin',(19.85,19.85,0.));
#4079=CARTESIAN_POINT('',(25.2,19.85,1.75));
#4080=CARTESIAN_POINT('',(25.2,19.85,0.));
#4081=CARTESIAN_POINT('Origin',(19.85,19.85,1.75));
#4082=CARTESIAN_POINT('Origin',(19.85,19.85,1.75));
#4083=CARTESIAN_POINT('',(16.175,19.85,1.75));
#4084=CARTESIAN_POINT('Origin',(19.85,19.85,1.75));
#4085=CARTESIAN_POINT('Origin',(-19.85,-19.85,0.));
#4086=CARTESIAN_POINT('',(-15.1,-19.85,1.75));
#4087=CARTESIAN_POINT('',(-15.1,-19.85,0.));
#4088=CARTESIAN_POINT('Origin',(-19.85,-19.85,1.75));
#4089=CARTESIAN_POINT('Origin',(-19.85,-19.85,1.75));
#4090=CARTESIAN_POINT('',(-22.45,-19.85,1.75));
#4091=CARTESIAN_POINT('Origin',(-19.85,-19.85,1.75));
#4092=CARTESIAN_POINT('Origin',(-19.85,19.85,7.8));
#4093=CARTESIAN_POINT('',(-24.6,19.85,6.2));
#4094=CARTESIAN_POINT('',(-24.6,19.85,7.8));
#4095=CARTESIAN_POINT('Origin',(-19.85,19.85,6.2));
#4096=CARTESIAN_POINT('Origin',(-19.85,19.85,6.2));
#4097=CARTESIAN_POINT('',(-22.45,19.85,6.2));
#4098=CARTESIAN_POINT('Origin',(-19.85,19.85,6.2));
#4099=CARTESIAN_POINT('Origin',(19.85,-19.85,7.8));
#4100=CARTESIAN_POINT('',(14.5,-19.85,6.2));
#4101=CARTESIAN_POINT('',(14.5,-19.85,7.8));
#4102=CARTESIAN_POINT('Origin',(19.85,-19.85,6.2));
#4103=CARTESIAN_POINT('Origin',(19.85,-19.85,6.2));
#4104=CARTESIAN_POINT('',(16.175,-19.85,6.2));
#4105=CARTESIAN_POINT('Origin',(19.85,-19.85,6.2));
#4106=CARTESIAN_POINT('Origin',(-19.85,-46.3166666666667,7.8));
#4107=CARTESIAN_POINT('',(-24.6,-46.3166666666667,6.2));
#4108=CARTESIAN_POINT('',(-24.6,-46.3166666666667,7.8));
#4109=CARTESIAN_POINT('Origin',(-19.85,-46.3166666666667,6.2));
#4110=CARTESIAN_POINT('Origin',(-19.85,-46.3166666666667,6.2));
#4111=CARTESIAN_POINT('',(-22.45,-46.3166666666667,6.2));
#4112=CARTESIAN_POINT('Origin',(-19.85,-46.3166666666667,6.2));
#4113=CARTESIAN_POINT('Origin',(21.0416666666667,28.35,0.5));
#4114=CARTESIAN_POINT('',(-22.85,28.85,1.));
#4115=CARTESIAN_POINT('',(-22.85,27.85,0.));
#4116=CARTESIAN_POINT('',(22.85,28.85,1.));
#4117=CARTESIAN_POINT('',(21.0416666666667,28.85,1.));
#4118=CARTESIAN_POINT('',(22.85,28.85,1.));
#4119=CARTESIAN_POINT('Origin',(-22.85,22.85,0.5));
#4120=CARTESIAN_POINT('',(-28.85,22.85,1.));
#4121=CARTESIAN_POINT('',(-27.85,22.85,0.));
#4122=CARTESIAN_POINT('Origin',(-22.85,22.85,1.));
#4123=CARTESIAN_POINT('Origin',(-28.35,7.80833333333334,0.5));
#4124=CARTESIAN_POINT('',(-28.85,-49.3166666666667,1.));
#4125=CARTESIAN_POINT('',(-27.85,-49.3166666666667,0.));
#4126=CARTESIAN_POINT('',(-28.85,7.80833333333334,1.));
#4127=CARTESIAN_POINT('Origin',(-22.85,-49.3166666666667,0.5));
#4128=CARTESIAN_POINT('',(-22.85,-55.3166666666667,1.));
#4129=CARTESIAN_POINT('',(-22.85,-54.3166666666667,0.));
#4130=CARTESIAN_POINT('Origin',(-22.85,-49.3166666666667,1.));
#4131=CARTESIAN_POINT('Origin',(-7.80833333333327,-54.8166666666666,0.5));
#4132=CARTESIAN_POINT('',(-16.85,-55.3166666666667,1.));
#4133=CARTESIAN_POINT('',(-16.85,-54.3166666666667,0.));
#4134=CARTESIAN_POINT('',(-7.80833333333327,-55.3166666666666,1.));
#4135=CARTESIAN_POINT('Origin',(-16.85,-49.3166666666666,0.5));
#4136=CARTESIAN_POINT('',(-10.85,-49.3166666666666,1.));
#4137=CARTESIAN_POINT('',(-11.85,-49.3166666666666,0.));
#4138=CARTESIAN_POINT('Origin',(-16.85,-49.3166666666666,1.));
#4139=CARTESIAN_POINT('Origin',(-11.35,-34.275,0.5));
#4140=CARTESIAN_POINT('',(-10.85,-34.85,1.));
#4141=CARTESIAN_POINT('',(-11.85,-34.85,0.));
#4142=CARTESIAN_POINT('',(-10.85,-34.275,1.));
#4143=CARTESIAN_POINT('Origin',(-4.84999999999999,-34.85,0.5));
#4144=CARTESIAN_POINT('',(-4.84999999999999,-28.85,1.));
#4145=CARTESIAN_POINT('',(-4.84999999999999,-27.85,0.));
#4146=CARTESIAN_POINT('Origin',(-4.84999999999999,-34.85,1.));
#4147=CARTESIAN_POINT('Origin',(1.19166666666669,-28.35,0.5));
#4148=CARTESIAN_POINT('',(49.3166666666667,-28.85,1.));
#4149=CARTESIAN_POINT('',(49.3166666666667,-27.85,0.));
#4150=CARTESIAN_POINT('',(1.19166666666669,-28.85,1.));
#4151=CARTESIAN_POINT('Origin',(49.3166666666667,-22.85,0.5));
#4152=CARTESIAN_POINT('',(55.3166666666667,-22.85,1.));
#4153=CARTESIAN_POINT('',(54.3166666666667,-22.85,0.));
#4154=CARTESIAN_POINT('Origin',(49.3166666666667,-22.85,1.));
#4155=CARTESIAN_POINT('Origin',(54.8166666666667,-21.0416666666668,0.5));
#4156=CARTESIAN_POINT('',(55.3166666666668,-16.85,1.));
#4157=CARTESIAN_POINT('',(54.3166666666668,-16.85,0.));
#4158=CARTESIAN_POINT('',(55.3166666666667,-21.0416666666668,1.));
#4159=CARTESIAN_POINT('Origin',(49.3166666666668,-16.85,0.5));
#4160=CARTESIAN_POINT('',(49.3166666666668,-10.85,1.));
#4161=CARTESIAN_POINT('',(49.3166666666668,-11.85,0.));
#4162=CARTESIAN_POINT('Origin',(49.3166666666668,-16.85,1.));
#4163=CARTESIAN_POINT('Origin',(34.2750000000001,-11.35,0.5));
#4164=CARTESIAN_POINT('',(34.85,-10.85,1.));
#4165=CARTESIAN_POINT('',(34.85,-11.85,0.));
#4166=CARTESIAN_POINT('',(34.2750000000001,-10.85,1.));
#4167=CARTESIAN_POINT('Origin',(34.85,-4.84999999999998,0.5));
#4168=CARTESIAN_POINT('',(28.85,-4.84999999999998,1.));
#4169=CARTESIAN_POINT('',(27.85,-4.84999999999998,0.));
#4170=CARTESIAN_POINT('Origin',(34.85,-4.84999999999998,1.));
#4171=CARTESIAN_POINT('Origin',(28.35,-12.0416666666667,0.5));
#4172=CARTESIAN_POINT('',(28.85,22.85,1.));
#4173=CARTESIAN_POINT('',(27.85,22.85,0.));
#4174=CARTESIAN_POINT('',(28.85,-12.0416666666667,1.));
#4175=CARTESIAN_POINT('Origin',(22.85,22.85,0.5));
#4176=CARTESIAN_POINT('Origin',(22.85,22.85,1.));
#4177=CARTESIAN_POINT('Origin',(49.3166666666667,-22.85,0.));
#4178=CARTESIAN_POINT('',(55.3166666666667,-22.85,6.8));
#4179=CARTESIAN_POINT('',(55.3166666666667,-22.85,0.));
#4180=CARTESIAN_POINT('',(49.3166666666667,-28.85,6.8));
#4181=CARTESIAN_POINT('Origin',(49.3166666666667,-22.85,6.8));
#4182=CARTESIAN_POINT('',(49.3166666666667,-28.85,0.));
#4183=CARTESIAN_POINT('Origin',(55.3166666666667,-28.85,0.));
#4184=CARTESIAN_POINT('',(55.3166666666668,-16.85,6.8));
#4185=CARTESIAN_POINT('',(55.3166666666668,-16.85,0.));
#4186=CARTESIAN_POINT('',(55.3166666666667,-21.0416666666668,6.8));
#4187=CARTESIAN_POINT('Origin',(49.3166666666668,-16.85,0.));
#4188=CARTESIAN_POINT('',(49.3166666666668,-10.85,6.8));
#4189=CARTESIAN_POINT('',(49.3166666666668,-10.85,0.));
#4190=CARTESIAN_POINT('Origin',(49.3166666666668,-16.85,6.8));
#4191=CARTESIAN_POINT('Origin',(55.3166666666668,-10.85,0.));
#4192=CARTESIAN_POINT('',(34.85,-10.85,6.8));
#4193=CARTESIAN_POINT('',(34.85,-10.85,0.));
#4194=CARTESIAN_POINT('',(34.2750000000001,-10.85,6.8));
#4195=CARTESIAN_POINT('Origin',(34.85,-4.84999999999998,0.));
#4196=CARTESIAN_POINT('',(28.85,-4.84999999999998,6.8));
#4197=CARTESIAN_POINT('',(28.85,-4.84999999999998,0.));
#4198=CARTESIAN_POINT('Origin',(34.85,-4.84999999999998,6.8));
#4199=CARTESIAN_POINT('Origin',(28.85,-10.85,0.));
#4200=CARTESIAN_POINT('',(28.85,22.85,6.8));
#4201=CARTESIAN_POINT('',(28.85,22.85,0.));
#4202=CARTESIAN_POINT('',(28.85,-12.0416666666667,6.8));
#4203=CARTESIAN_POINT('Origin',(22.85,22.85,0.));
#4204=CARTESIAN_POINT('',(22.85,28.85,6.8));
#4205=CARTESIAN_POINT('',(22.85,28.85,0.));
#4206=CARTESIAN_POINT('Origin',(22.85,22.85,6.8));
#4207=CARTESIAN_POINT('Origin',(28.85,28.85,0.));
#4208=CARTESIAN_POINT('',(-22.85,28.85,6.8));
#4209=CARTESIAN_POINT('',(-22.85,28.85,0.));
#4210=CARTESIAN_POINT('',(21.0416666666667,28.85,6.8));
#4211=CARTESIAN_POINT('Origin',(21.0416666666667,28.35,7.3));
#4212=CARTESIAN_POINT('',(-22.85,28.85,6.8));
#4213=CARTESIAN_POINT('',(22.85,27.85,7.8));
#4214=CARTESIAN_POINT('Origin',(-22.85,22.85,7.3));
#4215=CARTESIAN_POINT('',(-28.85,22.85,6.8));
#4216=CARTESIAN_POINT('Origin',(-22.85,22.85,6.8));
#4217=CARTESIAN_POINT('',(-28.85,22.85,6.8));
#4218=CARTESIAN_POINT('Origin',(-28.35,7.80833333333334,7.3));
#4219=CARTESIAN_POINT('',(-28.85,-49.3166666666667,6.8));
#4220=CARTESIAN_POINT('',(-28.85,-49.3166666666667,6.8));
#4221=CARTESIAN_POINT('',(-28.85,7.80833333333334,6.8));
#4222=CARTESIAN_POINT('Origin',(-22.85,-49.3166666666667,7.3));
#4223=CARTESIAN_POINT('',(-22.85,-55.3166666666667,6.8));
#4224=CARTESIAN_POINT('Origin',(-22.85,-49.3166666666667,6.8));
#4225=CARTESIAN_POINT('',(-22.85,-55.3166666666667,6.8));
#4226=CARTESIAN_POINT('Origin',(-7.80833333333327,-54.8166666666666,7.3));
#4227=CARTESIAN_POINT('',(-16.85,-55.3166666666667,6.8));
#4228=CARTESIAN_POINT('',(-16.85,-55.3166666666667,6.8));
#4229=CARTESIAN_POINT('',(-7.80833333333327,-55.3166666666666,6.8));
#4230=CARTESIAN_POINT('Origin',(-16.85,-49.3166666666666,7.3));
#4231=CARTESIAN_POINT('',(-10.85,-49.3166666666666,6.8));
#4232=CARTESIAN_POINT('Origin',(-16.85,-49.3166666666666,6.8));
#4233=CARTESIAN_POINT('',(-10.85,-49.3166666666666,6.8));
#4234=CARTESIAN_POINT('Origin',(-11.35,-34.275,7.3));
#4235=CARTESIAN_POINT('',(-10.85,-34.85,6.8));
#4236=CARTESIAN_POINT('',(-10.85,-34.85,6.8));
#4237=CARTESIAN_POINT('',(-10.85,-34.275,6.8));
#4238=CARTESIAN_POINT('Origin',(-4.84999999999999,-34.85,7.3));
#4239=CARTESIAN_POINT('',(-4.84999999999999,-28.85,6.8));
#4240=CARTESIAN_POINT('Origin',(-4.84999999999999,-34.85,6.8));
#4241=CARTESIAN_POINT('',(-4.84999999999999,-28.85,6.8));
#4242=CARTESIAN_POINT('Origin',(1.19166666666669,-28.35,7.3));
#4243=CARTESIAN_POINT('',(49.3166666666667,-28.85,6.8));
#4244=CARTESIAN_POINT('',(1.19166666666669,-28.85,6.8));
#4245=CARTESIAN_POINT('Origin',(49.3166666666667,-22.85,7.3));
#4246=CARTESIAN_POINT('',(55.3166666666667,-22.85,6.8));
#4247=CARTESIAN_POINT('Origin',(54.8166666666667,-21.0416666666668,7.3));
#4248=CARTESIAN_POINT('',(55.3166666666668,-16.85,6.8));
#4249=CARTESIAN_POINT('Origin',(49.3166666666668,-16.85,7.3));
#4250=CARTESIAN_POINT('',(49.3166666666668,-10.85,6.8));
#4251=CARTESIAN_POINT('Origin',(34.2750000000001,-11.35,7.3));
#4252=CARTESIAN_POINT('',(34.85,-10.85,6.8));
#4253=CARTESIAN_POINT('Origin',(34.85,-4.84999999999998,7.3));
#4254=CARTESIAN_POINT('',(28.85,-4.84999999999998,6.8));
#4255=CARTESIAN_POINT('Origin',(28.35,-12.0416666666667,7.3));
#4256=CARTESIAN_POINT('',(28.85,22.85,6.8));
#4257=CARTESIAN_POINT('Origin',(22.85,22.85,7.3));
#4258=CARTESIAN_POINT('Origin',(-4.84999999999999,-34.85,0.));
#4259=CARTESIAN_POINT('',(-4.84999999999999,-28.85,0.));
#4260=CARTESIAN_POINT('',(-10.85,-34.85,0.));
#4261=CARTESIAN_POINT('Origin',(-10.85,-55.3166666666666,0.));
#4262=CARTESIAN_POINT('',(-10.85,-49.3166666666666,0.));
#4263=CARTESIAN_POINT('Origin',(-16.85,-49.3166666666666,0.));
#4264=CARTESIAN_POINT('',(-16.85,-55.3166666666667,0.));
#4265=CARTESIAN_POINT('Origin',(-28.85,-55.3166666666667,0.));
#4266=CARTESIAN_POINT('',(-22.85,-55.3166666666667,0.));
#4267=CARTESIAN_POINT('Origin',(-22.85,-49.3166666666667,0.));
#4268=CARTESIAN_POINT('',(-28.85,-49.3166666666667,0.));
#4269=CARTESIAN_POINT('Origin',(-28.85,28.85,0.));
#4270=CARTESIAN_POINT('',(-28.85,22.85,0.));
#4271=CARTESIAN_POINT('Origin',(-22.85,22.85,0.));
#4272=CARTESIAN_POINT('Origin',(-10.85,-28.85,0.));
#4273=CARTESIAN_POINT('Origin',(-19.85,-46.3166666666667,0.));
#4274=CARTESIAN_POINT('',(-22.45,-46.3166666666667,0.));
#4275=CARTESIAN_POINT('Origin',(19.85,19.85,0.));
#4276=CARTESIAN_POINT('',(16.175,19.85,0.));
#4277=CARTESIAN_POINT('Origin',(46.3166666666667,-19.85,0.));
#4278=CARTESIAN_POINT('',(43.7166666666667,-19.85,0.));
#4279=CARTESIAN_POINT('Origin',(-19.85,-19.85,0.));
#4280=CARTESIAN_POINT('',(-22.45,-19.85,0.));
#4281=CARTESIAN_POINT('Origin',(19.85,-19.85,0.));
#4282=CARTESIAN_POINT('',(16.175,-19.85,0.));
#4283=CARTESIAN_POINT('Origin',(-19.85,19.85,0.));
#4284=CARTESIAN_POINT('',(-22.45,19.85,0.));
#4285=UNCERTAINTY_MEASURE_WITH_UNIT(LENGTH_MEASURE(0.01),#4289,
'DISTANCE_ACCURACY_VALUE',
'Maximum model space distance between geometric entities at asserted c
onnectivities');
#4286=UNCERTAINTY_MEASURE_WITH_UNIT(LENGTH_MEASURE(0.01),#4289,
'DISTANCE_ACCURACY_VALUE',
'Maximum model space distance between geometric entities at asserted c
onnectivities');
#4287=(
GEOMETRIC_REPRESENTATION_CONTEXT(3)
GLOBAL_UNCERTAINTY_ASSIGNED_CONTEXT((#4285))
GLOBAL_UNIT_ASSIGNED_CONTEXT((#4289,#4291,#4292))
REPRESENTATION_CONTEXT('','3D')
);
#4288=(
GEOMETRIC_REPRESENTATION_CONTEXT(3)
GLOBAL_UNCERTAINTY_ASSIGNED_CONTEXT((#4286))
GLOBAL_UNIT_ASSIGNED_CONTEXT((#4289,#4291,#4292))
REPRESENTATION_CONTEXT('','3D')
);
#4289=(
LENGTH_UNIT()
NAMED_UNIT(*)
SI_UNIT(.MILLI.,.METRE.)
);
#4290=(
LENGTH_UNIT()
NAMED_UNIT(*)
SI_UNIT($,.METRE.)
);
#4291=(
NAMED_UNIT(*)
PLANE_ANGLE_UNIT()
SI_UNIT($,.RADIAN.)
);
#4292=(
NAMED_UNIT(*)
SI_UNIT($,.STERADIAN.)
SOLID_ANGLE_UNIT()
);
#4293=SHAPE_DEFINITION_REPRESENTATION(#4294,#4295);
#4294=PRODUCT_DEFINITION_SHAPE('',$,#4297);
#4295=SHAPE_REPRESENTATION('',(#2512),#4287);
#4296=PRODUCT_DEFINITION_CONTEXT('part definition',#4301,'design');
#4297=PRODUCT_DEFINITION('2026-08-29-11-09-33-550','(Unsaved)',#4298,#4296);
#4298=PRODUCT_DEFINITION_FORMATION('',$,#4303);
#4299=PRODUCT_RELATED_PRODUCT_CATEGORY('(Unsaved)','(Unsaved)',(#4303));
#4300=APPLICATION_PROTOCOL_DEFINITION('international standard',
'automotive_design',2009,#4301);
#4301=APPLICATION_CONTEXT(
'Core Data for Automotive Mechanical Design Process');
#4302=PRODUCT_CONTEXT('part definition',#4301,'mechanical');
#4303=PRODUCT('2026-08-29-11-09-33-550','(Unsaved)',$,(#4302));
#4304=PRESENTATION_STYLE_ASSIGNMENT((#4305));
#4305=SURFACE_STYLE_USAGE(.BOTH.,#4306);
#4306=SURFACE_SIDE_STYLE('',(#4307));
#4307=SURFACE_STYLE_FILL_AREA(#4308);
#4308=FILL_AREA_STYLE('Steel - Satin',(#4309));
#4309=FILL_AREA_STYLE_COLOUR('Steel - Satin',#4310);
#4310=COLOUR_RGB('Steel - Satin',0.627450980392157,0.627450980392157,0.627450980392157);
ENDSEC;
END-ISO-10303-21;
